# This file is brought to you by Roblox Corporation
# Generated by Roblox Studio

mtllib Bacon 22.mtl

g 1

v 41.093 0.455507 -11.4165 
v 41.7476 0.455507 -11.4165 
v 41.7476 0.000967979 -11.4165 
v 41.093 0.000969052 -11.4165 
v 41.7476 1.4703 -10.5629 
v 41.7476 1.42143 -10.5629 
v 41.7808 1.42143 -10.5901 
v 41.7808 1.4703 -10.5901 
v 41.7476 1.4703 -10.5629 
v 41.7808 1.4703 -10.5901 
v 41.7808 1.8037 -10.5901 
v 41.7476 1.8037 -10.5629 
v 41.7476 1.80379 -11.4165 
v 41.7476 1.47029 -11.4165 
v 41.0349 1.47029 -11.4165 
v 41.0349 1.80374 -11.4165 
v 41.7808 1.8037 -10.5901 
v 41.7808 1.4703 -10.5901 
v 41.7808 1.47029 -11.3885 
v 41.7808 1.80379 -11.3885 
v 41.7476 1.42143 -10.5629 
v 41.7476 1.4703 -10.5629 
v 41.0349 1.4703 -10.5629 
v 41.093 1.42143 -10.5629 
v 41.7476 1.42143 -11.4165 
v 41.093 1.42143 -11.4165 
v 41.7808 1.42143 -11.3885 
v 41.7808 1.47029 -11.3885 
v 41.7808 1.4703 -10.5901 
v 41.7808 1.42143 -10.5901 
v 41 1.8037 -10.59 
v 41 2.02951 -10.59 
v 41 2.0295 -11.3885 
v 41 1.80374 -11.3885 
v 41.0594 1.42143 -11.3885 
v 41.0594 1.42143 -10.5901 
v 41 1.4703 -10.59 
v 41 1.47029 -11.3885 
v 41.0594 0.478302 -10.5901 
v 41.0594 0.478302 -11.3885 
v 41.0594 0.03449 -11.3885 
v 41.0594 0.03449 -10.5901 
v 41.7808 1.47029 -11.3885 
v 41.7808 1.42143 -11.3885 
v 41.7476 1.42143 -11.4165 
v 41.7476 1.47029 -11.4165 
v 41.7808 0.47837 -11.3885 
v 41.7808 0.478301 -10.5901 
v 41.7808 0.03449 -10.5901 
v 41.7808 0.034591 -11.3885 
v 41.093 0.478302 -10.5629 
v 41.0594 0.478302 -10.5901 
v 41.0594 0.03449 -10.5901 
v 41.093 0.03449 -10.5629 
v 41 1.4703 -10.59 
v 41.0594 1.42143 -10.5901 
v 41.093 1.42143 -10.5629 
v 41.0349 1.4703 -10.5629 
v 41 1.4703 -10.59 
v 41.0349 1.4703 -10.5629 
v 41.0349 1.8037 -10.5629 
v 41 1.8037 -10.59 
v 41.0594 1.42143 -11.3885 
v 41 1.47029 -11.3885 
v 41.0349 1.47029 -11.4165 
v 41.093 1.42143 -11.4165 
v 41.0349 1.47029 -11.4165 
v 41 1.47029 -11.3885 
v 41 1.80374 -11.3885 
v 41.0349 1.80374 -11.4165 
v 41.0594 0.478302 -11.3885 
v 41.093 0.455507 -11.4165 
v 41.093 0.000969052 -11.4165 
v 41.0594 0.03449 -11.3885 
v 41.7808 0.47837 -11.3885 
v 41.7808 0.034591 -11.3885 
v 41.7476 0.000967979 -11.4165 
v 41.7476 0.455507 -11.4165 
v 41.7808 0.478301 -10.5901 
v 41.7476 0.478301 -10.5629 
v 41.7476 0.03449 -10.5629 
v 41.7808 0.03449 -10.5901 
v 41.7808 1.47029 -11.3885 
v 41.7476 1.47029 -11.4165 
v 41.7476 1.80379 -11.4165 
v 41.7808 1.80379 -11.3885 
v 41.093 0.000969052 -11.4165 
v 41.7476 0.000967979 -11.4165 
v 41.7476 0.000969052 -10.5901 
v 41.093 0.000969052 -10.5902 
v 41.7476 2.0295 -10.5629 
v 41.7476 1.8037 -10.5629 
v 41.7808 1.8037 -10.5901 
v 41.7808 2.02951 -10.5901 
v 41.7476 2.02951 -11.4165 
v 41.0349 2.02951 -11.4165 
v 41.7808 2.02951 -10.5901 
v 41.7808 2.0295 -11.3885 
v 41 1.4703 -10.59 
v 41 1.8037 -10.59 
v 41 1.80374 -11.3885 
v 41 1.47029 -11.3885 
v 41 2.02951 -10.59 
v 41 1.8037 -10.59 
v 41.0349 1.8037 -10.5629 
v 41.0349 2.0295 -10.5629 
v 41.0349 2.02951 -11.4165 
v 41.0349 1.80374 -11.4165 
v 41 1.80374 -11.3885 
v 41 2.0295 -11.3885 
v 41.7808 2.0295 -11.3885 
v 41.7808 1.80379 -11.3885 
v 41.7476 1.80379 -11.4165 
v 41.7476 2.02951 -11.4165 
v 41.7476 1.8037 -10.5629 
v 41.0349 1.8037 -10.5629 
v 41.0349 1.4703 -10.5629 
v 41.7476 1.4703 -10.5629 
v 41.7476 0.478301 -10.5629 
v 41.093 0.478302 -10.5629 
v 41.093 0.03449 -10.5629 
v 41.7476 0.03449 -10.5629 
v 41.0349 2.0295 -10.5629 
v 41.7476 2.0295 -10.5629 
v 41.7808 0.034591 -11.3885 
v 41.7808 0.03449 -10.5901 
v 41.7476 0.000969052 -10.5901 
v 41.7476 0.000967979 -11.4165 
v 41.0594 0.03449 -10.5901 
v 41.0594 0.03449 -11.3885 
v 41.093 0.000969052 -11.4165 
v 41.093 0.000969052 -10.5902 
v 41.7808 0.03449 -10.5901 
v 41.7476 0.03449 -10.5629 
v 41.7476 0.000969052 -10.5901 
v 41.093 0.03449 -10.5629 
v 41.0594 0.03449 -10.5901 
v 41.093 0.000969052 -10.5902 
v 41.7476 0.03449 -10.5629 
v 41.093 0.03449 -10.5629 
v 41.093 0.000969052 -10.5902 
v 41.7476 0.000969052 -10.5901 
v 41.7476 2.02951 -11.4165 
v 41.7272 2.06193 -11.3897 
v 41.7569 2.06191 -11.3641 
v 41.7808 2.0295 -11.3885 
v 41.0349 2.02951 -11.4165 
v 41.0349 2.06193 -11.3897 
v 41.7272 2.06193 -11.3897 
v 41.7476 2.02951 -11.4165 
v 41.7808 2.0295 -11.3885 
v 41.7569 2.06191 -11.3641 
v 41.7569 2.06191 -10.9912 
v 41.7808 2.02951 -10.5901 
v 41 2.02951 -10.59 
v 41 2.06191 -10.9912 
v 41 2.06191 -11.3641 
v 41 2.0295 -11.3885 
v 41 2.0295 -11.3885 
v 41 2.06191 -11.3641 
v 41.0349 2.06193 -11.3897 
v 41.0349 2.02951 -11.4165 
v 41.0349 2.0295 -10.5629 
v 41.0349 2.06193 -10.589 
v 41 2.06191 -10.6145 
v 41 2.02951 -10.59 
v 41.7808 2.02951 -10.5901 
v 41.7569 2.06191 -10.6146 
v 41.7272 2.06193 -10.589 
v 41.7476 2.0295 -10.5629 
v 41.7476 2.0295 -10.5629 
v 41.7272 2.06193 -10.589 
v 41.0349 2.06193 -10.589 
v 41.0349 2.0295 -10.5629 
v 41.7273 2.40613 -10.839 
v 41.0348 2.40613 -10.839 
v 41.0348 2.32538 -10.706 
v 41.7273 2.32538 -10.706 
v 41.0348 2.20451 -10.6198 
v 41.7273 2.20451 -10.6198 
v 41.0349 2.06193 -10.589 
v 41.7272 2.06193 -10.589 
v 41.7272 2.06193 -11.3897 
v 41.0349 2.06193 -11.3897 
v 41.0348 2.20451 -11.3545 
v 41.7273 2.20451 -11.3545 
v 41.0348 2.32538 -11.2683 
v 41.7273 2.32538 -11.2683 
v 41.0348 2.40613 -11.1434 
v 41.7273 2.40613 -11.1434 
v 41.0348 2.43449 -10.9912 
v 41.7273 2.43449 -10.9912 
v 41.7569 2.31036 -10.7223 
v 41.7569 2.06191 -10.9912 
v 41.7569 2.38666 -10.8475 
v 41.7569 2.19631 -10.6411 
v 41.7569 2.06191 -10.6146 
v 41.7569 2.19633 -11.3338 
v 41.7569 2.06191 -11.3641 
v 41.7569 2.31034 -11.2526 
v 41.7569 2.38661 -11.1347 
v 41.7569 2.41345 -10.9912 
v 41 2.38666 -10.8475 
v 41 2.06191 -10.9912 
v 41 2.31036 -10.7223 
v 41 2.19631 -10.6411 
v 41 2.19631 -10.6411 
v 41 2.06191 -10.9912 
v 41 2.06191 -10.6145 
v 41 2.06191 -11.3641 
v 41 2.19633 -11.3338 
v 41 2.31034 -11.2526 
v 41 2.38661 -11.1347 
v 41 2.41345 -10.9912 
v 41.7273 2.32538 -10.706 
v 41.7569 2.31036 -10.7223 
v 41.7569 2.38666 -10.8475 
v 41.7273 2.40613 -10.839 
v 41.7273 2.20451 -10.6198 
v 41.7569 2.19631 -10.6411 
v 41.7272 2.06193 -10.589 
v 41.7569 2.06191 -10.6146 
v 41.7273 2.20451 -11.3545 
v 41.7569 2.19633 -11.3338 
v 41.7569 2.06191 -11.3641 
v 41.7272 2.06193 -11.3897 
v 41.7273 2.32538 -11.2683 
v 41.7569 2.31034 -11.2526 
v 41.7273 2.40613 -11.1434 
v 41.7569 2.38661 -11.1347 
v 41.7273 2.43449 -10.9912 
v 41.7569 2.41345 -10.9912 
v 41.0348 2.40613 -10.839 
v 41 2.38666 -10.8475 
v 41 2.31036 -10.7223 
v 41.0348 2.32538 -10.706 
v 41 2.19631 -10.6411 
v 41.0348 2.20451 -10.6198 
v 41 2.19633 -11.3338 
v 41.0348 2.20451 -11.3545 
v 41 2.31034 -11.2526 
v 41.0348 2.32538 -11.2683 
v 41 2.38661 -11.1347 
v 41.0348 2.40613 -11.1434 
v 41 2.41345 -10.9912 
v 41.0348 2.43449 -10.9912 
v 41.7569 2.06191 -10.9912 
v 41.7569 2.06191 -10.6146 
v 41.7808 2.02951 -10.5901 
v 41 2.02951 -10.59 
v 41 2.06191 -10.6145 
v 41 2.06191 -10.9912 
v 41.093 0.955069 -11.4165 
v 41.7476 0.955068 -11.4165 
v 41.7476 0.455507 -11.4165 
v 41.093 0.455507 -11.4165 
v 41.0594 0.966074 -11.3885 
v 41.093 0.955069 -11.4165 
v 41.093 0.455507 -11.4165 
v 41.0594 0.478302 -11.3885 
v 41.0594 0.966074 -10.5901 
v 41.0594 0.966074 -11.3885 
v 41.093 0.966074 -10.5629 
v 41.0594 0.966074 -10.5901 
v 41.0594 0.478302 -10.5901 
v 41.093 0.478302 -10.5629 
v 41.7476 0.966074 -10.5629 
v 41.093 0.966074 -10.5629 
v 41.7808 0.966074 -10.5901 
v 41.7476 0.966074 -10.5629 
v 41.7476 0.478301 -10.5629 
v 41.7808 0.478301 -10.5901 
v 41.7808 0.966107 -11.3885 
v 41.7808 0.966074 -10.5901 
v 41.7808 0.966107 -11.3885 
v 41.7808 0.47837 -11.3885 
v 41.7476 0.455507 -11.4165 
v 41.7476 0.955068 -11.4165 
v 41.093 1.42143 -11.4165 
v 41.7476 1.42143 -11.4165 
v 41.0594 1.42143 -11.3885 
v 41.093 1.42143 -11.4165 
v 41.0594 1.42143 -10.5901 
v 41.0594 1.42143 -11.3885 
v 41.093 1.42143 -10.5629 
v 41.0594 1.42143 -10.5901 
v 41.7476 1.42143 -10.5629 
v 41.093 1.42143 -10.5629 
v 41.7808 1.42143 -10.5901 
v 41.7476 1.42143 -10.5629 
v 41.7808 1.42143 -11.3885 
v 41.7808 1.42143 -10.5901 
v 41.7476 1.42143 -11.4165 
v 41.7808 1.42143 -11.3885 
v 41.7808 0.03449 -11.5104 
v 41.7476 0.03449 -11.5993 
v 41.7476 0.114991 -11.5833 
v 41.7808 0.079551 -11.4995 
v 41.7476 0.183236 -11.5377 
v 41.7808 0.113566 -11.4759 
v 41.7476 0.228837 -11.4695 
v 41.7808 0.141458 -11.4347 
v 41.7476 0.244849 -11.3885 
v 41.7808 0.147096 -11.3885 
v 41.6961 0.03449 -11.6838 
v 41.6385 0.03449 -11.7375 
v 41.6385 0.166958 -11.7103 
v 41.6961 0.14732 -11.6614 
v 41.6385 0.279854 -11.6355 
v 41.6961 0.242973 -11.5974 
v 41.6385 0.355804 -11.5226 
v 41.6961 0.306886 -11.5018 
v 41.6385 0.381376 -11.3885 
v 41.6961 0.32933 -11.3885 
v 41.5695 0.03449 -11.7742 
v 41.4941 0.03449 -11.7964 
v 41.4941 0.190889 -11.7657 
v 41.5695 0.18191 -11.7449 
v 41.4941 0.322154 -11.6783 
v 41.5695 0.306886 -11.6614 
v 41.4941 0.412848 -11.5455 
v 41.5695 0.390393 -11.5364 
v 41.4941 0.441701 -11.3885 
v 41.5695 0.419716 -11.3885 
v 41.7808 0.079551 -11.4995 
v 41.7808 0.03449 -11.3885 
v 41.7808 0.03449 -11.5104 
v 41.7808 0.113566 -11.4759 
v 41.7808 0.141458 -11.4347 
v 41.7808 0.147096 -11.3885 
v 41.7476 0.228837 -11.4695 
v 41.7476 0.244849 -11.3885 
v 41.7476 0.183236 -11.5377 
v 41.7476 0.114991 -11.5833 
v 41.7476 0.03449 -11.5993 
v 41.7808 0.03449 -11.5104 
v 41.7465 0.000967979 -11.4984 
v 41.7165 0.000967979 -11.5835 
v 41.7476 0.03449 -11.5993 
v 41.6961 0.03449 -11.6838 
v 41.6699 0.000967979 -11.6629 
v 41.6178 0.000967979 -11.7139 
v 41.6385 0.03449 -11.7375 
v 41.5695 0.03449 -11.7742 
v 41.5553 0.000967979 -11.7479 
v 41.4871 0.000967979 -11.769 
v 41.4941 0.03449 -11.7964 
v 41.7808 0.03449 -11.3885 
v 41.7465 0.000967979 -11.4165 
v 41.7476 0.03449 -11.5993 
v 41.7165 0.000967979 -11.5835 
v 41.4201 0.419716 -11.5485 
v 41.4201 0.451456 -11.3885 
v 41.4201 0.32933 -11.6838 
v 41.4201 0.194056 -11.7742 
v 41.4201 0.03449 -11.8059 
v 41.4201 0.000967979 -11.7777 
v 41.4201 0.03449 -11.8059 
v 41.0595 0.03449 -11.5104 
v 41.0595 0.079551 -11.4995 
v 41.0927 0.114991 -11.5833 
v 41.0927 0.03449 -11.5993 
v 41.0595 0.113566 -11.4759 
v 41.0927 0.183236 -11.5377 
v 41.0595 0.141458 -11.4347 
v 41.0927 0.228837 -11.4695 
v 41.0595 0.147096 -11.3885 
v 41.0927 0.244849 -11.3885 
v 41.1441 0.03449 -11.6838 
v 41.1441 0.14732 -11.6614 
v 41.2017 0.166958 -11.7103 
v 41.2017 0.03449 -11.7375 
v 41.1441 0.242973 -11.5974 
v 41.2017 0.279854 -11.6355 
v 41.1441 0.306886 -11.5018 
v 41.2017 0.355804 -11.5226 
v 41.1441 0.32933 -11.3885 
v 41.2017 0.381376 -11.3885 
v 41.2707 0.03449 -11.7742 
v 41.2707 0.18191 -11.7449 
v 41.3461 0.190889 -11.7657 
v 41.3461 0.03449 -11.7964 
v 41.2707 0.306886 -11.6614 
v 41.3461 0.322154 -11.6783 
v 41.2707 0.390393 -11.5364 
v 41.3461 0.412848 -11.5455 
v 41.2707 0.419716 -11.3885 
v 41.3461 0.441701 -11.3885 
v 41.0595 0.079551 -11.4995 
v 41.0595 0.03449 -11.5104 
v 41.0595 0.03449 -11.3885 
v 41.0595 0.113566 -11.4759 
v 41.0595 0.141458 -11.4347 
v 41.0595 0.147096 -11.3885 
v 41.0927 0.228837 -11.4695 
v 41.0927 0.244849 -11.3885 
v 41.0927 0.183236 -11.5377 
v 41.0927 0.114991 -11.5833 
v 41.0927 0.03449 -11.5993 
v 41.0595 0.03449 -11.5104 
v 41.0927 0.03449 -11.5993 
v 41.1237 0.000967979 -11.5835 
v 41.0937 0.000967979 -11.4984 
v 41.1441 0.03449 -11.6838 
v 41.2017 0.03449 -11.7375 
v 41.2224 0.000967979 -11.7139 
v 41.1703 0.000967979 -11.6629 
v 41.2707 0.03449 -11.7742 
v 41.3461 0.03449 -11.7964 
v 41.3531 0.000967979 -11.769 
v 41.2849 0.000967979 -11.7479 
v 41.0595 0.03449 -11.3885 
v 41.0937 0.000967979 -11.4165 
v 41.0927 0.03449 -11.5993 
v 41.1237 0.000967979 -11.5835 
v 41.7465 0.000967979 -11.4984 
v 41.4201 0.000967979 -11.4165 
v 41.7165 0.000967979 -11.5835 
v 41.6699 0.000967979 -11.6629 
v 41.6178 0.000967979 -11.7139 
v 41.5553 0.000967979 -11.7479 
v 41.4871 0.000967979 -11.769 
v 41.7465 0.000967979 -11.4165 
v 41.4201 0.000967979 -11.7777 
v 41.1237 0.000967979 -11.5835 
v 41.0937 0.000967979 -11.4984 
v 41.2224 0.000967979 -11.7139 
v 41.1703 0.000967979 -11.6629 
v 41.3531 0.000967979 -11.769 
v 41.2849 0.000967979 -11.7479 
v 41.0937 0.000967979 -11.4165 

vn 0 0 -1 
vn 0 0 -1 
vn 0 0 -1 
vn 0 0 -1 
vn 0.637795 0 0.771654 
vn 0.637795 0 0.771654 
vn 0.637795 0 0.771654 
vn 0.637795 0 0.771654 
vn 0.637795 0 0.771654 
vn 0.637795 0 0.771654 
vn 0.637795 0 0.771654 
vn 0.637795 0 0.771654 
vn 0 0 -1 
vn 0 0 -1 
vn 0 0 -1 
vn 0 0 -1 
vn 1 0 0 
vn 1 0 0 
vn 1 0 0 
vn 1 0 0 
vn 0 0 1 
vn 0 0 1 
vn 0 0 1 
vn 0 0 1 
vn 0 0 -1 
vn 0 0 -1 
vn 1 0 0 
vn 1 0 0 
vn 1 0 0 
vn 1 0 0 
vn -1 0 0 
vn -1 0 0 
vn -1 0 0 
vn -1 0 0 
vn -0.637795 -0.771654 0 
vn -0.637795 -0.771654 0 
vn -0.637795 -0.771654 0 
vn -0.637795 -0.771654 0 
vn -1 0 0 
vn -1 0 0 
vn -1 0 0 
vn -1 0 0 
vn 0.645669 0 -0.76378 
vn 0.645669 0 -0.76378 
vn 0.645669 0 -0.76378 
vn 0.645669 0 -0.76378 
vn 1 0 0 
vn 1 0 0 
vn 1 0 0 
vn 1 0 0 
vn -0.629921 0 0.779528 
vn -0.629921 0 0.779528 
vn -0.629921 0 0.779528 
vn -0.629921 0 0.779528 
vn -0.496063 -0.598425 0.629921 
vn -0.496063 -0.598425 0.629921 
vn -0.496063 -0.598425 0.629921 
vn -0.496063 -0.598425 0.629921 
vn -0.614173 0 0.787402 
vn -0.614173 0 0.787402 
vn -0.614173 0 0.787402 
vn -0.614173 0 0.787402 
vn -0.503937 -0.606299 -0.614173 
vn -0.503937 -0.606299 -0.614173 
vn -0.503937 -0.606299 -0.614173 
vn -0.503937 -0.606299 -0.614173 
vn -0.629921 0 -0.779528 
vn -0.629921 0 -0.779528 
vn -0.629921 0 -0.779528 
vn -0.629921 0 -0.779528 
vn -0.637795 0 -0.771654 
vn -0.637795 0 -0.771654 
vn -0.637795 0 -0.771654 
vn -0.637795 0 -0.771654 
vn 0.645669 0 -0.76378 
vn 0.645669 0 -0.76378 
vn 0.645669 0 -0.76378 
vn 0.645669 0 -0.76378 
vn 0.629921 0 0.771654 
vn 0.629921 0 0.771654 
vn 0.629921 0 0.771654 
vn 0.629921 0 0.771654 
vn 0.645669 0 -0.76378 
vn 0.645669 0 -0.76378 
vn 0.645669 0 -0.76378 
vn 0.645669 0 -0.76378 
vn 0 -1 0 
vn 0 -1 0 
vn 0 -1 0 
vn 0 -1 0 
vn 0.637795 0 0.771654 
vn 0.637795 0 0.771654 
vn 0.637795 0 0.771654 
vn 0.637795 0 0.771654 
vn 0 0 -1 
vn 0 0 -1 
vn 1 0 0 
vn 1 0 0 
vn -1 0 0 
vn -1 0 0 
vn -1 0 0 
vn -1 0 0 
vn -0.582677 0.275591 0.76378 
vn -0.614173 0 0.787402 
vn -0.614173 0 0.787402 
vn -0.582677 0.275591 0.76378 
vn -0.598425 0.275591 -0.755906 
vn -0.629921 0 -0.779528 
vn -0.629921 0 -0.779528 
vn -0.598425 0.275591 -0.755906 
vn 0.645669 0 -0.76378 
vn 0.645669 0 -0.76378 
vn 0.645669 0 -0.76378 
vn 0.645669 0 -0.76378 
vn 0 0 1 
vn 0 0 1 
vn 0 0 1 
vn 0 0 1 
vn 0 0 1 
vn 0 0 1 
vn 0 0 1 
vn 0 0 1 
vn 0 0 1 
vn 0 0 1 
vn 0.708661 -0.700787 0 
vn 0.708661 -0.700787 0 
vn 0.708661 -0.700787 0 
vn 0.708661 -0.700787 0 
vn -0.708661 -0.708661 0 
vn -0.708661 -0.708661 0 
vn -0.708661 -0.708661 0 
vn -0.708661 -0.708661 0 
vn 0.535433 -0.527559 0.653543 
vn 0.535433 -0.527559 0.653543 
vn 0.535433 -0.527559 0.653543 
vn -0.527559 -0.535433 0.661417 
vn -0.527559 -0.535433 0.661417 
vn -0.527559 -0.535433 0.661417 
vn 0 -0.629921 0.779528 
vn 0 -0.629921 0.779528 
vn 0 -0.629921 0.779528 
vn 0 -0.629921 0.779528 
vn 0.448819 0.724409 -0.527559 
vn 0.448819 0.724409 -0.527559 
vn 0.448819 0.724409 -0.527559 
vn 0.448819 0.724409 -0.527559 
vn 0 0.637795 -0.771654 
vn 0 0.637795 -0.771654 
vn 0 0.637795 -0.771654 
vn 0 0.637795 -0.771654 
vn 0.80315 0.590551 0 
vn 0.80315 0.590551 0 
vn 0.80315 0.590551 0 
vn 0.80315 0.590551 0 
vn -1 0 0 
vn -1 0 0 
vn -1 0 0 
vn -1 0 0 
vn -0.598425 0.275591 -0.755906 
vn -0.551181 0.370079 -0.755906 
vn -0.551181 0.370079 -0.755906 
vn -0.598425 0.275591 -0.755906 
vn -0.582677 0.275591 0.76378 
vn -0.543307 0.354331 0.755906 
vn -0.543307 0.354331 0.755906 
vn -0.582677 0.275591 0.76378 
vn 0.448819 0.716535 0.535433 
vn 0.448819 0.716535 0.535433 
vn 0.448819 0.716535 0.535433 
vn 0.448819 0.716535 0.535433 
vn 0 0.629921 0.779528 
vn 0 0.629921 0.779528 
vn 0 0.629921 0.779528 
vn 0 0.629921 0.779528 
vn 0 0.937008 0.354331 
vn 0 0.937008 0.354331 
vn 0 0.732283 0.677165 
vn 0 0.732283 0.677165 
vn 0 0.401575 0.913386 
vn 0 0.401575 0.913386 
vn 0 0.212598 0.976378 
vn 0 0.212598 0.976378 
vn 0 0.23622 -0.968504 
vn 0 0.23622 -0.968504 
vn 0 0.417323 -0.905512 
vn 0 0.417323 -0.905512 
vn 0 0.724409 -0.692913 
vn 0 0.724409 -0.692913 
vn 0 0.929134 -0.370079 
vn 0 0.929134 -0.370079 
vn 0 1 0 
vn 0 1 0 
vn 1 0 0 
vn 1 0 0 
vn 1 0 0 
vn 1 0 0 
vn 1 0 0 
vn 1 0 0 
vn 1 0 0 
vn 1 0 0 
vn 1 0 0 
vn 1 0 0 
vn -1 0 0 
vn -1 0 0 
vn -1 0 0 
vn -1 0 0 
vn -1 0 0 
vn -1 0 0 
vn -1 0 0 
vn -1 0 0 
vn -1 0 0 
vn -1 0 0 
vn -1 0 0 
vn -1 0 0 
vn 0.598425 0.590551 0.543307 
vn 0.598425 0.590551 0.543307 
vn 0.582677 0.755906 0.291339 
vn 0.582677 0.755906 0.291339 
vn 0.622047 0.314961 0.716535 
vn 0.622047 0.314961 0.716535 
vn 0.622047 0.15748 0.76378 
vn 0.622047 0.15748 0.76378 
vn 0.614173 0.330709 -0.716535 
vn 0.614173 0.330709 -0.716535 
vn 0.622047 0.181102 -0.76378 
vn 0.622047 0.181102 -0.76378 
vn 0.590551 0.582677 -0.559055 
vn 0.590551 0.582677 -0.559055 
vn 0.582677 0.755906 -0.299213 
vn 0.582677 0.755906 -0.299213 
vn 0.582677 0.811024 0 
vn 0.582677 0.811024 0 
vn -0.519685 0.795276 0.307087 
vn -0.519685 0.795276 0.307087 
vn -0.535433 0.622047 0.574803 
vn -0.535433 0.622047 0.574803 
vn -0.559055 0.330709 0.76378 
vn -0.559055 0.330709 0.76378 
vn -0.551181 0.346457 -0.755906 
vn -0.551181 0.346457 -0.755906 
vn -0.527559 0.614173 -0.582677 
vn -0.527559 0.614173 -0.582677 
vn -0.519685 0.795276 -0.314961 
vn -0.519685 0.795276 -0.314961 
vn -0.519685 0.858268 0 
vn -0.519685 0.858268 0 
vn 0.80315 0.590551 0 
vn 0.80315 0.590551 0 
vn 0.80315 0.590551 0 
vn -1 0 0 
vn -1 0 0 
vn -1 0 0 
vn 0 0 -1 
vn 0 0 -1 
vn 0 0 -1 
vn 0 0 -1 
vn -0.637795 0 -0.771654 
vn -0.637795 0 -0.771654 
vn -0.637795 0 -0.771654 
vn -0.637795 0 -0.771654 
vn -1 0 0 
vn -1 0 0 
vn -0.629921 0 0.779528 
vn -0.629921 0 0.779528 
vn -0.629921 0 0.779528 
vn -0.629921 0 0.779528 
vn 0 0 1 
vn 0 0 1 
vn 0.637795 0 0.771654 
vn 0.637795 0 0.771654 
vn 0.629921 0 0.771654 
vn 0.629921 0 0.771654 
vn 1 0 0 
vn 1 0 0 
vn 0.645669 0 -0.76378 
vn 0.645669 0 -0.76378 
vn 0.645669 0 -0.76378 
vn 0.645669 0 -0.76378 
vn 0 0 -1 
vn 0 0 -1 
vn -0.637795 0 -0.771654 
vn -0.637795 0 -0.771654 
vn -1 0 0 
vn -1 0 0 
vn -0.629921 0 0.779528 
vn -0.629921 0 0.779528 
vn 0 0 1 
vn 0 0 1 
vn 0.637795 0 0.771654 
vn 0.637795 0 0.771654 
vn 1 0 0 
vn 1 0 0 
vn 0.645669 0 -0.76378 
vn 0.645669 0 -0.76378 
vn 0.937008 0.0708661 -0.346457 
vn 0.937008 0.0708661 -0.346457 
vn 0.937008 0.133858 -0.314961 
vn 0.937008 0.133858 -0.314961 
vn 0.944882 0.23622 -0.23622 
vn 0.944882 0.23622 -0.23622 
vn 0.944882 0.307087 -0.125984 
vn 0.944882 0.307087 -0.125984 
vn 0.944882 0.330709 -0.0551181 
vn 0.944882 0.330709 -0.0551181 
vn 0.771654 0.125984 -0.629921 
vn 0.574803 0.165354 -0.80315 
vn 0.582677 0.314961 -0.748031 
vn 0.771654 0.244094 -0.582677 
vn 0.582677 0.574803 -0.574803 
vn 0.771654 0.448819 -0.448819 
vn 0.582677 0.748031 -0.307087 
vn 0.771654 0.582677 -0.244094 
vn 0.574803 0.80315 -0.15748 
vn 0.76378 0.629921 -0.125984 
vn 0.377953 0.181102 -0.905512 
vn 0.204724 0.188976 -0.96063 
vn 0.204724 0.370079 -0.905512 
vn 0.385827 0.354331 -0.850394 
vn 0.204724 0.692913 -0.692913 
vn 0.385827 0.653543 -0.653543 
vn 0.204724 0.905512 -0.370079 
vn 0.385827 0.850394 -0.354331 
vn 0.204724 0.96063 -0.181102 
vn 0.385827 0.905512 -0.173228 
vn 1 0 0 
vn 1 0 0 
vn 1 0 0 
vn 1 0 0 
vn 1 0 0 
vn 1 0 0 
vn 0.850394 0.480315 -0.19685 
vn 0.850394 0.519685 -0.102362 
vn 0.850394 0.370079 -0.370079 
vn 0.850394 0.19685 -0.480315 
vn 0.850394 0.102362 -0.519685 
vn 0.677165 -0.724409 -0.11811 
vn 0.677165 -0.724409 -0.11811 
vn 0.645669 -0.724409 -0.23622 
vn 0.645669 -0.724409 -0.23622 
vn 0.551181 -0.708661 -0.440945 
vn 0.551181 -0.708661 -0.440945 
vn 0.425197 -0.685039 -0.590551 
vn 0.425197 -0.685039 -0.590551 
vn 0.283465 -0.661417 -0.692913 
vn 0.283465 -0.661417 -0.692913 
vn 0.15748 -0.645669 -0.748031 
vn 0.15748 -0.645669 -0.748031 
vn 0.700787 -0.716535 0 
vn 0.700787 -0.716535 0 
vn 0.606299 -0.708661 -0.362205 
vn 0.606299 -0.708661 -0.362205 
vn 0 0.92126 -0.377953 
vn 0 0.984252 -0.188976 
vn 0 0.708661 -0.708661 
vn 0 0.377953 -0.92126 
vn 0 0.19685 -0.984252 
vn 0 -0.645669 -0.76378 
vn 0 -0.645669 -0.76378 
vn -0.937008 0.0708661 -0.346457 
vn -0.937008 0.133858 -0.314961 
vn -0.937008 0.133858 -0.314961 
vn -0.937008 0.0708661 -0.346457 
vn -0.944882 0.23622 -0.23622 
vn -0.944882 0.23622 -0.23622 
vn -0.944882 0.307087 -0.125984 
vn -0.944882 0.307087 -0.125984 
vn -0.944882 0.330709 -0.0551181 
vn -0.944882 0.330709 -0.0551181 
vn -0.771654 0.125984 -0.629921 
vn -0.771654 0.244094 -0.582677 
vn -0.582677 0.314961 -0.748031 
vn -0.574803 0.165354 -0.80315 
vn -0.771654 0.448819 -0.448819 
vn -0.582677 0.574803 -0.574803 
vn -0.771654 0.582677 -0.244094 
vn -0.582677 0.748031 -0.307087 
vn -0.76378 0.629921 -0.125984 
vn -0.574803 0.80315 -0.15748 
vn -0.377953 0.181102 -0.905512 
vn -0.385827 0.354331 -0.850394 
vn -0.204724 0.370079 -0.905512 
vn -0.204724 0.188976 -0.96063 
vn -0.385827 0.653543 -0.653543 
vn -0.204724 0.692913 -0.692913 
vn -0.385827 0.850394 -0.354331 
vn -0.204724 0.905512 -0.370079 
vn -0.385827 0.905512 -0.173228 
vn -0.204724 0.96063 -0.181102 
vn -1 0 0 
vn -1 0 0 
vn -1 0 0 
vn -1 0 0 
vn -1 0 0 
vn -1 0 0 
vn -0.850394 0.480315 -0.19685 
vn -0.850394 0.519685 -0.102362 
vn -0.850394 0.370079 -0.370079 
vn -0.850394 0.19685 -0.480315 
vn -0.850394 0.102362 -0.519685 
vn -0.677165 -0.724409 -0.11811 
vn -0.645669 -0.724409 -0.23622 
vn -0.645669 -0.724409 -0.23622 
vn -0.677165 -0.724409 -0.11811 
vn -0.551181 -0.708661 -0.440945 
vn -0.425197 -0.685039 -0.590551 
vn -0.425197 -0.685039 -0.590551 
vn -0.551181 -0.708661 -0.440945 
vn -0.283465 -0.661417 -0.692913 
vn -0.15748 -0.645669 -0.748031 
vn -0.15748 -0.645669 -0.748031 
vn -0.283465 -0.661417 -0.692913 
vn -0.700787 -0.716535 0 
vn -0.700787 -0.716535 0 
vn -0.606299 -0.708661 -0.362205 
vn -0.606299 -0.708661 -0.362205 
vn 0 -1 0 
vn 0 -1 0 
vn 0 -1 0 
vn 0 -1 0 
vn 0 -1 0 
vn 0 -1 0 
vn 0 -1 0 
vn 0 -1 0 
vn 0 -1 0 
vn 0 -1 0 
vn 0 -1 0 
vn 0 -1 0 
vn 0 -1 0 
vn 0 -1 0 
vn 0 -1 0 
vn 0 -1 0 

vt 0.483389 0.506672 
vt 0.483389 0.618024 
vt 0.463151 0.618024 
vt 0.463151 0.506672 
vt 0.530669 0.757119 
vt 0.527805 0.757119 
vt 0.527805 0.750129 
vt 0.530669 0.750129 
vt 0.530669 0.757119 
vt 0.530669 0.750129 
vt 0.546299 0.750129 
vt 0.546299 0.757119 
vt 0.546299 0.618024 
vt 0.530669 0.618024 
vt 0.530669 0.506672 
vt 0.546299 0.506672 
vt 0.546299 0.750129 
vt 0.530669 0.750129 
vt 0.530669 0.626022 
vt 0.546299 0.626022 
vt 0.527805 0.757119 
vt 0.530669 0.757119 
vt 0.530669 0.868694 
vt 0.527805 0.868694 
vt 0.527805 0.618024 
vt 0.52817 0.506672 
vt 0.527805 0.626022 
vt 0.530669 0.626022 
vt 0.530669 0.750129 
vt 0.527805 0.750129 
vt 0.546299 0.375979 
vt 0.557196 0.375983 
vt 0.557196 0.500083 
vt 0.546299 0.500083 
vt 0.527805 0.500083 
vt 0.527805 0.375988 
vt 0.530669 0.375981 
vt 0.530669 0.500083 
vt 0.483389 0.375989 
vt 0.483389 0.500083 
vt 0.463151 0.500083 
vt 0.463151 0.375989 
vt 0.530669 0.626022 
vt 0.527805 0.626022 
vt 0.527805 0.618024 
vt 0.530669 0.618024 
vt 0.483389 0.626022 
vt 0.483389 0.750129 
vt 0.463151 0.750129 
vt 0.463151 0.626113 
vt 0.483389 0.868694 
vt 0.483389 0.875169 
vt 0.463151 0.875169 
vt 0.463151 0.868694 
vt 0.530669 0.875169 
vt 0.527805 0.875169 
vt 0.527805 0.868694 
vt 0.530669 0.868694 
vt 0.530669 0.875169 
vt 0.530669 0.868694 
vt 0.546299 0.868694 
vt 0.546299 0.875169 
vt 0.52796 0.500083 
vt 0.530669 0.500083 
vt 0.530669 0.506672 
vt 0.52817 0.506672 
vt 0.530669 0.506672 
vt 0.530669 0.500083 
vt 0.546299 0.500083 
vt 0.546299 0.506672 
vt 0.483389 0.500083 
vt 0.483389 0.506672 
vt 0.463151 0.506672 
vt 0.463151 0.500083 
vt 0.483389 0.626022 
vt 0.463151 0.626113 
vt 0.463151 0.618024 
vt 0.483389 0.618024 
vt 0.483389 0.750129 
vt 0.483389 0.757119 
vt 0.463151 0.757119 
vt 0.463151 0.750129 
vt 0.530669 0.626022 
vt 0.530669 0.618024 
vt 0.546299 0.618024 
vt 0.546299 0.626022 
vt 0.495375 0.317931 
vt 0.454329 0.317931 
vt 0.454329 0.238663 
vt 0.495375 0.238663 
vt 0.557196 0.757119 
vt 0.546299 0.757119 
vt 0.546299 0.750129 
vt 0.557196 0.750129 
vt 0.557196 0.618024 
vt 0.557196 0.506672 
vt 0.557196 0.750129 
vt 0.557196 0.626022 
vt 0.530669 0.375981 
vt 0.546299 0.375979 
vt 0.546299 0.500083 
vt 0.530669 0.500083 
vt 0.557196 0.875169 
vt 0.546299 0.875169 
vt 0.546299 0.868694 
vt 0.557196 0.868694 
vt 0.557196 0.506672 
vt 0.546299 0.506672 
vt 0.546299 0.500083 
vt 0.557196 0.500083 
vt 0.557196 0.626022 
vt 0.546299 0.626022 
vt 0.546299 0.618024 
vt 0.557196 0.618024 
vt 0.546299 0.757119 
vt 0.546299 0.868694 
vt 0.530669 0.868694 
vt 0.530669 0.757119 
vt 0.483389 0.757119 
vt 0.483389 0.868694 
vt 0.463151 0.868694 
vt 0.463151 0.757119 
vt 0.557196 0.868694 
vt 0.557196 0.757119 
vt 0.451588 0.317931 
vt 0.451588 0.238663 
vt 0.454329 0.238663 
vt 0.454329 0.317931 
vt 0.498049 0.238663 
vt 0.498093 0.317931 
vt 0.495375 0.317931 
vt 0.495375 0.238663 
vt 0.451588 0.238663 
vt 0.451588 0.234446 
vt 0.454329 0.238663 
vt 0.498049 0.234446 
vt 0.498049 0.238663 
vt 0.495375 0.238663 
vt 0.451588 0.234446 
vt 0.498049 0.234446 
vt 0.495375 0.238663 
vt 0.454329 0.238663 
vt 0.358978 0.23471 
vt 0.358978 0.238651 
vt 0.357812 0.238651 
vt 0.357812 0.23471 
vt 0.380081 0.23471 
vt 0.380081 0.238651 
vt 0.358978 0.238651 
vt 0.358978 0.23471 
vt 0.345917 0.259475 
vt 0.347147 0.261781 
vt 0.347147 0.298104 
vt 0.345917 0.337326 
vt 0.392445 0.335945 
vt 0.391522 0.296722 
vt 0.391522 0.259979 
vt 0.392445 0.257535 
vt 0.381319 0.23471 
vt 0.381319 0.238651 
vt 0.380081 0.238651 
vt 0.380081 0.23471 
vt 0.380081 0.358885 
vt 0.380081 0.354954 
vt 0.381319 0.354954 
vt 0.381319 0.358885 
vt 0.357812 0.358885 
vt 0.357812 0.354954 
vt 0.358978 0.354954 
vt 0.358978 0.358885 
vt 0.358978 0.358885 
vt 0.358978 0.354954 
vt 0.380081 0.354954 
vt 0.380081 0.358885 
vt 0.358978 0.312666 
vt 0.380081 0.312113 
vt 0.380081 0.327169 
vt 0.358978 0.327169 
vt 0.380081 0.341174 
vt 0.358978 0.341174 
vt 0.380081 0.354954 
vt 0.358978 0.354954 
vt 0.358978 0.238651 
vt 0.380081 0.238651 
vt 0.380081 0.253188 
vt 0.358978 0.253188 
vt 0.380081 0.267379 
vt 0.358978 0.267379 
vt 0.380081 0.281344 
vt 0.358978 0.28254 
vt 0.380081 0.296512 
vt 0.358978 0.297778 
vt 0.355353 0.324624 
vt 0.347147 0.298104 
vt 0.357812 0.312367 
vt 0.351884 0.332452 
vt 0.347147 0.334851 
vt 0.351419 0.264071 
vt 0.347147 0.261781 
vt 0.354953 0.271361 
vt 0.357812 0.283023 
vt 0.357812 0.297992 
vt 0.381319 0.311624 
vt 0.391522 0.296722 
vt 0.384029 0.324129 
vt 0.387539 0.331509 
vt 0.387539 0.331509 
vt 0.391522 0.296722 
vt 0.391522 0.333596 
vt 0.391522 0.259979 
vt 0.387365 0.262687 
vt 0.383866 0.270321 
vt 0.381319 0.281736 
vt 0.381319 0.296289 
vt 0.358978 0.327169 
vt 0.357812 0.327169 
vt 0.357812 0.312367 
vt 0.358978 0.312666 
vt 0.358978 0.341174 
vt 0.357812 0.341174 
vt 0.358978 0.354954 
vt 0.357812 0.354954 
vt 0.358978 0.253188 
vt 0.357812 0.253188 
vt 0.357812 0.238651 
vt 0.358978 0.238651 
vt 0.358978 0.267379 
vt 0.357812 0.267379 
vt 0.358978 0.28254 
vt 0.357812 0.283023 
vt 0.358978 0.297778 
vt 0.357812 0.297992 
vt 0.380081 0.312113 
vt 0.381319 0.311624 
vt 0.381319 0.327169 
vt 0.380081 0.327169 
vt 0.381319 0.341174 
vt 0.380081 0.341174 
vt 0.381319 0.253188 
vt 0.380081 0.253188 
vt 0.381319 0.267379 
vt 0.380081 0.267379 
vt 0.381319 0.281736 
vt 0.380081 0.281344 
vt 0.381319 0.296289 
vt 0.380081 0.296512 
vt 0.347147 0.298104 
vt 0.347147 0.334851 
vt 0.345917 0.337326 
vt 0.392445 0.335945 
vt 0.391522 0.333596 
vt 0.391522 0.296722 
vt 0.506351 0.506672 
vt 0.506351 0.618024 
vt 0.483389 0.618024 
vt 0.483389 0.506672 
vt 0.506351 0.500083 
vt 0.506351 0.506672 
vt 0.483389 0.506672 
vt 0.483389 0.500083 
vt 0.506351 0.375989 
vt 0.506351 0.500083 
vt 0.506351 0.868694 
vt 0.506351 0.875169 
vt 0.483389 0.875169 
vt 0.483389 0.868694 
vt 0.506351 0.757119 
vt 0.506351 0.868694 
vt 0.506351 0.750129 
vt 0.506351 0.757119 
vt 0.483389 0.757119 
vt 0.483389 0.750129 
vt 0.506351 0.626022 
vt 0.506351 0.750129 
vt 0.506351 0.626022 
vt 0.483389 0.626022 
vt 0.483389 0.618024 
vt 0.506351 0.618024 
vt 0.52817 0.506672 
vt 0.527805 0.618024 
vt 0.52796 0.500083 
vt 0.52817 0.506672 
vt 0.527805 0.375988 
vt 0.527805 0.500083 
vt 0.527805 0.868694 
vt 0.527805 0.875169 
vt 0.527805 0.757119 
vt 0.527805 0.868694 
vt 0.527805 0.750129 
vt 0.527805 0.757119 
vt 0.527805 0.626022 
vt 0.527805 0.750129 
vt 0.527805 0.618024 
vt 0.527805 0.626022 
vt 0.463151 0.618024 
vt 0.463151 0.609445 
vt 0.466465 0.609445 
vt 0.465074 0.618024 
vt 0.469426 0.609445 
vt 0.466876 0.619929 
vt 0.472552 0.609445 
vt 0.468411 0.623046 
vt 0.476352 0.609445 
vt 0.468529 0.626022 
vt 0.463151 0.599719 
vt 0.463151 0.590927 
vt 0.467248 0.590927 
vt 0.466891 0.599719 
vt 0.470489 0.590927 
vt 0.470097 0.599719 
vt 0.475559 0.590927 
vt 0.474845 0.599719 
vt 0.481714 0.590927 
vt 0.480157 0.599719 
vt 0.463151 0.581985 
vt 0.463151 0.572479 
vt 0.467522 0.572479 
vt 0.467486 0.581985 
vt 0.471199 0.572479 
vt 0.470868 0.581985 
vt 0.47637 0.572479 
vt 0.476108 0.581985 
vt 0.483045 0.572479 
vt 0.482518 0.581985 
vt 0.465074 0.618024 
vt 0.463151 0.626113 
vt 0.463151 0.618024 
vt 0.466876 0.619929 
vt 0.468411 0.623046 
vt 0.468529 0.626022 
vt 0.472552 0.609445 
vt 0.476352 0.609445 
vt 0.469426 0.609445 
vt 0.466465 0.609445 
vt 0.463151 0.609445 
vt 0.451588 0.330226 
vt 0.454444 0.328727 
vt 0.454444 0.339435 
vt 0.451588 0.342941 
vt 0.451588 0.358546 
vt 0.454444 0.354463 
vt 0.459751 0.354463 
vt 0.457703 0.358546 
vt 0.463108 0.358546 
vt 0.464506 0.354463 
vt 0.469694 0.354463 
vt 0.469039 0.358546 
vt 0.451588 0.317931 
vt 0.454367 0.317931 
vt 0.451588 0.342941 
vt 0.454444 0.339435 
vt 0.476471 0.563413 
vt 0.483181 0.563413 
vt 0.471214 0.563413 
vt 0.467541 0.563413 
vt 0.463151 0.563413 
vt 0.474739 0.354463 
vt 0.474832 0.358546 
vt 0.463151 0.506672 
vt 0.465074 0.506672 
vt 0.466264 0.515954 
vt 0.463151 0.515954 
vt 0.466876 0.505904 
vt 0.469291 0.515954 
vt 0.468411 0.503984 
vt 0.472179 0.515954 
vt 0.468529 0.500046 
vt 0.476081 0.515954 
vt 0.463151 0.525419 
vt 0.466923 0.525419 
vt 0.467272 0.534819 
vt 0.463151 0.534819 
vt 0.469999 0.525419 
vt 0.470416 0.534819 
vt 0.474625 0.525419 
vt 0.475413 0.534819 
vt 0.479983 0.525419 
vt 0.481604 0.534819 
vt 0.463151 0.544108 
vt 0.467501 0.544108 
vt 0.467528 0.55356 
vt 0.463151 0.55356 
vt 0.470821 0.544108 
vt 0.471176 0.55356 
vt 0.476007 0.544108 
vt 0.476326 0.55356 
vt 0.482447 0.544108 
vt 0.483011 0.55356 
vt 0.465074 0.506672 
vt 0.463151 0.506672 
vt 0.463151 0.500083 
vt 0.466876 0.505904 
vt 0.468411 0.503984 
vt 0.468529 0.500046 
vt 0.472179 0.515954 
vt 0.476081 0.515954 
vt 0.469291 0.515954 
vt 0.466264 0.515954 
vt 0.463151 0.515954 
vt 0.498093 0.330314 
vt 0.498093 0.343043 
vt 0.495297 0.339446 
vt 0.495297 0.32883 
vt 0.498093 0.358546 
vt 0.491988 0.358546 
vt 0.489964 0.354463 
vt 0.495297 0.354463 
vt 0.48662 0.358546 
vt 0.480625 0.358546 
vt 0.47994 0.354463 
vt 0.48524 0.354463 
vt 0.498093 0.317931 
vt 0.49538 0.317931 
vt 0.498093 0.343043 
vt 0.495297 0.339446 
vt 0.454444 0.328727 
vt 0.474877 0.317931 
vt 0.454444 0.339435 
vt 0.454444 0.354463 
vt 0.459751 0.354463 
vt 0.464506 0.354463 
vt 0.469694 0.354463 
vt 0.454367 0.317931 
vt 0.474739 0.354463 
vt 0.495297 0.339446 
vt 0.495297 0.32883 
vt 0.489964 0.354463 
vt 0.495297 0.354463 
vt 0.47994 0.354463 
vt 0.48524 0.354463 
vt 0.49538 0.317931 

usemtl 1Mtl

f 1/1/1 2/2/2 3/3/3 
f 1/1/1 3/3/3 4/4/4 
f 5/5/5 6/6/6 7/7/7 
f 5/5/5 7/7/7 8/8/8 
f 9/9/9 10/10/10 11/11/11 
f 9/9/9 11/11/11 12/12/12 
f 13/13/13 14/14/14 15/15/15 
f 13/13/13 15/15/15 16/16/16 
f 17/17/17 18/18/18 19/19/19 
f 17/17/17 19/19/19 20/20/20 
f 21/21/21 22/22/22 23/23/23 
f 21/21/21 23/23/23 24/24/24 
f 15/15/15 14/14/14 25/25/25 
f 15/15/15 25/25/25 26/26/26 
f 27/27/27 28/28/28 29/29/29 
f 27/27/27 29/29/29 30/30/30 
f 31/31/31 32/32/32 33/33/33 
f 31/31/31 33/33/33 34/34/34 
f 35/35/35 36/36/36 37/37/37 
f 35/35/35 37/37/37 38/38/38 
f 39/39/39 40/40/40 41/41/41 
f 39/39/39 41/41/41 42/42/42 
f 43/43/43 44/44/44 45/45/45 
f 43/43/43 45/45/45 46/46/46 
f 47/47/47 48/48/48 49/49/49 
f 47/47/47 49/49/49 50/50/50 
f 51/51/51 52/52/52 53/53/53 
f 51/51/51 53/53/53 54/54/54 
f 55/55/55 56/56/56 57/57/57 
f 55/55/55 57/57/57 58/58/58 
f 59/59/59 60/60/60 61/61/61 
f 59/59/59 61/61/61 62/62/62 
f 63/63/63 64/64/64 65/65/65 
f 63/63/63 65/65/65 66/66/66 
f 67/67/67 68/68/68 69/69/69 
f 67/67/67 69/69/69 70/70/70 
f 71/71/71 72/72/72 73/73/73 
f 71/71/71 73/73/73 74/74/74 
f 75/75/75 76/76/76 77/77/77 
f 75/75/75 77/77/77 78/78/78 
f 79/79/79 80/80/80 81/81/81 
f 79/79/79 81/81/81 82/82/82 
f 83/83/83 84/84/84 85/85/85 
f 83/83/83 85/85/85 86/86/86 
f 87/87/87 88/88/88 89/89/89 
f 87/87/87 89/89/89 90/90/90 
f 91/91/91 92/92/92 93/93/93 
f 91/91/91 93/93/93 94/94/94 
f 95/95/95 13/13/13 16/16/16 
f 95/95/95 16/16/16 96/96/96 
f 97/97/97 17/17/17 20/20/20 
f 97/97/97 20/20/20 98/98/98 
f 99/99/99 100/100/100 101/101/101 
f 99/99/99 101/101/101 102/102/102 
f 103/103/103 104/104/104 105/105/105 
f 103/103/103 105/105/105 106/106/106 
f 107/107/107 108/108/108 109/109/109 
f 107/107/107 109/109/109 110/110/110 
f 111/111/111 112/112/112 113/113/113 
f 111/111/111 113/113/113 114/114/114 
f 115/115/115 116/116/116 117/117/117 
f 115/115/115 117/117/117 118/118/118 
f 119/119/119 120/120/120 121/121/121 
f 119/119/119 121/121/121 122/122/122 
f 123/123/123 116/116/116 115/115/115 
f 123/123/123 115/115/115 124/124/124 
f 125/125/125 126/126/126 127/127/127 
f 125/125/125 127/127/127 128/128/128 
f 129/129/129 130/130/130 131/131/131 
f 129/129/129 131/131/131 132/132/132 
f 133/133/133 134/134/134 135/135/135 
f 136/136/136 137/137/137 138/138/138 
f 139/139/139 140/140/140 141/141/141 
f 139/139/139 141/141/141 142/142/142 
f 143/143/143 144/144/144 145/145/145 
f 143/143/143 145/145/145 146/146/146 
f 147/147/147 148/148/148 149/149/149 
f 147/147/147 149/149/149 150/150/150 
f 151/151/151 152/152/152 153/153/153 
f 151/151/151 153/153/153 154/154/154 
f 155/155/155 156/156/156 157/157/157 
f 155/155/155 157/157/157 158/158/158 
f 159/159/159 160/160/160 161/161/161 
f 159/159/159 161/161/161 162/162/162 
f 163/163/163 164/164/164 165/165/165 
f 163/163/163 165/165/165 166/166/166 
f 167/167/167 168/168/168 169/169/169 
f 167/167/167 169/169/169 170/170/170 
f 171/171/171 172/172/172 173/173/173 
f 171/171/171 173/173/173 174/174/174 
f 175/175/175 176/176/176 177/177/177 
f 175/175/175 177/177/177 178/178/178 
f 178/178/178 177/177/177 179/179/179 
f 178/178/178 179/179/179 180/180/180 
f 180/180/180 179/179/179 181/181/181 
f 180/180/180 181/181/181 182/182/182 
f 183/183/183 184/184/184 185/185/185 
f 183/183/183 185/185/185 186/186/186 
f 186/186/186 185/185/185 187/187/187 
f 186/186/186 187/187/187 188/188/188 
f 188/188/188 187/187/187 189/189/189 
f 188/188/188 189/189/189 190/190/190 
f 190/190/190 189/189/189 191/191/191 
f 190/190/190 191/191/191 192/192/192 
f 192/192/192 191/191/191 176/176/176 
f 192/192/192 176/176/176 175/175/175 
f 193/193/193 194/194/194 195/195/195 
f 196/196/196 194/194/194 193/193/193 
f 197/197/197 194/194/194 196/196/196 
f 198/198/198 194/194/194 199/199/199 
f 200/200/200 194/194/194 198/198/198 
f 201/201/201 194/194/194 200/200/200 
f 202/202/202 194/194/194 201/201/201 
f 195/195/195 194/194/194 202/202/202 
f 203/203/203 204/204/204 205/205/205 
f 205/205/205 204/204/204 206/206/206 
f 207/207/207 208/208/208 209/209/209 
f 210/210/210 204/204/204 211/211/211 
f 211/211/211 204/204/204 212/212/212 
f 212/212/212 204/204/204 213/213/213 
f 213/213/213 204/204/204 214/214/214 
f 214/214/214 204/204/204 203/203/203 
f 215/215/215 216/216/216 217/217/217 
f 215/215/215 217/217/217 218/218/218 
f 219/219/219 220/220/220 216/216/216 
f 219/219/219 216/216/216 215/215/215 
f 221/221/221 222/222/222 220/220/220 
f 221/221/221 220/220/220 219/219/219 
f 223/223/223 224/224/224 225/225/225 
f 223/223/223 225/225/225 226/226/226 
f 227/227/227 228/228/228 224/224/224 
f 227/227/227 224/224/224 223/223/223 
f 229/229/229 230/230/230 228/228/228 
f 229/229/229 228/228/228 227/227/227 
f 231/231/231 232/232/232 230/230/230 
f 231/231/231 230/230/230 229/229/229 
f 218/218/218 217/217/217 232/232/232 
f 218/218/218 232/232/232 231/231/231 
f 233/233/233 234/234/234 235/235/235 
f 233/233/233 235/235/235 236/236/236 
f 236/236/236 235/235/235 237/237/237 
f 236/236/236 237/237/237 238/238/238 
f 238/238/238 237/237/237 165/165/165 
f 238/238/238 165/165/165 164/164/164 
f 161/161/161 160/160/160 239/239/239 
f 161/161/161 239/239/239 240/240/240 
f 240/240/240 239/239/239 241/241/241 
f 240/240/240 241/241/241 242/242/242 
f 242/242/242 241/241/241 243/243/243 
f 242/242/242 243/243/243 244/244/244 
f 244/244/244 243/243/243 245/245/245 
f 244/244/244 245/245/245 246/246/246 
f 246/246/246 245/245/245 234/234/234 
f 246/246/246 234/234/234 233/233/233 
f 247/247/247 248/248/248 249/249/249 
f 250/250/250 251/251/251 252/252/252 
f 253/253/253 254/254/254 255/255/255 
f 253/253/253 255/255/255 256/256/256 
f 257/257/257 258/258/258 259/259/259 
f 257/257/257 259/259/259 260/260/260 
f 261/261/261 262/262/262 40/40/40 
f 261/261/261 40/40/40 39/39/39 
f 263/263/263 264/264/264 265/265/265 
f 263/263/263 265/265/265 266/266/266 
f 267/267/267 268/268/268 120/120/120 
f 267/267/267 120/120/120 119/119/119 
f 269/269/269 270/270/270 271/271/271 
f 269/269/269 271/271/271 272/272/272 
f 273/273/273 274/274/274 48/48/48 
f 273/273/273 48/48/48 47/47/47 
f 275/275/275 276/276/276 277/277/277 
f 275/275/275 277/277/277 278/278/278 
f 279/279/279 280/280/280 254/254/254 
f 279/279/279 254/254/254 253/253/253 
f 281/281/281 282/282/282 258/258/258 
f 281/281/281 258/258/258 257/257/257 
f 283/283/283 284/284/284 262/262/262 
f 283/283/283 262/262/262 261/261/261 
f 285/285/285 286/286/286 264/264/264 
f 285/285/285 264/264/264 263/263/263 
f 287/287/287 288/288/288 268/268/268 
f 287/287/287 268/268/268 267/267/267 
f 289/289/289 290/290/290 270/270/270 
f 289/289/289 270/270/270 269/269/269 
f 291/291/291 292/292/292 274/274/274 
f 291/291/291 274/274/274 273/273/273 
f 293/293/293 294/294/294 275/275/275 
f 293/293/293 275/275/275 278/278/278 
f 295/295/295 296/296/296 297/297/297 
f 295/295/295 297/297/297 298/298/298 
f 298/298/298 297/297/297 299/299/299 
f 298/298/298 299/299/299 300/300/300 
f 300/300/300 299/299/299 301/301/301 
f 300/300/300 301/301/301 302/302/302 
f 302/302/302 301/301/301 303/303/303 
f 302/302/302 303/303/303 304/304/304 
f 305/305/305 306/306/306 307/307/307 
f 305/305/305 307/307/307 308/308/308 
f 308/308/308 307/307/307 309/309/309 
f 308/308/308 309/309/309 310/310/310 
f 310/310/310 309/309/309 311/311/311 
f 310/310/310 311/311/311 312/312/312 
f 312/312/312 311/311/311 313/313/313 
f 312/312/312 313/313/313 314/314/314 
f 315/315/315 316/316/316 317/317/317 
f 315/315/315 317/317/317 318/318/318 
f 318/318/318 317/317/317 319/319/319 
f 318/318/318 319/319/319 320/320/320 
f 320/320/320 319/319/319 321/321/321 
f 320/320/320 321/321/321 322/322/322 
f 322/322/322 321/321/321 323/323/323 
f 322/322/322 323/323/323 324/324/324 
f 325/325/325 326/326/326 327/327/327 
f 328/328/328 326/326/326 325/325/325 
f 329/329/329 326/326/326 328/328/328 
f 330/330/330 326/326/326 329/329/329 
f 331/331/331 312/312/312 314/314/314 
f 331/331/331 314/314/314 332/332/332 
f 333/333/333 310/310/310 312/312/312 
f 333/333/333 312/312/312 331/331/331 
f 334/334/334 308/308/308 310/310/310 
f 334/334/334 310/310/310 333/333/333 
f 335/335/335 305/305/305 308/308/308 
f 335/335/335 308/308/308 334/334/334 
f 336/336/336 337/337/337 338/338/338 
f 336/336/336 338/338/338 339/339/339 
f 340/340/340 341/341/341 342/342/342 
f 340/340/340 342/342/342 343/343/343 
f 344/344/344 345/345/345 346/346/346 
f 344/344/344 346/346/346 347/347/347 
f 348/348/348 349/349/349 337/337/337 
f 348/348/348 337/337/337 336/336/336 
f 350/350/350 351/351/351 341/341/341 
f 350/350/350 341/341/341 340/340/340 
f 321/321/321 352/352/352 353/353/353 
f 321/321/321 353/353/353 323/323/323 
f 319/319/319 354/354/354 352/352/352 
f 319/319/319 352/352/352 321/321/321 
f 317/317/317 355/355/355 354/354/354 
f 317/317/317 354/354/354 319/319/319 
f 316/316/316 356/356/356 355/355/355 
f 316/316/316 355/355/355 317/317/317 
f 346/346/346 357/357/357 358/358/358 
f 346/346/346 358/358/358 347/347/347 
f 311/311/311 322/322/322 324/324/324 
f 311/311/311 324/324/324 313/313/313 
f 309/309/309 320/320/320 322/322/322 
f 309/309/309 322/322/322 311/311/311 
f 307/307/307 318/318/318 320/320/320 
f 307/307/307 320/320/320 309/309/309 
f 306/306/306 315/315/315 318/318/318 
f 306/306/306 318/318/318 307/307/307 
f 342/342/342 345/345/345 344/344/344 
f 342/342/342 344/344/344 343/343/343 
f 359/359/359 360/360/360 361/361/361 
f 359/359/359 361/361/361 362/362/362 
f 360/360/360 363/363/363 364/364/364 
f 360/360/360 364/364/364 361/361/361 
f 363/363/363 365/365/365 366/366/366 
f 363/363/363 366/366/366 364/364/364 
f 365/365/365 367/367/367 368/368/368 
f 365/365/365 368/368/368 366/366/366 
f 369/369/369 370/370/370 371/371/371 
f 369/369/369 371/371/371 372/372/372 
f 370/370/370 373/373/373 374/374/374 
f 370/370/370 374/374/374 371/371/371 
f 373/373/373 375/375/375 376/376/376 
f 373/373/373 376/376/376 374/374/374 
f 375/375/375 377/377/377 378/378/378 
f 375/375/375 378/378/378 376/376/376 
f 379/379/379 380/380/380 381/381/381 
f 379/379/379 381/381/381 382/382/382 
f 380/380/380 383/383/383 384/384/384 
f 380/380/380 384/384/384 381/381/381 
f 383/383/383 385/385/385 386/386/386 
f 383/383/383 386/386/386 384/384/384 
f 385/385/385 387/387/387 388/388/388 
f 385/385/385 388/388/388 386/386/386 
f 389/389/389 390/390/390 391/391/391 
f 392/392/392 389/389/389 391/391/391 
f 393/393/393 392/392/392 391/391/391 
f 394/394/394 393/393/393 391/391/391 
f 395/395/395 396/396/396 377/377/377 
f 395/395/395 377/377/377 375/375/375 
f 397/397/397 395/395/395 375/375/375 
f 397/397/397 375/375/375 373/373/373 
f 398/398/398 397/397/397 373/373/373 
f 398/398/398 373/373/373 370/370/370 
f 399/399/399 398/398/398 370/370/370 
f 399/399/399 370/370/370 369/369/369 
f 400/400/400 401/401/401 402/402/402 
f 400/400/400 402/402/402 403/403/403 
f 404/404/404 405/405/405 406/406/406 
f 404/404/404 406/406/406 407/407/407 
f 408/408/408 409/409/409 410/410/410 
f 408/408/408 410/410/410 411/411/411 
f 412/412/412 400/400/400 403/403/403 
f 412/412/412 403/403/403 413/413/413 
f 414/414/414 404/404/404 407/407/407 
f 414/414/414 407/407/407 415/415/415 
f 386/386/386 388/388/388 353/353/353 
f 386/386/386 353/353/353 352/352/352 
f 384/384/384 386/386/386 352/352/352 
f 384/384/384 352/352/352 354/354/354 
f 381/381/381 384/384/384 354/354/354 
f 381/381/381 354/354/354 355/355/355 
f 382/382/382 381/381/381 355/355/355 
f 382/382/382 355/355/355 356/356/356 
f 410/410/410 409/409/409 358/358/358 
f 410/410/410 358/358/358 357/357/357 
f 376/376/376 378/378/378 387/387/387 
f 376/376/376 387/387/387 385/385/385 
f 374/374/374 376/376/376 385/385/385 
f 374/374/374 385/385/385 383/383/383 
f 371/371/371 374/374/374 383/383/383 
f 371/371/371 383/383/383 380/380/380 
f 372/372/372 371/371/371 380/380/380 
f 372/372/372 380/380/380 379/379/379 
f 406/406/406 405/405/405 408/408/408 
f 406/406/406 408/408/408 411/411/411 
f 416/416/416 417/417/417 418/418/418 
f 419/419/419 417/417/417 420/420/420 
f 421/421/421 417/417/417 422/422/422 
f 423/423/423 417/417/417 416/416/416 
f 418/418/418 417/417/417 419/419/419 
f 422/422/422 417/417/417 424/424/424 
f 420/420/420 417/417/417 421/421/421 
f 425/425/425 417/417/417 426/426/426 
f 427/427/427 417/417/417 428/428/428 
f 429/429/429 417/417/417 430/430/430 
f 426/426/426 417/417/417 431/431/431 
f 428/428/428 417/417/417 425/425/425 
f 424/424/424 417/417/417 429/429/429 
f 430/430/430 417/417/417 427/427/427 

g 2

v 40.907 0.455507 -11.4165 
v 40.907 0.000969052 -11.4165 
v 40.2524 0.000967979 -11.4165 
v 40.2524 0.455507 -11.4165 
v 40.2524 1.4703 -10.5629 
v 40.2192 1.4703 -10.5901 
v 40.2192 1.42143 -10.5901 
v 40.2524 1.42143 -10.5629 
v 40.2524 1.4703 -10.5629 
v 40.2524 1.8037 -10.5629 
v 40.2192 1.8037 -10.5901 
v 40.2192 1.4703 -10.5901 
v 40.2524 1.80379 -11.4165 
v 40.9651 1.80374 -11.4165 
v 40.9651 1.47029 -11.4165 
v 40.2524 1.47029 -11.4165 
v 40.2192 1.8037 -10.5901 
v 40.2192 1.80379 -11.3885 
v 40.2192 1.47029 -11.3885 
v 40.2192 1.4703 -10.5901 
v 40.2524 1.42143 -10.5629 
v 40.907 1.42143 -10.5629 
v 40.9651 1.4703 -10.5629 
v 40.2524 1.4703 -10.5629 
v 40.907 1.42143 -11.4165 
v 40.2524 1.42143 -11.4165 
v 40.2192 1.42143 -11.3885 
v 40.2192 1.42143 -10.5901 
v 40.2192 1.4703 -10.5901 
v 40.2192 1.47029 -11.3885 
v 41 1.8037 -10.59 
v 41 1.80374 -11.3885 
v 41 2.0295 -11.3885 
v 41 2.02951 -10.59 
v 40.9406 1.42143 -11.3885 
v 41 1.47029 -11.3885 
v 41 1.4703 -10.59 
v 40.9406 1.42143 -10.5901 
v 40.9406 0.478302 -10.5901 
v 40.9406 0.03449 -10.5901 
v 40.9406 0.03449 -11.3885 
v 40.9406 0.478302 -11.3885 
v 40.2192 1.47029 -11.3885 
v 40.2524 1.47029 -11.4165 
v 40.2524 1.42143 -11.4165 
v 40.2192 1.42143 -11.3885 
v 40.2192 0.47837 -11.3885 
v 40.2192 0.034591 -11.3885 
v 40.2192 0.03449 -10.5901 
v 40.2192 0.478301 -10.5901 
v 40.907 0.478302 -10.5629 
v 40.907 0.03449 -10.5629 
v 40.9406 0.03449 -10.5901 
v 40.9406 0.478302 -10.5901 
v 41 1.4703 -10.59 
v 40.9651 1.4703 -10.5629 
v 40.907 1.42143 -10.5629 
v 40.9406 1.42143 -10.5901 
v 41 1.4703 -10.59 
v 41 1.8037 -10.59 
v 40.9651 1.8037 -10.5629 
v 40.9651 1.4703 -10.5629 
v 40.9406 1.42143 -11.3885 
v 40.907 1.42143 -11.4165 
v 40.9651 1.47029 -11.4165 
v 41 1.47029 -11.3885 
v 40.9651 1.47029 -11.4165 
v 40.9651 1.80374 -11.4165 
v 41 1.80374 -11.3885 
v 41 1.47029 -11.3885 
v 40.9406 0.478302 -11.3885 
v 40.9406 0.03449 -11.3885 
v 40.907 0.000969052 -11.4165 
v 40.907 0.455507 -11.4165 
v 40.2192 0.47837 -11.3885 
v 40.2524 0.455507 -11.4165 
v 40.2524 0.000967979 -11.4165 
v 40.2192 0.034591 -11.3885 
v 40.2192 0.478301 -10.5901 
v 40.2192 0.03449 -10.5901 
v 40.2524 0.03449 -10.5629 
v 40.2524 0.478301 -10.5629 
v 40.2192 1.47029 -11.3885 
v 40.2192 1.80379 -11.3885 
v 40.2524 1.80379 -11.4165 
v 40.2524 1.47029 -11.4165 
v 40.907 0.000969052 -11.4165 
v 40.907 0.000969052 -10.5902 
v 40.2524 0.000969052 -10.5901 
v 40.2524 0.000967979 -11.4165 
v 40.2524 2.0295 -10.5629 
v 40.2192 2.02951 -10.5901 
v 40.2192 1.8037 -10.5901 
v 40.2524 1.8037 -10.5629 
v 40.2524 2.02951 -11.4165 
v 40.9651 2.02951 -11.4165 
v 40.2192 2.02951 -10.5901 
v 40.2192 2.0295 -11.3885 
v 41 1.4703 -10.59 
v 41 1.47029 -11.3885 
v 41 1.80374 -11.3885 
v 41 1.8037 -10.59 
v 41 2.02951 -10.59 
v 40.9651 2.0295 -10.5629 
v 40.9651 1.8037 -10.5629 
v 41 1.8037 -10.59 
v 40.9651 2.02951 -11.4165 
v 41 2.0295 -11.3885 
v 41 1.80374 -11.3885 
v 40.9651 1.80374 -11.4165 
v 40.2192 2.0295 -11.3885 
v 40.2524 2.02951 -11.4165 
v 40.2524 1.80379 -11.4165 
v 40.2192 1.80379 -11.3885 
v 40.2524 1.8037 -10.5629 
v 40.2524 1.4703 -10.5629 
v 40.9651 1.4703 -10.5629 
v 40.9651 1.8037 -10.5629 
v 40.2524 0.478301 -10.5629 
v 40.2524 0.03449 -10.5629 
v 40.907 0.03449 -10.5629 
v 40.907 0.478302 -10.5629 
v 40.9651 2.0295 -10.5629 
v 40.2524 2.0295 -10.5629 
v 40.2192 0.034591 -11.3885 
v 40.2524 0.000967979 -11.4165 
v 40.2524 0.000969052 -10.5901 
v 40.2192 0.03449 -10.5901 
v 40.9406 0.03449 -10.5901 
v 40.907 0.000969052 -10.5902 
v 40.907 0.000969052 -11.4165 
v 40.9406 0.03449 -11.3885 
v 40.2192 0.03449 -10.5901 
v 40.2524 0.000969052 -10.5901 
v 40.2524 0.03449 -10.5629 
v 40.907 0.03449 -10.5629 
v 40.907 0.000969052 -10.5902 
v 40.9406 0.03449 -10.5901 
v 40.2524 0.03449 -10.5629 
v 40.2524 0.000969052 -10.5901 
v 40.907 0.000969052 -10.5902 
v 40.907 0.03449 -10.5629 
v 40.2524 2.02951 -11.4165 
v 40.2192 2.0295 -11.3885 
v 40.2431 2.06191 -11.3641 
v 40.2728 2.06193 -11.3897 
v 40.9651 2.02951 -11.4165 
v 40.2524 2.02951 -11.4165 
v 40.2728 2.06193 -11.3897 
v 40.9651 2.06193 -11.3897 
v 40.2192 2.0295 -11.3885 
v 40.2192 2.02951 -10.5901 
v 40.2431 2.06191 -10.9912 
v 40.2431 2.06191 -11.3641 
v 41 2.02951 -10.59 
v 41 2.0295 -11.3885 
v 41 2.06191 -11.3641 
v 41 2.06191 -10.9912 
v 41 2.0295 -11.3885 
v 40.9651 2.02951 -11.4165 
v 40.9651 2.06193 -11.3897 
v 41 2.06191 -11.3641 
v 40.9651 2.0295 -10.5629 
v 41 2.02951 -10.59 
v 41 2.06191 -10.6145 
v 40.9651 2.06193 -10.589 
v 40.2192 2.02951 -10.5901 
v 40.2524 2.0295 -10.5629 
v 40.2728 2.06193 -10.589 
v 40.2431 2.06191 -10.6146 
v 40.2524 2.0295 -10.5629 
v 40.9651 2.0295 -10.5629 
v 40.9651 2.06193 -10.589 
v 40.2728 2.06193 -10.589 
v 40.2727 2.40613 -10.839 
v 40.2727 2.32538 -10.706 
v 40.9652 2.32538 -10.706 
v 40.9652 2.40613 -10.839 
v 40.2727 2.20451 -10.6198 
v 40.9652 2.20451 -10.6198 
v 40.2728 2.06193 -10.589 
v 40.9651 2.06193 -10.589 
v 40.2728 2.06193 -11.3897 
v 40.2727 2.20451 -11.3545 
v 40.9652 2.20451 -11.3545 
v 40.9651 2.06193 -11.3897 
v 40.2727 2.32538 -11.2683 
v 40.9652 2.32538 -11.2683 
v 40.2727 2.40613 -11.1434 
v 40.9652 2.40613 -11.1434 
v 40.2727 2.43449 -10.9912 
v 40.9652 2.43449 -10.9912 
v 40.2431 2.31036 -10.7223 
v 40.2431 2.38666 -10.8475 
v 40.2431 2.06191 -10.9912 
v 40.2431 2.19631 -10.6411 
v 40.2431 2.06191 -10.6146 
v 40.2431 2.19633 -11.3338 
v 40.2431 2.06191 -11.3641 
v 40.2431 2.31034 -11.2526 
v 40.2431 2.38661 -11.1347 
v 40.2431 2.41345 -10.9912 
v 41 2.38666 -10.8475 
v 41 2.31036 -10.7223 
v 41 2.06191 -10.9912 
v 41 2.19631 -10.6411 
v 41 2.19631 -10.6411 
v 41 2.06191 -10.6145 
v 41 2.06191 -10.9912 
v 41 2.06191 -11.3641 
v 41 2.19633 -11.3338 
v 41 2.31034 -11.2526 
v 41 2.38661 -11.1347 
v 41 2.41345 -10.9912 
v 40.2727 2.32538 -10.706 
v 40.2727 2.40613 -10.839 
v 40.2431 2.38666 -10.8475 
v 40.2431 2.31036 -10.7223 
v 40.2727 2.20451 -10.6198 
v 40.2431 2.19631 -10.6411 
v 40.2728 2.06193 -10.589 
v 40.2431 2.06191 -10.6146 
v 40.2727 2.20451 -11.3545 
v 40.2728 2.06193 -11.3897 
v 40.2431 2.06191 -11.3641 
v 40.2431 2.19633 -11.3338 
v 40.2727 2.32538 -11.2683 
v 40.2431 2.31034 -11.2526 
v 40.2727 2.40613 -11.1434 
v 40.2431 2.38661 -11.1347 
v 40.2727 2.43449 -10.9912 
v 40.2431 2.41345 -10.9912 
v 40.9652 2.40613 -10.839 
v 40.9652 2.32538 -10.706 
v 41 2.31036 -10.7223 
v 41 2.38666 -10.8475 
v 40.9652 2.20451 -10.6198 
v 41 2.19631 -10.6411 
v 40.9652 2.20451 -11.3545 
v 41 2.19633 -11.3338 
v 40.9652 2.32538 -11.2683 
v 41 2.31034 -11.2526 
v 40.9652 2.40613 -11.1434 
v 41 2.38661 -11.1347 
v 40.9652 2.43449 -10.9912 
v 41 2.41345 -10.9912 
v 40.2431 2.06191 -10.9912 
v 40.2192 2.02951 -10.5901 
v 40.2431 2.06191 -10.6146 
v 41 2.02951 -10.59 
v 41 2.06191 -10.9912 
v 41 2.06191 -10.6145 
v 40.907 0.955069 -11.4165 
v 40.907 0.455507 -11.4165 
v 40.2524 0.455507 -11.4165 
v 40.2524 0.955068 -11.4165 
v 40.9406 0.966074 -11.3885 
v 40.9406 0.478302 -11.3885 
v 40.907 0.455507 -11.4165 
v 40.907 0.955069 -11.4165 
v 40.9406 0.966074 -10.5901 
v 40.9406 0.966074 -11.3885 
v 40.907 0.966074 -10.5629 
v 40.907 0.478302 -10.5629 
v 40.9406 0.478302 -10.5901 
v 40.9406 0.966074 -10.5901 
v 40.2524 0.966074 -10.5629 
v 40.907 0.966074 -10.5629 
v 40.2192 0.966074 -10.5901 
v 40.2192 0.478301 -10.5901 
v 40.2524 0.478301 -10.5629 
v 40.2524 0.966074 -10.5629 
v 40.2192 0.966107 -11.3885 
v 40.2192 0.966074 -10.5901 
v 40.2192 0.966107 -11.3885 
v 40.2524 0.955068 -11.4165 
v 40.2524 0.455507 -11.4165 
v 40.2192 0.47837 -11.3885 
v 40.907 1.42143 -11.4165 
v 40.2524 1.42143 -11.4165 
v 40.9406 1.42143 -11.3885 
v 40.907 1.42143 -11.4165 
v 40.9406 1.42143 -10.5901 
v 40.9406 1.42143 -11.3885 
v 40.907 1.42143 -10.5629 
v 40.9406 1.42143 -10.5901 
v 40.2524 1.42143 -10.5629 
v 40.907 1.42143 -10.5629 
v 40.2192 1.42143 -10.5901 
v 40.2524 1.42143 -10.5629 
v 40.2192 1.42143 -11.3885 
v 40.2192 1.42143 -10.5901 
v 40.2524 1.42143 -11.4165 
v 40.2192 1.42143 -11.3885 
v 40.2192 0.03449 -11.5104 
v 40.2192 0.079551 -11.4995 
v 40.2524 0.114991 -11.5833 
v 40.2524 0.03449 -11.5993 
v 40.2192 0.113566 -11.4759 
v 40.2524 0.183236 -11.5377 
v 40.2192 0.141458 -11.4347 
v 40.2524 0.228837 -11.4695 
v 40.2192 0.147096 -11.3885 
v 40.2524 0.244849 -11.3885 
v 40.3039 0.03449 -11.6838 
v 40.3039 0.14732 -11.6614 
v 40.3615 0.166958 -11.7103 
v 40.3615 0.03449 -11.7375 
v 40.3039 0.242973 -11.5974 
v 40.3615 0.279854 -11.6355 
v 40.3039 0.306886 -11.5018 
v 40.3615 0.355804 -11.5226 
v 40.3039 0.32933 -11.3885 
v 40.3615 0.381376 -11.3885 
v 40.4305 0.03449 -11.7742 
v 40.4305 0.18191 -11.7449 
v 40.5059 0.190889 -11.7657 
v 40.5059 0.03449 -11.7964 
v 40.4305 0.306886 -11.6614 
v 40.5059 0.322154 -11.6783 
v 40.4305 0.390393 -11.5364 
v 40.5059 0.412848 -11.5455 
v 40.4305 0.419716 -11.3885 
v 40.5059 0.441701 -11.3885 
v 40.2192 0.079551 -11.4995 
v 40.2192 0.03449 -11.5104 
v 40.2192 0.03449 -11.3885 
v 40.2192 0.113566 -11.4759 
v 40.2192 0.141458 -11.4347 
v 40.2192 0.147096 -11.3885 
v 40.2524 0.228837 -11.4695 
v 40.2524 0.244849 -11.3885 
v 40.2524 0.183236 -11.5377 
v 40.2524 0.114991 -11.5833 
v 40.2524 0.03449 -11.5993 
v 40.2192 0.03449 -11.5104 
v 40.2524 0.03449 -11.5993 
v 40.2835 0.000967979 -11.5835 
v 40.2535 0.000967979 -11.4984 
v 40.3039 0.03449 -11.6838 
v 40.3615 0.03449 -11.7375 
v 40.3822 0.000967979 -11.7139 
v 40.3301 0.000967979 -11.6629 
v 40.4305 0.03449 -11.7742 
v 40.5059 0.03449 -11.7964 
v 40.5129 0.000967979 -11.769 
v 40.4447 0.000967979 -11.7479 
v 40.2192 0.03449 -11.3885 
v 40.2535 0.000967979 -11.4165 
v 40.2524 0.03449 -11.5993 
v 40.2835 0.000967979 -11.5835 
v 40.5799 0.451456 -11.3885 
v 40.5799 0.419716 -11.5485 
v 40.5799 0.32933 -11.6838 
v 40.5799 0.194056 -11.7742 
v 40.5799 0.03449 -11.8059 
v 40.5799 0.03449 -11.8059 
v 40.5799 0.000967979 -11.7777 
v 40.9405 0.03449 -11.5104 
v 40.9073 0.03449 -11.5993 
v 40.9073 0.114991 -11.5833 
v 40.9405 0.079551 -11.4995 
v 40.9073 0.183236 -11.5377 
v 40.9405 0.113566 -11.4759 
v 40.9073 0.228837 -11.4695 
v 40.9405 0.141458 -11.4347 
v 40.9073 0.244849 -11.3885 
v 40.9405 0.147096 -11.3885 
v 40.8559 0.03449 -11.6838 
v 40.7983 0.03449 -11.7375 
v 40.7983 0.166958 -11.7103 
v 40.8559 0.14732 -11.6614 
v 40.7983 0.279854 -11.6355 
v 40.8559 0.242973 -11.5974 
v 40.7983 0.355804 -11.5226 
v 40.8559 0.306886 -11.5018 
v 40.7983 0.381376 -11.3885 
v 40.8559 0.32933 -11.3885 
v 40.7293 0.03449 -11.7742 
v 40.6539 0.03449 -11.7964 
v 40.6539 0.190889 -11.7657 
v 40.7293 0.18191 -11.7449 
v 40.6539 0.322154 -11.6783 
v 40.7293 0.306886 -11.6614 
v 40.6539 0.412848 -11.5455 
v 40.7293 0.390393 -11.5364 
v 40.6539 0.441701 -11.3885 
v 40.7293 0.419716 -11.3885 
v 40.9405 0.079551 -11.4995 
v 40.9405 0.03449 -11.3885 
v 40.9405 0.03449 -11.5104 
v 40.9405 0.113566 -11.4759 
v 40.9405 0.141458 -11.4347 
v 40.9405 0.147096 -11.3885 
v 40.9073 0.228837 -11.4695 
v 40.9073 0.244849 -11.3885 
v 40.9073 0.183236 -11.5377 
v 40.9073 0.114991 -11.5833 
v 40.9073 0.03449 -11.5993 
v 40.9405 0.03449 -11.5104 
v 40.9063 0.000967979 -11.4984 
v 40.8763 0.000967979 -11.5835 
v 40.9073 0.03449 -11.5993 
v 40.8559 0.03449 -11.6838 
v 40.8297 0.000967979 -11.6629 
v 40.7776 0.000967979 -11.7139 
v 40.7983 0.03449 -11.7375 
v 40.7293 0.03449 -11.7742 
v 40.7151 0.000967979 -11.7479 
v 40.6469 0.000967979 -11.769 
v 40.6539 0.03449 -11.7964 
v 40.9405 0.03449 -11.3885 
v 40.9063 0.000967979 -11.4165 
v 40.9073 0.03449 -11.5993 
v 40.8763 0.000967979 -11.5835 
v 40.2535 0.000967979 -11.4984 
v 40.2835 0.000967979 -11.5835 
v 40.5799 0.000967979 -11.4165 
v 40.3301 0.000967979 -11.6629 
v 40.3822 0.000967979 -11.7139 
v 40.4447 0.000967979 -11.7479 
v 40.5129 0.000967979 -11.769 
v 40.2535 0.000967979 -11.4165 
v 40.5799 0.000967979 -11.7777 
v 40.8763 0.000967979 -11.5835 
v 40.9063 0.000967979 -11.4984 
v 40.7776 0.000967979 -11.7139 
v 40.8297 0.000967979 -11.6629 
v 40.6469 0.000967979 -11.769 
v 40.7151 0.000967979 -11.7479 
v 40.9063 0.000967979 -11.4165 

vn 0 0 -1 
vn 0 0 -1 
vn 0 0 -1 
vn 0 0 -1 
vn -0.637795 0 0.771654 
vn -0.637795 0 0.771654 
vn -0.637795 0 0.771654 
vn -0.637795 0 0.771654 
vn -0.637795 0 0.771654 
vn -0.637795 0 0.771654 
vn -0.637795 0 0.771654 
vn -0.637795 0 0.771654 
vn 0 0 -1 
vn 0 0 -1 
vn 0 0 -1 
vn 0 0 -1 
vn -1 0 0 
vn -1 0 0 
vn -1 0 0 
vn -1 0 0 
vn 0 0 1 
vn 0 0 1 
vn 0 0 1 
vn 0 0 1 
vn 0 0 -1 
vn 0 0 -1 
vn -1 0 0 
vn -1 0 0 
vn -1 0 0 
vn -1 0 0 
vn 1 0 0 
vn 1 0 0 
vn 1 0 0 
vn 1 0 0 
vn 0.637795 -0.771654 0 
vn 0.637795 -0.771654 0 
vn 0.637795 -0.771654 0 
vn 0.637795 -0.771654 0 
vn 1 0 0 
vn 1 0 0 
vn 1 0 0 
vn 1 0 0 
vn -0.645669 0 -0.76378 
vn -0.645669 0 -0.76378 
vn -0.645669 0 -0.76378 
vn -0.645669 0 -0.76378 
vn -1 0 0 
vn -1 0 0 
vn -1 0 0 
vn -1 0 0 
vn 0.629921 0 0.779528 
vn 0.629921 0 0.779528 
vn 0.629921 0 0.779528 
vn 0.629921 0 0.779528 
vn 0.496063 -0.598425 0.629921 
vn 0.496063 -0.598425 0.629921 
vn 0.496063 -0.598425 0.629921 
vn 0.496063 -0.598425 0.629921 
vn 0.614173 0 0.787402 
vn 0.614173 0 0.787402 
vn 0.614173 0 0.787402 
vn 0.614173 0 0.787402 
vn 0.503937 -0.606299 -0.614173 
vn 0.503937 -0.606299 -0.614173 
vn 0.503937 -0.606299 -0.614173 
vn 0.503937 -0.606299 -0.614173 
vn 0.629921 0 -0.779528 
vn 0.629921 0 -0.779528 
vn 0.629921 0 -0.779528 
vn 0.629921 0 -0.779528 
vn 0.637795 0 -0.771654 
vn 0.637795 0 -0.771654 
vn 0.637795 0 -0.771654 
vn 0.637795 0 -0.771654 
vn -0.645669 0 -0.76378 
vn -0.645669 0 -0.76378 
vn -0.645669 0 -0.76378 
vn -0.645669 0 -0.76378 
vn -0.629921 0 0.771654 
vn -0.629921 0 0.771654 
vn -0.629921 0 0.771654 
vn -0.629921 0 0.771654 
vn -0.645669 0 -0.76378 
vn -0.645669 0 -0.76378 
vn -0.645669 0 -0.76378 
vn -0.645669 0 -0.76378 
vn 0 -1 0 
vn 0 -1 0 
vn 0 -1 0 
vn 0 -1 0 
vn -0.637795 0 0.771654 
vn -0.637795 0 0.771654 
vn -0.637795 0 0.771654 
vn -0.637795 0 0.771654 
vn 0 0 -1 
vn 0 0 -1 
vn -1 0 0 
vn -1 0 0 
vn 1 0 0 
vn 1 0 0 
vn 1 0 0 
vn 1 0 0 
vn 0.582677 0.275591 0.76378 
vn 0.582677 0.275591 0.76378 
vn 0.614173 0 0.787402 
vn 0.614173 0 0.787402 
vn 0.598425 0.275591 -0.755906 
vn 0.598425 0.275591 -0.755906 
vn 0.629921 0 -0.779528 
vn 0.629921 0 -0.779528 
vn -0.645669 0 -0.76378 
vn -0.645669 0 -0.76378 
vn -0.645669 0 -0.76378 
vn -0.645669 0 -0.76378 
vn 0 0 1 
vn 0 0 1 
vn 0 0 1 
vn 0 0 1 
vn 0 0 1 
vn 0 0 1 
vn 0 0 1 
vn 0 0 1 
vn 0 0 1 
vn 0 0 1 
vn -0.708661 -0.700787 0 
vn -0.708661 -0.700787 0 
vn -0.708661 -0.700787 0 
vn -0.708661 -0.700787 0 
vn 0.708661 -0.708661 0 
vn 0.708661 -0.708661 0 
vn 0.708661 -0.708661 0 
vn 0.708661 -0.708661 0 
vn -0.535433 -0.527559 0.653543 
vn -0.535433 -0.527559 0.653543 
vn -0.535433 -0.527559 0.653543 
vn 0.527559 -0.535433 0.661417 
vn 0.527559 -0.535433 0.661417 
vn 0.527559 -0.535433 0.661417 
vn 0 -0.629921 0.779528 
vn 0 -0.629921 0.779528 
vn 0 -0.629921 0.779528 
vn 0 -0.629921 0.779528 
vn -0.448819 0.724409 -0.527559 
vn -0.448819 0.724409 -0.527559 
vn -0.448819 0.724409 -0.527559 
vn -0.448819 0.724409 -0.527559 
vn 0 0.637795 -0.771654 
vn 0 0.637795 -0.771654 
vn 0 0.637795 -0.771654 
vn 0 0.637795 -0.771654 
vn -0.80315 0.590551 0 
vn -0.80315 0.590551 0 
vn -0.80315 0.590551 0 
vn -0.80315 0.590551 0 
vn 1 0 0 
vn 1 0 0 
vn 1 0 0 
vn 1 0 0 
vn 0.598425 0.275591 -0.755906 
vn 0.598425 0.275591 -0.755906 
vn 0.551181 0.370079 -0.755906 
vn 0.551181 0.370079 -0.755906 
vn 0.582677 0.275591 0.76378 
vn 0.582677 0.275591 0.76378 
vn 0.543307 0.354331 0.755906 
vn 0.543307 0.354331 0.755906 
vn -0.448819 0.716535 0.535433 
vn -0.448819 0.716535 0.535433 
vn -0.448819 0.716535 0.535433 
vn -0.448819 0.716535 0.535433 
vn 0 0.629921 0.779528 
vn 0 0.629921 0.779528 
vn 0 0.629921 0.779528 
vn 0 0.629921 0.779528 
vn 0 0.937008 0.354331 
vn 0 0.732283 0.677165 
vn 0 0.732283 0.677165 
vn 0 0.937008 0.354331 
vn 0 0.401575 0.913386 
vn 0 0.401575 0.913386 
vn 0 0.212598 0.976378 
vn 0 0.212598 0.976378 
vn 0 0.23622 -0.968504 
vn 0 0.417323 -0.905512 
vn 0 0.417323 -0.905512 
vn 0 0.23622 -0.968504 
vn 0 0.724409 -0.692913 
vn 0 0.724409 -0.692913 
vn 0 0.929134 -0.370079 
vn 0 0.929134 -0.370079 
vn 0 1 0 
vn 0 1 0 
vn -1 0 0 
vn -1 0 0 
vn -1 0 0 
vn -1 0 0 
vn -1 0 0 
vn -1 0 0 
vn -1 0 0 
vn -1 0 0 
vn -1 0 0 
vn -1 0 0 
vn 1 0 0 
vn 1 0 0 
vn 1 0 0 
vn 1 0 0 
vn 1 0 0 
vn 1 0 0 
vn 1 0 0 
vn 1 0 0 
vn 1 0 0 
vn 1 0 0 
vn 1 0 0 
vn 1 0 0 
vn -0.598425 0.590551 0.543307 
vn -0.582677 0.755906 0.291339 
vn -0.582677 0.755906 0.291339 
vn -0.598425 0.590551 0.543307 
vn -0.622047 0.314961 0.716535 
vn -0.622047 0.314961 0.716535 
vn -0.622047 0.15748 0.76378 
vn -0.622047 0.15748 0.76378 
vn -0.614173 0.330709 -0.716535 
vn -0.622047 0.181102 -0.76378 
vn -0.622047 0.181102 -0.76378 
vn -0.614173 0.330709 -0.716535 
vn -0.590551 0.582677 -0.559055 
vn -0.590551 0.582677 -0.559055 
vn -0.582677 0.755906 -0.299213 
vn -0.582677 0.755906 -0.299213 
vn -0.582677 0.811024 0 
vn -0.582677 0.811024 0 
vn 0.519685 0.795276 0.307087 
vn 0.535433 0.622047 0.574803 
vn 0.535433 0.622047 0.574803 
vn 0.519685 0.795276 0.307087 
vn 0.559055 0.330709 0.76378 
vn 0.559055 0.330709 0.76378 
vn 0.551181 0.346457 -0.755906 
vn 0.551181 0.346457 -0.755906 
vn 0.527559 0.614173 -0.582677 
vn 0.527559 0.614173 -0.582677 
vn 0.519685 0.795276 -0.314961 
vn 0.519685 0.795276 -0.314961 
vn 0.519685 0.858268 0 
vn 0.519685 0.858268 0 
vn -0.80315 0.590551 0 
vn -0.80315 0.590551 0 
vn -0.80315 0.590551 0 
vn 1 0 0 
vn 1 0 0 
vn 1 0 0 
vn 0 0 -1 
vn 0 0 -1 
vn 0 0 -1 
vn 0 0 -1 
vn 0.637795 0 -0.771654 
vn 0.637795 0 -0.771654 
vn 0.637795 0 -0.771654 
vn 0.637795 0 -0.771654 
vn 1 0 0 
vn 1 0 0 
vn 0.629921 0 0.779528 
vn 0.629921 0 0.779528 
vn 0.629921 0 0.779528 
vn 0.629921 0 0.779528 
vn 0 0 1 
vn 0 0 1 
vn -0.637795 0 0.771654 
vn -0.629921 0 0.771654 
vn -0.629921 0 0.771654 
vn -0.637795 0 0.771654 
vn -1 0 0 
vn -1 0 0 
vn -0.645669 0 -0.76378 
vn -0.645669 0 -0.76378 
vn -0.645669 0 -0.76378 
vn -0.645669 0 -0.76378 
vn 0 0 -1 
vn 0 0 -1 
vn 0.637795 0 -0.771654 
vn 0.637795 0 -0.771654 
vn 1 0 0 
vn 1 0 0 
vn 0.629921 0 0.779528 
vn 0.629921 0 0.779528 
vn 0 0 1 
vn 0 0 1 
vn -0.637795 0 0.771654 
vn -0.637795 0 0.771654 
vn -1 0 0 
vn -1 0 0 
vn -0.645669 0 -0.76378 
vn -0.645669 0 -0.76378 
vn -0.937008 0.0708661 -0.346457 
vn -0.937008 0.133858 -0.314961 
vn -0.937008 0.133858 -0.314961 
vn -0.937008 0.0708661 -0.346457 
vn -0.944882 0.23622 -0.23622 
vn -0.944882 0.23622 -0.23622 
vn -0.944882 0.307087 -0.125984 
vn -0.944882 0.307087 -0.125984 
vn -0.944882 0.330709 -0.0551181 
vn -0.944882 0.330709 -0.0551181 
vn -0.771654 0.125984 -0.629921 
vn -0.771654 0.244094 -0.582677 
vn -0.582677 0.314961 -0.748031 
vn -0.574803 0.165354 -0.80315 
vn -0.771654 0.448819 -0.448819 
vn -0.582677 0.574803 -0.574803 
vn -0.771654 0.582677 -0.244094 
vn -0.582677 0.748031 -0.307087 
vn -0.76378 0.629921 -0.125984 
vn -0.574803 0.80315 -0.15748 
vn -0.377953 0.181102 -0.905512 
vn -0.385827 0.354331 -0.850394 
vn -0.204724 0.370079 -0.905512 
vn -0.204724 0.188976 -0.96063 
vn -0.385827 0.653543 -0.653543 
vn -0.204724 0.692913 -0.692913 
vn -0.385827 0.850394 -0.354331 
vn -0.204724 0.905512 -0.370079 
vn -0.385827 0.905512 -0.173228 
vn -0.204724 0.96063 -0.181102 
vn -1 0 0 
vn -1 0 0 
vn -1 0 0 
vn -1 0 0 
vn -1 0 0 
vn -1 0 0 
vn -0.850394 0.480315 -0.19685 
vn -0.850394 0.519685 -0.102362 
vn -0.850394 0.370079 -0.370079 
vn -0.850394 0.19685 -0.480315 
vn -0.850394 0.102362 -0.519685 
vn -0.677165 -0.724409 -0.11811 
vn -0.645669 -0.724409 -0.23622 
vn -0.645669 -0.724409 -0.23622 
vn -0.677165 -0.724409 -0.11811 
vn -0.551181 -0.708661 -0.440945 
vn -0.425197 -0.685039 -0.590551 
vn -0.425197 -0.685039 -0.590551 
vn -0.551181 -0.708661 -0.440945 
vn -0.283465 -0.661417 -0.692913 
vn -0.15748 -0.645669 -0.748031 
vn -0.15748 -0.645669 -0.748031 
vn -0.283465 -0.661417 -0.692913 
vn -0.700787 -0.716535 0 
vn -0.700787 -0.716535 0 
vn -0.606299 -0.708661 -0.362205 
vn -0.606299 -0.708661 -0.362205 
vn 0 0.984252 -0.188976 
vn 0 0.92126 -0.377953 
vn 0 0.708661 -0.708661 
vn 0 0.377953 -0.92126 
vn 0 0.19685 -0.984252 
vn 0 -0.645669 -0.76378 
vn 0 -0.645669 -0.76378 
vn 0.937008 0.0708661 -0.346457 
vn 0.937008 0.0708661 -0.346457 
vn 0.937008 0.133858 -0.314961 
vn 0.937008 0.133858 -0.314961 
vn 0.944882 0.23622 -0.23622 
vn 0.944882 0.23622 -0.23622 
vn 0.944882 0.307087 -0.125984 
vn 0.944882 0.307087 -0.125984 
vn 0.944882 0.330709 -0.0551181 
vn 0.944882 0.330709 -0.0551181 
vn 0.771654 0.125984 -0.629921 
vn 0.574803 0.165354 -0.80315 
vn 0.582677 0.314961 -0.748031 
vn 0.771654 0.244094 -0.582677 
vn 0.582677 0.574803 -0.574803 
vn 0.771654 0.448819 -0.448819 
vn 0.582677 0.748031 -0.307087 
vn 0.771654 0.582677 -0.244094 
vn 0.574803 0.80315 -0.15748 
vn 0.76378 0.629921 -0.125984 
vn 0.377953 0.181102 -0.905512 
vn 0.204724 0.188976 -0.96063 
vn 0.204724 0.370079 -0.905512 
vn 0.385827 0.354331 -0.850394 
vn 0.204724 0.692913 -0.692913 
vn 0.385827 0.653543 -0.653543 
vn 0.204724 0.905512 -0.370079 
vn 0.385827 0.850394 -0.354331 
vn 0.204724 0.96063 -0.181102 
vn 0.385827 0.905512 -0.173228 
vn 1 0 0 
vn 1 0 0 
vn 1 0 0 
vn 1 0 0 
vn 1 0 0 
vn 1 0 0 
vn 0.850394 0.480315 -0.19685 
vn 0.850394 0.519685 -0.102362 
vn 0.850394 0.370079 -0.370079 
vn 0.850394 0.19685 -0.480315 
vn 0.850394 0.102362 -0.519685 
vn 0.677165 -0.724409 -0.11811 
vn 0.677165 -0.724409 -0.11811 
vn 0.645669 -0.724409 -0.23622 
vn 0.645669 -0.724409 -0.23622 
vn 0.551181 -0.708661 -0.440945 
vn 0.551181 -0.708661 -0.440945 
vn 0.425197 -0.685039 -0.590551 
vn 0.425197 -0.685039 -0.590551 
vn 0.283465 -0.661417 -0.692913 
vn 0.283465 -0.661417 -0.692913 
vn 0.15748 -0.645669 -0.748031 
vn 0.15748 -0.645669 -0.748031 
vn 0.700787 -0.716535 0 
vn 0.700787 -0.716535 0 
vn 0.606299 -0.708661 -0.362205 
vn 0.606299 -0.708661 -0.362205 
vn 0 -1 0 
vn 0 -1 0 
vn 0 -1 0 
vn 0 -1 0 
vn 0 -1 0 
vn 0 -1 0 
vn 0 -1 0 
vn 0 -1 0 
vn 0 -1 0 
vn 0 -1 0 
vn 0 -1 0 
vn 0 -1 0 
vn 0 -1 0 
vn 0 -1 0 
vn 0 -1 0 
vn 0 -1 0 

vt 0.629735 0.868901 
vt 0.609496 0.868901 
vt 0.609496 0.75755 
vt 0.629735 0.75755 
vt 0.677014 0.618454 
vt 0.677014 0.625444 
vt 0.67415 0.625444 
vt 0.67415 0.618454 
vt 0.677014 0.618454 
vt 0.692643 0.618454 
vt 0.692643 0.625444 
vt 0.677014 0.625444 
vt 0.692643 0.75755 
vt 0.692643 0.868901 
vt 0.677014 0.868901 
vt 0.677014 0.75755 
vt 0.692643 0.625444 
vt 0.692643 0.749551 
vt 0.677014 0.749551 
vt 0.677014 0.625444 
vt 0.67415 0.618454 
vt 0.67415 0.506879 
vt 0.677014 0.506879 
vt 0.677014 0.618454 
vt 0.674515 0.868901 
vt 0.67415 0.75755 
vt 0.67415 0.749551 
vt 0.67415 0.625444 
vt 0.677014 0.625444 
vt 0.677014 0.749551 
vt 0.692643 0.999594 
vt 0.692643 0.87549 
vt 0.703541 0.87549 
vt 0.703541 0.999591 
vt 0.67415 0.87549 
vt 0.677014 0.87549 
vt 0.677014 0.999592 
vt 0.67415 0.999585 
vt 0.629735 0.999585 
vt 0.609496 0.999585 
vt 0.609496 0.87549 
vt 0.629735 0.87549 
vt 0.677014 0.749551 
vt 0.677014 0.75755 
vt 0.67415 0.75755 
vt 0.67415 0.749551 
vt 0.629735 0.749551 
vt 0.609496 0.74946 
vt 0.609496 0.625444 
vt 0.629735 0.625444 
vt 0.629735 0.506879 
vt 0.609496 0.506879 
vt 0.609496 0.500404 
vt 0.629735 0.500404 
vt 0.677014 0.500404 
vt 0.677014 0.506879 
vt 0.67415 0.506879 
vt 0.67415 0.500404 
vt 0.677014 0.500404 
vt 0.692643 0.500404 
vt 0.692643 0.506879 
vt 0.677014 0.506879 
vt 0.674305 0.87549 
vt 0.674515 0.868901 
vt 0.677014 0.868901 
vt 0.677014 0.87549 
vt 0.677014 0.868901 
vt 0.692643 0.868901 
vt 0.692643 0.87549 
vt 0.677014 0.87549 
vt 0.629735 0.87549 
vt 0.609496 0.87549 
vt 0.609496 0.868901 
vt 0.629735 0.868901 
vt 0.629735 0.749551 
vt 0.629735 0.75755 
vt 0.609496 0.75755 
vt 0.609496 0.74946 
vt 0.629735 0.625444 
vt 0.609496 0.625444 
vt 0.609496 0.618454 
vt 0.629735 0.618454 
vt 0.677014 0.749551 
vt 0.692643 0.749551 
vt 0.692643 0.75755 
vt 0.677014 0.75755 
vt 0.506675 0.317931 
vt 0.506675 0.238663 
vt 0.547721 0.238663 
vt 0.547721 0.317931 
vt 0.703541 0.618454 
vt 0.703541 0.625444 
vt 0.692643 0.625444 
vt 0.692643 0.618454 
vt 0.703541 0.75755 
vt 0.703541 0.868901 
vt 0.703541 0.625444 
vt 0.703541 0.749551 
vt 0.677014 0.999592 
vt 0.677014 0.87549 
vt 0.692643 0.87549 
vt 0.692643 0.999594 
vt 0.703541 0.500404 
vt 0.703541 0.506879 
vt 0.692643 0.506879 
vt 0.692643 0.500404 
vt 0.703541 0.868901 
vt 0.703541 0.87549 
vt 0.692643 0.87549 
vt 0.692643 0.868901 
vt 0.703541 0.749551 
vt 0.703541 0.75755 
vt 0.692643 0.75755 
vt 0.692643 0.749551 
vt 0.692643 0.618454 
vt 0.677014 0.618454 
vt 0.677014 0.506879 
vt 0.692643 0.506879 
vt 0.629735 0.618454 
vt 0.609496 0.618454 
vt 0.609496 0.506879 
vt 0.629735 0.506879 
vt 0.703541 0.506879 
vt 0.703541 0.618454 
vt 0.550462 0.317931 
vt 0.547721 0.317931 
vt 0.547721 0.238663 
vt 0.550462 0.238663 
vt 0.504002 0.238663 
vt 0.506675 0.238663 
vt 0.506675 0.317931 
vt 0.503958 0.317931 
vt 0.550462 0.238663 
vt 0.547721 0.238663 
vt 0.550462 0.234446 
vt 0.504002 0.234446 
vt 0.506675 0.238663 
vt 0.504002 0.238663 
vt 0.550462 0.234446 
vt 0.547721 0.238663 
vt 0.506675 0.238663 
vt 0.504002 0.234446 
vt 0.43241 0.23471 
vt 0.433599 0.23471 
vt 0.433599 0.238651 
vt 0.43241 0.238651 
vt 0.410882 0.23471 
vt 0.43241 0.23471 
vt 0.43241 0.238651 
vt 0.410882 0.238651 
vt 0.445733 0.259475 
vt 0.445733 0.337326 
vt 0.444478 0.298104 
vt 0.444478 0.261781 
vt 0.39827 0.335945 
vt 0.39827 0.257535 
vt 0.399212 0.259979 
vt 0.399212 0.296722 
vt 0.40962 0.23471 
vt 0.410882 0.23471 
vt 0.410882 0.238651 
vt 0.40962 0.238651 
vt 0.410882 0.358885 
vt 0.40962 0.358885 
vt 0.40962 0.354954 
vt 0.410882 0.354954 
vt 0.433599 0.358885 
vt 0.43241 0.358885 
vt 0.43241 0.354954 
vt 0.433599 0.354954 
vt 0.43241 0.358885 
vt 0.410882 0.358885 
vt 0.410882 0.354954 
vt 0.43241 0.354954 
vt 0.43241 0.312666 
vt 0.43241 0.327169 
vt 0.410882 0.327169 
vt 0.410882 0.312113 
vt 0.43241 0.341174 
vt 0.410882 0.341174 
vt 0.43241 0.354954 
vt 0.410882 0.354954 
vt 0.43241 0.238651 
vt 0.43241 0.253188 
vt 0.410882 0.253188 
vt 0.410882 0.238651 
vt 0.43241 0.267379 
vt 0.410882 0.267379 
vt 0.43241 0.28254 
vt 0.410882 0.281344 
vt 0.43241 0.297778 
vt 0.410882 0.296512 
vt 0.436107 0.324624 
vt 0.433599 0.312367 
vt 0.444478 0.298104 
vt 0.439645 0.332452 
vt 0.444478 0.334851 
vt 0.44012 0.264071 
vt 0.444478 0.261781 
vt 0.436516 0.271361 
vt 0.433599 0.283023 
vt 0.433599 0.297992 
vt 0.40962 0.311624 
vt 0.406855 0.324129 
vt 0.399212 0.296722 
vt 0.403274 0.331509 
vt 0.403274 0.331509 
vt 0.399212 0.333596 
vt 0.399212 0.296722 
vt 0.399212 0.259979 
vt 0.403453 0.262687 
vt 0.407022 0.270321 
vt 0.40962 0.281736 
vt 0.40962 0.296289 
vt 0.43241 0.327169 
vt 0.43241 0.312666 
vt 0.433599 0.312367 
vt 0.433599 0.327169 
vt 0.43241 0.341174 
vt 0.433599 0.341174 
vt 0.43241 0.354954 
vt 0.433599 0.354954 
vt 0.43241 0.253188 
vt 0.43241 0.238651 
vt 0.433599 0.238651 
vt 0.433599 0.253188 
vt 0.43241 0.267379 
vt 0.433599 0.267379 
vt 0.43241 0.28254 
vt 0.433599 0.283023 
vt 0.43241 0.297778 
vt 0.433599 0.297992 
vt 0.410882 0.312113 
vt 0.410882 0.327169 
vt 0.40962 0.327169 
vt 0.40962 0.311624 
vt 0.410882 0.341174 
vt 0.40962 0.341174 
vt 0.410882 0.253188 
vt 0.40962 0.253188 
vt 0.410882 0.267379 
vt 0.40962 0.267379 
vt 0.410882 0.281344 
vt 0.40962 0.281736 
vt 0.410882 0.296512 
vt 0.40962 0.296289 
vt 0.444478 0.298104 
vt 0.445733 0.337326 
vt 0.444478 0.334851 
vt 0.39827 0.335945 
vt 0.399212 0.296722 
vt 0.399212 0.333596 
vt 0.652695 0.868901 
vt 0.629735 0.868901 
vt 0.629735 0.75755 
vt 0.652695 0.75755 
vt 0.652695 0.87549 
vt 0.629735 0.87549 
vt 0.629735 0.868901 
vt 0.652695 0.868901 
vt 0.652695 0.999585 
vt 0.652695 0.87549 
vt 0.652695 0.506879 
vt 0.629735 0.506879 
vt 0.629735 0.500404 
vt 0.652695 0.500404 
vt 0.652695 0.618454 
vt 0.652695 0.506879 
vt 0.652695 0.625444 
vt 0.629735 0.625444 
vt 0.629735 0.618454 
vt 0.652695 0.618454 
vt 0.652695 0.749551 
vt 0.652695 0.625444 
vt 0.652695 0.749551 
vt 0.652695 0.75755 
vt 0.629735 0.75755 
vt 0.629735 0.749551 
vt 0.674515 0.868901 
vt 0.67415 0.75755 
vt 0.674305 0.87549 
vt 0.674515 0.868901 
vt 0.67415 0.999585 
vt 0.67415 0.87549 
vt 0.67415 0.506879 
vt 0.67415 0.500404 
vt 0.67415 0.618454 
vt 0.67415 0.506879 
vt 0.67415 0.625444 
vt 0.67415 0.618454 
vt 0.67415 0.749551 
vt 0.67415 0.625444 
vt 0.67415 0.75755 
vt 0.67415 0.749551 
vt 0.609496 0.75755 
vt 0.611419 0.75755 
vt 0.61281 0.766128 
vt 0.609496 0.766128 
vt 0.613221 0.755644 
vt 0.615771 0.766128 
vt 0.614756 0.752527 
vt 0.618898 0.766128 
vt 0.614874 0.749551 
vt 0.622697 0.766128 
vt 0.609496 0.775854 
vt 0.613235 0.775854 
vt 0.613593 0.784646 
vt 0.609496 0.784646 
vt 0.616442 0.775854 
vt 0.616835 0.784646 
vt 0.62119 0.775854 
vt 0.621904 0.784646 
vt 0.626502 0.775854 
vt 0.628059 0.784646 
vt 0.609496 0.793588 
vt 0.613831 0.793588 
vt 0.613868 0.803095 
vt 0.609496 0.803095 
vt 0.617213 0.793588 
vt 0.617543 0.803095 
vt 0.622454 0.793588 
vt 0.622715 0.803095 
vt 0.628864 0.793588 
vt 0.62939 0.803095 
vt 0.611419 0.75755 
vt 0.609496 0.75755 
vt 0.609496 0.74946 
vt 0.613221 0.755644 
vt 0.614756 0.752527 
vt 0.614874 0.749551 
vt 0.618898 0.766128 
vt 0.622697 0.766128 
vt 0.615771 0.766128 
vt 0.61281 0.766128 
vt 0.609496 0.766128 
vt 0.550462 0.330226 
vt 0.550462 0.342941 
vt 0.547606 0.339435 
vt 0.547606 0.328727 
vt 0.550462 0.358546 
vt 0.544347 0.358546 
vt 0.542299 0.354463 
vt 0.547606 0.354463 
vt 0.538943 0.358546 
vt 0.533011 0.358546 
vt 0.532356 0.354463 
vt 0.537544 0.354463 
vt 0.550462 0.317931 
vt 0.547684 0.317931 
vt 0.550462 0.342941 
vt 0.547606 0.339435 
vt 0.629526 0.81216 
vt 0.622816 0.81216 
vt 0.617559 0.81216 
vt 0.613886 0.81216 
vt 0.609496 0.81216 
vt 0.527218 0.358546 
vt 0.527312 0.354463 
vt 0.609496 0.868901 
vt 0.609496 0.859619 
vt 0.61261 0.859619 
vt 0.611419 0.868901 
vt 0.615635 0.859619 
vt 0.613221 0.869669 
vt 0.618523 0.859619 
vt 0.614756 0.871589 
vt 0.622427 0.859619 
vt 0.614874 0.875527 
vt 0.609496 0.850154 
vt 0.609496 0.840754 
vt 0.613617 0.840754 
vt 0.613268 0.850154 
vt 0.61676 0.840754 
vt 0.616344 0.850154 
vt 0.621758 0.840754 
vt 0.62097 0.850154 
vt 0.627949 0.840754 
vt 0.626328 0.850154 
vt 0.609496 0.831465 
vt 0.609496 0.822013 
vt 0.613872 0.822013 
vt 0.613845 0.831465 
vt 0.617521 0.822013 
vt 0.617165 0.831465 
vt 0.62267 0.822013 
vt 0.622352 0.831465 
vt 0.629356 0.822013 
vt 0.628793 0.831465 
vt 0.611419 0.868901 
vt 0.609496 0.87549 
vt 0.609496 0.868901 
vt 0.613221 0.869669 
vt 0.614756 0.871589 
vt 0.614874 0.875527 
vt 0.618523 0.859619 
vt 0.622427 0.859619 
vt 0.615635 0.859619 
vt 0.61261 0.859619 
vt 0.609496 0.859619 
vt 0.503958 0.330314 
vt 0.506754 0.32883 
vt 0.506754 0.339446 
vt 0.503958 0.343043 
vt 0.503958 0.358546 
vt 0.506754 0.354463 
vt 0.512087 0.354463 
vt 0.510062 0.358546 
vt 0.51543 0.358546 
vt 0.51681 0.354463 
vt 0.52211 0.354463 
vt 0.521425 0.358546 
vt 0.503958 0.317931 
vt 0.50667 0.317931 
vt 0.503958 0.343043 
vt 0.506754 0.339446 
vt 0.547606 0.328727 
vt 0.547606 0.339435 
vt 0.527174 0.317931 
vt 0.547606 0.354463 
vt 0.542299 0.354463 
vt 0.537544 0.354463 
vt 0.532356 0.354463 
vt 0.547684 0.317931 
vt 0.527312 0.354463 
vt 0.506754 0.339446 
vt 0.506754 0.32883 
vt 0.512087 0.354463 
vt 0.506754 0.354463 
vt 0.52211 0.354463 
vt 0.51681 0.354463 
vt 0.50667 0.317931 

usemtl 1Mtl

f 432/432/432 433/433/433 434/434/434 
f 432/432/432 434/434/434 435/435/435 
f 436/436/436 437/437/437 438/438/438 
f 436/436/436 438/438/438 439/439/439 
f 440/440/440 441/441/441 442/442/442 
f 440/440/440 442/442/442 443/443/443 
f 444/444/444 445/445/445 446/446/446 
f 444/444/444 446/446/446 447/447/447 
f 448/448/448 449/449/449 450/450/450 
f 448/448/448 450/450/450 451/451/451 
f 452/452/452 453/453/453 454/454/454 
f 452/452/452 454/454/454 455/455/455 
f 446/446/446 456/456/456 457/457/457 
f 446/446/446 457/457/457 447/447/447 
f 458/458/458 459/459/459 460/460/460 
f 458/458/458 460/460/460 461/461/461 
f 462/462/462 463/463/463 464/464/464 
f 462/462/462 464/464/464 465/465/465 
f 466/466/466 467/467/467 468/468/468 
f 466/466/466 468/468/468 469/469/469 
f 470/470/470 471/471/471 472/472/472 
f 470/470/470 472/472/472 473/473/473 
f 474/474/474 475/475/475 476/476/476 
f 474/474/474 476/476/476 477/477/477 
f 478/478/478 479/479/479 480/480/480 
f 478/478/478 480/480/480 481/481/481 
f 482/482/482 483/483/483 484/484/484 
f 482/482/482 484/484/484 485/485/485 
f 486/486/486 487/487/487 488/488/488 
f 486/486/486 488/488/488 489/489/489 
f 490/490/490 491/491/491 492/492/492 
f 490/490/490 492/492/492 493/493/493 
f 494/494/494 495/495/495 496/496/496 
f 494/494/494 496/496/496 497/497/497 
f 498/498/498 499/499/499 500/500/500 
f 498/498/498 500/500/500 501/501/501 
f 502/502/502 503/503/503 504/504/504 
f 502/502/502 504/504/504 505/505/505 
f 506/506/506 507/507/507 508/508/508 
f 506/506/506 508/508/508 509/509/509 
f 510/510/510 511/511/511 512/512/512 
f 510/510/510 512/512/512 513/513/513 
f 514/514/514 515/515/515 516/516/516 
f 514/514/514 516/516/516 517/517/517 
f 518/518/518 519/519/519 520/520/520 
f 518/518/518 520/520/520 521/521/521 
f 522/522/522 523/523/523 524/524/524 
f 522/522/522 524/524/524 525/525/525 
f 526/526/526 527/527/527 445/445/445 
f 526/526/526 445/445/445 444/444/444 
f 528/528/528 529/529/529 449/449/449 
f 528/528/528 449/449/449 448/448/448 
f 530/530/530 531/531/531 532/532/532 
f 530/530/530 532/532/532 533/533/533 
f 534/534/534 535/535/535 536/536/536 
f 534/534/534 536/536/536 537/537/537 
f 538/538/538 539/539/539 540/540/540 
f 538/538/538 540/540/540 541/541/541 
f 542/542/542 543/543/543 544/544/544 
f 542/542/542 544/544/544 545/545/545 
f 546/546/546 547/547/547 548/548/548 
f 546/546/546 548/548/548 549/549/549 
f 550/550/550 551/551/551 552/552/552 
f 550/550/550 552/552/552 553/553/553 
f 554/554/554 555/555/555 546/546/546 
f 554/554/554 546/546/546 549/549/549 
f 556/556/556 557/557/557 558/558/558 
f 556/556/556 558/558/558 559/559/559 
f 560/560/560 561/561/561 562/562/562 
f 560/560/560 562/562/562 563/563/563 
f 564/564/564 565/565/565 566/566/566 
f 567/567/567 568/568/568 569/569/569 
f 570/570/570 571/571/571 572/572/572 
f 570/570/570 572/572/572 573/573/573 
f 574/574/574 575/575/575 576/576/576 
f 574/574/574 576/576/576 577/577/577 
f 578/578/578 579/579/579 580/580/580 
f 578/578/578 580/580/580 581/581/581 
f 582/582/582 583/583/583 584/584/584 
f 582/582/582 584/584/584 585/585/585 
f 586/586/586 587/587/587 588/588/588 
f 586/586/586 588/588/588 589/589/589 
f 590/590/590 591/591/591 592/592/592 
f 590/590/590 592/592/592 593/593/593 
f 594/594/594 595/595/595 596/596/596 
f 594/594/594 596/596/596 597/597/597 
f 598/598/598 599/599/599 600/600/600 
f 598/598/598 600/600/600 601/601/601 
f 602/602/602 603/603/603 604/604/604 
f 602/602/602 604/604/604 605/605/605 
f 606/606/606 607/607/607 608/608/608 
f 606/606/606 608/608/608 609/609/609 
f 607/607/607 610/610/610 611/611/611 
f 607/607/607 611/611/611 608/608/608 
f 610/610/610 612/612/612 613/613/613 
f 610/610/610 613/613/613 611/611/611 
f 614/614/614 615/615/615 616/616/616 
f 614/614/614 616/616/616 617/617/617 
f 615/615/615 618/618/618 619/619/619 
f 615/615/615 619/619/619 616/616/616 
f 618/618/618 620/620/620 621/621/621 
f 618/618/618 621/621/621 619/619/619 
f 620/620/620 622/622/622 623/623/623 
f 620/620/620 623/623/623 621/621/621 
f 622/622/622 606/606/606 609/609/609 
f 622/622/622 609/609/609 623/623/623 
f 624/624/624 625/625/625 626/626/626 
f 627/627/627 624/624/624 626/626/626 
f 628/628/628 627/627/627 626/626/626 
f 629/629/629 630/630/630 626/626/626 
f 631/631/631 629/629/629 626/626/626 
f 632/632/632 631/631/631 626/626/626 
f 633/633/633 632/632/632 626/626/626 
f 625/625/625 633/633/633 626/626/626 
f 634/634/634 635/635/635 636/636/636 
f 635/635/635 637/637/637 636/636/636 
f 638/638/638 639/639/639 640/640/640 
f 641/641/641 642/642/642 636/636/636 
f 642/642/642 643/643/643 636/636/636 
f 643/643/643 644/644/644 636/636/636 
f 644/644/644 645/645/645 636/636/636 
f 645/645/645 634/634/634 636/636/636 
f 646/646/646 647/647/647 648/648/648 
f 646/646/646 648/648/648 649/649/649 
f 650/650/650 646/646/646 649/649/649 
f 650/650/650 649/649/649 651/651/651 
f 652/652/652 650/650/650 651/651/651 
f 652/652/652 651/651/651 653/653/653 
f 654/654/654 655/655/655 656/656/656 
f 654/654/654 656/656/656 657/657/657 
f 658/658/658 654/654/654 657/657/657 
f 658/658/658 657/657/657 659/659/659 
f 660/660/660 658/658/658 659/659/659 
f 660/660/660 659/659/659 661/661/661 
f 662/662/662 660/660/660 661/661/661 
f 662/662/662 661/661/661 663/663/663 
f 647/647/647 662/662/662 663/663/663 
f 647/647/647 663/663/663 648/648/648 
f 664/664/664 665/665/665 666/666/666 
f 664/664/664 666/666/666 667/667/667 
f 665/665/665 668/668/668 669/669/669 
f 665/665/665 669/669/669 666/666/666 
f 668/668/668 597/597/597 596/596/596 
f 668/668/668 596/596/596 669/669/669 
f 592/592/592 670/670/670 671/671/671 
f 592/592/592 671/671/671 593/593/593 
f 670/670/670 672/672/672 673/673/673 
f 670/670/670 673/673/673 671/671/671 
f 672/672/672 674/674/674 675/675/675 
f 672/672/672 675/675/675 673/673/673 
f 674/674/674 676/676/676 677/677/677 
f 674/674/674 677/677/677 675/675/675 
f 676/676/676 664/664/664 667/667/667 
f 676/676/676 667/667/667 677/677/677 
f 678/678/678 679/679/679 680/680/680 
f 681/681/681 682/682/682 683/683/683 
f 684/684/684 685/685/685 686/686/686 
f 684/684/684 686/686/686 687/687/687 
f 688/688/688 689/689/689 690/690/690 
f 688/688/688 690/690/690 691/691/691 
f 692/692/692 470/470/470 473/473/473 
f 692/692/692 473/473/473 693/693/693 
f 694/694/694 695/695/695 696/696/696 
f 694/694/694 696/696/696 697/697/697 
f 698/698/698 550/550/550 553/553/553 
f 698/698/698 553/553/553 699/699/699 
f 700/700/700 701/701/701 702/702/702 
f 700/700/700 702/702/702 703/703/703 
f 704/704/704 478/478/478 481/481/481 
f 704/704/704 481/481/481 705/705/705 
f 706/706/706 707/707/707 708/708/708 
f 706/706/706 708/708/708 709/709/709 
f 710/710/710 684/684/684 687/687/687 
f 710/710/710 687/687/687 711/711/711 
f 712/712/712 688/688/688 691/691/691 
f 712/712/712 691/691/691 713/713/713 
f 714/714/714 692/692/692 693/693/693 
f 714/714/714 693/693/693 715/715/715 
f 716/716/716 694/694/694 697/697/697 
f 716/716/716 697/697/697 717/717/717 
f 718/718/718 698/698/698 699/699/699 
f 718/718/718 699/699/699 719/719/719 
f 720/720/720 700/700/700 703/703/703 
f 720/720/720 703/703/703 721/721/721 
f 722/722/722 704/704/704 705/705/705 
f 722/722/722 705/705/705 723/723/723 
f 724/724/724 707/707/707 706/706/706 
f 724/724/724 706/706/706 725/725/725 
f 726/726/726 727/727/727 728/728/728 
f 726/726/726 728/728/728 729/729/729 
f 727/727/727 730/730/730 731/731/731 
f 727/727/727 731/731/731 728/728/728 
f 730/730/730 732/732/732 733/733/733 
f 730/730/730 733/733/733 731/731/731 
f 732/732/732 734/734/734 735/735/735 
f 732/732/732 735/735/735 733/733/733 
f 736/736/736 737/737/737 738/738/738 
f 736/736/736 738/738/738 739/739/739 
f 737/737/737 740/740/740 741/741/741 
f 737/737/737 741/741/741 738/738/738 
f 740/740/740 742/742/742 743/743/743 
f 740/740/740 743/743/743 741/741/741 
f 742/742/742 744/744/744 745/745/745 
f 742/742/742 745/745/745 743/743/743 
f 746/746/746 747/747/747 748/748/748 
f 746/746/746 748/748/748 749/749/749 
f 747/747/747 750/750/750 751/751/751 
f 747/747/747 751/751/751 748/748/748 
f 750/750/750 752/752/752 753/753/753 
f 750/750/750 753/753/753 751/751/751 
f 752/752/752 754/754/754 755/755/755 
f 752/752/752 755/755/755 753/753/753 
f 756/756/756 757/757/757 758/758/758 
f 759/759/759 756/756/756 758/758/758 
f 760/760/760 759/759/759 758/758/758 
f 761/761/761 760/760/760 758/758/758 
f 762/762/762 763/763/763 744/744/744 
f 762/762/762 744/744/744 742/742/742 
f 764/764/764 762/762/762 742/742/742 
f 764/764/764 742/742/742 740/740/740 
f 765/765/765 764/764/764 740/740/740 
f 765/765/765 740/740/740 737/737/737 
f 766/766/766 765/765/765 737/737/737 
f 766/766/766 737/737/737 736/736/736 
f 767/767/767 768/768/768 769/769/769 
f 767/767/767 769/769/769 770/770/770 
f 771/771/771 772/772/772 773/773/773 
f 771/771/771 773/773/773 774/774/774 
f 775/775/775 776/776/776 777/777/777 
f 775/775/775 777/777/777 778/778/778 
f 779/779/779 767/767/767 770/770/770 
f 779/779/779 770/770/770 780/780/780 
f 781/781/781 771/771/771 774/774/774 
f 781/781/781 774/774/774 782/782/782 
f 753/753/753 755/755/755 783/783/783 
f 753/753/753 783/783/783 784/784/784 
f 751/751/751 753/753/753 784/784/784 
f 751/751/751 784/784/784 785/785/785 
f 748/748/748 751/751/751 785/785/785 
f 748/748/748 785/785/785 786/786/786 
f 749/749/749 748/748/748 786/786/786 
f 749/749/749 786/786/786 787/787/787 
f 777/777/777 776/776/776 788/788/788 
f 777/777/777 788/788/788 789/789/789 
f 743/743/743 745/745/745 754/754/754 
f 743/743/743 754/754/754 752/752/752 
f 741/741/741 743/743/743 752/752/752 
f 741/741/741 752/752/752 750/750/750 
f 738/738/738 741/741/741 750/750/750 
f 738/738/738 750/750/750 747/747/747 
f 739/739/739 738/738/738 747/747/747 
f 739/739/739 747/747/747 746/746/746 
f 773/773/773 772/772/772 775/775/775 
f 773/773/773 775/775/775 778/778/778 
f 790/790/790 791/791/791 792/792/792 
f 790/790/790 792/792/792 793/793/793 
f 793/793/793 792/792/792 794/794/794 
f 793/793/793 794/794/794 795/795/795 
f 795/795/795 794/794/794 796/796/796 
f 795/795/795 796/796/796 797/797/797 
f 797/797/797 796/796/796 798/798/798 
f 797/797/797 798/798/798 799/799/799 
f 800/800/800 801/801/801 802/802/802 
f 800/800/800 802/802/802 803/803/803 
f 803/803/803 802/802/802 804/804/804 
f 803/803/803 804/804/804 805/805/805 
f 805/805/805 804/804/804 806/806/806 
f 805/805/805 806/806/806 807/807/807 
f 807/807/807 806/806/806 808/808/808 
f 807/807/807 808/808/808 809/809/809 
f 810/810/810 811/811/811 812/812/812 
f 810/810/810 812/812/812 813/813/813 
f 813/813/813 812/812/812 814/814/814 
f 813/813/813 814/814/814 815/815/815 
f 815/815/815 814/814/814 816/816/816 
f 815/815/815 816/816/816 817/817/817 
f 817/817/817 816/816/816 818/818/818 
f 817/817/817 818/818/818 819/819/819 
f 820/820/820 821/821/821 822/822/822 
f 823/823/823 821/821/821 820/820/820 
f 824/824/824 821/821/821 823/823/823 
f 825/825/825 821/821/821 824/824/824 
f 826/826/826 807/807/807 809/809/809 
f 826/826/826 809/809/809 827/827/827 
f 828/828/828 805/805/805 807/807/807 
f 828/828/828 807/807/807 826/826/826 
f 829/829/829 803/803/803 805/805/805 
f 829/829/829 805/805/805 828/828/828 
f 830/830/830 800/800/800 803/803/803 
f 830/830/830 803/803/803 829/829/829 
f 831/831/831 832/832/832 833/833/833 
f 831/831/831 833/833/833 834/834/834 
f 835/835/835 836/836/836 837/837/837 
f 835/835/835 837/837/837 838/838/838 
f 839/839/839 840/840/840 841/841/841 
f 839/839/839 841/841/841 842/842/842 
f 843/843/843 844/844/844 832/832/832 
f 843/843/843 832/832/832 831/831/831 
f 845/845/845 846/846/846 836/836/836 
f 845/845/845 836/836/836 835/835/835 
f 816/816/816 784/784/784 783/783/783 
f 816/816/816 783/783/783 818/818/818 
f 814/814/814 785/785/785 784/784/784 
f 814/814/814 784/784/784 816/816/816 
f 812/812/812 786/786/786 785/785/785 
f 812/812/812 785/785/785 814/814/814 
f 811/811/811 787/787/787 786/786/786 
f 811/811/811 786/786/786 812/812/812 
f 841/841/841 789/789/789 788/788/788 
f 841/841/841 788/788/788 842/842/842 
f 806/806/806 817/817/817 819/819/819 
f 806/806/806 819/819/819 808/808/808 
f 804/804/804 815/815/815 817/817/817 
f 804/804/804 817/817/817 806/806/806 
f 802/802/802 813/813/813 815/815/815 
f 802/802/802 815/815/815 804/804/804 
f 801/801/801 810/810/810 813/813/813 
f 801/801/801 813/813/813 802/802/802 
f 837/837/837 840/840/840 839/839/839 
f 837/837/837 839/839/839 838/838/838 
f 847/847/847 848/848/848 849/849/849 
f 850/850/850 851/851/851 849/849/849 
f 852/852/852 853/853/853 849/849/849 
f 854/854/854 847/847/847 849/849/849 
f 848/848/848 850/850/850 849/849/849 
f 853/853/853 855/855/855 849/849/849 
f 851/851/851 852/852/852 849/849/849 
f 856/856/856 857/857/857 849/849/849 
f 858/858/858 859/859/859 849/849/849 
f 860/860/860 861/861/861 849/849/849 
f 857/857/857 862/862/862 849/849/849 
f 859/859/859 856/856/856 849/849/849 
f 855/855/855 860/860/860 849/849/849 
f 861/861/861 858/858/858 849/849/849 

g 3

v 42.6076 2.3519 -11.4019 
v 42.2998 2.2919 -11.373 
v 42.2934 2.4988 -11.2894 
v 42.6007 2.5405 -11.3241 
v 42.2752 2.2723 -11.3419 
v 42.2674 2.4832 -11.2573 
v 42.2934 2.4988 -11.2894 
v 42.2998 2.2919 -11.373 
v 42.6363 2.5332 -11.2989 
v 42.6443 2.3375 -11.3819 
v 42.6076 2.3519 -11.4019 
v 42.6007 2.5405 -11.3241 
v 42.3355 2.1026 -11.0872 
v 42.3153 2.3687 -10.971 
v 42.2674 2.4832 -11.2573 
v 42.2752 2.2723 -11.3419 
v 42.684 2.4187 -11.0126 
v 42.7047 2.1678 -11.1272 
v 42.6443 2.3375 -11.3819 
v 42.6363 2.5332 -11.2989 
v 42.3722 2.0881 -11.0673 
v 42.3508 2.3613 -10.9459 
v 42.3153 2.3687 -10.971 
v 42.3355 2.1026 -11.0872 
v 42.6581 2.403 -10.9805 
v 42.6801 2.1482 -11.0962 
v 42.7047 2.1678 -11.1272 
v 42.684 2.4187 -11.0126 
v 42.3722 2.0881 -11.0673 
v 42.6801 2.1482 -11.0962 
v 42.6581 2.403 -10.9805 
v 42.3508 2.3613 -10.9459 
v 42.5705 3.1002 -10.7422 
v 42.3813 3.5435 -10.8052 
v 42.2844 3.5028 -10.7007 
v 42.4737 3.0589 -10.6378 
v 42.1382 3.4453 -10.6308 
v 42.3265 3.0038 -10.568 
v 41.8587 3.3401 -10.6086 
v 42.0436 2.9075 -10.5459 
v 41.9966 2.9465 -11.1514 
v 41.8203 3.3534 -11.2152 
v 41.862 3.3688 -11.2477 
v 42.0389 2.9603 -11.1839 
v 42.3113 3.0494 -11.1627 
v 42.1306 3.4681 -11.2264 
v 42.2786 3.5203 -11.1566 
v 42.462 3.0938 -11.0929 
v 42.3782 3.5529 -11.052 
v 42.5642 3.119 -10.9885 
v 42.4021 3.5567 -10.9285 
v 42.5902 3.1169 -10.8652 
v 42.2147 3.8226 -10.8829 
v 41.7317 3.6231 -10.9918 
v 42.1292 3.7873 -10.7906 
v 42.0013 3.7344 -10.7289 
v 41.7317 3.6231 -10.7072 
v 41.758 3.6339 -10.7094 
v 41.7317 3.6231 -11.2405 
v 42.0013 3.7344 -11.2546 
v 41.768 3.638 -11.2734 
v 42.1292 3.7873 -11.193 
v 42.1292 3.7873 -11.193 
v 41.7317 3.6231 -10.9918 
v 42.2147 3.8226 -11.1007 
v 42.2147 3.8226 -11.1007 
v 41.7317 3.6231 -10.9918 
v 42.234 3.8311 -10.9917 
v 42.234 3.8311 -10.9917 
v 41.7317 3.6231 -10.9918 
v 42.2147 3.8226 -10.8829 
v 42.4998 2.9837 -10.6471 
v 42.5936 3.0315 -10.7515 
v 42.3545 2.9258 -10.576 
v 42.0715 2.8332 -10.5497 
v 42.0461 2.9378 -11.1782 
v 42.0035 2.9251 -11.145 
v 42.4734 3.0557 -11.0953 
v 42.3199 3.0199 -11.1616 
v 42.5793 3.0704 -10.994 
v 42.6094 3.0576 -10.8731 
v 41.7317 3.6231 -11.2405 
v 41.7143 3.5737 -11.2724 
v 41.7147 3.5724 -10.9858 
v 41.7317 3.6231 -10.9918 
v 41.7317 3.6231 -10.9918 
v 41.7147 3.5724 -10.9858 
v 41.7152 3.5711 -10.7017 
v 41.7317 3.6231 -10.7072 
v 42.0035 2.9251 -11.145 
v 42.0222 2.8742 -10.8638 
v 42.0049 2.9218 -10.8654 
v 41.9966 2.9465 -11.1514 
v 42.0222 2.8742 -10.8638 
v 42.0409 2.8232 -10.5862 
v 42.0131 2.8972 -10.5828 
v 42.0049 2.9218 -10.8654 
v 42.677 2.2623 -10.9868 
v 42.2134 2.3211 -11.138 
v 42.7649 2.3089 -11.0923 
v 42.534 2.2255 -10.9061 
v 42.2509 2.199 -10.8516 
v 42.4552 2.4533 -11.4378 
v 42.1711 2.4423 -11.4233 
v 42.6167 2.4366 -11.3937 
v 42.7322 2.4033 -11.3126 
v 42.7724 2.3542 -11.2067 
v 42.7996 2.4049 -11.1965 
v 42.792 2.3546 -11.0698 
v 42.7649 2.3089 -11.0923 
v 42.7724 2.3542 -11.2067 
v 42.6954 2.3013 -10.9526 
v 42.677 2.2623 -10.9868 
v 42.5376 2.2579 -10.8629 
v 42.534 2.2255 -10.9061 
v 42.2209 2.2218 -10.8018 
v 42.2509 2.199 -10.8516 
v 42.1699 2.3179 -11.1332 
v 42.2076 2.2112 -10.8806 
v 42.1821 2.2336 -10.8307 
v 42.1377 2.3542 -11.1135 
v 42.132 2.4258 -11.389 
v 42.1699 2.3179 -11.1332 
v 42.1377 2.3542 -11.1135 
v 42.0911 2.4762 -11.3993 
v 42.1374 2.4909 -11.4354 
v 42.1711 2.4423 -11.4233 
v 42.132 2.4258 -11.389 
v 42.0911 2.4762 -11.3993 
v 42.6264 2.4925 -11.4035 
v 42.6167 2.4366 -11.3937 
v 42.4552 2.4533 -11.4378 
v 42.4476 2.5077 -11.452 
v 42.7547 2.4581 -11.3138 
v 42.7322 2.4033 -11.3126 
v 42.1821 2.2336 -10.8307 
v 42.2076 2.2112 -10.8806 
v 42.2509 2.199 -10.8516 
v 42.2209 2.2218 -10.8018 
v 42.0436 2.9075 -10.5459 
v 42.0131 2.8972 -10.5828 
v 42.0409 2.8232 -10.5862 
v 42.0715 2.8332 -10.5497 
v 41.8587 3.3401 -10.6086 
v 41.8286 3.3287 -10.6455 
v 42.1711 2.4423 -11.4233 
v 42.1374 2.4909 -11.4354 
v 42.0389 2.9603 -11.1839 
v 42.0461 2.9378 -11.1782 
v 41.862 3.3688 -11.2477 
v 41.758 3.6339 -10.7094 
v 41.7317 3.6231 -10.7072 
v 41.7152 3.5711 -10.7017 
v 41.745 3.5833 -10.6648 
v 42.0215 3.6965 -10.687 
v 42.0013 3.7344 -10.7289 
v 41.758 3.6339 -10.7094 
v 41.745 3.5833 -10.6648 
v 42.1667 3.7562 -10.757 
v 42.1292 3.7873 -10.7906 
v 42.2637 3.7964 -10.8617 
v 42.2147 3.8226 -10.8829 
v 42.2855 3.8064 -10.9852 
v 42.234 3.8311 -10.9917 
v 42.2634 3.7973 -11.1088 
v 42.2147 3.8226 -11.1007 
v 42.1661 3.758 -11.2136 
v 42.1292 3.7873 -11.193 
v 42.0207 3.6989 -11.2836 
v 42.0013 3.7344 -11.2546 
v 41.768 3.638 -11.2734 
v 41.7555 3.5905 -11.3048 
v 41.7143 3.5737 -11.2724 
v 41.7317 3.6231 -11.2405 
v 41.768 3.638 -11.2734 
v 41.7555 3.5905 -11.3048 
v 41.7147 3.5724 -10.9858 
v 42.0131 2.8972 -10.5828 
v 41.8286 3.3287 -10.6455 
v 41.7152 3.5711 -10.7017 
v 41.7147 3.5724 -10.9858 
v 42.0049 2.9218 -10.8654 
v 42.0131 2.8972 -10.5828 
v 41.7147 3.5724 -10.9858 
v 41.9966 2.9465 -11.1514 
v 42.0049 2.9218 -10.8654 
v 41.7143 3.5737 -11.2724 
v 41.8203 3.3534 -11.2152 
v 41.9966 2.9465 -11.1514 
v 41.7147 3.5724 -10.9858 
v 42.0843 2.743 -11.308 
v 42.0399 2.7292 -11.2733 
v 42.0727 2.6424 -10.9898 
v 42.0399 2.7292 -11.2733 
v 42.1044 2.5564 -10.7095 
v 42.0727 2.6424 -10.9898 
v 42.1044 2.5564 -10.7095 
v 42.1391 2.5554 -10.6769 
v 42.1391 2.5554 -10.6769 
v 42.4391 2.6194 -10.7208 
v 42.5907 2.67 -10.8012 
v 42.6859 2.7206 -10.9121 
v 42.6976 2.7589 -11.0363 
v 42.66 2.7921 -11.1554 
v 42.5428 2.8022 -11.2508 
v 42.3765 2.7921 -11.3081 
v 42.0843 2.743 -11.308 
v 42.2134 2.3211 -11.138 
v 42.1699 2.3179 -11.1332 
v 42.132 2.4258 -11.389 
v 42.1711 2.4423 -11.4233 
v 42.2076 2.2112 -10.8806 
v 42.2509 2.199 -10.8516 
v 42.6264 2.4925 -11.4035 
v 42.4476 2.5077 -11.452 
v 42.7547 2.4581 -11.3138 
v 42.7996 2.4049 -11.1965 
v 42.792 2.3546 -11.0698 
v 42.6954 2.3013 -10.9526 
v 42.5376 2.2579 -10.8629 
v 42.2209 2.2218 -10.8018 
v 42.1821 2.2336 -10.8307 
v 42.2209 2.2218 -10.8018 
v 42.1821 2.2336 -10.8307 
v 42.1377 2.3542 -11.1135 
v 42.1377 2.3542 -11.1135 
v 42.0911 2.4762 -11.3993 
v 42.1374 2.4909 -11.4354 
v 42.0911 2.4762 -11.3993 
v 42.1374 2.4909 -11.4354 
v 41.745 3.5833 -10.6648 
v 41.7152 3.5711 -10.7017 
v 42.0215 3.6965 -10.687 
v 41.745 3.5833 -10.6648 
v 42.1667 3.7562 -10.757 
v 42.2637 3.7964 -10.8617 
v 42.2855 3.8064 -10.9852 
v 42.2634 3.7973 -11.1088 
v 42.1661 3.758 -11.2136 
v 42.0207 3.6989 -11.2836 
v 41.7555 3.5905 -11.3048 
v 41.7143 3.5737 -11.2724 
v 41.7555 3.5905 -11.3048 
v 42.178 2.0876 -11.2188 
v 42.203 2.0241 -11.0723 
v 42.2691 2.1216 -10.9762 
v 42.2347 2.2083 -11.1761 
v 42.3599 2.1771 -10.9676 
v 42.3263 2.2647 -11.1674 
v 42.4842 2.2162 -10.9719 
v 42.4506 2.3038 -11.1717 
v 42.6152 2.2174 -10.9938 
v 42.5816 2.3051 -11.1936 
v 42.697 2.2677 -11.2296 
v 42.7306 2.1802 -11.0298 
v 42.8398 2.1009 -11.0828 
v 42.8062 2.1884 -11.2827 
v 42.8829 1.9889 -11.1388 
v 42.8493 2.0765 -11.3386 
v 42.877 1.8688 -11.1899 
v 42.8434 1.9565 -11.3897 
v 42.826 1.762 -11.2275 
v 42.7924 1.8496 -11.4273 
v 42.7659 1.6974 -11.2453 
v 42.7323 1.7849 -11.4451 
v 42.6732 1.65 -11.25 
v 42.6397 1.7376 -11.4497 
v 42.6089 1.6733 -11.2289 
v 42.5753 1.7608 -11.4286 
v 42.56 1.7898 -11.4134 
v 42.5753 1.7608 -11.4286 
v 42.6089 1.6733 -11.2289 
v 42.5935 1.7024 -11.2137 
v 42.2003 1.891 -11.3079 
v 42.185 1.9527 -11.1816 
v 42.1713 1.9872 -11.2612 
v 42.6856 1.6762 -11.1904 
v 42.7579 1.9319 -11.0917 
v 42.6438 1.6911 -11.1768 
v 42.698 1.9208 -11.1367 
v 42.6639 2.0076 -11.3367 
v 42.56 1.7898 -11.4134 
v 42.5935 1.7024 -11.2137 
v 42.8443 1.8632 -11.1363 
v 42.8509 1.963 -11.0941 
v 42.4357 2.015 -11.0509 
v 42.4016 2.1018 -11.2509 
v 42.533 2.0547 -11.2939 
v 42.5671 1.9678 -11.0939 
v 42.3563 2.0164 -11.2802 
v 42.4016 2.1018 -11.2509 
v 42.4357 2.015 -11.0509 
v 42.3824 1.9497 -11.1282 
v 42.2691 2.1216 -10.9762 
v 42.203 2.0241 -11.0723 
v 42.2522 1.9928 -11.0347 
v 42.3183 2.0883 -10.9459 
v 42.3599 2.1771 -10.9676 
v 42.3878 2.1294 -10.9427 
v 42.4842 2.2162 -10.9719 
v 42.4967 2.1618 -10.9472 
v 42.6152 2.2174 -10.9938 
v 42.6124 2.1619 -10.9669 
v 42.7141 2.1296 -10.9984 
v 42.7306 2.1802 -11.0298 
v 42.8398 2.1009 -11.0828 
v 42.8126 2.0524 -11.0488 
v 42.8829 1.9889 -11.1388 
v 42.8509 1.963 -11.0941 
v 42.877 1.8688 -11.1899 
v 42.8443 1.8632 -11.1363 
v 42.826 1.762 -11.2275 
v 42.7949 1.7615 -11.172 
v 42.7659 1.6974 -11.2453 
v 42.7501 1.7145 -11.1848 
v 42.6732 1.65 -11.25 
v 42.6856 1.6762 -11.1904 
v 42.6089 1.6733 -11.2289 
v 42.6732 1.65 -11.25 
v 42.6856 1.6762 -11.1904 
v 42.6438 1.6911 -11.1768 
v 42.2545 1.8718 -11.3255 
v 42.2952 1.8811 -11.3284 
v 42.31 1.8748 -11.2769 
v 42.2656 1.8667 -11.2823 
v 42.2003 1.891 -11.3079 
v 42.2545 1.8718 -11.3255 
v 42.2656 1.8667 -11.2823 
v 42.2395 1.8719 -11.2647 
v 42.185 1.9527 -11.1816 
v 42.2003 1.891 -11.3079 
v 42.2395 1.8719 -11.2647 
v 42.2318 1.9155 -11.1544 
v 42.5935 1.7024 -11.2137 
v 42.6089 1.6733 -11.2289 
v 42.6438 1.6911 -11.1768 
v 42.6438 1.6911 -11.1768 
v 42.7579 1.9319 -11.0917 
v 42.698 1.9208 -11.1367 
v 42.5935 1.7024 -11.2137 
v 42.4291 2.0528 -10.9802 
v 42.3567 1.9579 -11.0967 
v 42.3824 1.9497 -11.1282 
v 42.4357 2.015 -11.0509 
v 42.5935 1.9914 -11.0378 
v 42.4291 2.0528 -10.9802 
v 42.4357 2.015 -11.0509 
v 42.5671 1.9678 -11.0939 
v 42.7501 1.7145 -11.1848 
v 42.7949 1.7615 -11.172 
v 42.6124 2.1619 -10.9669 
v 42.5935 1.9914 -11.0378 
v 42.7141 2.1296 -10.9984 
v 42.4291 2.0528 -10.9802 
v 42.3878 2.1294 -10.9427 
v 42.3183 2.0883 -10.9459 
v 42.5935 1.9914 -11.0378 
v 42.4967 2.1618 -10.9472 
v 42.8126 2.0524 -11.0488 
v 42.3088 1.902 -11.1799 
v 42.3567 1.9579 -11.0967 
v 42.2522 1.9928 -11.0347 
v 42.2318 1.9155 -11.1544 
v 42.6639 2.0076 -11.3367 
v 42.698 1.9208 -11.1367 
v 42.7579 1.9319 -11.0917 
v 42.698 1.9208 -11.1367 
v 42.178 2.0876 -11.2188 
v 42.2347 2.2083 -11.1761 
v 42.1925 2.3136 -11.4185 
v 42.1363 2.1928 -11.4613 
v 42.3263 2.2647 -11.1674 
v 42.284 2.3691 -11.4102 
v 42.4506 2.3038 -11.1717 
v 42.4083 2.4082 -11.4146 
v 42.5816 2.3051 -11.1936 
v 42.5393 2.4094 -11.4365 
v 42.697 2.2677 -11.2296 
v 42.6548 2.3721 -11.4725 
v 42.8062 2.1884 -11.2827 
v 42.7639 2.2929 -11.5255 
v 42.8493 2.0765 -11.3386 
v 42.807 2.1809 -11.5815 
v 42.8434 1.9565 -11.3897 
v 42.8011 2.0608 -11.6325 
v 42.7924 1.8496 -11.4273 
v 42.7502 1.9539 -11.6701 
v 42.7323 1.7849 -11.4451 
v 42.6901 1.8893 -11.6878 
v 42.6397 1.7376 -11.4497 
v 42.5974 1.8418 -11.6925 
v 42.5753 1.7608 -11.4286 
v 42.5331 1.8652 -11.6713 
v 42.56 1.7898 -11.4134 
v 42.5177 1.8942 -11.6561 
v 42.5331 1.8652 -11.6713 
v 42.5753 1.7608 -11.4286 
v 42.2952 1.8811 -11.3284 
v 42.2545 1.8718 -11.3255 
v 42.2129 1.9768 -11.568 
v 42.2537 1.9861 -11.5709 
v 42.2545 1.8718 -11.3255 
v 42.2003 1.891 -11.3079 
v 42.1587 1.9961 -11.5503 
v 42.2129 1.9768 -11.568 
v 42.2003 1.891 -11.3079 
v 42.1713 1.9872 -11.2612 
v 42.1297 2.0924 -11.5036 
v 42.1587 1.9961 -11.5503 
v 42.5956 1.904 -11.7156 
v 42.5538 1.9189 -11.702 
v 42.6679 2.1598 -11.6172 
v 42.6222 2.1128 -11.5793 
v 42.5177 1.8942 -11.6561 
v 42.56 1.7898 -11.4134 
v 42.6639 2.0076 -11.3367 
v 42.3385 2.2789 -11.509 
v 42.2786 2.1552 -11.5523 
v 42.17 2.1999 -11.5143 
v 42.2279 2.3171 -11.4735 
v 42.7543 2.0911 -11.6618 
v 42.7608 2.1909 -11.6197 
v 42.3599 2.207 -11.4935 
v 42.4913 2.1597 -11.5365 
v 42.533 2.0547 -11.2939 
v 42.4016 2.1018 -11.2509 
v 42.3147 2.1216 -11.5227 
v 42.3599 2.207 -11.4935 
v 42.4016 2.1018 -11.2509 
v 42.1925 2.3136 -11.4185 
v 42.2279 2.3171 -11.4735 
v 42.17 2.1999 -11.5143 
v 42.1363 2.1928 -11.4613 
v 42.284 2.3691 -11.4102 
v 42.2978 2.3573 -11.4681 
v 42.4083 2.4082 -11.4146 
v 42.4067 2.3897 -11.4728 
v 42.5393 2.4094 -11.4365 
v 42.5223 2.3899 -11.4925 
v 42.6548 2.3721 -11.4725 
v 42.624 2.3575 -11.524 
v 42.7639 2.2929 -11.5255 
v 42.7231 2.2885 -11.5709 
v 42.807 2.1809 -11.5815 
v 42.7608 2.1909 -11.6197 
v 42.8011 2.0608 -11.6325 
v 42.7543 2.0911 -11.6618 
v 42.7502 1.9539 -11.6701 
v 42.7049 1.9894 -11.6974 
v 42.6901 1.8893 -11.6878 
v 42.6601 1.9423 -11.7101 
v 42.5974 1.8418 -11.6925 
v 42.5956 1.904 -11.7156 
v 42.5331 1.8652 -11.6713 
v 42.5538 1.9189 -11.702 
v 42.5956 1.904 -11.7156 
v 42.5974 1.8418 -11.6925 
v 42.2129 1.9768 -11.568 
v 42.2205 2.0315 -11.5959 
v 42.2537 1.9861 -11.5709 
v 42.1587 1.9961 -11.5503 
v 42.1846 2.044 -11.5843 
v 42.2205 2.0315 -11.5959 
v 42.2129 1.9768 -11.568 
v 42.1297 2.0924 -11.5036 
v 42.1669 2.1207 -11.5481 
v 42.1846 2.044 -11.5843 
v 42.1587 1.9961 -11.5503 
v 42.5177 1.8942 -11.6561 
v 42.5538 1.9189 -11.702 
v 42.5331 1.8652 -11.6713 
v 42.5538 1.9189 -11.702 
v 42.5177 1.8942 -11.6561 
v 42.6222 2.1128 -11.5793 
v 42.6679 2.1598 -11.6172 
v 42.3385 2.2789 -11.509 
v 42.3599 2.207 -11.4935 
v 42.3147 2.1216 -11.5227 
v 42.2786 2.1552 -11.5523 
v 42.5035 2.2192 -11.5632 
v 42.4913 2.1597 -11.5365 
v 42.3599 2.207 -11.4935 
v 42.3385 2.2789 -11.509 
v 42.7049 1.9894 -11.6974 
v 42.6601 1.9423 -11.7101 
v 42.5223 2.3899 -11.4925 
v 42.624 2.3575 -11.524 
v 42.5035 2.2192 -11.5632 
v 42.2978 2.3573 -11.4681 
v 42.5035 2.2192 -11.5632 
v 42.7231 2.2885 -11.5709 
v 42.6222 2.1128 -11.5793 
v 42.6639 2.0076 -11.3367 
v 42.6679 2.1598 -11.6172 
v 42.6222 2.1128 -11.5793 
v 42.4067 2.3897 -11.4728 
v 42.4067 2.3897 -11.4728 
v 42.7231 2.2885 -11.5709 
v 42.8126 2.0524 -11.0488 
v 42.5935 1.9914 -11.0378 
v 42.4967 2.1618 -10.9472 
v 42.2487 2.0934 -11.574 
v 42.1669 2.1207 -11.5481 
v 42.2842 2.0538 -11.5468 
v 42.2487 2.0934 -11.574 
v 42.3257 1.9488 -11.3043 
v 42.2842 2.0538 -11.5468 
v 42.3438 1.9029 -11.1987 
v 42.3088 1.902 -11.1799 
v 42.3438 1.9029 -11.1987 
v 42.2205 2.0315 -11.5959 
v 42.1846 2.044 -11.5843 
v 42.2537 1.9861 -11.5709 
v 42.2205 2.0315 -11.5959 
v 42.2952 1.8811 -11.3284 
v 42.2537 1.9861 -11.5709 
v 42.31 1.8748 -11.2769 
v 42.2656 1.8667 -11.2823 
v 42.31 1.8748 -11.2769 
v 42.2656 1.8667 -11.2823 
v 42.2395 1.8719 -11.2647 

vn -0.15748 0.370079 -0.913386 
vn -0.15748 0.370079 -0.913386 
vn -0.15748 0.370079 -0.913386 
vn -0.15748 0.370079 -0.913386 
vn -0.818898 0.188976 -0.543307 
vn -0.818898 0.188976 -0.543307 
vn -0.818898 0.188976 -0.543307 
vn -0.818898 0.188976 -0.543307 
vn 0.566929 0.338583 -0.748031 
vn 0.566929 0.338583 -0.748031 
vn 0.566929 0.338583 -0.748031 
vn 0.566929 0.338583 -0.748031 
vn -0.984252 -0.11811 0.133858 
vn -0.984252 -0.11811 0.133858 
vn -0.984252 -0.11811 0.133858 
vn -0.984252 -0.11811 0.133858 
vn 0.984252 0.11811 -0.133858 
vn 0.984252 0.11811 -0.133858 
vn 0.984252 0.11811 -0.133858 
vn 0.984252 0.11811 -0.133858 
vn -0.566929 -0.370079 0.732283 
vn -0.566929 -0.370079 0.732283 
vn -0.566929 -0.370079 0.732283 
vn -0.566929 -0.370079 0.732283 
vn 0.811024 -0.181102 0.551181 
vn 0.811024 -0.181102 0.551181 
vn 0.811024 -0.181102 0.551181 
vn 0.811024 -0.181102 0.551181 
vn 0.15748 -0.393701 0.905512 
vn 0.15748 -0.393701 0.905512 
vn 0.15748 -0.393701 0.905512 
vn 0.15748 -0.393701 0.905512 
vn 0.818898 0.330709 0.472441 
vn 0.771654 0.425197 0.472441 
vn 0.464567 0.346457 0.818898 
vn 0.519685 0.220472 0.826772 
vn 0.165354 0.23622 0.96063 
vn 0.220472 0.11811 0.968504 
vn 0.015748 0.173228 0.984252 
vn 0.0551181 0.0629921 1 
vn -0.488189 -0.370079 -0.787402 
vn -0.480315 -0.370079 -0.795276 
vn -0.480315 -0.370079 -0.795276 
vn -0.488189 -0.370079 -0.787402 
vn 0.259843 -0.015748 -0.968504 
vn 0.275591 -0.0472441 -0.96063 
vn 0.559055 0.110236 -0.818898 
vn 0.543307 0.15748 -0.826772 
vn 0.834646 0.299213 -0.472441 
vn 0.826772 0.299213 -0.472441 
vn 0.913386 0.417323 0.00787402 
vn 0.929134 0.362205 0 
vn -0.377953 0.92126 0 
vn -0.377953 0.92126 0 
vn -0.377953 0.92126 0 
vn -0.377953 0.92126 0 
vn -0.377953 0.92126 0 
vn -0.377953 0.92126 0 
vn -0.377953 0.92126 0 
vn -0.377953 0.92126 0 
vn -0.377953 0.92126 0 
vn -0.377953 0.92126 0 
vn -0.377953 0.92126 0 
vn -0.377953 0.92126 0 
vn -0.377953 0.92126 0 
vn -0.385827 0.92126 -0.00787402 
vn -0.385827 0.92126 -0.00787402 
vn -0.385827 0.92126 -0.00787402 
vn -0.385827 0.92126 0.00787402 
vn -0.385827 0.92126 0.00787402 
vn -0.385827 0.92126 0.00787402 
vn 0.606299 -0.015748 0.795276 
vn 0.88189 0.15748 0.440945 
vn 0.314961 -0.125984 0.944882 
vn 0.149606 -0.173228 0.976378 
vn -0.598425 -0.0708661 -0.795276 
vn -0.598425 -0.0708661 -0.795276 
vn 0.480315 0.346457 -0.80315 
vn 0.173228 0.251969 -0.952756 
vn 0.80315 0.370079 -0.464567 
vn 0.952756 0.299213 -0.00787402 
vn -0.944882 0.322835 0 
vn -0.944882 0.322835 0 
vn -0.944882 0.322835 0 
vn -0.944882 0.322835 0 
vn -0.952756 0.314961 0 
vn -0.952756 0.314961 0 
vn -0.952756 0.314961 0 
vn -0.952756 0.314961 0 
vn -0.96063 -0.275591 0.015748 
vn -0.96063 -0.275591 0.015748 
vn -0.944882 -0.330709 0 
vn -0.944882 -0.330709 0 
vn -0.952756 -0.291339 0.015748 
vn -0.952756 -0.291339 0.015748 
vn -0.937008 -0.346457 0 
vn -0.937008 -0.346457 0 
vn 0.015748 -0.92126 -0.393701 
vn 0.00787402 -0.92126 -0.393701 
vn 0.00787402 -0.92126 -0.377953 
vn 0.00787402 -0.92126 -0.393701 
vn 0.00787402 -0.92126 -0.393701 
vn 0.015748 -0.92126 -0.393701 
vn 0.015748 -0.92126 -0.393701 
vn 0.015748 -0.92126 -0.393701 
vn 0.00787402 -0.913386 -0.409449 
vn 0.00787402 -0.92126 -0.393701 
vn 0.866142 -0.409449 -0.299213 
vn 0.826772 -0.551181 0.102362 
vn 0.826772 -0.551181 0.102362 
vn 0.866142 -0.409449 -0.299213 
vn 0.614173 -0.669291 0.425197 
vn 0.614173 -0.669291 0.425197 
vn 0.338583 -0.771654 0.535433 
vn 0.338583 -0.771654 0.535433 
vn 0.188976 -0.818898 0.543307 
vn 0.188976 -0.818898 0.543307 
vn -0.779528 -0.606299 -0.133858 
vn -0.779528 -0.606299 -0.133858 
vn -0.779528 -0.606299 -0.133858 
vn -0.779528 -0.606299 -0.133858 
vn -0.76378 -0.629921 -0.149606 
vn -0.76378 -0.629921 -0.149606 
vn -0.76378 -0.629921 -0.149606 
vn -0.76378 -0.629921 -0.149606 
vn -0.433071 -0.496063 -0.748031 
vn -0.433071 -0.496063 -0.748031 
vn -0.433071 -0.496063 -0.748031 
vn -0.433071 -0.496063 -0.748031 
vn 0.377953 -0.220472 -0.897638 
vn 0.377953 -0.220472 -0.897638 
vn 0.102362 -0.23622 -0.968504 
vn 0.102362 -0.23622 -0.968504 
vn 0.685039 -0.299213 -0.669291 
vn 0.685039 -0.299213 -0.669291 
vn -0.393701 -0.897638 0.188976 
vn -0.393701 -0.897638 0.188976 
vn -0.393701 -0.897638 0.188976 
vn -0.393701 -0.897638 0.188976 
vn -0.708661 -0.251969 0.661417 
vn -0.708661 -0.251969 0.661417 
vn -0.669291 -0.346457 0.661417 
vn -0.669291 -0.346457 0.661417 
vn -0.724409 -0.220472 0.653543 
vn -0.724409 -0.220472 0.653543 
vn -0.0393701 -0.259843 -0.96063 
vn -0.0393701 -0.259843 -0.96063 
vn 0.110236 -0.110236 -0.984252 
vn 0.015748 0.173228 -0.984252 
vn 0.125984 -0.11811 -0.984252 
vn -0.598425 0.488189 0.637795 
vn -0.598425 0.488189 0.637795 
vn -0.598425 0.488189 0.637795 
vn -0.598425 0.488189 0.637795 
vn -0.102362 0.716535 0.692913 
vn -0.102362 0.716535 0.692913 
vn -0.220472 0.669291 0.708661 
vn -0.220472 0.669291 0.708661 
vn 0.11811 0.795276 0.598425 
vn 0.11811 0.795276 0.598425 
vn 0.322835 0.88189 0.338583 
vn 0.322835 0.88189 0.338583 
vn 0.433071 0.905512 0 
vn 0.433071 0.905512 0 
vn 0.377953 0.850394 -0.362205 
vn 0.377953 0.850394 -0.362205 
vn 0.19685 0.716535 -0.669291 
vn 0.19685 0.716535 -0.669291 
vn -0.0393701 0.622047 -0.787402 
vn -0.0393701 0.622047 -0.787402 
vn -0.173228 0.566929 -0.80315 
vn -0.173228 0.566929 -0.80315 
vn -0.661417 0.543307 -0.519685 
vn -0.661417 0.543307 -0.519685 
vn -0.661417 0.543307 -0.519685 
vn -0.661417 0.543307 -0.519685 
vn -0.913386 -0.417323 0 
vn -0.913386 -0.417323 0 
vn -0.913386 -0.417323 0 
vn -0.913386 -0.417323 0 
vn -0.905512 -0.417323 -0.00787402 
vn -0.905512 -0.417323 -0.00787402 
vn -0.905512 -0.417323 -0.00787402 
vn -0.905512 -0.417323 -0.00787402 
vn -0.905512 -0.417323 -0.00787402 
vn -0.905512 -0.417323 -0.00787402 
vn -0.905512 -0.425197 0 
vn -0.905512 -0.425197 0 
vn -0.905512 -0.425197 0 
vn -0.905512 -0.425197 0 
vn -0.645669 0.23622 -0.732283 
vn -0.645669 0.23622 -0.732283 
vn -0.976378 -0.228346 0.0393701 
vn -0.976378 -0.228346 0.0393701 
vn -0.968504 -0.244094 0.0314961 
vn -0.968504 -0.244094 0.0314961 
vn -0.629921 -0.401575 0.661417 
vn -0.629921 -0.401575 0.661417 
vn 0.204724 -0.307087 0.929134 
vn 0.362205 -0.251969 0.897638 
vn 0.645669 -0.125984 0.748031 
vn 0.905512 0.0866142 0.417323 
vn 0.96063 0.283465 -0.015748 
vn 0.779528 0.433071 -0.448819 
vn 0.425197 0.488189 -0.76378 
vn 0.0944882 0.464567 -0.88189 
vn -0.0708661 0.433071 -0.897638 
vn 0.023622 -0.92126 -0.393701 
vn 0.023622 -0.92126 -0.393701 
vn 0.0314961 -0.92126 -0.393701 
vn 0.0314961 -0.92126 -0.393701 
vn 0.015748 -0.92126 -0.393701 
vn 0.015748 -0.92126 -0.393701 
vn 0.433071 0.488189 -0.755906 
vn 0.0944882 0.464567 -0.88189 
vn 0.787402 0.433071 -0.440945 
vn 0.96063 0.283465 -0.023622 
vn 0.905512 0.0866142 0.409449 
vn 0.653543 -0.11811 0.748031 
vn 0.370079 -0.251969 0.897638 
vn 0.204724 -0.307087 0.929134 
vn -0.629921 -0.401575 0.669291 
vn -0.629921 -0.401575 0.669291 
vn -0.968504 -0.244094 0.0393701 
vn -0.968504 -0.244094 0.0393701 
vn -0.968504 -0.228346 0.0472441 
vn -0.968504 -0.228346 0.0472441 
vn -0.645669 0.23622 -0.732283 
vn -0.645669 0.23622 -0.732283 
vn -0.0708661 0.433071 -0.897638 
vn -0.724409 -0.220472 0.653543 
vn -0.724409 -0.220472 0.653543 
vn 0.165354 0.23622 0.96063 
vn 0.00787402 0.173228 0.984252 
vn 0.464567 0.346457 0.818898 
vn 0.771654 0.425197 0.464567 
vn 0.913386 0.417323 0 
vn 0.834646 0.299213 -0.472441 
vn 0.559055 0.110236 -0.818898 
vn 0.275591 -0.0472441 -0.96063 
vn 0.125984 -0.11811 -0.984252 
vn -0.480315 -0.370079 -0.795276 
vn -0.480315 -0.370079 -0.795276 
vn -0.96063 0.15748 0.23622 
vn -0.96063 0.15748 0.23622 
vn -0.740157 0.566929 0.370079 
vn -0.740157 0.566929 0.370079 
vn -0.385827 0.818898 0.425197 
vn -0.385827 0.818898 0.425197 
vn -0.102362 0.905512 0.417323 
vn -0.102362 0.905512 0.417323 
vn 0.220472 0.905512 0.362205 
vn 0.220472 0.905512 0.362205 
vn 0.519685 0.811024 0.267717 
vn 0.519685 0.811024 0.267717 
vn 0.818898 0.566929 0.110236 
vn 0.818898 0.566929 0.110236 
vn 0.976378 0.188976 -0.0787402 
vn 0.976378 0.188976 -0.0787402 
vn 0.96063 -0.15748 -0.228346 
vn 0.96063 -0.15748 -0.228346 
vn 0.826772 -0.456693 -0.338583 
vn 0.826772 -0.456693 -0.338583 
vn 0.590551 -0.700787 -0.401575 
vn 0.590551 -0.700787 -0.401575 
vn 0.00787402 -0.913386 -0.401575 
vn 0.00787402 -0.913386 -0.401575 
vn -0.409449 -0.858268 -0.307087 
vn -0.409449 -0.858268 -0.307087 
vn -0.889764 -0.448819 -0.0472441 
vn -0.889764 -0.448819 -0.0472441 
vn -0.889764 -0.448819 -0.0472441 
vn -0.889764 -0.448819 -0.0472441 
vn -0.952756 -0.299213 0.0314961 
vn -0.984252 -0.15748 0.102362 
vn -0.984252 -0.15748 0.102362 
vn 0.15748 -0.393701 0.905512 
vn 0.15748 -0.393701 0.905512 
vn 0.15748 -0.393701 0.905512 
vn -0.897638 0.322835 0.291339 
vn -0.897638 0.322835 0.291339 
vn -0.897638 0.322835 0.291339 
vn -0.897638 0.322835 0.291339 
vn 0.15748 -0.393701 0.905512 
vn 0.15748 -0.393701 0.905512 
vn -0.409449 -0.858268 -0.307087 
vn -0.409449 -0.858268 -0.307087 
vn -0.409449 -0.858268 -0.307087 
vn -0.409449 -0.858268 -0.307087 
vn 0.897638 -0.330709 -0.299213 
vn 0.88189 -0.362205 -0.307087 
vn 0.88189 -0.362205 -0.307087 
vn 0.897638 -0.330709 -0.299213 
vn -0.496063 0.0551181 0.866142 
vn -0.692913 -0.401575 0.606299 
vn -0.692913 -0.401575 0.606299 
vn -0.496063 0.0551181 0.866142 
vn -0.181102 0.377953 0.905512 
vn -0.181102 0.377953 0.905512 
vn 0.0314961 0.425197 0.905512 
vn 0.0314961 0.425197 0.905512 
vn 0.267717 0.409449 0.874016 
vn 0.267717 0.409449 0.874016 
vn 0.488189 0.322835 0.811024 
vn 0.488189 0.322835 0.811024 
vn 0.700787 0.133858 0.700787 
vn 0.700787 0.133858 0.700787 
vn 0.826772 -0.11811 0.551181 
vn 0.826772 -0.11811 0.551181 
vn 0.811024 -0.385827 0.448819 
vn 0.811024 -0.385827 0.448819 
vn 0.700787 -0.606299 0.385827 
vn 0.700787 -0.606299 0.385827 
vn 0.535433 -0.771654 0.338583 
vn 0.535433 -0.771654 0.338583 
vn 0.440945 -0.84252 0.314961 
vn 0.440945 -0.84252 0.314961 
vn -0.181102 -0.889764 0.425197 
vn -0.181102 -0.889764 0.425197 
vn -0.181102 -0.889764 0.425197 
vn -0.181102 -0.889764 0.425197 
vn 0.204724 -0.96063 -0.173228 
vn 0.204724 -0.96063 -0.173228 
vn 0.204724 -0.96063 -0.173228 
vn 0.204724 -0.96063 -0.173228 
vn -0.322835 -0.944882 -0.0787402 
vn -0.322835 -0.944882 -0.0787402 
vn -0.322835 -0.944882 -0.0787402 
vn -0.322835 -0.944882 -0.0787402 
vn -0.692913 -0.629921 0.362205 
vn -0.661417 -0.700787 0.251969 
vn -0.661417 -0.700787 0.251969 
vn -0.692913 -0.629921 0.362205 
vn -0.559055 -0.598425 0.574803 
vn -0.559055 -0.598425 0.574803 
vn -0.559055 -0.598425 0.574803 
vn -0.598425 0 0.80315 
vn -0.598425 0 0.80315 
vn -0.598425 0 0.80315 
vn -0.598425 0 0.80315 
vn 0.322835 -0.818898 0.472441 
vn 0.291339 -0.84252 0.448819 
vn 0.291339 -0.84252 0.448819 
vn 0.322835 -0.818898 0.472441 
vn -0.173228 -0.874016 0.448819 
vn -0.165354 -0.874016 0.448819 
vn -0.165354 -0.874016 0.448819 
vn -0.173228 -0.874016 0.448819 
vn 0.15748 -0.393701 0.905512 
vn 0.15748 -0.393701 0.905512 
vn 0.15748 -0.393701 0.905512 
vn 0.15748 -0.393701 0.905512 
vn 0.15748 -0.393701 0.905512 
vn 0.133858 -0.511811 0.850394 
vn 0.165354 -0.370079 0.913386 
vn 0.110236 -0.566929 0.811024 
vn 0.165354 -0.377953 0.913386 
vn 0.165354 -0.377953 0.913386 
vn 0.15748 -0.393701 0.905512 
vn 0.00787402 -0.897638 0.448819 
vn 0.0472441 -0.795276 0.598425 
vn 0.0472441 -0.795276 0.598425 
vn 0.00787402 -0.897638 0.448819 
vn -0.409449 -0.858268 -0.307087 
vn -0.409449 -0.858268 -0.307087 
vn -0.173228 -0.88189 0.448819 
vn -0.173228 -0.88189 0.448819 
vn -0.96063 0.15748 0.23622 
vn -0.740157 0.566929 0.370079 
vn -0.740157 0.566929 0.370079 
vn -0.96063 0.15748 0.23622 
vn -0.385827 0.818898 0.417323 
vn -0.385827 0.818898 0.417323 
vn -0.102362 0.905512 0.409449 
vn -0.102362 0.905512 0.409449 
vn 0.220472 0.913386 0.354331 
vn 0.220472 0.913386 0.354331 
vn 0.511811 0.818898 0.259843 
vn 0.511811 0.818898 0.259843 
vn 0.811024 0.574803 0.102362 
vn 0.811024 0.574803 0.102362 
vn 0.976378 0.19685 -0.0866142 
vn 0.976378 0.19685 -0.0866142 
vn 0.96063 -0.15748 -0.23622 
vn 0.96063 -0.15748 -0.23622 
vn 0.826772 -0.456693 -0.338583 
vn 0.826772 -0.456693 -0.338583 
vn 0.590551 -0.700787 -0.401575 
vn 0.590551 -0.700787 -0.401575 
vn 0.00787402 -0.92126 -0.393701 
vn 0.00787402 -0.92126 -0.393701 
vn -0.409449 -0.858268 -0.299213 
vn -0.409449 -0.858268 -0.299213 
vn -0.889764 -0.448819 -0.0393701 
vn -0.889764 -0.448819 -0.0393701 
vn -0.889764 -0.448819 -0.0393701 
vn -0.889764 -0.448819 -0.0393701 
vn 0.173228 -0.889764 -0.417323 
vn 0.173228 -0.889764 -0.417323 
vn 0.173228 -0.889764 -0.417323 
vn 0.173228 -0.889764 -0.417323 
vn -0.401575 -0.866142 -0.307087 
vn -0.401575 -0.866142 -0.307087 
vn -0.401575 -0.866142 -0.307087 
vn -0.401575 -0.866142 -0.307087 
vn -0.952756 -0.299213 0.0314961 
vn -0.984252 -0.15748 0.102362 
vn -0.984252 -0.15748 0.102362 
vn -0.952756 -0.299213 0.0314961 
vn -0.15748 0.393701 -0.905512 
vn -0.15748 0.393701 -0.905512 
vn -0.15748 0.393701 -0.905512 
vn -0.897638 0.322835 0.299213 
vn -0.897638 0.322835 0.299213 
vn -0.897638 0.322835 0.299213 
vn -0.897638 0.322835 0.299213 
vn -0.15748 0.393701 -0.905512 
vn -0.15748 0.393701 -0.905512 
vn -0.15748 0.393701 -0.905512 
vn -0.15748 0.393701 -0.905512 
vn -0.15748 0.393701 -0.905512 
vn -0.15748 0.393701 -0.905512 
vn -0.409449 -0.858268 -0.299213 
vn -0.409449 -0.858268 -0.299213 
vn -0.409449 -0.858268 -0.299213 
vn -0.409449 -0.858268 -0.299213 
vn 0.897638 -0.330709 -0.299213 
vn 0.88189 -0.362205 -0.307087 
vn 0.88189 -0.362205 -0.307087 
vn -0.629921 0.692913 -0.354331 
vn -0.629921 0.692913 -0.354331 
vn -0.795276 0.385827 -0.472441 
vn -0.795276 0.385827 -0.472441 
vn -0.385827 0.88189 -0.267717 
vn -0.385827 0.88189 -0.267717 
vn -0.173228 0.937008 -0.291339 
vn -0.173228 0.937008 -0.291339 
vn 0.0629921 0.937008 -0.338583 
vn 0.0629921 0.937008 -0.338583 
vn 0.275591 0.874016 -0.401575 
vn 0.275591 0.874016 -0.401575 
vn 0.496063 0.685039 -0.527559 
vn 0.496063 0.685039 -0.527559 
vn 0.629921 0.401575 -0.661417 
vn 0.629921 0.401575 -0.661417 
vn 0.598425 0.149606 -0.787402 
vn 0.598425 0.149606 -0.787402 
vn 0.480315 -0.0551181 -0.874016 
vn 0.480315 -0.0551181 -0.874016 
vn 0.322835 -0.228346 -0.92126 
vn 0.322835 -0.228346 -0.92126 
vn 0.228346 -0.307087 -0.929134 
vn 0.228346 -0.307087 -0.929134 
vn -0.401575 -0.330709 -0.858268 
vn -0.401575 -0.330709 -0.858268 
vn -0.401575 -0.330709 -0.858268 
vn -0.401575 -0.330709 -0.858268 
vn 0.0393701 -0.456693 -0.889764 
vn 0.0393701 -0.456693 -0.889764 
vn 0.0393701 -0.456693 -0.889764 
vn -0.401575 -0.370079 -0.834646 
vn -0.401575 -0.370079 -0.834646 
vn -0.401575 -0.370079 -0.834646 
vn -0.401575 -0.370079 -0.834646 
vn -0.818898 0.165354 -0.551181 
vn -0.818898 0.165354 -0.551181 
vn -0.811024 0.0629921 -0.590551 
vn -0.811024 0.0629921 -0.590551 
vn -0.76378 -0.0708661 -0.637795 
vn -0.76378 -0.0708661 -0.637795 
vn -0.76378 -0.0708661 -0.637795 
vn -0.795276 0.496063 -0.346457 
vn -0.795276 0.496063 -0.346457 
vn -0.795276 0.496063 -0.346457 
vn -0.795276 0.496063 -0.346457 
vn 0.598425 -0.023622 -0.80315 
vn 0.598425 -0.023622 -0.80315 
vn 0.606299 -0.015748 -0.795276 
vn 0.606299 -0.015748 -0.795276 
vn -0.393701 -0.307087 -0.866142 
vn -0.393701 -0.307087 -0.866142 
vn -0.393701 -0.307087 -0.866142 
vn -0.393701 -0.307087 -0.866142 
vn -0.15748 0.393701 -0.905512 
vn -0.15748 0.393701 -0.905512 
vn -0.15748 0.393701 -0.905512 
vn -0.15748 0.393701 -0.905512 
vn -0.15748 0.393701 -0.905512 
vn -0.15748 0.393701 -0.905512 
vn -0.15748 0.393701 -0.905512 
vn -0.15748 0.393701 -0.905512 
vn -0.409449 -0.858268 -0.299213 
vn -0.409449 -0.858268 -0.299213 
vn -0.393701 -0.307087 -0.866142 
vn -0.393701 -0.307087 -0.866142 
vn -0.15748 0.393701 -0.905512 
vn -0.15748 0.393701 -0.905512 
vn -0.15748 0.393701 -0.905512 
vn 0.15748 -0.393701 0.905512 
vn 0.15748 -0.393701 0.905512 
vn 0.15748 -0.393701 0.905512 
vn -0.15748 0.393701 -0.905512 
vn -0.15748 0.393701 -0.905512 
vn 0.614173 0 -0.787402 
vn 0.614173 0 -0.787402 
vn 0.905512 -0.307087 -0.291339 
vn 0.905512 -0.307087 -0.291339 
vn 0.905512 -0.307087 -0.291339 
vn 0.204724 -0.913386 0.354331 
vn 0.204724 -0.913386 0.354331 
vn -0.15748 0.393701 -0.905512 
vn -0.15748 0.393701 -0.905512 
vn 0.606299 0.00787402 -0.795276 
vn 0.606299 0.00787402 -0.795276 
vn 0.905512 -0.307087 -0.291339 
vn 0.905512 -0.307087 -0.291339 
vn 0.905512 -0.299213 -0.291339 
vn 0.15748 -0.952756 0.267717 
vn 0.15748 -0.952756 0.267717 
vn -0.023622 -0.937008 0.354331 
vn -0.023622 -0.937008 0.354331 

vt 0.406875 0.1065 
vt 0.4095 0.0731 
vt 0.391725 0.0733 
vt 0.391725 0.1066 
vt 0.409875 0.0684 
vt 0.391725 0.0686 
vt 0.391725 0.0733 
vt 0.4095 0.0731 
vt 0.391725 0.1113 
vt 0.4074 0.1112 
vt 0.406875 0.1065 
vt 0.391725 0.1066 
vt 0.4149 0.0358 
vt 0.391725 0.0353 
vt 0.391725 0.0686 
vt 0.409875 0.0684 
vt 0.391725 0.1446 
vt 0.41235 0.1438 
vt 0.4074 0.1112 
vt 0.391725 0.1113 
vt 0.4149 0.182 
vt 0.391725 0.1826 
vt 0.391725 0.1873 
vt 0.4143 0.1866 
vt 0.391725 0.1493 
vt 0.41265 0.1485 
vt 0.41235 0.1438 
vt 0.391725 0.1446 
vt 0.4149 0.182 
vt 0.41265 0.1485 
vt 0.391725 0.1493 
vt 0.391725 0.1826 
vt 0.21885 0.7162 
vt 0.2415 0.7162 
vt 0.2415 0.7497 
vt 0.21885 0.7497 
vt 0.2415 0.7923 
vt 0.21885 0.7923 
vt 0.2415 0.8631 
vt 0.21885 0.8631 
vt 0.21885 0.4996 
vt 0.2415 0.4996 
vt 0.2415 0.5137 
vt 0.21885 0.5137 
vt 0.21885 0.5839 
vt 0.2415 0.5839 
vt 0.2415 0.6251 
vt 0.21885 0.6251 
vt 0.2415 0.6591 
vt 0.21885 0.6591 
vt 0.2415 0.6877 
vt 0.21885 0.6877 
vt 0.666225 0.3181 
vt 0.7053 0.2976 
vt 0.666225 0.3471 
vt 0.684375 0.3471 
vt 0.7053 0.3471 
vt 0.70275 0.3471 
vt 0.7053 0.2474 
vt 0.684375 0.2474 
vt 0.70275 0.2474 
vt 0.666225 0.2474 
vt 0.666225 0.2474 
vt 0.7053 0.2976 
vt 0.666225 0.2796 
vt 0.666225 0.2796 
vt 0.7053 0.2976 
vt 0.666225 0.2989 
vt 0.666225 0.2989 
vt 0.7053 0.2976 
vt 0.666225 0.3181 
vt 0.215625 0.7497 
vt 0.215625 0.7162 
vt 0.215625 0.7923 
vt 0.215625 0.8631 
vt 0.216 0.5137 
vt 0.216 0.4996 
vt 0.216 0.6251 
vt 0.216 0.5839 
vt 0.215625 0.6591 
vt 0.215625 0.6877 
vt 0.7053 0.2474 
vt 0.708825 0.2346 
vt 0.708825 0.2984 
vt 0.7053 0.2976 
vt 0.7053 0.2976 
vt 0.708825 0.2984 
vt 0.708825 0.3504 
vt 0.7053 0.3471 
vt 0.215625 0.9994 
vt 0.215625 0.9343 
vt 0.21885 0.9343 
vt 0.21885 0.9994 
vt 0.215625 0.9343 
vt 0.215625 0.8747 
vt 0.21885 0.8747 
vt 0.21885 0.9343 
vt 0.566325 0.235 
vt 0.6 0.2969 
vt 0.5565 0.235 
vt 0.578175 0.235 
vt 0.600375 0.235 
vt 0.5781 0.3585 
vt 0.599925 0.3585 
vt 0.56625 0.3585 
vt 0.5565 0.3585 
vt 0.5565 0.2967 
vt 0.17355 0.6877 
vt 0.17355 0.7162 
vt 0.170175 0.7162 
vt 0.170175 0.6877 
vt 0.17355 0.7497 
vt 0.170175 0.7497 
vt 0.17355 0.7923 
vt 0.170175 0.7923 
vt 0.17355 0.8631 
vt 0.170175 0.8631 
vt 0.170175 0.9343 
vt 0.170175 0.8747 
vt 0.17355 0.8747 
vt 0.17355 0.9343 
vt 0.170175 0.9994 
vt 0.170175 0.9343 
vt 0.17355 0.9343 
vt 0.17355 0.9994 
vt 0.17355 0.5137 
vt 0.170175 0.5137 
vt 0.170175 0.4996 
vt 0.17355 0.4996 
vt 0.17355 0.6251 
vt 0.170175 0.6251 
vt 0.170175 0.5839 
vt 0.17355 0.5839 
vt 0.17355 0.6591 
vt 0.170175 0.6591 
vt 0.17355 0.8747 
vt 0.170175 0.8747 
vt 0.170175 0.8631 
vt 0.17355 0.8631 
vt 0.21885 0.8631 
vt 0.21885 0.8747 
vt 0.215625 0.8747 
vt 0.215625 0.8631 
vt 0.2415 0.8631 
vt 0.2415 0.8747 
vt 0.170175 0.5137 
vt 0.17355 0.5137 
vt 0.21885 0.5137 
vt 0.216 0.5137 
vt 0.2415 0.5137 
vt 0.70275 0.3471 
vt 0.7053 0.3471 
vt 0.708825 0.3504 
vt 0.708825 0.3588 
vt 0.680325 0.3588 
vt 0.684375 0.3471 
vt 0.70275 0.3471 
vt 0.708825 0.3588 
vt 0.6621 0.3588 
vt 0.666225 0.3471 
vt 0.6621 0.3231 
vt 0.666225 0.3181 
vt 0.6621 0.3004 
vt 0.666225 0.2989 
vt 0.6621 0.2767 
vt 0.666225 0.2796 
vt 0.6621 0.2346 
vt 0.666225 0.2474 
vt 0.680325 0.2346 
vt 0.684375 0.2474 
vt 0.70275 0.2474 
vt 0.70395 0.2346 
vt 0.708825 0.2346 
vt 0.7053 0.2474 
vt 0.70275 0.2474 
vt 0.70395 0.2346 
vt 0.263625 0.9343 
vt 0.21885 0.8747 
vt 0.241125 0.8747 
vt 0.263625 0.8747 
vt 0.263625 0.9343 
vt 0.21885 0.9343 
vt 0.21885 0.8747 
vt 0.263625 0.9343 
vt 0.21885 0.9994 
vt 0.21885 0.9343 
vt 0.263625 0.9994 
vt 0.2394 0.9994 
vt 0.21885 0.9994 
vt 0.263625 0.9343 
vt 0.192825 0.5137 
vt 0.192825 0.4996 
vt 0.192825 0.9343 
vt 0.192825 0.9994 
vt 0.192825 0.8747 
vt 0.192825 0.9343 
vt 0.192825 0.8747 
vt 0.192825 0.8631 
vt 0.192825 0.8631 
vt 0.192825 0.7923 
vt 0.192825 0.7497 
vt 0.192825 0.7162 
vt 0.192825 0.6877 
vt 0.192825 0.6591 
vt 0.192825 0.6251 
vt 0.192825 0.5839 
vt 0.192825 0.5137 
vt 0.6 0.2969 
vt 0.603375 0.2969 
vt 0.603375 0.3585 
vt 0.599925 0.3585 
vt 0.603375 0.235 
vt 0.600375 0.235 
vt 0.17355 0.6251 
vt 0.17355 0.5839 
vt 0.17355 0.6591 
vt 0.17355 0.6877 
vt 0.17355 0.7162 
vt 0.17355 0.7497 
vt 0.17355 0.7923 
vt 0.17355 0.8631 
vt 0.17355 0.8747 
vt 0.17355 0.8631 
vt 0.17355 0.8747 
vt 0.17355 0.9343 
vt 0.17355 0.9343 
vt 0.17355 0.9994 
vt 0.17355 0.5137 
vt 0.17355 0.4996 
vt 0.17355 0.5137 
vt 0.263625 0.8631 
vt 0.263625 0.8747 
vt 0.263625 0.7923 
vt 0.263625 0.8631 
vt 0.263625 0.7497 
vt 0.263625 0.7162 
vt 0.263625 0.6877 
vt 0.263625 0.6591 
vt 0.263625 0.6251 
vt 0.263625 0.5839 
vt 0.263625 0.5137 
vt 0.263625 0.4996 
vt 0.263625 0.5137 
vt 0.37755 0.1886 
vt 0.386025 0.1886 
vt 0.3891 0.1788 
vt 0.37755 0.1788 
vt 0.3891 0.1713 
vt 0.37755 0.1713 
vt 0.3891 0.1622 
vt 0.37755 0.1621 
vt 0.3891 0.1529 
vt 0.37755 0.1529 
vt 0.37755 0.144 
vt 0.3891 0.144 
vt 0.3891 0.1339 
vt 0.37755 0.1339 
vt 0.3891 0.1246 
vt 0.37755 0.1246 
vt 0.3891 0.1154 
vt 0.37755 0.1155 
vt 0.3891 0.1068 
vt 0.37755 0.1068 
vt 0.389175 0.1005 
vt 0.37755 0.1005 
vt 0.389175 0.0932 
vt 0.37755 0.0932 
vt 0.389175 0.0882 
vt 0.37755 0.0882 
vt 0.37755 0.0856 
vt 0.37755 0.0882 
vt 0.389175 0.0882 
vt 0.389175 0.0856 
vt 0.37755 0.204 
vt 0.382125 0.1962 
vt 0.37755 0.1962 
vt 0.321675 0.189 
vt 0.34245 0.1761 
vt 0.321375 0.1842 
vt 0.3894 0.0666 
vt 0.37785 0.0666 
vt 0.37785 0.0843 
vt 0.3894 0.0844 
vt 0.3414 0.1893 
vt 0.3486 0.1835 
vt 0.3894 0.0462 
vt 0.37785 0.0462 
vt 0.37785 0.0564 
vt 0.3894 0.0564 
vt 0.37785 0.0391 
vt 0.37785 0.0462 
vt 0.3894 0.0462 
vt 0.386625 0.0391 
vt 0.343425 0.1163 
vt 0.330975 0.1142 
vt 0.332925 0.1211 
vt 0.3435 0.1232 
vt 0.35115 0.1228 
vt 0.348225 0.128 
vt 0.3579 0.1341 
vt 0.35355 0.1375 
vt 0.361725 0.148 
vt 0.3567 0.1492 
vt 0.357 0.1611 
vt 0.362025 0.1622 
vt 0.3588 0.1776 
vt 0.354 0.1749 
vt 0.35175 0.1885 
vt 0.3486 0.1835 
vt 0.34275 0.1958 
vt 0.3414 0.1893 
vt 0.333 0.1987 
vt 0.3324 0.192 
vt 0.3258 0.1982 
vt 0.3273 0.1916 
vt 0.318 0.1941 
vt 0.321675 0.189 
vt 0.31635 0.1831 
vt 0.3165 0.1908 
vt 0.321675 0.189 
vt 0.321375 0.1842 
vt 0.308475 0.1297 
vt 0.308925 0.1342 
vt 0.31335 0.1343 
vt 0.312 0.1297 
vt 0.3087 0.1232 
vt 0.308475 0.1297 
vt 0.312 0.1297 
vt 0.3129 0.1265 
vt 0.32025 0.1163 
vt 0.30945 0.1218 
vt 0.3129 0.1265 
vt 0.321975 0.123 
vt 0.317925 0.1795 
vt 0.31635 0.1831 
vt 0.321375 0.1842 
vt 0.321375 0.1842 
vt 0.34245 0.1761 
vt 0.336975 0.1716 
vt 0.317925 0.1795 
vt 0.3432 0.1356 
vt 0.32985 0.1336 
vt 0.328125 0.1375 
vt 0.3372 0.1397 
vt 0.342375 0.1558 
vt 0.3432 0.1356 
vt 0.3372 0.1397 
vt 0.3369 0.1558 
vt 0.3273 0.1916 
vt 0.3324 0.192 
vt 0.3567 0.1492 
vt 0.342375 0.1558 
vt 0.357 0.1611 
vt 0.3432 0.1356 
vt 0.348225 0.128 
vt 0.3435 0.1232 
vt 0.342375 0.1558 
vt 0.35355 0.1375 
vt 0.354 0.1749 
vt 0.32115 0.1315 
vt 0.32985 0.1336 
vt 0.332925 0.1211 
vt 0.321975 0.123 
vt 0.37785 0.0666 
vt 0.3894 0.0666 
vt 0.34245 0.1761 
vt 0.336975 0.1716 
vt 0.37755 0.1886 
vt 0.37755 0.1788 
vt 0.36345 0.1788 
vt 0.36345 0.1886 
vt 0.37755 0.1713 
vt 0.36345 0.1713 
vt 0.37755 0.1621 
vt 0.363525 0.1622 
vt 0.37755 0.1529 
vt 0.363525 0.1529 
vt 0.37755 0.144 
vt 0.363525 0.144 
vt 0.37755 0.1339 
vt 0.363525 0.1339 
vt 0.37755 0.1246 
vt 0.363525 0.1246 
vt 0.37755 0.1155 
vt 0.363525 0.1154 
vt 0.37755 0.1068 
vt 0.363525 0.1067 
vt 0.37755 0.1005 
vt 0.363525 0.1004 
vt 0.37755 0.0932 
vt 0.36345 0.0932 
vt 0.37755 0.0882 
vt 0.36345 0.0881 
vt 0.37755 0.0856 
vt 0.363525 0.0856 
vt 0.36345 0.0881 
vt 0.37755 0.0882 
vt 0.37755 0.2111 
vt 0.37755 0.2082 
vt 0.363525 0.2082 
vt 0.363525 0.2111 
vt 0.37755 0.2082 
vt 0.37755 0.204 
vt 0.363525 0.204 
vt 0.363525 0.2082 
vt 0.37755 0.204 
vt 0.37755 0.1962 
vt 0.363525 0.1962 
vt 0.363525 0.204 
vt 0.320625 0.035 
vt 0.320175 0.0398 
vt 0.3411 0.0486 
vt 0.36375 0.0666 
vt 0.36375 0.0844 
vt 0.37785 0.0843 
vt 0.37785 0.0666 
vt 0.340875 0.0894 
vt 0.32955 0.0938 
vt 0.332325 0.1061 
vt 0.3423 0.1027 
vt 0.3402 0.0354 
vt 0.347325 0.0414 
vt 0.36375 0.0462 
vt 0.36375 0.0564 
vt 0.37785 0.0564 
vt 0.37785 0.0462 
vt 0.363825 0.0391 
vt 0.36375 0.0462 
vt 0.37785 0.0462 
vt 0.343575 0.1094 
vt 0.3423 0.1027 
vt 0.332325 0.1061 
vt 0.33285 0.1126 
vt 0.350025 0.1018 
vt 0.3468 0.097 
vt 0.356175 0.0904 
vt 0.351825 0.0872 
vt 0.36 0.0767 
vt 0.3549 0.0755 
vt 0.36045 0.0627 
vt 0.355425 0.0637 
vt 0.35745 0.0474 
vt 0.3531 0.0505 
vt 0.35055 0.0364 
vt 0.347325 0.0414 
vt 0.3417 0.0289 
vt 0.3402 0.0354 
vt 0.332025 0.0257 
vt 0.33135 0.0323 
vt 0.324825 0.026 
vt 0.32625 0.0325 
vt 0.317025 0.0299 
vt 0.320625 0.035 
vt 0.31515 0.0408 
vt 0.320175 0.0398 
vt 0.320625 0.035 
vt 0.31545 0.0331 
vt 0.3141 0.098 
vt 0.318825 0.098 
vt 0.315675 0.0936 
vt 0.314475 0.1045 
vt 0.31935 0.1021 
vt 0.318825 0.098 
vt 0.3141 0.098 
vt 0.324225 0.1116 
vt 0.325725 0.105 
vt 0.31935 0.1021 
vt 0.315975 0.1074 
vt 0.316575 0.0445 
vt 0.320175 0.0398 
vt 0.31515 0.0408 
vt 0.320175 0.0398 
vt 0.316575 0.0445 
vt 0.335625 0.053 
vt 0.3411 0.0486 
vt 0.340875 0.0894 
vt 0.335475 0.0848 
vt 0.32775 0.088 
vt 0.32955 0.0938 
vt 0.3408 0.069 
vt 0.335475 0.0689 
vt 0.335475 0.0848 
vt 0.340875 0.0894 
vt 0.33135 0.0323 
vt 0.32625 0.0325 
vt 0.3549 0.0755 
vt 0.355425 0.0637 
vt 0.3408 0.069 
vt 0.3468 0.097 
vt 0.3408 0.069 
vt 0.3531 0.0505 
vt 0.36375 0.0666 
vt 0.37785 0.0666 
vt 0.3411 0.0486 
vt 0.335625 0.053 
vt 0.351825 0.0872 
vt 0.351825 0.0872 
vt 0.3531 0.0505 
vt 0.354 0.1749 
vt 0.342375 0.1558 
vt 0.35355 0.1375 
vt 0.324 0.096 
vt 0.325725 0.105 
vt 0.3216 0.0904 
vt 0.324 0.096 
vt 0.37785 0.0337 
vt 0.363825 0.0336 
vt 0.383925 0.0337 
vt 0.32115 0.1315 
vt 0.32055 0.1357 
vt 0.318825 0.098 
vt 0.31935 0.1021 
vt 0.315675 0.0936 
vt 0.318825 0.098 
vt 0.37785 0.0282 
vt 0.363825 0.0282 
vt 0.38055 0.0293 
vt 0.312 0.1297 
vt 0.31335 0.1343 
vt 0.312 0.1297 
vt 0.3129 0.1265 

usemtl 1Mtl

f 863/863/863 864/864/864 865/865/865 
f 863/863/863 865/865/865 866/866/866 
f 867/867/867 868/868/868 869/869/869 
f 867/867/867 869/869/869 870/870/870 
f 871/871/871 872/872/872 873/873/873 
f 871/871/871 873/873/873 874/874/874 
f 875/875/875 876/876/876 877/877/877 
f 875/875/875 877/877/877 878/878/878 
f 879/879/879 880/880/880 881/881/881 
f 879/879/879 881/881/881 882/882/882 
f 883/883/883 884/884/884 885/885/885 
f 883/883/883 885/885/885 886/886/886 
f 887/887/887 888/888/888 889/889/889 
f 887/887/887 889/889/889 890/890/890 
f 891/891/891 892/892/892 893/893/893 
f 891/891/891 893/893/893 894/894/894 
f 895/895/895 896/896/896 897/897/897 
f 895/895/895 897/897/897 898/898/898 
f 898/898/898 897/897/897 899/899/899 
f 898/898/898 899/899/899 900/900/900 
f 900/900/900 899/899/899 901/901/901 
f 900/900/900 901/901/901 902/902/902 
f 903/903/903 904/904/904 905/905/905 
f 903/903/903 905/905/905 906/906/906 
f 907/907/907 908/908/908 909/909/909 
f 907/907/907 909/909/909 910/910/910 
f 910/910/910 909/909/909 911/911/911 
f 910/910/910 911/911/911 912/912/912 
f 912/912/912 911/911/911 913/913/913 
f 912/912/912 913/913/913 914/914/914 
f 914/914/914 913/913/913 896/896/896 
f 914/914/914 896/896/896 895/895/895 
f 915/915/915 916/916/916 917/917/917 
f 917/917/917 916/916/916 918/918/918 
f 918/918/918 916/916/916 919/919/919 
f 918/918/918 919/919/919 920/920/920 
f 921/921/921 916/916/916 922/922/922 
f 921/921/921 922/922/922 923/923/923 
f 922/922/922 916/916/916 924/924/924 
f 925/925/925 926/926/926 927/927/927 
f 928/928/928 929/929/929 930/930/930 
f 931/931/931 932/932/932 933/933/933 
f 895/895/895 898/898/898 934/934/934 
f 895/895/895 934/934/934 935/935/935 
f 898/898/898 900/900/900 936/936/936 
f 898/898/898 936/936/936 934/934/934 
f 900/900/900 902/902/902 937/937/937 
f 900/900/900 937/937/937 936/936/936 
f 903/903/903 906/906/906 938/938/938 
f 903/903/903 938/938/938 939/939/939 
f 907/907/907 910/910/910 940/940/940 
f 907/907/907 940/940/940 941/941/941 
f 910/910/910 912/912/912 942/942/942 
f 910/910/910 942/942/942 940/940/940 
f 912/912/912 914/914/914 943/943/943 
f 912/912/912 943/943/943 942/942/942 
f 914/914/914 895/895/895 935/935/935 
f 914/914/914 935/935/935 943/943/943 
f 944/944/944 945/945/945 946/946/946 
f 944/944/944 946/946/946 947/947/947 
f 948/948/948 949/949/949 950/950/950 
f 948/948/948 950/950/950 951/951/951 
f 952/952/952 953/953/953 954/954/954 
f 952/952/952 954/954/954 955/955/955 
f 956/956/956 957/957/957 958/958/958 
f 956/956/956 958/958/958 959/959/959 
f 960/960/960 961/961/961 962/962/962 
f 963/963/963 961/961/961 960/960/960 
f 961/961/961 963/963/963 964/964/964 
f 965/965/965 961/961/961 966/966/966 
f 967/967/967 961/961/961 965/965/965 
f 968/968/968 961/961/961 967/967/967 
f 969/969/969 961/961/961 968/968/968 
f 962/962/962 961/961/961 969/969/969 
f 970/970/970 971/971/971 972/972/972 
f 970/970/970 972/972/972 973/973/973 
f 974/974/974 975/975/975 972/972/972 
f 974/974/974 972/972/972 971/971/971 
f 976/976/976 977/977/977 975/975/975 
f 976/976/976 975/975/975 974/974/974 
f 978/978/978 979/979/979 977/977/977 
f 978/978/978 977/977/977 976/976/976 
f 980/980/980 981/981/981 982/982/982 
f 980/980/980 982/982/982 983/983/983 
f 984/984/984 985/985/985 986/986/986 
f 984/984/984 986/986/986 987/987/987 
f 988/988/988 989/989/989 990/990/990 
f 988/988/988 990/990/990 991/991/991 
f 992/992/992 993/993/993 994/994/994 
f 992/992/992 994/994/994 995/995/995 
f 996/996/996 997/997/997 993/993/993 
f 996/996/996 993/993/993 992/992/992 
f 970/970/970 973/973/973 997/997/997 
f 970/970/970 997/997/997 996/996/996 
f 998/998/998 999/999/999 1000/1000/1000 
f 998/998/998 1000/1000/1000 1001/1001/1001 
f 1002/1002/1002 1003/1003/1003 1004/1004/1004 
f 1002/1002/1002 1004/1004/1004 1005/1005/1005 
f 1006/1006/1006 1007/1007/1007 1003/1003/1003 
f 1006/1006/1006 1003/1003/1003 1002/1002/1002 
f 995/995/995 994/994/994 1008/1008/1008 
f 995/995/995 1008/1008/1008 1009/1009/1009 
f 1010/1010/1010 907/907/907 941/941/941 
f 1010/1010/1010 941/941/941 1011/1011/1011 
f 1012/1012/1012 908/908/908 907/907/907 
f 1012/1012/1012 907/907/907 1010/1010/1010 
f 1013/1013/1013 1014/1014/1014 1015/1015/1015 
f 1013/1013/1013 1015/1015/1015 1016/1016/1016 
f 1017/1017/1017 1018/1018/1018 1019/1019/1019 
f 1017/1017/1017 1019/1019/1019 1020/1020/1020 
f 1021/1021/1021 1022/1022/1022 1018/1018/1018 
f 1021/1021/1021 1018/1018/1018 1017/1017/1017 
f 1023/1023/1023 1024/1024/1024 1022/1022/1022 
f 1023/1023/1023 1022/1022/1022 1021/1021/1021 
f 1025/1025/1025 1026/1026/1026 1024/1024/1024 
f 1025/1025/1025 1024/1024/1024 1023/1023/1023 
f 1027/1027/1027 1028/1028/1028 1026/1026/1026 
f 1027/1027/1027 1026/1026/1026 1025/1025/1025 
f 1029/1029/1029 1030/1030/1030 1028/1028/1028 
f 1029/1029/1029 1028/1028/1028 1027/1027/1027 
f 1031/1031/1031 1032/1032/1032 1030/1030/1030 
f 1031/1031/1031 1030/1030/1030 1029/1029/1029 
f 1033/1033/1033 1032/1032/1032 1031/1031/1031 
f 1033/1033/1033 1031/1031/1031 1034/1034/1034 
f 1035/1035/1035 1036/1036/1036 1037/1037/1037 
f 1035/1035/1035 1037/1037/1037 1038/1038/1038 
f 1039/1039/1039 1040/1040/1040 1041/1041/1041 
f 1039/1039/1039 1041/1041/1041 1042/1042/1042 
f 1043/1043/1043 1044/1044/1044 1045/1045/1045 
f 1046/1046/1046 1047/1047/1047 1048/1048/1048 
f 1049/1049/1049 1050/1050/1050 1051/1051/1051 
f 1049/1049/1049 1051/1051/1051 1052/1052/1052 
f 938/938/938 1053/1053/1053 1054/1054/1054 
f 938/938/938 1054/1054/1054 939/939/939 
f 1055/1055/1055 953/953/953 952/952/952 
f 1055/1055/1055 952/952/952 1056/1056/1056 
f 1057/1057/1057 957/957/957 956/956/956 
f 1057/1057/1057 956/956/956 1058/1058/1058 
f 1004/1004/1004 1059/1059/1059 1060/1060/1060 
f 1004/1004/1004 1060/1060/1060 1005/1005/1005 
f 937/937/937 1061/1061/1061 1062/1062/1062 
f 937/937/937 1062/1062/1062 936/936/936 
f 936/936/936 1062/1062/1062 1063/1063/1063 
f 936/936/936 1063/1063/1063 934/934/934 
f 934/934/934 1063/1063/1063 1064/1064/1064 
f 934/934/934 1064/1064/1064 935/935/935 
f 943/943/943 935/935/935 1064/1064/1064 
f 943/943/943 1064/1064/1064 1065/1065/1065 
f 943/943/943 1065/1065/1065 1066/1066/1066 
f 943/943/943 1066/1066/1066 942/942/942 
f 942/942/942 1066/1066/1066 1067/1067/1067 
f 942/942/942 1067/1067/1067 940/940/940 
f 940/940/940 1067/1067/1067 1068/1068/1068 
f 940/940/940 1068/1068/1068 941/941/941 
f 941/941/941 1068/1068/1068 1069/1069/1069 
f 941/941/941 1069/1069/1069 1011/1011/1011 
f 1070/1070/1070 1071/1071/1071 1072/1072/1072 
f 1070/1070/1070 1072/1072/1072 1073/1073/1073 
f 1074/1074/1074 1071/1071/1071 1070/1070/1070 
f 1074/1074/1074 1070/1070/1070 1075/1075/1075 
f 1067/1067/1067 1076/1076/1076 1077/1077/1077 
f 1067/1067/1067 1077/1077/1077 1068/1068/1068 
f 1066/1066/1066 1078/1078/1078 1076/1076/1076 
f 1066/1066/1066 1076/1076/1076 1067/1067/1067 
f 1065/1065/1065 1079/1079/1079 1078/1078/1078 
f 1065/1065/1065 1078/1078/1078 1066/1066/1066 
f 1064/1064/1064 1080/1080/1080 1079/1079/1079 
f 1064/1064/1064 1079/1079/1079 1065/1065/1065 
f 1063/1063/1063 1081/1081/1081 1080/1080/1080 
f 1063/1063/1063 1080/1080/1080 1064/1064/1064 
f 1062/1062/1062 1082/1082/1082 1081/1081/1081 
f 1062/1062/1062 1081/1081/1081 1063/1063/1063 
f 1061/1061/1061 1083/1083/1083 1082/1082/1082 
f 1061/1061/1061 1082/1082/1082 1062/1062/1062 
f 1059/1059/1059 1084/1084/1084 1085/1085/1085 
f 1059/1059/1059 1085/1085/1085 1060/1060/1060 
f 1086/1086/1086 1057/1057/1057 1058/1058/1058 
f 1086/1086/1086 1058/1058/1058 1087/1087/1087 
f 1088/1088/1088 1055/1055/1055 1056/1056/1056 
f 1088/1088/1088 1056/1056/1056 1089/1089/1089 
f 1053/1053/1053 1090/1090/1090 1091/1091/1091 
f 1053/1053/1053 1091/1091/1091 1054/1054/1054 
f 1068/1068/1068 1077/1077/1077 1092/1092/1092 
f 1068/1068/1068 1092/1092/1092 1069/1069/1069 
f 1093/1093/1093 1094/1094/1094 1007/1007/1007 
f 1093/1093/1093 1007/1007/1007 1006/1006/1006 
f 899/899/899 1095/1095/1095 1096/1096/1096 
f 899/899/899 1096/1096/1096 901/901/901 
f 897/897/897 1097/1097/1097 1095/1095/1095 
f 897/897/897 1095/1095/1095 899/899/899 
f 896/896/896 1098/1098/1098 1097/1097/1097 
f 896/896/896 1097/1097/1097 897/897/897 
f 913/913/913 1099/1099/1099 1098/1098/1098 
f 913/913/913 1098/1098/1098 896/896/896 
f 911/911/911 1100/1100/1100 1099/1099/1099 
f 911/911/911 1099/1099/1099 913/913/913 
f 909/909/909 1101/1101/1101 1100/1100/1100 
f 909/909/909 1100/1100/1100 911/911/911 
f 908/908/908 1102/1102/1102 1101/1101/1101 
f 908/908/908 1101/1101/1101 909/909/909 
f 1103/1103/1103 1102/1102/1102 908/908/908 
f 1103/1103/1103 908/908/908 1012/1012/1012 
f 904/904/904 1104/1104/1104 1105/1105/1105 
f 904/904/904 1105/1105/1105 905/905/905 
f 1106/1106/1106 1107/1107/1107 1108/1108/1108 
f 1106/1106/1106 1108/1108/1108 1109/1109/1109 
f 1109/1109/1109 1108/1108/1108 1110/1110/1110 
f 1109/1109/1109 1110/1110/1110 1111/1111/1111 
f 1111/1111/1111 1110/1110/1110 1112/1112/1112 
f 1111/1111/1111 1112/1112/1112 1113/1113/1113 
f 1113/1113/1113 1112/1112/1112 1114/1114/1114 
f 1113/1113/1113 1114/1114/1114 1115/1115/1115 
f 1116/1116/1116 1115/1115/1115 1114/1114/1114 
f 1116/1116/1116 1114/1114/1114 1117/1117/1117 
f 1116/1116/1116 1117/1117/1117 1118/1118/1118 
f 1116/1116/1116 1118/1118/1118 1119/1119/1119 
f 1119/1119/1119 1118/1118/1118 1120/1120/1120 
f 1119/1119/1119 1120/1120/1120 1121/1121/1121 
f 1121/1121/1121 1120/1120/1120 1122/1122/1122 
f 1121/1121/1121 1122/1122/1122 1123/1123/1123 
f 1123/1123/1123 1122/1122/1122 1124/1124/1124 
f 1123/1123/1123 1124/1124/1124 1125/1125/1125 
f 1125/1125/1125 1124/1124/1124 1126/1126/1126 
f 1125/1125/1125 1126/1126/1126 1127/1127/1127 
f 1127/1127/1127 1126/1126/1126 1128/1128/1128 
f 1127/1127/1127 1128/1128/1128 1129/1129/1129 
f 1129/1129/1129 1128/1128/1128 1130/1130/1130 
f 1129/1129/1129 1130/1130/1130 1131/1131/1131 
f 1132/1132/1132 1133/1133/1133 1134/1134/1134 
f 1132/1132/1132 1134/1134/1134 1135/1135/1135 
f 1136/1136/1136 1137/1137/1137 1138/1138/1138 
f 1138/1138/1138 1137/1137/1137 1107/1107/1107 
f 1138/1138/1138 1107/1107/1107 1106/1106/1106 
f 1139/1139/1139 1140/1140/1140 1141/1141/1141 
f 1142/1142/1142 1143/1143/1143 1144/1144/1144 
f 1142/1142/1142 1144/1144/1144 1145/1145/1145 
f 1146/1146/1146 1147/1147/1147 1140/1140/1140 
f 1148/1148/1148 1149/1149/1149 1150/1150/1150 
f 1148/1148/1148 1150/1150/1150 1151/1151/1151 
f 1152/1152/1152 1153/1153/1153 1154/1154/1154 
f 1152/1152/1152 1154/1154/1154 1155/1155/1155 
f 1156/1156/1156 1157/1157/1157 1158/1158/1158 
f 1156/1156/1156 1158/1158/1158 1159/1159/1159 
f 1160/1160/1160 1156/1156/1156 1159/1159/1159 
f 1160/1160/1160 1159/1159/1159 1161/1161/1161 
f 1162/1162/1162 1160/1160/1160 1161/1161/1161 
f 1162/1162/1162 1161/1161/1161 1163/1163/1163 
f 1164/1164/1164 1162/1162/1162 1163/1163/1163 
f 1164/1164/1164 1163/1163/1163 1165/1165/1165 
f 1164/1164/1164 1165/1165/1165 1166/1166/1166 
f 1164/1164/1164 1166/1166/1166 1167/1167/1167 
f 1168/1168/1168 1167/1167/1167 1166/1166/1166 
f 1168/1168/1168 1166/1166/1166 1169/1169/1169 
f 1170/1170/1170 1168/1168/1168 1169/1169/1169 
f 1170/1170/1170 1169/1169/1169 1171/1171/1171 
f 1172/1172/1172 1170/1170/1170 1171/1171/1171 
f 1172/1172/1172 1171/1171/1171 1173/1173/1173 
f 1174/1174/1174 1172/1172/1172 1173/1173/1173 
f 1174/1174/1174 1173/1173/1173 1175/1175/1175 
f 1176/1176/1176 1174/1174/1174 1175/1175/1175 
f 1176/1176/1176 1175/1175/1175 1177/1177/1177 
f 1178/1178/1178 1176/1176/1176 1177/1177/1177 
f 1178/1178/1178 1177/1177/1177 1179/1179/1179 
f 1180/1180/1180 1181/1181/1181 1182/1182/1182 
f 1180/1180/1180 1182/1182/1182 1183/1183/1183 
f 1184/1184/1184 1185/1185/1185 1186/1186/1186 
f 1184/1184/1184 1186/1186/1186 1187/1187/1187 
f 1188/1188/1188 1189/1189/1189 1190/1190/1190 
f 1188/1188/1188 1190/1190/1190 1191/1191/1191 
f 1192/1192/1192 1193/1193/1193 1194/1194/1194 
f 1192/1192/1192 1194/1194/1194 1195/1195/1195 
f 1157/1157/1157 1192/1192/1192 1195/1195/1195 
f 1157/1157/1157 1195/1195/1195 1158/1158/1158 
f 1196/1196/1196 1197/1197/1197 1198/1198/1198 
f 1199/1199/1199 1200/1200/1200 1201/1201/1201 
f 1199/1199/1199 1201/1201/1201 1202/1202/1202 
f 1203/1203/1203 1204/1204/1204 1205/1205/1205 
f 1203/1203/1203 1205/1205/1205 1206/1206/1206 
f 1207/1207/1207 1208/1208/1208 1209/1209/1209 
f 1207/1207/1207 1209/1209/1209 1210/1210/1210 
f 1146/1146/1146 1140/1140/1140 1211/1211/1211 
f 1146/1146/1146 1211/1211/1211 1212/1212/1212 
f 1213/1213/1213 1214/1214/1214 1215/1215/1215 
f 1216/1216/1216 1217/1217/1217 1218/1218/1218 
f 1216/1216/1216 1219/1219/1219 1220/1220/1220 
f 1216/1216/1216 1220/1220/1220 1217/1217/1217 
f 1221/1221/1221 1215/1215/1215 1214/1214/1214 
f 1211/1211/1211 1140/1140/1140 1139/1139/1139 
f 1222/1222/1222 1223/1223/1223 1224/1224/1224 
f 1222/1222/1222 1224/1224/1224 1225/1225/1225 
f 1151/1151/1151 1150/1150/1150 1226/1226/1226 
f 1151/1151/1151 1226/1226/1226 1227/1227/1227 
f 1228/1228/1228 1207/1207/1207 1210/1210/1210 
f 1228/1228/1228 1210/1210/1210 1229/1229/1229 
f 1230/1230/1230 1231/1231/1231 1232/1232/1232 
f 1230/1230/1230 1232/1232/1232 1233/1233/1233 
f 1231/1231/1231 1234/1234/1234 1235/1235/1235 
f 1231/1231/1231 1235/1235/1235 1232/1232/1232 
f 1234/1234/1234 1236/1236/1236 1237/1237/1237 
f 1234/1234/1234 1237/1237/1237 1235/1235/1235 
f 1236/1236/1236 1238/1238/1238 1239/1239/1239 
f 1236/1236/1236 1239/1239/1239 1237/1237/1237 
f 1240/1240/1240 1241/1241/1241 1239/1239/1239 
f 1240/1240/1240 1239/1239/1239 1238/1238/1238 
f 1240/1240/1240 1242/1242/1242 1243/1243/1243 
f 1240/1240/1240 1243/1243/1243 1241/1241/1241 
f 1242/1242/1242 1244/1244/1244 1245/1245/1245 
f 1242/1242/1242 1245/1245/1245 1243/1243/1243 
f 1244/1244/1244 1246/1246/1246 1247/1247/1247 
f 1244/1244/1244 1247/1247/1247 1245/1245/1245 
f 1246/1246/1246 1248/1248/1248 1249/1249/1249 
f 1246/1246/1246 1249/1249/1249 1247/1247/1247 
f 1248/1248/1248 1250/1250/1250 1251/1251/1251 
f 1248/1248/1248 1251/1251/1251 1249/1249/1249 
f 1250/1250/1250 1252/1252/1252 1253/1253/1253 
f 1250/1250/1250 1253/1253/1253 1251/1251/1251 
f 1252/1252/1252 1254/1254/1254 1255/1255/1255 
f 1252/1252/1252 1255/1255/1255 1253/1253/1253 
f 1256/1256/1256 1257/1257/1257 1258/1258/1258 
f 1256/1256/1256 1258/1258/1258 1259/1259/1259 
f 1260/1260/1260 1261/1261/1261 1262/1262/1262 
f 1260/1260/1260 1262/1262/1262 1263/1263/1263 
f 1264/1264/1264 1265/1265/1265 1266/1266/1266 
f 1264/1264/1264 1266/1266/1266 1267/1267/1267 
f 1268/1268/1268 1269/1269/1269 1270/1270/1270 
f 1268/1268/1268 1270/1270/1270 1271/1271/1271 
f 1269/1269/1269 1230/1230/1230 1233/1233/1233 
f 1269/1269/1269 1233/1233/1233 1270/1270/1270 
f 1272/1272/1272 1273/1273/1273 1274/1274/1274 
f 1275/1275/1275 1276/1276/1276 1277/1277/1277 
f 1275/1275/1275 1277/1277/1277 1278/1278/1278 
f 1279/1279/1279 1280/1280/1280 1281/1281/1281 
f 1279/1279/1279 1281/1281/1281 1282/1282/1282 
f 1283/1283/1283 1274/1274/1274 1284/1284/1284 
f 1285/1285/1285 1286/1286/1286 1287/1287/1287 
f 1285/1285/1285 1287/1287/1287 1288/1288/1288 
f 1152/1152/1152 1289/1289/1289 1290/1290/1290 
f 1152/1152/1152 1290/1290/1290 1291/1291/1291 
f 1292/1292/1292 1293/1293/1293 1294/1294/1294 
f 1292/1292/1292 1294/1294/1294 1295/1295/1295 
f 1296/1296/1296 1297/1297/1297 1293/1293/1293 
f 1296/1296/1296 1293/1293/1293 1292/1292/1292 
f 1298/1298/1298 1299/1299/1299 1297/1297/1297 
f 1298/1298/1298 1297/1297/1297 1296/1296/1296 
f 1300/1300/1300 1301/1301/1301 1299/1299/1299 
f 1300/1300/1300 1299/1299/1299 1298/1298/1298 
f 1300/1300/1300 1302/1302/1302 1303/1303/1303 
f 1300/1300/1300 1303/1303/1303 1301/1301/1301 
f 1304/1304/1304 1305/1305/1305 1303/1303/1303 
f 1304/1304/1304 1303/1303/1303 1302/1302/1302 
f 1306/1306/1306 1307/1307/1307 1305/1305/1305 
f 1306/1306/1306 1305/1305/1305 1304/1304/1304 
f 1308/1308/1308 1309/1309/1309 1307/1307/1307 
f 1308/1308/1308 1307/1307/1307 1306/1306/1306 
f 1310/1310/1310 1311/1311/1311 1309/1309/1309 
f 1310/1310/1310 1309/1309/1309 1308/1308/1308 
f 1312/1312/1312 1313/1313/1313 1311/1311/1311 
f 1312/1312/1312 1311/1311/1311 1310/1310/1310 
f 1314/1314/1314 1315/1315/1315 1313/1313/1313 
f 1314/1314/1314 1313/1313/1313 1312/1312/1312 
f 1316/1316/1316 1317/1317/1317 1318/1318/1318 
f 1316/1316/1316 1318/1318/1318 1319/1319/1319 
f 1320/1320/1320 1321/1321/1321 1322/1322/1322 
f 1323/1323/1323 1324/1324/1324 1325/1325/1325 
f 1323/1323/1323 1325/1325/1325 1326/1326/1326 
f 1327/1327/1327 1328/1328/1328 1329/1329/1329 
f 1327/1327/1327 1329/1329/1329 1330/1330/1330 
f 1295/1295/1295 1294/1294/1294 1328/1328/1328 
f 1295/1295/1295 1328/1328/1328 1327/1327/1327 
f 1331/1331/1331 1332/1332/1332 1333/1333/1333 
f 1334/1334/1334 1335/1335/1335 1336/1336/1336 
f 1334/1334/1334 1336/1336/1336 1337/1337/1337 
f 1338/1338/1338 1339/1339/1339 1340/1340/1340 
f 1338/1338/1338 1340/1340/1340 1341/1341/1341 
f 1342/1342/1342 1343/1343/1343 1344/1344/1344 
f 1342/1342/1342 1344/1344/1344 1345/1345/1345 
f 1283/1283/1283 1346/1346/1346 1347/1347/1347 
f 1283/1283/1283 1347/1347/1347 1274/1274/1274 
f 1348/1348/1348 1349/1349/1349 1350/1350/1350 
f 1279/1279/1279 1282/1282/1282 1351/1351/1351 
f 1274/1274/1274 1352/1352/1352 1353/1353/1353 
f 1274/1274/1274 1353/1353/1353 1284/1284/1284 
f 1347/1347/1347 1272/1272/1272 1274/1274/1274 
f 1286/1286/1286 1354/1354/1354 1355/1355/1355 
f 1286/1286/1286 1355/1355/1355 1287/1287/1287 
f 1356/1356/1356 1357/1357/1357 1343/1343/1343 
f 1356/1356/1356 1343/1343/1343 1342/1342/1342 
f 1358/1358/1358 1348/1348/1348 1350/1350/1350 
f 1279/1279/1279 1351/1351/1351 1359/1359/1359 
f 1279/1279/1279 1359/1359/1359 1350/1350/1350 
f 1350/1350/1350 1349/1349/1349 1360/1360/1360 
f 1140/1140/1140 1147/1147/1147 1361/1361/1361 
f 1140/1140/1140 1361/1361/1361 1362/1362/1362 
f 1214/1214/1214 1213/1213/1213 1363/1363/1363 
f 1216/1216/1216 1218/1218/1218 1224/1224/1224 
f 1216/1216/1216 1224/1224/1224 1223/1223/1223 
f 1280/1280/1280 1364/1364/1364 1365/1365/1365 
f 1280/1280/1280 1365/1365/1365 1281/1281/1281 
f 1340/1340/1340 1366/1366/1366 1367/1367/1367 
f 1340/1340/1340 1367/1367/1367 1341/1341/1341 
f 1368/1368/1368 1369/1369/1369 1289/1289/1289 
f 1368/1368/1368 1289/1289/1289 1152/1152/1152 
f 1368/1368/1368 1152/1152/1152 1155/1155/1155 
f 1368/1368/1368 1155/1155/1155 1370/1370/1370 
f 1204/1204/1204 1371/1371/1371 1372/1372/1372 
f 1204/1204/1204 1372/1372/1372 1205/1205/1205 
f 1364/1364/1364 1373/1373/1373 1374/1374/1374 
f 1364/1364/1364 1374/1374/1374 1365/1365/1365 
f 1366/1366/1366 1375/1375/1375 1376/1376/1376 
f 1366/1366/1366 1376/1376/1376 1367/1367/1367 
f 1377/1377/1377 1378/1378/1378 1369/1369/1369 
f 1377/1377/1377 1369/1369/1369 1368/1368/1368 
f 1377/1377/1377 1368/1368/1368 1370/1370/1370 
f 1377/1377/1377 1370/1370/1370 1379/1379/1379 
f 1371/1371/1371 1380/1380/1380 1381/1381/1381 
f 1371/1371/1371 1381/1381/1381 1372/1372/1372 
f 1382/1382/1382 1222/1222/1222 1225/1225/1225 
f 1382/1382/1382 1225/1225/1225 1383/1383/1383 

g 4

v 39.3924 2.3519 -11.4019 
v 39.3993 2.5405 -11.3241 
v 39.7066 2.4988 -11.2894 
v 39.7002 2.2919 -11.373 
v 39.7248 2.2723 -11.3419 
v 39.7002 2.2919 -11.373 
v 39.7066 2.4988 -11.2894 
v 39.7326 2.4832 -11.2573 
v 39.3637 2.5332 -11.2989 
v 39.3993 2.5405 -11.3241 
v 39.3924 2.3519 -11.4019 
v 39.3557 2.3375 -11.3819 
v 39.6645 2.1026 -11.0872 
v 39.7248 2.2723 -11.3419 
v 39.7326 2.4832 -11.2573 
v 39.6847 2.3687 -10.971 
v 39.316 2.4187 -11.0126 
v 39.3637 2.5332 -11.2989 
v 39.3557 2.3375 -11.3819 
v 39.2953 2.1678 -11.1272 
v 39.6278 2.0881 -11.0673 
v 39.6645 2.1026 -11.0872 
v 39.6847 2.3687 -10.971 
v 39.6492 2.3613 -10.9459 
v 39.3419 2.403 -10.9805 
v 39.316 2.4187 -11.0126 
v 39.2953 2.1678 -11.1272 
v 39.3199 2.1482 -11.0962 
v 39.6278 2.0881 -11.0673 
v 39.6492 2.3613 -10.9459 
v 39.3419 2.403 -10.9805 
v 39.3199 2.1482 -11.0962 
v 39.4293 3.0998 -10.7422 
v 39.5261 3.0586 -10.6378 
v 39.7156 3.5028 -10.7007 
v 39.6187 3.5435 -10.8052 
v 39.6733 3.0035 -10.568 
v 39.8618 3.4453 -10.6308 
v 39.9561 2.9072 -10.5459 
v 40.1413 3.3401 -10.6086 
v 40.0031 2.9461 -11.1514 
v 39.9609 2.96 -11.1839 
v 40.138 3.3688 -11.2477 
v 40.1797 3.3534 -11.2152 
v 39.6885 3.0491 -11.1627 
v 39.5378 3.0934 -11.0929 
v 39.7214 3.5203 -11.1566 
v 39.8694 3.4681 -11.2264 
v 39.4356 3.1187 -10.9885 
v 39.6218 3.5529 -11.052 
v 39.4096 3.1165 -10.8652 
v 39.5979 3.5567 -10.9285 
v 39.7855 3.8232 -10.8829 
v 39.871 3.7879 -10.7906 
v 40.2685 3.6237 -10.9918 
v 39.9989 3.735 -10.7289 
v 40.2422 3.6345 -10.7094 
v 40.2685 3.6237 -10.7072 
v 40.2685 3.6237 -11.2405 
v 40.2323 3.6386 -11.2734 
v 39.9989 3.735 -11.2546 
v 39.871 3.7879 -11.193 
v 39.871 3.7879 -11.193 
v 39.7855 3.8232 -11.1007 
v 40.2685 3.6237 -10.9918 
v 39.7855 3.8232 -11.1007 
v 39.7662 3.8317 -10.9917 
v 40.2685 3.6237 -10.9918 
v 39.7662 3.8317 -10.9917 
v 39.7855 3.8232 -10.8829 
v 40.2685 3.6237 -10.9918 
v 39.4062 3.0311 -10.7515 
v 39.4999 2.9833 -10.6471 
v 39.6453 2.9254 -10.576 
v 39.9283 2.8329 -10.5497 
v 39.9962 2.9247 -11.145 
v 39.9537 2.9374 -11.1782 
v 39.6799 3.0195 -11.1616 
v 39.5264 3.0553 -11.0953 
v 39.4205 3.0701 -10.994 
v 39.3904 3.0572 -10.8731 
v 40.2685 3.6237 -11.2405 
v 40.2685 3.6237 -10.9918 
v 40.2855 3.573 -10.9858 
v 40.2859 3.5743 -11.2724 
v 40.2685 3.6237 -10.9918 
v 40.2685 3.6237 -10.7072 
v 40.2851 3.5718 -10.7017 
v 40.2855 3.573 -10.9858 
v 39.9962 2.9247 -11.145 
v 40.0031 2.9461 -11.1514 
v 39.9949 2.9215 -10.8654 
v 39.9775 2.8738 -10.8638 
v 39.9775 2.8738 -10.8638 
v 39.9949 2.9215 -10.8654 
v 39.9867 2.8968 -10.5828 
v 39.9588 2.8229 -10.5862 
v 39.323 2.2623 -10.9868 
v 39.2351 2.3089 -11.0923 
v 39.7866 2.3211 -11.138 
v 39.466 2.2255 -10.9061 
v 39.7491 2.199 -10.8516 
v 39.5448 2.4533 -11.4378 
v 39.8289 2.4423 -11.4233 
v 39.3833 2.4366 -11.3937 
v 39.2678 2.4033 -11.3126 
v 39.2276 2.3542 -11.2067 
v 39.2004 2.4049 -11.1965 
v 39.2276 2.3542 -11.2067 
v 39.2351 2.3089 -11.0923 
v 39.208 2.3546 -11.0698 
v 39.3046 2.3013 -10.9526 
v 39.323 2.2623 -10.9868 
v 39.4624 2.2579 -10.8629 
v 39.466 2.2255 -10.9061 
v 39.7791 2.2218 -10.8018 
v 39.7491 2.199 -10.8516 
v 39.8301 2.3179 -11.1332 
v 39.8623 2.3542 -11.1135 
v 39.8179 2.2336 -10.8307 
v 39.7924 2.2112 -10.8806 
v 39.868 2.4258 -11.389 
v 39.9089 2.4762 -11.3993 
v 39.8623 2.3542 -11.1135 
v 39.8301 2.3179 -11.1332 
v 39.8626 2.4909 -11.4354 
v 39.9089 2.4762 -11.3993 
v 39.868 2.4258 -11.389 
v 39.8289 2.4423 -11.4233 
v 39.3736 2.4925 -11.4035 
v 39.5524 2.5077 -11.452 
v 39.5448 2.4533 -11.4378 
v 39.3833 2.4366 -11.3937 
v 39.2453 2.4581 -11.3138 
v 39.2678 2.4033 -11.3126 
v 39.8179 2.2336 -10.8307 
v 39.7791 2.2218 -10.8018 
v 39.7491 2.199 -10.8516 
v 39.7924 2.2112 -10.8806 
v 39.9561 2.9072 -10.5459 
v 39.9283 2.8329 -10.5497 
v 39.9588 2.8229 -10.5862 
v 39.9867 2.8968 -10.5828 
v 40.1413 3.3401 -10.6086 
v 40.1714 3.3287 -10.6455 
v 39.8626 2.4909 -11.4354 
v 39.8289 2.4423 -11.4233 
v 39.9609 2.96 -11.1839 
v 39.9537 2.9374 -11.1782 
v 40.138 3.3688 -11.2477 
v 40.2422 3.6345 -10.7094 
v 40.2552 3.584 -10.6648 
v 40.2851 3.5718 -10.7017 
v 40.2685 3.6237 -10.7072 
v 39.9788 3.6971 -10.687 
v 40.2552 3.584 -10.6648 
v 40.2422 3.6345 -10.7094 
v 39.9989 3.735 -10.7289 
v 39.8335 3.7569 -10.757 
v 39.871 3.7879 -10.7906 
v 39.7365 3.797 -10.8617 
v 39.7855 3.8232 -10.8829 
v 39.7147 3.8071 -10.9852 
v 39.7662 3.8317 -10.9917 
v 39.7368 3.798 -11.1088 
v 39.7855 3.8232 -11.1007 
v 39.8341 3.7586 -11.2136 
v 39.871 3.7879 -11.193 
v 39.9795 3.6995 -11.2836 
v 39.9989 3.735 -11.2546 
v 40.2323 3.6386 -11.2734 
v 40.2448 3.5911 -11.3048 
v 40.2859 3.5743 -11.2724 
v 40.2448 3.5911 -11.3048 
v 40.2323 3.6386 -11.2734 
v 40.2685 3.6237 -11.2405 
v 40.2855 3.573 -10.9858 
v 40.2851 3.5718 -10.7017 
v 40.1714 3.3287 -10.6455 
v 39.9867 2.8968 -10.5828 
v 40.2855 3.573 -10.9858 
v 39.9867 2.8968 -10.5828 
v 39.9949 2.9215 -10.8654 
v 40.2855 3.573 -10.9858 
v 39.9949 2.9215 -10.8654 
v 40.0031 2.9461 -11.1514 
v 40.2859 3.5743 -11.2724 
v 40.2855 3.573 -10.9858 
v 40.0031 2.9461 -11.1514 
v 40.1797 3.3534 -11.2152 
v 39.9601 2.7292 -11.2733 
v 39.9157 2.743 -11.308 
v 39.9273 2.6424 -10.9898 
v 39.9601 2.7292 -11.2733 
v 39.8956 2.5564 -10.7095 
v 39.9273 2.6424 -10.9898 
v 39.8609 2.5554 -10.6769 
v 39.8956 2.5564 -10.7095 
v 39.5609 2.6194 -10.7208 
v 39.8609 2.5554 -10.6769 
v 39.4093 2.67 -10.8012 
v 39.3141 2.7206 -10.9121 
v 39.3024 2.7589 -11.0363 
v 39.34 2.7921 -11.1554 
v 39.4572 2.8022 -11.2508 
v 39.6235 2.7921 -11.3081 
v 39.9157 2.743 -11.308 
v 39.7866 2.3211 -11.138 
v 39.8289 2.4423 -11.4233 
v 39.868 2.4258 -11.389 
v 39.8301 2.3179 -11.1332 
v 39.7924 2.2112 -10.8806 
v 39.7491 2.199 -10.8516 
v 39.5524 2.5077 -11.452 
v 39.3736 2.4925 -11.4035 
v 39.2453 2.4581 -11.3138 
v 39.2004 2.4049 -11.1965 
v 39.208 2.3546 -11.0698 
v 39.3046 2.3013 -10.9526 
v 39.4624 2.2579 -10.8629 
v 39.7791 2.2218 -10.8018 
v 39.7791 2.2218 -10.8018 
v 39.8179 2.2336 -10.8307 
v 39.8179 2.2336 -10.8307 
v 39.8623 2.3542 -11.1135 
v 39.8623 2.3542 -11.1135 
v 39.9089 2.4762 -11.3993 
v 39.9089 2.4762 -11.3993 
v 39.8626 2.4909 -11.4354 
v 39.8626 2.4909 -11.4354 
v 40.2552 3.584 -10.6648 
v 40.2851 3.5718 -10.7017 
v 40.2552 3.584 -10.6648 
v 39.9788 3.6971 -10.687 
v 39.8335 3.7569 -10.757 
v 39.7365 3.797 -10.8617 
v 39.7147 3.8071 -10.9852 
v 39.7368 3.798 -11.1088 
v 39.8341 3.7586 -11.2136 
v 39.9795 3.6995 -11.2836 
v 40.2448 3.5911 -11.3048 
v 40.2448 3.5911 -11.3048 
v 40.2859 3.5743 -11.2724 
v 39.822 2.0876 -11.2188 
v 39.7653 2.2083 -11.1761 
v 39.7309 2.1216 -10.9762 
v 39.797 2.0241 -11.0723 
v 39.6737 2.2647 -11.1674 
v 39.6401 2.1771 -10.9676 
v 39.5494 2.3038 -11.1717 
v 39.5158 2.2162 -10.9719 
v 39.4184 2.3051 -11.1936 
v 39.3848 2.2174 -10.9938 
v 39.303 2.2677 -11.2296 
v 39.2694 2.1802 -11.0298 
v 39.1938 2.1884 -11.2827 
v 39.1602 2.1009 -11.0828 
v 39.1507 2.0765 -11.3386 
v 39.1171 1.9889 -11.1388 
v 39.1566 1.9565 -11.3897 
v 39.123 1.8688 -11.1899 
v 39.2076 1.8496 -11.4273 
v 39.174 1.762 -11.2275 
v 39.2677 1.7849 -11.4451 
v 39.2341 1.6974 -11.2453 
v 39.3603 1.7376 -11.4497 
v 39.3268 1.65 -11.25 
v 39.4247 1.7608 -11.4286 
v 39.3911 1.6733 -11.2289 
v 39.44 1.7898 -11.4134 
v 39.4065 1.7024 -11.2137 
v 39.3911 1.6733 -11.2289 
v 39.4247 1.7608 -11.4286 
v 39.7997 1.891 -11.3079 
v 39.8287 1.9872 -11.2612 
v 39.815 1.9527 -11.1816 
v 39.3144 1.6762 -11.1904 
v 39.3562 1.6911 -11.1768 
v 39.2421 1.9319 -11.0917 
v 39.302 1.9208 -11.1367 
v 39.4065 1.7024 -11.2137 
v 39.44 1.7898 -11.4134 
v 39.3361 2.0076 -11.3367 
v 39.1557 1.8632 -11.1363 
v 39.1491 1.963 -11.0941 
v 39.5643 2.015 -11.0509 
v 39.4329 1.9678 -11.0939 
v 39.467 2.0547 -11.2939 
v 39.5984 2.1018 -11.2509 
v 39.6437 2.0164 -11.2802 
v 39.6176 1.9497 -11.1282 
v 39.5643 2.015 -11.0509 
v 39.5984 2.1018 -11.2509 
v 39.7309 2.1216 -10.9762 
v 39.6817 2.0883 -10.9459 
v 39.7478 1.9928 -11.0347 
v 39.797 2.0241 -11.0723 
v 39.6401 2.1771 -10.9676 
v 39.6122 2.1294 -10.9427 
v 39.5158 2.2162 -10.9719 
v 39.5033 2.1618 -10.9472 
v 39.3848 2.2174 -10.9938 
v 39.3876 2.1619 -10.9669 
v 39.2694 2.1802 -11.0298 
v 39.2859 2.1296 -10.9984 
v 39.1602 2.1009 -11.0828 
v 39.1874 2.0524 -11.0488 
v 39.1171 1.9889 -11.1388 
v 39.1491 1.963 -11.0941 
v 39.123 1.8688 -11.1899 
v 39.1557 1.8632 -11.1363 
v 39.174 1.762 -11.2275 
v 39.2051 1.7615 -11.172 
v 39.2341 1.6974 -11.2453 
v 39.2499 1.7145 -11.1848 
v 39.3268 1.65 -11.25 
v 39.3144 1.6762 -11.1904 
v 39.3911 1.6733 -11.2289 
v 39.3562 1.6911 -11.1768 
v 39.3144 1.6762 -11.1904 
v 39.3268 1.65 -11.25 
v 39.7455 1.8718 -11.3255 
v 39.7344 1.8667 -11.2823 
v 39.69 1.8748 -11.2769 
v 39.7048 1.8811 -11.3284 
v 39.7997 1.891 -11.3079 
v 39.7605 1.8719 -11.2647 
v 39.7344 1.8667 -11.2823 
v 39.7455 1.8718 -11.3255 
v 39.815 1.9527 -11.1816 
v 39.7682 1.9155 -11.1544 
v 39.7605 1.8719 -11.2647 
v 39.7997 1.891 -11.3079 
v 39.4065 1.7024 -11.2137 
v 39.3562 1.6911 -11.1768 
v 39.3911 1.6733 -11.2289 
v 39.3562 1.6911 -11.1768 
v 39.4065 1.7024 -11.2137 
v 39.302 1.9208 -11.1367 
v 39.2421 1.9319 -11.0917 
v 39.5709 2.0528 -10.9802 
v 39.5643 2.015 -11.0509 
v 39.6176 1.9497 -11.1282 
v 39.6433 1.9579 -11.0967 
v 39.4065 1.9914 -11.0378 
v 39.4329 1.9678 -11.0939 
v 39.5643 2.015 -11.0509 
v 39.5709 2.0528 -10.9802 
v 39.2051 1.7615 -11.172 
v 39.2499 1.7145 -11.1848 
v 39.3876 2.1619 -10.9669 
v 39.2859 2.1296 -10.9984 
v 39.4065 1.9914 -11.0378 
v 39.5709 2.0528 -10.9802 
v 39.6817 2.0883 -10.9459 
v 39.6122 2.1294 -10.9427 
v 39.5033 2.1618 -10.9472 
v 39.4065 1.9914 -11.0378 
v 39.1874 2.0524 -11.0488 
v 39.6912 1.902 -11.1799 
v 39.7682 1.9155 -11.1544 
v 39.7478 1.9928 -11.0347 
v 39.6433 1.9579 -11.0967 
v 39.302 1.9208 -11.1367 
v 39.3361 2.0076 -11.3367 
v 39.2421 1.9319 -11.0917 
v 39.302 1.9208 -11.1367 
v 39.822 2.0876 -11.2188 
v 39.8637 2.1928 -11.4613 
v 39.8075 2.3136 -11.4185 
v 39.7653 2.2083 -11.1761 
v 39.716 2.3691 -11.4102 
v 39.6737 2.2647 -11.1674 
v 39.5917 2.4082 -11.4146 
v 39.5494 2.3038 -11.1717 
v 39.4607 2.4094 -11.4365 
v 39.4184 2.3051 -11.1936 
v 39.303 2.2677 -11.2296 
v 39.3452 2.3721 -11.4725 
v 39.2361 2.2929 -11.5255 
v 39.1938 2.1884 -11.2827 
v 39.193 2.1809 -11.5815 
v 39.1507 2.0765 -11.3386 
v 39.1989 2.0608 -11.6325 
v 39.1566 1.9565 -11.3897 
v 39.2498 1.9539 -11.6701 
v 39.2076 1.8496 -11.4273 
v 39.3099 1.8893 -11.6878 
v 39.2677 1.7849 -11.4451 
v 39.4026 1.8418 -11.6925 
v 39.3603 1.7376 -11.4497 
v 39.4669 1.8652 -11.6713 
v 39.4247 1.7608 -11.4286 
v 39.44 1.7898 -11.4134 
v 39.4247 1.7608 -11.4286 
v 39.4669 1.8652 -11.6713 
v 39.4823 1.8942 -11.6561 
v 39.7048 1.8811 -11.3284 
v 39.7463 1.9861 -11.5709 
v 39.7871 1.9768 -11.568 
v 39.7455 1.8718 -11.3255 
v 39.7455 1.8718 -11.3255 
v 39.7871 1.9768 -11.568 
v 39.8413 1.9961 -11.5503 
v 39.7997 1.891 -11.3079 
v 39.7997 1.891 -11.3079 
v 39.8413 1.9961 -11.5503 
v 39.8703 2.0924 -11.5036 
v 39.8287 1.9872 -11.2612 
v 39.4044 1.904 -11.7156 
v 39.3321 2.1598 -11.6172 
v 39.4462 1.9189 -11.702 
v 39.3778 2.1128 -11.5793 
v 39.3361 2.0076 -11.3367 
v 39.44 1.7898 -11.4134 
v 39.4823 1.8942 -11.6561 
v 39.6615 2.2789 -11.509 
v 39.7721 2.3171 -11.4735 
v 39.83 2.1999 -11.5143 
v 39.7214 2.1552 -11.5523 
v 39.2457 2.0911 -11.6618 
v 39.2392 2.1909 -11.6197 
v 39.6401 2.207 -11.4935 
v 39.5984 2.1018 -11.2509 
v 39.467 2.0547 -11.2939 
v 39.5087 2.1597 -11.5365 
v 39.5984 2.1018 -11.2509 
v 39.6401 2.207 -11.4935 
v 39.6853 2.1216 -11.5227 
v 39.8075 2.3136 -11.4185 
v 39.8637 2.1928 -11.4613 
v 39.83 2.1999 -11.5143 
v 39.7721 2.3171 -11.4735 
v 39.716 2.3691 -11.4102 
v 39.7022 2.3573 -11.4681 
v 39.5917 2.4082 -11.4146 
v 39.5933 2.3897 -11.4728 
v 39.4607 2.4094 -11.4365 
v 39.4777 2.3899 -11.4925 
v 39.376 2.3575 -11.524 
v 39.3452 2.3721 -11.4725 
v 39.2361 2.2929 -11.5255 
v 39.2769 2.2885 -11.5709 
v 39.193 2.1809 -11.5815 
v 39.2392 2.1909 -11.6197 
v 39.1989 2.0608 -11.6325 
v 39.2457 2.0911 -11.6618 
v 39.2498 1.9539 -11.6701 
v 39.2951 1.9894 -11.6974 
v 39.3099 1.8893 -11.6878 
v 39.3399 1.9423 -11.7101 
v 39.4026 1.8418 -11.6925 
v 39.4044 1.904 -11.7156 
v 39.4669 1.8652 -11.6713 
v 39.4026 1.8418 -11.6925 
v 39.4044 1.904 -11.7156 
v 39.4462 1.9189 -11.702 
v 39.7871 1.9768 -11.568 
v 39.7463 1.9861 -11.5709 
v 39.7795 2.0315 -11.5959 
v 39.8413 1.9961 -11.5503 
v 39.7871 1.9768 -11.568 
v 39.7795 2.0315 -11.5959 
v 39.8154 2.044 -11.5843 
v 39.8703 2.0924 -11.5036 
v 39.8413 1.9961 -11.5503 
v 39.8154 2.044 -11.5843 
v 39.8331 2.1207 -11.5481 
v 39.4823 1.8942 -11.6561 
v 39.4669 1.8652 -11.6713 
v 39.4462 1.9189 -11.702 
v 39.4462 1.9189 -11.702 
v 39.3321 2.1598 -11.6172 
v 39.3778 2.1128 -11.5793 
v 39.4823 1.8942 -11.6561 
v 39.6615 2.2789 -11.509 
v 39.7214 2.1552 -11.5523 
v 39.6853 2.1216 -11.5227 
v 39.6401 2.207 -11.4935 
v 39.4965 2.2192 -11.5632 
v 39.6615 2.2789 -11.509 
v 39.6401 2.207 -11.4935 
v 39.5087 2.1597 -11.5365 
v 39.3399 1.9423 -11.7101 
v 39.2951 1.9894 -11.6974 
v 39.4777 2.3899 -11.4925 
v 39.4965 2.2192 -11.5632 
v 39.376 2.3575 -11.524 
v 39.7022 2.3573 -11.4681 
v 39.2769 2.2885 -11.5709 
v 39.4965 2.2192 -11.5632 
v 39.3361 2.0076 -11.3367 
v 39.3778 2.1128 -11.5793 
v 39.3321 2.1598 -11.6172 
v 39.3778 2.1128 -11.5793 
v 39.5933 2.3897 -11.4728 
v 39.5933 2.3897 -11.4728 
v 39.2769 2.2885 -11.5709 
v 39.4065 1.9914 -11.0378 
v 39.1874 2.0524 -11.0488 
v 39.5033 2.1618 -10.9472 
v 39.8331 2.1207 -11.5481 
v 39.7513 2.0934 -11.574 
v 39.7513 2.0934 -11.574 
v 39.7158 2.0538 -11.5468 
v 39.6743 1.9488 -11.3043 
v 39.7158 2.0538 -11.5468 
v 39.6562 1.9029 -11.1987 
v 39.6562 1.9029 -11.1987 
v 39.6912 1.902 -11.1799 
v 39.8154 2.044 -11.5843 
v 39.7795 2.0315 -11.5959 
v 39.7795 2.0315 -11.5959 
v 39.7463 1.9861 -11.5709 
v 39.7048 1.8811 -11.3284 
v 39.7463 1.9861 -11.5709 
v 39.69 1.8748 -11.2769 
v 39.69 1.8748 -11.2769 
v 39.7344 1.8667 -11.2823 
v 39.7344 1.8667 -11.2823 
v 39.7605 1.8719 -11.2647 

vn 0.15748 0.370079 -0.913386 
vn 0.15748 0.370079 -0.913386 
vn 0.15748 0.370079 -0.913386 
vn 0.15748 0.370079 -0.913386 
vn 0.818898 0.188976 -0.543307 
vn 0.818898 0.188976 -0.543307 
vn 0.818898 0.188976 -0.543307 
vn 0.818898 0.188976 -0.543307 
vn -0.566929 0.338583 -0.748031 
vn -0.566929 0.338583 -0.748031 
vn -0.566929 0.338583 -0.748031 
vn -0.566929 0.338583 -0.748031 
vn 0.984252 -0.11811 0.133858 
vn 0.984252 -0.11811 0.133858 
vn 0.984252 -0.11811 0.133858 
vn 0.984252 -0.11811 0.133858 
vn -0.984252 0.11811 -0.133858 
vn -0.984252 0.11811 -0.133858 
vn -0.984252 0.11811 -0.133858 
vn -0.984252 0.11811 -0.133858 
vn 0.566929 -0.370079 0.732283 
vn 0.566929 -0.370079 0.732283 
vn 0.566929 -0.370079 0.732283 
vn 0.566929 -0.370079 0.732283 
vn -0.811024 -0.181102 0.551181 
vn -0.811024 -0.181102 0.551181 
vn -0.811024 -0.181102 0.551181 
vn -0.811024 -0.181102 0.551181 
vn -0.15748 -0.393701 0.905512 
vn -0.15748 -0.393701 0.905512 
vn -0.15748 -0.393701 0.905512 
vn -0.15748 -0.393701 0.905512 
vn -0.818898 0.330709 0.472441 
vn -0.519685 0.220472 0.826772 
vn -0.464567 0.346457 0.818898 
vn -0.771654 0.425197 0.472441 
vn -0.220472 0.11811 0.968504 
vn -0.165354 0.23622 0.96063 
vn -0.0551181 0.0629921 1 
vn -0.015748 0.173228 0.984252 
vn 0.488189 -0.370079 -0.787402 
vn 0.488189 -0.370079 -0.787402 
vn 0.480315 -0.370079 -0.795276 
vn 0.480315 -0.370079 -0.795276 
vn -0.259843 -0.015748 -0.968504 
vn -0.543307 0.15748 -0.826772 
vn -0.559055 0.110236 -0.818898 
vn -0.275591 -0.0472441 -0.96063 
vn -0.826772 0.299213 -0.472441 
vn -0.834646 0.299213 -0.472441 
vn -0.929134 0.362205 0 
vn -0.913386 0.417323 0.00787402 
vn 0.377953 0.92126 0 
vn 0.377953 0.92126 0 
vn 0.377953 0.92126 0 
vn 0.377953 0.92126 0 
vn 0.377953 0.92126 0 
vn 0.377953 0.92126 0 
vn 0.377953 0.92126 0 
vn 0.377953 0.92126 0 
vn 0.377953 0.92126 0 
vn 0.377953 0.92126 0 
vn 0.377953 0.92126 0 
vn 0.377953 0.92126 0 
vn 0.377953 0.92126 0 
vn 0.385827 0.92126 -0.00787402 
vn 0.385827 0.92126 -0.00787402 
vn 0.385827 0.92126 -0.00787402 
vn 0.385827 0.92126 0.00787402 
vn 0.385827 0.92126 0.00787402 
vn 0.385827 0.92126 0.00787402 
vn -0.88189 0.15748 0.440945 
vn -0.606299 -0.015748 0.795276 
vn -0.314961 -0.125984 0.944882 
vn -0.149606 -0.173228 0.976378 
vn 0.598425 -0.0708661 -0.795276 
vn 0.598425 -0.0708661 -0.795276 
vn -0.173228 0.251969 -0.952756 
vn -0.480315 0.346457 -0.80315 
vn -0.80315 0.370079 -0.464567 
vn -0.952756 0.299213 -0.00787402 
vn 0.944882 0.322835 0 
vn 0.944882 0.322835 0 
vn 0.944882 0.322835 0 
vn 0.944882 0.322835 0 
vn 0.952756 0.314961 0 
vn 0.952756 0.314961 0 
vn 0.952756 0.314961 0 
vn 0.952756 0.314961 0 
vn 0.96063 -0.275591 0.015748 
vn 0.944882 -0.330709 0 
vn 0.944882 -0.330709 0 
vn 0.96063 -0.275591 0.015748 
vn 0.952756 -0.291339 0.015748 
vn 0.937008 -0.346457 0 
vn 0.937008 -0.346457 0 
vn 0.952756 -0.291339 0.015748 
vn -0.015748 -0.92126 -0.393701 
vn -0.00787402 -0.92126 -0.377953 
vn -0.00787402 -0.92126 -0.393701 
vn -0.00787402 -0.92126 -0.393701 
vn -0.00787402 -0.92126 -0.393701 
vn -0.015748 -0.92126 -0.393701 
vn -0.015748 -0.92126 -0.393701 
vn -0.015748 -0.92126 -0.393701 
vn -0.00787402 -0.913386 -0.409449 
vn -0.00787402 -0.92126 -0.393701 
vn -0.866142 -0.409449 -0.299213 
vn -0.866142 -0.409449 -0.299213 
vn -0.826772 -0.551181 0.102362 
vn -0.826772 -0.551181 0.102362 
vn -0.614173 -0.669291 0.425197 
vn -0.614173 -0.669291 0.425197 
vn -0.338583 -0.771654 0.535433 
vn -0.338583 -0.771654 0.535433 
vn -0.188976 -0.818898 0.543307 
vn -0.188976 -0.818898 0.543307 
vn 0.779528 -0.606299 -0.133858 
vn 0.779528 -0.606299 -0.133858 
vn 0.779528 -0.606299 -0.133858 
vn 0.779528 -0.606299 -0.133858 
vn 0.76378 -0.629921 -0.149606 
vn 0.76378 -0.629921 -0.149606 
vn 0.76378 -0.629921 -0.149606 
vn 0.76378 -0.629921 -0.149606 
vn 0.433071 -0.496063 -0.748031 
vn 0.433071 -0.496063 -0.748031 
vn 0.433071 -0.496063 -0.748031 
vn 0.433071 -0.496063 -0.748031 
vn -0.377953 -0.220472 -0.897638 
vn -0.102362 -0.23622 -0.968504 
vn -0.102362 -0.23622 -0.968504 
vn -0.377953 -0.220472 -0.897638 
vn -0.685039 -0.299213 -0.669291 
vn -0.685039 -0.299213 -0.669291 
vn 0.393701 -0.897638 0.188976 
vn 0.393701 -0.897638 0.188976 
vn 0.393701 -0.897638 0.188976 
vn 0.393701 -0.897638 0.188976 
vn 0.708661 -0.251969 0.661417 
vn 0.669291 -0.346457 0.661417 
vn 0.669291 -0.346457 0.661417 
vn 0.708661 -0.251969 0.661417 
vn 0.724409 -0.220472 0.653543 
vn 0.724409 -0.220472 0.653543 
vn 0.0393701 -0.259843 -0.96063 
vn 0.0393701 -0.259843 -0.96063 
vn -0.110236 -0.110236 -0.984252 
vn -0.015748 0.173228 -0.984252 
vn -0.125984 -0.11811 -0.984252 
vn 0.598425 0.488189 0.637795 
vn 0.598425 0.488189 0.637795 
vn 0.598425 0.488189 0.637795 
vn 0.598425 0.488189 0.637795 
vn 0.102362 0.716535 0.692913 
vn 0.220472 0.669291 0.708661 
vn 0.220472 0.669291 0.708661 
vn 0.102362 0.716535 0.692913 
vn -0.11811 0.795276 0.598425 
vn -0.11811 0.795276 0.598425 
vn -0.322835 0.88189 0.338583 
vn -0.322835 0.88189 0.338583 
vn -0.433071 0.905512 0 
vn -0.433071 0.905512 0 
vn -0.377953 0.850394 -0.362205 
vn -0.377953 0.850394 -0.362205 
vn -0.19685 0.716535 -0.669291 
vn -0.19685 0.716535 -0.669291 
vn 0.0393701 0.622047 -0.787402 
vn 0.0393701 0.622047 -0.787402 
vn 0.173228 0.566929 -0.80315 
vn 0.173228 0.566929 -0.80315 
vn 0.661417 0.543307 -0.519685 
vn 0.661417 0.543307 -0.519685 
vn 0.661417 0.543307 -0.519685 
vn 0.661417 0.543307 -0.519685 
vn 0.913386 -0.417323 0 
vn 0.913386 -0.417323 0 
vn 0.913386 -0.417323 0 
vn 0.913386 -0.417323 0 
vn 0.905512 -0.417323 -0.00787402 
vn 0.905512 -0.417323 -0.00787402 
vn 0.905512 -0.417323 -0.00787402 
vn 0.905512 -0.417323 -0.00787402 
vn 0.905512 -0.417323 -0.00787402 
vn 0.905512 -0.417323 -0.00787402 
vn 0.905512 -0.425197 0 
vn 0.905512 -0.425197 0 
vn 0.905512 -0.425197 0 
vn 0.905512 -0.425197 0 
vn 0.645669 0.23622 -0.732283 
vn 0.645669 0.23622 -0.732283 
vn 0.976378 -0.228346 0.0393701 
vn 0.976378 -0.228346 0.0393701 
vn 0.968504 -0.244094 0.0314961 
vn 0.968504 -0.244094 0.0314961 
vn 0.629921 -0.401575 0.661417 
vn 0.629921 -0.401575 0.661417 
vn -0.362205 -0.251969 0.897638 
vn -0.204724 -0.307087 0.929134 
vn -0.645669 -0.125984 0.748031 
vn -0.905512 0.0866142 0.417323 
vn -0.96063 0.283465 -0.015748 
vn -0.779528 0.433071 -0.448819 
vn -0.425197 0.488189 -0.76378 
vn -0.0944882 0.464567 -0.88189 
vn 0.0708661 0.433071 -0.897638 
vn -0.023622 -0.92126 -0.393701 
vn -0.0314961 -0.92126 -0.393701 
vn -0.0314961 -0.92126 -0.393701 
vn -0.023622 -0.92126 -0.393701 
vn -0.015748 -0.92126 -0.393701 
vn -0.015748 -0.92126 -0.393701 
vn -0.0944882 0.464567 -0.88189 
vn -0.433071 0.488189 -0.755906 
vn -0.787402 0.433071 -0.440945 
vn -0.96063 0.283465 -0.023622 
vn -0.905512 0.0866142 0.409449 
vn -0.653543 -0.11811 0.748031 
vn -0.370079 -0.251969 0.897638 
vn -0.204724 -0.307087 0.929134 
vn 0.629921 -0.401575 0.669291 
vn 0.629921 -0.401575 0.669291 
vn 0.968504 -0.244094 0.0393701 
vn 0.968504 -0.244094 0.0393701 
vn 0.968504 -0.228346 0.0472441 
vn 0.968504 -0.228346 0.0472441 
vn 0.645669 0.23622 -0.732283 
vn 0.645669 0.23622 -0.732283 
vn 0.0708661 0.433071 -0.897638 
vn 0.724409 -0.220472 0.653543 
vn 0.724409 -0.220472 0.653543 
vn -0.00787402 0.173228 0.984252 
vn -0.165354 0.23622 0.96063 
vn -0.464567 0.346457 0.818898 
vn -0.771654 0.425197 0.464567 
vn -0.913386 0.417323 0 
vn -0.834646 0.299213 -0.472441 
vn -0.559055 0.110236 -0.818898 
vn -0.275591 -0.0472441 -0.96063 
vn -0.125984 -0.11811 -0.984252 
vn 0.480315 -0.370079 -0.795276 
vn 0.480315 -0.370079 -0.795276 
vn 0.96063 0.15748 0.23622 
vn 0.740157 0.566929 0.370079 
vn 0.740157 0.566929 0.370079 
vn 0.96063 0.15748 0.23622 
vn 0.385827 0.818898 0.425197 
vn 0.385827 0.818898 0.425197 
vn 0.102362 0.905512 0.417323 
vn 0.102362 0.905512 0.417323 
vn -0.220472 0.905512 0.362205 
vn -0.220472 0.905512 0.362205 
vn -0.519685 0.811024 0.267717 
vn -0.519685 0.811024 0.267717 
vn -0.818898 0.566929 0.110236 
vn -0.818898 0.566929 0.110236 
vn -0.976378 0.188976 -0.0787402 
vn -0.976378 0.188976 -0.0787402 
vn -0.96063 -0.15748 -0.228346 
vn -0.96063 -0.15748 -0.228346 
vn -0.826772 -0.456693 -0.338583 
vn -0.826772 -0.456693 -0.338583 
vn -0.590551 -0.700787 -0.401575 
vn -0.590551 -0.700787 -0.401575 
vn -0.00787402 -0.913386 -0.401575 
vn -0.00787402 -0.913386 -0.401575 
vn 0.409449 -0.858268 -0.307087 
vn 0.409449 -0.858268 -0.307087 
vn 0.889764 -0.448819 -0.0472441 
vn 0.889764 -0.448819 -0.0472441 
vn 0.889764 -0.448819 -0.0472441 
vn 0.889764 -0.448819 -0.0472441 
vn 0.952756 -0.299213 0.0314961 
vn 0.984252 -0.15748 0.102362 
vn 0.984252 -0.15748 0.102362 
vn -0.15748 -0.393701 0.905512 
vn -0.15748 -0.393701 0.905512 
vn -0.15748 -0.393701 0.905512 
vn 0.897638 0.322835 0.291339 
vn 0.897638 0.322835 0.291339 
vn 0.897638 0.322835 0.291339 
vn 0.897638 0.322835 0.291339 
vn -0.15748 -0.393701 0.905512 
vn -0.15748 -0.393701 0.905512 
vn 0.409449 -0.858268 -0.307087 
vn 0.409449 -0.858268 -0.307087 
vn 0.409449 -0.858268 -0.307087 
vn 0.409449 -0.858268 -0.307087 
vn -0.897638 -0.330709 -0.299213 
vn -0.897638 -0.330709 -0.299213 
vn -0.88189 -0.362205 -0.307087 
vn -0.88189 -0.362205 -0.307087 
vn 0.496063 0.0551181 0.866142 
vn 0.496063 0.0551181 0.866142 
vn 0.692913 -0.401575 0.606299 
vn 0.692913 -0.401575 0.606299 
vn 0.181102 0.377953 0.905512 
vn 0.181102 0.377953 0.905512 
vn -0.0314961 0.425197 0.905512 
vn -0.0314961 0.425197 0.905512 
vn -0.267717 0.409449 0.874016 
vn -0.267717 0.409449 0.874016 
vn -0.488189 0.322835 0.811024 
vn -0.488189 0.322835 0.811024 
vn -0.700787 0.133858 0.700787 
vn -0.700787 0.133858 0.700787 
vn -0.826772 -0.11811 0.551181 
vn -0.826772 -0.11811 0.551181 
vn -0.811024 -0.385827 0.448819 
vn -0.811024 -0.385827 0.448819 
vn -0.700787 -0.606299 0.385827 
vn -0.700787 -0.606299 0.385827 
vn -0.535433 -0.771654 0.338583 
vn -0.535433 -0.771654 0.338583 
vn -0.440945 -0.84252 0.314961 
vn -0.440945 -0.84252 0.314961 
vn 0.181102 -0.889764 0.425197 
vn 0.181102 -0.889764 0.425197 
vn 0.181102 -0.889764 0.425197 
vn 0.181102 -0.889764 0.425197 
vn -0.204724 -0.96063 -0.173228 
vn -0.204724 -0.96063 -0.173228 
vn -0.204724 -0.96063 -0.173228 
vn -0.204724 -0.96063 -0.173228 
vn 0.322835 -0.944882 -0.0787402 
vn 0.322835 -0.944882 -0.0787402 
vn 0.322835 -0.944882 -0.0787402 
vn 0.322835 -0.944882 -0.0787402 
vn 0.692913 -0.629921 0.362205 
vn 0.692913 -0.629921 0.362205 
vn 0.661417 -0.700787 0.251969 
vn 0.661417 -0.700787 0.251969 
vn 0.559055 -0.598425 0.574803 
vn 0.559055 -0.598425 0.574803 
vn 0.559055 -0.598425 0.574803 
vn 0.598425 0 0.80315 
vn 0.598425 0 0.80315 
vn 0.598425 0 0.80315 
vn 0.598425 0 0.80315 
vn -0.322835 -0.818898 0.472441 
vn -0.322835 -0.818898 0.472441 
vn -0.291339 -0.84252 0.448819 
vn -0.291339 -0.84252 0.448819 
vn 0.173228 -0.874016 0.448819 
vn 0.173228 -0.874016 0.448819 
vn 0.165354 -0.874016 0.448819 
vn 0.165354 -0.874016 0.448819 
vn -0.15748 -0.393701 0.905512 
vn -0.15748 -0.393701 0.905512 
vn -0.15748 -0.393701 0.905512 
vn -0.15748 -0.393701 0.905512 
vn -0.15748 -0.393701 0.905512 
vn -0.133858 -0.511811 0.850394 
vn -0.110236 -0.566929 0.811024 
vn -0.165354 -0.370079 0.913386 
vn -0.165354 -0.377953 0.913386 
vn -0.165354 -0.377953 0.913386 
vn -0.15748 -0.393701 0.905512 
vn -0.00787402 -0.897638 0.448819 
vn -0.00787402 -0.897638 0.448819 
vn -0.0472441 -0.795276 0.598425 
vn -0.0472441 -0.795276 0.598425 
vn 0.409449 -0.858268 -0.307087 
vn 0.409449 -0.858268 -0.307087 
vn 0.173228 -0.88189 0.448819 
vn 0.173228 -0.88189 0.448819 
vn 0.96063 0.15748 0.23622 
vn 0.96063 0.15748 0.23622 
vn 0.740157 0.566929 0.370079 
vn 0.740157 0.566929 0.370079 
vn 0.385827 0.818898 0.417323 
vn 0.385827 0.818898 0.417323 
vn 0.102362 0.905512 0.409449 
vn 0.102362 0.905512 0.409449 
vn -0.220472 0.913386 0.354331 
vn -0.220472 0.913386 0.354331 
vn -0.511811 0.818898 0.259843 
vn -0.511811 0.818898 0.259843 
vn -0.811024 0.574803 0.102362 
vn -0.811024 0.574803 0.102362 
vn -0.976378 0.19685 -0.0866142 
vn -0.976378 0.19685 -0.0866142 
vn -0.96063 -0.15748 -0.23622 
vn -0.96063 -0.15748 -0.23622 
vn -0.826772 -0.456693 -0.338583 
vn -0.826772 -0.456693 -0.338583 
vn -0.590551 -0.700787 -0.401575 
vn -0.590551 -0.700787 -0.401575 
vn -0.00787402 -0.92126 -0.393701 
vn -0.00787402 -0.92126 -0.393701 
vn 0.409449 -0.858268 -0.299213 
vn 0.409449 -0.858268 -0.299213 
vn 0.889764 -0.448819 -0.0393701 
vn 0.889764 -0.448819 -0.0393701 
vn 0.889764 -0.448819 -0.0393701 
vn 0.889764 -0.448819 -0.0393701 
vn -0.173228 -0.889764 -0.417323 
vn -0.173228 -0.889764 -0.417323 
vn -0.173228 -0.889764 -0.417323 
vn -0.173228 -0.889764 -0.417323 
vn 0.401575 -0.866142 -0.307087 
vn 0.401575 -0.866142 -0.307087 
vn 0.401575 -0.866142 -0.307087 
vn 0.401575 -0.866142 -0.307087 
vn 0.952756 -0.299213 0.0314961 
vn 0.952756 -0.299213 0.0314961 
vn 0.984252 -0.15748 0.102362 
vn 0.984252 -0.15748 0.102362 
vn 0.15748 0.393701 -0.905512 
vn 0.15748 0.393701 -0.905512 
vn 0.15748 0.393701 -0.905512 
vn 0.897638 0.322835 0.299213 
vn 0.897638 0.322835 0.299213 
vn 0.897638 0.322835 0.299213 
vn 0.897638 0.322835 0.299213 
vn 0.15748 0.393701 -0.905512 
vn 0.15748 0.393701 -0.905512 
vn 0.15748 0.393701 -0.905512 
vn 0.15748 0.393701 -0.905512 
vn 0.15748 0.393701 -0.905512 
vn 0.15748 0.393701 -0.905512 
vn 0.409449 -0.858268 -0.299213 
vn 0.409449 -0.858268 -0.299213 
vn 0.409449 -0.858268 -0.299213 
vn 0.409449 -0.858268 -0.299213 
vn -0.88189 -0.362205 -0.307087 
vn -0.88189 -0.362205 -0.307087 
vn -0.897638 -0.330709 -0.299213 
vn 0.629921 0.692913 -0.354331 
vn 0.795276 0.385827 -0.472441 
vn 0.795276 0.385827 -0.472441 
vn 0.629921 0.692913 -0.354331 
vn 0.385827 0.88189 -0.267717 
vn 0.385827 0.88189 -0.267717 
vn 0.173228 0.937008 -0.291339 
vn 0.173228 0.937008 -0.291339 
vn -0.0629921 0.937008 -0.338583 
vn -0.0629921 0.937008 -0.338583 
vn -0.275591 0.874016 -0.401575 
vn -0.275591 0.874016 -0.401575 
vn -0.496063 0.685039 -0.527559 
vn -0.496063 0.685039 -0.527559 
vn -0.629921 0.401575 -0.661417 
vn -0.629921 0.401575 -0.661417 
vn -0.598425 0.149606 -0.787402 
vn -0.598425 0.149606 -0.787402 
vn -0.480315 -0.0551181 -0.874016 
vn -0.480315 -0.0551181 -0.874016 
vn -0.322835 -0.228346 -0.92126 
vn -0.322835 -0.228346 -0.92126 
vn -0.228346 -0.307087 -0.929134 
vn -0.228346 -0.307087 -0.929134 
vn 0.401575 -0.330709 -0.858268 
vn 0.401575 -0.330709 -0.858268 
vn 0.401575 -0.330709 -0.858268 
vn 0.401575 -0.330709 -0.858268 
vn -0.0393701 -0.456693 -0.889764 
vn -0.0393701 -0.456693 -0.889764 
vn -0.0393701 -0.456693 -0.889764 
vn 0.401575 -0.370079 -0.834646 
vn 0.401575 -0.370079 -0.834646 
vn 0.401575 -0.370079 -0.834646 
vn 0.401575 -0.370079 -0.834646 
vn 0.818898 0.165354 -0.551181 
vn 0.811024 0.0629921 -0.590551 
vn 0.811024 0.0629921 -0.590551 
vn 0.818898 0.165354 -0.551181 
vn 0.76378 -0.0708661 -0.637795 
vn 0.76378 -0.0708661 -0.637795 
vn 0.76378 -0.0708661 -0.637795 
vn 0.795276 0.496063 -0.346457 
vn 0.795276 0.496063 -0.346457 
vn 0.795276 0.496063 -0.346457 
vn 0.795276 0.496063 -0.346457 
vn -0.598425 -0.023622 -0.80315 
vn -0.606299 -0.015748 -0.795276 
vn -0.606299 -0.015748 -0.795276 
vn -0.598425 -0.023622 -0.80315 
vn 0.393701 -0.307087 -0.866142 
vn 0.393701 -0.307087 -0.866142 
vn 0.393701 -0.307087 -0.866142 
vn 0.393701 -0.307087 -0.866142 
vn 0.15748 0.393701 -0.905512 
vn 0.15748 0.393701 -0.905512 
vn 0.15748 0.393701 -0.905512 
vn 0.15748 0.393701 -0.905512 
vn 0.15748 0.393701 -0.905512 
vn 0.15748 0.393701 -0.905512 
vn 0.15748 0.393701 -0.905512 
vn 0.15748 0.393701 -0.905512 
vn 0.409449 -0.858268 -0.299213 
vn 0.409449 -0.858268 -0.299213 
vn 0.393701 -0.307087 -0.866142 
vn 0.393701 -0.307087 -0.866142 
vn 0.15748 0.393701 -0.905512 
vn 0.15748 0.393701 -0.905512 
vn 0.15748 0.393701 -0.905512 
vn -0.15748 -0.393701 0.905512 
vn -0.15748 -0.393701 0.905512 
vn -0.15748 -0.393701 0.905512 
vn 0.15748 0.393701 -0.905512 
vn 0.15748 0.393701 -0.905512 
vn -0.614173 0 -0.787402 
vn -0.614173 0 -0.787402 
vn -0.905512 -0.307087 -0.291339 
vn -0.905512 -0.307087 -0.291339 
vn -0.905512 -0.307087 -0.291339 
vn -0.204724 -0.913386 0.354331 
vn -0.204724 -0.913386 0.354331 
vn 0.15748 0.393701 -0.905512 
vn 0.15748 0.393701 -0.905512 
vn -0.606299 0.00787402 -0.795276 
vn -0.606299 0.00787402 -0.795276 
vn -0.905512 -0.307087 -0.291339 
vn -0.905512 -0.307087 -0.291339 
vn -0.905512 -0.299213 -0.291339 
vn -0.15748 -0.952756 0.267717 
vn -0.15748 -0.952756 0.267717 
vn 0.023622 -0.937008 0.354331 
vn 0.023622 -0.937008 0.354331 

vt 0.5154 0.1065 
vt 0.50025 0.1066 
vt 0.50025 0.0733 
vt 0.518025 0.0731 
vt 0.518475 0.0684 
vt 0.518025 0.0731 
vt 0.50025 0.0733 
vt 0.50025 0.0686 
vt 0.50025 0.1113 
vt 0.50025 0.1066 
vt 0.5154 0.1065 
vt 0.516 0.1112 
vt 0.523425 0.0358 
vt 0.518475 0.0684 
vt 0.50025 0.0686 
vt 0.50025 0.0353 
vt 0.50025 0.1446 
vt 0.50025 0.1113 
vt 0.516 0.1112 
vt 0.520875 0.1438 
vt 0.523425 0.182 
vt 0.522825 0.1866 
vt 0.50025 0.1873 
vt 0.50025 0.1826 
vt 0.50025 0.1493 
vt 0.50025 0.1446 
vt 0.520875 0.1438 
vt 0.52125 0.1485 
vt 0.523425 0.182 
vt 0.50025 0.1826 
vt 0.50025 0.1493 
vt 0.52125 0.1485 
vt 0.3651 0.6583 
vt 0.3651 0.6248 
vt 0.38775 0.6248 
vt 0.38775 0.6583 
vt 0.3651 0.5822 
vt 0.38775 0.5822 
vt 0.3651 0.5114 
vt 0.38775 0.5114 
vt 0.3651 0.8749 
vt 0.3651 0.8607 
vt 0.38775 0.8607 
vt 0.38775 0.8749 
vt 0.3651 0.7906 
vt 0.3651 0.7494 
vt 0.38775 0.7494 
vt 0.38775 0.7906 
vt 0.3651 0.7154 
vt 0.38775 0.7154 
vt 0.3651 0.6868 
vt 0.38775 0.6868 
vt 0.1893 0.1742 
vt 0.1893 0.2031 
vt 0.15015 0.1537 
vt 0.171075 0.2031 
vt 0.1527 0.2031 
vt 0.15015 0.2031 
vt 0.15015 0.1034 
vt 0.1527 0.1034 
vt 0.171075 0.1034 
vt 0.1893 0.1034 
vt 0.1893 0.1034 
vt 0.1893 0.1357 
vt 0.15015 0.1537 
vt 0.1893 0.1357 
vt 0.1893 0.155 
vt 0.15015 0.1537 
vt 0.1893 0.155 
vt 0.1893 0.1742 
vt 0.15015 0.1537 
vt 0.361875 0.6583 
vt 0.361875 0.6248 
vt 0.361875 0.5822 
vt 0.361875 0.5114 
vt 0.36225 0.8749 
vt 0.36225 0.8607 
vt 0.36225 0.7906 
vt 0.36225 0.7494 
vt 0.361875 0.7154 
vt 0.361875 0.6868 
vt 0.15015 0.1034 
vt 0.15015 0.1537 
vt 0.1467 0.1545 
vt 0.1467 0.0906 
vt 0.15015 0.1537 
vt 0.15015 0.2031 
vt 0.1467 0.2065 
vt 0.1467 0.1545 
vt 0.361875 0.3751 
vt 0.3651 0.3751 
vt 0.3651 0.4401 
vt 0.361875 0.4401 
vt 0.361875 0.4401 
vt 0.3651 0.4401 
vt 0.3651 0.4998 
vt 0.361875 0.4998 
vt 0.646275 0.235 
vt 0.6561 0.235 
vt 0.6126 0.2969 
vt 0.634425 0.235 
vt 0.612225 0.235 
vt 0.6345 0.3585 
vt 0.612675 0.3585 
vt 0.64635 0.3585 
vt 0.6561 0.3585 
vt 0.6561 0.2967 
vt 0.3198 0.6868 
vt 0.316425 0.6868 
vt 0.316425 0.6583 
vt 0.3198 0.6583 
vt 0.3198 0.6248 
vt 0.316425 0.6248 
vt 0.3198 0.5822 
vt 0.316425 0.5822 
vt 0.3198 0.5114 
vt 0.316425 0.5114 
vt 0.316425 0.4401 
vt 0.3198 0.4401 
vt 0.3198 0.4998 
vt 0.316425 0.4998 
vt 0.316425 0.3751 
vt 0.3198 0.3751 
vt 0.3198 0.4401 
vt 0.316425 0.4401 
vt 0.3198 0.8607 
vt 0.3198 0.8749 
vt 0.316425 0.8749 
vt 0.316425 0.8607 
vt 0.3198 0.7494 
vt 0.3198 0.7906 
vt 0.316425 0.7906 
vt 0.316425 0.7494 
vt 0.3198 0.7154 
vt 0.316425 0.7154 
vt 0.3198 0.4998 
vt 0.3198 0.5114 
vt 0.316425 0.5114 
vt 0.316425 0.4998 
vt 0.3651 0.5114 
vt 0.361875 0.5114 
vt 0.361875 0.4998 
vt 0.3651 0.4998 
vt 0.38775 0.5114 
vt 0.38775 0.4998 
vt 0.3198 0.8607 
vt 0.316425 0.8607 
vt 0.3651 0.8607 
vt 0.36225 0.8607 
vt 0.38775 0.8607 
vt 0.1527 0.2031 
vt 0.1467 0.2149 
vt 0.1467 0.2065 
vt 0.15015 0.2031 
vt 0.1752 0.2149 
vt 0.1467 0.2149 
vt 0.1527 0.2031 
vt 0.171075 0.2031 
vt 0.19335 0.2149 
vt 0.1893 0.2031 
vt 0.19335 0.1792 
vt 0.1893 0.1742 
vt 0.19335 0.1565 
vt 0.1893 0.155 
vt 0.19335 0.1328 
vt 0.1893 0.1357 
vt 0.19335 0.0906 
vt 0.1893 0.1034 
vt 0.1752 0.0906 
vt 0.171075 0.1034 
vt 0.1527 0.1034 
vt 0.1515 0.0906 
vt 0.1467 0.0906 
vt 0.1515 0.0906 
vt 0.1527 0.1034 
vt 0.15015 0.1034 
vt 0.4098 0.4401 
vt 0.4098 0.4998 
vt 0.387375 0.4998 
vt 0.3651 0.4998 
vt 0.4098 0.4401 
vt 0.3651 0.4998 
vt 0.3651 0.4401 
vt 0.4098 0.4401 
vt 0.3651 0.4401 
vt 0.3651 0.3751 
vt 0.4098 0.3751 
vt 0.4098 0.4401 
vt 0.3651 0.3751 
vt 0.38565 0.3751 
vt 0.339075 0.8749 
vt 0.339075 0.8607 
vt 0.339075 0.4401 
vt 0.339075 0.3751 
vt 0.339075 0.4998 
vt 0.339075 0.4401 
vt 0.339075 0.5114 
vt 0.339075 0.4998 
vt 0.339075 0.5822 
vt 0.339075 0.5114 
vt 0.339075 0.6248 
vt 0.339075 0.6583 
vt 0.339075 0.6868 
vt 0.339075 0.7154 
vt 0.339075 0.7494 
vt 0.339075 0.7906 
vt 0.339075 0.8607 
vt 0.6126 0.2969 
vt 0.612675 0.3585 
vt 0.609225 0.3585 
vt 0.609225 0.2969 
vt 0.609225 0.235 
vt 0.612225 0.235 
vt 0.3198 0.7906 
vt 0.3198 0.7494 
vt 0.3198 0.7154 
vt 0.3198 0.6868 
vt 0.3198 0.6583 
vt 0.3198 0.6248 
vt 0.3198 0.5822 
vt 0.3198 0.5114 
vt 0.3198 0.5114 
vt 0.3198 0.4998 
vt 0.3198 0.4998 
vt 0.3198 0.4401 
vt 0.3198 0.4401 
vt 0.3198 0.3751 
vt 0.3198 0.8749 
vt 0.3198 0.8607 
vt 0.3198 0.8607 
vt 0.4098 0.5114 
vt 0.4098 0.4998 
vt 0.4098 0.5114 
vt 0.4098 0.5822 
vt 0.4098 0.6248 
vt 0.4098 0.6583 
vt 0.4098 0.6868 
vt 0.4098 0.7154 
vt 0.4098 0.7494 
vt 0.4098 0.7906 
vt 0.4098 0.8607 
vt 0.4098 0.8607 
vt 0.4098 0.8749 
vt 0.486075 0.1886 
vt 0.486075 0.1788 
vt 0.497625 0.1788 
vt 0.49455 0.1886 
vt 0.486075 0.1713 
vt 0.497625 0.1713 
vt 0.486075 0.1621 
vt 0.4977 0.1622 
vt 0.486075 0.1529 
vt 0.4977 0.1529 
vt 0.486075 0.144 
vt 0.4977 0.144 
vt 0.486075 0.1339 
vt 0.4977 0.1339 
vt 0.486075 0.1246 
vt 0.4977 0.1246 
vt 0.486075 0.1155 
vt 0.4977 0.1154 
vt 0.486075 0.1068 
vt 0.4977 0.1068 
vt 0.486075 0.1005 
vt 0.4977 0.1005 
vt 0.486075 0.0932 
vt 0.4977 0.0932 
vt 0.486075 0.0882 
vt 0.4977 0.0882 
vt 0.486075 0.0856 
vt 0.4977 0.0856 
vt 0.4977 0.0882 
vt 0.486075 0.0882 
vt 0.486075 0.204 
vt 0.486075 0.1962 
vt 0.490725 0.1962 
vt 0.430275 0.189 
vt 0.4299 0.1842 
vt 0.45105 0.1761 
vt 0.498 0.0666 
vt 0.497925 0.0844 
vt 0.486375 0.0843 
vt 0.486375 0.0666 
vt 0.449925 0.1893 
vt 0.457125 0.1835 
vt 0.498 0.0462 
vt 0.498 0.0564 
vt 0.486375 0.0564 
vt 0.486375 0.0462 
vt 0.486375 0.0391 
vt 0.495225 0.0391 
vt 0.498 0.0462 
vt 0.486375 0.0462 
vt 0.452025 0.1163 
vt 0.452025 0.1232 
vt 0.44145 0.1211 
vt 0.4395 0.1142 
vt 0.45975 0.1228 
vt 0.456825 0.128 
vt 0.466425 0.1341 
vt 0.46215 0.1375 
vt 0.47025 0.148 
vt 0.465225 0.1492 
vt 0.47055 0.1622 
vt 0.4656 0.1611 
vt 0.467325 0.1776 
vt 0.462525 0.1749 
vt 0.460275 0.1885 
vt 0.457125 0.1835 
vt 0.451275 0.1958 
vt 0.449925 0.1893 
vt 0.441525 0.1987 
vt 0.441 0.192 
vt 0.434325 0.1982 
vt 0.435825 0.1916 
vt 0.426525 0.1941 
vt 0.430275 0.189 
vt 0.424875 0.1831 
vt 0.4299 0.1842 
vt 0.430275 0.189 
vt 0.425025 0.1908 
vt 0.417 0.1297 
vt 0.420525 0.1297 
vt 0.421875 0.1343 
vt 0.417525 0.1342 
vt 0.417225 0.1232 
vt 0.421425 0.1265 
vt 0.420525 0.1297 
vt 0.417 0.1297 
vt 0.42885 0.1163 
vt 0.4305 0.123 
vt 0.421425 0.1265 
vt 0.417975 0.1218 
vt 0.42645 0.1795 
vt 0.4299 0.1842 
vt 0.424875 0.1831 
vt 0.4299 0.1842 
vt 0.42645 0.1795 
vt 0.4455 0.1716 
vt 0.45105 0.1761 
vt 0.451725 0.1356 
vt 0.4458 0.1397 
vt 0.43665 0.1375 
vt 0.438375 0.1336 
vt 0.450975 0.1558 
vt 0.445425 0.1558 
vt 0.4458 0.1397 
vt 0.451725 0.1356 
vt 0.441 0.192 
vt 0.435825 0.1916 
vt 0.465225 0.1492 
vt 0.4656 0.1611 
vt 0.450975 0.1558 
vt 0.451725 0.1356 
vt 0.452025 0.1232 
vt 0.456825 0.128 
vt 0.46215 0.1375 
vt 0.450975 0.1558 
vt 0.462525 0.1749 
vt 0.429675 0.1315 
vt 0.4305 0.123 
vt 0.44145 0.1211 
vt 0.438375 0.1336 
vt 0.498 0.0666 
vt 0.486375 0.0666 
vt 0.45105 0.1761 
vt 0.4455 0.1716 
vt 0.486075 0.1886 
vt 0.47205 0.1886 
vt 0.47205 0.1788 
vt 0.486075 0.1788 
vt 0.47205 0.1713 
vt 0.486075 0.1713 
vt 0.47205 0.1622 
vt 0.486075 0.1621 
vt 0.47205 0.1529 
vt 0.486075 0.1529 
vt 0.486075 0.144 
vt 0.47205 0.144 
vt 0.47205 0.1339 
vt 0.486075 0.1339 
vt 0.47205 0.1246 
vt 0.486075 0.1246 
vt 0.47205 0.1154 
vt 0.486075 0.1155 
vt 0.47205 0.1067 
vt 0.486075 0.1068 
vt 0.47205 0.1004 
vt 0.486075 0.1005 
vt 0.47205 0.0932 
vt 0.486075 0.0932 
vt 0.47205 0.0881 
vt 0.486075 0.0882 
vt 0.486075 0.0856 
vt 0.486075 0.0882 
vt 0.47205 0.0881 
vt 0.47205 0.0856 
vt 0.486075 0.2111 
vt 0.47205 0.2111 
vt 0.47205 0.2082 
vt 0.486075 0.2082 
vt 0.486075 0.2082 
vt 0.47205 0.2082 
vt 0.47205 0.204 
vt 0.486075 0.204 
vt 0.486075 0.204 
vt 0.47205 0.204 
vt 0.47205 0.1962 
vt 0.486075 0.1962 
vt 0.42915 0.035 
vt 0.449625 0.0486 
vt 0.428775 0.0398 
vt 0.47235 0.0666 
vt 0.486375 0.0666 
vt 0.486375 0.0843 
vt 0.47235 0.0844 
vt 0.449475 0.0894 
vt 0.450825 0.1027 
vt 0.440925 0.1061 
vt 0.43815 0.0938 
vt 0.448725 0.0354 
vt 0.45585 0.0414 
vt 0.47235 0.0462 
vt 0.486375 0.0462 
vt 0.486375 0.0564 
vt 0.47235 0.0564 
vt 0.486375 0.0462 
vt 0.47235 0.0462 
vt 0.47235 0.0391 
vt 0.4521 0.1094 
vt 0.441375 0.1126 
vt 0.440925 0.1061 
vt 0.450825 0.1027 
vt 0.458625 0.1018 
vt 0.455325 0.097 
vt 0.4647 0.0904 
vt 0.46035 0.0872 
vt 0.468525 0.0767 
vt 0.4635 0.0755 
vt 0.46395 0.0637 
vt 0.468975 0.0627 
vt 0.465975 0.0474 
vt 0.461625 0.0505 
vt 0.45915 0.0364 
vt 0.45585 0.0414 
vt 0.450225 0.0289 
vt 0.448725 0.0354 
vt 0.44055 0.0257 
vt 0.43995 0.0323 
vt 0.43335 0.026 
vt 0.43485 0.0325 
vt 0.42555 0.0299 
vt 0.42915 0.035 
vt 0.423675 0.0408 
vt 0.423975 0.0331 
vt 0.42915 0.035 
vt 0.428775 0.0398 
vt 0.4227 0.098 
vt 0.4242 0.0936 
vt 0.427425 0.098 
vt 0.423 0.1045 
vt 0.4227 0.098 
vt 0.427425 0.098 
vt 0.427875 0.1021 
vt 0.432825 0.1116 
vt 0.424575 0.1074 
vt 0.427875 0.1021 
vt 0.43425 0.105 
vt 0.425175 0.0445 
vt 0.423675 0.0408 
vt 0.428775 0.0398 
vt 0.428775 0.0398 
vt 0.449625 0.0486 
vt 0.44415 0.053 
vt 0.425175 0.0445 
vt 0.449475 0.0894 
vt 0.43815 0.0938 
vt 0.43635 0.088 
vt 0.444 0.0848 
vt 0.4494 0.069 
vt 0.449475 0.0894 
vt 0.444 0.0848 
vt 0.444 0.0689 
vt 0.43485 0.0325 
vt 0.43995 0.0323 
vt 0.4635 0.0755 
vt 0.4494 0.069 
vt 0.46395 0.0637 
vt 0.455325 0.097 
vt 0.461625 0.0505 
vt 0.4494 0.069 
vt 0.486375 0.0666 
vt 0.47235 0.0666 
vt 0.449625 0.0486 
vt 0.44415 0.053 
vt 0.46035 0.0872 
vt 0.46035 0.0872 
vt 0.461625 0.0505 
vt 0.450975 0.1558 
vt 0.462525 0.1749 
vt 0.46215 0.1375 
vt 0.43425 0.105 
vt 0.432525 0.096 
vt 0.432525 0.096 
vt 0.4302 0.0904 
vt 0.486375 0.0337 
vt 0.47235 0.0336 
vt 0.492525 0.0337 
vt 0.42915 0.1357 
vt 0.429675 0.1315 
vt 0.427875 0.1021 
vt 0.427425 0.098 
vt 0.427425 0.098 
vt 0.4242 0.0936 
vt 0.486375 0.0282 
vt 0.47235 0.0282 
vt 0.489075 0.0293 
vt 0.421875 0.1343 
vt 0.420525 0.1297 
vt 0.420525 0.1297 
vt 0.421425 0.1265 

usemtl 1Mtl

f 1384/1384/1384 1385/1385/1385 1386/1386/1386 
f 1384/1384/1384 1386/1386/1386 1387/1387/1387 
f 1388/1388/1388 1389/1389/1389 1390/1390/1390 
f 1388/1388/1388 1390/1390/1390 1391/1391/1391 
f 1392/1392/1392 1393/1393/1393 1394/1394/1394 
f 1392/1392/1392 1394/1394/1394 1395/1395/1395 
f 1396/1396/1396 1397/1397/1397 1398/1398/1398 
f 1396/1396/1396 1398/1398/1398 1399/1399/1399 
f 1400/1400/1400 1401/1401/1401 1402/1402/1402 
f 1400/1400/1400 1402/1402/1402 1403/1403/1403 
f 1404/1404/1404 1405/1405/1405 1406/1406/1406 
f 1404/1404/1404 1406/1406/1406 1407/1407/1407 
f 1408/1408/1408 1409/1409/1409 1410/1410/1410 
f 1408/1408/1408 1410/1410/1410 1411/1411/1411 
f 1412/1412/1412 1413/1413/1413 1414/1414/1414 
f 1412/1412/1412 1414/1414/1414 1415/1415/1415 
f 1416/1416/1416 1417/1417/1417 1418/1418/1418 
f 1416/1416/1416 1418/1418/1418 1419/1419/1419 
f 1417/1417/1417 1420/1420/1420 1421/1421/1421 
f 1417/1417/1417 1421/1421/1421 1418/1418/1418 
f 1420/1420/1420 1422/1422/1422 1423/1423/1423 
f 1420/1420/1420 1423/1423/1423 1421/1421/1421 
f 1424/1424/1424 1425/1425/1425 1426/1426/1426 
f 1424/1424/1424 1426/1426/1426 1427/1427/1427 
f 1428/1428/1428 1429/1429/1429 1430/1430/1430 
f 1428/1428/1428 1430/1430/1430 1431/1431/1431 
f 1429/1429/1429 1432/1432/1432 1433/1433/1433 
f 1429/1429/1429 1433/1433/1433 1430/1430/1430 
f 1432/1432/1432 1434/1434/1434 1435/1435/1435 
f 1432/1432/1432 1435/1435/1435 1433/1433/1433 
f 1434/1434/1434 1416/1416/1416 1419/1419/1419 
f 1434/1434/1434 1419/1419/1419 1435/1435/1435 
f 1436/1436/1436 1437/1437/1437 1438/1438/1438 
f 1437/1437/1437 1439/1439/1439 1438/1438/1438 
f 1439/1439/1439 1440/1440/1440 1441/1441/1441 
f 1439/1439/1439 1441/1441/1441 1438/1438/1438 
f 1442/1442/1442 1443/1443/1443 1444/1444/1444 
f 1442/1442/1442 1444/1444/1444 1438/1438/1438 
f 1444/1444/1444 1445/1445/1445 1438/1438/1438 
f 1446/1446/1446 1447/1447/1447 1448/1448/1448 
f 1449/1449/1449 1450/1450/1450 1451/1451/1451 
f 1452/1452/1452 1453/1453/1453 1454/1454/1454 
f 1416/1416/1416 1455/1455/1455 1456/1456/1456 
f 1416/1416/1416 1456/1456/1456 1417/1417/1417 
f 1417/1417/1417 1456/1456/1456 1457/1457/1457 
f 1417/1417/1417 1457/1457/1457 1420/1420/1420 
f 1420/1420/1420 1457/1457/1457 1458/1458/1458 
f 1420/1420/1420 1458/1458/1458 1422/1422/1422 
f 1424/1424/1424 1459/1459/1459 1460/1460/1460 
f 1424/1424/1424 1460/1460/1460 1425/1425/1425 
f 1428/1428/1428 1461/1461/1461 1462/1462/1462 
f 1428/1428/1428 1462/1462/1462 1429/1429/1429 
f 1429/1429/1429 1462/1462/1462 1463/1463/1463 
f 1429/1429/1429 1463/1463/1463 1432/1432/1432 
f 1432/1432/1432 1463/1463/1463 1464/1464/1464 
f 1432/1432/1432 1464/1464/1464 1434/1434/1434 
f 1434/1434/1434 1464/1464/1464 1455/1455/1455 
f 1434/1434/1434 1455/1455/1455 1416/1416/1416 
f 1465/1465/1465 1466/1466/1466 1467/1467/1467 
f 1465/1465/1465 1467/1467/1467 1468/1468/1468 
f 1469/1469/1469 1470/1470/1470 1471/1471/1471 
f 1469/1469/1469 1471/1471/1471 1472/1472/1472 
f 1473/1473/1473 1474/1474/1474 1475/1475/1475 
f 1473/1473/1473 1475/1475/1475 1476/1476/1476 
f 1477/1477/1477 1478/1478/1478 1479/1479/1479 
f 1477/1477/1477 1479/1479/1479 1480/1480/1480 
f 1481/1481/1481 1482/1482/1482 1483/1483/1483 
f 1484/1484/1484 1481/1481/1481 1483/1483/1483 
f 1483/1483/1483 1485/1485/1485 1484/1484/1484 
f 1486/1486/1486 1487/1487/1487 1483/1483/1483 
f 1488/1488/1488 1486/1486/1486 1483/1483/1483 
f 1489/1489/1489 1488/1488/1488 1483/1483/1483 
f 1490/1490/1490 1489/1489/1489 1483/1483/1483 
f 1482/1482/1482 1490/1490/1490 1483/1483/1483 
f 1491/1491/1491 1492/1492/1492 1493/1493/1493 
f 1491/1491/1491 1493/1493/1493 1494/1494/1494 
f 1495/1495/1495 1494/1494/1494 1493/1493/1493 
f 1495/1495/1495 1493/1493/1493 1496/1496/1496 
f 1497/1497/1497 1495/1495/1495 1496/1496/1496 
f 1497/1497/1497 1496/1496/1496 1498/1498/1498 
f 1499/1499/1499 1497/1497/1497 1498/1498/1498 
f 1499/1499/1499 1498/1498/1498 1500/1500/1500 
f 1501/1501/1501 1502/1502/1502 1503/1503/1503 
f 1501/1501/1501 1503/1503/1503 1504/1504/1504 
f 1505/1505/1505 1506/1506/1506 1507/1507/1507 
f 1505/1505/1505 1507/1507/1507 1508/1508/1508 
f 1509/1509/1509 1510/1510/1510 1511/1511/1511 
f 1509/1509/1509 1511/1511/1511 1512/1512/1512 
f 1513/1513/1513 1514/1514/1514 1515/1515/1515 
f 1513/1513/1513 1515/1515/1515 1516/1516/1516 
f 1517/1517/1517 1513/1513/1513 1516/1516/1516 
f 1517/1517/1517 1516/1516/1516 1518/1518/1518 
f 1491/1491/1491 1517/1517/1517 1518/1518/1518 
f 1491/1491/1491 1518/1518/1518 1492/1492/1492 
f 1519/1519/1519 1520/1520/1520 1521/1521/1521 
f 1519/1519/1519 1521/1521/1521 1522/1522/1522 
f 1523/1523/1523 1524/1524/1524 1525/1525/1525 
f 1523/1523/1523 1525/1525/1525 1526/1526/1526 
f 1527/1527/1527 1523/1523/1523 1526/1526/1526 
f 1527/1527/1527 1526/1526/1526 1528/1528/1528 
f 1514/1514/1514 1529/1529/1529 1530/1530/1530 
f 1514/1514/1514 1530/1530/1530 1515/1515/1515 
f 1531/1531/1531 1532/1532/1532 1461/1461/1461 
f 1531/1531/1531 1461/1461/1461 1428/1428/1428 
f 1533/1533/1533 1531/1531/1531 1428/1428/1428 
f 1533/1533/1533 1428/1428/1428 1431/1431/1431 
f 1534/1534/1534 1535/1535/1535 1536/1536/1536 
f 1534/1534/1534 1536/1536/1536 1537/1537/1537 
f 1538/1538/1538 1539/1539/1539 1540/1540/1540 
f 1538/1538/1538 1540/1540/1540 1541/1541/1541 
f 1542/1542/1542 1538/1538/1538 1541/1541/1541 
f 1542/1542/1542 1541/1541/1541 1543/1543/1543 
f 1544/1544/1544 1542/1542/1542 1543/1543/1543 
f 1544/1544/1544 1543/1543/1543 1545/1545/1545 
f 1546/1546/1546 1544/1544/1544 1545/1545/1545 
f 1546/1546/1546 1545/1545/1545 1547/1547/1547 
f 1548/1548/1548 1546/1546/1546 1547/1547/1547 
f 1548/1548/1548 1547/1547/1547 1549/1549/1549 
f 1550/1550/1550 1548/1548/1548 1549/1549/1549 
f 1550/1550/1550 1549/1549/1549 1551/1551/1551 
f 1552/1552/1552 1550/1550/1550 1551/1551/1551 
f 1552/1552/1552 1551/1551/1551 1553/1553/1553 
f 1554/1554/1554 1555/1555/1555 1552/1552/1552 
f 1554/1554/1554 1552/1552/1552 1553/1553/1553 
f 1556/1556/1556 1557/1557/1557 1558/1558/1558 
f 1556/1556/1556 1558/1558/1558 1559/1559/1559 
f 1560/1560/1560 1561/1561/1561 1562/1562/1562 
f 1560/1560/1560 1562/1562/1562 1563/1563/1563 
f 1564/1564/1564 1565/1565/1565 1566/1566/1566 
f 1567/1567/1567 1568/1568/1568 1569/1569/1569 
f 1570/1570/1570 1571/1571/1571 1572/1572/1572 
f 1570/1570/1570 1572/1572/1572 1573/1573/1573 
f 1460/1460/1460 1459/1459/1459 1574/1574/1574 
f 1460/1460/1460 1574/1574/1574 1575/1575/1575 
f 1576/1576/1576 1577/1577/1577 1473/1473/1473 
f 1576/1576/1576 1473/1473/1473 1476/1476/1476 
f 1578/1578/1578 1579/1579/1579 1477/1477/1477 
f 1578/1578/1578 1477/1477/1477 1480/1480/1480 
f 1525/1525/1525 1524/1524/1524 1580/1580/1580 
f 1525/1525/1525 1580/1580/1580 1581/1581/1581 
f 1458/1458/1458 1457/1457/1457 1582/1582/1582 
f 1458/1458/1458 1582/1582/1582 1583/1583/1583 
f 1457/1457/1457 1456/1456/1456 1584/1584/1584 
f 1457/1457/1457 1584/1584/1584 1582/1582/1582 
f 1456/1456/1456 1455/1455/1455 1585/1585/1585 
f 1456/1456/1456 1585/1585/1585 1584/1584/1584 
f 1464/1464/1464 1586/1586/1586 1585/1585/1585 
f 1464/1464/1464 1585/1585/1585 1455/1455/1455 
f 1464/1464/1464 1463/1463/1463 1587/1587/1587 
f 1464/1464/1464 1587/1587/1587 1586/1586/1586 
f 1463/1463/1463 1462/1462/1462 1588/1588/1588 
f 1463/1463/1463 1588/1588/1588 1587/1587/1587 
f 1462/1462/1462 1461/1461/1461 1589/1589/1589 
f 1462/1462/1462 1589/1589/1589 1588/1588/1588 
f 1461/1461/1461 1532/1532/1532 1590/1590/1590 
f 1461/1461/1461 1590/1590/1590 1589/1589/1589 
f 1591/1591/1591 1592/1592/1592 1593/1593/1593 
f 1591/1591/1591 1593/1593/1593 1594/1594/1594 
f 1595/1595/1595 1596/1596/1596 1591/1591/1591 
f 1595/1595/1595 1591/1591/1591 1594/1594/1594 
f 1588/1588/1588 1589/1589/1589 1597/1597/1597 
f 1588/1588/1588 1597/1597/1597 1598/1598/1598 
f 1587/1587/1587 1588/1588/1588 1598/1598/1598 
f 1587/1587/1587 1598/1598/1598 1599/1599/1599 
f 1586/1586/1586 1587/1587/1587 1599/1599/1599 
f 1586/1586/1586 1599/1599/1599 1600/1600/1600 
f 1585/1585/1585 1586/1586/1586 1600/1600/1600 
f 1585/1585/1585 1600/1600/1600 1601/1601/1601 
f 1584/1584/1584 1585/1585/1585 1601/1601/1601 
f 1584/1584/1584 1601/1601/1601 1602/1602/1602 
f 1582/1582/1582 1584/1584/1584 1602/1602/1602 
f 1582/1582/1582 1602/1602/1602 1603/1603/1603 
f 1583/1583/1583 1582/1582/1582 1603/1603/1603 
f 1583/1583/1583 1603/1603/1603 1604/1604/1604 
f 1581/1581/1581 1580/1580/1580 1605/1605/1605 
f 1581/1581/1581 1605/1605/1605 1606/1606/1606 
f 1607/1607/1607 1608/1608/1608 1579/1579/1579 
f 1607/1607/1607 1579/1579/1579 1578/1578/1578 
f 1609/1609/1609 1610/1610/1610 1577/1577/1577 
f 1609/1609/1609 1577/1577/1577 1576/1576/1576 
f 1575/1575/1575 1574/1574/1574 1611/1611/1611 
f 1575/1575/1575 1611/1611/1611 1612/1612/1612 
f 1589/1589/1589 1590/1590/1590 1613/1613/1613 
f 1589/1589/1589 1613/1613/1613 1597/1597/1597 
f 1614/1614/1614 1527/1527/1527 1528/1528/1528 
f 1614/1614/1614 1528/1528/1528 1615/1615/1615 
f 1421/1421/1421 1423/1423/1423 1616/1616/1616 
f 1421/1421/1421 1616/1616/1616 1617/1617/1617 
f 1418/1418/1418 1421/1421/1421 1617/1617/1617 
f 1418/1418/1418 1617/1617/1617 1618/1618/1618 
f 1419/1419/1419 1418/1418/1418 1618/1618/1618 
f 1419/1419/1419 1618/1618/1618 1619/1619/1619 
f 1435/1435/1435 1419/1419/1419 1619/1619/1619 
f 1435/1435/1435 1619/1619/1619 1620/1620/1620 
f 1433/1433/1433 1435/1435/1435 1620/1620/1620 
f 1433/1433/1433 1620/1620/1620 1621/1621/1621 
f 1430/1430/1430 1433/1433/1433 1621/1621/1621 
f 1430/1430/1430 1621/1621/1621 1622/1622/1622 
f 1431/1431/1431 1430/1430/1430 1622/1622/1622 
f 1431/1431/1431 1622/1622/1622 1623/1623/1623 
f 1624/1624/1624 1533/1533/1533 1431/1431/1431 
f 1624/1624/1624 1431/1431/1431 1623/1623/1623 
f 1427/1427/1427 1426/1426/1426 1625/1625/1625 
f 1427/1427/1427 1625/1625/1625 1626/1626/1626 
f 1627/1627/1627 1628/1628/1628 1629/1629/1629 
f 1627/1627/1627 1629/1629/1629 1630/1630/1630 
f 1628/1628/1628 1631/1631/1631 1632/1632/1632 
f 1628/1628/1628 1632/1632/1632 1629/1629/1629 
f 1631/1631/1631 1633/1633/1633 1634/1634/1634 
f 1631/1631/1631 1634/1634/1634 1632/1632/1632 
f 1633/1633/1633 1635/1635/1635 1636/1636/1636 
f 1633/1633/1633 1636/1636/1636 1634/1634/1634 
f 1637/1637/1637 1638/1638/1638 1636/1636/1636 
f 1637/1637/1637 1636/1636/1636 1635/1635/1635 
f 1637/1637/1637 1639/1639/1639 1640/1640/1640 
f 1637/1637/1637 1640/1640/1640 1638/1638/1638 
f 1639/1639/1639 1641/1641/1641 1642/1642/1642 
f 1639/1639/1639 1642/1642/1642 1640/1640/1640 
f 1641/1641/1641 1643/1643/1643 1644/1644/1644 
f 1641/1641/1641 1644/1644/1644 1642/1642/1642 
f 1643/1643/1643 1645/1645/1645 1646/1646/1646 
f 1643/1643/1643 1646/1646/1646 1644/1644/1644 
f 1645/1645/1645 1647/1647/1647 1648/1648/1648 
f 1645/1645/1645 1648/1648/1648 1646/1646/1646 
f 1647/1647/1647 1649/1649/1649 1650/1650/1650 
f 1647/1647/1647 1650/1650/1650 1648/1648/1648 
f 1649/1649/1649 1651/1651/1651 1652/1652/1652 
f 1649/1649/1649 1652/1652/1652 1650/1650/1650 
f 1653/1653/1653 1654/1654/1654 1655/1655/1655 
f 1653/1653/1653 1655/1655/1655 1656/1656/1656 
f 1657/1657/1657 1658/1658/1658 1659/1659/1659 
f 1658/1658/1658 1627/1627/1627 1630/1630/1630 
f 1658/1658/1658 1630/1630/1630 1659/1659/1659 
f 1660/1660/1660 1661/1661/1661 1662/1662/1662 
f 1663/1663/1663 1664/1664/1664 1665/1665/1665 
f 1663/1663/1663 1665/1665/1665 1666/1666/1666 
f 1667/1667/1667 1662/1662/1662 1668/1668/1668 
f 1669/1669/1669 1670/1670/1670 1671/1671/1671 
f 1669/1669/1669 1671/1671/1671 1672/1672/1672 
f 1673/1673/1673 1674/1674/1674 1675/1675/1675 
f 1673/1673/1673 1675/1675/1675 1676/1676/1676 
f 1677/1677/1677 1678/1678/1678 1679/1679/1679 
f 1677/1677/1677 1679/1679/1679 1680/1680/1680 
f 1681/1681/1681 1682/1682/1682 1678/1678/1678 
f 1681/1681/1681 1678/1678/1678 1677/1677/1677 
f 1683/1683/1683 1684/1684/1684 1682/1682/1682 
f 1683/1683/1683 1682/1682/1682 1681/1681/1681 
f 1685/1685/1685 1686/1686/1686 1684/1684/1684 
f 1685/1685/1685 1684/1684/1684 1683/1683/1683 
f 1685/1685/1685 1687/1687/1687 1688/1688/1688 
f 1685/1685/1685 1688/1688/1688 1686/1686/1686 
f 1689/1689/1689 1690/1690/1690 1688/1688/1688 
f 1689/1689/1689 1688/1688/1688 1687/1687/1687 
f 1691/1691/1691 1692/1692/1692 1690/1690/1690 
f 1691/1691/1691 1690/1690/1690 1689/1689/1689 
f 1693/1693/1693 1694/1694/1694 1692/1692/1692 
f 1693/1693/1693 1692/1692/1692 1691/1691/1691 
f 1695/1695/1695 1696/1696/1696 1694/1694/1694 
f 1695/1695/1695 1694/1694/1694 1693/1693/1693 
f 1697/1697/1697 1698/1698/1698 1696/1696/1696 
f 1697/1697/1697 1696/1696/1696 1695/1695/1695 
f 1699/1699/1699 1700/1700/1700 1698/1698/1698 
f 1699/1699/1699 1698/1698/1698 1697/1697/1697 
f 1701/1701/1701 1702/1702/1702 1703/1703/1703 
f 1701/1701/1701 1703/1703/1703 1704/1704/1704 
f 1705/1705/1705 1706/1706/1706 1707/1707/1707 
f 1705/1705/1705 1707/1707/1707 1708/1708/1708 
f 1709/1709/1709 1710/1710/1710 1711/1711/1711 
f 1709/1709/1709 1711/1711/1711 1712/1712/1712 
f 1713/1713/1713 1714/1714/1714 1715/1715/1715 
f 1713/1713/1713 1715/1715/1715 1716/1716/1716 
f 1680/1680/1680 1679/1679/1679 1714/1714/1714 
f 1680/1680/1680 1714/1714/1714 1713/1713/1713 
f 1717/1717/1717 1718/1718/1718 1719/1719/1719 
f 1720/1720/1720 1721/1721/1721 1722/1722/1722 
f 1720/1720/1720 1722/1722/1722 1723/1723/1723 
f 1724/1724/1724 1725/1725/1725 1726/1726/1726 
f 1724/1724/1724 1726/1726/1726 1727/1727/1727 
f 1728/1728/1728 1729/1729/1729 1730/1730/1730 
f 1728/1728/1728 1730/1730/1730 1731/1731/1731 
f 1667/1667/1667 1732/1732/1732 1733/1733/1733 
f 1667/1667/1667 1733/1733/1733 1662/1662/1662 
f 1734/1734/1734 1735/1735/1735 1736/1736/1736 
f 1737/1737/1737 1738/1738/1738 1739/1739/1739 
f 1737/1737/1737 1739/1739/1739 1740/1740/1740 
f 1737/1737/1737 1740/1740/1740 1741/1741/1741 
f 1742/1742/1742 1736/1736/1736 1735/1735/1735 
f 1733/1733/1733 1660/1660/1660 1662/1662/1662 
f 1743/1743/1743 1744/1744/1744 1745/1745/1745 
f 1743/1743/1743 1745/1745/1745 1746/1746/1746 
f 1670/1670/1670 1747/1747/1747 1748/1748/1748 
f 1670/1670/1670 1748/1748/1748 1671/1671/1671 
f 1749/1749/1749 1750/1750/1750 1729/1729/1729 
f 1749/1749/1749 1729/1729/1729 1728/1728/1728 
f 1751/1751/1751 1752/1752/1752 1753/1753/1753 
f 1751/1751/1751 1753/1753/1753 1754/1754/1754 
f 1754/1754/1754 1753/1753/1753 1755/1755/1755 
f 1754/1754/1754 1755/1755/1755 1756/1756/1756 
f 1756/1756/1756 1755/1755/1755 1757/1757/1757 
f 1756/1756/1756 1757/1757/1757 1758/1758/1758 
f 1758/1758/1758 1757/1757/1757 1759/1759/1759 
f 1758/1758/1758 1759/1759/1759 1760/1760/1760 
f 1761/1761/1761 1760/1760/1760 1759/1759/1759 
f 1761/1761/1761 1759/1759/1759 1762/1762/1762 
f 1761/1761/1761 1762/1762/1762 1763/1763/1763 
f 1761/1761/1761 1763/1763/1763 1764/1764/1764 
f 1764/1764/1764 1763/1763/1763 1765/1765/1765 
f 1764/1764/1764 1765/1765/1765 1766/1766/1766 
f 1766/1766/1766 1765/1765/1765 1767/1767/1767 
f 1766/1766/1766 1767/1767/1767 1768/1768/1768 
f 1768/1768/1768 1767/1767/1767 1769/1769/1769 
f 1768/1768/1768 1769/1769/1769 1770/1770/1770 
f 1770/1770/1770 1769/1769/1769 1771/1771/1771 
f 1770/1770/1770 1771/1771/1771 1772/1772/1772 
f 1772/1772/1772 1771/1771/1771 1773/1773/1773 
f 1772/1772/1772 1773/1773/1773 1774/1774/1774 
f 1774/1774/1774 1773/1773/1773 1775/1775/1775 
f 1774/1774/1774 1775/1775/1775 1776/1776/1776 
f 1777/1777/1777 1778/1778/1778 1779/1779/1779 
f 1777/1777/1777 1779/1779/1779 1780/1780/1780 
f 1781/1781/1781 1782/1782/1782 1783/1783/1783 
f 1781/1781/1781 1783/1783/1783 1784/1784/1784 
f 1785/1785/1785 1786/1786/1786 1787/1787/1787 
f 1785/1785/1785 1787/1787/1787 1788/1788/1788 
f 1789/1789/1789 1790/1790/1790 1791/1791/1791 
f 1789/1789/1789 1791/1791/1791 1792/1792/1792 
f 1792/1792/1792 1791/1791/1791 1752/1752/1752 
f 1792/1792/1792 1752/1752/1752 1751/1751/1751 
f 1793/1793/1793 1794/1794/1794 1795/1795/1795 
f 1796/1796/1796 1797/1797/1797 1798/1798/1798 
f 1796/1796/1796 1798/1798/1798 1799/1799/1799 
f 1800/1800/1800 1801/1801/1801 1802/1802/1802 
f 1800/1800/1800 1802/1802/1802 1803/1803/1803 
f 1804/1804/1804 1805/1805/1805 1794/1794/1794 
f 1806/1806/1806 1807/1807/1807 1808/1808/1808 
f 1806/1806/1806 1808/1808/1808 1809/1809/1809 
f 1673/1673/1673 1810/1810/1810 1811/1811/1811 
f 1673/1673/1673 1811/1811/1811 1812/1812/1812 
f 1813/1813/1813 1814/1814/1814 1815/1815/1815 
f 1813/1813/1813 1815/1815/1815 1816/1816/1816 
f 1817/1817/1817 1813/1813/1813 1816/1816/1816 
f 1817/1817/1817 1816/1816/1816 1818/1818/1818 
f 1819/1819/1819 1817/1817/1817 1818/1818/1818 
f 1819/1819/1819 1818/1818/1818 1820/1820/1820 
f 1821/1821/1821 1819/1819/1819 1820/1820/1820 
f 1821/1821/1821 1820/1820/1820 1822/1822/1822 
f 1821/1821/1821 1822/1822/1822 1823/1823/1823 
f 1821/1821/1821 1823/1823/1823 1824/1824/1824 
f 1825/1825/1825 1824/1824/1824 1823/1823/1823 
f 1825/1825/1825 1823/1823/1823 1826/1826/1826 
f 1827/1827/1827 1825/1825/1825 1826/1826/1826 
f 1827/1827/1827 1826/1826/1826 1828/1828/1828 
f 1829/1829/1829 1827/1827/1827 1828/1828/1828 
f 1829/1829/1829 1828/1828/1828 1830/1830/1830 
f 1831/1831/1831 1829/1829/1829 1830/1830/1830 
f 1831/1831/1831 1830/1830/1830 1832/1832/1832 
f 1833/1833/1833 1831/1831/1831 1832/1832/1832 
f 1833/1833/1833 1832/1832/1832 1834/1834/1834 
f 1835/1835/1835 1833/1833/1833 1834/1834/1834 
f 1835/1835/1835 1834/1834/1834 1836/1836/1836 
f 1837/1837/1837 1838/1838/1838 1839/1839/1839 
f 1837/1837/1837 1839/1839/1839 1840/1840/1840 
f 1841/1841/1841 1842/1842/1842 1843/1843/1843 
f 1844/1844/1844 1845/1845/1845 1846/1846/1846 
f 1844/1844/1844 1846/1846/1846 1847/1847/1847 
f 1848/1848/1848 1849/1849/1849 1850/1850/1850 
f 1848/1848/1848 1850/1850/1850 1851/1851/1851 
f 1814/1814/1814 1848/1848/1848 1851/1851/1851 
f 1814/1814/1814 1851/1851/1851 1815/1815/1815 
f 1852/1852/1852 1853/1853/1853 1854/1854/1854 
f 1855/1855/1855 1856/1856/1856 1857/1857/1857 
f 1855/1855/1855 1857/1857/1857 1858/1858/1858 
f 1859/1859/1859 1860/1860/1860 1861/1861/1861 
f 1859/1859/1859 1861/1861/1861 1862/1862/1862 
f 1863/1863/1863 1864/1864/1864 1865/1865/1865 
f 1863/1863/1863 1865/1865/1865 1866/1866/1866 
f 1804/1804/1804 1794/1794/1794 1867/1867/1867 
f 1804/1804/1804 1867/1867/1867 1868/1868/1868 
f 1869/1869/1869 1870/1870/1870 1871/1871/1871 
f 1800/1800/1800 1872/1872/1872 1801/1801/1801 
f 1794/1794/1794 1805/1805/1805 1873/1873/1873 
f 1794/1794/1794 1873/1873/1873 1874/1874/1874 
f 1867/1867/1867 1794/1794/1794 1793/1793/1793 
f 1809/1809/1809 1808/1808/1808 1875/1875/1875 
f 1809/1809/1809 1875/1875/1875 1876/1876/1876 
f 1877/1877/1877 1863/1863/1863 1866/1866/1866 
f 1877/1877/1877 1866/1866/1866 1878/1878/1878 
f 1879/1879/1879 1870/1870/1870 1869/1869/1869 
f 1800/1800/1800 1870/1870/1870 1880/1880/1880 
f 1800/1800/1800 1880/1880/1880 1872/1872/1872 
f 1870/1870/1870 1881/1881/1881 1871/1871/1871 
f 1662/1662/1662 1882/1882/1882 1883/1883/1883 
f 1662/1662/1662 1883/1883/1883 1668/1668/1668 
f 1736/1736/1736 1884/1884/1884 1734/1734/1734 
f 1737/1737/1737 1746/1746/1746 1745/1745/1745 
f 1737/1737/1737 1745/1745/1745 1738/1738/1738 
f 1803/1803/1803 1802/1802/1802 1885/1885/1885 
f 1803/1803/1803 1885/1885/1885 1886/1886/1886 
f 1861/1861/1861 1860/1860/1860 1887/1887/1887 
f 1861/1861/1861 1887/1887/1887 1888/1888/1888 
f 1889/1889/1889 1673/1673/1673 1812/1812/1812 
f 1889/1889/1889 1812/1812/1812 1890/1890/1890 
f 1889/1889/1889 1891/1891/1891 1674/1674/1674 
f 1889/1889/1889 1674/1674/1674 1673/1673/1673 
f 1727/1727/1727 1726/1726/1726 1892/1892/1892 
f 1727/1727/1727 1892/1892/1892 1893/1893/1893 
f 1886/1886/1886 1885/1885/1885 1894/1894/1894 
f 1886/1886/1886 1894/1894/1894 1895/1895/1895 
f 1888/1888/1888 1887/1887/1887 1896/1896/1896 
f 1888/1888/1888 1896/1896/1896 1897/1897/1897 
f 1898/1898/1898 1889/1889/1889 1890/1890/1890 
f 1898/1898/1898 1890/1890/1890 1899/1899/1899 
f 1898/1898/1898 1900/1900/1900 1891/1891/1891 
f 1898/1898/1898 1891/1891/1891 1889/1889/1889 
f 1893/1893/1893 1892/1892/1892 1901/1901/1901 
f 1893/1893/1893 1901/1901/1901 1902/1902/1902 
f 1903/1903/1903 1904/1904/1904 1744/1744/1744 
f 1903/1903/1903 1744/1744/1744 1743/1743/1743 

g 5

v 41.7135 2.0111 -11.4986 
v 41.7135 2.2852 -11.4986 
v 41.7966 2.2852 -11.4986 
v 41.7966 2.0111 -11.4986 
v 41.8357 2.0111 -10.4939 
v 41.8361 2.0112 -11.4663 
v 41.8356 2.2852 -11.4665 
v 41.8358 2.2852 -10.4939 
v 41.288 2.0111 -10.4612 
v 41.288 2.2853 -10.4612 
v 41 2.2853 -10.4612 
v 41 2.0111 -10.4612 
v 41.7966 2.0111 -11.4986 
v 41.7966 2.2852 -11.4986 
v 41.8356 2.2852 -11.4665 
v 41.8361 2.0112 -11.4663 
v 41.8357 2.0111 -10.4939 
v 41.8358 2.2852 -10.4939 
v 41.7965 2.2852 -10.4613 
v 41.7965 2.0111 -10.4613 
v 41.525 2.2853 -11.4986 
v 41.525 2.0111 -11.4986 
v 41.288 2.0111 -11.4986 
v 41.288 2.2853 -11.4986 
v 41.7134 2.2853 -10.4612 
v 41.7134 2.0111 -10.4612 
v 41.7965 2.0111 -10.4613 
v 41.7965 2.2852 -10.4613 
v 41.525 2.2853 -10.4612 
v 41.525 2.0111 -10.4612 
v 41 2.0111 -11.4986 
v 41 2.2853 -11.4986 
v 41.7135 2.3568 -11.4748 
v 41.7696 2.3568 -11.4748 
v 41.8075 2.3568 -11.4427 
v 41.8075 2.3568 -10.5448 
v 41.8358 2.2852 -10.4939 
v 41.8356 2.2852 -11.4665 
v 41.288 2.3568 -10.5102 
v 41 2.3568 -10.5102 
v 41 2.2853 -10.4612 
v 41.288 2.2853 -10.4612 
v 41.7696 2.3568 -11.4748 
v 41.8075 2.3568 -11.4427 
v 41.8356 2.2852 -11.4665 
v 41.7966 2.2852 -11.4986 
v 41.8075 2.3568 -10.5448 
v 41.7696 2.3568 -10.5102 
v 41.7965 2.2852 -10.4613 
v 41.8358 2.2852 -10.4939 
v 41.288 2.3568 -11.4748 
v 41.525 2.3568 -11.4748 
v 41.7696 2.3568 -10.5102 
v 41.7134 2.3568 -10.5102 
v 41.7134 2.2853 -10.4612 
v 41.7965 2.2852 -10.4613 
v 41.525 2.3568 -10.5102 
v 41.525 2.2853 -10.4612 
v 41 2.3568 -11.4748 
v 40.2865 2.0111 -11.4986 
v 40.2034 2.0111 -11.4986 
v 40.2034 2.2852 -11.4986 
v 40.2865 2.2852 -11.4986 
v 40.1643 2.0111 -10.4939 
v 40.1642 2.2852 -10.4939 
v 40.1644 2.2852 -11.4665 
v 40.1639 2.0112 -11.4663 
v 40.712 2.0111 -10.4612 
v 40.712 2.2853 -10.4612 
v 40.2034 2.0111 -11.4986 
v 40.1639 2.0112 -11.4663 
v 40.1644 2.2852 -11.4665 
v 40.2034 2.2852 -11.4986 
v 40.1643 2.0111 -10.4939 
v 40.2035 2.0111 -10.4613 
v 40.2035 2.2852 -10.4613 
v 40.1642 2.2852 -10.4939 
v 40.475 2.2853 -11.4986 
v 40.712 2.2853 -11.4986 
v 40.712 2.0111 -11.4986 
v 40.475 2.0111 -11.4986 
v 40.2866 2.2853 -10.4612 
v 40.2035 2.2852 -10.4613 
v 40.2035 2.0111 -10.4613 
v 40.2866 2.0111 -10.4612 
v 40.475 2.2853 -10.4612 
v 40.475 2.0111 -10.4612 
v 40.2865 2.3568 -11.4748 
v 40.2304 2.3568 -11.4748 
v 40.1925 2.3568 -11.4427 
v 40.1644 2.2852 -11.4665 
v 40.1642 2.2852 -10.4939 
v 40.1925 2.3568 -10.5448 
v 40.712 2.3568 -10.5102 
v 40.712 2.2853 -10.4612 
v 40.2304 2.3568 -11.4748 
v 40.2034 2.2852 -11.4986 
v 40.1644 2.2852 -11.4665 
v 40.1925 2.3568 -11.4427 
v 40.1925 2.3568 -10.5448 
v 40.1642 2.2852 -10.4939 
v 40.2035 2.2852 -10.4613 
v 40.2304 2.3568 -10.5102 
v 40.712 2.3568 -11.4748 
v 40.475 2.3568 -11.4748 
v 40.2304 2.3568 -10.5102 
v 40.2035 2.2852 -10.4613 
v 40.2866 2.2853 -10.4612 
v 40.2866 2.3568 -10.5102 
v 40.475 2.2853 -10.4612 
v 40.475 2.3568 -10.5102 
v 41 2.8101 -11.4748 
v 41.288 2.8101 -11.4748 
v 41.8075 2.3568 -10.5448 
v 41.8075 2.3568 -11.4427 
v 41.8075 2.6791 -11.4427 
v 41.8075 2.6791 -10.5448 
v 41.7134 2.3568 -10.5102 
v 41.7696 2.3568 -10.5102 
v 41.7696 2.6942 -10.5102 
v 41.7134 2.6942 -10.5102 
v 41.7696 2.3568 -10.5102 
v 41.8075 2.3568 -10.5448 
v 41.8075 2.6791 -10.5448 
v 41.7696 2.6942 -10.5102 
v 41.8075 2.3568 -11.4427 
v 41.7696 2.3568 -11.4748 
v 41.7696 2.781 -11.4748 
v 41.8075 2.6791 -11.4427 
v 41.7135 2.797 -11.4748 
v 41.7696 2.781 -11.4748 
v 41.288 2.3568 -10.5102 
v 41.525 2.3568 -10.5102 
v 41.525 2.6942 -10.5102 
v 41.288 2.6942 -10.5102 
v 41.525 2.8101 -11.4748 
v 41 2.3568 -10.5102 
v 41 2.6942 -10.5102 
v 40.712 2.8101 -11.4748 
v 40.1925 2.3568 -11.4427 
v 40.1925 2.3568 -10.5448 
v 40.1925 2.6791 -10.5448 
v 40.1925 2.6791 -11.4427 
v 40.2304 2.3568 -10.5102 
v 40.2866 2.3568 -10.5102 
v 40.2866 2.6942 -10.5102 
v 40.2304 2.6942 -10.5102 
v 40.1925 2.3568 -10.5448 
v 40.2304 2.3568 -10.5102 
v 40.2304 2.6942 -10.5102 
v 40.1925 2.6791 -10.5448 
v 40.2304 2.3568 -11.4748 
v 40.1925 2.3568 -11.4427 
v 40.1925 2.6791 -11.4427 
v 40.2304 2.781 -11.4748 
v 40.2304 2.781 -11.4748 
v 40.2865 2.797 -11.4748 
v 40.475 2.3568 -10.5102 
v 40.712 2.3568 -10.5102 
v 40.712 2.6942 -10.5102 
v 40.475 2.6942 -10.5102 
v 40.475 2.8101 -11.4748 
v 41.288 2.8101 -11.4748 
v 41 2.8101 -11.4748 
v 41 2.8836 -11.5254 
v 41.2879 2.8836 -11.5254 
v 41.8075 2.6791 -10.5448 
v 41.8075 2.6791 -11.4427 
v 41.9195 2.8192 -11.4933 
v 41.9195 2.8191 -10.5172 
v 41.8811 2.8191 -10.4826 
v 41.7133 2.8191 -10.4826 
v 41.7696 2.6942 -10.5102 
v 41.8075 2.6791 -10.5448 
v 41.9195 2.8191 -10.5172 
v 41.8811 2.8191 -10.4826 
v 41.8075 2.6791 -11.4427 
v 41.7696 2.781 -11.4748 
v 41.8811 2.8589 -11.5254 
v 41.9195 2.8192 -11.4933 
v 41.7135 2.797 -11.4748 
v 41.7133 2.8759 -11.5254 
v 41.525 2.8191 -10.4826 
v 41.288 2.8191 -10.4826 
v 41.525 2.8101 -11.4748 
v 41.525 2.8805 -11.5254 
v 41 2.8191 -10.4826 
v 40.712 2.8101 -11.4748 
v 40.7121 2.8836 -11.5254 
v 40.1925 2.6791 -11.4427 
v 40.1925 2.6791 -10.5448 
v 40.0805 2.8191 -10.5172 
v 40.0805 2.8192 -11.4933 
v 40.2867 2.8191 -10.4826 
v 40.1189 2.8191 -10.4826 
v 40.1925 2.6791 -10.5448 
v 40.2304 2.6942 -10.5102 
v 40.1189 2.8191 -10.4826 
v 40.0805 2.8191 -10.5172 
v 40.2304 2.781 -11.4748 
v 40.1925 2.6791 -11.4427 
v 40.0805 2.8192 -11.4933 
v 40.1189 2.8589 -11.5254 
v 40.2865 2.797 -11.4748 
v 40.2304 2.781 -11.4748 
v 40.2867 2.8759 -11.5254 
v 40.712 2.8191 -10.4826 
v 40.475 2.8191 -10.4826 
v 40.475 2.8101 -11.4748 
v 40.475 2.8805 -11.5254 
v 41.2879 2.8836 -11.5254 
v 41 2.8836 -11.5254 
v 41 3.057 -11.5521 
v 41.2879 3.057 -11.5521 
v 41.9195 2.8191 -10.5172 
v 41.9195 2.8192 -11.4933 
v 41.9195 3.0249 -11.52 
v 41.9195 3.0249 -10.5172 
v 41.8811 3.0249 -10.4826 
v 41.7133 3.0249 -10.4826 
v 41.8811 2.8191 -10.4826 
v 41.9195 2.8191 -10.5172 
v 41.9195 3.0249 -10.5172 
v 41.8811 3.0249 -10.4826 
v 41.9195 2.8192 -11.4933 
v 41.8811 2.8589 -11.5254 
v 41.8811 3.0447 -11.5521 
v 41.9195 3.0249 -11.52 
v 41.8811 2.8589 -11.5254 
v 41.7133 2.8759 -11.5254 
v 41.7133 3.0531 -11.5521 
v 41.8811 3.0447 -11.5521 
v 41.525 3.0249 -10.4826 
v 41.288 3.0249 -10.4826 
v 41.525 2.8805 -11.5254 
v 41.525 3.0554 -11.5521 
v 41 3.0249 -10.4826 
v 40.7121 2.8836 -11.5254 
v 40.7121 3.057 -11.5521 
v 40.0805 2.8192 -11.4933 
v 40.0805 2.8191 -10.5172 
v 40.0805 3.0249 -10.5172 
v 40.0805 3.0249 -11.52 
v 40.2867 3.0249 -10.4826 
v 40.1189 3.0249 -10.4826 
v 40.0805 2.8191 -10.5172 
v 40.1189 2.8191 -10.4826 
v 40.1189 3.0249 -10.4826 
v 40.0805 3.0249 -10.5172 
v 40.1189 2.8589 -11.5254 
v 40.0805 2.8192 -11.4933 
v 40.0805 3.0249 -11.52 
v 40.1189 3.0447 -11.5521 
v 40.2867 2.8759 -11.5254 
v 40.1189 2.8589 -11.5254 
v 40.1189 3.0447 -11.5521 
v 40.2867 3.0531 -11.5521 
v 40.712 3.0249 -10.4826 
v 40.475 3.0249 -10.4826 
v 40.475 2.8805 -11.5254 
v 40.475 3.0554 -11.5521 
v 40.1189 3.5017 -11.5254 
v 40.0805 3.5017 -11.4933 
v 40.0805 3.6049 -11.4418 
v 40.1189 3.6208 -11.4697 
v 40.2867 3.5349 -11.5254 
v 40.1189 3.5017 -11.5254 
v 40.1189 3.6208 -11.4697 
v 40.2867 3.654 -11.4697 
v 40.475 3.5565 -11.5254 
v 40.475 3.6756 -11.4697 
v 40.7121 3.5663 -11.5254 
v 40.7121 3.6854 -11.4697 
v 41 3.5663 -11.5254 
v 41 3.6854 -11.4697 
v 41.2879 3.5663 -11.5254 
v 41.2879 3.6854 -11.4697 
v 41.525 3.5565 -11.5254 
v 41.525 3.6756 -11.4697 
v 41.7133 3.5349 -11.5254 
v 41.7133 3.654 -11.4697 
v 41.8811 3.5017 -11.5254 
v 41.8811 3.6208 -11.4697 
v 41.9195 3.5017 -11.4933 
v 41.8811 3.5017 -11.5254 
v 41.8811 3.6208 -11.4697 
v 41.9195 3.6049 -11.4418 
v 41.9195 3.5423 -10.5172 
v 41.9195 3.5017 -11.4933 
v 41.9195 3.6049 -11.4418 
v 41.9195 3.6658 -10.5282 
v 41.8811 3.5423 -10.4826 
v 41.9195 3.5423 -10.5172 
v 41.9195 3.6658 -10.5282 
v 41.8811 3.6658 -10.4935 
v 41.7133 3.5756 -10.4826 
v 41.8811 3.5423 -10.4826 
v 41.8811 3.6658 -10.4935 
v 41.7133 3.699 -10.4935 
v 41.525 3.5971 -10.4826 
v 41.525 3.7206 -10.4935 
v 41.288 3.6069 -10.4826 
v 41.288 3.7304 -10.4935 
v 41 3.6069 -10.4826 
v 41 3.7304 -10.4935 
v 40.712 3.6069 -10.4826 
v 40.712 3.7304 -10.4935 
v 40.475 3.5971 -10.4826 
v 40.475 3.7206 -10.4935 
v 40.2867 3.5756 -10.4826 
v 40.2867 3.699 -10.4935 
v 40.1189 3.5423 -10.4826 
v 40.1189 3.6658 -10.4935 
v 40.0805 3.5423 -10.5172 
v 40.1189 3.5423 -10.4826 
v 40.1189 3.6658 -10.4935 
v 40.0805 3.6658 -10.5282 
v 40.0805 3.5017 -11.4933 
v 40.0805 3.5423 -10.5172 
v 40.0805 3.6658 -10.5282 
v 40.0805 3.6049 -11.4418 
v 41 3.797 -11.3891 
v 41.2879 3.797 -11.3891 
v 41.9195 3.708 -11.3683 
v 41.9195 3.7422 -10.5584 
v 41.8811 3.7532 -10.5238 
v 41.7133 3.7865 -10.5238 
v 41.9195 3.7422 -10.5584 
v 41.8811 3.7532 -10.5238 
v 41.8811 3.7324 -11.3891 
v 41.9195 3.708 -11.3683 
v 41.7133 3.7656 -11.3891 
v 41.8811 3.7324 -11.3891 
v 41.525 3.808 -10.5238 
v 41.288 3.8178 -10.5238 
v 41.525 3.7872 -11.3891 
v 41 3.8178 -10.5238 
v 40.7121 3.797 -11.3891 
v 40.0805 3.7422 -10.5584 
v 40.0805 3.708 -11.3683 
v 40.2867 3.7865 -10.5238 
v 40.1189 3.7532 -10.5238 
v 40.1189 3.7532 -10.5238 
v 40.0805 3.7422 -10.5584 
v 40.0805 3.708 -11.3683 
v 40.1189 3.7324 -11.3891 
v 40.1189 3.7324 -11.3891 
v 40.2867 3.7656 -11.3891 
v 40.712 3.8178 -10.5238 
v 40.475 3.808 -10.5238 
v 40.475 3.7872 -11.3891 
v 41 3.8783 -11.2767 
v 41.2879 3.8783 -11.2767 
v 41.9195 3.7889 -11.2571 
v 41.9195 3.7889 -10.6016 
v 41.7133 3.7865 -10.5238 
v 41.8811 3.7532 -10.5238 
v 41.8811 3.8137 -10.5776 
v 41.7133 3.8469 -10.5776 
v 41.9195 3.7889 -10.6016 
v 41.8811 3.8137 -10.5776 
v 41.8811 3.8138 -11.2767 
v 41.9195 3.7889 -11.2571 
v 41.7133 3.847 -11.2767 
v 41.8811 3.8138 -11.2767 
v 41.288 3.8178 -10.5238 
v 41.525 3.808 -10.5238 
v 41.525 3.8685 -10.5776 
v 41.288 3.8782 -10.5776 
v 41.525 3.8685 -11.2767 
v 41 3.8178 -10.5238 
v 41 3.8782 -10.5776 
v 40.7121 3.8783 -11.2767 
v 40.0805 3.7889 -10.6016 
v 40.0805 3.7889 -11.2571 
v 40.1189 3.7532 -10.5238 
v 40.2867 3.7865 -10.5238 
v 40.2867 3.8469 -10.5776 
v 40.1189 3.8137 -10.5776 
v 40.1189 3.8137 -10.5776 
v 40.0805 3.7889 -10.6016 
v 40.0805 3.7889 -11.2571 
v 40.1189 3.8138 -11.2767 
v 40.1189 3.8138 -11.2767 
v 40.2867 3.847 -11.2767 
v 40.475 3.808 -10.5238 
v 40.712 3.8178 -10.5238 
v 40.712 3.8782 -10.5776 
v 40.475 3.8685 -10.5776 
v 40.475 3.8685 -11.2767 
v 40.1189 3.8138 -11.2767 
v 40.0805 3.7889 -11.2571 
v 40.0805 3.7889 -10.6016 
v 40.1189 3.8137 -10.5776 
v 41.9195 3.7889 -11.2571 
v 41.8811 3.8138 -11.2767 
v 41.8811 3.8137 -10.5776 
v 41.9195 3.7889 -10.6016 
v 41.8811 3.8138 -11.2767 
v 41.7133 3.847 -11.2767 
v 41.7133 3.8469 -10.5776 
v 41.8811 3.8137 -10.5776 
v 41.525 3.8685 -11.2767 
v 41.525 3.8685 -10.5776 
v 41.2879 3.8783 -11.2767 
v 41.288 3.8782 -10.5776 
v 41 3.8783 -11.2767 
v 41 3.8782 -10.5776 
v 40.7121 3.8783 -11.2767 
v 40.712 3.8782 -10.5776 
v 40.475 3.8685 -11.2767 
v 40.475 3.8685 -10.5776 
v 40.2867 3.847 -11.2767 
v 40.2867 3.8469 -10.5776 
v 40.1189 3.8137 -10.5776 
v 40.1189 3.8138 -11.2767 
v 40.1189 3.2288 -11.5559 
v 40.0805 3.2288 -11.5238 
v 40.0805 3.3699 -11.5149 
v 40.1189 3.3699 -11.547 
v 40.2867 3.2288 -11.5559 
v 40.1189 3.2288 -11.5559 
v 40.1189 3.3699 -11.547 
v 40.2867 3.3871 -11.547 
v 40.475 3.2288 -11.5559 
v 40.475 3.3983 -11.547 
v 40.7121 3.2288 -11.5559 
v 40.7121 3.4033 -11.547 
v 41 3.2288 -11.5559 
v 41 3.4033 -11.547 
v 41.2879 3.2288 -11.5559 
v 41.2879 3.4033 -11.547 
v 41.525 3.2288 -11.5559 
v 41.525 3.3983 -11.547 
v 41.7133 3.2288 -11.5559 
v 41.7133 3.3871 -11.547 
v 41.8811 3.2288 -11.5559 
v 41.8811 3.3699 -11.547 
v 41.9195 3.2288 -11.5238 
v 41.8811 3.2288 -11.5559 
v 41.8811 3.3699 -11.547 
v 41.9195 3.3699 -11.5149 
v 41.9195 3.2288 -10.5172 
v 41.9195 3.2288 -11.5238 
v 41.9195 3.3699 -11.5149 
v 41.9195 3.3699 -10.5172 
v 41.8811 3.2288 -10.4826 
v 41.9195 3.2288 -10.5172 
v 41.9195 3.3699 -10.5172 
v 41.8811 3.3699 -10.4826 
v 41.7133 3.2288 -10.4826 
v 41.8811 3.2288 -10.4826 
v 41.8811 3.3699 -10.4826 
v 41.7133 3.3871 -10.4826 
v 41.525 3.2288 -10.4826 
v 41.525 3.3983 -10.4826 
v 41.288 3.2288 -10.4826 
v 41.288 3.4033 -10.4826 
v 41 3.2288 -10.4826 
v 41 3.4033 -10.4826 
v 40.712 3.2288 -10.4826 
v 40.712 3.4033 -10.4826 
v 40.475 3.2288 -10.4826 
v 40.475 3.3983 -10.4826 
v 40.2867 3.2288 -10.4826 
v 40.2867 3.3871 -10.4826 
v 40.1189 3.2288 -10.4826 
v 40.1189 3.3699 -10.4826 
v 40.0805 3.2288 -10.5172 
v 40.1189 3.2288 -10.4826 
v 40.1189 3.3699 -10.4826 
v 40.0805 3.3699 -10.5172 
v 40.0805 3.2288 -11.5238 
v 40.0805 3.2288 -10.5172 
v 40.0805 3.3699 -10.5172 
v 40.0805 3.3699 -11.5149 
v 41.7135 2.0111 -11.4986 
v 41.7966 2.0111 -11.4986 
v 41 2.0111 -10.9799 
v 41.8361 2.0112 -11.4663 
v 41.8357 2.0111 -10.4939 
v 41.288 2.0111 -10.4612 
v 41 2.0111 -10.4612 
v 41.7965 2.0111 -10.4613 
v 41.288 2.0111 -11.4986 
v 41.525 2.0111 -11.4986 
v 41.7134 2.0111 -10.4612 
v 41.525 2.0111 -10.4612 
v 41 2.0111 -11.4986 
v 40.2034 2.0111 -11.4986 
v 40.2865 2.0111 -11.4986 
v 40.1643 2.0111 -10.4939 
v 40.1639 2.0112 -11.4663 
v 40.712 2.0111 -10.4612 
v 40.2035 2.0111 -10.4613 
v 40.475 2.0111 -11.4986 
v 40.712 2.0111 -11.4986 
v 40.2866 2.0111 -10.4612 
v 40.475 2.0111 -10.4612 
v 40.71 3.6503 -10.9597 
v 40.7489 3.6503 -10.8147 
v 40.7489 4.2518 -10.8147 
v 40.71 4.2518 -10.9597 
v 40.855 3.6503 -10.7085 
v 40.855 4.2518 -10.7085 
v 41 3.6503 -10.6697 
v 41 4.2518 -10.6697 
v 41 3.6503 -10.6697 
v 41.145 3.6503 -10.7085 
v 41.145 4.2518 -10.7085 
v 41 4.2518 -10.6697 
v 41.2511 3.6503 -10.8147 
v 41.2511 4.2518 -10.8147 
v 41.29 3.6503 -10.9597 
v 41.29 4.2518 -10.9597 
v 41.2511 3.6503 -11.1047 
v 41.2511 4.2518 -11.1047 
v 41.145 3.6503 -11.2108 
v 41.145 4.2518 -11.2108 
v 41 3.6503 -11.2497 
v 41 4.2518 -11.2497 
v 40.855 3.6503 -11.2108 
v 40.855 4.2518 -11.2108 
v 40.7489 3.6503 -11.1047 
v 40.7489 4.2518 -11.1047 
v 40.71 4.2518 -10.9597 
v 40.7489 4.2518 -10.8147 
v 40.8052 4.3203 -10.8472 
v 40.775 4.3203 -10.9597 
v 40.855 4.2518 -10.7085 
v 40.8875 4.3203 -10.7648 
v 41 4.2518 -10.6697 
v 41 4.3203 -10.7347 
v 41.145 4.2518 -10.7085 
v 41.1125 4.3203 -10.7648 
v 41.2511 4.2518 -10.8147 
v 41.1948 4.3203 -10.8472 
v 41.29 4.2518 -10.9597 
v 41.225 4.3203 -10.9597 
v 41.2511 4.2518 -11.1047 
v 41.1948 4.3203 -11.0721 
v 41.145 4.2518 -11.2108 
v 41.1125 4.3203 -11.1545 
v 41 4.2518 -11.2497 
v 41 4.3203 -11.1846 
v 40.855 4.2518 -11.2108 
v 40.8875 4.3203 -11.1545 
v 40.7489 4.2518 -11.1047 
v 40.8052 4.3203 -11.0721 
v 40.775 4.3203 -10.9597 
v 40.8052 4.3203 -10.8472 
v 41 4.3203 -10.9597 
v 40.8875 4.3203 -10.7648 
v 41 4.3203 -10.7347 
v 41.1125 4.3203 -10.7648 
v 41.1948 4.3203 -10.8472 
v 41.225 4.3203 -10.9597 
v 41.1948 4.3203 -11.0721 
v 41.1125 4.3203 -11.1545 
v 41 4.3203 -11.1846 
v 40.8875 4.3203 -11.1545 
v 40.8052 4.3203 -11.0721 

vn 0 0 -1 
vn 0 0.15748 -0.984252 
vn 0 0.141732 -0.992126 
vn 0 0 -1 
vn 1 0 0 
vn 1 0 0 
vn 1 0 0 
vn 1 0 0 
vn 0 0 1 
vn 0 0 1 
vn 0 0 1 
vn 0 0 1 
vn 0.629921 0 -0.771654 
vn 0.637795 0 -0.771654 
vn 0.637795 0 -0.771654 
vn 0.629921 0 -0.771654 
vn 0.637795 0 0.771654 
vn 0.637795 0 0.771654 
vn 0.637795 0 0.771654 
vn 0.637795 0 0.771654 
vn 0 0.15748 -0.984252 
vn 0 0 -1 
vn 0 0 -1 
vn 0 0.15748 -0.984252 
vn 0 0 1 
vn 0 0 1 
vn 0 0 1 
vn 0 0 1 
vn 0 0 1 
vn 0 0 1 
vn 0 0 -1 
vn 0 0.15748 -0.984252 
vn 0 0.15748 -0.984252 
vn 0 0.173228 -0.984252 
vn 0.929134 0.362205 0 
vn 0.929134 0.370079 0 
vn 0.929134 0.370079 0 
vn 0.929134 0.362205 0 
vn 0 0.566929 0.826772 
vn 0 0.566929 0.826772 
vn 0 0.566929 0.826772 
vn 0 0.566929 0.826772 
vn 0.574803 0.448819 -0.685039 
vn 0.574803 0.448819 -0.677165 
vn 0.574803 0.448819 -0.685039 
vn 0.566929 0.448819 -0.692913 
vn 0.527559 0.614173 0.590551 
vn 0.535433 0.606299 0.590551 
vn 0.511811 0.622047 0.598425 
vn 0.496063 0.622047 0.598425 
vn 0 0.15748 -0.984252 
vn 0 0.15748 -0.984252 
vn 0 0.566929 0.826772 
vn 0 0.566929 0.826772 
vn 0 0.566929 0.826772 
vn 0 0.566929 0.826772 
vn 0 0.566929 0.826772 
vn 0 0.566929 0.826772 
vn 0 0.15748 -0.984252 
vn 0 0 -1 
vn 0 0 -1 
vn 0 0.141732 -0.992126 
vn 0 0.15748 -0.984252 
vn -1 0 0 
vn -1 0 0 
vn -1 0 0 
vn -1 0 0 
vn 0 0 1 
vn 0 0 1 
vn -0.629921 0 -0.771654 
vn -0.629921 0 -0.771654 
vn -0.637795 0 -0.771654 
vn -0.637795 0 -0.771654 
vn -0.637795 0 0.771654 
vn -0.637795 0 0.771654 
vn -0.637795 0 0.771654 
vn -0.637795 0 0.771654 
vn 0 0.15748 -0.984252 
vn 0 0.15748 -0.984252 
vn 0 0 -1 
vn 0 0 -1 
vn 0 0 1 
vn 0 0 1 
vn 0 0 1 
vn 0 0 1 
vn 0 0 1 
vn 0 0 1 
vn 0 0.15748 -0.984252 
vn 0 0.173228 -0.984252 
vn -0.929134 0.362205 0 
vn -0.929134 0.362205 0 
vn -0.929134 0.370079 0 
vn -0.929134 0.370079 0 
vn 0 0.566929 0.826772 
vn 0 0.566929 0.826772 
vn -0.574803 0.448819 -0.685039 
vn -0.566929 0.448819 -0.692913 
vn -0.574803 0.448819 -0.685039 
vn -0.574803 0.448819 -0.677165 
vn -0.527559 0.614173 0.590551 
vn -0.496063 0.622047 0.598425 
vn -0.511811 0.622047 0.598425 
vn -0.535433 0.606299 0.590551 
vn 0 0.15748 -0.984252 
vn 0 0.15748 -0.984252 
vn 0 0.566929 0.826772 
vn 0 0.566929 0.826772 
vn 0 0.566929 0.826772 
vn 0 0.566929 0.826772 
vn 0 0.566929 0.826772 
vn 0 0.566929 0.826772 
vn 0 0 -1 
vn 0 0 -1 
vn 1 0 0 
vn 1 0 0 
vn 1 0 0 
vn 1 0 0 
vn 0 0 1 
vn 0 0 1 
vn 0 -0.125984 0.992126 
vn 0 -0.110236 0.992126 
vn 0.677165 0 0.740157 
vn 0.677165 0 0.740157 
vn 0.677165 0 0.740157 
vn 0.677165 0 0.740157 
vn 0.645669 0 -0.76378 
vn 0.645669 0 -0.76378 
vn 0.645669 0 -0.76378 
vn 0.645669 0 -0.76378 
vn 0 0 -1 
vn 0 0 -1 
vn 0 0 1 
vn 0 0 1 
vn 0 -0.110236 0.992126 
vn 0 -0.110236 0.992126 
vn 0 0 -1 
vn 0 0 1 
vn 0 -0.110236 0.992126 
vn 0 0 -1 
vn -1 0 0 
vn -1 0 0 
vn -1 0 0 
vn -1 0 0 
vn 0 0 1 
vn 0 0 1 
vn 0 -0.110236 0.992126 
vn 0 -0.125984 0.992126 
vn -0.677165 0 0.740157 
vn -0.677165 0 0.740157 
vn -0.677165 0 0.740157 
vn -0.677165 0 0.740157 
vn -0.645669 0 -0.76378 
vn -0.645669 0 -0.76378 
vn -0.645669 0 -0.76378 
vn -0.645669 0 -0.76378 
vn 0 0 -1 
vn 0 0 -1 
vn 0 0 1 
vn 0 0 1 
vn 0 -0.110236 0.992126 
vn 0 -0.110236 0.992126 
vn 0 0 -1 
vn 0 -0.566929 -0.826772 
vn 0 -0.566929 -0.826772 
vn 0 -0.566929 -0.826772 
vn 0 -0.566929 -0.818898 
vn 0.779528 -0.622047 0 
vn 0.779528 -0.622047 0 
vn 0.779528 -0.622047 0 
vn 0.779528 -0.622047 0 
vn 0 -0.0787402 1 
vn 0 -0.110236 0.992126 
vn 0.472441 -0.527559 0.700787 
vn 0.456693 -0.511811 0.724409 
vn 0.519685 -0.582677 0.622047 
vn 0.535433 -0.606299 0.590551 
vn -0.173228 -0.354331 -0.92126 
vn -0.125984 -0.440945 -0.889764 
vn -0.102362 -0.440945 -0.889764 
vn 0.212598 -0.480315 -0.850394 
vn -0.0944882 -0.543307 -0.834646 
vn -0.0472441 -0.527559 -0.850394 
vn 0 -0.110236 0.992126 
vn 0 -0.110236 0.992126 
vn -0.023622 -0.582677 -0.811024 
vn -0.023622 -0.574803 -0.818898 
vn 0 -0.110236 0.992126 
vn 0 -0.566929 -0.818898 
vn 0 -0.566929 -0.826772 
vn -0.779528 -0.622047 0 
vn -0.779528 -0.622047 0 
vn -0.779528 -0.622047 0 
vn -0.779528 -0.622047 0 
vn 0 -0.110236 0.992126 
vn 0 -0.0787402 1 
vn -0.456693 -0.551181 0.700787 
vn -0.433071 -0.543307 0.716535 
vn -0.535433 -0.559055 0.629921 
vn -0.551181 -0.566929 0.614173 
vn 0.0393701 -0.314961 -0.952756 
vn 0.0393701 -0.314961 -0.952756 
vn 0.0393701 -0.314961 -0.952756 
vn -0.00787402 -0.566929 -0.826772 
vn 0.0629921 -0.511811 -0.858268 
vn 0.0944882 -0.448819 -0.889764 
vn 0.0393701 -0.543307 -0.834646 
vn 0 -0.110236 0.992126 
vn 0 -0.110236 0.992126 
vn 0.00787402 -0.574803 -0.818898 
vn 0.00787402 -0.582677 -0.811024 
vn 0 -0.149606 -0.992126 
vn 0 -0.149606 -0.992126 
vn 0 -0.0866142 -1 
vn 0 -0.0866142 -1 
vn 1 0 0 
vn 1 0 0 
vn 1 0 0 
vn 1 0 0 
vn 0 0 1 
vn 0 0 1 
vn 0.669291 0 0.740157 
vn 0.669291 0 0.740157 
vn 0.669291 0 0.740157 
vn 0.669291 0 0.740157 
vn 0.574803 -0.110236 -0.811024 
vn 0.559055 -0.11811 -0.818898 
vn 0.622047 -0.0472441 -0.779528 
vn 0.614173 -0.0708661 -0.779528 
vn -0.00787402 -0.141732 -0.992126 
vn -0.00787402 -0.149606 -0.992126 
vn 0 -0.0866142 -1 
vn -0.00787402 -0.0866142 -1 
vn 0 0 1 
vn 0 0 1 
vn 0 -0.149606 -0.992126 
vn 0 -0.0866142 -1 
vn 0 0 1 
vn 0 -0.149606 -0.992126 
vn 0 -0.0866142 -1 
vn -1 0 0 
vn -1 0 0 
vn -1 0 0 
vn -1 0 0 
vn 0 0 1 
vn 0 0 1 
vn -0.669291 0 0.740157 
vn -0.669291 0 0.740157 
vn -0.669291 0 0.740157 
vn -0.669291 0 0.740157 
vn -0.574803 -0.110236 -0.811024 
vn -0.566929 -0.102362 -0.811024 
vn -0.614173 -0.0787402 -0.787402 
vn -0.622047 -0.0472441 -0.779528 
vn 0.00787402 -0.149606 -0.992126 
vn 0.015748 -0.141732 -0.992126 
vn 0.00787402 -0.0866142 -1 
vn 0 -0.0866142 -1 
vn 0 0 1 
vn 0 0 1 
vn 0 -0.149606 -0.992126 
vn 0 -0.0866142 -1 
vn -0.629921 0.220472 -0.748031 
vn -0.622047 0.259843 -0.740157 
vn -0.637795 0.393701 -0.661417 
vn -0.637795 0.385827 -0.661417 
vn -0.0472441 0.291339 -0.952756 
vn -0.0472441 0.275591 -0.96063 
vn -0.0944882 0.496063 -0.866142 
vn -0.0787402 0.503937 -0.858268 
vn -0.023622 0.283465 -0.96063 
vn -0.0393701 0.511811 -0.858268 
vn -0.00787402 0.283465 -0.96063 
vn -0.00787402 0.503937 -0.858268 
vn 0 0.283465 -0.96063 
vn 0 0.503937 -0.858268 
vn 0.00787402 0.283465 -0.96063 
vn 0.00787402 0.503937 -0.858268 
vn 0.023622 0.283465 -0.96063 
vn 0.0393701 0.511811 -0.858268 
vn 0.0472441 0.291339 -0.952756 
vn 0.0787402 0.503937 -0.858268 
vn 0.0551181 0.275591 -0.96063 
vn 0.0944882 0.496063 -0.866142 
vn 0.622047 0.244094 -0.740157 
vn 0.622047 0.220472 -0.748031 
vn 0.637795 0.393701 -0.661417 
vn 0.637795 0.401575 -0.661417 
vn 1 0 0 
vn 1 0 0 
vn 1 0 0 
vn 1 0 0 
vn 0.669291 0.0314961 0.740157 
vn 0.669291 0.0314961 0.740157 
vn 0.661417 0.188976 0.732283 
vn 0.669291 0.15748 0.724409 
vn 0.00787402 0.0472441 1 
vn 0.00787402 0.0393701 1 
vn 0.0393701 0.19685 0.976378 
vn 0.0314961 0.212598 0.976378 
vn 0 0.0472441 1 
vn 0.015748 0.212598 0.976378 
vn 0 0.0472441 1 
vn 0.00787402 0.212598 0.976378 
vn 0 0.0472441 1 
vn 0 0.212598 0.976378 
vn 0 0.0472441 1 
vn -0.00787402 0.212598 0.976378 
vn 0 0.0472441 1 
vn -0.015748 0.212598 0.976378 
vn -0.00787402 0.0472441 1 
vn -0.0314961 0.212598 0.976378 
vn -0.00787402 0.0393701 1 
vn -0.0393701 0.19685 0.976378 
vn -0.669291 0.0314961 0.740157 
vn -0.669291 0.0314961 0.740157 
vn -0.661417 0.149606 0.732283 
vn -0.669291 0.173228 0.724409 
vn -1 0 0 
vn -1 0 0 
vn -1 0 0 
vn -1 0 0 
vn 0 0.708661 -0.708661 
vn 0.015748 0.708661 -0.708661 
vn 1 0 0 
vn 1 0 0 
vn 0.0629921 0.322835 0.944882 
vn 0.0472441 0.322835 0.944882 
vn 0.669291 0.401575 0.629921 
vn 0.685039 0.362205 0.637795 
vn 0.637795 0.543307 -0.543307 
vn 0.637795 0.535433 -0.551181 
vn 0.110236 0.700787 -0.700787 
vn 0.133858 0.692913 -0.708661 
vn 0.023622 0.330709 0.944882 
vn 0.00787402 0.330709 0.944882 
vn 0.0551181 0.708661 -0.700787 
vn 0 0.330709 0.944882 
vn -0.015748 0.708661 -0.708661 
vn -1 0 0 
vn -1 0 0 
vn -0.0472441 0.322835 0.944882 
vn -0.0629921 0.322835 0.944882 
vn -0.669291 0.370079 0.637795 
vn -0.677165 0.401575 0.614173 
vn -0.637795 0.535433 -0.551181 
vn -0.637795 0.543307 -0.543307 
vn -0.133858 0.692913 -0.708661 
vn -0.110236 0.700787 -0.700787 
vn -0.00787402 0.330709 0.944882 
vn -0.023622 0.330709 0.944882 
vn -0.0551181 0.708661 -0.700787 
vn 0 0.811024 -0.582677 
vn 0.015748 0.811024 -0.582677 
vn 1 0 0 
vn 1 0 0 
vn 0.102362 0.661417 0.740157 
vn 0.133858 0.661417 0.740157 
vn 0.133858 0.661417 0.740157 
vn 0.102362 0.661417 0.740157 
vn 0.661417 0.503937 0.559055 
vn 0.669291 0.496063 0.559055 
vn 0.637795 0.622047 -0.456693 
vn 0.637795 0.622047 -0.456693 
vn 0.125984 0.80315 -0.582677 
vn 0.15748 0.80315 -0.582677 
vn 0.015748 0.661417 0.748031 
vn 0.0551181 0.661417 0.748031 
vn 0.0472441 0.661417 0.748031 
vn 0.015748 0.661417 0.748031 
vn 0.0629921 0.811024 -0.582677 
vn 0 0.661417 0.748031 
vn 0 0.661417 0.748031 
vn -0.015748 0.811024 -0.582677 
vn -1 0 0 
vn -1 0 0 
vn -0.133858 0.661417 0.740157 
vn -0.102362 0.661417 0.740157 
vn -0.102362 0.661417 0.740157 
vn -0.133858 0.661417 0.740157 
vn -0.661417 0.503937 0.559055 
vn -0.669291 0.503937 0.551181 
vn -0.637795 0.622047 -0.456693 
vn -0.637795 0.622047 -0.456693 
vn -0.15748 0.80315 -0.582677 
vn -0.125984 0.80315 -0.582677 
vn -0.0551181 0.661417 0.748031 
vn -0.015748 0.661417 0.748031 
vn -0.015748 0.661417 0.748031 
vn -0.0472441 0.661417 0.748031 
vn -0.0629921 0.811024 -0.582677 
vn -0.543307 0.84252 0 
vn -0.543307 0.84252 0 
vn -0.543307 0.84252 0 
vn -0.543307 0.84252 0 
vn 0.543307 0.84252 0 
vn 0.543307 0.84252 0 
vn 0.543307 0.84252 0 
vn 0.543307 0.84252 0 
vn 0.19685 0.984252 0 
vn 0.15748 0.984252 0 
vn 0.15748 0.984252 0 
vn 0.19685 0.984252 0 
vn 0.0787402 1 0 
vn 0.0787402 1 0 
vn 0.023622 1 0 
vn 0.023622 1 0 
vn 0 1 0 
vn 0 1 0 
vn -0.023622 1 0 
vn -0.023622 1 0 
vn -0.0787402 1 0 
vn -0.0787402 1 0 
vn -0.15748 0.984252 0 
vn -0.15748 0.984252 0 
vn -0.19685 0.984252 0 
vn -0.19685 0.984252 0 
vn -0.637795 0.015748 -0.771654 
vn -0.637795 0.015748 -0.771654 
vn -0.637795 0.0866142 -0.76378 
vn -0.637795 0.0866142 -0.76378 
vn 0 0.015748 -1 
vn 0 0.023622 -1 
vn -0.00787402 0.110236 -0.992126 
vn -0.00787402 0.102362 -0.992126 
vn 0 0.015748 -1 
vn -0.00787402 0.0944882 -0.992126 
vn 0 0.015748 -1 
vn 0 0.0944882 -0.992126 
vn 0 0.015748 -1 
vn 0 0.0944882 -0.992126 
vn 0 0.015748 -1 
vn 0 0.0944882 -0.992126 
vn 0 0.015748 -1 
vn 0 0.0944882 -0.992126 
vn 0 0.015748 -1 
vn 0.00787402 0.102362 -0.992126 
vn 0 0.015748 -1 
vn 0.015748 0.102362 -0.992126 
vn 0.637795 0.015748 -0.771654 
vn 0.637795 0.015748 -0.771654 
vn 0.637795 0.0866142 -0.76378 
vn 0.637795 0.0866142 -0.76378 
vn 1 0 0 
vn 1 0 0 
vn 1 0 0 
vn 1 0 0 
vn 0.669291 0 0.740157 
vn 0.669291 0 0.740157 
vn 0.669291 0 0.740157 
vn 0.669291 0 0.740157 
vn 0 0 1 
vn 0 0 1 
vn 0 0 1 
vn 0 0 1 
vn 0 0 1 
vn 0 0 1 
vn 0 0 1 
vn 0 0 1 
vn 0 0 1 
vn 0 0 1 
vn 0 0 1 
vn 0 0 1 
vn 0 0 1 
vn 0 0 1 
vn 0 0 1 
vn 0 0 1 
vn 0 0 1 
vn 0 0 1 
vn -0.669291 0 0.740157 
vn -0.669291 0 0.740157 
vn -0.669291 0 0.740157 
vn -0.669291 0 0.740157 
vn -1 0 0 
vn -1 0 0 
vn -1 0 0 
vn -1 0 0 
vn 0 -1 0 
vn 0 -1 0 
vn 0 -1 0 
vn 0 -1 0 
vn 0 -1 0 
vn 0 -1 0 
vn 0 -1 0 
vn 0 -1 0 
vn 0 -1 0 
vn 0 -1 0 
vn 0 -1 0 
vn 0 -1 0 
vn 0 -1 0 
vn 0 -1 0 
vn 0 -1 0 
vn 0 -1 0 
vn 0 -1 0 
vn 0 -1 0 
vn 0 -1 0 
vn 0 -1 0 
vn 0 -1 0 
vn 0 -1 0 
vn 0 -1 0 
vn -1 0 0 
vn -0.866142 0 0.503937 
vn -0.866142 0 0.503937 
vn -1 0 0 
vn -0.503937 0 0.866142 
vn -0.503937 0 0.866142 
vn 0 0 1 
vn 0 0 1 
vn 0 0 1 
vn 0.503937 0 0.866142 
vn 0.503937 0 0.866142 
vn 0 0 1 
vn 0.866142 0 0.503937 
vn 0.866142 0 0.503937 
vn 1 0 0 
vn 1 0 0 
vn 0.866142 0 -0.503937 
vn 0.866142 0 -0.503937 
vn 0.503937 0 -0.866142 
vn 0.503937 0 -0.866142 
vn 0 0 -1 
vn 0 0 -1 
vn -0.503937 0 -0.866142 
vn -0.503937 0 -0.866142 
vn -0.866142 0 -0.503937 
vn -0.866142 0 -0.503937 
vn -0.724409 0.685039 0 
vn -0.629921 0.685039 0.362205 
vn -0.629921 0.685039 0.362205 
vn -0.724409 0.685039 0 
vn -0.362205 0.685039 0.629921 
vn -0.362205 0.685039 0.629921 
vn 0 0.685039 0.724409 
vn 0 0.685039 0.724409 
vn 0.362205 0.685039 0.629921 
vn 0.362205 0.685039 0.629921 
vn 0.629921 0.685039 0.362205 
vn 0.629921 0.685039 0.362205 
vn 0.724409 0.685039 0 
vn 0.724409 0.685039 0 
vn 0.629921 0.685039 -0.362205 
vn 0.629921 0.685039 -0.362205 
vn 0.362205 0.685039 -0.629921 
vn 0.362205 0.685039 -0.629921 
vn 0 0.685039 -0.724409 
vn 0 0.685039 -0.724409 
vn -0.362205 0.685039 -0.629921 
vn -0.362205 0.685039 -0.629921 
vn -0.629921 0.685039 -0.362205 
vn -0.629921 0.685039 -0.362205 
vn 0 1 0 
vn 0 1 0 
vn 0 1 0 
vn 0 1 0 
vn 0 1 0 
vn 0 1 0 
vn 0 1 0 
vn 0 1 0 
vn 0 1 0 
vn 0 1 0 
vn 0 1 0 
vn 0 1 0 
vn 0 1 0 

vt 0.023625 0.8447 
vt 0.03585 0.8452 
vt 0.03585 0.8617 
vt 0.023625 0.8618 
vt 0.023625 0.9998 
vt 0.023625 0.875 
vt 0.03585 0.875 
vt 0.03585 0.9998 
vt 0.023625 0.3353 
vt 0.03585 0.3352 
vt 0.03585 0.3738 
vt 0.023625 0.3735 
vt 0.023625 0.8618 
vt 0.03585 0.8617 
vt 0.03585 0.875 
vt 0.023625 0.875 
vt 0.023625 0.2499 
vt 0.03585 0.2499 
vt 0.03585 0.2581 
vt 0.023625 0.2581 
vt 0.03585 0.8199 
vt 0.023625 0.8193 
vt 0.023625 0.7872 
vt 0.03585 0.7877 
vt 0.03585 0.2785 
vt 0.023625 0.2789 
vt 0.023625 0.2581 
vt 0.03585 0.2581 
vt 0.03585 0.3035 
vt 0.023625 0.3038 
vt 0.023625 0.7482 
vt 0.03585 0.7486 
vt 0.04005 0.8458 
vt 0.04005 0.8603 
vt 0.04005 0.875 
vt 0.04005 0.9998 
vt 0.03585 0.9998 
vt 0.03585 0.875 
vt 0.04005 0.3352 
vt 0.04005 0.3739 
vt 0.03585 0.3738 
vt 0.03585 0.3352 
vt 0.04005 0.8603 
vt 0.04005 0.875 
vt 0.03585 0.875 
vt 0.03585 0.8617 
vt 0.04005 0.2499 
vt 0.04005 0.2589 
vt 0.03585 0.2581 
vt 0.03585 0.2499 
vt 0.04005 0.7879 
vt 0.04005 0.8201 
vt 0.04005 0.2589 
vt 0.04005 0.2775 
vt 0.03585 0.2785 
vt 0.03585 0.2581 
vt 0.04005 0.3033 
vt 0.03585 0.3035 
vt 0.04005 0.7487 
vt 0.023625 0.6516 
vt 0.023625 0.6345 
vt 0.03585 0.6349 
vt 0.03585 0.652 
vt 0.023625 0.4996 
vt 0.03585 0.4996 
vt 0.03585 0.6251 
vt 0.023625 0.6251 
vt 0.023625 0.4118 
vt 0.03585 0.4124 
vt 0.023625 0.6345 
vt 0.023625 0.6251 
vt 0.03585 0.6251 
vt 0.03585 0.6349 
vt 0.023625 0.4996 
vt 0.023625 0.4892 
vt 0.03585 0.4894 
vt 0.03585 0.4996 
vt 0.03585 0.6774 
vt 0.03585 0.7095 
vt 0.023625 0.7091 
vt 0.023625 0.6771 
vt 0.03585 0.4689 
vt 0.03585 0.4894 
vt 0.023625 0.4892 
vt 0.023625 0.4679 
vt 0.03585 0.4441 
vt 0.023625 0.4431 
vt 0.04005 0.6516 
vt 0.04005 0.636 
vt 0.04005 0.6251 
vt 0.03585 0.6251 
vt 0.03585 0.4996 
vt 0.04005 0.4996 
vt 0.04005 0.4126 
vt 0.03585 0.4124 
vt 0.04005 0.636 
vt 0.03585 0.6349 
vt 0.03585 0.6251 
vt 0.04005 0.6251 
vt 0.04005 0.4996 
vt 0.03585 0.4996 
vt 0.03585 0.4894 
vt 0.04005 0.4889 
vt 0.04005 0.7096 
vt 0.04005 0.6774 
vt 0.04005 0.4889 
vt 0.03585 0.4894 
vt 0.03585 0.4689 
vt 0.04005 0.4701 
vt 0.03585 0.4441 
vt 0.04005 0.4445 
vt 0.0672 0.7496 
vt 0.067125 0.7884 
vt 0.04005 0.9998 
vt 0.04005 0.875 
vt 0.06105 0.875 
vt 0.06105 0.9998 
vt 0.04005 0.2775 
vt 0.04005 0.2589 
vt 0.06105 0.259 
vt 0.06105 0.2777 
vt 0.04005 0.2589 
vt 0.04005 0.2499 
vt 0.06105 0.2499 
vt 0.06105 0.259 
vt 0.04005 0.875 
vt 0.04005 0.8603 
vt 0.065925 0.8603 
vt 0.06105 0.875 
vt 0.066525 0.8458 
vt 0.065925 0.8603 
vt 0.04005 0.3352 
vt 0.04005 0.3033 
vt 0.06105 0.3036 
vt 0.06105 0.3356 
vt 0.06705 0.8203 
vt 0.04005 0.3739 
vt 0.06105 0.3744 
vt 0.067425 0.7109 
vt 0.04005 0.6251 
vt 0.04005 0.4996 
vt 0.06105 0.4996 
vt 0.06105 0.6251 
vt 0.04005 0.4889 
vt 0.04005 0.4701 
vt 0.06105 0.4711 
vt 0.06105 0.4894 
vt 0.04005 0.4996 
vt 0.04005 0.4889 
vt 0.06105 0.4894 
vt 0.06105 0.4996 
vt 0.04005 0.636 
vt 0.04005 0.6251 
vt 0.06105 0.6251 
vt 0.06675 0.6368 
vt 0.06675 0.6368 
vt 0.06735 0.6534 
vt 0.04005 0.4445 
vt 0.04005 0.4126 
vt 0.06105 0.4132 
vt 0.06105 0.4452 
vt 0.06765 0.679 
vt 0.067125 0.7884 
vt 0.0672 0.7496 
vt 0.0705 0.7498 
vt 0.0705 0.7885 
vt 0.06105 0.9998 
vt 0.06105 0.875 
vt 0.0684 0.875 
vt 0.0684 0.9998 
vt 0.06945 0.2529 
vt 0.06945 0.2789 
vt 0.06105 0.259 
vt 0.06105 0.2499 
vt 0.06945 0.2499 
vt 0.06945 0.2529 
vt 0.06105 0.875 
vt 0.065925 0.8603 
vt 0.0705 0.8691 
vt 0.0684 0.875 
vt 0.066525 0.8458 
vt 0.0705 0.8457 
vt 0.06945 0.304 
vt 0.06945 0.3359 
vt 0.06705 0.8203 
vt 0.0705 0.8203 
vt 0.06945 0.3745 
vt 0.067425 0.7109 
vt 0.0705 0.7111 
vt 0.06105 0.6251 
vt 0.06105 0.4996 
vt 0.06945 0.4996 
vt 0.06945 0.6251 
vt 0.06945 0.4703 
vt 0.06945 0.4948 
vt 0.06105 0.4996 
vt 0.06105 0.4894 
vt 0.06945 0.4948 
vt 0.06945 0.4996 
vt 0.06675 0.6368 
vt 0.06105 0.6251 
vt 0.06945 0.6251 
vt 0.0705 0.6306 
vt 0.06735 0.6534 
vt 0.06675 0.6368 
vt 0.0705 0.6539 
vt 0.06945 0.4132 
vt 0.06945 0.445 
vt 0.06765 0.679 
vt 0.0705 0.6793 
vt 0.0705 0.7885 
vt 0.0705 0.7498 
vt 0.07785 0.7501 
vt 0.07785 0.7886 
vt 0.0684 0.9998 
vt 0.0684 0.875 
vt 0.07785 0.875 
vt 0.07785 0.9998 
vt 0.07785 0.2528 
vt 0.07785 0.2798 
vt 0.06945 0.2529 
vt 0.06945 0.2499 
vt 0.07785 0.2499 
vt 0.07785 0.2528 
vt 0.0684 0.875 
vt 0.0705 0.8691 
vt 0.07785 0.8688 
vt 0.07785 0.875 
vt 0.0705 0.8691 
vt 0.0705 0.8457 
vt 0.07785 0.8453 
vt 0.07785 0.8688 
vt 0.07785 0.3048 
vt 0.07785 0.3363 
vt 0.0705 0.8203 
vt 0.07785 0.8202 
vt 0.07785 0.3747 
vt 0.0705 0.7111 
vt 0.07785 0.7116 
vt 0.06945 0.6251 
vt 0.06945 0.4996 
vt 0.07785 0.4996 
vt 0.07785 0.6251 
vt 0.07785 0.4699 
vt 0.07785 0.4951 
vt 0.06945 0.4996 
vt 0.06945 0.4948 
vt 0.07785 0.4951 
vt 0.07785 0.4996 
vt 0.0705 0.6306 
vt 0.06945 0.6251 
vt 0.07785 0.6251 
vt 0.07785 0.6311 
vt 0.0705 0.6539 
vt 0.0705 0.6306 
vt 0.07785 0.6311 
vt 0.07785 0.6548 
vt 0.07785 0.4132 
vt 0.07785 0.4448 
vt 0.0705 0.6793 
vt 0.07785 0.68 
vt 0.0993 0.632 
vt 0.0993 0.6251 
vt 0.105 0.6251 
vt 0.105 0.632 
vt 0.0993 0.6566 
vt 0.0993 0.632 
vt 0.105 0.632 
vt 0.105 0.6566 
vt 0.0993 0.6814 
vt 0.105 0.6814 
vt 0.0993 0.7127 
vt 0.105 0.7128 
vt 0.0993 0.7509 
vt 0.105 0.7512 
vt 0.0993 0.7891 
vt 0.105 0.7895 
vt 0.0993 0.8204 
vt 0.105 0.8208 
vt 0.0993 0.845 
vt 0.105 0.8455 
vt 0.0993 0.8684 
vt 0.105 0.8687 
vt 0.0993 0.875 
vt 0.0993 0.8684 
vt 0.105 0.8687 
vt 0.105 0.875 
vt 0.0993 0.9998 
vt 0.0993 0.875 
vt 0.105 0.875 
vt 0.105 0.9998 
vt 0.0993 0.2537 
vt 0.0993 0.2499 
vt 0.105 0.2499 
vt 0.105 0.2541 
vt 0.0993 0.2813 
vt 0.0993 0.2537 
vt 0.105 0.2541 
vt 0.105 0.2815 
vt 0.0993 0.306 
vt 0.105 0.3061 
vt 0.0993 0.3373 
vt 0.105 0.3374 
vt 0.0993 0.3754 
vt 0.105 0.3755 
vt 0.0993 0.4135 
vt 0.105 0.4137 
vt 0.0993 0.4448 
vt 0.105 0.4449 
vt 0.0993 0.4694 
vt 0.105 0.4695 
vt 0.0993 0.4948 
vt 0.105 0.4945 
vt 0.0993 0.4996 
vt 0.0993 0.4948 
vt 0.105 0.4945 
vt 0.105 0.4996 
vt 0.0993 0.6251 
vt 0.0993 0.4996 
vt 0.105 0.4996 
vt 0.105 0.6251 
vt 0.110775 0.7514 
vt 0.110775 0.7899 
vt 0.110775 0.875 
vt 0.110775 0.9998 
vt 0.110775 0.2541 
vt 0.110775 0.2814 
vt 0.110775 0.2499 
vt 0.110775 0.2541 
vt 0.110775 0.8692 
vt 0.110775 0.875 
vt 0.110775 0.8463 
vt 0.110775 0.8692 
vt 0.110775 0.3061 
vt 0.110775 0.3374 
vt 0.110775 0.8215 
vt 0.110775 0.3756 
vt 0.110775 0.7128 
vt 0.110775 0.4996 
vt 0.110775 0.6251 
vt 0.110775 0.4698 
vt 0.110775 0.4946 
vt 0.110775 0.4946 
vt 0.110775 0.4996 
vt 0.110775 0.6251 
vt 0.110775 0.6318 
vt 0.110775 0.6318 
vt 0.110775 0.6562 
vt 0.110775 0.4138 
vt 0.110775 0.4452 
vt 0.110775 0.6812 
vt 0.117 0.7516 
vt 0.117 0.7906 
vt 0.117 0.875 
vt 0.117 0.9998 
vt 0.110775 0.2814 
vt 0.110775 0.2541 
vt 0.117 0.2535 
vt 0.117 0.2808 
vt 0.117 0.2499 
vt 0.117 0.2535 
vt 0.117 0.8708 
vt 0.117 0.875 
vt 0.117 0.848 
vt 0.117 0.8708 
vt 0.110775 0.3374 
vt 0.110775 0.3061 
vt 0.117 0.3058 
vt 0.117 0.3374 
vt 0.117 0.8226 
vt 0.110775 0.3756 
vt 0.117 0.3757 
vt 0.117 0.7126 
vt 0.117 0.4996 
vt 0.117 0.6251 
vt 0.110775 0.4946 
vt 0.110775 0.4698 
vt 0.117 0.4705 
vt 0.117 0.4952 
vt 0.117 0.4952 
vt 0.117 0.4996 
vt 0.117 0.6251 
vt 0.117 0.6309 
vt 0.117 0.6309 
vt 0.117 0.655 
vt 0.110775 0.4452 
vt 0.110775 0.4138 
vt 0.117 0.414 
vt 0.117 0.4455 
vt 0.117 0.6805 
vt 0.23775 0.2351 
vt 0.240075 0.2351 
vt 0.240075 0.3592 
vt 0.23775 0.3592 
vt 0.146625 0.2351 
vt 0.14895 0.2351 
vt 0.14895 0.3592 
vt 0.146625 0.3592 
vt 0.14895 0.2351 
vt 0.1575 0.2351 
vt 0.1575 0.3592 
vt 0.14895 0.3592 
vt 0.167025 0.2351 
vt 0.167025 0.3592 
vt 0.178875 0.2351 
vt 0.178875 0.3592 
vt 0.19335 0.2351 
vt 0.19335 0.3592 
vt 0.207825 0.2351 
vt 0.207825 0.3592 
vt 0.219675 0.2351 
vt 0.219675 0.3592 
vt 0.2292 0.2351 
vt 0.2292 0.3592 
vt 0.23775 0.3592 
vt 0.23775 0.2351 
vt 0.086925 0.6314 
vt 0.086925 0.6251 
vt 0.093375 0.6251 
vt 0.093375 0.6317 
vt 0.086925 0.6555 
vt 0.086925 0.6314 
vt 0.093375 0.6317 
vt 0.093375 0.6561 
vt 0.086925 0.6805 
vt 0.093375 0.681 
vt 0.086925 0.712 
vt 0.093375 0.7124 
vt 0.086925 0.7504 
vt 0.093375 0.7507 
vt 0.086925 0.7887 
vt 0.093375 0.7889 
vt 0.086925 0.8202 
vt 0.093375 0.8202 
vt 0.086925 0.8451 
vt 0.093375 0.845 
vt 0.086925 0.8687 
vt 0.093375 0.8686 
vt 0.086925 0.875 
vt 0.086925 0.8687 
vt 0.093375 0.8686 
vt 0.093375 0.875 
vt 0.086925 0.9998 
vt 0.086925 0.875 
vt 0.093375 0.875 
vt 0.093375 0.9998 
vt 0.086925 0.253 
vt 0.086925 0.2499 
vt 0.093375 0.2499 
vt 0.093375 0.2532 
vt 0.086925 0.2803 
vt 0.086925 0.253 
vt 0.093375 0.2532 
vt 0.093375 0.2807 
vt 0.086925 0.3052 
vt 0.093375 0.3056 
vt 0.086925 0.3367 
vt 0.093375 0.337 
vt 0.086925 0.375 
vt 0.093375 0.3752 
vt 0.086925 0.4133 
vt 0.093375 0.4134 
vt 0.086925 0.4448 
vt 0.093375 0.4447 
vt 0.086925 0.4698 
vt 0.093375 0.4696 
vt 0.086925 0.4951 
vt 0.093375 0.495 
vt 0.086925 0.4996 
vt 0.086925 0.4951 
vt 0.093375 0.495 
vt 0.093375 0.4996 
vt 0.086925 0.6251 
vt 0.086925 0.4996 
vt 0.093375 0.4996 
vt 0.093375 0.6251 
vt 0.253125 0.3588 
vt 0.2463 0.3588 
vt 0.29295 0.2967 
vt 0.2463 0.3549 
vt 0.2463 0.2386 
vt 0.2769 0.2347 
vt 0.29295 0.2347 
vt 0.2463 0.2347 
vt 0.2769 0.3588 
vt 0.263625 0.3588 
vt 0.253125 0.2347 
vt 0.263625 0.2347 
vt 0.29295 0.3588 
vt 0.339525 0.3588 
vt 0.339525 0.3588 
vt 0.339525 0.2386 
vt 0.339525 0.3549 
vt 0.309 0.2347 
vt 0.339525 0.2347 
vt 0.3222 0.3588 
vt 0.309 0.3588 
vt 0.3327 0.2347 
vt 0.3222 0.2347 
vt 0.1407 0.7395 
vt 0.1407 0.7434 
vt 0.11925 0.7434 
vt 0.11925 0.7395 
vt 0.1407 0.7473 
vt 0.11925 0.7473 
vt 0.1407 0.7512 
vt 0.11925 0.7512 
vt 0.1407 0.7044 
vt 0.1407 0.7083 
vt 0.11925 0.7083 
vt 0.11925 0.7044 
vt 0.1407 0.7122 
vt 0.11925 0.7122 
vt 0.1407 0.7161 
vt 0.11925 0.7161 
vt 0.1407 0.72 
vt 0.11925 0.72 
vt 0.1407 0.7239 
vt 0.11925 0.7239 
vt 0.1407 0.7278 
vt 0.11925 0.7278 
vt 0.1407 0.7317 
vt 0.11925 0.7317 
vt 0.1407 0.7356 
vt 0.11925 0.7356 
vt 0.119475 0.7758 
vt 0.1209 0.7642 
vt 0.12555 0.77 
vt 0.1248 0.7758 
vt 0.1248 0.7556 
vt 0.1275 0.7657 
vt 0.1302 0.7525 
vt 0.1302 0.7642 
vt 0.135525 0.7556 
vt 0.132825 0.7657 
vt 0.139425 0.7642 
vt 0.134775 0.77 
vt 0.14085 0.7758 
vt 0.135525 0.7758 
vt 0.139425 0.7875 
vt 0.134775 0.7817 
vt 0.135525 0.7961 
vt 0.132825 0.786 
vt 0.1302 0.7992 
vt 0.1302 0.7875 
vt 0.1248 0.7961 
vt 0.1275 0.786 
vt 0.1209 0.7875 
vt 0.12555 0.7817 
vt 0.1248 0.7758 
vt 0.12555 0.77 
vt 0.1302 0.7758 
vt 0.1275 0.7657 
vt 0.1302 0.7642 
vt 0.132825 0.7657 
vt 0.134775 0.77 
vt 0.135525 0.7758 
vt 0.134775 0.7817 
vt 0.132825 0.786 
vt 0.1302 0.7875 
vt 0.1275 0.786 
vt 0.12555 0.7817 

usemtl 1Mtl

f 1905/1905/1905 1906/1906/1906 1907/1907/1907 
f 1905/1905/1905 1907/1907/1907 1908/1908/1908 
f 1909/1909/1909 1910/1910/1910 1911/1911/1911 
f 1909/1909/1909 1911/1911/1911 1912/1912/1912 
f 1913/1913/1913 1914/1914/1914 1915/1915/1915 
f 1913/1913/1913 1915/1915/1915 1916/1916/1916 
f 1917/1917/1917 1918/1918/1918 1919/1919/1919 
f 1917/1917/1917 1919/1919/1919 1920/1920/1920 
f 1921/1921/1921 1922/1922/1922 1923/1923/1923 
f 1921/1921/1921 1923/1923/1923 1924/1924/1924 
f 1925/1925/1925 1926/1926/1926 1927/1927/1927 
f 1925/1925/1925 1927/1927/1927 1928/1928/1928 
f 1929/1929/1929 1930/1930/1930 1931/1931/1931 
f 1929/1929/1929 1931/1931/1931 1932/1932/1932 
f 1933/1933/1933 1934/1934/1934 1930/1930/1930 
f 1933/1933/1933 1930/1930/1930 1929/1929/1929 
f 1926/1926/1926 1925/1925/1925 1906/1906/1906 
f 1926/1926/1926 1906/1906/1906 1905/1905/1905 
f 1914/1914/1914 1913/1913/1913 1934/1934/1934 
f 1914/1914/1914 1934/1934/1934 1933/1933/1933 
f 1928/1928/1928 1927/1927/1927 1935/1935/1935 
f 1928/1928/1928 1935/1935/1935 1936/1936/1936 
f 1937/1937/1937 1938/1938/1938 1907/1907/1907 
f 1937/1937/1937 1907/1907/1907 1906/1906/1906 
f 1939/1939/1939 1940/1940/1940 1941/1941/1941 
f 1939/1939/1939 1941/1941/1941 1942/1942/1942 
f 1943/1943/1943 1944/1944/1944 1945/1945/1945 
f 1943/1943/1943 1945/1945/1945 1946/1946/1946 
f 1947/1947/1947 1948/1948/1948 1949/1949/1949 
f 1947/1947/1947 1949/1949/1949 1950/1950/1950 
f 1951/1951/1951 1952/1952/1952 1953/1953/1953 
f 1951/1951/1951 1953/1953/1953 1954/1954/1954 
f 1955/1955/1955 1956/1956/1956 1925/1925/1925 
f 1955/1955/1955 1925/1925/1925 1928/1928/1928 
f 1957/1957/1957 1958/1958/1958 1959/1959/1959 
f 1957/1957/1957 1959/1959/1959 1960/1960/1960 
f 1958/1958/1958 1961/1961/1961 1962/1962/1962 
f 1958/1958/1958 1962/1962/1962 1959/1959/1959 
f 1956/1956/1956 1937/1937/1937 1906/1906/1906 
f 1956/1956/1956 1906/1906/1906 1925/1925/1925 
f 1961/1961/1961 1943/1943/1943 1946/1946/1946 
f 1961/1961/1961 1946/1946/1946 1962/1962/1962 
f 1963/1963/1963 1955/1955/1955 1928/1928/1928 
f 1963/1963/1963 1928/1928/1928 1936/1936/1936 
f 1964/1964/1964 1965/1965/1965 1966/1966/1966 
f 1964/1964/1964 1966/1966/1966 1967/1967/1967 
f 1968/1968/1968 1969/1969/1969 1970/1970/1970 
f 1968/1968/1968 1970/1970/1970 1971/1971/1971 
f 1972/1972/1972 1916/1916/1916 1915/1915/1915 
f 1972/1972/1972 1915/1915/1915 1973/1973/1973 
f 1974/1974/1974 1975/1975/1975 1976/1976/1976 
f 1974/1974/1974 1976/1976/1976 1977/1977/1977 
f 1978/1978/1978 1979/1979/1979 1980/1980/1980 
f 1978/1978/1978 1980/1980/1980 1981/1981/1981 
f 1982/1982/1982 1983/1983/1983 1984/1984/1984 
f 1982/1982/1982 1984/1984/1984 1985/1985/1985 
f 1986/1986/1986 1987/1987/1987 1988/1988/1988 
f 1986/1986/1986 1988/1988/1988 1989/1989/1989 
f 1990/1990/1990 1986/1986/1986 1989/1989/1989 
f 1990/1990/1990 1989/1989/1989 1991/1991/1991 
f 1985/1985/1985 1964/1964/1964 1967/1967/1967 
f 1985/1985/1985 1967/1967/1967 1982/1982/1982 
f 1973/1973/1973 1990/1990/1990 1991/1991/1991 
f 1973/1973/1973 1991/1991/1991 1972/1972/1972 
f 1983/1983/1983 1936/1936/1936 1935/1935/1935 
f 1983/1983/1983 1935/1935/1935 1984/1984/1984 
f 1992/1992/1992 1967/1967/1967 1966/1966/1966 
f 1992/1992/1992 1966/1966/1966 1993/1993/1993 
f 1994/1994/1994 1995/1995/1995 1996/1996/1996 
f 1994/1994/1994 1996/1996/1996 1997/1997/1997 
f 1998/1998/1998 1999/1999/1999 1945/1945/1945 
f 1998/1998/1998 1945/1945/1945 1944/1944/1944 
f 2000/2000/2000 2001/2001/2001 2002/2002/2002 
f 2000/2000/2000 2002/2002/2002 2003/2003/2003 
f 2004/2004/2004 2005/2005/2005 2006/2006/2006 
f 2004/2004/2004 2006/2006/2006 2007/2007/2007 
f 2008/2008/2008 1983/1983/1983 1982/1982/1982 
f 2008/2008/2008 1982/1982/1982 2009/2009/2009 
f 2010/2010/2010 2011/2011/2011 2012/2012/2012 
f 2010/2010/2010 2012/2012/2012 2013/2013/2013 
f 2013/2013/2013 2012/2012/2012 2014/2014/2014 
f 2013/2013/2013 2014/2014/2014 2015/2015/2015 
f 2009/2009/2009 1982/1982/1982 1967/1967/1967 
f 2009/2009/2009 1967/1967/1967 1992/1992/1992 
f 2015/2015/2015 2014/2014/2014 1999/1999/1999 
f 2015/2015/2015 1999/1999/1999 1998/1998/1998 
f 1963/1963/1963 1936/1936/1936 1983/1983/1983 
f 1963/1963/1963 1983/1983/1983 2008/2008/2008 
f 1955/1955/1955 1963/1963/1963 2016/2016/2016 
f 1955/1955/1955 2016/2016/2016 2017/2017/2017 
f 2018/2018/2018 2019/2019/2019 2020/2020/2020 
f 2018/2018/2018 2020/2020/2020 2021/2021/2021 
f 2022/2022/2022 2023/2023/2023 2024/2024/2024 
f 2022/2022/2022 2024/2024/2024 2025/2025/2025 
f 2026/2026/2026 2027/2027/2027 2028/2028/2028 
f 2026/2026/2026 2028/2028/2028 2029/2029/2029 
f 2030/2030/2030 2031/2031/2031 2032/2032/2032 
f 2030/2030/2030 2032/2032/2032 2033/2033/2033 
f 1938/1938/1938 1937/1937/1937 2034/2034/2034 
f 1938/1938/1938 2034/2034/2034 2035/2035/2035 
f 2036/2036/2036 2037/2037/2037 2038/2038/2038 
f 2036/2036/2036 2038/2038/2038 2039/2039/2039 
f 1937/1937/1937 1956/1956/1956 2040/2040/2040 
f 1937/1937/1937 2040/2040/2040 2034/2034/2034 
f 1956/1956/1956 1955/1955/1955 2017/2017/2017 
f 1956/1956/1956 2017/2017/2017 2040/2040/2040 
f 2041/2041/2041 2036/2036/2036 2039/2039/2039 
f 2041/2041/2041 2039/2039/2039 2042/2042/2042 
f 2037/2037/2037 2022/2022/2022 2025/2025/2025 
f 2037/2037/2037 2025/2025/2025 2038/2038/2038 
f 1963/1963/1963 2008/2008/2008 2043/2043/2043 
f 1963/1963/1963 2043/2043/2043 2016/2016/2016 
f 2044/2044/2044 2045/2045/2045 2046/2046/2046 
f 2044/2044/2044 2046/2046/2046 2047/2047/2047 
f 2048/2048/2048 2049/2049/2049 2050/2050/2050 
f 2048/2048/2048 2050/2050/2050 2051/2051/2051 
f 2052/2052/2052 2053/2053/2053 2054/2054/2054 
f 2052/2052/2052 2054/2054/2054 2055/2055/2055 
f 2056/2056/2056 2057/2057/2057 2058/2058/2058 
f 2056/2056/2056 2058/2058/2058 2059/2059/2059 
f 1992/1992/1992 1993/1993/1993 2060/2060/2060 
f 1992/1992/1992 2060/2060/2060 2061/2061/2061 
f 2062/2062/2062 2063/2063/2063 2064/2064/2064 
f 2062/2062/2062 2064/2064/2064 2065/2065/2065 
f 2009/2009/2009 1992/1992/1992 2061/2061/2061 
f 2009/2009/2009 2061/2061/2061 2066/2066/2066 
f 2008/2008/2008 2009/2009/2009 2066/2066/2066 
f 2008/2008/2008 2066/2066/2066 2043/2043/2043 
f 2063/2063/2063 2041/2041/2041 2042/2042/2042 
f 2063/2063/2063 2042/2042/2042 2064/2064/2064 
f 2049/2049/2049 2062/2062/2062 2065/2065/2065 
f 2049/2049/2049 2065/2065/2065 2050/2050/2050 
f 2067/2067/2067 2068/2068/2068 2069/2069/2069 
f 2067/2067/2067 2069/2069/2069 2070/2070/2070 
f 2071/2071/2071 2072/2072/2072 2073/2073/2073 
f 2071/2071/2071 2073/2073/2073 2074/2074/2074 
f 2025/2025/2025 2024/2024/2024 2075/2075/2075 
f 2025/2025/2025 2075/2075/2075 2076/2076/2076 
f 2077/2077/2077 2078/2078/2078 2079/2079/2079 
f 2077/2077/2077 2079/2079/2079 2080/2080/2080 
f 2081/2081/2081 2082/2082/2082 2083/2083/2083 
f 2081/2081/2081 2083/2083/2083 2084/2084/2084 
f 2082/2082/2082 2085/2085/2085 2086/2086/2086 
f 2082/2082/2082 2086/2086/2086 2083/2083/2083 
f 2039/2039/2039 2038/2038/2038 2087/2087/2087 
f 2039/2039/2039 2087/2087/2087 2088/2088/2088 
f 2085/2085/2085 2089/2089/2089 2090/2090/2090 
f 2085/2085/2085 2090/2090/2090 2086/2086/2086 
f 2089/2089/2089 2067/2067/2067 2070/2070/2070 
f 2089/2089/2089 2070/2070/2070 2090/2090/2090 
f 2042/2042/2042 2039/2039/2039 2088/2088/2088 
f 2042/2042/2042 2088/2088/2088 2091/2091/2091 
f 2038/2038/2038 2025/2025/2025 2076/2076/2076 
f 2038/2038/2038 2076/2076/2076 2087/2087/2087 
f 2068/2068/2068 2092/2092/2092 2093/2093/2093 
f 2068/2068/2068 2093/2093/2093 2069/2069/2069 
f 2094/2094/2094 2095/2095/2095 2096/2096/2096 
f 2094/2094/2094 2096/2096/2096 2097/2097/2097 
f 2051/2051/2051 2050/2050/2050 2098/2098/2098 
f 2051/2051/2051 2098/2098/2098 2099/2099/2099 
f 2100/2100/2100 2101/2101/2101 2102/2102/2102 
f 2100/2100/2100 2102/2102/2102 2103/2103/2103 
f 2104/2104/2104 2105/2105/2105 2106/2106/2106 
f 2104/2104/2104 2106/2106/2106 2107/2107/2107 
f 2108/2108/2108 2109/2109/2109 2107/2107/2107 
f 2108/2108/2108 2107/2107/2107 2110/2110/2110 
f 2065/2065/2065 2064/2064/2064 2111/2111/2111 
f 2065/2065/2065 2111/2111/2111 2112/2112/2112 
f 2113/2113/2113 2108/2108/2108 2110/2110/2110 
f 2113/2113/2113 2110/2110/2110 2114/2114/2114 
f 2092/2092/2092 2113/2113/2113 2114/2114/2114 
f 2092/2092/2092 2114/2114/2114 2093/2093/2093 
f 2064/2064/2064 2042/2042/2042 2091/2091/2091 
f 2064/2064/2064 2091/2091/2091 2111/2111/2111 
f 2050/2050/2050 2065/2065/2065 2112/2112/2112 
f 2050/2050/2050 2112/2112/2112 2098/2098/2098 
f 2115/2115/2115 2116/2116/2116 2117/2117/2117 
f 2115/2115/2115 2117/2117/2117 2118/2118/2118 
f 2119/2119/2119 2120/2120/2120 2121/2121/2121 
f 2119/2119/2119 2121/2121/2121 2122/2122/2122 
f 2076/2076/2076 2075/2075/2075 2123/2123/2123 
f 2076/2076/2076 2123/2123/2123 2124/2124/2124 
f 2125/2125/2125 2126/2126/2126 2127/2127/2127 
f 2125/2125/2125 2127/2127/2127 2128/2128/2128 
f 2129/2129/2129 2130/2130/2130 2131/2131/2131 
f 2129/2129/2129 2131/2131/2131 2132/2132/2132 
f 2133/2133/2133 2134/2134/2134 2135/2135/2135 
f 2133/2133/2133 2135/2135/2135 2136/2136/2136 
f 2088/2088/2088 2087/2087/2087 2137/2137/2137 
f 2088/2088/2088 2137/2137/2137 2138/2138/2138 
f 2134/2134/2134 2139/2139/2139 2140/2140/2140 
f 2134/2134/2134 2140/2140/2140 2135/2135/2135 
f 2139/2139/2139 2115/2115/2115 2118/2118/2118 
f 2139/2139/2139 2118/2118/2118 2140/2140/2140 
f 2091/2091/2091 2088/2088/2088 2138/2138/2138 
f 2091/2091/2091 2138/2138/2138 2141/2141/2141 
f 2087/2087/2087 2076/2076/2076 2124/2124/2124 
f 2087/2087/2087 2124/2124/2124 2137/2137/2137 
f 2116/2116/2116 2142/2142/2142 2143/2143/2143 
f 2116/2116/2116 2143/2143/2143 2117/2117/2117 
f 2144/2144/2144 2145/2145/2145 2146/2146/2146 
f 2144/2144/2144 2146/2146/2146 2147/2147/2147 
f 2099/2099/2099 2098/2098/2098 2148/2148/2148 
f 2099/2099/2099 2148/2148/2148 2149/2149/2149 
f 2150/2150/2150 2151/2151/2151 2152/2152/2152 
f 2150/2150/2150 2152/2152/2152 2153/2153/2153 
f 2154/2154/2154 2155/2155/2155 2156/2156/2156 
f 2154/2154/2154 2156/2156/2156 2157/2157/2157 
f 2158/2158/2158 2159/2159/2159 2160/2160/2160 
f 2158/2158/2158 2160/2160/2160 2161/2161/2161 
f 2112/2112/2112 2111/2111/2111 2162/2162/2162 
f 2112/2112/2112 2162/2162/2162 2163/2163/2163 
f 2164/2164/2164 2158/2158/2158 2161/2161/2161 
f 2164/2164/2164 2161/2161/2161 2165/2165/2165 
f 2142/2142/2142 2164/2164/2164 2165/2165/2165 
f 2142/2142/2142 2165/2165/2165 2143/2143/2143 
f 2111/2111/2111 2091/2091/2091 2141/2141/2141 
f 2111/2111/2111 2141/2141/2141 2162/2162/2162 
f 2098/2098/2098 2112/2112/2112 2163/2163/2163 
f 2098/2098/2098 2163/2163/2163 2148/2148/2148 
f 2166/2166/2166 2167/2167/2167 2168/2168/2168 
f 2166/2166/2166 2168/2168/2168 2169/2169/2169 
f 2170/2170/2170 2171/2171/2171 2172/2172/2172 
f 2170/2170/2170 2172/2172/2172 2173/2173/2173 
f 2174/2174/2174 2170/2170/2170 2173/2173/2173 
f 2174/2174/2174 2173/2173/2173 2175/2175/2175 
f 2176/2176/2176 2174/2174/2174 2175/2175/2175 
f 2176/2176/2176 2175/2175/2175 2177/2177/2177 
f 2178/2178/2178 2176/2176/2176 2177/2177/2177 
f 2178/2178/2178 2177/2177/2177 2179/2179/2179 
f 2180/2180/2180 2178/2178/2178 2179/2179/2179 
f 2180/2180/2180 2179/2179/2179 2181/2181/2181 
f 2182/2182/2182 2180/2180/2180 2181/2181/2181 
f 2182/2182/2182 2181/2181/2181 2183/2183/2183 
f 2184/2184/2184 2182/2182/2182 2183/2183/2183 
f 2184/2184/2184 2183/2183/2183 2185/2185/2185 
f 2186/2186/2186 2184/2184/2184 2185/2185/2185 
f 2186/2186/2186 2185/2185/2185 2187/2187/2187 
f 2188/2188/2188 2189/2189/2189 2190/2190/2190 
f 2188/2188/2188 2190/2190/2190 2191/2191/2191 
f 2192/2192/2192 2193/2193/2193 2194/2194/2194 
f 2192/2192/2192 2194/2194/2194 2195/2195/2195 
f 2196/2196/2196 2197/2197/2197 2198/2198/2198 
f 2196/2196/2196 2198/2198/2198 2199/2199/2199 
f 2200/2200/2200 2201/2201/2201 2202/2202/2202 
f 2200/2200/2200 2202/2202/2202 2203/2203/2203 
f 2204/2204/2204 2200/2200/2200 2203/2203/2203 
f 2204/2204/2204 2203/2203/2203 2205/2205/2205 
f 2206/2206/2206 2204/2204/2204 2205/2205/2205 
f 2206/2206/2206 2205/2205/2205 2207/2207/2207 
f 2208/2208/2208 2206/2206/2206 2207/2207/2207 
f 2208/2208/2208 2207/2207/2207 2209/2209/2209 
f 2210/2210/2210 2208/2208/2208 2209/2209/2209 
f 2210/2210/2210 2209/2209/2209 2211/2211/2211 
f 2212/2212/2212 2210/2210/2210 2211/2211/2211 
f 2212/2212/2212 2211/2211/2211 2213/2213/2213 
f 2214/2214/2214 2212/2212/2212 2213/2213/2213 
f 2214/2214/2214 2213/2213/2213 2215/2215/2215 
f 2216/2216/2216 2214/2214/2214 2215/2215/2215 
f 2216/2216/2216 2215/2215/2215 2217/2217/2217 
f 2218/2218/2218 2219/2219/2219 2220/2220/2220 
f 2218/2218/2218 2220/2220/2220 2221/2221/2221 
f 2222/2222/2222 2223/2223/2223 2224/2224/2224 
f 2222/2222/2222 2224/2224/2224 2225/2225/2225 
f 2181/2181/2181 2179/2179/2179 2226/2226/2226 
f 2181/2181/2181 2226/2226/2226 2227/2227/2227 
f 2195/2195/2195 2194/2194/2194 2228/2228/2228 
f 2195/2195/2195 2228/2228/2228 2229/2229/2229 
f 2203/2203/2203 2202/2202/2202 2230/2230/2230 
f 2203/2203/2203 2230/2230/2230 2231/2231/2231 
f 2199/2199/2199 2198/2198/2198 2232/2232/2232 
f 2199/2199/2199 2232/2232/2232 2233/2233/2233 
f 2191/2191/2191 2190/2190/2190 2234/2234/2234 
f 2191/2191/2191 2234/2234/2234 2235/2235/2235 
f 2187/2187/2187 2185/2185/2185 2236/2236/2236 
f 2187/2187/2187 2236/2236/2236 2237/2237/2237 
f 2207/2207/2207 2205/2205/2205 2238/2238/2238 
f 2207/2207/2207 2238/2238/2238 2239/2239/2239 
f 2185/2185/2185 2183/2183/2183 2240/2240/2240 
f 2185/2185/2185 2240/2240/2240 2236/2236/2236 
f 2183/2183/2183 2181/2181/2181 2227/2227/2227 
f 2183/2183/2183 2227/2227/2227 2240/2240/2240 
f 2209/2209/2209 2207/2207/2207 2239/2239/2239 
f 2209/2209/2209 2239/2239/2239 2241/2241/2241 
f 2205/2205/2205 2203/2203/2203 2231/2231/2231 
f 2205/2205/2205 2231/2231/2231 2238/2238/2238 
f 2179/2179/2179 2177/2177/2177 2242/2242/2242 
f 2179/2179/2179 2242/2242/2242 2226/2226/2226 
f 2225/2225/2225 2224/2224/2224 2243/2243/2243 
f 2225/2225/2225 2243/2243/2243 2244/2244/2244 
f 2217/2217/2217 2215/2215/2215 2245/2245/2245 
f 2217/2217/2217 2245/2245/2245 2246/2246/2246 
f 2221/2221/2221 2220/2220/2220 2247/2247/2247 
f 2221/2221/2221 2247/2247/2247 2248/2248/2248 
f 2169/2169/2169 2168/2168/2168 2249/2249/2249 
f 2169/2169/2169 2249/2249/2249 2250/2250/2250 
f 2173/2173/2173 2172/2172/2172 2251/2251/2251 
f 2173/2173/2173 2251/2251/2251 2252/2252/2252 
f 2213/2213/2213 2211/2211/2211 2253/2253/2253 
f 2213/2213/2213 2253/2253/2253 2254/2254/2254 
f 2175/2175/2175 2173/2173/2173 2252/2252/2252 
f 2175/2175/2175 2252/2252/2252 2255/2255/2255 
f 2177/2177/2177 2175/2175/2175 2255/2255/2255 
f 2177/2177/2177 2255/2255/2255 2242/2242/2242 
f 2211/2211/2211 2209/2209/2209 2241/2241/2241 
f 2211/2211/2211 2241/2241/2241 2253/2253/2253 
f 2215/2215/2215 2213/2213/2213 2254/2254/2254 
f 2215/2215/2215 2254/2254/2254 2245/2245/2245 
f 2227/2227/2227 2226/2226/2226 2256/2256/2256 
f 2227/2227/2227 2256/2256/2256 2257/2257/2257 
f 2229/2229/2229 2228/2228/2228 2258/2258/2258 
f 2229/2229/2229 2258/2258/2258 2259/2259/2259 
f 2260/2260/2260 2261/2261/2261 2262/2262/2262 
f 2260/2260/2260 2262/2262/2262 2263/2263/2263 
f 2233/2233/2233 2232/2232/2232 2264/2264/2264 
f 2233/2233/2233 2264/2264/2264 2265/2265/2265 
f 2235/2235/2235 2234/2234/2234 2266/2266/2266 
f 2235/2235/2235 2266/2266/2266 2267/2267/2267 
f 2237/2237/2237 2236/2236/2236 2268/2268/2268 
f 2237/2237/2237 2268/2268/2268 2269/2269/2269 
f 2270/2270/2270 2271/2271/2271 2272/2272/2272 
f 2270/2270/2270 2272/2272/2272 2273/2273/2273 
f 2236/2236/2236 2240/2240/2240 2274/2274/2274 
f 2236/2236/2236 2274/2274/2274 2268/2268/2268 
f 2240/2240/2240 2227/2227/2227 2257/2257/2257 
f 2240/2240/2240 2257/2257/2257 2274/2274/2274 
f 2275/2275/2275 2270/2270/2270 2273/2273/2273 
f 2275/2275/2275 2273/2273/2273 2276/2276/2276 
f 2271/2271/2271 2260/2260/2260 2263/2263/2263 
f 2271/2271/2271 2263/2263/2263 2272/2272/2272 
f 2226/2226/2226 2242/2242/2242 2277/2277/2277 
f 2226/2226/2226 2277/2277/2277 2256/2256/2256 
f 2244/2244/2244 2243/2243/2243 2278/2278/2278 
f 2244/2244/2244 2278/2278/2278 2279/2279/2279 
f 2280/2280/2280 2281/2281/2281 2282/2282/2282 
f 2280/2280/2280 2282/2282/2282 2283/2283/2283 
f 2248/2248/2248 2247/2247/2247 2284/2284/2284 
f 2248/2248/2248 2284/2284/2284 2285/2285/2285 
f 2250/2250/2250 2249/2249/2249 2286/2286/2286 
f 2250/2250/2250 2286/2286/2286 2287/2287/2287 
f 2252/2252/2252 2251/2251/2251 2288/2288/2288 
f 2252/2252/2252 2288/2288/2288 2289/2289/2289 
f 2290/2290/2290 2291/2291/2291 2292/2292/2292 
f 2290/2290/2290 2292/2292/2292 2293/2293/2293 
f 2255/2255/2255 2252/2252/2252 2289/2289/2289 
f 2255/2255/2255 2289/2289/2289 2294/2294/2294 
f 2242/2242/2242 2255/2255/2255 2294/2294/2294 
f 2242/2242/2242 2294/2294/2294 2277/2277/2277 
f 2291/2291/2291 2275/2275/2275 2276/2276/2276 
f 2291/2291/2291 2276/2276/2276 2292/2292/2292 
f 2281/2281/2281 2290/2290/2290 2293/2293/2293 
f 2281/2281/2281 2293/2293/2293 2282/2282/2282 
f 2295/2295/2295 2296/2296/2296 2297/2297/2297 
f 2295/2295/2295 2297/2297/2297 2298/2298/2298 
f 2299/2299/2299 2300/2300/2300 2301/2301/2301 
f 2299/2299/2299 2301/2301/2301 2302/2302/2302 
f 2303/2303/2303 2304/2304/2304 2305/2305/2305 
f 2303/2303/2303 2305/2305/2305 2306/2306/2306 
f 2304/2304/2304 2307/2307/2307 2308/2308/2308 
f 2304/2304/2304 2308/2308/2308 2305/2305/2305 
f 2307/2307/2307 2309/2309/2309 2310/2310/2310 
f 2307/2307/2307 2310/2310/2310 2308/2308/2308 
f 2309/2309/2309 2311/2311/2311 2312/2312/2312 
f 2309/2309/2309 2312/2312/2312 2310/2310/2310 
f 2311/2311/2311 2313/2313/2313 2314/2314/2314 
f 2311/2311/2311 2314/2314/2314 2312/2312/2312 
f 2313/2313/2313 2315/2315/2315 2316/2316/2316 
f 2313/2313/2313 2316/2316/2316 2314/2314/2314 
f 2315/2315/2315 2317/2317/2317 2318/2318/2318 
f 2315/2315/2315 2318/2318/2318 2316/2316/2316 
f 2319/2319/2319 2318/2318/2318 2317/2317/2317 
f 2319/2319/2319 2317/2317/2317 2320/2320/2320 
f 2321/2321/2321 2322/2322/2322 2323/2323/2323 
f 2321/2321/2321 2323/2323/2323 2324/2324/2324 
f 2325/2325/2325 2326/2326/2326 2327/2327/2327 
f 2325/2325/2325 2327/2327/2327 2328/2328/2328 
f 2329/2329/2329 2325/2325/2325 2328/2328/2328 
f 2329/2329/2329 2328/2328/2328 2330/2330/2330 
f 2331/2331/2331 2329/2329/2329 2330/2330/2330 
f 2331/2331/2331 2330/2330/2330 2332/2332/2332 
f 2333/2333/2333 2331/2331/2331 2332/2332/2332 
f 2333/2333/2333 2332/2332/2332 2334/2334/2334 
f 2335/2335/2335 2333/2333/2333 2334/2334/2334 
f 2335/2335/2335 2334/2334/2334 2336/2336/2336 
f 2337/2337/2337 2335/2335/2335 2336/2336/2336 
f 2337/2337/2337 2336/2336/2336 2338/2338/2338 
f 2339/2339/2339 2337/2337/2337 2338/2338/2338 
f 2339/2339/2339 2338/2338/2338 2340/2340/2340 
f 2341/2341/2341 2339/2339/2339 2340/2340/2340 
f 2341/2341/2341 2340/2340/2340 2342/2342/2342 
f 2343/2343/2343 2344/2344/2344 2345/2345/2345 
f 2343/2343/2343 2345/2345/2345 2346/2346/2346 
f 2347/2347/2347 2348/2348/2348 2349/2349/2349 
f 2347/2347/2347 2349/2349/2349 2350/2350/2350 
f 2351/2351/2351 2352/2352/2352 2353/2353/2353 
f 2351/2351/2351 2353/2353/2353 2354/2354/2354 
f 2355/2355/2355 2356/2356/2356 2357/2357/2357 
f 2355/2355/2355 2357/2357/2357 2358/2358/2358 
f 2359/2359/2359 2355/2355/2355 2358/2358/2358 
f 2359/2359/2359 2358/2358/2358 2360/2360/2360 
f 2361/2361/2361 2359/2359/2359 2360/2360/2360 
f 2361/2361/2361 2360/2360/2360 2362/2362/2362 
f 2363/2363/2363 2361/2361/2361 2362/2362/2362 
f 2363/2363/2363 2362/2362/2362 2364/2364/2364 
f 2365/2365/2365 2363/2363/2363 2364/2364/2364 
f 2365/2365/2365 2364/2364/2364 2366/2366/2366 
f 2367/2367/2367 2365/2365/2365 2366/2366/2366 
f 2367/2367/2367 2366/2366/2366 2368/2368/2368 
f 2369/2369/2369 2367/2367/2367 2368/2368/2368 
f 2369/2369/2369 2368/2368/2368 2370/2370/2370 
f 2371/2371/2371 2369/2369/2369 2370/2370/2370 
f 2371/2371/2371 2370/2370/2370 2372/2372/2372 
f 2373/2373/2373 2374/2374/2374 2375/2375/2375 
f 2373/2373/2373 2375/2375/2375 2376/2376/2376 
f 2377/2377/2377 2378/2378/2378 2379/2379/2379 
f 2377/2377/2377 2379/2379/2379 2380/2380/2380 
f 2324/2324/2324 2323/2323/2323 2167/2167/2167 
f 2324/2324/2324 2167/2167/2167 2166/2166/2166 
f 2328/2328/2328 2327/2327/2327 2171/2171/2171 
f 2328/2328/2328 2171/2171/2171 2170/2170/2170 
f 2330/2330/2330 2328/2328/2328 2170/2170/2170 
f 2330/2330/2330 2170/2170/2170 2174/2174/2174 
f 2332/2332/2332 2330/2330/2330 2174/2174/2174 
f 2332/2332/2332 2174/2174/2174 2176/2176/2176 
f 2334/2334/2334 2332/2332/2332 2176/2176/2176 
f 2334/2334/2334 2176/2176/2176 2178/2178/2178 
f 2336/2336/2336 2334/2334/2334 2178/2178/2178 
f 2336/2336/2336 2178/2178/2178 2180/2180/2180 
f 2338/2338/2338 2336/2336/2336 2180/2180/2180 
f 2338/2338/2338 2180/2180/2180 2182/2182/2182 
f 2340/2340/2340 2338/2338/2338 2182/2182/2182 
f 2340/2340/2340 2182/2182/2182 2184/2184/2184 
f 2342/2342/2342 2340/2340/2340 2184/2184/2184 
f 2342/2342/2342 2184/2184/2184 2186/2186/2186 
f 2346/2346/2346 2345/2345/2345 2189/2189/2189 
f 2346/2346/2346 2189/2189/2189 2188/2188/2188 
f 2350/2350/2350 2349/2349/2349 2193/2193/2193 
f 2350/2350/2350 2193/2193/2193 2192/2192/2192 
f 2354/2354/2354 2353/2353/2353 2197/2197/2197 
f 2354/2354/2354 2197/2197/2197 2196/2196/2196 
f 2358/2358/2358 2357/2357/2357 2201/2201/2201 
f 2358/2358/2358 2201/2201/2201 2200/2200/2200 
f 2360/2360/2360 2358/2358/2358 2200/2200/2200 
f 2360/2360/2360 2200/2200/2200 2204/2204/2204 
f 2362/2362/2362 2360/2360/2360 2204/2204/2204 
f 2362/2362/2362 2204/2204/2204 2206/2206/2206 
f 2364/2364/2364 2362/2362/2362 2206/2206/2206 
f 2364/2364/2364 2206/2206/2206 2208/2208/2208 
f 2366/2366/2366 2364/2364/2364 2208/2208/2208 
f 2366/2366/2366 2208/2208/2208 2210/2210/2210 
f 2368/2368/2368 2366/2366/2366 2210/2210/2210 
f 2368/2368/2368 2210/2210/2210 2212/2212/2212 
f 2370/2370/2370 2368/2368/2368 2212/2212/2212 
f 2370/2370/2370 2212/2212/2212 2214/2214/2214 
f 2372/2372/2372 2370/2370/2370 2214/2214/2214 
f 2372/2372/2372 2214/2214/2214 2216/2216/2216 
f 2376/2376/2376 2375/2375/2375 2219/2219/2219 
f 2376/2376/2376 2219/2219/2219 2218/2218/2218 
f 2380/2380/2380 2379/2379/2379 2223/2223/2223 
f 2380/2380/2380 2223/2223/2223 2222/2222/2222 
f 2157/2157/2157 2156/2156/2156 2322/2322/2322 
f 2157/2157/2157 2322/2322/2322 2321/2321/2321 
f 2161/2161/2161 2160/2160/2160 2326/2326/2326 
f 2161/2161/2161 2326/2326/2326 2325/2325/2325 
f 2165/2165/2165 2161/2161/2161 2325/2325/2325 
f 2165/2165/2165 2325/2325/2325 2329/2329/2329 
f 2143/2143/2143 2165/2165/2165 2329/2329/2329 
f 2143/2143/2143 2329/2329/2329 2331/2331/2331 
f 2117/2117/2117 2143/2143/2143 2331/2331/2331 
f 2117/2117/2117 2331/2331/2331 2333/2333/2333 
f 2118/2118/2118 2117/2117/2117 2333/2333/2333 
f 2118/2118/2118 2333/2333/2333 2335/2335/2335 
f 2140/2140/2140 2118/2118/2118 2335/2335/2335 
f 2140/2140/2140 2335/2335/2335 2337/2337/2337 
f 2135/2135/2135 2140/2140/2140 2337/2337/2337 
f 2135/2135/2135 2337/2337/2337 2339/2339/2339 
f 2136/2136/2136 2135/2135/2135 2339/2339/2339 
f 2136/2136/2136 2339/2339/2339 2341/2341/2341 
f 2132/2132/2132 2131/2131/2131 2344/2344/2344 
f 2132/2132/2132 2344/2344/2344 2343/2343/2343 
f 2122/2122/2122 2121/2121/2121 2348/2348/2348 
f 2122/2122/2122 2348/2348/2348 2347/2347/2347 
f 2128/2128/2128 2127/2127/2127 2352/2352/2352 
f 2128/2128/2128 2352/2352/2352 2351/2351/2351 
f 2124/2124/2124 2123/2123/2123 2356/2356/2356 
f 2124/2124/2124 2356/2356/2356 2355/2355/2355 
f 2137/2137/2137 2124/2124/2124 2355/2355/2355 
f 2137/2137/2137 2355/2355/2355 2359/2359/2359 
f 2138/2138/2138 2137/2137/2137 2359/2359/2359 
f 2138/2138/2138 2359/2359/2359 2361/2361/2361 
f 2141/2141/2141 2138/2138/2138 2361/2361/2361 
f 2141/2141/2141 2361/2361/2361 2363/2363/2363 
f 2162/2162/2162 2141/2141/2141 2363/2363/2363 
f 2162/2162/2162 2363/2363/2363 2365/2365/2365 
f 2163/2163/2163 2162/2162/2162 2365/2365/2365 
f 2163/2163/2163 2365/2365/2365 2367/2367/2367 
f 2148/2148/2148 2163/2163/2163 2367/2367/2367 
f 2148/2148/2148 2367/2367/2367 2369/2369/2369 
f 2149/2149/2149 2148/2148/2148 2369/2369/2369 
f 2149/2149/2149 2369/2369/2369 2371/2371/2371 
f 2153/2153/2153 2152/2152/2152 2374/2374/2374 
f 2153/2153/2153 2374/2374/2374 2373/2373/2373 
f 2147/2147/2147 2146/2146/2146 2378/2378/2378 
f 2147/2147/2147 2378/2378/2378 2377/2377/2377 
f 2381/2381/2381 2382/2382/2382 2383/2383/2383 
f 2384/2384/2384 2385/2385/2385 2383/2383/2383 
f 2386/2386/2386 2387/2387/2387 2383/2383/2383 
f 2382/2382/2382 2384/2384/2384 2383/2383/2383 
f 2385/2385/2385 2388/2388/2388 2383/2383/2383 
f 2389/2389/2389 2390/2390/2390 2383/2383/2383 
f 2388/2388/2388 2391/2391/2391 2383/2383/2383 
f 2391/2391/2391 2392/2392/2392 2383/2383/2383 
f 2390/2390/2390 2381/2381/2381 2383/2383/2383 
f 2392/2392/2392 2386/2386/2386 2383/2383/2383 
f 2393/2393/2393 2389/2389/2389 2383/2383/2383 
f 2394/2394/2394 2395/2395/2395 2383/2383/2383 
f 2396/2396/2396 2397/2397/2397 2383/2383/2383 
f 2387/2387/2387 2398/2398/2398 2383/2383/2383 
f 2397/2397/2397 2394/2394/2394 2383/2383/2383 
f 2399/2399/2399 2396/2396/2396 2383/2383/2383 
f 2400/2400/2400 2401/2401/2401 2383/2383/2383 
f 2402/2402/2402 2399/2399/2399 2383/2383/2383 
f 2403/2403/2403 2402/2402/2402 2383/2383/2383 
f 2395/2395/2395 2400/2400/2400 2383/2383/2383 
f 2398/2398/2398 2403/2403/2403 2383/2383/2383 
f 2401/2401/2401 2393/2393/2393 2383/2383/2383 
f 2404/2404/2404 2405/2405/2405 2406/2406/2406 
f 2404/2404/2404 2406/2406/2406 2407/2407/2407 
f 2405/2405/2405 2408/2408/2408 2409/2409/2409 
f 2405/2405/2405 2409/2409/2409 2406/2406/2406 
f 2408/2408/2408 2410/2410/2410 2411/2411/2411 
f 2408/2408/2408 2411/2411/2411 2409/2409/2409 
f 2412/2412/2412 2413/2413/2413 2414/2414/2414 
f 2412/2412/2412 2414/2414/2414 2415/2415/2415 
f 2413/2413/2413 2416/2416/2416 2417/2417/2417 
f 2413/2413/2413 2417/2417/2417 2414/2414/2414 
f 2416/2416/2416 2418/2418/2418 2419/2419/2419 
f 2416/2416/2416 2419/2419/2419 2417/2417/2417 
f 2418/2418/2418 2420/2420/2420 2421/2421/2421 
f 2418/2418/2418 2421/2421/2421 2419/2419/2419 
f 2420/2420/2420 2422/2422/2422 2423/2423/2423 
f 2420/2420/2420 2423/2423/2423 2421/2421/2421 
f 2422/2422/2422 2424/2424/2424 2425/2425/2425 
f 2422/2422/2422 2425/2425/2425 2423/2423/2423 
f 2424/2424/2424 2426/2426/2426 2427/2427/2427 
f 2424/2424/2424 2427/2427/2427 2425/2425/2425 
f 2426/2426/2426 2428/2428/2428 2429/2429/2429 
f 2426/2426/2426 2429/2429/2429 2427/2427/2427 
f 2428/2428/2428 2404/2404/2404 2407/2407/2407 
f 2428/2428/2428 2407/2407/2407 2429/2429/2429 
f 2430/2430/2430 2431/2431/2431 2432/2432/2432 
f 2430/2430/2430 2432/2432/2432 2433/2433/2433 
f 2431/2431/2431 2434/2434/2434 2435/2435/2435 
f 2431/2431/2431 2435/2435/2435 2432/2432/2432 
f 2434/2434/2434 2436/2436/2436 2437/2437/2437 
f 2434/2434/2434 2437/2437/2437 2435/2435/2435 
f 2436/2436/2436 2438/2438/2438 2439/2439/2439 
f 2436/2436/2436 2439/2439/2439 2437/2437/2437 
f 2438/2438/2438 2440/2440/2440 2441/2441/2441 
f 2438/2438/2438 2441/2441/2441 2439/2439/2439 
f 2440/2440/2440 2442/2442/2442 2443/2443/2443 
f 2440/2440/2440 2443/2443/2443 2441/2441/2441 
f 2442/2442/2442 2444/2444/2444 2445/2445/2445 
f 2442/2442/2442 2445/2445/2445 2443/2443/2443 
f 2444/2444/2444 2446/2446/2446 2447/2447/2447 
f 2444/2444/2444 2447/2447/2447 2445/2445/2445 
f 2446/2446/2446 2448/2448/2448 2449/2449/2449 
f 2446/2446/2446 2449/2449/2449 2447/2447/2447 
f 2448/2448/2448 2450/2450/2450 2451/2451/2451 
f 2448/2448/2448 2451/2451/2451 2449/2449/2449 
f 2450/2450/2450 2452/2452/2452 2453/2453/2453 
f 2450/2450/2450 2453/2453/2453 2451/2451/2451 
f 2452/2452/2452 2430/2430/2430 2433/2433/2433 
f 2452/2452/2452 2433/2433/2433 2453/2453/2453 
f 2454/2454/2454 2455/2455/2455 2456/2456/2456 
f 2455/2455/2455 2457/2457/2457 2456/2456/2456 
f 2457/2457/2457 2458/2458/2458 2456/2456/2456 
f 2458/2458/2458 2459/2459/2459 2456/2456/2456 
f 2459/2459/2459 2460/2460/2460 2456/2456/2456 
f 2460/2460/2460 2461/2461/2461 2456/2456/2456 
f 2461/2461/2461 2462/2462/2462 2456/2456/2456 
f 2462/2462/2462 2463/2463/2463 2456/2456/2456 
f 2463/2463/2463 2464/2464/2464 2456/2456/2456 
f 2464/2464/2464 2465/2465/2465 2456/2456/2456 
f 2465/2465/2465 2466/2466/2466 2456/2456/2456 
f 2466/2466/2466 2454/2454/2454 2456/2456/2456 

g 6

v 41 5.04795 -11.0023 
v 40.5189 5.04795 -11.0023 
v 40.5555 5.04795 -10.8181 
v 40.6598 5.04795 -10.6621 
v 40.816 5.04795 -10.5577 
v 41 5.04795 -10.5211 
v 41 5.04795 -11.4835 
v 40.816 5.04795 -11.4469 
v 40.7296 5.04795 -11.3891 
v 40.6598 5.04795 -11.3425 
v 40.5555 5.04795 -11.1864 
v 40.49 5.0186 -10.791 
v 40.448 5.0186 -11.0023 
v 40.6097 5.0186 -10.6119 
v 40.7888 5.0186 -10.4923 
v 41 5.0186 -10.4502 
v 40.7888 5.0186 -11.5123 
v 41 5.0186 -11.5543 
v 40.6898 5.0186 -11.4462 
v 40.49 5.0186 -11.2136 
v 40.6097 5.0186 -11.3926 
v 40.4628 4.94765 -10.7798 
v 40.4186 4.94765 -11.0023 
v 40.5888 4.94765 -10.5911 
v 40.7775 4.94765 -10.4652 
v 41 4.94765 -10.4208 
v 40.7775 4.94765 -11.5395 
v 41 4.94765 -11.5837 
v 40.6733 4.94765 -11.4698 
v 40.4628 4.94765 -11.2248 
v 40.5888 4.94765 -11.4134 
v 40.4618 4.14587 -10.7798 
v 40.4178 4.14104 -11.0023 
v 40.5903 4.14373 -10.5911 
v 40.7775 4.14353 -10.4652 
v 41 4.14353 -10.4208 
v 40.6756 3.97442 -11.5395 
v 40.7775 4.94765 -11.5395 
v 41 4.94765 -11.5837 
v 41 3.97985 -11.5837 
v 40.6046 4.01891 -11.4698 
v 40.6733 4.94765 -11.4698 
v 40.4711 4.11926 -11.2248 
v 40.4628 4.94765 -11.2248 
v 40.5888 4.94765 -11.4134 
v 40.5564 4.05138 -11.4134 
v 40.4178 4.14104 -11.0023 
v 40.4186 4.94765 -11.0023 
v 40.4639 4.08933 -10.791 
v 40.4258 4.08752 -11.0023 
v 40.5961 4.08918 -10.6119 
v 40.7888 4.09055 -10.4923 
v 41 4.09055 -10.4502 
v 40.682 3.93023 -11.5123 
v 41 3.93453 -11.5543 
v 40.6004 3.97452 -11.4462 
v 40.4796 4.06579 -11.2136 
v 40.5562 4.00211 -11.3926 
v 40.4258 4.08752 -11.0023 
v 40.5108 4.06296 -10.8181 
v 40.4776 4.0487 -11.0023 
v 40.6292 4.06496 -10.6621 
v 40.816 4.06867 -10.5577 
v 41 4.06867 -10.5211 
v 40.7156 3.90235 -11.4469 
v 41 3.90513 -11.4835 
v 40.6212 3.93805 -11.3891 
v 40.5225 4.01618 -11.1864 
v 40.5809 3.96251 -11.3425 
v 40.4776 4.0487 -11.0023 
v 41 3.90655 -11.0023 
v 41 3.90513 -11.4835 
v 40.7156 3.90235 -11.4469 
v 40.5809 3.96251 -11.3425 
v 40.6212 3.93805 -11.3891 
v 40.5225 4.01618 -11.1864 
v 41.4445 5.04795 -10.8181 
v 41.4812 5.04795 -11.0023 
v 41.3403 5.04795 -10.6621 
v 41.1842 5.04795 -10.5577 
v 41.1842 5.04795 -11.4469 
v 41.2704 5.04795 -11.3891 
v 41.4445 5.04795 -11.1864 
v 41.3403 5.04795 -11.3425 
v 41.5101 5.0186 -10.791 
v 41.552 5.0186 -11.0023 
v 41.3904 5.0186 -10.6119 
v 41.2112 5.0186 -10.4923 
v 41.2112 5.0186 -11.5123 
v 41.3103 5.0186 -11.4462 
v 41.5101 5.0186 -11.2136 
v 41.3904 5.0186 -11.3926 
v 41.5372 4.94765 -10.7798 
v 41.5814 4.94765 -11.0023 
v 41.4112 4.94765 -10.5911 
v 41.2225 4.94765 -10.4652 
v 41.2225 4.94765 -11.5395 
v 41.3267 4.94765 -11.4698 
v 41.5372 4.94765 -11.2248 
v 41.4112 4.94765 -11.4134 
v 41.5382 4.14587 -10.7798 
v 41.5822 4.14104 -11.0023 
v 41.4098 4.14373 -10.5911 
v 41.2225 4.14353 -10.4652 
v 41.3244 3.97442 -11.5395 
v 41.2225 4.94765 -11.5395 
v 41.3267 4.94765 -11.4698 
v 41.3954 4.01891 -11.4698 
v 41.5289 4.11926 -11.2248 
v 41.4437 4.05138 -11.4134 
v 41.4112 4.94765 -11.4134 
v 41.5372 4.94765 -11.2248 
v 41.5822 4.14104 -11.0023 
v 41.5814 4.94765 -11.0023 
v 41.5361 4.08933 -10.791 
v 41.5742 4.08752 -11.0023 
v 41.4039 4.08918 -10.6119 
v 41.2112 4.09055 -10.4923 
v 41.318 3.93023 -11.5123 
v 41.3996 3.97452 -11.4462 
v 41.5204 4.06579 -11.2136 
v 41.4438 4.00211 -11.3926 
v 41.5742 4.08752 -11.0023 
v 41.4892 4.06296 -10.8181 
v 41.5224 4.0487 -11.0023 
v 41.371 4.06496 -10.6621 
v 41.1842 4.06867 -10.5577 
v 41.2844 3.90235 -11.4469 
v 41.3788 3.93805 -11.3891 
v 41.4776 4.01618 -11.1864 
v 41.4192 3.96251 -11.3425 
v 41.5224 4.0487 -11.0023 
v 41.2844 3.90235 -11.4469 
v 41.3788 3.93805 -11.3891 
v 41.4192 3.96251 -11.3425 
v 41.4776 4.01618 -11.1864 

vn 0 1 0 
vn -0.220472 0.976378 0 
vn -0.204724 0.976378 0.0866142 
vn -0.15748 0.976378 0.15748 
vn -0.0866142 0.976378 0.204724 
vn 0 0.976378 0.220472 
vn 0 0.976378 -0.220472 
vn -0.0866142 0.976378 -0.204724 
vn -0.110236 0.976378 -0.165354 
vn -0.15748 0.976378 -0.15748 
vn -0.204724 0.976378 -0.0866142 
vn -0.354331 0.92126 0.149606 
vn -0.385827 0.92126 0 
vn -0.267717 0.92126 0.267717 
vn -0.149606 0.92126 0.354331 
vn -0.0787402 0.92126 0.377953 
vn -0.149606 0.92126 -0.354331 
vn -0.0787402 0.92126 -0.377953 
vn -0.212598 0.92126 -0.322835 
vn -0.354331 0.92126 -0.149606 
vn -0.322835 0.92126 -0.212598 
vn -0.905512 0.188976 0.377953 
vn -0.984252 0.188976 0 
vn -0.692913 0.188976 0.692913 
vn -0.377953 0.188976 0.905512 
vn 0 0.188976 0.984252 
vn -0.370079 0.212598 -0.905512 
vn 0 0.19685 -0.976378 
vn -0.551181 0.212598 -0.811024 
vn -0.905512 0.188976 -0.377953 
vn -0.692913 0.19685 -0.692913 
vn -0.913386 -0.0629921 0.401575 
vn -1 -0.0708661 -0.015748 
vn -0.685039 -0.173228 0.708661 
vn -0.370079 -0.244094 0.897638 
vn 0 -0.244094 0.968504 
vn -0.401575 0.023622 -0.913386 
vn -0.370079 0.212598 -0.905512 
vn 0 0.19685 -0.976378 
vn -0.133858 0 -0.992126 
vn -0.748031 -0.110236 -0.661417 
vn -0.551181 0.212598 -0.811024 
vn -0.944882 -0.0866142 -0.322835 
vn -0.905512 0.188976 -0.377953 
vn -0.692913 0.19685 -0.692913 
vn -0.850394 -0.0708661 -0.527559 
vn -1 -0.0708661 -0.015748 
vn -0.984252 0.188976 0 
vn -0.92126 -0.11811 0.377953 
vn -0.984252 -0.149606 -0.0314961 
vn -0.669291 -0.314961 0.669291 
vn -0.338583 -0.472441 0.811024 
vn -0.173228 -0.480315 0.858268 
vn -0.102362 -0.535433 -0.84252 
vn -0.102362 -0.543307 -0.834646 
vn -0.692913 -0.283465 -0.661417 
vn -0.937008 -0.204724 -0.283465 
vn -0.929134 -0.141732 -0.346457 
vn -0.984252 -0.149606 -0.0314961 
vn -0.346457 -0.92126 0.173228 
vn -0.472441 -0.88189 0.0787402 
vn -0.228346 -0.937008 0.259843 
vn -0.102362 -0.952756 0.291339 
vn 0 -0.952756 0.307087 
vn -0.212598 -0.968504 -0.11811 
vn 0 -0.976378 -0.212598 
vn -0.472441 -0.88189 -0.0551181 
vn -0.543307 -0.834646 0.0393701 
vn -0.574803 -0.818898 0.023622 
vn -0.472441 -0.88189 0.0787402 
vn 0 -0.984252 0.173228 
vn 0 -0.976378 -0.212598 
vn -0.212598 -0.968504 -0.11811 
vn -0.574803 -0.818898 0.023622 
vn -0.472441 -0.88189 -0.0551181 
vn -0.543307 -0.834646 0.0393701 
vn 0.204724 0.976378 0.0866142 
vn 0.220472 0.976378 0 
vn 0.15748 0.976378 0.15748 
vn 0.0866142 0.976378 0.204724 
vn 0.0866142 0.976378 -0.204724 
vn 0.110236 0.976378 -0.165354 
vn 0.204724 0.976378 -0.0866142 
vn 0.15748 0.976378 -0.15748 
vn 0.354331 0.92126 0.149606 
vn 0.385827 0.92126 0 
vn 0.267717 0.92126 0.267717 
vn 0.149606 0.92126 0.354331 
vn 0.149606 0.92126 -0.354331 
vn 0.212598 0.92126 -0.322835 
vn 0.354331 0.92126 -0.149606 
vn 0.322835 0.92126 -0.212598 
vn 0.905512 0.188976 0.377953 
vn 0.984252 0.188976 0 
vn 0.692913 0.188976 0.692913 
vn 0.377953 0.188976 0.905512 
vn 0.370079 0.212598 -0.905512 
vn 0.551181 0.212598 -0.811024 
vn 0.905512 0.188976 -0.377953 
vn 0.700787 0.19685 -0.692913 
vn 0.913386 -0.0629921 0.401575 
vn 1 -0.0708661 -0.015748 
vn 0.685039 -0.173228 0.708661 
vn 0.370079 -0.244094 0.897638 
vn 0.401575 0.023622 -0.913386 
vn 0.370079 0.212598 -0.905512 
vn 0.551181 0.212598 -0.811024 
vn 0.748031 -0.110236 -0.661417 
vn 0.944882 -0.0866142 -0.322835 
vn 0.850394 -0.0708661 -0.527559 
vn 0.700787 0.19685 -0.692913 
vn 0.905512 0.188976 -0.377953 
vn 1 -0.0708661 -0.015748 
vn 0.984252 0.188976 0 
vn 0.92126 -0.11811 0.377953 
vn 0.984252 -0.149606 -0.0314961 
vn 0.669291 -0.314961 0.669291 
vn 0.338583 -0.472441 0.811024 
vn 0.102362 -0.535433 -0.84252 
vn 0.692913 -0.283465 -0.661417 
vn 0.937008 -0.204724 -0.283465 
vn 0.929134 -0.141732 -0.346457 
vn 0.984252 -0.149606 -0.0314961 
vn 0.346457 -0.92126 0.173228 
vn 0.472441 -0.88189 0.0787402 
vn 0.228346 -0.937008 0.259843 
vn 0.102362 -0.952756 0.291339 
vn 0.212598 -0.968504 -0.11811 
vn 0.472441 -0.88189 -0.0551181 
vn 0.543307 -0.834646 0.0393701 
vn 0.574803 -0.818898 0.023622 
vn 0.472441 -0.88189 0.0787402 
vn 0.212598 -0.968504 -0.11811 
vn 0.472441 -0.88189 -0.0551181 
vn 0.574803 -0.818898 0.023622 
vn 0.543307 -0.834646 0.0393701 

vt 0.885436 0.778636 
vt 0.885436 0.778636 
vt 0.885436 0.778636 
vt 0.885436 0.778636 
vt 0.885436 0.778636 
vt 0.885436 0.778636 
vt 0.885436 0.778636 
vt 0.885436 0.778636 
vt 0.885436 0.778636 
vt 0.885436 0.778636 
vt 0.885436 0.778636 
vt 0.885436 0.778636 
vt 0.885436 0.778636 
vt 0.885436 0.778636 
vt 0.885436 0.778636 
vt 0.885436 0.778636 
vt 0.885436 0.778636 
vt 0.885436 0.778636 
vt 0.885436 0.778636 
vt 0.885436 0.778636 
vt 0.885436 0.778636 
vt 0.885436 0.778636 
vt 0.885436 0.778636 
vt 0.885436 0.778636 
vt 0.885436 0.778636 
vt 0.885436 0.778636 
vt 0.885436 0.778636 
vt 0.885436 0.778636 
vt 0.885436 0.778636 
vt 0.885436 0.778636 
vt 0.885436 0.778636 
vt 0.885436 0.778636 
vt 0.885436 0.778636 
vt 0.885436 0.778636 
vt 0.885436 0.778636 
vt 0.885436 0.778636 
vt 0.969072 0.788931 
vt 0.959148 0.959348 
vt 0.9375 0.959348 
vt 0.9375 0.789938 
vt 0.97597 0.797222 
vt 0.969287 0.959348 
vt 0.987355 0.814635 
vt 0.993484 0.959348 
vt 0.9775 0.959348 
vt 0.98066 0.803281 
vt 0.994141 0.819972 
vt 0.994061 0.959348 
vt 0.885436 0.778636 
vt 0.885436 0.778636 
vt 0.885436 0.778636 
vt 0.885436 0.778636 
vt 0.885436 0.778636 
vt 0.968448 0.782369 
vt 0.9375 0.783178 
vt 0.976378 0.788953 
vt 0.988125 0.804572 
vt 0.980683 0.794094 
vt 0.993359 0.809997 
vt 0.885436 0.778636 
vt 0.885436 0.778636 
vt 0.885436 0.778636 
vt 0.885436 0.778636 
vt 0.885436 0.778636 
vt 0.965163 0.770584 
vt 0.9375 0.771109 
vt 0.97435 0.777622 
vt 0.983957 0.796719 
vt 0.97827 0.7867 
vt 0.988318 0.8014 
vt 0.885436 0.778636 
vt 0.885436 0.778636 
vt 0.885436 0.778636 
vt 0.885436 0.778636 
vt 0.885436 0.778636 
vt 0.885436 0.778636 
vt 0.885436 0.778636 
vt 0.885436 0.778636 
vt 0.885436 0.778636 
vt 0.885436 0.778636 
vt 0.885436 0.778636 
vt 0.885436 0.778636 
vt 0.885436 0.778636 
vt 0.885436 0.778636 
vt 0.885436 0.778636 
vt 0.885436 0.778636 
vt 0.885436 0.778636 
vt 0.885436 0.778636 
vt 0.885436 0.778636 
vt 0.885436 0.778636 
vt 0.885436 0.778636 
vt 0.885436 0.778636 
vt 0.885436 0.778636 
vt 0.885436 0.778636 
vt 0.885436 0.778636 
vt 0.885436 0.778636 
vt 0.885436 0.778636 
vt 0.885436 0.778636 
vt 0.885436 0.778636 
vt 0.885436 0.778636 
vt 0.885436 0.778636 
vt 0.885436 0.778636 
vt 0.885436 0.778636 
vt 0.885436 0.778636 
vt 0.90594 0.788931 
vt 0.915852 0.959348 
vt 0.905713 0.959348 
vt 0.89903 0.797222 
vt 0.887645 0.814372 
vt 0.894329 0.803281 
vt 0.8975 0.959348 
vt 0.881516 0.959348 
vt 0.880859 0.819972 
vt 0.880927 0.959348 
vt 0.885436 0.778636 
vt 0.885436 0.778636 
vt 0.885436 0.778636 
vt 0.885436 0.778636 
vt 0.906552 0.782369 
vt 0.898622 0.788953 
vt 0.886863 0.804572 
vt 0.894317 0.794094 
vt 0.881641 0.809997 
vt 0.885436 0.778636 
vt 0.885436 0.778636 
vt 0.885436 0.778636 
vt 0.885436 0.778636 
vt 0.909837 0.770584 
vt 0.90065 0.777622 
vt 0.891032 0.796719 
vt 0.896719 0.7867 
vt 0.886682 0.8014 
vt 0.885436 0.778636 
vt 0.885436 0.778636 
vt 0.885436 0.778636 
vt 0.885436 0.778636 

usemtl 1Mtl

f 2467/2467/2467 2468/2468/2468 2469/2469/2469 
f 2467/2467/2467 2469/2469/2469 2470/2470/2470 
f 2467/2467/2467 2470/2470/2470 2471/2471/2471 
f 2467/2467/2467 2471/2471/2471 2472/2472/2472 
f 2467/2467/2467 2473/2473/2473 2474/2474/2474 
f 2474/2474/2474 2475/2475/2475 2467/2467/2467 
f 2467/2467/2467 2476/2476/2476 2477/2477/2477 
f 2467/2467/2467 2477/2477/2477 2468/2468/2468 
f 2478/2478/2478 2469/2469/2469 2468/2468/2468 
f 2478/2478/2478 2468/2468/2468 2479/2479/2479 
f 2480/2480/2480 2470/2470/2470 2469/2469/2469 
f 2480/2480/2480 2469/2469/2469 2478/2478/2478 
f 2481/2481/2481 2471/2471/2471 2470/2470/2470 
f 2481/2481/2481 2470/2470/2470 2480/2480/2480 
f 2482/2482/2482 2472/2472/2472 2471/2471/2471 
f 2482/2482/2482 2471/2471/2471 2481/2481/2481 
f 2483/2483/2483 2474/2474/2474 2473/2473/2473 
f 2483/2483/2483 2473/2473/2473 2484/2484/2484 
f 2474/2474/2474 2483/2483/2483 2485/2485/2485 
f 2474/2474/2474 2485/2485/2485 2475/2475/2475 
f 2486/2486/2486 2477/2477/2477 2476/2476/2476 
f 2486/2486/2486 2476/2476/2476 2487/2487/2487 
f 2479/2479/2479 2468/2468/2468 2477/2477/2477 
f 2479/2479/2479 2477/2477/2477 2486/2486/2486 
f 2488/2488/2488 2478/2478/2478 2479/2479/2479 
f 2488/2488/2488 2479/2479/2479 2489/2489/2489 
f 2490/2490/2490 2480/2480/2480 2478/2478/2478 
f 2490/2490/2490 2478/2478/2478 2488/2488/2488 
f 2491/2491/2491 2481/2481/2481 2480/2480/2480 
f 2491/2491/2491 2480/2480/2480 2490/2490/2490 
f 2492/2492/2492 2482/2482/2482 2481/2481/2481 
f 2492/2492/2492 2481/2481/2481 2491/2491/2491 
f 2493/2493/2493 2483/2483/2483 2484/2484/2484 
f 2493/2493/2493 2484/2484/2484 2494/2494/2494 
f 2483/2483/2483 2493/2493/2493 2495/2495/2495 
f 2483/2483/2483 2495/2495/2495 2485/2485/2485 
f 2496/2496/2496 2486/2486/2486 2487/2487/2487 
f 2496/2496/2496 2487/2487/2487 2497/2497/2497 
f 2489/2489/2489 2479/2479/2479 2486/2486/2486 
f 2489/2489/2489 2486/2486/2486 2496/2496/2496 
f 2498/2498/2498 2488/2488/2488 2489/2489/2489 
f 2498/2498/2498 2489/2489/2489 2499/2499/2499 
f 2500/2500/2500 2490/2490/2490 2488/2488/2488 
f 2500/2500/2500 2488/2488/2488 2498/2498/2498 
f 2501/2501/2501 2491/2491/2491 2490/2490/2490 
f 2501/2501/2501 2490/2490/2490 2500/2500/2500 
f 2502/2502/2502 2492/2492/2492 2491/2491/2491 
f 2502/2502/2502 2491/2491/2491 2501/2501/2501 
f 2503/2503/2503 2504/2504/2504 2505/2505/2505 
f 2503/2503/2503 2505/2505/2505 2506/2506/2506 
f 2503/2503/2503 2507/2507/2507 2508/2508/2508 
f 2503/2503/2503 2508/2508/2508 2504/2504/2504 
f 2509/2509/2509 2510/2510/2510 2511/2511/2511 
f 2509/2509/2509 2511/2511/2511 2512/2512/2512 
f 2513/2513/2513 2514/2514/2514 2510/2510/2510 
f 2513/2513/2513 2510/2510/2510 2509/2509/2509 
f 2515/2515/2515 2498/2498/2498 2499/2499/2499 
f 2515/2515/2515 2499/2499/2499 2516/2516/2516 
f 2517/2517/2517 2500/2500/2500 2498/2498/2498 
f 2517/2517/2517 2498/2498/2498 2515/2515/2515 
f 2518/2518/2518 2501/2501/2501 2500/2500/2500 
f 2518/2518/2518 2500/2500/2500 2517/2517/2517 
f 2519/2519/2519 2502/2502/2502 2501/2501/2501 
f 2519/2519/2519 2501/2501/2501 2518/2518/2518 
f 2520/2520/2520 2503/2503/2503 2506/2506/2506 
f 2520/2520/2520 2506/2506/2506 2521/2521/2521 
f 2520/2520/2520 2522/2522/2522 2507/2507/2507 
f 2520/2520/2520 2507/2507/2507 2503/2503/2503 
f 2523/2523/2523 2509/2509/2509 2512/2512/2512 
f 2523/2523/2523 2512/2512/2512 2524/2524/2524 
f 2525/2525/2525 2513/2513/2513 2509/2509/2509 
f 2525/2525/2525 2509/2509/2509 2523/2523/2523 
f 2526/2526/2526 2515/2515/2515 2516/2516/2516 
f 2526/2526/2526 2516/2516/2516 2527/2527/2527 
f 2528/2528/2528 2517/2517/2517 2515/2515/2515 
f 2528/2528/2528 2515/2515/2515 2526/2526/2526 
f 2529/2529/2529 2518/2518/2518 2517/2517/2517 
f 2529/2529/2529 2517/2517/2517 2528/2528/2528 
f 2530/2530/2530 2519/2519/2519 2518/2518/2518 
f 2530/2530/2530 2518/2518/2518 2529/2529/2529 
f 2531/2531/2531 2520/2520/2520 2521/2521/2521 
f 2531/2531/2531 2521/2521/2521 2532/2532/2532 
f 2531/2531/2531 2533/2533/2533 2522/2522/2522 
f 2531/2531/2531 2522/2522/2522 2520/2520/2520 
f 2534/2534/2534 2523/2523/2523 2524/2524/2524 
f 2534/2534/2534 2524/2524/2524 2535/2535/2535 
f 2536/2536/2536 2525/2525/2525 2523/2523/2523 
f 2536/2536/2536 2523/2523/2523 2534/2534/2534 
f 2527/2527/2527 2537/2537/2537 2526/2526/2526 
f 2526/2526/2526 2537/2537/2537 2528/2528/2528 
f 2528/2528/2528 2537/2537/2537 2529/2529/2529 
f 2529/2529/2529 2537/2537/2537 2530/2530/2530 
f 2538/2538/2538 2537/2537/2537 2539/2539/2539 
f 2537/2537/2537 2540/2540/2540 2541/2541/2541 
f 2540/2540/2540 2537/2537/2537 2542/2542/2542 
f 2542/2542/2542 2537/2537/2537 2527/2527/2527 
f 2485/2485/2485 2487/2487/2487 2476/2476/2476 
f 2485/2485/2485 2476/2476/2476 2475/2475/2475 
f 2495/2495/2495 2497/2497/2497 2487/2487/2487 
f 2495/2495/2495 2487/2487/2487 2485/2485/2485 
f 2512/2512/2512 2511/2511/2511 2508/2508/2508 
f 2512/2512/2512 2508/2508/2508 2507/2507/2507 
f 2524/2524/2524 2512/2512/2512 2507/2507/2507 
f 2524/2524/2524 2507/2507/2507 2522/2522/2522 
f 2535/2535/2535 2524/2524/2524 2522/2522/2522 
f 2535/2535/2535 2522/2522/2522 2533/2533/2533 
f 2475/2475/2475 2476/2476/2476 2467/2467/2467 
f 2541/2541/2541 2539/2539/2539 2537/2537/2537 
f 2467/2467/2467 2543/2543/2543 2544/2544/2544 
f 2467/2467/2467 2545/2545/2545 2543/2543/2543 
f 2467/2467/2467 2546/2546/2546 2545/2545/2545 
f 2467/2467/2467 2472/2472/2472 2546/2546/2546 
f 2467/2467/2467 2547/2547/2547 2473/2473/2473 
f 2467/2467/2467 2548/2548/2548 2547/2547/2547 
f 2467/2467/2467 2549/2549/2549 2550/2550/2550 
f 2467/2467/2467 2544/2544/2544 2549/2549/2549 
f 2551/2551/2551 2552/2552/2552 2544/2544/2544 
f 2551/2551/2551 2544/2544/2544 2543/2543/2543 
f 2553/2553/2553 2551/2551/2551 2543/2543/2543 
f 2553/2553/2553 2543/2543/2543 2545/2545/2545 
f 2554/2554/2554 2553/2553/2553 2545/2545/2545 
f 2554/2554/2554 2545/2545/2545 2546/2546/2546 
f 2482/2482/2482 2554/2554/2554 2546/2546/2546 
f 2482/2482/2482 2546/2546/2546 2472/2472/2472 
f 2555/2555/2555 2484/2484/2484 2473/2473/2473 
f 2555/2555/2555 2473/2473/2473 2547/2547/2547 
f 2547/2547/2547 2548/2548/2548 2556/2556/2556 
f 2547/2547/2547 2556/2556/2556 2555/2555/2555 
f 2557/2557/2557 2558/2558/2558 2550/2550/2550 
f 2557/2557/2557 2550/2550/2550 2549/2549/2549 
f 2552/2552/2552 2557/2557/2557 2549/2549/2549 
f 2552/2552/2552 2549/2549/2549 2544/2544/2544 
f 2559/2559/2559 2560/2560/2560 2552/2552/2552 
f 2559/2559/2559 2552/2552/2552 2551/2551/2551 
f 2561/2561/2561 2559/2559/2559 2551/2551/2551 
f 2561/2561/2561 2551/2551/2551 2553/2553/2553 
f 2562/2562/2562 2561/2561/2561 2553/2553/2553 
f 2562/2562/2562 2553/2553/2553 2554/2554/2554 
f 2492/2492/2492 2562/2562/2562 2554/2554/2554 
f 2492/2492/2492 2554/2554/2554 2482/2482/2482 
f 2563/2563/2563 2494/2494/2494 2484/2484/2484 
f 2563/2563/2563 2484/2484/2484 2555/2555/2555 
f 2555/2555/2555 2556/2556/2556 2564/2564/2564 
f 2555/2555/2555 2564/2564/2564 2563/2563/2563 
f 2565/2565/2565 2566/2566/2566 2558/2558/2558 
f 2565/2565/2565 2558/2558/2558 2557/2557/2557 
f 2560/2560/2560 2565/2565/2565 2557/2557/2557 
f 2560/2560/2560 2557/2557/2557 2552/2552/2552 
f 2567/2567/2567 2568/2568/2568 2560/2560/2560 
f 2567/2567/2567 2560/2560/2560 2559/2559/2559 
f 2569/2569/2569 2567/2567/2567 2559/2559/2559 
f 2569/2569/2569 2559/2559/2559 2561/2561/2561 
f 2570/2570/2570 2569/2569/2569 2561/2561/2561 
f 2570/2570/2570 2561/2561/2561 2562/2562/2562 
f 2502/2502/2502 2570/2570/2570 2562/2562/2562 
f 2502/2502/2502 2562/2562/2562 2492/2492/2492 
f 2571/2571/2571 2506/2506/2506 2505/2505/2505 
f 2571/2571/2571 2505/2505/2505 2572/2572/2572 
f 2571/2571/2571 2572/2572/2572 2573/2573/2573 
f 2571/2571/2571 2573/2573/2573 2574/2574/2574 
f 2575/2575/2575 2576/2576/2576 2577/2577/2577 
f 2575/2575/2575 2577/2577/2577 2578/2578/2578 
f 2579/2579/2579 2575/2575/2575 2578/2578/2578 
f 2579/2579/2579 2578/2578/2578 2580/2580/2580 
f 2581/2581/2581 2582/2582/2582 2568/2568/2568 
f 2581/2581/2581 2568/2568/2568 2567/2567/2567 
f 2583/2583/2583 2581/2581/2581 2567/2567/2567 
f 2583/2583/2583 2567/2567/2567 2569/2569/2569 
f 2584/2584/2584 2583/2583/2583 2569/2569/2569 
f 2584/2584/2584 2569/2569/2569 2570/2570/2570 
f 2519/2519/2519 2584/2584/2584 2570/2570/2570 
f 2519/2519/2519 2570/2570/2570 2502/2502/2502 
f 2585/2585/2585 2521/2521/2521 2506/2506/2506 
f 2585/2585/2585 2506/2506/2506 2571/2571/2571 
f 2585/2585/2585 2571/2571/2571 2574/2574/2574 
f 2585/2585/2585 2574/2574/2574 2586/2586/2586 
f 2587/2587/2587 2588/2588/2588 2576/2576/2576 
f 2587/2587/2587 2576/2576/2576 2575/2575/2575 
f 2589/2589/2589 2587/2587/2587 2575/2575/2575 
f 2589/2589/2589 2575/2575/2575 2579/2579/2579 
f 2590/2590/2590 2591/2591/2591 2582/2582/2582 
f 2590/2590/2590 2582/2582/2582 2581/2581/2581 
f 2592/2592/2592 2590/2590/2590 2581/2581/2581 
f 2592/2592/2592 2581/2581/2581 2583/2583/2583 
f 2593/2593/2593 2592/2592/2592 2583/2583/2583 
f 2593/2593/2593 2583/2583/2583 2584/2584/2584 
f 2530/2530/2530 2593/2593/2593 2584/2584/2584 
f 2530/2530/2530 2584/2584/2584 2519/2519/2519 
f 2594/2594/2594 2532/2532/2532 2521/2521/2521 
f 2594/2594/2594 2521/2521/2521 2585/2585/2585 
f 2594/2594/2594 2585/2585/2585 2586/2586/2586 
f 2594/2594/2594 2586/2586/2586 2595/2595/2595 
f 2596/2596/2596 2597/2597/2597 2588/2588/2588 
f 2596/2596/2596 2588/2588/2588 2587/2587/2587 
f 2598/2598/2598 2596/2596/2596 2587/2587/2587 
f 2598/2598/2598 2587/2587/2587 2589/2589/2589 
f 2591/2591/2591 2590/2590/2590 2537/2537/2537 
f 2590/2590/2590 2592/2592/2592 2537/2537/2537 
f 2592/2592/2592 2593/2593/2593 2537/2537/2537 
f 2593/2593/2593 2530/2530/2530 2537/2537/2537 
f 2538/2538/2538 2599/2599/2599 2537/2537/2537 
f 2537/2537/2537 2600/2600/2600 2601/2601/2601 
f 2601/2601/2601 2602/2602/2602 2537/2537/2537 
f 2602/2602/2602 2591/2591/2591 2537/2537/2537 
f 2556/2556/2556 2548/2548/2548 2550/2550/2550 
f 2556/2556/2556 2550/2550/2550 2558/2558/2558 
f 2564/2564/2564 2556/2556/2556 2558/2558/2558 
f 2564/2564/2564 2558/2558/2558 2566/2566/2566 
f 2576/2576/2576 2574/2574/2574 2573/2573/2573 
f 2576/2576/2576 2573/2573/2573 2577/2577/2577 
f 2588/2588/2588 2586/2586/2586 2574/2574/2574 
f 2588/2588/2588 2574/2574/2574 2576/2576/2576 
f 2597/2597/2597 2595/2595/2595 2586/2586/2586 
f 2597/2597/2597 2586/2586/2586 2588/2588/2588 
f 2548/2548/2548 2467/2467/2467 2550/2550/2550 
f 2600/2600/2600 2537/2537/2537 2599/2599/2599 

g Handle1

v 40.1905 4.41045 -11.1156 
v 40.1701 4.77167 -11.0478 
v 40.2523 4.73851 -11.2892 
v 40.2766 4.37511 -11.3003 
v 40.1921 4.99584 -11.0449 
v 40.2532 4.97833 -11.2901 
v 40.3503 5.21121 -11.3016 
v 40.3096 5.21352 -11.0585 
v 40.5506 5.32966 -11.1039 
v 40.5664 5.32314 -11.3473 
v 41.1058 5.38057 -11.2282 
v 41.1018 5.33695 -11.457 
v 40.7828 5.36852 -11.3906 
v 40.786 5.37827 -11.1469 
v 41.2265 5.29329 -11.28 
v 41.2182 5.23663 -11.4851 
v 40.339 4.40986 -11.1107 
v 40.4251 4.37451 -11.2695 
v 40.4011 4.72958 -11.2717 
v 40.3189 4.76274 -11.0412 
v 40.401 4.90004 -11.2743 
v 40.3398 4.91755 -11.0296 
v 40.4606 5.06557 -11.2874 
v 40.6322 5.15555 -11.3325 
v 40.5966 5.16207 -11.0849 
v 40.4199 5.06788 -11.0347 
v 41.0387 5.1796 -11.2206 
v 40.7937 5.19395 -11.1316 
v 40.8254 5.1842 -11.3753 
v 41.0733 5.16506 -11.4494 
v 41.2341 5.16794 -11.2991 
v 41.2336 5.14165 -11.5003 
v 40.339 4.40986 -11.1107 
v 40.3189 4.76274 -11.0412 
v 40.4011 4.72958 -11.2717 
v 40.4251 4.37451 -11.2695 
v 40.4251 4.37451 -11.2695 
v 40.339 4.40986 -11.1107 
v 40.3398 4.91755 -11.0296 
v 40.401 4.90004 -11.2743 
v 40.4199 5.06788 -11.0347 
v 40.5966 5.16207 -11.0849 
v 40.6322 5.15555 -11.3325 
v 40.4606 5.06557 -11.2874 
v 41.0733 5.16506 -11.4494 
v 40.8254 5.1842 -11.3753 
v 40.7937 5.19395 -11.1316 
v 41.0387 5.1796 -11.2206 
v 41.2336 5.14165 -11.5003 
v 41.2341 5.16794 -11.2991 
v 41.2341 5.16794 -11.2991 
v 41.2336 5.14165 -11.5003 
v 40.4606 5.06557 -11.2874 
v 40.4199 5.06788 -11.0347 
v 41.1997 5.23909 -11.5207 
v 41.2336 5.14165 -11.5003 
v 41.2421 5.09535 -11.6053 
v 41.2093 5.18781 -11.6512 
v 40.8015 5.3237 -11.5847 
v 40.9747 5.35109 -11.5569 
v 41.0033 5.29207 -11.7582 
v 40.8543 5.26197 -11.8083 
v 40.4481 5.06028 -11.6547 
v 40.6457 5.25551 -11.6142 
v 40.7355 5.19736 -11.8349 
v 40.5621 5.0126 -11.8578 
v 40.2983 4.67199 -11.648 
v 40.3413 4.85141 -11.6595 
v 40.4684 4.82072 -11.8645 
v 40.4345 4.65295 -11.851 
v 40.3059 4.5324 -11.6176 
v 40.4344 4.45138 -11.7916 
v 41.0818 5.15626 -11.504 
v 41.0926 5.17405 -11.6771 
v 41.2421 5.09535 -11.6053 
v 41.2336 5.14165 -11.5003 
v 40.8438 5.14861 -11.5277 
v 40.8966 5.13637 -11.7513 
v 41.0091 5.17788 -11.7149 
v 40.9804 5.16211 -11.5136 
v 40.5671 4.96535 -11.5948 
v 40.6403 4.93922 -11.79 
v 40.7901 5.09226 -11.7748 
v 40.7003 5.10092 -11.5541 
v 40.4334 4.6686 -11.5838 
v 40.5284 4.64956 -11.7737 
v 40.5561 4.78262 -11.7985 
v 40.4704 4.79166 -11.5935 
v 40.4439 4.55121 -11.561 
v 40.5311 4.47019 -11.7147 
v 41.0818 5.15626 -11.504 
v 41.2336 5.14165 -11.5003 
v 41.1033 5.33677 -11.537 
v 41.2421 5.09535 -11.6053 
v 41.0926 5.17405 -11.6771 
v 41.114 5.27978 -11.7101 
v 40.8438 5.14861 -11.5277 
v 40.9804 5.16211 -11.5136 
v 41.0091 5.17788 -11.7149 
v 40.8966 5.13637 -11.7513 
v 40.5671 4.96535 -11.5948 
v 40.7003 5.10092 -11.5541 
v 40.7901 5.09226 -11.7748 
v 40.6403 4.93922 -11.79 
v 40.4334 4.6686 -11.5838 
v 40.4704 4.79166 -11.5935 
v 40.5561 4.78262 -11.7985 
v 40.5284 4.64956 -11.7737 
v 40.4439 4.55121 -11.561 
v 40.5311 4.47019 -11.7147 
v 40.5311 4.47019 -11.7147 
v 40.4439 4.55121 -11.561 
v 40.8966 5.13637 -11.7513 
v 40.8438 5.14861 -11.5277 
v 41.2461 5.18594 -11.0352 
v 41.2342 5.14607 -11.3558 
v 41.2066 5.26481 -11.3632 
v 41.2048 5.31701 -11.0421 
v 41.0358 5.39146 -11.041 
v 41.0562 5.34279 -11.3579 
v 40.7435 5.35214 -11.282 
v 40.7403 5.38827 -10.9576 
v 40.5028 5.28329 -11.1789 
v 40.5287 5.30014 -10.8708 
v 40.1945 4.9949 -11.0152 
v 40.2572 4.99293 -10.7339 
v 40.3448 5.15961 -10.7953 
v 40.2935 5.15955 -11.0893 
v 40.1732 4.35626 -10.63 
v 40.1805 4.46437 -10.6613 
v 40.1091 4.45756 -10.9123 
v 40.1005 4.35441 -10.8744 
v 41.2461 5.18594 -11.0352 
v 41.0287 5.26028 -11.0151 
v 41.049 5.21161 -11.3321 
v 41.2342 5.14607 -11.3558 
v 40.7707 5.25682 -10.9427 
v 40.7738 5.22068 -11.2671 
v 40.5569 5.176 -11.1752 
v 40.5829 5.19284 -10.867 
v 40.3084 4.94165 -11.0401 
v 40.3683 5.07327 -11.0953 
v 40.4196 5.07333 -10.8012 
v 40.3711 4.93968 -10.7588 
v 40.287 4.30723 -10.6735 
v 40.2143 4.30538 -10.9179 
v 40.227 4.42541 -10.9547 
v 40.2985 4.43222 -10.7038 
v 41.2342 5.14607 -11.3558 
v 41.049 5.21161 -11.3321 
v 41.0287 5.26028 -11.0151 
v 41.2461 5.18594 -11.0352 
v 40.7738 5.22068 -11.2671 
v 40.7707 5.25682 -10.9427 
v 40.5829 5.19284 -10.867 
v 40.5569 5.176 -11.1752 
v 40.3711 4.93968 -10.7588 
v 40.4196 5.07333 -10.8012 
v 40.3683 5.07327 -11.0953 
v 40.3084 4.94165 -11.0401 
v 40.287 4.30723 -10.6735 
v 40.2985 4.43222 -10.7038 
v 40.227 4.42541 -10.9547 
v 40.2143 4.30538 -10.9179 
v 40.2143 4.30538 -10.9179 
v 40.287 4.30723 -10.6735 
v 40.2645 4.79157 -10.9904 
v 40.2441 4.5546 -10.9702 
v 40.1222 4.57032 -10.9288 
v 40.1436 4.81629 -10.9511 
v 40.3144 4.56623 -10.7128 
v 40.2441 4.5546 -10.9702 
v 40.2645 4.79157 -10.9904 
v 40.337 4.78785 -10.7201 
v 40.1925 4.58195 -10.6714 
v 40.3144 4.56623 -10.7128 
v 40.337 4.78785 -10.7201 
v 40.2161 4.81256 -10.6808 
v 40.7718 5.36861 -10.7364 
v 41.0864 5.36024 -10.8295 
v 41.0511 5.37499 -11.0601 
v 40.7235 5.36788 -10.9652 
v 40.4625 5.04153 -10.5116 
v 40.5217 5.19217 -10.5821 
v 40.382 5.20596 -10.7533 
v 40.3089 5.03834 -10.6731 
v 41.1862 5.30844 -11.0791 
v 41.1774 5.30337 -10.8377 
v 41.2309 5.17823 -10.8465 
v 41.2461 5.18594 -11.0957 
v 40.4709 4.68682 -10.3722 
v 40.4451 4.89129 -10.4413 
v 40.2777 4.87115 -10.593 
v 40.305 4.65296 -10.5311 
v 40.5326 5.31629 -10.8689 
v 40.6291 5.30935 -10.6704 
v 40.7877 5.26569 -10.7492 
v 40.7394 5.26496 -10.9781 
v 41.0301 5.27151 -11.0635 
v 41.0653 5.25675 -10.8329 
v 40.5211 4.98826 -10.5671 
v 40.3676 4.98507 -10.7286 
v 40.4321 5.13155 -10.7957 
v 40.5717 5.11776 -10.6245 
v 41.2461 5.18594 -11.0957 
v 41.2309 5.17823 -10.8465 
v 40.5404 4.67289 -10.4463 
v 40.3745 4.63903 -10.6052 
v 40.3448 4.83898 -10.6616 
v 40.5123 4.85911 -10.5099 
v 40.5666 5.22843 -10.8973 
v 40.6631 5.22149 -10.6989 
v 40.7877 5.26569 -10.7492 
v 41.0653 5.25675 -10.8329 
v 41.0301 5.27151 -11.0635 
v 40.7394 5.26496 -10.9781 
v 40.5211 4.98826 -10.5671 
v 40.5717 5.11776 -10.6245 
v 40.4321 5.13155 -10.7957 
v 40.3676 4.98507 -10.7286 
v 41.2309 5.17823 -10.8465 
v 41.2461 5.18594 -11.0957 
v 40.5404 4.67289 -10.4463 
v 40.5123 4.85911 -10.5099 
v 40.3448 4.83898 -10.6616 
v 40.3745 4.63903 -10.6052 
v 40.3745 4.63903 -10.6052 
v 40.5404 4.67289 -10.4463 
v 40.6631 5.22149 -10.6989 
v 40.5666 5.22843 -10.8973 
v 40.7237 4.83225 -10.2764 
v 40.5506 4.83331 -10.3971 
v 40.582 4.53077 -10.3295 
v 40.7738 4.52129 -10.2139 
v 40.7205 5.10156 -10.3642 
v 40.5761 5.10874 -10.5012 
v 40.7746 5.21141 -10.4331 
v 40.6486 5.22496 -10.5926 
v 41.018 5.3231 -10.5366 
v 40.9434 5.35352 -10.7371 
v 40.7609 5.30122 -10.6635 
v 40.8663 5.28051 -10.4789 
v 41.1889 5.2745 -10.829 
v 41.1112 5.34853 -10.8048 
v 41.1575 5.3092 -10.5898 
v 41.2118 5.24365 -10.6053 
v 40.7817 4.81687 -10.3561 
v 40.8286 4.51919 -10.2983 
v 40.6368 4.52867 -10.4139 
v 40.6086 4.81793 -10.4768 
v 40.7747 5.04632 -10.423 
v 40.6303 5.0535 -10.56 
v 40.6896 5.15194 -10.6375 
v 40.8156 5.13838 -10.478 
v 41.0194 5.22729 -10.5565 
v 40.8925 5.1875 -10.5081 
v 40.7871 5.20822 -10.6928 
v 40.9448 5.25771 -10.757 
v 41.2309 5.17823 -10.8465 
v 41.2279 5.15534 -10.6127 
v 41.1361 5.21079 -10.6011 
v 41.0898 5.25013 -10.8161 
v 40.6086 4.81793 -10.4768 
v 40.6368 4.52867 -10.4139 
v 40.6368 4.52867 -10.4139 
v 40.8286 4.51919 -10.2983 
v 40.8286 4.51919 -10.2983 
v 40.7817 4.81687 -10.3561 
v 40.6303 5.0535 -10.56 
v 40.7747 5.04632 -10.423 
v 40.6896 5.15194 -10.6375 
v 40.8156 5.13838 -10.478 
v 40.9448 5.25771 -10.757 
v 40.7871 5.20822 -10.6928 
v 40.8925 5.1875 -10.5081 
v 41.0194 5.22729 -10.5565 
v 41.2309 5.17823 -10.8465 
v 41.0898 5.25013 -10.8161 
v 41.1361 5.21079 -10.6011 
v 41.2279 5.15534 -10.6127 
v 41.2309 5.17823 -10.8465 
v 41.2279 5.15534 -10.6127 
v 40.7871 5.20822 -10.6928 
v 40.8925 5.1875 -10.5081 
v 40.865 4.81415 -10.2304 
v 40.7045 4.81513 -10.3423 
v 40.7336 4.53449 -10.2797 
v 40.9115 4.5257 -10.1724 
v 40.8436 5.00872 -10.2228 
v 40.7097 5.01538 -10.3498 
v 40.8391 5.19624 -10.4861 
v 40.9368 5.17703 -10.3148 
v 41.0623 5.24836 -10.3829 
v 40.9926 5.2764 -10.5686 
v 41.2115 5.21699 -10.6137 
v 41.1395 5.28567 -10.6208 
v 41.1824 5.24917 -10.4214 
v 41.2328 5.18838 -10.4398 
v 40.9188 4.79988 -10.3043 
v 40.9623 4.52375 -10.2507 
v 40.7844 4.53254 -10.3579 
v 40.7583 4.80087 -10.4162 
v 40.8939 4.95748 -10.2773 
v 40.76 4.96414 -10.4044 
v 40.8634 5.10997 -10.5133 
v 40.9611 5.09076 -10.342 
v 41.0641 5.15953 -10.4015 
v 40.9943 5.18758 -10.5872 
v 41.2279 5.15534 -10.6127 
v 41.2477 5.10646 -10.4426 
v 41.1626 5.15789 -10.4319 
v 41.1196 5.19439 -10.6313 
v 40.7583 4.80087 -10.4162 
v 40.7844 4.53254 -10.3579 
v 40.7844 4.53254 -10.3579 
v 40.9623 4.52375 -10.2507 
v 40.9623 4.52375 -10.2507 
v 40.9188 4.79988 -10.3043 
v 40.76 4.96414 -10.4044 
v 40.8939 4.95748 -10.2773 
v 40.8634 5.10997 -10.5133 
v 40.76 4.96414 -10.4044 
v 40.8939 4.95748 -10.2773 
v 40.9611 5.09076 -10.342 
v 40.9943 5.18758 -10.5872 
v 41.0641 5.15953 -10.4015 
v 41.2279 5.15534 -10.6127 
v 41.1196 5.19439 -10.6313 
v 41.1626 5.15789 -10.4319 
v 41.2477 5.10646 -10.4426 
v 41.2279 5.15534 -10.6127 
v 41.2477 5.10646 -10.4426 
v 41.0132 4.932 -10.13 
v 40.8671 4.99161 -10.2142 
v 40.8417 4.82638 -10.1788 
v 40.9854 4.78743 -10.0988 
v 41.1224 5.12616 -10.2217 
v 41.0355 5.20312 -10.3416 
v 40.9591 5.16568 -10.2921 
v 41.0898 5.09584 -10.2021 
v 40.8533 4.61769 -10.1515 
v 41.006 4.55998 -10.0706 
v 40.9013 5.0944 -10.2398 
v 41.039 5.02918 -10.1524 
v 41.0511 4.88972 -10.2207 
v 41.0317 4.76808 -10.1929 
v 40.8881 4.80702 -10.273 
v 40.905 4.94932 -10.3049 
v 41.1509 5.06006 -10.2929 
v 41.1054 5.01855 -10.2706 
v 40.9746 5.0884 -10.3606 
v 41.07 5.11599 -10.3858 
v 41.055 4.55122 -10.1655 
v 40.9023 4.60893 -10.2464 
v 40.927 5.03291 -10.3183 
v 41.0646 4.96769 -10.2309 
v 40.905 4.94932 -10.3049 
v 40.8881 4.80702 -10.273 
v 41.0317 4.76808 -10.1929 
v 41.0511 4.88972 -10.2207 
v 41.07 5.11599 -10.3858 
v 40.9746 5.0884 -10.3606 
v 41.1054 5.01855 -10.2706 
v 41.1509 5.06006 -10.2929 
v 40.9023 4.60893 -10.2464 
v 40.9023 4.60893 -10.2464 
v 41.055 4.55122 -10.1655 
v 41.055 4.55122 -10.1655 
v 41.0646 4.96769 -10.2309 
v 40.927 5.03291 -10.3183 
v 41.2359 5.07647 -10.3443 
v 41.2477 5.10646 -10.4426 
v 41.1781 5.21195 -10.4439 
v 41.1832 5.12172 -10.2681 
v 41.2477 5.10646 -10.4426 
v 41.2359 5.07647 -10.3443 
v 41.2477 5.10646 -10.4426 
v 41.2359 5.07647 -10.3443 
v 41.0646 4.96769 -10.2309 
v 40.927 5.03291 -10.3183 
v 41.2378 4.51969 -10.1451 
v 41.231 4.76959 -10.144 
v 41.0417 4.75849 -10.1582 
v 41.0529 4.52654 -10.1638 
v 41.2344 4.94655 -10.1631 
v 41.0487 4.95111 -10.1706 
v 41.2343 5.10518 -10.2459 
v 41.2359 5.07647 -10.3443 
v 41.0548 5.05548 -10.3322 
v 41.0594 5.10475 -10.2406 
v 41.2454 4.52141 -10.2316 
v 41.0605 4.52826 -10.2502 
v 41.0481 4.75579 -10.2446 
v 41.2374 4.7669 -10.2304 
v 41.0513 4.92915 -10.2536 
v 41.2371 4.92459 -10.246 
v 41.2344 5.04444 -10.3017 
v 41.0595 5.04401 -10.2964 
v 41.0548 5.05548 -10.3322 
v 41.2359 5.07647 -10.3443 
v 41.2454 4.52141 -10.2316 
v 41.2374 4.7669 -10.2304 
v 41.0481 4.75579 -10.2446 
v 41.0605 4.52826 -10.2502 
v 41.0605 4.52826 -10.2502 
v 41.2454 4.52141 -10.2316 
v 41.2371 4.92459 -10.246 
v 41.0513 4.92915 -10.2536 
v 41.2344 5.04444 -10.3017 
v 41.2359 5.07647 -10.3443 
v 41.0548 5.05548 -10.3322 
v 41.0595 5.04401 -10.2964 
v 41.2371 4.92459 -10.246 
v 41.0513 4.92915 -10.2536 
v 41.7601 4.55281 -11.037 
v 41.7208 4.51747 -11.2546 
v 41.7762 4.74484 -11.2567 
v 41.8121 4.75132 -11.0418 
v 41.791 5.00515 -11.2829 
v 41.7448 5.17372 -11.3319 
v 41.7593 5.1653 -11.1112 
v 41.823 4.97858 -11.0711 
v 41.5137 5.36451 -11.2038 
v 41.6309 5.30934 -11.1649 
v 41.634 5.2996 -11.383 
v 41.5162 5.33904 -11.4235 
v 41.2477 5.29329 -11.28 
v 41.3784 5.38057 -11.2486 
v 41.3802 5.33695 -11.457 
v 41.2518 5.23663 -11.4851 
v 41.6542 4.55222 -11.0396 
v 41.6857 4.72838 -11.0426 
v 41.6498 4.7219 -11.2706 
v 41.6149 4.51687 -11.2733 
v 41.6411 4.95663 -11.2912 
v 41.6731 4.93007 -11.0698 
v 41.6317 5.07538 -11.1029 
v 41.6097 5.0838 -11.3284 
v 41.4718 5.20081 -11.1653 
v 41.4641 5.18884 -11.3921 
v 41.5138 5.16818 -11.3676 
v 41.5257 5.17792 -11.1495 
v 41.2273 5.16794 -11.242 
v 41.2279 5.14165 -11.4516 
v 41.4068 5.16506 -11.4073 
v 41.4096 5.1796 -11.1835 
v 41.6857 4.72838 -11.0426 
v 41.6542 4.55222 -11.0396 
v 41.6149 4.51687 -11.2733 
v 41.6542 4.55222 -11.0396 
v 41.6149 4.51687 -11.2733 
v 41.6498 4.7219 -11.2706 
v 41.6731 4.93007 -11.0698 
v 41.6317 5.07538 -11.1029 
v 41.6097 5.0838 -11.3284 
v 41.6411 4.95663 -11.2912 
v 41.4641 5.18884 -11.3921 
v 41.5138 5.16818 -11.3676 
v 41.5257 5.17792 -11.1495 
v 41.4718 5.20081 -11.1653 
v 41.2279 5.14165 -11.4516 
v 41.4068 5.16506 -11.4073 
v 41.4096 5.1796 -11.1835 
v 41.2273 5.16794 -11.242 
v 41.2273 5.16794 -11.242 
v 41.2279 5.14165 -11.4516 
v 41.4641 5.18884 -11.3921 
v 41.4718 5.20081 -11.1653 
v 41.2427 5.23909 -11.5207 
v 41.2447 5.18781 -11.6512 
v 41.2421 5.09535 -11.6053 
v 41.2336 5.14165 -11.5003 
v 41.5132 5.28005 -11.5826 
v 41.4604 5.21832 -11.7879 
v 41.3247 5.21612 -11.701 
v 41.3354 5.27312 -11.5333 
v 41.6586 5.10781 -11.6473 
v 41.6117 5.05505 -11.8466 
v 41.558 5.15367 -11.8354 
v 41.608 5.21116 -11.6246 
v 41.6639 4.74595 -11.603 
v 41.6006 4.66492 -11.7484 
v 41.3569 5.11009 -11.5003 
v 41.2336 5.14165 -11.5003 
v 41.2421 5.09535 -11.6053 
v 41.3461 5.11039 -11.6784 
v 41.4708 5.09717 -11.5256 
v 41.418 5.09273 -11.7228 
v 41.552 4.96223 -11.5584 
v 41.5352 5.03853 -11.5525 
v 41.4845 5.05272 -11.7569 
v 41.5036 4.98145 -11.7533 
v 41.5038 4.68373 -11.704 
v 41.5672 4.76475 -11.5521 
v 41.3569 5.11009 -11.5003 
v 41.2336 5.14165 -11.5003 
v 41.2421 5.09535 -11.6053 
v 41.3461 5.11039 -11.6784 
v 41.4708 5.09717 -11.5256 
v 41.418 5.09273 -11.7228 
v 41.552 4.96223 -11.5584 
v 41.5352 5.03853 -11.5525 
v 41.4845 5.05272 -11.7569 
v 41.5036 4.98145 -11.7533 
v 41.5038 4.68373 -11.704 
v 41.5036 4.98145 -11.7533 
v 41.552 4.96223 -11.5584 
v 41.5672 4.76475 -11.5521 
v 41.5038 4.68373 -11.704 
v 41.5672 4.76475 -11.5521 
v 41.418 5.09273 -11.7228 
v 41.4708 5.09717 -11.5256 
v 41.237 5.19425 -10.9771 
v 41.2793 5.31701 -10.9877 
v 41.2775 5.26481 -11.2482 
v 41.2308 5.14607 -11.2408 
v 41.3944 5.38012 -10.9519 
v 41.5873 5.3435 -10.8955 
v 41.5841 5.30736 -11.1586 
v 41.374 5.33146 -11.2254 
v 41.6951 5.23063 -11.1215 
v 41.7387 5.28855 -10.8571 
v 41.8118 5.16005 -10.8232 
v 41.8324 4.96964 -10.7867 
v 41.7835 4.93218 -11.056 
v 41.7716 5.10143 -11.0894 
v 41.852 4.5074 -10.7189 
v 41.8603 4.50679 -10.9805 
v 41.7628 4.72297 -11.0147 
v 41.7597 4.73425 -10.7417 
v 41.237 5.19425 -10.9771 
v 41.2308 5.14607 -11.2408 
v 41.3811 5.20027 -11.1996 
v 41.4015 5.24895 -10.9261 
v 41.5339 5.17024 -11.1438 
v 41.5371 5.20638 -10.8807 
v 41.6158 5.11648 -11.1119 
v 41.6468 5.15501 -10.8474 
v 41.7381 4.44054 -10.7225 
v 41.6344 4.69932 -10.7406 
v 41.6375 4.68803 -11.0137 
v 41.7464 4.43993 -10.9841 
v 41.2308 5.14607 -11.2408 
v 41.3811 5.20027 -11.1996 
v 41.4015 5.24895 -10.9261 
v 41.237 5.19425 -10.9771 
v 41.5339 5.17024 -11.1438 
v 41.5371 5.20638 -10.8807 
v 41.6468 5.15501 -10.8474 
v 41.6158 5.11648 -11.1119 
v 41.6623 4.87024 -11.0541 
v 41.6404 5.01764 -11.0867 
v 41.7381 4.44054 -10.7225 
v 41.6344 4.69932 -10.7406 
v 41.6375 4.68803 -11.0137 
v 41.7464 4.43993 -10.9841 
v 41.7464 4.43993 -10.9841 
v 41.7381 4.44054 -10.7225 
v 41.6983 4.89834 -10.7848 
v 41.7081 5.05933 -10.8204 
v 41.6404 5.01764 -11.0867 
v 41.6623 4.87024 -11.0541 
v 41.7081 5.05933 -10.8204 
v 41.6983 4.89834 -10.7848 
v 41.7081 5.05933 -10.8204 
v 41.6404 5.01764 -11.0867 
v 41.3978 5.36024 -10.8072 
v 41.5662 5.33803 -10.7462 
v 41.5932 5.30805 -10.9772 
v 41.433 5.34357 -11.0601 
v 41.7687 5.03649 -10.5999 
v 41.8255 5.00536 -10.7971 
v 41.7603 5.19404 -10.8585 
v 41.7157 5.23696 -10.6584 
v 41.298 5.30844 -11.0791 
v 41.2461 5.18594 -11.0957 
v 41.2309 5.17823 -10.8465 
v 41.3068 5.30337 -10.8377 
v 41.6855 4.68682 -10.5152 
v 41.776 4.65296 -10.7078 
v 41.8324 4.87115 -10.7455 
v 41.7403 4.89129 -10.5602 
v 41.6344 4.98393 -10.6559 
v 41.6158 5.16255 -10.6911 
v 41.7102 5.11963 -10.9009 
v 41.7666 4.9528 -10.8356 
v 41.4541 5.24008 -11.0635 
v 41.4188 5.25675 -10.8106 
v 41.2309 5.17823 -10.8465 
v 41.2461 5.18594 -11.0957 
v 41.616 4.67289 -10.5894 
v 41.5978 4.85911 -10.6288 
v 41.7652 4.83898 -10.7805 
v 41.7066 4.63903 -10.7483 
v 41.513 5.24929 -10.7693 
v 41.5782 5.21931 -11.0004 
v 41.5782 5.21931 -11.0004 
v 41.4541 5.24008 -11.0635 
v 41.6344 4.98393 -10.6559 
v 41.6158 5.16255 -10.6911 
v 41.7102 5.11963 -10.9009 
v 41.7666 4.9528 -10.8356 
v 41.4188 5.25675 -10.8106 
v 41.2309 5.17823 -10.8465 
v 41.2461 5.18594 -11.0957 
v 41.616 4.67289 -10.5894 
v 41.5978 4.85911 -10.6288 
v 41.7652 4.83898 -10.7805 
v 41.7066 4.63903 -10.7483 
v 41.7066 4.63903 -10.7483 
v 41.616 4.67289 -10.5894 
v 41.513 5.24929 -10.7693 
v 41.513 5.24929 -10.7693 
v 41.5782 5.21931 -11.0004 
v 41.61 4.83225 -10.4299 
v 41.579 4.52129 -10.4143 
v 41.7708 4.53077 -10.5299 
v 41.783 4.83331 -10.5505 
v 41.5905 5.10156 -10.4635 
v 41.7349 5.10874 -10.6356 
v 41.6831 5.22325 -10.6851 
v 41.5365 5.19799 -10.5033 
v 41.2704 5.22163 -10.6028 
v 41.4434 5.25963 -10.5562 
v 41.5919 5.30122 -10.7468 
v 41.3621 5.33414 -10.8165 
v 41.2723 5.23679 -10.8338 
v 41.2338 5.16719 -10.6117 
v 41.5348 4.81687 -10.5096 
v 41.7251 4.81793 -10.6302 
v 41.716 4.52867 -10.6142 
v 41.5242 4.51919 -10.4986 
v 41.5159 5.04632 -10.5224 
v 41.6806 5.0535 -10.6945 
v 41.6436 5.14817 -10.7284 
v 41.4704 5.12838 -10.5454 
v 41.252 5.16647 -10.6103 
v 41.3656 5.23378 -10.8089 
v 41.5657 5.20822 -10.776 
v 41.3848 5.17706 -10.583 
v 41.2309 5.17823 -10.8498 
v 41.2279 5.15534 -10.6127 
v 41.7251 4.81793 -10.6302 
v 41.716 4.52867 -10.6142 
v 41.716 4.52867 -10.6142 
v 41.5242 4.51919 -10.4986 
v 41.5242 4.51919 -10.4986 
v 41.5348 4.81687 -10.5096 
v 41.6806 5.0535 -10.6945 
v 41.5159 5.04632 -10.5224 
v 41.6436 5.14817 -10.7284 
v 41.4704 5.12838 -10.5454 
v 41.3656 5.23378 -10.8089 
v 41.5657 5.20822 -10.776 
v 41.3848 5.17706 -10.583 
v 41.252 5.16647 -10.6103 
v 41.2309 5.17823 -10.8498 
v 41.2279 5.15534 -10.6127 
v 41.2309 5.17823 -10.8498 
v 41.2279 5.15534 -10.6127 
v 41.5657 5.20822 -10.776 
v 41.3848 5.17706 -10.583 
v 41.4474 4.95291 -10.2622 
v 41.4752 4.80834 -10.231 
v 41.6288 4.84728 -10.311 
v 41.6035 5.01252 -10.3464 
v 41.3353 5.15047 -10.3617 
v 41.3707 5.11674 -10.3344 
v 41.5015 5.18659 -10.4244 
v 41.398 5.23133 -10.4777 
v 41.4545 4.58089 -10.2028 
v 41.6072 4.6386 -10.2837 
v 41.4094 4.91062 -10.3529 
v 41.5656 4.97023 -10.4372 
v 41.5825 4.82793 -10.4052 
v 41.4288 4.78898 -10.3252 
v 41.2997 5.09051 -10.4343 
v 41.3614 5.15393 -10.5493 
v 41.4859 5.1093 -10.4929 
v 41.3552 5.03946 -10.4029 
v 41.5583 4.62983 -10.3786 
v 41.4056 4.57212 -10.2977 
v 41.5656 4.97023 -10.4372 
v 41.5825 4.82793 -10.4052 
v 41.4288 4.78898 -10.3252 
v 41.4094 4.91062 -10.3529 
v 41.3614 5.15393 -10.5493 
v 41.4859 5.1093 -10.4929 
v 41.3552 5.03946 -10.4029 
v 41.2997 5.09051 -10.4343 
v 41.5583 4.62983 -10.3786 
v 41.5583 4.62983 -10.3786 
v 41.4056 4.57212 -10.2977 
v 41.4056 4.57212 -10.2977 
v 41.3552 5.03946 -10.4029 
v 41.4859 5.1093 -10.4929 
v 41.2247 5.09737 -10.4765 
v 41.2774 5.14263 -10.4004 
v 41.2825 5.23285 -10.5385 
v 41.2279 5.15534 -10.6127 
v 41.2279 5.15534 -10.6127 
v 41.2247 5.09737 -10.4765 
v 41.2279 5.15534 -10.6127 
v 41.2247 5.09737 -10.4765 
v 41.1979 4.49495 -10.2258 
v 41.3906 4.50181 -10.3106 
v 41.4029 4.73375 -10.3089 
v 41.2047 4.74485 -10.2269 
v 41.3923 4.92637 -10.3184 
v 41.1953 4.92181 -10.2439 
v 41.1689 5.08044 -10.3224 
v 41.3231 5.08002 -10.3689 
v 41.2477 5.10646 -10.4426 
v 41.136 5.05173 -10.4152 
v 41.1631 4.49667 -10.3053 
v 41.171 4.74216 -10.3068 
v 41.3693 4.73105 -10.3887 
v 41.3557 4.50353 -10.3901 
v 41.1663 4.89986 -10.3217 
v 41.3633 4.90442 -10.3962 
v 41.1509 5.0197 -10.3753 
v 41.136 5.05173 -10.4152 
v 41.2477 5.10646 -10.4426 
v 41.3052 5.01927 -10.4218 
v 41.1631 4.49667 -10.3053 
v 41.171 4.74216 -10.3068 
v 41.3693 4.73105 -10.3887 
v 41.3557 4.50353 -10.3901 
v 41.3557 4.50353 -10.3901 
v 41.1631 4.49667 -10.3053 
v 41.1663 4.89986 -10.3217 
v 41.3633 4.90442 -10.3962 
v 41.1509 5.0197 -10.3753 
v 41.136 5.05173 -10.4152 
v 41.2477 5.10646 -10.4426 
v 41.3052 5.01927 -10.4218 
v 41.1663 4.89986 -10.3217 
v 41.3633 4.90442 -10.3962 
v 41.2427 5.23909 -11.3636 
v 41.2447 5.18781 -11.5121 
v 41.2336 5.14165 -11.5003 
v 41.2342 5.14607 -11.3558 
v 41.5132 5.28005 -11.397 
v 41.4936 5.21832 -11.5633 
v 41.3247 5.21612 -11.5439 
v 41.3354 5.27312 -11.3762 
v 41.5706 5.17328 -11.573 
v 41.604 5.21357 -11.3966 
v 41.6117 5.08867 -11.5826 
v 41.6586 5.10781 -11.3961 
v 41.6408 4.91297 -11.3683 
v 41.585 4.8605 -11.5495 
v 41.3569 5.16739 -11.3432 
v 41.2342 5.14607 -11.3558 
v 41.2336 5.14165 -11.5003 
v 41.3461 5.11039 -11.5214 
v 41.4708 5.15446 -11.34 
v 41.4512 5.09273 -11.5226 
v 41.5462 5.11385 -11.3516 
v 41.5122 5.07386 -11.5302 
v 41.5373 5.01507 -11.5377 
v 41.4986 4.83666 -11.518 
v 41.555 4.88884 -11.3425 
v 41.5857 5.03361 -11.3631 
v 41.3569 5.16739 -11.3432 
v 41.2342 5.14607 -11.3558 
v 41.2336 5.14165 -11.5003 
v 41.3461 5.11039 -11.5214 
v 41.4708 5.15446 -11.34 
v 41.4512 5.09273 -11.5226 
v 41.5462 5.11385 -11.3516 
v 41.5122 5.07386 -11.5302 
v 41.4986 4.83666 -11.518 
v 41.5373 5.01507 -11.5377 
v 41.5857 5.03361 -11.3631 
v 41.555 4.88884 -11.3425 
v 41.5038 4.68373 -11.501 
v 41.6006 4.66492 -11.5211 
v 41.6639 4.74595 -11.3445 
v 41.5672 4.76475 -11.3248 
v 41.5462 5.11385 -11.3516 
v 41.5122 5.07386 -11.5302 
v 41.5672 4.76475 -11.3248 
v 41.5038 4.68373 -11.501 
v 41.5672 4.76475 -11.3248 
v 41.5038 4.68373 -11.501 
v 40.3371 4.72634 -11.6341 
v 40.2931 4.73583 -11.4145 
v 40.3556 4.9119 -11.427 
v 40.3951 4.89503 -11.6494 
v 41.2055 5.22163 -11.5564 
v 40.8795 5.30058 -11.6143 
v 40.8565 5.34463 -11.3817 
v 41.1408 5.33414 -11.333 
v 41.232 5.23679 -11.3269 
v 41.2429 5.16719 -11.5521 
v 40.4363 4.72424 -11.6177 
v 40.4877 4.8591 -11.6399 
v 40.4434 4.86035 -11.4145 
v 40.3924 4.73372 -11.3981 
v 41.2751 5.17823 -11.3161 
v 41.1364 5.19484 -11.3402 
v 41.2247 5.12753 -11.5512 
v 41.2489 5.15534 -11.5518 
v 40.3924 4.73372 -11.3981 
v 40.4363 4.72424 -11.6177 
v 40.4877 4.8591 -11.6399 
v 40.4363 4.72424 -11.6177 
v 40.3924 4.73372 -11.3981 
v 40.4434 4.86035 -11.4145 
v 40.9023 5.11125 -11.3834 
v 41.1364 5.19484 -11.3402 
v 41.2751 5.17823 -11.3161 
v 41.1364 5.19484 -11.3402 
v 41.2247 5.12753 -11.5512 
v 41.2489 5.15534 -11.5518 
v 41.2751 5.17823 -11.3161 
v 41.2489 5.15534 -11.5518 
v 40.9023 5.11125 -11.3834 
v 40.9476 5.14026 -11.6304 
v 40.9476 5.14026 -11.6304 
v 40.4695 5.13766 -11.4183 
v 40.5445 5.03063 -11.4101 
v 40.7348 5.11356 -11.3975 
v 40.6747 5.2849 -11.4007 
v 40.5891 5.03861 -11.6421 
v 40.7798 5.13225 -11.6372 
v 40.7348 5.11356 -11.3975 
v 40.5445 5.03063 -11.4101 
v 40.504 5.11249 -11.6437 
v 40.7033 5.25013 -11.6298 
v 40.7798 5.13225 -11.6372 
v 40.5891 5.03861 -11.6421 
v 40.9023 5.11125 -11.3834 
v 40.9476 5.14026 -11.6304 
v 41.3279 5.1732 -10.9599 
v 41.2258 5.1732 -10.9739 
v 41.3175 5.34061 -10.9613 
v 41.3913 5.26581 -10.9511 
v 41.738 5.2785 -10.9033 
v 41.7415 5.38663 -10.9029 
v 41.7175 5.38663 -10.7294 
v 41.7141 5.2785 -10.7299 
v 41.3674 5.26581 -10.7777 
v 41.2936 5.34061 -10.7879 
v 41.2019 5.1732 -10.8005 
v 41.304 5.1732 -10.7864 
v 41.304 5.1732 -10.7864 
v 41.2019 5.1732 -10.8005 
v 41.2258 5.1732 -10.9739 
v 41.3279 5.1732 -10.9599 
v 41.3913 5.26581 -10.9511 
v 41.3674 5.26581 -10.7777 
v 41.4123 5.3917 -10.9482 
v 41.4443 5.30239 -10.9438 
v 41.4443 5.30239 -10.9438 
v 41.4204 5.30239 -10.7704 
v 41.4204 5.30239 -10.7704 
v 41.3884 5.3917 -10.7748 
v 41.52 5.3083 -10.9334 
v 41.527 5.41112 -10.9324 
v 41.632 5.40735 -10.918 
v 41.6268 5.30193 -10.9187 
v 41.496 5.3083 -10.76 
v 41.52 5.3083 -10.9334 
v 41.6268 5.30193 -10.9187 
v 41.6029 5.30193 -10.7452 
v 41.6029 5.30193 -10.7452 
v 41.6081 5.40735 -10.7445 
v 41.5031 5.41112 -10.759 
v 41.496 5.3083 -10.76 
v 41.4443 5.30239 -10.9438 
v 41.4204 5.30239 -10.7704 
v 41.738 5.2785 -10.9033 
v 41.738 5.2785 -10.9033 
v 41.7141 5.2785 -10.7299 
v 41.7141 5.2785 -10.7299 
v 40.9813 4.63695 -11.9158 
v 40.8629 4.63895 -11.7826 
v 40.7774 4.68261 -11.8667 
v 40.8958 4.68061 -11.9999 
v 41.1573 5.31682 -11.7972 
v 40.9768 5.31682 -11.7242 
v 41.0093 5.31594 -11.6735 
v 41.1768 5.28288 -11.7071 
v 41.2093 5.18781 -11.6512 
v 41.041 5.239 -11.6061 
v 41.041 5.10517 -11.6061 
v 41.2421 5.09535 -11.6053 
v 41.2085 5.10005 -11.6838 
v 41.0093 5.10505 -11.6735 
v 40.9768 5.10493 -11.7242 
v 41.1501 5.10493 -11.7785 
v 40.9768 5.10493 -11.7242 
v 41.0093 5.10505 -11.6735 
v 41.2085 5.10005 -11.6838 
v 41.1501 5.10493 -11.7785 
v 40.937 5.09253 -11.7586 
v 41.1159 5.09152 -11.8439 
v 40.9768 5.10493 -11.7242 
v 40.9033 5.26415 -11.8292 
v 40.937 5.09253 -11.7586 
v 41.0822 5.26315 -11.9145 
v 41.1501 5.10493 -11.7785 
v 41.1159 5.09152 -11.8439 
v 41.0516 5.04298 -11.8965 
v 40.8865 5.04498 -11.7864 
v 40.8597 4.91595 -11.7987 
v 41.0033 4.91395 -11.9282 
v 40.8865 5.04498 -11.7864 
v 40.82 5.13033 -11.8869 
v 40.7804 4.98233 -11.8892 
v 40.8597 4.91595 -11.7987 
v 40.9851 5.12833 -11.997 
v 40.924 4.98033 -12.0188 
v 41.0516 5.04298 -11.8965 
v 41.0033 4.91395 -11.9282 
v 40.7688 4.8051 -11.8783 
v 40.895 4.8031 -12.0168 
v 40.8554 4.76144 -11.7949 
v 40.8629 4.63895 -11.7826 
v 40.9815 4.75944 -11.9334 
v 40.8554 4.76144 -11.7949 
v 40.8629 4.63895 -11.7826 
v 40.9813 4.63695 -11.9158 
v 40.9815 4.75944 -11.9334 
v 40.9813 4.63695 -11.9158 
v 41.2421 5.09535 -11.6053 
v 41.2421 5.09535 -11.6053 
v 41.041 5.10517 -11.6061 
v 41.041 5.10517 -11.6061 
v 41.53 5.39474 -11.1221 
v 41.4906 5.49406 -11.133 
v 41.4396 5.49202 -10.9655 
v 41.479 5.3927 -10.9546 
v 41.3323 5.23528 -11.1841 
v 41.2658 5.30831 -11.2035 
v 41.3654 5.4255 -11.1719 
v 41.4218 5.33978 -11.1557 
v 41.2813 5.23325 -11.0166 
v 41.3323 5.23528 -11.1841 
v 41.4218 5.33978 -11.1557 
v 41.3709 5.33775 -10.9882 
v 41.3709 5.33775 -10.9882 
v 41.3145 5.42346 -11.0044 
v 41.2148 5.30627 -11.0361 
v 41.2813 5.23325 -11.0166 
v 41.2957 5.16414 -11.196 
v 41.2139 5.19712 -11.2205 
v 41.2447 5.16211 -11.0285 
v 41.2957 5.16414 -11.196 
v 41.1629 5.19508 -11.0531 
v 41.2447 5.16211 -11.0285 
v 41.53 5.39474 -11.1221 
v 41.53 5.39474 -11.1221 
v 41.479 5.3927 -10.9546 
v 41.479 5.3927 -10.9546 
v 41.1208 5.16743 -10.8071 
v 41.0865 5.26967 -10.7723 
v 41.1681 5.32763 -10.8024 
v 41.2102 5.14733 -10.8546 
v 40.7859 5.35025 -10.61 
v 40.8623 5.32044 -10.4551 
v 40.884 5.42591 -10.4473 
v 40.8076 5.45571 -10.6023 
v 41.1629 5.23986 -10.6174 
v 41.1973 5.13762 -10.6521 
v 41.2866 5.11753 -10.6997 
v 41.2445 5.29782 -10.6475 
v 41.1973 5.13762 -10.6521 
v 41.1629 5.23986 -10.6174 
v 41.0865 5.26967 -10.7723 
v 41.1208 5.16743 -10.8071 
v 41.0484 5.31555 -10.7455 
v 41.0968 5.3958 -10.7553 
v 41.1248 5.28575 -10.5906 
v 41.0484 5.31555 -10.7455 
v 41.1248 5.28575 -10.5906 
v 41.1732 5.366 -10.6004 
v 40.9836 5.33618 -10.7099 
v 40.8886 5.35104 -10.6605 
v 40.9081 5.45424 -10.6521 
v 41.0009 5.4372 -10.7008 
v 41.06 5.30638 -10.555 
v 40.965 5.32123 -10.5056 
v 40.8886 5.35104 -10.6605 
v 40.9836 5.33618 -10.7099 
v 40.965 5.32123 -10.5056 
v 41.06 5.30638 -10.555 
v 41.0773 5.4074 -10.5459 
v 40.9845 5.42444 -10.4971 
v 41.0484 5.31555 -10.7455 
v 41.1248 5.28575 -10.5906 
v 40.7859 5.35025 -10.61 
v 40.8623 5.32044 -10.4551 
v 40.7859 5.35025 -10.61 
v 40.8623 5.32044 -10.4551 
v 40.9975 5.2311 -11.0171 
v 41.4177 5.1824 -10.8442 
v 41.435 5.1824 -10.9312 
v 41.319 5.1824 -10.6967 
v 41.1715 5.1824 -10.598 
v 40.9975 5.1824 -10.5634 
v 41.1715 5.1824 -11.4385 
v 40.9975 5.1824 -11.473 
v 41.2531 5.1824 -11.3838 
v 41.4177 5.1824 -11.1923 
v 41.319 5.1824 -11.3398 
v 41.4523 5.1824 -11.0182 
v 41.604 5.11161 -10.8965 
v 41.628 5.11161 -11.0171 
v 41.4433 5.11161 -10.5713 
v 41.58 5.11161 -10.7759 
v 41.2388 5.11161 -10.4346 
v 40.9975 5.11161 -10.3866 
v 41.2421 5.09535 -11.6053 
v 40.9975 5.11161 -11.6476 
v 41.3518 5.11161 -11.5241 
v 41.58 5.11161 -11.2585 
v 41.4433 5.11161 -11.463 
v 41.6539 5.01195 -10.8865 
v 41.6798 5.01195 -11.0171 
v 41.48 5.01195 -10.5347 
v 41.6279 5.01195 -10.756 
v 41.2586 5.01195 -10.3868 
v 40.9975 5.01195 -10.3348 
v 41.381 5.01195 -11.5658 
v 41.6279 5.01195 -11.2783 
v 41.48 5.01195 -11.4996 
v 41.6543 4.67795 -10.8674 
v 41.6802 4.64202 -10.9789 
v 41.68 4.83225 -10.9985 
v 41.6541 4.8497 -10.8773 
v 41.4797 4.76846 -10.5347 
v 41.4794 4.51071 -10.5347 
v 41.6284 4.61647 -10.756 
v 41.6281 4.81984 -10.756 
v 41.2743 4.74893 -10.3633 
v 41.4954 4.76132 -10.5112 
v 40.9975 4.74716 -10.3348 
v 40.9975 4.48593 -10.3348 
v 41.2586 4.45918 -10.3868 
v 41.2586 4.74716 -10.3868 
v 41.6243 4.63651 -11.2783 
v 41.6262 4.82957 -11.2783 
v 41.6209 4.27728 -11.2783 
v 41.6224 4.43525 -11.2569 
v 41.6804 4.4504 -11.0049 
v 41.6805 4.29657 -11.0569 
v 41.4837 4.90488 -11.4996 
v 41.4818 4.95994 -11.4996 
v 41.3842 4.96616 -11.5658 
v 41.3826 4.98971 -11.5658 
v 41.4793 4.42492 -10.5347 
v 41.6199 4.52297 -10.7432 
v 41.2586 4.36155 -10.3868 
v 40.9975 4.36155 -10.3348 
v 41.6234 4.5367 -11.2677 
v 41.6803 4.54699 -10.9896 
v 41.4791 4.30819 -10.5347 
v 41.5924 4.43091 -10.7024 
v 41.2586 4.23206 -10.3868 
v 40.9963 4.21977 -10.3322 
v 40.9975 5.2311 -11.0171 
v 40.5427 5.1824 -11.0182 
v 40.56 5.1824 -10.9312 
v 40.5774 5.1824 -10.8442 
v 40.676 5.1824 -10.6967 
v 40.8235 5.1824 -10.598 
v 40.9975 5.1824 -10.5634 
v 40.9975 5.1824 -11.473 
v 40.8235 5.1824 -11.4385 
v 40.7419 5.1824 -11.3838 
v 40.676 5.1824 -11.3398 
v 40.5774 5.1824 -11.1923 
v 40.3671 5.11161 -11.0171 
v 40.391 5.11161 -10.8965 
v 40.415 5.11161 -10.7759 
v 40.5517 5.11161 -10.5713 
v 40.7562 5.11161 -10.4346 
v 40.9975 5.11161 -10.3866 
v 40.9975 5.11161 -11.6476 
v 40.7562 5.11161 -11.5997 
v 40.6432 5.11161 -11.5241 
v 40.5517 5.11161 -11.463 
v 40.415 5.11161 -11.2585 
v 40.3152 5.01195 -11.0171 
v 40.3411 5.01195 -10.8865 
v 40.3671 5.01195 -10.756 
v 40.515 5.01195 -10.5347 
v 40.7364 5.01195 -10.3868 
v 40.7333 5.01714 -10.3711 
v 40.9944 5.01714 -10.3191 
v 40.614 5.01195 -11.5658 
v 40.515 5.01195 -11.4996 
v 40.3671 5.01195 -11.2783 
v 40.3407 4.67795 -10.8674 
v 40.3409 4.84382 -10.8769 
v 40.315 4.82573 -10.9979 
v 40.3148 4.64202 -10.9789 
v 40.5153 4.75963 -10.5347 
v 40.3669 4.81287 -10.756 
v 40.3666 4.61647 -10.756 
v 40.5156 4.51071 -10.5347 
v 40.7364 4.74716 -10.3868 
v 40.7364 4.48593 -10.3868 
v 40.9906 4.74973 -10.2998 
v 40.7294 4.74973 -10.3519 
v 40.7256 4.48593 -10.3449 
v 40.9868 4.48593 -10.2929 
v 40.3707 4.63651 -11.2783 
v 40.3689 4.82296 -11.2783 
v 40.3741 4.27728 -11.2783 
v 40.3145 4.29657 -11.0569 
v 40.3147 4.4504 -11.0049 
v 40.3726 4.43525 -11.2569 
v 40.5131 4.95805 -11.4996 
v 40.5113 4.90488 -11.4996 
v 40.6108 4.96616 -11.5658 
v 40.6124 4.9889 -11.5658 
v 40.4063 4.53737 -10.7181 
v 40.5158 4.42492 -10.5347 
v 40.7364 4.33447 -10.3868 
v 40.7256 4.33447 -10.3329 
v 40.9868 4.36155 -10.2808 
v 40.3716 4.5367 -11.2677 
v 40.3147 4.54699 -10.9896 
v 40.4026 4.43091 -10.7024 
v 40.5159 4.30819 -10.5347 
v 40.7364 4.23206 -10.3868 
v 40.9975 4.36155 -10.3348 
v 40.9963 4.21977 -10.3322 
v 41.5779 4.44447 -11.0067 
v 41.578 4.31372 -11.051 
v 41.5032 4.4279 -10.7496 
v 41.5265 4.50615 -10.7843 
v 41.4068 4.32359 -10.6071 
v 41.5032 4.4279 -10.7496 
v 41.2195 4.25888 -10.4814 
v 41.2586 4.16911 -10.3868 
v 40.9963 4.24682 -10.4346 
v 41.2195 4.19593 -10.4814 
v 41.5287 4.43159 -11.2209 
v 41.5295 4.51782 -11.2301 
v 41.5274 4.29731 -11.2391 
v 41.578 4.31372 -11.051 
v 41.5274 4.29731 -11.2391 
v 41.5303 4.60266 -11.2391 
v 41.4108 4.83077 -11.4272 
v 41.3262 4.88286 -11.4835 
v 41.2195 5.01907 -11.553 
v 41.5778 4.60735 -10.9846 
v 41.5779 4.52657 -10.9937 
v 41.5558 4.64519 -10.8899 
v 41.5337 4.58563 -10.7951 
v 40.417 4.31372 -11.051 
v 40.4171 4.44447 -11.0067 
v 40.4996 4.52054 -10.7592 
v 40.4918 4.4279 -10.7496 
v 40.4026 4.39051 -10.7024 
v 40.4918 4.3875 -10.7496 
v 40.5882 4.32359 -10.6071 
v 40.7756 4.25888 -10.4814 
v 40.9963 4.24682 -10.4346 
v 40.4655 4.51782 -11.2301 
v 40.4663 4.43159 -11.2209 
v 40.4676 4.29731 -11.2391 
v 40.4676 4.29731 -11.2391 
v 40.417 4.31372 -11.051 
v 40.5842 4.83077 -11.4272 
v 40.4647 4.60266 -11.2391 
v 40.6688 4.88286 -11.4835 
v 40.7756 5.04365 -11.5809 
v 40.4172 4.52657 -10.9937 
v 40.4172 4.60735 -10.9846 
v 40.4393 4.64519 -10.8899 
v 40.4613 4.58563 -10.7951 
v 40.9953 5.03021 -11.604 
v 40.9953 5.03021 -11.604 
v 40.9975 5.01195 -10.3348 
v 40.9975 4.48593 -10.3348 
v 40.9975 4.74716 -10.3348 
v 41.5108 4.51069 -10.4878 
v 41.29 4.45916 -10.3399 
v 40.9963 4.24682 -10.4346 
v 41.2195 4.25888 -10.4814 
v 41.2195 4.19593 -10.4814 
v 41.2195 4.19593 -10.4814 
v 40.4918 4.3875 -10.7496 
v 40.5882 4.32359 -10.6071 
v 41.578 4.31372 -11.051 
v 41.5779 4.44447 -11.0067 
v 41.4091 4.72817 -10.9554 
v 41.4092 4.63544 -10.9868 
v 41.5265 4.50615 -10.7843 
v 41.5032 4.4279 -10.7496 
v 41.3561 4.71642 -10.7731 
v 41.3727 4.77191 -10.7977 
v 41.4068 4.32359 -10.6071 
v 41.2878 4.64244 -10.672 
v 41.1549 4.59655 -10.5828 
v 40.9966 4.588 -10.5497 
v 41.5295 4.51782 -11.2301 
v 41.5287 4.43159 -11.2209 
v 41.3742 4.71904 -11.1073 
v 41.3748 4.78019 -11.1138 
v 41.5274 4.29731 -11.2391 
v 41.3733 4.62381 -11.1202 
v 41.4108 4.83077 -11.4272 
v 41.5303 4.60266 -11.2391 
v 41.3754 4.84036 -11.1202 
v 41.2906 5.00213 -11.2537 
v 41.3262 4.88286 -11.4835 
v 41.2306 5.03908 -11.2936 
v 41.2195 5.01907 -11.553 
v 41.1549 5.13567 -11.3429 
v 41.5779 4.52657 -10.9937 
v 41.5778 4.60735 -10.9846 
v 41.409 4.84368 -10.9397 
v 41.4091 4.78639 -10.9462 
v 41.5558 4.64519 -10.8899 
v 41.3934 4.87052 -10.8725 
v 41.5337 4.58563 -10.7951 
v 41.3778 4.82828 -10.8054 
v 40.4171 4.44447 -11.0067 
v 40.417 4.31372 -11.051 
v 40.5858 4.63544 -10.9868 
v 40.5859 4.72817 -10.9554 
v 40.4918 4.4279 -10.7496 
v 40.4996 4.52054 -10.7592 
v 40.6444 4.78212 -10.7799 
v 40.6389 4.71642 -10.7731 
v 40.5882 4.32359 -10.6071 
v 40.7072 4.64244 -10.672 
v 40.7756 4.25888 -10.4814 
v 40.8401 4.59655 -10.5828 
v 40.9963 4.24682 -10.4346 
v 40.9966 4.588 -10.5497 
v 40.4663 4.43159 -11.2209 
v 40.4655 4.51782 -11.2301 
v 40.6202 4.78019 -11.1138 
v 40.6208 4.71904 -11.1073 
v 40.4676 4.29731 -11.2391 
v 40.6217 4.62381 -11.1202 
v 40.4647 4.60266 -11.2391 
v 40.5842 4.83077 -11.4272 
v 40.7044 5.00213 -11.2537 
v 40.6197 4.84036 -11.1202 
v 40.6688 4.88286 -11.4835 
v 40.7644 5.03908 -11.2936 
v 40.7756 5.04365 -11.5809 
v 40.8401 5.15311 -11.3626 
v 40.4172 4.60735 -10.9846 
v 40.4172 4.52657 -10.9937 
v 40.5859 4.78639 -10.9462 
v 40.586 4.84368 -10.9397 
v 40.4393 4.64519 -10.8899 
v 40.6016 4.87052 -10.8725 
v 40.4613 4.58563 -10.7951 
v 40.6172 4.82828 -10.8054 
v 40.9953 5.03021 -11.604 
v 40.9959 5.14357 -11.379 
v 40.9953 5.03021 -11.604 
v 40.9959 5.14357 -11.379 
v 40.9975 5.10833 -10.8303 
v 40.9975 5.10832 -10.8303 
v 40.9975 5.10832 -10.8303 
v 40.9975 5.10832 -10.8303 
v 40.9975 5.10832 -10.8303 
v 40.9975 5.10832 -10.8303 
v 40.9975 5.10832 -10.8303 
v 40.9975 5.10832 -10.8303 
v 40.9975 5.10832 -10.8303 
v 40.9976 5.10833 -10.8303 
v 40.9976 5.10834 -10.8303 
v 40.9976 5.10834 -10.8303 
v 40.9976 5.10834 -10.8303 
v 40.9976 5.10834 -10.8303 
v 40.9976 5.10834 -10.8303 
v 40.9976 5.10834 -10.8303 
v 40.9976 5.10833 -10.8303 
v 40.9976 5.10833 -10.8303 
v 40.9976 5.10833 -10.8303 
v 40.9975 5.10834 -10.8303 
v 40.9975 5.10834 -10.8303 
v 40.9975 5.10834 -10.8303 
v 40.9975 5.10835 -10.8303 
v 40.9975 5.10835 -10.8303 
v 40.9975 5.10835 -10.8303 
v 40.9975 5.10835 -10.8303 
v 40.9975 5.10834 -10.8303 
v 40.9975 5.10834 -10.8303 
v 40.9975 5.10834 -10.8303 
v 40.9975 5.10833 -10.8303 
v 40.9975 5.10833 -10.8303 
v 40.9975 5.10833 -10.8303 
v 40.9975 5.10834 -10.8303 
v 40.9975 5.10834 -10.8303 
v 40.9975 5.10834 -10.8303 
v 40.9975 5.10834 -10.8303 
v 40.9975 5.10834 -10.8303 
v 40.9975 5.10834 -10.8303 
v 40.3355 4.35444 -11.0462 
v 40.3263 4.4036 -10.9514 
v 40.3265 4.55776 -10.9695 
v 40.3323 4.50845 -11.0784 
v 40.3251 4.65217 -10.9875 
v 40.3403 4.60368 -11.111 
v 40.384 4.35553 -11.0431 
v 40.3808 4.50992 -11.0763 
v 40.375 4.55923 -10.9674 
v 40.3748 4.40468 -10.9483 
v 40.3889 4.60543 -11.1103 
v 40.3737 4.65392 -10.9868 
v 40.384 4.35553 -11.0431 
v 40.3748 4.40468 -10.9483 
v 40.3748 4.40468 -10.9483 
v 40.375 4.55923 -10.9674 
v 40.3808 4.50992 -11.0763 
v 40.384 4.35553 -11.0431 
v 40.3737 4.65392 -10.9868 
v 40.3889 4.60543 -11.1103 
v 41.6595 4.35444 -11.0462 
v 41.6627 4.50845 -11.0784 
v 41.6686 4.55776 -10.9695 
v 41.6687 4.4036 -10.9514 
v 41.6547 4.60368 -11.111 
v 41.6699 4.65217 -10.9875 
v 41.611 4.35553 -11.0431 
v 41.6203 4.40468 -10.9483 
v 41.62 4.55923 -10.9674 
v 41.6142 4.50992 -11.0763 
v 41.6213 4.65392 -10.9868 
v 41.6061 4.60543 -11.1103 
v 41.611 4.35553 -11.0431 
v 41.6203 4.40468 -10.9483 
v 41.6203 4.40468 -10.9483 
v 41.62 4.55923 -10.9674 
v 41.6142 4.50992 -11.0763 
v 41.611 4.35553 -11.0431 
v 41.6213 4.65392 -10.9868 
v 41.6061 4.60543 -11.1103 

vn -0.944882 0.00787402 -0.322835 
vn -0.944882 0.00787402 -0.322835 
vn -0.944882 0.00787402 -0.322835 
vn -0.905512 -0.0472441 -0.417323 
vn -0.937008 0.0944882 -0.330709 
vn -0.968504 0 -0.244094 
vn -0.448819 0.889764 -0.0866142 
vn -0.448819 0.889764 -0.0866142 
vn -0.448819 0.889764 -0.0866142 
vn -0.464567 0.88189 -0.0551181 
vn 0.0551181 0.984252 -0.188976 
vn 0.0551181 0.984252 -0.188976 
vn 0.0551181 0.984252 -0.188976 
vn -0.015748 1 -0.0393701 
vn 0.598425 0.76378 -0.23622 
vn 0.598425 0.76378 -0.23622 
vn 0.88189 0.0629921 0.464567 
vn 0.88189 0.0629921 0.464567 
vn 0.88189 0.0629921 0.464567 
vn 0.944882 -0.015748 0.338583 
vn 0.968504 0.00787402 0.244094 
vn 0.968504 0.00787402 0.244094 
vn 0.480315 -0.874016 0.0944882 
vn 0.480315 -0.874016 0.0944882 
vn 0.480315 -0.874016 0.0944882 
vn 0.488189 -0.866142 0.0866142 
vn -0.0472441 -1 0.0314961 
vn -0.0472441 -1 0.0314961 
vn -0.0472441 -1 0.0314961 
vn -0.0629921 -1 0.0551181 
vn -0.0393701 -1 0.0551181 
vn -0.102362 -0.984252 0.125984 
vn 0.88189 0.0629921 0.464567 
vn 0.944882 -0.015748 0.338583 
vn 0.88189 0.0629921 0.464567 
vn 0.88189 0.0629921 0.464567 
vn 0.88189 0.0629921 0.464567 
vn 0.88189 0.0629921 0.464567 
vn 0.968504 0.00787402 0.244094 
vn 0.968504 0.00787402 0.244094 
vn 0.488189 -0.866142 0.0866142 
vn 0.480315 -0.874016 0.0944882 
vn 0.480315 -0.874016 0.0944882 
vn 0.480315 -0.874016 0.0944882 
vn -0.0629921 -1 0.0551181 
vn -0.0472441 -1 0.0314961 
vn -0.0472441 -1 0.0314961 
vn -0.0472441 -1 0.0314961 
vn -0.102362 -0.984252 0.125984 
vn -0.0393701 -1 0.0551181 
vn -0.0393701 -1 0.0551181 
vn -0.102362 -0.984252 0.125984 
vn 0.480315 -0.874016 0.0944882 
vn 0.488189 -0.866142 0.0866142 
vn 0.944882 0.314961 -0.0629921 
vn 0.944882 0.314961 -0.0629921 
vn 0.944882 0.314961 -0.0629921 
vn 0.952756 0.307087 -0.0551181 
vn -0.102362 0.952756 -0.291339 
vn -0.102362 0.952756 -0.291339 
vn -0.102362 0.952756 -0.291339 
vn -0.0944882 0.952756 -0.283465 
vn -0.590551 0.685039 -0.425197 
vn -0.590551 0.685039 -0.425197 
vn -0.590551 0.685039 -0.425197 
vn -0.606299 0.629921 -0.488189 
vn -0.826772 0.165354 -0.535433 
vn -0.826772 0.165354 -0.535433 
vn -0.826772 0.165354 -0.535433 
vn -0.818898 0.11811 -0.559055 
vn -0.826772 -0.165354 -0.535433 
vn -0.826772 -0.15748 -0.535433 
vn -0.417323 -0.897638 -0.11811 
vn -0.417323 -0.897638 -0.11811 
vn 0.944882 0.314961 -0.0629921 
vn 0.944882 0.314961 -0.0629921 
vn 0.307087 -0.944882 0.125984 
vn 0.307087 -0.944882 0.125984 
vn 0.307087 -0.944882 0.125984 
vn 0.102362 -0.992126 -0.0629921 
vn 0.653543 -0.677165 0.338583 
vn 0.653543 -0.677165 0.338583 
vn 0.653543 -0.677165 0.338583 
vn 0.637795 -0.716535 0.291339 
vn 0.88189 -0.102362 0.456693 
vn 0.88189 -0.102362 0.456693 
vn 0.88189 -0.102362 0.456693 
vn 0.889764 -0.23622 0.385827 
vn 0.889764 0.149606 0.425197 
vn 0.889764 0.149606 0.425197 
vn -0.417323 -0.897638 -0.11811 
vn 0.944882 0.314961 -0.0629921 
vn 0.015748 0.181102 0.984252 
vn 0.944882 0.314961 -0.0629921 
vn -0.417323 -0.897638 -0.11811 
vn 0.259843 -0.338583 -0.905512 
vn 0.307087 -0.944882 0.125984 
vn 0.102362 -0.992126 -0.0629921 
vn 0.307087 -0.944882 0.125984 
vn 0.307087 -0.944882 0.125984 
vn 0.653543 -0.677165 0.338583 
vn 0.637795 -0.716535 0.291339 
vn 0.653543 -0.677165 0.338583 
vn 0.653543 -0.677165 0.338583 
vn 0.88189 -0.102362 0.456693 
vn 0.889764 -0.23622 0.385827 
vn 0.88189 -0.102362 0.456693 
vn 0.88189 -0.102362 0.456693 
vn 0.889764 0.149606 0.425197 
vn 0.889764 0.149606 0.425197 
vn 0.889764 0.149606 0.425197 
vn 0.889764 0.149606 0.425197 
vn 0.307087 -0.944882 0.125984 
vn 0.307087 -0.944882 0.125984 
vn 0.976378 0.220472 -0.0629921 
vn 0.976378 0.220472 -0.0629921 
vn 0.976378 0.220472 -0.0629921 
vn 0.952756 0.299213 -0.0393701 
vn -0.00787402 0.992126 -0.149606 
vn -0.00787402 0.992126 -0.149606 
vn -0.00787402 0.992126 -0.149606 
vn -0.0393701 0.992126 -0.110236 
vn -0.393701 0.92126 -0.015748 
vn -0.393701 0.92126 -0.015748 
vn -0.834646 0.511811 0.188976 
vn -0.834646 0.511811 0.188976 
vn -0.834646 0.511811 0.188976 
vn -0.818898 0.559055 0.141732 
vn -0.952756 0.141732 0.267717 
vn -0.952756 0.141732 0.267717 
vn -0.952756 0.141732 0.267717 
vn -0.944882 0.181102 0.275591 
vn 0.976378 0.220472 -0.0629921 
vn -0.307087 -0.944882 0.125984 
vn -0.307087 -0.944882 0.125984 
vn 0.976378 0.220472 -0.0629921 
vn 0.0472441 -0.992126 0.110236 
vn 0.0472441 -0.992126 0.110236 
vn 0.244094 -0.96063 0.110236 
vn 0.330709 -0.944882 0.023622 
vn 0.874016 -0.464567 -0.149606 
vn 0.874016 -0.464567 -0.149606 
vn 0.874016 -0.464567 -0.149606 
vn 0.897638 -0.393701 -0.204724 
vn 0.944882 -0.188976 -0.275591 
vn 0.944882 -0.188976 -0.275591 
vn 0.944882 -0.188976 -0.275591 
vn 0.952756 -0.149606 -0.267717 
vn 0.976378 0.220472 -0.0629921 
vn -0.307087 -0.944882 0.125984 
vn -0.307087 -0.944882 0.125984 
vn 0.976378 0.220472 -0.0629921 
vn 0.0472441 -0.992126 0.110236 
vn 0.0472441 -0.992126 0.110236 
vn 0.330709 -0.944882 0.023622 
vn 0.244094 -0.96063 0.110236 
vn 0.897638 -0.393701 -0.204724 
vn 0.874016 -0.464567 -0.149606 
vn 0.874016 -0.464567 -0.149606 
vn 0.874016 -0.464567 -0.149606 
vn 0.944882 -0.188976 -0.275591 
vn 0.952756 -0.149606 -0.267717 
vn 0.944882 -0.188976 -0.275591 
vn 0.944882 -0.188976 -0.275591 
vn 0.944882 -0.188976 -0.275591 
vn 0.944882 -0.188976 -0.275591 
vn -0.330709 -0.0551181 -0.944882 
vn -0.330709 -0.0551181 -0.944882 
vn -0.330709 -0.0551181 -0.944882 
vn -0.322835 -0.0551181 -0.944882 
vn 0.96063 -0.102362 -0.259843 
vn -0.330709 -0.0551181 -0.944882 
vn -0.330709 -0.0551181 -0.944882 
vn 0.96063 -0.110236 -0.259843 
vn 0.322835 0 0.944882 
vn 0.96063 -0.102362 -0.259843 
vn 0.96063 -0.110236 -0.259843 
vn 0.307087 0.00787402 0.952756 
vn 0.0472441 1 0.0551181 
vn 0.0472441 1 0.0551181 
vn 0.0472441 1 0.0551181 
vn -0.023622 1 0 
vn -0.645669 0.519685 0.566929 
vn -0.645669 0.519685 0.566929 
vn -0.645669 0.519685 0.566929 
vn -0.614173 0.543307 0.574803 
vn 0.92126 0.393701 0.0393701 
vn 0.92126 0.393701 0.0393701 
vn 0.92126 0.393701 0.0393701 
vn 0.897638 0.433071 0.0708661 
vn -0.677165 0.15748 0.724409 
vn -0.677165 0.15748 0.724409 
vn -0.677165 0.15748 0.724409 
vn -0.700787 0.110236 0.708661 
vn -0.307087 0.937008 0.181102 
vn -0.307087 0.937008 0.181102 
vn 0.023622 -1 0 
vn 0.023622 -1 0 
vn 0.023622 -1 0 
vn -0.0472441 -1 -0.0551181 
vn 0.614173 -0.535433 -0.574803 
vn 0.614173 -0.535433 -0.574803 
vn 0.614173 -0.535433 -0.574803 
vn 0.645669 -0.503937 -0.566929 
vn 0.897638 0.433071 0.0708661 
vn 0.92126 0.393701 0.0393701 
vn 0.700787 -0.0944882 -0.708661 
vn 0.700787 -0.0944882 -0.708661 
vn 0.700787 -0.0944882 -0.708661 
vn 0.677165 -0.149606 -0.724409 
vn 0.188976 -0.984252 -0.0393701 
vn 0.267717 -0.944882 -0.165354 
vn 0.023622 -1 0 
vn -0.0472441 -1 -0.0551181 
vn 0.023622 -1 0 
vn 0.023622 -1 0 
vn 0.614173 -0.535433 -0.574803 
vn 0.645669 -0.503937 -0.566929 
vn 0.614173 -0.535433 -0.574803 
vn 0.614173 -0.535433 -0.574803 
vn 0.92126 0.393701 0.0393701 
vn 0.897638 0.433071 0.0708661 
vn 0.700787 -0.0944882 -0.708661 
vn 0.677165 -0.149606 -0.724409 
vn 0.700787 -0.0944882 -0.708661 
vn 0.700787 -0.0944882 -0.708661 
vn 0.700787 -0.0944882 -0.708661 
vn 0.700787 -0.0944882 -0.708661 
vn 0.267717 -0.944882 -0.165354 
vn 0.188976 -0.984252 -0.0393701 
vn -0.566929 0.125984 0.811024 
vn -0.566929 0.125984 0.811024 
vn -0.566929 0.125984 0.811024 
vn -0.511811 0.0866142 0.858268 
vn -0.645669 0.322835 0.692913 
vn -0.645669 0.322835 0.692913 
vn -0.527559 0.700787 0.480315 
vn -0.527559 0.700787 0.480315 
vn -0.188976 0.96063 0.212598 
vn -0.188976 0.96063 0.212598 
vn -0.188976 0.96063 0.212598 
vn -0.188976 0.96063 0.212598 
vn 0.685039 0.724409 -0.015748 
vn 0.685039 0.724409 -0.015748 
vn 0.685039 0.724409 -0.015748 
vn 0.771654 0.637795 0.00787402 
vn 0.511811 -0.0866142 -0.858268 
vn 0.511811 -0.0866142 -0.858268 
vn 0.511811 -0.0866142 -0.858268 
vn 0.566929 -0.11811 -0.811024 
vn 0.559055 -0.220472 -0.80315 
vn 0.645669 -0.307087 -0.700787 
vn 0.606299 -0.590551 -0.527559 
vn 0.606299 -0.590551 -0.527559 
vn 0.212598 -0.952756 -0.228346 
vn 0.212598 -0.952756 -0.228346 
vn 0.212598 -0.952756 -0.228346 
vn 0.204724 -0.952756 -0.220472 
vn -0.519685 -0.850394 -0.0866142 
vn -0.519685 -0.850394 -0.0866142 
vn -0.519685 -0.850394 -0.0866142 
vn -0.464567 -0.88189 -0.0629921 
vn 0.566929 -0.11811 -0.811024 
vn 0.511811 -0.0866142 -0.858268 
vn 0.511811 -0.0866142 -0.858268 
vn 0.511811 -0.0866142 -0.858268 
vn 0.511811 -0.0866142 -0.858268 
vn 0.511811 -0.0866142 -0.858268 
vn 0.645669 -0.307087 -0.700787 
vn 0.559055 -0.220472 -0.80315 
vn 0.606299 -0.590551 -0.527559 
vn 0.606299 -0.590551 -0.527559 
vn 0.204724 -0.952756 -0.220472 
vn 0.212598 -0.952756 -0.228346 
vn 0.212598 -0.952756 -0.228346 
vn 0.212598 -0.952756 -0.228346 
vn -0.519685 -0.850394 -0.0866142 
vn -0.464567 -0.88189 -0.0629921 
vn -0.519685 -0.850394 -0.0866142 
vn -0.519685 -0.850394 -0.0866142 
vn -0.519685 -0.850394 -0.0866142 
vn -0.519685 -0.850394 -0.0866142 
vn 0.212598 -0.952756 -0.228346 
vn 0.212598 -0.952756 -0.228346 
vn -0.566929 0.125984 0.811024 
vn -0.566929 0.125984 0.811024 
vn -0.566929 0.125984 0.811024 
vn -0.511811 0.0866142 0.858268 
vn -0.685039 0.0472441 0.724409 
vn -0.685039 0.0472441 0.724409 
vn -0.456693 0.716535 0.519685 
vn -0.661417 0.606299 0.440945 
vn -0.330709 0.905512 0.259843 
vn -0.330709 0.905512 0.259843 
vn 0.692913 0.724409 -0.015748 
vn 0.692913 0.724409 -0.015748 
vn 0.692913 0.724409 -0.015748 
vn 0.771654 0.637795 0.00787402 
vn 0.511811 -0.0866142 -0.858268 
vn 0.511811 -0.0866142 -0.858268 
vn 0.511811 -0.0866142 -0.858268 
vn 0.566929 -0.11811 -0.811024 
vn 0.559055 0.228346 -0.795276 
vn 0.685039 0.0472441 -0.724409 
vn 0.685039 -0.566929 -0.456693 
vn 0.685039 -0.566929 -0.456693 
vn 0.393701 -0.866142 -0.322835 
vn 0.370079 -0.889764 -0.275591 
vn -0.527559 -0.834646 -0.181102 
vn -0.527559 -0.834646 -0.181102 
vn -0.527559 -0.834646 -0.181102 
vn -0.322835 -0.944882 -0.102362 
vn 0.566929 -0.11811 -0.811024 
vn 0.511811 -0.0866142 -0.858268 
vn 0.511811 -0.0866142 -0.858268 
vn 0.511811 -0.0866142 -0.858268 
vn 0.511811 -0.0866142 -0.858268 
vn 0.511811 -0.0866142 -0.858268 
vn 0.685039 0.0472441 -0.724409 
vn 0.559055 0.228346 -0.795276 
vn 0.685039 -0.566929 -0.456693 
vn 0.685039 0.0472441 -0.724409 
vn 0.559055 0.228346 -0.795276 
vn 0.685039 -0.566929 -0.456693 
vn 0.370079 -0.889764 -0.275591 
vn 0.393701 -0.866142 -0.322835 
vn -0.527559 -0.834646 -0.181102 
vn -0.322835 -0.944882 -0.102362 
vn -0.527559 -0.834646 -0.181102 
vn -0.527559 -0.834646 -0.181102 
vn -0.527559 -0.834646 -0.181102 
vn -0.527559 -0.834646 -0.181102 
vn -0.401575 0.251969 0.88189 
vn -0.401575 0.251969 0.88189 
vn -0.401575 0.251969 0.88189 
vn -0.409449 0.267717 0.874016 
vn -0.0393701 0.826772 0.559055 
vn -0.0393701 0.826772 0.559055 
vn -0.0393701 0.826772 0.559055 
vn -0.165354 0.653543 0.740157 
vn -0.464567 0.0866142 0.88189 
vn -0.448819 0.0708661 0.889764 
vn -0.149606 0.661417 0.732283 
vn -0.149606 0.661417 0.732283 
vn 0.417323 -0.267717 -0.874016 
vn 0.417323 -0.267717 -0.874016 
vn 0.417323 -0.267717 -0.874016 
vn 0.409449 -0.244094 -0.88189 
vn 0.188976 -0.622047 -0.76378 
vn 0.188976 -0.622047 -0.76378 
vn 0.188976 -0.622047 -0.76378 
vn 0.0866142 -0.818898 -0.566929 
vn 0.448819 -0.0629921 -0.889764 
vn 0.448819 -0.0629921 -0.889764 
vn 0.141732 -0.677165 -0.724409 
vn 0.141732 -0.677165 -0.724409 
vn 0.409449 -0.244094 -0.88189 
vn 0.417323 -0.267717 -0.874016 
vn 0.417323 -0.267717 -0.874016 
vn 0.417323 -0.267717 -0.874016 
vn 0.0866142 -0.818898 -0.566929 
vn 0.188976 -0.622047 -0.76378 
vn 0.188976 -0.622047 -0.76378 
vn 0.188976 -0.622047 -0.76378 
vn 0.448819 -0.0629921 -0.889764 
vn 0.448819 -0.0629921 -0.889764 
vn 0.448819 -0.0629921 -0.889764 
vn 0.448819 -0.0629921 -0.889764 
vn 0.141732 -0.677165 -0.724409 
vn 0.141732 -0.677165 -0.724409 
vn 0.80315 0.535433 0.259843 
vn 0.80315 0.535433 0.259843 
vn 0.80315 0.535433 0.259843 
vn 0.811024 0.527559 0.244094 
vn 0.80315 0.535433 0.259843 
vn 0.80315 0.535433 0.259843 
vn 0.80315 0.535433 0.259843 
vn 0.80315 0.535433 0.259843 
vn 0.141732 -0.677165 -0.724409 
vn 0.141732 -0.677165 -0.724409 
vn -0.0708661 -0.00787402 1 
vn -0.0708661 -0.00787402 1 
vn -0.0708661 -0.00787402 1 
vn -0.102362 -0.0314961 0.992126 
vn -0.0393701 0.110236 0.992126 
vn -0.0393701 0.110236 0.992126 
vn -0.125984 0.952756 -0.283465 
vn -0.125984 0.952756 -0.283465 
vn -0.125984 0.952756 -0.283465 
vn -0.015748 0.88189 -0.472441 
vn 0.102362 0.0314961 -0.992126 
vn 0.102362 0.0314961 -0.992126 
vn 0.102362 0.0314961 -0.992126 
vn 0.0708661 0.00787402 -1 
vn 0.0787402 -0.0551181 -0.992126 
vn 0.0393701 -0.0944882 -0.992126 
vn -0.00787402 -0.952756 -0.307087 
vn -0.00787402 -0.952756 -0.307087 
vn -0.125984 0.952756 -0.283465 
vn -0.125984 0.952756 -0.283465 
vn 0.102362 0.0314961 -0.992126 
vn 0.0708661 0.00787402 -1 
vn 0.102362 0.0314961 -0.992126 
vn 0.102362 0.0314961 -0.992126 
vn 0.102362 0.0314961 -0.992126 
vn 0.102362 0.0314961 -0.992126 
vn 0.0393701 -0.0944882 -0.992126 
vn 0.0787402 -0.0551181 -0.992126 
vn -0.00787402 -0.952756 -0.307087 
vn -0.125984 0.952756 -0.283465 
vn -0.125984 0.952756 -0.283465 
vn -0.00787402 -0.952756 -0.307087 
vn 0.0393701 -0.0944882 -0.992126 
vn 0.0787402 -0.0551181 -0.992126 
vn 0.700787 -0.165354 0.692913 
vn 0.96063 -0.23622 -0.133858 
vn 0.96063 -0.244094 -0.141732 
vn 0.755906 -0.0629921 0.653543 
vn 0.96063 0.275591 -0.0787402 
vn 0.968504 0.251969 -0.0551181 
vn 0.80315 0.488189 0.346457 
vn 0.76378 0.188976 0.622047 
vn 0.307087 0.952756 -0.0787402 
vn 0.629921 0.771654 -0.023622 
vn 0.551181 0.834646 -0.0551181 
vn 0.19685 0.968504 -0.141732 
vn -0.818898 0.551181 -0.149606 
vn -0.149606 0.976378 -0.165354 
vn -0.322835 0.92126 -0.220472 
vn -0.850394 0.503937 -0.133858 
vn -0.716535 0.133858 0.685039 
vn -0.614173 0.0944882 0.779528 
vn -0.976378 0.165354 0.141732 
vn -0.976378 0.165354 0.141732 
vn -0.968504 -0.228346 0.0944882 
vn -0.645669 0.0314961 0.76378 
vn -0.771654 -0.251969 0.590551 
vn -0.976378 -0.212598 0.0866142 
vn -0.125984 -0.992126 0.0551181 
vn 0.0787402 -0.992126 0.0629921 
vn -0.519685 -0.850394 0.0551181 
vn -0.598425 -0.795276 0.0708661 
vn -0.622047 -0.779528 0.0472441 
vn -0.889764 -0.448819 0.0551181 
vn 0.19685 -0.976378 0.0787402 
vn 0.212598 -0.976378 0.0551181 
vn -0.614173 0.0944882 0.779528 
vn -0.716535 0.133858 0.685039 
vn -0.976378 0.165354 0.141732 
vn -0.716535 0.133858 0.685039 
vn -0.976378 0.165354 0.141732 
vn -0.976378 0.165354 0.141732 
vn -0.645669 0.0314961 0.76378 
vn -0.771654 -0.251969 0.590551 
vn -0.976378 -0.212598 0.0866142 
vn -0.968504 -0.228346 0.0944882 
vn 0.0787402 -0.992126 0.0629921 
vn -0.519685 -0.850394 0.0551181 
vn -0.598425 -0.795276 0.0708661 
vn -0.125984 -0.992126 0.0551181 
vn -0.889764 -0.448819 0.0551181 
vn 0.19685 -0.976378 0.0787402 
vn 0.212598 -0.976378 0.0551181 
vn -0.622047 -0.779528 0.0472441 
vn -0.622047 -0.779528 0.0472441 
vn -0.889764 -0.448819 0.0551181 
vn 0.0787402 -0.992126 0.0629921 
vn -0.125984 -0.992126 0.0551181 
vn -0.795276 0.551181 -0.251969 
vn -0.795276 0.574803 -0.204724 
vn -0.637795 -0.76378 0.0866142 
vn -0.874016 -0.464567 0.133858 
vn 0.338583 0.937008 0.110236 
vn -0.110236 0.724409 -0.677165 
vn -0.267717 0.92126 -0.267717 
vn -0.275591 0.905512 -0.314961 
vn 0.937008 0.23622 0.259843 
vn 0.393701 0.0393701 -0.913386 
vn 0.149606 0.385827 -0.913386 
vn 0.76378 0.574803 0.291339 
vn 0.968504 0 0.259843 
vn 0.291339 -0.244094 -0.92126 
vn -0.0787402 -0.992126 0.102362 
vn -0.874016 -0.464567 0.133858 
vn -0.637795 -0.76378 0.0866142 
vn -0.0708661 -1 0.0314961 
vn -0.0472441 -0.755906 0.653543 
vn -0.527559 -0.80315 -0.267717 
vn -0.314961 -0.0551181 0.944882 
vn -0.0866142 -0.322835 0.944882 
vn -0.748031 -0.417323 -0.511811 
vn -0.913386 -0.181102 -0.362205 
vn -0.897638 -0.110236 -0.433071 
vn -0.401575 0.0866142 0.913386 
vn -0.0787402 -0.992126 0.102362 
vn -0.874016 -0.464567 0.133858 
vn -0.637795 -0.76378 0.0866142 
vn -0.0708661 -1 0.0314961 
vn -0.0472441 -0.755906 0.653543 
vn -0.527559 -0.80315 -0.267717 
vn -0.314961 -0.0551181 0.944882 
vn -0.0866142 -0.322835 0.944882 
vn -0.748031 -0.417323 -0.511811 
vn -0.913386 -0.181102 -0.362205 
vn -0.897638 -0.110236 -0.433071 
vn -0.913386 -0.181102 -0.362205 
vn -0.314961 -0.0551181 0.944882 
vn -0.401575 0.0866142 0.913386 
vn -0.897638 -0.110236 -0.433071 
vn -0.401575 0.0866142 0.913386 
vn -0.527559 -0.80315 -0.267717 
vn -0.0472441 -0.755906 0.653543 
vn -0.645669 -0.748031 0.125984 
vn -0.732283 0.677165 -0.110236 
vn -0.80315 0.582677 -0.102362 
vn -0.858268 -0.503937 0.110236 
vn -0.0472441 0.984252 -0.149606 
vn 0.354331 0.913386 -0.181102 
vn 0.370079 0.92126 -0.149606 
vn -0.267717 0.944882 -0.173228 
vn 0.527559 0.834646 -0.165354 
vn 0.385827 0.88189 -0.259843 
vn 0.984252 0.0629921 -0.181102 
vn 0.976378 0.0708661 -0.188976 
vn 0.984252 0.0472441 -0.165354 
vn 0.984252 0.0393701 -0.15748 
vn 0.92126 0.393701 0.00787402 
vn 0.913386 0.417323 0.0314961 
vn 0.92126 0.393701 0.015748 
vn 0.929134 0.377953 -0.00787402 
vn -0.645669 -0.748031 0.125984 
vn -0.858268 -0.503937 0.110236 
vn 0.0866142 -0.984252 0.173228 
vn -0.0944882 -0.984252 0.15748 
vn -0.409449 -0.897638 0.149606 
vn -0.425197 -0.889764 0.149606 
vn -0.787402 -0.598425 0.149606 
vn -0.464567 -0.866142 0.181102 
vn -0.92126 -0.385827 -0.00787402 
vn -0.929134 -0.370079 0.00787402 
vn -0.92126 -0.385827 -0.00787402 
vn -0.913386 -0.401575 -0.0314961 
vn -0.858268 -0.503937 0.110236 
vn 0.0866142 -0.984252 0.173228 
vn -0.0944882 -0.984252 0.15748 
vn -0.645669 -0.748031 0.125984 
vn -0.409449 -0.897638 0.149606 
vn -0.425197 -0.889764 0.149606 
vn -0.464567 -0.866142 0.181102 
vn -0.787402 -0.598425 0.149606 
vn 0.0944882 -0.19685 -0.976378 
vn 0.110236 -0.19685 -0.976378 
vn -0.92126 -0.385827 -0.00787402 
vn -0.929134 -0.370079 0.00787402 
vn -0.92126 -0.385827 -0.00787402 
vn -0.913386 -0.401575 -0.0314961 
vn -0.913386 -0.401575 -0.0314961 
vn -0.92126 -0.385827 -0.00787402 
vn -0.976378 0.0393701 0.204724 
vn -0.968504 0.110236 0.228346 
vn 0.110236 -0.19685 -0.976378 
vn 0.0944882 -0.19685 -0.976378 
vn -0.968504 0.110236 0.228346 
vn -0.976378 0.0393701 0.204724 
vn -0.968504 0.110236 0.228346 
vn 0.110236 -0.19685 -0.976378 
vn -0.11811 0.984252 -0.102362 
vn 0.141732 0.913386 0.377953 
vn 0.527559 0.779528 -0.338583 
vn -0.0787402 1 -0.023622 
vn 0.488189 0.244094 0.834646 
vn 0.96063 0.0472441 -0.283465 
vn 0.834646 0.409449 -0.370079 
vn 0.385827 0.582677 0.708661 
vn -0.677165 0.740157 0.00787402 
vn -0.779528 -0.622047 -0.0629921 
vn -0.740157 -0.669291 0.0944882 
vn -0.653543 0.755906 -0.023622 
vn 0.00787402 0.204724 0.976378 
vn 0.92126 -0.291339 -0.275591 
vn 0.976378 -0.133858 -0.181102 
vn 0.322835 0.149606 0.937008 
vn -0.952756 0.125984 0.267717 
vn -0.80315 -0.173228 0.574803 
vn 0.0393701 -0.440945 -0.897638 
vn 0.015748 -0.385827 -0.92126 
vn 0.0944882 -0.992126 0.0551181 
vn 0.110236 -0.992126 0.0787402 
vn -0.740157 -0.669291 0.0944882 
vn -0.779528 -0.622047 -0.0629921 
vn -0.984252 0.15748 0.0944882 
vn -0.992126 0.0629921 0.133858 
vn -0.0393701 -0.322835 -0.944882 
vn -0.377953 -0.0393701 -0.92126 
vn -0.590551 -0.724409 0.354331 
vn 0.0314961 -0.88189 -0.472441 
vn 0.0314961 -0.88189 -0.472441 
vn 0.0944882 -0.992126 0.0551181 
vn -0.952756 0.125984 0.267717 
vn -0.80315 -0.173228 0.574803 
vn 0.0393701 -0.440945 -0.897638 
vn 0.015748 -0.385827 -0.92126 
vn 0.110236 -0.992126 0.0787402 
vn -0.740157 -0.669291 0.0944882 
vn -0.779528 -0.622047 -0.0629921 
vn -0.984252 0.15748 0.0944882 
vn -0.992126 0.0629921 0.133858 
vn -0.0393701 -0.322835 -0.944882 
vn -0.377953 -0.0393701 -0.92126 
vn -0.377953 -0.0393701 -0.92126 
vn -0.984252 0.15748 0.0944882 
vn -0.590551 -0.724409 0.354331 
vn -0.590551 -0.724409 0.354331 
vn 0.0314961 -0.88189 -0.472441 
vn -0.0866142 0.0866142 0.992126 
vn -0.283465 0.0787402 0.96063 
vn 0.968504 -0.0314961 0.251969 
vn 0.984252 0.0629921 0.173228 
vn 0.0866142 0.291339 0.952756 
vn 0.96063 0.283465 -0.0393701 
vn 0.755906 0.629921 0.181102 
vn 0.181102 0.606299 0.771654 
vn -0.582677 0.80315 0.133858 
vn 0.015748 0.976378 0.220472 
vn 0.173228 0.905512 0.393701 
vn -0.346457 0.88189 0.314961 
vn -0.787402 0.614173 0.0393701 
vn -0.858268 0.503937 0.0314961 
vn -0.992126 -0.015748 -0.11811 
vn 0.220472 -0.110236 -0.968504 
vn 0.19685 -0.0551181 -0.976378 
vn -0.984252 0.0629921 -0.181102 
vn -0.944882 -0.283465 0.149606 
vn 0.11811 -0.283465 -0.952756 
vn -0.00787402 -0.527559 -0.850394 
vn -0.700787 -0.708661 -0.0629921 
vn 0.275591 -0.952756 -0.125984 
vn 0.125984 -0.96063 -0.251969 
vn -0.228346 -0.897638 -0.377953 
vn -0.0629921 -0.976378 -0.212598 
vn -0.858268 -0.511811 -0.0708661 
vn -0.716535 -0.692913 -0.0787402 
vn 0.220472 -0.110236 -0.968504 
vn 0.19685 -0.0551181 -0.976378 
vn 0.19685 -0.0551181 -0.976378 
vn -0.984252 0.0629921 -0.181102 
vn -0.984252 0.0629921 -0.181102 
vn -0.992126 -0.015748 -0.11811 
vn 0.11811 -0.283465 -0.952756 
vn -0.944882 -0.283465 0.149606 
vn -0.00787402 -0.527559 -0.850394 
vn -0.700787 -0.708661 -0.0629921 
vn 0.125984 -0.96063 -0.251969 
vn -0.228346 -0.897638 -0.377953 
vn -0.0629921 -0.976378 -0.212598 
vn 0.275591 -0.952756 -0.125984 
vn -0.858268 -0.511811 -0.0708661 
vn -0.716535 -0.692913 -0.0787402 
vn -0.858268 -0.511811 -0.0708661 
vn -0.716535 -0.692913 -0.0787402 
vn -0.228346 -0.897638 -0.377953 
vn -0.0629921 -0.976378 -0.212598 
vn -0.330709 0.181102 0.929134 
vn -0.267717 0.141732 0.952756 
vn 0.937008 0.0866142 0.330709 
vn 0.866142 0.401575 0.299213 
vn -0.464567 0.385827 0.795276 
vn -0.370079 0.259843 0.889764 
vn 0.637795 0.76378 0.0787402 
vn 0.267717 0.952756 -0.141732 
vn -0.464567 0.149606 0.874016 
vn 0.897638 -0.0393701 0.440945 
vn -0.889764 -0.338583 -0.307087 
vn 0.456693 -0.110236 -0.88189 
vn 0.393701 -0.173228 -0.905512 
vn -0.944882 -0.0787402 -0.330709 
vn -0.401575 -0.905512 0.125984 
vn 0.370079 -0.204724 -0.905512 
vn 0.417323 -0.0551181 -0.905512 
vn -0.76378 -0.606299 -0.212598 
vn 0.173228 -0.149606 -0.976378 
vn -0.984252 0.0787402 -0.15748 
vn 0.456693 -0.110236 -0.88189 
vn 0.393701 -0.173228 -0.905512 
vn -0.944882 -0.0787402 -0.330709 
vn -0.889764 -0.338583 -0.307087 
vn 0.370079 -0.204724 -0.905512 
vn 0.417323 -0.0551181 -0.905512 
vn -0.76378 -0.606299 -0.212598 
vn -0.401575 -0.905512 0.125984 
vn 0.173228 -0.149606 -0.976378 
vn 0.173228 -0.149606 -0.976378 
vn -0.984252 0.0787402 -0.15748 
vn -0.984252 0.0787402 -0.15748 
vn -0.76378 -0.606299 -0.212598 
vn 0.417323 -0.0551181 -0.905512 
vn -0.818898 -0.566929 0.0787402 
vn -0.653543 0.0944882 0.755906 
vn -0.275591 0.92126 -0.275591 
vn -0.535433 -0.0787402 -0.84252 
vn -0.535433 -0.0787402 -0.84252 
vn -0.818898 -0.566929 0.0787402 
vn -0.535433 -0.0787402 -0.84252 
vn -0.818898 -0.566929 0.0787402 
vn -0.307087 -0.566929 0.76378 
vn 0.76378 -0.574803 0.299213 
vn 0.92126 0.00787402 0.377953 
vn -0.362205 0.0393701 0.929134 
vn 0.716535 0.23622 0.653543 
vn -0.0944882 0.259843 0.96063 
vn 0.023622 0.84252 0.535433 
vn 0.220472 0.661417 0.716535 
vn -0.307087 0.637795 -0.700787 
vn -0.220472 -0.0472441 -0.976378 
vn -0.771654 -0.551181 -0.307087 
vn -0.929134 -0.015748 -0.377953 
vn 0.401575 -0.023622 -0.913386 
vn 0.283465 -0.551181 -0.787402 
vn -0.755906 -0.220472 -0.622047 
vn 0.212598 -0.15748 -0.96063 
vn -0.141732 -0.519685 -0.84252 
vn -0.220472 -0.0472441 -0.976378 
vn -0.307087 0.637795 -0.700787 
vn -0.267717 -0.354331 -0.897638 
vn -0.771654 -0.551181 -0.307087 
vn -0.929134 -0.015748 -0.377953 
vn 0.401575 -0.023622 -0.913386 
vn 0.283465 -0.551181 -0.787402 
vn 0.283465 -0.551181 -0.787402 
vn -0.771654 -0.551181 -0.307087 
vn -0.755906 -0.220472 -0.622047 
vn 0.212598 -0.15748 -0.96063 
vn -0.141732 -0.519685 -0.84252 
vn -0.220472 -0.0472441 -0.976378 
vn -0.307087 0.637795 -0.700787 
vn -0.267717 -0.354331 -0.897638 
vn -0.755906 -0.220472 -0.622047 
vn 0.212598 -0.15748 -0.96063 
vn -0.771654 0.606299 -0.19685 
vn -0.755906 0.622047 -0.212598 
vn -0.811024 -0.574803 0.110236 
vn -0.653543 -0.755906 0.023622 
vn 0.23622 0.913386 -0.330709 
vn 0.212598 0.905512 -0.362205 
vn -0.228346 0.92126 -0.307087 
vn -0.228346 0.92126 -0.307087 
vn 0.708661 0.629921 -0.307087 
vn 0.732283 0.622047 -0.283465 
vn 0.952756 0.15748 -0.259843 
vn 0.952756 0.15748 -0.259843 
vn 0.952756 -0.0472441 -0.291339 
vn 0.96063 -0.0551181 -0.283465 
vn -0.0629921 -0.968504 0.244094 
vn -0.653543 -0.755906 0.023622 
vn -0.811024 -0.574803 0.110236 
vn -0.165354 -0.937008 0.314961 
vn -0.267717 -0.905512 0.330709 
vn -0.228346 -0.92126 0.307087 
vn -0.622047 -0.716535 0.307087 
vn -0.637795 -0.708661 0.291339 
vn -0.96063 -0.0787402 0.275591 
vn -0.952756 0.0944882 0.291339 
vn -0.952756 0.102362 0.275591 
vn -0.952756 -0.125984 0.267717 
vn -0.0629921 -0.968504 0.244094 
vn -0.653543 -0.755906 0.023622 
vn -0.811024 -0.574803 0.110236 
vn -0.165354 -0.937008 0.314961 
vn -0.267717 -0.905512 0.330709 
vn -0.228346 -0.92126 0.307087 
vn -0.622047 -0.716535 0.307087 
vn -0.637795 -0.708661 0.291339 
vn -0.952756 0.0944882 0.291339 
vn -0.96063 -0.0787402 0.275591 
vn -0.952756 -0.125984 0.267717 
vn -0.952756 0.102362 0.275591 
vn -0.0787402 -0.897638 0.440945 
vn -0.0787402 -0.897638 0.440945 
vn -0.0787402 -0.897638 0.440945 
vn -0.0866142 -0.889764 0.440945 
vn -0.622047 -0.716535 0.307087 
vn -0.637795 -0.708661 0.291339 
vn -0.0866142 -0.889764 0.440945 
vn -0.0787402 -0.897638 0.440945 
vn -0.0866142 -0.889764 0.440945 
vn -0.0787402 -0.897638 0.440945 
vn -0.929134 0.307087 -0.19685 
vn -0.929134 0.314961 -0.19685 
vn -0.905512 0.377953 -0.188976 
vn -0.905512 0.377953 -0.188976 
vn 0.590551 0.779528 -0.220472 
vn -0.015748 0.984252 -0.181102 
vn -0.0314961 0.968504 -0.244094 
vn 0.377953 0.866142 -0.322835 
vn 0.771654 0.614173 -0.133858 
vn 0.850394 0.503937 -0.133858 
vn 0.92126 -0.330709 0.188976 
vn 0.889764 -0.417323 0.173228 
vn 0.889764 -0.417323 0.181102 
vn 0.92126 -0.346457 0.19685 
vn 0.929134 -0.362205 0.0708661 
vn 0.0708661 -0.944882 0.330709 
vn 0.354331 -0.929134 0.102362 
vn 0.984252 -0.149606 -0.0944882 
vn 0.92126 -0.346457 0.19685 
vn 0.92126 -0.330709 0.188976 
vn 0.889764 -0.417323 0.173228 
vn 0.92126 -0.330709 0.188976 
vn 0.92126 -0.346457 0.19685 
vn 0.889764 -0.417323 0.181102 
vn -0.173228 -0.0393701 0.984252 
vn 0.0708661 -0.944882 0.330709 
vn 0.929134 -0.362205 0.0708661 
vn 0.0708661 -0.944882 0.330709 
vn 0.354331 -0.929134 0.102362 
vn 0.984252 -0.149606 -0.0944882 
vn 0.929134 -0.362205 0.0708661 
vn 0.984252 -0.149606 -0.0944882 
vn -0.173228 -0.0393701 0.984252 
vn 0.015748 -0.992126 -0.110236 
vn 0.015748 -0.992126 -0.110236 
vn -0.0787402 0.023622 1 
vn -0.0787402 0.023622 1 
vn -0.0787402 0.023622 1 
vn -0.0787402 -0.00787402 1 
vn 0.653543 -0.748031 0.0866142 
vn 0.220472 -0.976378 -0.0472441 
vn -0.0787402 0.023622 1 
vn -0.0787402 0.023622 1 
vn 0.015748 0.0787402 -1 
vn 0.015748 0.0787402 -1 
vn 0.220472 -0.976378 -0.0472441 
vn 0.653543 -0.748031 0.0866142 
vn -0.173228 -0.0393701 0.984252 
vn 0.015748 -0.992126 -0.110236 
vn 0.133858 0 -0.992126 
vn 0.133858 0 -0.992126 
vn 0.133858 0 -0.992126 
vn 0.133858 0 -0.992126 
vn 0.992126 -0.0314961 0.133858 
vn 0.992126 -0.0314961 0.133858 
vn 0.992126 -0.0314961 0.133858 
vn 0.992126 -0.0314961 0.133858 
vn -0.133858 0 0.992126 
vn -0.133858 0 0.992126 
vn -0.133858 0 0.992126 
vn -0.133858 0 0.992126 
vn -0.133858 0 0.992126 
vn -0.133858 0 0.992126 
vn 0.133858 0 -0.992126 
vn 0.133858 0 -0.992126 
vn 0.133858 0 -0.992126 
vn -0.133858 0 0.992126 
vn 0.133858 0 -0.992126 
vn 0.133858 0 -0.992126 
vn 0.133858 0 -0.992126 
vn 0.559055 -0.826772 0.0787402 
vn 0.559055 -0.826772 0.0787402 
vn -0.133858 0 0.992126 
vn 0.133858 0 -0.992126 
vn 0.133858 0 -0.992126 
vn 0.133858 0 -0.992126 
vn 0.133858 0 -0.992126 
vn -0.0551181 -1 -0.00787402 
vn 0.133858 0 -0.992126 
vn 0.133858 0 -0.992126 
vn -0.0551181 -1 -0.00787402 
vn -0.0551181 -1 -0.00787402 
vn -0.133858 0 0.992126 
vn -0.133858 0 0.992126 
vn -0.0551181 -1 -0.00787402 
vn 0.133858 0 -0.992126 
vn 0.559055 -0.826772 0.0787402 
vn 0.992126 -0.0314961 0.133858 
vn 0.992126 -0.0314961 0.133858 
vn 0.992126 -0.0314961 0.133858 
vn 0.992126 -0.0314961 0.133858 
vn -0.259843 -0.937008 -0.220472 
vn -0.259843 -0.937008 -0.220472 
vn -0.259843 -0.937008 -0.220472 
vn -0.259843 -0.937008 -0.220472 
vn 0.00787402 1 0.015748 
vn 0.00787402 1 0.015748 
vn 0.00787402 1 0.015748 
vn 0.244094 0.92126 0.299213 
vn 0.259843 0 0.968504 
vn 0.259843 0 0.968504 
vn 0.259843 0 0.968504 
vn 0.015748 0.448819 0.889764 
vn -0.023622 -1 0.015748 
vn -0.023622 -1 0.015748 
vn -0.023622 -1 0.015748 
vn -0.015748 -1 -0.0393701 
vn -0.023622 -1 0.015748 
vn -0.023622 -1 0.015748 
vn -0.023622 -1 0.015748 
vn -0.015748 -1 -0.0393701 
vn 0.0787402 -0.96063 0.251969 
vn 0.0708661 -0.984252 0.165354 
vn -0.023622 -1 0.015748 
vn -0.818898 0 0.574803 
vn 0.0787402 -0.96063 0.251969 
vn -0.133858 0.929134 -0.338583 
vn -0.015748 -1 -0.0393701 
vn 0.0708661 -0.984252 0.165354 
vn 0.543307 -0.188976 0.818898 
vn 0.543307 -0.188976 0.818898 
vn 0.543307 -0.188976 0.818898 
vn 0.614173 -0.393701 0.685039 
vn 0.543307 -0.188976 0.818898 
vn -0.740157 0.188976 0.645669 
vn -0.740157 0.188976 0.645669 
vn 0.543307 -0.188976 0.818898 
vn -0.519685 0.330709 -0.787402 
vn -0.519685 0.330709 -0.787402 
vn 0.543307 -0.188976 0.818898 
vn 0.614173 -0.393701 0.685039 
vn -0.740157 -0.0944882 -0.669291 
vn -0.740157 -0.0944882 -0.669291 
vn -0.685039 0.023622 0.724409 
vn -0.259843 -0.937008 -0.220472 
vn 0.732283 0.110236 0.669291 
vn -0.685039 0.023622 0.724409 
vn -0.259843 -0.937008 -0.220472 
vn -0.259843 -0.937008 -0.220472 
vn 0.732283 0.110236 0.669291 
vn -0.259843 -0.937008 -0.220472 
vn 0.015748 0.448819 0.889764 
vn 0.015748 0.448819 0.889764 
vn 0.259843 0 0.968504 
vn 0.259843 0 0.968504 
vn 0.88189 0.377953 0.275591 
vn 0.88189 0.377953 0.275591 
vn 0.88189 0.377953 0.275591 
vn 0.88189 0.377953 0.275591 
vn 0.291339 0.00787402 -0.952756 
vn 0.291339 0.00787402 -0.952756 
vn 0.291339 0.00787402 -0.952756 
vn 0.291339 0.00787402 -0.952756 
vn 0.716535 -0.669291 0.212598 
vn 0.291339 0.00787402 -0.952756 
vn 0.291339 0.00787402 -0.952756 
vn 0.716535 -0.669291 0.212598 
vn 0.716535 -0.669291 0.212598 
vn -0.291339 -0.00787402 0.952756 
vn -0.291339 -0.00787402 0.952756 
vn 0.716535 -0.669291 0.212598 
vn 0.291339 0.00787402 -0.952756 
vn 0.291339 0.00787402 -0.952756 
vn 0.84252 -0.472441 0.251969 
vn 0.291339 0.00787402 -0.952756 
vn -0.291339 -0.00787402 0.952756 
vn 0.84252 -0.472441 0.251969 
vn 0.88189 0.377953 0.275591 
vn 0.88189 0.377953 0.275591 
vn 0.88189 0.377953 0.275591 
vn 0.88189 0.377953 0.275591 
vn -0.440945 0.15748 -0.889764 
vn -0.440945 0.15748 -0.889764 
vn -0.440945 0.15748 -0.889764 
vn -0.440945 0.15748 -0.889764 
vn -0.874016 0.149606 0.456693 
vn -0.874016 0.149606 0.456693 
vn -0.874016 0.149606 0.456693 
vn -0.874016 0.149606 0.456693 
vn 0.440945 -0.15748 0.889764 
vn 0.440945 -0.15748 0.889764 
vn 0.440945 -0.15748 0.889764 
vn 0.440945 -0.15748 0.889764 
vn 0.440945 -0.15748 0.889764 
vn 0.440945 -0.15748 0.889764 
vn -0.440945 0.15748 -0.889764 
vn -0.440945 0.15748 -0.889764 
vn -0.440945 0.15748 -0.889764 
vn -0.440945 0.15748 -0.889764 
vn -0.519685 -0.850394 0.0944882 
vn -0.440945 0.15748 -0.889764 
vn -0.519685 -0.850394 0.0944882 
vn 0.440945 -0.15748 0.889764 
vn -0.440945 0.15748 -0.889764 
vn -0.440945 0.15748 -0.889764 
vn -0.440945 0.15748 -0.889764 
vn -0.440945 0.15748 -0.889764 
vn -0.259843 -0.96063 -0.0551181 
vn -0.133858 -0.984252 -0.125984 
vn -0.440945 0.15748 -0.889764 
vn -0.440945 0.15748 -0.889764 
vn -0.133858 -0.984252 -0.125984 
vn -0.259843 -0.96063 -0.0551181 
vn 0.440945 -0.15748 0.889764 
vn 0.440945 -0.15748 0.889764 
vn -0.440945 0.15748 -0.889764 
vn -0.519685 -0.850394 0.0944882 
vn -0.874016 0.149606 0.456693 
vn -0.874016 0.149606 0.456693 
vn -0.874016 0.149606 0.456693 
vn -0.874016 0.149606 0.456693 
vn 0.110236 0.992126 0.023622 
vn 0.110236 0.992126 0.023622 
vn 0.110236 0.992126 0.023622 
vn 0.0866142 0.992126 0.0629921 
vn 0.0629921 0.992126 0.0866142 
vn 0.023622 0.992126 0.110236 
vn 0.023622 0.992126 -0.102362 
vn 0.023622 0.992126 -0.102362 
vn 0.0629921 0.992126 -0.0866142 
vn 0.0866142 0.992126 -0.0629921 
vn 0.0866142 0.992126 -0.0629921 
vn 0.110236 0.992126 -0.023622 
vn 0.370079 0.92126 0.0708661 
vn 0.370079 0.92126 0.0708661 
vn 0.314961 0.929134 0.212598 
vn 0.314961 0.929134 0.212598 
vn 0.212598 0.929134 0.314961 
vn 0.0708661 0.929134 0.370079 
vn 0.133858 0.897638 -0.417323 
vn 0.133858 0.897638 -0.417323 
vn 0.212598 0.92126 -0.314961 
vn 0.314961 0.92126 -0.212598 
vn 0.314961 0.92126 -0.212598 
vn 0.874016 0.456693 0.173228 
vn 0.874016 0.456693 0.173228 
vn 0.740157 0.456693 0.496063 
vn 0.740157 0.456693 0.496063 
vn 0.496063 0.456693 0.740157 
vn 0.173228 0.456693 0.874016 
vn 0.488189 0.456693 -0.748031 
vn 0.740157 0.456693 -0.496063 
vn 0.740157 0.456693 -0.496063 
vn 0.976378 0.023622 0.220472 
vn 0.976378 0.023622 0.220472 
vn 0.976378 0.023622 0.220472 
vn 0.976378 0.015748 0.204724 
vn 0.826772 0 0.559055 
vn 0.826772 0 0.559055 
vn 0.826772 0 0.559055 
vn 0.826772 0 0.559055 
vn 0.551181 0.110236 0.826772 
vn 0.551181 0.110236 0.826772 
vn 0.19685 0 0.984252 
vn 0.19685 0 0.984252 
vn 0.19685 0 0.984252 
vn 0.19685 0 0.984252 
vn 0.984252 -0.00787402 -0.188976 
vn 0.984252 -0.00787402 -0.188976 
vn 0.976378 0.023622 -0.228346 
vn 0.976378 0.023622 -0.228346 
vn 0.976378 0.023622 -0.228346 
vn 0.96063 0.0944882 -0.267717 
vn 0.858268 0.0314961 -0.511811 
vn 0.858268 0.0314961 -0.511811 
vn 0.559055 0.0393701 -0.826772 
vn 0.559055 0.0393701 -0.826772 
vn 0.826772 0 0.559055 
vn 0.826772 0 0.559055 
vn 0.559055 0 0.826772 
vn 0.19685 0 0.984252 
vn 0.984252 -0.0314961 -0.181102 
vn 0.976378 0.023622 -0.204724 
vn 0.826772 0 0.559055 
vn 0.826772 0 0.559055 
vn 0.559055 0 0.826772 
vn 0.204724 0.015748 0.976378 
vn 0.110236 0.992126 0.023622 
vn -0.110236 0.992126 0.023622 
vn -0.110236 0.992126 0.023622 
vn -0.0866142 0.992126 0.0629921 
vn -0.0866142 0.992126 0.0629921 
vn -0.0629921 0.992126 0.0866142 
vn 0.023622 0.992126 0.110236 
vn 0.023622 0.992126 -0.102362 
vn -0.023622 0.992126 -0.102362 
vn -0.0629921 0.992126 -0.0866142 
vn -0.0866142 0.992126 -0.0629921 
vn -0.0866142 0.992126 -0.0629921 
vn -0.370079 0.92126 0.0708661 
vn -0.370079 0.92126 0.0708661 
vn -0.314961 0.929134 0.212598 
vn -0.314961 0.929134 0.212598 
vn -0.212598 0.929134 0.314961 
vn 0.0708661 0.929134 0.370079 
vn 0.133858 0.897638 -0.417323 
vn -0.0708661 0.92126 -0.377953 
vn -0.212598 0.92126 -0.314961 
vn -0.314961 0.92126 -0.212598 
vn -0.314961 0.92126 -0.212598 
vn -0.874016 0.456693 0.173228 
vn -0.874016 0.456693 0.173228 
vn -0.740157 0.456693 0.496063 
vn -0.740157 0.456693 0.496063 
vn -0.496063 0.456693 0.740157 
vn -0.15748 0.574803 0.80315 
vn -0.15748 0.574803 0.80315 
vn -0.496063 0.456693 -0.740157 
vn -0.740157 0.456693 -0.496063 
vn -0.740157 0.456693 -0.496063 
vn -0.976378 0.015748 0.204724 
vn -0.976378 0.015748 0.204724 
vn -0.976378 0.015748 0.204724 
vn -0.976378 0.023622 0.220472 
vn -0.826772 0 0.559055 
vn -0.826772 0 0.559055 
vn -0.826772 0 0.559055 
vn -0.826772 0 0.559055 
vn -0.559055 0 0.834646 
vn -0.559055 0 0.834646 
vn -0.19685 0.0314961 0.984252 
vn -0.19685 0.0314961 0.984252 
vn -0.19685 0.0314961 0.984252 
vn -0.19685 0.0314961 0.984252 
vn -0.984252 -0.015748 -0.181102 
vn -0.984252 -0.00787402 -0.188976 
vn -0.96063 0.0944882 -0.267717 
vn -0.96063 0.0944882 -0.267717 
vn -0.96063 0.0944882 -0.267717 
vn -0.976378 0.023622 -0.228346 
vn -0.834646 -0.00787402 -0.551181 
vn -0.858268 0.0314961 -0.511811 
vn -0.559055 0.015748 -0.826772 
vn -0.559055 0.0393701 -0.826772 
vn -0.858268 -0.19685 0.480315 
vn -0.858268 0 0.511811 
vn -0.559055 0 0.826772 
vn -0.19685 0.0787402 0.976378 
vn -0.204724 0.0944882 0.976378 
vn -0.976378 0.023622 -0.204724 
vn -0.976378 0.023622 -0.204724 
vn -0.818898 0.110236 0.559055 
vn -0.826772 0 0.559055 
vn -0.559055 0 0.826772 
vn 0.19685 0 0.984252 
vn 0.204724 0.015748 0.976378 
vn 0 -0.322835 0.944882 
vn 0 -0.322835 0.944882 
vn 0.425197 -0.472441 -0.771654 
vn 0.425197 -0.472441 -0.771654 
vn 0.267717 -0.858268 -0.448819 
vn 0.425197 -0.472441 -0.771654 
vn 0.11811 -0.944882 -0.314961 
vn -0.23622 -0.937008 -0.251969 
vn -0.23622 -0.937008 -0.251969 
vn -0.251969 -0.952756 -0.165354 
vn -0.354331 -0.0944882 -0.929134 
vn -0.354331 -0.0944882 -0.929134 
vn -0.362205 0.125984 -0.92126 
vn 0 -0.322835 0.944882 
vn -0.362205 0.125984 -0.92126 
vn -0.0787402 -0.661417 -0.748031 
vn -0.0787402 -0.661417 -0.748031 
vn 0.0314961 -0.708661 -0.700787 
vn -0.133858 -0.535433 -0.834646 
vn -0.015748 -0.110236 0.992126 
vn -0.015748 -0.110236 0.992126 
vn 0.220472 -0.913386 0.346457 
vn 0.425197 -0.15748 -0.889764 
vn 0 -0.322835 0.944882 
vn 0 -0.322835 0.944882 
vn -0.417323 -0.11811 -0.897638 
vn -0.464567 -0.0551181 -0.88189 
vn -0.19685 -0.929134 -0.322835 
vn -0.19685 -0.929134 -0.322835 
vn -0.133858 -0.937008 -0.330709 
vn -0.11811 -0.944882 -0.314961 
vn -0.23622 -0.937008 -0.251969 
vn 0.354331 -0.0944882 -0.929134 
vn 0.354331 -0.0944882 -0.929134 
vn 0.362205 0.125984 -0.92126 
vn 0.362205 0.125984 -0.92126 
vn 0 -0.322835 0.944882 
vn 0.0787402 -0.661417 -0.748031 
vn 0.0787402 -0.661417 -0.748031 
vn -0.0314961 -0.708661 -0.700787 
vn 0.0314961 -0.259843 -0.968504 
vn 0.015748 -0.110236 0.992126 
vn 0.015748 -0.110236 0.992126 
vn -0.204724 -0.889764 0.401575 
vn -0.464567 -0.559055 -0.685039 
vn 0.173228 -0.472441 -0.866142 
vn 0.173228 -0.472441 -0.866142 
vn 0.173228 0.456693 0.874016 
vn 0.19685 0 0.984252 
vn 0.19685 0 0.984252 
vn 0.15748 -0.984252 -0.102362 
vn 0.15748 -0.984252 -0.102362 
vn -0.23622 -0.937008 -0.251969 
vn 0.11811 -0.944882 -0.314961 
vn -0.251969 -0.952756 -0.165354 
vn -0.251969 -0.952756 -0.165354 
vn -0.19685 -0.929134 -0.322835 
vn -0.133858 -0.937008 -0.330709 
vn 0 -0.322835 0.944882 
vn 0 -0.322835 0.944882 
vn -0.244094 -0.314961 0.92126 
vn -0.244094 -0.314961 0.92126 
vn 0.425197 -0.472441 -0.771654 
vn 0.425197 -0.472441 -0.771654 
vn -0.393701 -0.275591 -0.88189 
vn -0.393701 -0.275591 -0.88189 
vn 0.267717 -0.858268 -0.448819 
vn -0.622047 -0.370079 -0.692913 
vn -0.440945 -0.330709 -0.834646 
vn -0.181102 -0.314961 -0.929134 
vn -0.354331 -0.0944882 -0.929134 
vn -0.354331 -0.0944882 -0.929134 
vn -0.677165 -0.0708661 -0.732283 
vn -0.677165 -0.0708661 -0.732283 
vn -0.362205 0.125984 -0.92126 
vn -0.425197 0.125984 -0.897638 
vn -0.0787402 -0.661417 -0.748031 
vn -0.0787402 -0.661417 -0.748031 
vn -0.850394 -0.511811 -0.0787402 
vn -0.850394 -0.511811 -0.0787402 
vn 0.0314961 -0.708661 -0.700787 
vn -0.629921 -0.724409 0.275591 
vn -0.133858 -0.535433 -0.834646 
vn -0.80315 -0.590551 0.0787402 
vn -0.015748 -0.110236 0.992126 
vn -0.015748 -0.110236 0.992126 
vn 0.110236 -0.110236 0.984252 
vn 0.110236 -0.110236 0.984252 
vn 0.220472 -0.913386 0.346457 
vn -0.811024 -0.582677 0.0472441 
vn 0.425197 -0.15748 -0.889764 
vn -0.125984 -0.125984 -0.984252 
vn 0 -0.322835 0.944882 
vn 0 -0.322835 0.944882 
vn 0.244094 -0.314961 0.92126 
vn 0.244094 -0.314961 0.92126 
vn -0.464567 -0.0551181 -0.88189 
vn -0.417323 -0.11811 -0.897638 
vn 0.0472441 -0.110236 -0.992126 
vn 0.0472441 -0.110236 -0.992126 
vn -0.133858 -0.937008 -0.330709 
vn 0.622047 -0.370079 -0.692913 
vn -0.11811 -0.944882 -0.314961 
vn 0.440945 -0.330709 -0.834646 
vn -0.23622 -0.937008 -0.251969 
vn -0.181102 -0.314961 -0.929134 
vn 0.354331 -0.0944882 -0.929134 
vn 0.354331 -0.0944882 -0.929134 
vn 0.677165 -0.0708661 -0.732283 
vn 0.677165 -0.0708661 -0.732283 
vn 0.362205 0.125984 -0.92126 
vn 0.425197 0.125984 -0.897638 
vn 0.0787402 -0.661417 -0.748031 
vn 0.0787402 -0.661417 -0.748031 
vn 0.850394 -0.511811 -0.0787402 
vn 0.850394 -0.511811 -0.0787402 
vn -0.0314961 -0.708661 -0.700787 
vn 0.629921 -0.724409 0.275591 
vn 0.0314961 -0.259843 -0.968504 
vn 0.84252 -0.543307 0.023622 
vn 0.015748 -0.110236 0.992126 
vn 0.015748 -0.110236 0.992126 
vn -0.110236 -0.110236 0.984252 
vn -0.110236 -0.110236 0.984252 
vn -0.204724 -0.889764 0.401575 
vn 0.811024 -0.582677 0.0472441 
vn -0.464567 -0.559055 -0.685039 
vn 0.370079 -0.275591 -0.889764 
vn 0.173228 -0.472441 -0.866142 
vn -0.141732 -0.88189 0.448819 
vn 0.173228 -0.472441 -0.866142 
vn -0.141732 -0.88189 0.448819 
vn -0.700787 -0.637795 -0.322835 
vn 0.629921 0.732283 0.251969 
vn 0.212598 0.976378 -0.0393701 
vn 0.503937 0.84252 0.19685 
vn 0.0314961 1 0.0629921 
vn 0.0314961 1 0.0629921 
vn 0.0314961 1 0.0787402 
vn -0.574803 0.80315 0.165354 
vn -0.212598 0.976378 -0.0944882 
vn -0.637795 0.755906 0.141732 
vn -0.551181 -0.0866142 0.834646 
vn -0.590551 0 0.80315 
vn -0.614173 0 0.795276 
vn 0.228346 0.11811 -0.968504 
vn 0.291339 0 -0.96063 
vn 0.267717 0 -0.96063 
vn 0.259843 0 -0.968504 
vn 0.503937 -0.755906 -0.417323 
vn 0.133858 -0.0866142 0.984252 
vn 0.0629921 0.0866142 0.992126 
vn 0.181102 -0.023622 0.984252 
vn 0.212598 0.19685 0.96063 
vn 0.0944882 0.409449 0.905512 
vn 0 0.472441 0.88189 
vn 0 0.472441 0.88189 
vn 0 0.433071 0.897638 
vn -0.0787402 0.275591 0.96063 
vn -0.133858 0.023622 0.992126 
vn -0.0551181 0.0314961 1 
vn -0.0551181 0.00787402 1 
vn -0.00787402 -0.181102 0.984252 
vn -0.566929 -0.787402 -0.23622 
vn -0.267717 0 -0.96063 
vn -0.291339 0 -0.96063 
vn -0.354331 0 -0.937008 
vn -0.244094 0.354331 -0.905512 
vn 0.590551 0 0.80315 
vn 0.598425 0 0.80315 
vn -0.992126 -0.00787402 -0.0944882 
vn -0.992126 -0.00787402 -0.0944882 
vn -0.992126 -0.00787402 -0.0944882 
vn -1 -0.0314961 -0.0393701 
vn -1 -0.023622 -0.0472441 
vn -0.992126 0.0393701 -0.133858 
vn 1 0.0314961 0.0393701 
vn 1 0.0314961 0.0393701 
vn 1 0.0314961 0.0393701 
vn 0.992126 0.00787402 0.0944882 
vn 0.992126 -0.0314961 0.133858 
vn 0.992126 -0.0314961 0.133858 
vn 1 0.0314961 0.0393701 
vn 0.992126 0.00787402 0.0944882 
vn 0.992126 0.00787402 0.0944882 
vn 1 0.0314961 0.0393701 
vn 1 0.0314961 0.0393701 
vn 1 0.0314961 0.0393701 
vn 0.992126 -0.0314961 0.133858 
vn 0.992126 -0.0314961 0.133858 
vn 1 -0.0314961 -0.0393701 
vn 1 -0.0314961 -0.0393701 
vn 1 -0.0314961 -0.0393701 
vn 0.992126 -0.00787402 -0.0944882 
vn 0.992126 0.0393701 -0.133858 
vn 0.992126 0.0393701 -0.133858 
vn -0.992126 0.00787402 0.0944882 
vn -0.992126 0.00787402 0.0944882 
vn -0.992126 0.00787402 0.0944882 
vn -1 0.0314961 0.0393701 
vn -1 0.023622 0.0472441 
vn -0.992126 -0.0314961 0.133858 
vn -0.992126 0.00787402 0.0944882 
vn -0.992126 0.00787402 0.0944882 
vn -0.992126 0.00787402 0.0944882 
vn -0.992126 0.00787402 0.0944882 
vn -1 0.0314961 0.0393701 
vn -0.992126 0.00787402 0.0944882 
vn -1 0.023622 0.0472441 
vn -0.992126 -0.0314961 0.133858 

vt 0.408468 0.285749 
vt 0.392687 0.370979 
vt 0.437404 0.371711 
vt 0.44555 0.283545 
vt 0.389621 0.403722 
vt 0.430747 0.407923 
vt 0.431321 0.447088 
vt 0.38453 0.442931 
vt 0.394152 0.484454 
vt 0.436113 0.486042 
vt 0.411224 0.574926 
vt 0.446199 0.576914 
vt 0.441459 0.524862 
vt 0.399333 0.525186 
vt 0.413995 0.601381 
vt 0.453731 0.599246 
vt 0.216857 0.847997 
vt 0.234728 0.849154 
vt 0.221589 0.89577 
vt 0.197716 0.892819 
vt 0.217876 0.911155 
vt 0.193625 0.906793 
vt 0.216705 0.927593 
vt 0.220009 0.946506 
vt 0.195988 0.942297 
vt 0.192235 0.922731 
vt 0.207847 0.986038 
vt 0.199825 0.961891 
vt 0.223493 0.965667 
vt 0.230077 0.990078 
vt 0.214981 1.00532 
vt 0.234728 1.00594 
vt 0.382807 0.281711 
vt 0.366849 0.367834 
vt 0.46293 0.373963 
vt 0.471942 0.286364 
vt 0.448568 0.257136 
vt 0.416308 0.261116 
vt 0.362551 0.395683 
vt 0.458028 0.402185 
vt 0.356099 0.457976 
vt 0.365837 0.491278 
vt 0.465271 0.489956 
vt 0.464257 0.453393 
vt 0.471942 0.572107 
vt 0.470491 0.52738 
vt 0.369979 0.528982 
vt 0.378574 0.576524 
vt 0.468602 0.601808 
vt 0.396866 0.611389 
vt 0.422457 0.618767 
vt 0.459192 0.612142 
vt 0.459069 0.432608 
vt 0.355196 0.425614 
vt 0.176568 0.602019 
vt 0.167605 0.619056 
vt 0.146068 0.610633 
vt 0.147766 0.59131 
vt 0.197207 0.531721 
vt 0.187256 0.560199 
vt 0.153595 0.551363 
vt 0.150701 0.52467 
vt 0.197277 0.464904 
vt 0.19541 0.504692 
vt 0.154074 0.500898 
vt 0.156884 0.463627 
vt 0.201067 0.399021 
vt 0.199552 0.430429 
vt 0.159002 0.431708 
vt 0.159472 0.400304 
vt 0.204118 0.309498 
vt 0.163649 0.299567 
vt 0.185024 0.861027 
vt 0.168285 0.863928 
vt 0.172147 0.846614 
vt 0.183274 0.846273 
vt 0.188186 0.884196 
vt 0.165778 0.884823 
vt 0.166558 0.872707 
vt 0.186348 0.870885 
vt 0.187634 0.917516 
vt 0.167185 0.916614 
vt 0.166041 0.896221 
vt 0.189109 0.899065 
vt 0.188338 0.950657 
vt 0.167666 0.948665 
vt 0.166812 0.933321 
vt 0.188301 0.936185 
vt 0.184066 1.00092 
vt 0.165778 1.00528 
vt 0.20685 0.591217 
vt 0.186045 0.619401 
vt 0.181532 0.578668 
vt 0.137155 0.605926 
vt 0.13535 0.571147 
vt 0.153615 0.56891 
vt 0.226871 0.551866 
vt 0.217455 0.574293 
vt 0.133314 0.555094 
vt 0.126843 0.53411 
vt 0.225495 0.465661 
vt 0.2254 0.500573 
vt 0.131721 0.496205 
vt 0.135102 0.460262 
vt 0.225844 0.401344 
vt 0.225923 0.429203 
vt 0.138687 0.429604 
vt 0.138724 0.400128 
vt 0.22924 0.313521 
vt 0.142231 0.301401 
vt 0.171062 0.279738 
vt 0.20517 0.284514 
vt 0.125688 0.516962 
vt 0.229241 0.527205 
vt 0.562189 0.599573 
vt 0.504058 0.609255 
vt 0.501843 0.589157 
vt 0.561023 0.577125 
vt 0.554684 0.546528 
vt 0.503513 0.561382 
vt 0.502128 0.509615 
vt 0.554286 0.495534 
vt 0.503447 0.466042 
vt 0.555734 0.456712 
vt 0.508258 0.394588 
vt 0.555391 0.387161 
vt 0.554392 0.418248 
vt 0.506885 0.426093 
vt 0.557772 0.280156 
vt 0.558358 0.30227 
vt 0.508702 0.304853 
vt 0.51261 0.284031 
vt 0.123774 1.00103 
vt 0.12707 0.978901 
vt 0.15657 0.989331 
vt 0.154394 1.00839 
vt 0.127246 0.952779 
vt 0.157745 0.961785 
vt 0.155556 0.93855 
vt 0.126043 0.932204 
vt 0.15246 0.902018 
vt 0.154459 0.916449 
vt 0.12574 0.911771 
vt 0.124668 0.897906 
vt 0.127356 0.836168 
vt 0.152057 0.838945 
vt 0.15272 0.852428 
vt 0.127401 0.849901 
vt 0.483718 0.597616 
vt 0.482316 0.561819 
vt 0.5762 0.544577 
vt 0.582217 0.586205 
vt 0.479875 0.510859 
vt 0.576781 0.494815 
vt 0.575237 0.455496 
vt 0.483452 0.466763 
vt 0.576657 0.39049 
vt 0.572929 0.417449 
vt 0.487659 0.424972 
vt 0.486977 0.397013 
vt 0.580647 0.279896 
vt 0.582217 0.304339 
vt 0.485162 0.305197 
vt 0.489641 0.281744 
vt 0.508834 0.26149 
vt 0.554205 0.257905 
vt 0.487673 0.367655 
vt 0.485439 0.327458 
vt 0.50835 0.323864 
vt 0.510437 0.363197 
vt 0.12627 0.862418 
vt 0.152203 0.86462 
vt 0.15079 0.886752 
vt 0.123774 0.88297 
vt 0.55796 0.321862 
vt 0.580637 0.326538 
vt 0.578641 0.363021 
vt 0.557674 0.358322 
vt 0.643787 0.474122 
vt 0.650971 0.528871 
vt 0.612968 0.539341 
vt 0.604416 0.485143 
vt 0.646726 0.389905 
vt 0.643641 0.418274 
vt 0.606905 0.418143 
vt 0.607978 0.388481 
vt 0.615586 0.564028 
vt 0.657393 0.545641 
vt 0.664142 0.567236 
vt 0.621911 0.585814 
vt 0.660469 0.329257 
vt 0.651004 0.363158 
vt 0.613178 0.359927 
vt 0.617473 0.324766 
vt 0.60414 0.450926 
vt 0.642345 0.44756 
vt 0.243485 0.913298 
vt 0.22208 0.905445 
vt 0.230014 0.877002 
vt 0.250935 0.886025 
vt 0.245098 0.955623 
vt 0.22364 0.959002 
vt 0.22087 0.942893 
vt 0.242415 0.941736 
vt 0.239498 0.856353 
vt 0.259381 0.870401 
vt 0.259381 0.984014 
vt 0.237784 0.990723 
vt 0.228938 0.973264 
vt 0.250357 0.967786 
vt 0.219689 0.924198 
vt 0.241049 0.926807 
vt 0.660378 0.472692 
vt 0.667195 0.524621 
vt 0.595217 0.540693 
vt 0.587707 0.487341 
vt 0.662899 0.392058 
vt 0.659664 0.419062 
vt 0.589881 0.417395 
vt 0.591786 0.387161 
vt 0.677635 0.555639 
vt 0.601854 0.581815 
vt 0.677635 0.335875 
vt 0.667699 0.367839 
vt 0.59539 0.359744 
vt 0.598903 0.324377 
vt 0.61816 0.307178 
vt 0.66082 0.310746 
vt 0.658535 0.446968 
vt 0.587904 0.451955 
vt 0.735191 0.374241 
vt 0.698593 0.375216 
vt 0.704841 0.325858 
vt 0.745631 0.324103 
vt 0.727002 0.420035 
vt 0.6943 0.42087 
vt 0.726201 0.442235 
vt 0.691052 0.445299 
vt 0.734905 0.488682 
vt 0.700606 0.500737 
vt 0.68986 0.470436 
vt 0.730324 0.462013 
vt 0.713049 0.54581 
vt 0.708697 0.528662 
vt 0.740821 0.513202 
vt 0.74925 0.523814 
vt 0.277236 0.896773 
vt 0.287475 0.870096 
vt 0.265706 0.868242 
vt 0.256809 0.894456 
vt 0.27041 0.917987 
vt 0.251025 0.917153 
vt 0.249066 0.930193 
vt 0.268854 0.928723 
vt 0.276207 0.950517 
vt 0.271586 0.937564 
vt 0.251275 0.942101 
vt 0.256712 0.958441 
vt 0.27084 0.985627 
vt 0.287475 0.969898 
vt 0.280925 0.96184 
vt 0.262104 0.972734 
vt 0.681674 0.376605 
vt 0.686579 0.327251 
vt 0.70414 0.308525 
vt 0.744472 0.30604 
vt 0.762676 0.329531 
vt 0.751692 0.379544 
vt 0.67791 0.419434 
vt 0.743008 0.419806 
vt 0.675715 0.444499 
vt 0.742566 0.440061 
vt 0.685386 0.506624 
vt 0.675301 0.47759 
vt 0.747668 0.46239 
vt 0.750614 0.486713 
vt 0.707224 0.563429 
vt 0.695729 0.533649 
vt 0.755609 0.510234 
vt 0.762676 0.527866 
vt 0.721096 0.560887 
vt 0.755851 0.535952 
vt 0.672998 0.46649 
vt 0.746603 0.456172 
vt 0.813597 0.388073 
vt 0.777804 0.38811 
vt 0.784986 0.341963 
vt 0.820279 0.338005 
vt 0.809161 0.42006 
vt 0.775046 0.419386 
vt 0.775671 0.459605 
vt 0.807533 0.453202 
vt 0.810939 0.480349 
vt 0.779454 0.490828 
vt 0.793061 0.527929 
vt 0.787229 0.511738 
vt 0.815118 0.500741 
vt 0.82261 0.509452 
vt 0.372908 0.88964 
vt 0.381512 0.864565 
vt 0.361275 0.863575 
vt 0.353896 0.888172 
vt 0.371404 0.904625 
vt 0.353445 0.903367 
vt 0.351292 0.923187 
vt 0.37032 0.919942 
vt 0.371893 0.933089 
vt 0.353422 0.939378 
vt 0.366544 0.95872 
vt 0.381512 0.950064 
vt 0.375715 0.942379 
vt 0.35777 0.951593 
vt 0.761574 0.386277 
vt 0.768661 0.341393 
vt 0.783301 0.326108 
vt 0.818749 0.322004 
vt 0.836663 0.340637 
vt 0.830391 0.388886 
vt 0.762011 0.413345 
vt 0.82243 0.413516 
vt 0.761362 0.461553 
vt 0.760429 0.426813 
vt 0.824133 0.424305 
vt 0.821572 0.450789 
vt 0.765683 0.490978 
vt 0.824203 0.475733 
vt 0.787218 0.537271 
vt 0.774108 0.516498 
vt 0.829231 0.495162 
vt 0.836663 0.51079 
vt 0.799973 0.535156 
vt 0.829765 0.520049 
vt 0.883185 0.421008 
vt 0.853043 0.425933 
vt 0.85593 0.400077 
vt 0.883696 0.395766 
vt 0.885538 0.46205 
vt 0.861408 0.47399 
vt 0.856635 0.459471 
vt 0.884364 0.45386 
vt 0.859546 0.366296 
vt 0.890096 0.35861 
vt 0.852095 0.443533 
vt 0.882683 0.437163 
vt 0.258182 0.800702 
vt 0.25965 0.789023 
vt 0.243257 0.789993 
vt 0.241059 0.803484 
vt 0.261107 0.82111 
vt 0.258688 0.815312 
vt 0.242468 0.819579 
vt 0.249312 0.826793 
vt 0.266169 0.769658 
vt 0.248676 0.772172 
vt 0.24102 0.811642 
vt 0.257653 0.808104 
vt 0.835385 0.422209 
vt 0.838339 0.398528 
vt 0.901666 0.397937 
vt 0.90129 0.419353 
vt 0.84874 0.484527 
vt 0.841281 0.466745 
vt 0.901754 0.452221 
vt 0.901782 0.464177 
vt 0.841301 0.365866 
vt 0.854742 0.348895 
vt 0.885001 0.340762 
vt 0.90815 0.36237 
vt 0.90054 0.438967 
vt 0.835697 0.45252 
vt 0.899133 0.489527 
vt 0.891749 0.506053 
vt 0.87058 0.501781 
vt 0.892128 0.473102 
vt 0.855512 0.516462 
vt 0.266169 0.829482 
vt 0.262855 0.838969 
vt 0.90815 0.481115 
vt 0.899584 0.432466 
vt 0.835385 0.436842 
vt 0.929605 0.10461 
vt 0.928003 0.145049 
vt 0.896301 0.142964 
vt 0.897396 0.105439 
vt 0.928324 0.174011 
vt 0.896062 0.174391 
vt 0.927272 0.20341 
vt 0.927451 0.220962 
vt 0.896032 0.219694 
vt 0.89721 0.202036 
vt 0.216331 0.713766 
vt 0.234432 0.714784 
vt 0.235126 0.735935 
vt 0.216608 0.736564 
vt 0.234527 0.752047 
vt 0.21642 0.751276 
vt 0.216604 0.763658 
vt 0.233665 0.763491 
vt 0.234053 0.767145 
vt 0.216331 0.768756 
vt 0.944328 0.105819 
vt 0.942581 0.145482 
vt 0.881681 0.142489 
vt 0.882586 0.105279 
vt 0.896797 0.090684 
vt 0.928891 0.089802 
vt 0.942849 0.171411 
vt 0.88142 0.171151 
vt 0.940686 0.199681 
vt 0.944328 0.207869 
vt 0.879398 0.202224 
vt 0.88401 0.197662 
vt 0.942449 0.177825 
vt 0.881732 0.177561 
vt 0.244831 0.025993 
vt 0.286596 0.027306 
vt 0.279283 0.063538 
vt 0.241477 0.057636 
vt 0.273273 0.103757 
vt 0.271506 0.131186 
vt 0.238705 0.120957 
vt 0.239978 0.091185 
vt 0.235092 0.173187 
vt 0.237238 0.150753 
vt 0.272319 0.158301 
vt 0.278397 0.17845 
vt 0.241959 0.222089 
vt 0.242772 0.196082 
vt 0.27629 0.202087 
vt 0.283159 0.227294 
vt 0.070375 0.891482 
vt 0.066442 0.90765 
vt 0.088492 0.912141 
vt 0.093618 0.893495 
vt 0.085647 0.933845 
vt 0.06495 0.926542 
vt 0.065427 0.940976 
vt 0.08682 0.946511 
vt 0.068461 0.961386 
vt 0.090369 0.964634 
vt 0.088711 0.95916 
vt 0.067705 0.955568 
vt 0.073195 0.986247 
vt 0.093618 0.98871 
vt 0.091255 0.970764 
vt 0.069587 0.967905 
vt 0.221204 0.052874 
vt 0.226303 0.02227 
vt 0.292872 0.010351 
vt 0.249294 0.00872201 
vt 0.305773 0.028572 
vt 0.301166 0.063399 
vt 0.214718 0.088545 
vt 0.213184 0.117597 
vt 0.298532 0.128909 
vt 0.299598 0.104416 
vt 0.304303 0.163853 
vt 0.301562 0.153603 
vt 0.211253 0.145621 
vt 0.208838 0.15603 
vt 0.299918 0.233674 
vt 0.305773 0.199418 
vt 0.208568 0.196189 
vt 0.22079 0.230369 
vt 0.237704 0.243874 
vt 0.278045 0.245395 
vt 0.304316 0.188084 
vt 0.207992 0.18347 
vt 0.058112 0.215836 
vt 0.035426 0.209102 
vt 0.032939 0.225592 
vt 0.05157 0.230727 
vt 0.067533 0.17017 
vt 0.028895 0.165769 
vt 0.034501 0.192643 
vt 0.061172 0.200325 
vt 0.061663 0.130492 
vt 0.024002 0.127424 
vt 0.028633 0.144532 
vt 0.062393 0.149764 
vt 0.059989 0.071136 
vt 0.03069 0.061447 
vt 0.236157 0.827395 
vt 0.234068 0.839591 
vt 0.223552 0.83594 
vt 0.219038 0.824311 
vt 0.236405 0.815964 
vt 0.216501 0.816311 
vt 0.235163 0.800035 
vt 0.235229 0.807328 
vt 0.21468 0.808336 
vt 0.215567 0.801513 
vt 0.220484 0.773891 
vt 0.236405 0.781675 
vt 0.085601 0.206989 
vt 0.071645 0.223936 
vt 0.021218 0.217641 
vt 0.017166 0.195821 
vt 0.09439 0.188864 
vt 0.01063 0.182369 
vt 0.096 0.124518 
vt 0.09179 0.136709 
vt 0.005533 0.148633 
vt -0.001899 0.138882 
vt 0.011898 0.06056 
vt 0.003441 0.109583 
vt 0.083518 0.105613 
vt 0.079279 0.073192 
vt 0.038196 0.044673 
vt 0.068528 0.054117 
vt 0.003759 0.163706 
vt 0.096 0.152519 
vt 0.350257 0.258795 
vt 0.349903 0.237428 
vt 0.397775 0.241279 
vt 0.397608 0.261394 
vt 0.348471 0.216041 
vt 0.343047 0.183044 
vt 0.385543 0.187531 
vt 0.390944 0.222889 
vt 0.385164 0.163776 
vt 0.34302 0.158202 
vt 0.338622 0.135859 
vt 0.344176 0.105935 
vt 0.389264 0.113085 
vt 0.388163 0.139526 
vt 0.354649 0.026009 
vt 0.396684 0.038571 
vt 0.395537 0.07849 
vt 0.342495 0.066526 
vt 0.294141 0.866332 
vt 0.320176 0.864495 
vt 0.316094 0.879969 
vt 0.28917 0.883145 
vt 0.311912 0.895517 
vt 0.28612 0.897317 
vt 0.31005 0.905255 
vt 0.284175 0.909307 
vt 0.296286 0.980231 
vt 0.288426 0.955317 
vt 0.313603 0.946602 
vt 0.320176 0.971264 
vt 0.419621 0.247542 
vt 0.412631 0.216377 
vt 0.327573 0.215051 
vt 0.331184 0.249151 
vt 0.408524 0.185455 
vt 0.321507 0.186487 
vt 0.318435 0.164737 
vt 0.407296 0.164853 
vt 0.410326 0.108272 
vt 0.411956 0.133037 
vt 0.334752 0.016878 
vt 0.319877 0.059865 
vt 0.419621 0.079531 
vt 0.418374 0.035609 
vt 0.403532 0.016792 
vt 0.360735 0.00484902 
vt 0.285446 0.935578 
vt 0.283592 0.920317 
vt 0.310129 0.91506 
vt 0.311284 0.929219 
vt 0.321931 0.121931 
vt 0.324903 0.094687 
vt 0.313522 0.145247 
vt 0.415653 0.150487 
vt 0.543335 0.19372 
vt 0.545035 0.164145 
vt 0.500693 0.177294 
vt 0.506906 0.207281 
vt 0.537222 0.100575 
vt 0.50259 0.106675 
vt 0.506417 0.139702 
vt 0.538175 0.132928 
vt 0.510586 0.230115 
vt 0.51831 0.251445 
vt 0.557361 0.233088 
vt 0.548811 0.211697 
vt 0.541688 0.043333 
vt 0.501995 0.047342 
vt 0.503927 0.083557 
vt 0.539356 0.076617 
vt 0.344794 0.896526 
vt 0.345402 0.913542 
vt 0.322629 0.913623 
vt 0.322858 0.896004 
vt 0.320517 0.945819 
vt 0.344348 0.938476 
vt 0.34891 0.95797 
vt 0.326005 0.96622 
vt 0.34891 0.866812 
vt 0.348213 0.884598 
vt 0.326105 0.884603 
vt 0.330853 0.865513 
vt 0.344067 0.928433 
vt 0.320789 0.932111 
vt 0.485734 0.182046 
vt 0.490141 0.207489 
vt 0.562016 0.098899 
vt 0.558838 0.132374 
vt 0.489913 0.138171 
vt 0.488591 0.104156 
vt 0.559551 0.190826 
vt 0.566654 0.226887 
vt 0.494864 0.245253 
vt 0.560597 0.043 
vt 0.566654 0.076159 
vt 0.490795 0.080764 
vt 0.487107 0.045178 
vt 0.499009 0.033665 
vt 0.532088 0.02691 
vt 0.560506 0.172745 
vt 0.563322 0.160094 
vt 0.485986 0.17156 
vt 0.703721 0.099063 
vt 0.710192 0.048778 
vt 0.669075 0.049364 
vt 0.66688 0.097774 
vt 0.6993 0.142525 
vt 0.661614 0.14462 
vt 0.661808 0.164796 
vt 0.700611 0.160437 
vt 0.719482 0.208962 
vt 0.707114 0.177155 
vt 0.661127 0.189008 
vt 0.683789 0.215492 
vt 0.690601 0.236686 
vt 0.726706 0.216309 
vt 0.05619 0.918161 
vt 0.034653 0.913895 
vt 0.041537 0.887877 
vt 0.063107 0.891364 
vt 0.052814 0.939309 
vt 0.029747 0.936521 
vt 0.0284 0.946494 
vt 0.052963 0.948405 
vt 0.06148 0.969896 
vt 0.038764 0.974343 
vt 0.029014 0.956974 
vt 0.054922 0.958382 
vt 0.045689 0.987244 
vt 0.063107 0.971895 
vt 0.649827 0.098787 
vt 0.650959 0.050093 
vt 0.66929 0.031805 
vt 0.710006 0.030642 
vt 0.728312 0.05103 
vt 0.722683 0.101465 
vt 0.645497 0.142089 
vt 0.717184 0.141219 
vt 0.646008 0.162266 
vt 0.718396 0.158707 
vt 0.674871 0.227699 
vt 0.650829 0.201781 
vt 0.723257 0.188617 
vt 0.727382 0.213256 
vt 0.693021 0.24889 
vt 0.728312 0.217585 
vt 0.696986 0.247005 
vt 0.727843 0.217891 
vt 0.643092 0.18294 
vt 0.725589 0.176234 
vt 0.781389 0.138803 
vt 0.782352 0.113684 
vt 0.753625 0.117426 
vt 0.751914 0.142687 
vt 0.78314 0.180733 
vt 0.782444 0.171252 
vt 0.750275 0.176899 
vt 0.761333 0.195229 
vt 0.788321 0.07709 
vt 0.757557 0.084386 
vt 0.282164 0.796579 
vt 0.264173 0.799051 
vt 0.266412 0.785558 
vt 0.283665 0.784914 
vt 0.285556 0.817781 
vt 0.274447 0.826336 
vt 0.266451 0.814897 
vt 0.282639 0.810529 
vt 0.272821 0.767976 
vt 0.290339 0.765602 
vt 0.734553 0.140825 
vt 0.736361 0.11677 
vt 0.799976 0.116655 
vt 0.798906 0.138421 
vt 0.751646 0.210035 
vt 0.736315 0.187926 
vt 0.800753 0.169533 
vt 0.799907 0.184322 
vt 0.739444 0.084226 
vt 0.752612 0.067537 
vt 0.782903 0.059412 
vt 0.806147 0.081388 
vt 0.799242 0.164096 
vt 0.732981 0.169048 
vt 0.798468 0.206048 
vt 0.789767 0.190492 
vt 0.771628 0.214211 
vt 0.785543 0.229178 
vt 0.764004 0.234107 
vt 0.290339 0.824699 
vt 0.283697 0.837385 
vt 0.806147 0.198564 
vt 0.860932 0.111729 
vt 0.824415 0.112569 
vt 0.823318 0.150303 
vt 0.859152 0.15238 
vt 0.823148 0.18144 
vt 0.859532 0.181307 
vt 0.858713 0.210539 
vt 0.831017 0.209274 
vt 0.839054 0.226075 
vt 0.86071 0.227936 
vt 0.347583 0.856195 
vt 0.347089 0.833396 
vt 0.326166 0.834176 
vt 0.327081 0.855312 
vt 0.347152 0.818682 
vt 0.326618 0.818057 
vt 0.34687 0.806301 
vt 0.347583 0.801246 
vt 0.335799 0.797681 
vt 0.331167 0.806602 
vt 0.875718 0.112767 
vt 0.873875 0.152878 
vt 0.80874 0.149758 
vt 0.809566 0.112343 
vt 0.824073 0.097722 
vt 0.86047 0.096805 
vt 0.874072 0.178838 
vt 0.808603 0.178319 
vt 0.872031 0.206759 
vt 0.875718 0.21497 
vt 0.821699 0.225386 
vt 0.817205 0.208159 
vt 0.873729 0.185171 
vt 0.810029 0.187736 
vt 0.16499 0.233525 
vt 0.137187 0.225234 
vt 0.13511 0.232624 
vt 0.157278 0.24658 
vt 0.170787 0.188791 
vt 0.144613 0.182382 
vt 0.139873 0.209669 
vt 0.167749 0.218024 
vt 0.143684 0.168427 
vt 0.176887 0.172751 
vt 0.14537 0.15374 
vt 0.174704 0.154304 
vt 0.177273 0.122278 
vt 0.140465 0.117588 
vt 0.317498 0.801994 
vt 0.312921 0.790698 
vt 0.299366 0.794542 
vt 0.299783 0.806073 
vt 0.320582 0.812733 
vt 0.302112 0.816181 
vt 0.320644 0.821074 
vt 0.302584 0.822402 
vt 0.30164 0.828355 
vt 0.299848 0.845348 
vt 0.318338 0.843314 
vt 0.319356 0.829431 
vt 0.184908 0.218122 
vt 0.17814 0.239222 
vt 0.129709 0.226761 
vt 0.123732 0.205578 
vt 0.191023 0.198123 
vt 0.122516 0.186478 
vt 0.195343 0.184026 
vt 0.123277 0.175249 
vt 0.123483 0.116126 
vt 0.130424 0.145977 
vt 0.188175 0.145651 
vt 0.194425 0.120656 
vt 0.143108 0.067947 
vt 0.14067 0.085912 
vt 0.176708 0.094482 
vt 0.17998 0.075581 
vt 0.193018 0.161462 
vt 0.127445 0.156595 
vt 0.194819 0.098246 
vt 0.299366 0.859651 
vt 0.318562 0.855021 
vt 0.122516 0.089848 
vt 0.323831 0.401448 
vt 0.283166 0.399663 
vt 0.285066 0.428927 
vt 0.324332 0.429548 
vt 0.326438 0.592373 
vt 0.327182 0.535519 
vt 0.282461 0.540165 
vt 0.282466 0.589336 
vt 0.291834 0.611114 
vt 0.332005 0.601512 
vt 0.097215 0.884796 
vt 0.09499 0.898274 
vt 0.117353 0.896916 
vt 0.119053 0.88416 
vt 0.119053 0.99021 
vt 0.117997 0.976444 
vt 0.0956 0.982339 
vt 0.096263 0.985773 
vt 0.284939 0.383025 
vt 0.324822 0.384567 
vt 0.340494 0.432653 
vt 0.34069 0.408279 
vt 0.266621 0.40796 
vt 0.267565 0.430483 
vt 0.24356 0.546737 
vt 0.259119 0.588654 
vt 0.295617 0.62343 
vt 0.273151 0.610857 
vt 0.339678 0.600932 
vt 0.333497 0.603239 
vt 0.296034 0.622701 
vt 0.333046 0.603437 
vt 0.116399 0.952032 
vt 0.091886 0.95447 
vt 0.350859 0.55161 
vt 0.286281 0.46892 
vt 0.266015 0.464897 
vt 0.255607 0.50106 
vt 0.285088 0.508835 
vt 0.094133 0.917628 
vt 0.092646 0.938094 
vt 0.116353 0.935648 
vt 0.117081 0.915545 
vt 0.322929 0.467175 
vt 0.324574 0.505265 
vt 0.346899 0.50621 
vt 0.341131 0.468112 
vt 0.243525 0.527726 
vt 0.356855 0.534194 
vt 0.633916 0.238242 
vt 0.618212 0.251179 
vt 0.615752 0.220419 
vt 0.632184 0.218977 
vt 0.61544 0.128626 
vt 0.61607 0.145739 
vt 0.584877 0.146473 
vt 0.584849 0.1294 
vt 0.571554 0.219412 
vt 0.587923 0.221111 
vt 0.585734 0.251082 
vt 0.570181 0.239002 
vt 0.368306 0.83978 
vt 0.368303 0.849824 
vt 0.351244 0.849823 
vt 0.35124 0.839782 
vt 0.351238 0.829166 
vt 0.368308 0.82916 
vt 0.617436 0.202845 
vt 0.632936 0.207901 
vt 0.351243 0.82294 
vt 0.368306 0.822935 
vt 0.570281 0.207978 
vt 0.585404 0.20323 
vt 0.632293 0.18489 
vt 0.615932 0.182675 
vt 0.615677 0.164989 
vt 0.632922 0.165647 
vt 0.368317 0.815467 
vt 0.351251 0.815465 
vt 0.351244 0.804944 
vt 0.368305 0.804947 
vt 0.568954 0.166345 
vt 0.585828 0.165396 
vt 0.586202 0.18308 
vt 0.570147 0.185314 
vt 0.632683 0.198623 
vt 0.570194 0.198712 
vt 0.633916 0.145477 
vt 0.351238 0.793792 
vt 0.368312 0.793779 
vt 0.567476 0.146727 
vt 0.054564 0.374666 
vt 0.087378 0.375637 
vt 0.086018 0.39733 
vt 0.052124 0.396342 
vt 0.036124 0.538786 
vt 0.074145 0.538118 
vt 0.070584 0.547377 
vt 0.042747 0.555616 
vt 0.041347 0.573514 
vt 0.073129 0.563084 
vt 0.074704 0.585371 
vt 0.038456 0.591752 
vt 0.19419 0.848448 
vt 0.209907 0.836996 
vt 0.209259 0.831161 
vt 0.192811 0.837684 
vt 0.106994 0.550775 
vt 0.101429 0.560943 
vt 0.026584 0.580611 
vt 0.011305 0.564502 
vt 0.210128 0.825989 
vt 0.191355 0.830537 
vt 0.105764 0.511292 
vt 0.072047 0.515154 
vt 0.102173 0.503241 
vt 0.041678 0.517523 
vt 0.009455 0.510583 
vt 0.016525 0.501141 
vt 0.192639 0.821348 
vt 0.211861 0.819055 
vt 0.211958 0.806733 
vt 0.193164 0.808131 
vt 0.100004 0.489012 
vt 0.075652 0.490756 
vt 0.081084 0.468069 
vt 0.103676 0.464177 
vt 0.045477 0.491474 
vt 0.047717 0.465773 
vt 0.022361 0.485795 
vt 0.026993 0.458976 
vt 0.084811 0.441233 
vt 0.050801 0.438842 
vt 0.105647 0.437199 
vt 0.106994 0.390277 
vt 0.193189 0.79362 
vt 0.211413 0.792399 
vt 0.208675 0.767384 
vt 0.191355 0.768583 
vt 0.031304 0.432978 
vt 0.03254 0.388632 
vt 0.038059 0.592282 
vt 0.196451 0.856463 
vt 0.211648 0.844054 
vt 0.094364 0.573448 
vt 0.462837 0.163262 
vt 0.464458 0.180829 
vt 0.432467 0.182936 
vt 0.431964 0.165242 
vt 0.481985 0.231565 
vt 0.465739 0.230889 
vt 0.464164 0.206061 
vt 0.48136 0.206717 
vt 0.209654 0.743389 
vt 0.192597 0.743391 
vt 0.19259 0.730053 
vt 0.209649 0.730044 
vt 0.418545 0.209563 
vt 0.435169 0.207249 
vt 0.436204 0.232228 
vt 0.420507 0.234341 
vt 0.482969 0.244955 
vt 0.467578 0.250491 
vt 0.209663 0.750979 
vt 0.192597 0.750989 
vt 0.436508 0.252297 
vt 0.420762 0.248147 
vt 0.482969 0.184357 
vt 0.192582 0.717891 
vt 0.209663 0.717878 
vt 0.414819 0.188172 
vt 0.983366 0.467301 
vt 0.981556 0.448157 
vt 0.965197 0.449772 
vt 0.968235 0.479731 
vt 0.964688 0.357508 
vt 0.934171 0.358509 
vt 0.934446 0.375511 
vt 0.96554 0.374625 
vt 0.920858 0.447714 
vt 0.919504 0.467888 
vt 0.93552 0.480385 
vt 0.937384 0.449578 
vt 0.387005 0.839618 
vt 0.387017 0.828997 
vt 0.369949 0.828995 
vt 0.369948 0.839621 
vt 0.982489 0.436895 
vt 0.967048 0.431655 
vt 0.387013 0.822777 
vt 0.369949 0.822774 
vt 0.919848 0.436407 
vt 0.935148 0.432118 
vt 0.98191 0.413536 
vt 0.982491 0.394327 
vt 0.965394 0.393872 
vt 0.965629 0.411446 
vt 0.387011 0.815312 
vt 0.387015 0.804788 
vt 0.369951 0.804793 
vt 0.369947 0.815313 
vt 0.918611 0.395461 
vt 0.919847 0.414352 
vt 0.93598 0.412012 
vt 0.935582 0.394269 
vt 0.982302 0.427267 
vt 0.919889 0.427668 
vt 0.983366 0.374122 
vt 0.387017 0.793633 
vt 0.369953 0.793638 
vt 0.916983 0.375983 
vt 0.706924 0.848584 
vt 0.785582 0.817435 
vt 0.78858 0.83249 
vt 0.768697 0.790386 
vt 0.74529 0.767747 
vt 0.715679 0.753622 
vt 0.749308 0.928373 
vt 0.721015 0.939827 
vt 0.762087 0.915991 
vt 0.786207 0.877273 
vt 0.771549 0.905327 
vt 0.791901 0.84776 
vt 0.824591 0.827926 
vt 0.828413 0.847815 
vt 0.798309 0.771532 
vt 0.820114 0.808208 
vt 0.766483 0.738993 
vt 0.731648 0.71563 
vt 0.777163 0.958789 
vt 0.736339 0.9761 
vt 0.78909 0.940123 
vt 0.821384 0.887843 
vt 0.802074 0.925434 
vt 0.847047 0.825936 
vt 0.850294 0.848632 
vt 0.816231 0.762938 
vt 0.840608 0.804294 
vt 0.781332 0.724419 
vt 0.743708 0.695845 
vt 0.805811 0.950141 
vt 0.841027 0.892937 
vt 0.820349 0.936054 
vt 0.906727 0.813036 
vt 0.917392 0.840175 
vt 0.88228 0.844271 
vt 0.875437 0.821264 
vt 0.854787 0.747364 
vt 0.887703 0.720102 
vt 0.906915 0.783406 
vt 0.873047 0.797237 
vt 0.819169 0.696656 
vt 0.852557 0.742191 
vt 0.782146 0.65756 
vt 0.82559 0.629099 
vt 0.866003 0.668476 
vt 0.816009 0.692269 
vt 0.906881 0.908714 
vt 0.873868 0.900407 
vt 0.97501 0.91681 
vt 0.944123 0.909919 
vt 0.950468 0.858504 
vt 0.976481 0.871874 
vt 0.83624 0.943512 
vt 0.828453 0.940112 
vt 0.812845 0.954054 
vt 0.809219 0.952039 
vt 0.898812 0.711725 
vt 0.91476 0.766636 
vt 0.881859 0.657894 
vt 0.844303 0.616996 
vt 0.925192 0.908694 
vt 0.933691 0.85044 
vt 0.913922 0.699888 
vt 0.922196 0.747102 
vt 0.905735 0.643532 
vt 0.862146 0.60119 
vt 0.703179 0.852819 
vt 0.614674 0.853271 
vt 0.617717 0.838408 
vt 0.620848 0.82328 
vt 0.637237 0.796158 
vt 0.661598 0.772105 
vt 0.691997 0.756746 
vt 0.690485 0.945752 
vt 0.661527 0.934885 
vt 0.64749 0.921786 
vt 0.635175 0.911971 
vt 0.620673 0.881766 
vt 0.575307 0.85479 
vt 0.579324 0.834442 
vt 0.583915 0.814527 
vt 0.606356 0.778973 
vt 0.638519 0.745458 
vt 0.676468 0.718735 
vt 0.674654 0.983539 
vt 0.635237 0.963806 
vt 0.61818 0.945919 
vt 0.60409 0.9322 
vt 0.583509 0.89365 
vt 0.554668 0.855545 
vt 0.558225 0.832639 
vt 0.564399 0.810695 
vt 0.587973 0.769982 
vt 0.623324 0.731698 
vt 0.625753 0.729527 
vt 0.658562 0.700728 
vt 0.601562 0.956818 
vt 0.586995 0.940747 
vt 0.56255 0.899887 
vt 0.50027 0.819833 
vt 0.527335 0.828387 
vt 0.520493 0.851913 
vt 0.489635 0.846809 
vt 0.549484 0.754813 
vt 0.529521 0.804197 
vt 0.500019 0.7914 
vt 0.51571 0.732792 
vt 0.583323 0.710601 
vt 0.546617 0.688099 
vt 0.622769 0.663203 
vt 0.588384 0.704888 
vt 0.552602 0.681613 
vt 0.579553 0.635684 
vt 0.499966 0.915665 
vt 0.531389 0.906216 
vt 0.431466 0.926565 
vt 0.430039 0.880572 
vt 0.457718 0.866595 
vt 0.462871 0.917978 
vt 0.57886 0.94449 
vt 0.57061 0.948425 
vt 0.595104 0.96059 
vt 0.598307 0.958734 
vt 0.493189 0.772463 
vt 0.505197 0.723158 
vt 0.525871 0.666968 
vt 0.539206 0.664693 
vt 0.560904 0.632883 
vt 0.48239 0.914473 
vt 0.473214 0.857323 
vt 0.482068 0.749466 
vt 0.492469 0.707566 
vt 0.510151 0.659594 
vt 0.558297 0.622514 
vt 0.536069 0.614611 
vt 0.960323 0.840105 
vt 0.983545 0.851491 
vt 0.939252 0.753853 
vt 0.932599 0.771168 
vt 0.931749 0.699346 
vt 0.939599 0.740145 
vt 0.927427 0.654626 
vt 0.911395 0.632752 
vt 0.876672 0.586473 
vt 0.918149 0.612975 
vt 0.941987 0.932104 
vt 0.926929 0.930321 
vt 0.968239 0.936311 
vt 0.997986 0.875875 
vt 0.996433 0.915166 
vt 0.91195 0.929721 
vt 0.849691 0.958089 
vt 0.827643 0.971906 
vt 0.788258 0.97391 
vt 0.933935 0.826199 
vt 0.946709 0.833353 
vt 0.925278 0.808166 
vt 0.926651 0.785735 
vt 0.422379 0.859069 
vt 0.448066 0.848007 
vt 0.474253 0.776389 
vt 0.468397 0.758785 
vt 0.477894 0.742706 
vt 0.462986 0.728996 
vt 0.477138 0.69701 
vt 0.494965 0.653214 
vt 0.514985 0.612044 
vt 0.480872 0.937198 
vt 0.464998 0.940372 
vt 0.438794 0.945499 
vt 0.408404 0.925742 
vt 0.407292 0.884278 
vt 0.557026 0.964942 
vt 0.495156 0.93721 
vt 0.581071 0.9794 
vt 0.627186 0.975625 
vt 0.461108 0.840378 
vt 0.472996 0.83229 
vt 0.481678 0.813501 
vt 0.481839 0.790816 
vt 0.74838 0.991019 
vt 0.66242 0.997641 
vt 0.660807 0.698795 
vt 0.582999 0.627294 
vt 0.626668 0.657958 
vt 0.877606 0.716373 
vt 0.860162 0.681973 
vt 0.186497 0.754934 
vt 0.181963 0.732295 
vt 0.187721 0.731358 
vt 0.929182 0.644049 
vt 0.46439 0.751936 
vt 0.431989 0.760431 
vt 0.098474 0.662396 
vt 0.104489 0.673094 
vt 0.103189 0.705274 
vt 0.097409 0.697533 
vt 0.142637 0.698345 
vt 0.151348 0.699064 
vt 0.130044 0.721161 
vt 0.124047 0.720383 
vt 0.168851 0.711558 
vt 0.141946 0.728585 
vt 0.150165 0.74266 
vt 0.152536 0.758333 
vt 0.070888 0.677325 
vt 0.075415 0.670568 
vt 0.078392 0.702944 
vt 0.075009 0.707374 
vt 0.080574 0.659248 
vt 0.082894 0.695141 
vt 0.042601 0.705731 
vt 0.066422 0.684053 
vt 0.071663 0.711892 
vt 0.056954 0.725996 
vt 0.035661 0.714785 
vt 0.052623 0.732213 
vt 0.027968 0.731264 
vt 0.04728 0.743272 
vt 0.108519 0.680072 
vt 0.112552 0.687241 
vt 0.108964 0.714211 
vt 0.106258 0.709899 
vt 0.122033 0.69584 
vt 0.112809 0.718899 
vt 0.135014 0.699778 
vt 0.118963 0.720934 
vt 0.105157 0.844909 
vt 0.099368 0.855972 
vt 0.098939 0.82156 
vt 0.104278 0.813564 
vt 0.15082 0.817693 
vt 0.143513 0.815483 
vt 0.124187 0.797084 
vt 0.130397 0.798334 
vt 0.168841 0.804993 
vt 0.141506 0.789997 
vt 0.181759 0.784155 
vt 0.149035 0.775706 
vt 0.185134 0.761827 
vt 0.151186 0.759445 
vt 0.075795 0.848148 
vt 0.071778 0.841522 
vt 0.075947 0.811627 
vt 0.080221 0.816004 
vt 0.081071 0.85994 
vt 0.085811 0.823707 
vt 0.067785 0.835036 
vt 0.043264 0.813948 
vt 0.057153 0.793506 
vt 0.071819 0.807414 
vt 0.0357 0.80523 
vt 0.052767 0.786824 
vt 0.024783 0.786121 
vt 0.044792 0.774316 
vt 0.112568 0.832031 
vt 0.108836 0.838514 
vt 0.10723 0.809048 
vt 0.109771 0.805112 
vt 0.12151 0.823937 
vt 0.113241 0.80089 
vt 0.134601 0.819111 
vt 0.1194 0.799196 
vt 0.019347 0.752239 
vt 0.04235 0.758394 
vt 0.017228 0.764234 
vt 0.042384 0.759445 
vt 0.096819 0.75839 
vt 0.096818 0.75839 
vt 0.096817 0.758391 
vt 0.096816 0.758391 
vt 0.096816 0.758393 
vt 0.096856 0.760525 
vt 0.096856 0.760527 
vt 0.096857 0.760529 
vt 0.096858 0.760529 
vt 0.096859 0.760529 
vt 0.096859 0.760529 
vt 0.096859 0.760529 
vt 0.09686 0.760529 
vt 0.09686 0.760528 
vt 0.09686 0.760528 
vt 0.096861 0.760529 
vt 0.096861 0.760529 
vt 0.096861 0.760529 
vt 0.096861 0.760529 
vt 0.096861 0.760529 
vt 0.096861 0.760529 
vt 0.096862 0.760529 
vt 0.096863 0.760527 
vt 0.096863 0.760525 
vt 0.096823 0.758394 
vt 0.096823 0.758392 
vt 0.096822 0.758391 
vt 0.096822 0.758391 
vt 0.096821 0.758391 
vt 0.096821 0.75839 
vt 0.096821 0.75839 
vt 0.096821 0.75839 
vt 0.096821 0.75839 
vt 0.096821 0.75839 
vt 0.09682 0.75839 
vt 0.096819 0.75839 
vt 0.096819 0.75839 
vt 0.096819 0.75839 
vt 0.957195 0.154123 
vt 0.974475 0.159422 
vt 0.975338 0.184577 
vt 0.955625 0.179906 
vt 0.975299 0.200164 
vt 0.952909 0.19628 
vt 0.295495 0.786874 
vt 0.295655 0.799925 
vt 0.285575 0.801957 
vt 0.286589 0.789147 
vt 0.296946 0.808268 
vt 0.285575 0.809945 
vt 0.959472 0.146142 
vt 0.976763 0.15144 
vt 0.982779 0.159247 
vt 0.983599 0.184573 
vt 0.94734 0.179369 
vt 0.948888 0.153517 
vt 0.983599 0.200313 
vt 0.944598 0.195826 
vt 0.957195 0.154123 
vt 0.955625 0.179906 
vt 0.975338 0.184577 
vt 0.974475 0.159422 
vt 0.952909 0.19628 
vt 0.975299 0.200164 
vt 0.295495 0.786874 
vt 0.286589 0.789147 
vt 0.285575 0.801957 
vt 0.295655 0.799925 
vt 0.285575 0.809945 
vt 0.296946 0.808268 
vt 0.959472 0.146142 
vt 0.976763 0.15144 
vt 0.982779 0.159247 
vt 0.983599 0.184573 
vt 0.94734 0.179369 
vt 0.948888 0.153517 
vt 0.983599 0.200313 
vt 0.944598 0.195826 

usemtl Handle1Mtl

f 2603/2603/2603 2604/2604/2604 2605/2605/2605 
f 2603/2603/2603 2605/2605/2605 2606/2606/2606 
f 2605/2605/2605 2604/2604/2604 2607/2607/2607 
f 2605/2605/2605 2607/2607/2607 2608/2608/2608 
f 2609/2609/2609 2610/2610/2610 2611/2611/2611 
f 2609/2609/2609 2611/2611/2611 2612/2612/2612 
f 2613/2613/2613 2614/2614/2614 2615/2615/2615 
f 2613/2613/2613 2615/2615/2615 2616/2616/2616 
f 2617/2617/2617 2618/2618/2618 2614/2614/2614 
f 2617/2617/2617 2614/2614/2614 2613/2613/2613 
f 2619/2619/2619 2620/2620/2620 2621/2621/2621 
f 2619/2619/2619 2621/2621/2621 2622/2622/2622 
f 2621/2621/2621 2623/2623/2623 2624/2624/2624 
f 2621/2621/2621 2624/2624/2624 2622/2622/2622 
f 2625/2625/2625 2626/2626/2626 2627/2627/2627 
f 2625/2625/2625 2627/2627/2627 2628/2628/2628 
f 2629/2629/2629 2630/2630/2630 2631/2631/2631 
f 2629/2629/2629 2631/2631/2631 2632/2632/2632 
f 2633/2633/2633 2629/2629/2629 2632/2632/2632 
f 2633/2633/2633 2632/2632/2632 2634/2634/2634 
f 2635/2635/2635 2636/2636/2636 2604/2604/2604 
f 2635/2635/2635 2604/2604/2604 2603/2603/2603 
f 2637/2637/2637 2638/2638/2638 2606/2606/2606 
f 2637/2637/2637 2606/2606/2606 2605/2605/2605 
f 2639/2639/2639 2640/2640/2640 2603/2603/2603 
f 2639/2639/2639 2603/2603/2603 2606/2606/2606 
f 2636/2636/2636 2641/2641/2641 2607/2607/2607 
f 2636/2636/2636 2607/2607/2607 2604/2604/2604 
f 2642/2642/2642 2637/2637/2637 2605/2605/2605 
f 2642/2642/2642 2605/2605/2605 2608/2608/2608 
f 2643/2643/2643 2644/2644/2644 2611/2611/2611 
f 2643/2643/2643 2611/2611/2611 2610/2610/2610 
f 2645/2645/2645 2646/2646/2646 2609/2609/2609 
f 2645/2645/2645 2609/2609/2609 2612/2612/2612 
f 2647/2647/2647 2648/2648/2648 2615/2615/2615 
f 2647/2647/2647 2615/2615/2615 2614/2614/2614 
f 2649/2649/2649 2650/2650/2650 2613/2613/2613 
f 2649/2649/2649 2613/2613/2613 2616/2616/2616 
f 2651/2651/2651 2647/2647/2647 2614/2614/2614 
f 2651/2651/2651 2614/2614/2614 2618/2618/2618 
f 2650/2650/2650 2652/2652/2652 2617/2617/2617 
f 2650/2650/2650 2617/2617/2617 2613/2613/2613 
f 2653/2653/2653 2654/2654/2654 2618/2618/2618 
f 2653/2653/2653 2618/2618/2618 2617/2617/2617 
f 2648/2648/2648 2645/2645/2645 2612/2612/2612 
f 2648/2648/2648 2612/2612/2612 2615/2615/2615 
f 2627/2627/2627 2626/2626/2626 2631/2631/2631 
f 2627/2627/2627 2631/2631/2631 2630/2630/2630 
f 2611/2611/2611 2644/2644/2644 2649/2649/2649 
f 2611/2611/2611 2649/2649/2649 2616/2616/2616 
f 2612/2612/2612 2611/2611/2611 2616/2616/2616 
f 2612/2612/2612 2616/2616/2616 2615/2615/2615 
f 2655/2655/2655 2642/2642/2642 2608/2608/2608 
f 2655/2655/2655 2608/2608/2608 2609/2609/2609 
f 2624/2624/2624 2623/2623/2623 2625/2625/2625 
f 2624/2624/2624 2625/2625/2625 2628/2628/2628 
f 2607/2607/2607 2641/2641/2641 2656/2656/2656 
f 2607/2607/2607 2656/2656/2656 2610/2610/2610 
f 2608/2608/2608 2607/2607/2607 2610/2610/2610 
f 2608/2608/2608 2610/2610/2610 2609/2609/2609 
f 2657/2657/2657 2658/2658/2658 2659/2659/2659 
f 2657/2657/2657 2659/2659/2659 2660/2660/2660 
f 2661/2661/2661 2662/2662/2662 2663/2663/2663 
f 2661/2661/2661 2663/2663/2663 2664/2664/2664 
f 2665/2665/2665 2666/2666/2666 2667/2667/2667 
f 2665/2665/2665 2667/2667/2667 2668/2668/2668 
f 2669/2669/2669 2670/2670/2670 2671/2671/2671 
f 2669/2669/2669 2671/2671/2671 2672/2672/2672 
f 2673/2673/2673 2669/2669/2669 2672/2672/2672 
f 2673/2673/2673 2672/2672/2672 2674/2674/2674 
f 2675/2675/2675 2676/2676/2676 2677/2677/2677 
f 2675/2675/2675 2677/2677/2677 2678/2678/2678 
f 2679/2679/2679 2680/2680/2680 2681/2681/2681 
f 2679/2679/2679 2681/2681/2681 2682/2682/2682 
f 2683/2683/2683 2684/2684/2684 2685/2685/2685 
f 2683/2683/2683 2685/2685/2685 2686/2686/2686 
f 2687/2687/2687 2688/2688/2688 2689/2689/2689 
f 2687/2687/2687 2689/2689/2689 2690/2690/2690 
f 2691/2691/2691 2692/2692/2692 2688/2688/2688 
f 2691/2691/2691 2688/2688/2688 2687/2687/2687 
f 2693/2693/2693 2694/2694/2694 2657/2657/2657 
f 2693/2693/2693 2657/2657/2657 2695/2695/2695 
f 2696/2696/2696 2697/2697/2697 2698/2698/2698 
f 2696/2696/2696 2698/2698/2698 2660/2660/2660 
f 2699/2699/2699 2700/2700/2700 2662/2662/2662 
f 2699/2699/2699 2662/2662/2662 2661/2661/2661 
f 2701/2701/2701 2702/2702/2702 2664/2664/2664 
f 2701/2701/2701 2664/2664/2664 2663/2663/2663 
f 2703/2703/2703 2704/2704/2704 2666/2666/2666 
f 2703/2703/2703 2666/2666/2666 2665/2665/2665 
f 2705/2705/2705 2706/2706/2706 2668/2668/2668 
f 2705/2705/2705 2668/2668/2668 2667/2667/2667 
f 2707/2707/2707 2708/2708/2708 2670/2670/2670 
f 2707/2707/2707 2670/2670/2670 2669/2669/2669 
f 2709/2709/2709 2710/2710/2710 2672/2672/2672 
f 2709/2709/2709 2672/2672/2672 2671/2671/2671 
f 2711/2711/2711 2707/2707/2707 2669/2669/2669 
f 2711/2711/2711 2669/2669/2669 2673/2673/2673 
f 2710/2710/2710 2712/2712/2712 2674/2674/2674 
f 2710/2710/2710 2674/2674/2674 2672/2672/2672 
f 2713/2713/2713 2714/2714/2714 2673/2673/2673 
f 2713/2713/2713 2673/2673/2673 2674/2674/2674 
f 2695/2695/2695 2657/2657/2657 2660/2660/2660 
f 2695/2695/2695 2660/2660/2660 2698/2698/2698 
f 2697/2697/2697 2701/2701/2701 2663/2663/2663 
f 2697/2697/2697 2663/2663/2663 2698/2698/2698 
f 2682/2682/2682 2681/2681/2681 2676/2676/2676 
f 2682/2682/2682 2676/2676/2676 2675/2675/2675 
f 2662/2662/2662 2700/2700/2700 2693/2693/2693 
f 2662/2662/2662 2693/2693/2693 2695/2695/2695 
f 2663/2663/2663 2662/2662/2662 2695/2695/2695 
f 2663/2663/2663 2695/2695/2695 2698/2698/2698 
f 2715/2715/2715 2705/2705/2705 2667/2667/2667 
f 2715/2715/2715 2667/2667/2667 2664/2664/2664 
f 2686/2686/2686 2685/2685/2685 2680/2680/2680 
f 2686/2686/2686 2680/2680/2680 2679/2679/2679 
f 2666/2666/2666 2704/2704/2704 2716/2716/2716 
f 2666/2666/2666 2716/2716/2716 2661/2661/2661 
f 2667/2667/2667 2666/2666/2666 2661/2661/2661 
f 2667/2667/2667 2661/2661/2661 2664/2664/2664 
f 2706/2706/2706 2709/2709/2709 2671/2671/2671 
f 2706/2706/2706 2671/2671/2671 2668/2668/2668 
f 2690/2690/2690 2689/2689/2689 2684/2684/2684 
f 2690/2690/2690 2684/2684/2684 2683/2683/2683 
f 2670/2670/2670 2708/2708/2708 2703/2703/2703 
f 2670/2670/2670 2703/2703/2703 2665/2665/2665 
f 2671/2671/2671 2670/2670/2670 2665/2665/2665 
f 2671/2671/2671 2665/2665/2665 2668/2668/2668 
f 2717/2717/2717 2718/2718/2718 2719/2719/2719 
f 2717/2717/2717 2719/2719/2719 2720/2720/2720 
f 2721/2721/2721 2722/2722/2722 2723/2723/2723 
f 2721/2721/2721 2723/2723/2723 2724/2724/2724 
f 2725/2725/2725 2726/2726/2726 2724/2724/2724 
f 2725/2725/2725 2724/2724/2724 2723/2723/2723 
f 2727/2727/2727 2728/2728/2728 2729/2729/2729 
f 2727/2727/2727 2729/2729/2729 2730/2730/2730 
f 2731/2731/2731 2732/2732/2732 2733/2733/2733 
f 2731/2731/2731 2733/2733/2733 2734/2734/2734 
f 2735/2735/2735 2736/2736/2736 2737/2737/2737 
f 2735/2735/2735 2737/2737/2737 2738/2738/2738 
f 2736/2736/2736 2739/2739/2739 2740/2740/2740 
f 2736/2736/2736 2740/2740/2740 2737/2737/2737 
f 2741/2741/2741 2740/2740/2740 2739/2739/2739 
f 2741/2741/2741 2739/2739/2739 2742/2742/2742 
f 2743/2743/2743 2744/2744/2744 2745/2745/2745 
f 2743/2743/2743 2745/2745/2745 2746/2746/2746 
f 2747/2747/2747 2748/2748/2748 2749/2749/2749 
f 2747/2747/2747 2749/2749/2749 2750/2750/2750 
f 2751/2751/2751 2752/2752/2752 2722/2722/2722 
f 2751/2751/2751 2722/2722/2722 2719/2719/2719 
f 2753/2753/2753 2754/2754/2754 2720/2720/2720 
f 2753/2753/2753 2720/2720/2720 2721/2721/2721 
f 2752/2752/2752 2755/2755/2755 2723/2723/2723 
f 2752/2752/2752 2723/2723/2723 2722/2722/2722 
f 2756/2756/2756 2753/2753/2753 2721/2721/2721 
f 2756/2756/2756 2721/2721/2721 2724/2724/2724 
f 2757/2757/2757 2756/2756/2756 2724/2724/2724 
f 2757/2757/2757 2724/2724/2724 2726/2726/2726 
f 2755/2755/2755 2758/2758/2758 2725/2725/2725 
f 2755/2755/2755 2725/2725/2725 2723/2723/2723 
f 2759/2759/2759 2760/2760/2760 2729/2729/2729 
f 2759/2759/2759 2729/2729/2729 2728/2728/2728 
f 2761/2761/2761 2762/2762/2762 2727/2727/2727 
f 2761/2761/2761 2727/2727/2727 2730/2730/2730 
f 2763/2763/2763 2764/2764/2764 2732/2732/2732 
f 2763/2763/2763 2732/2732/2732 2731/2731/2731 
f 2765/2765/2765 2766/2766/2766 2734/2734/2734 
f 2765/2765/2765 2734/2734/2734 2733/2733/2733 
f 2767/2767/2767 2768/2768/2768 2731/2731/2731 
f 2767/2767/2767 2731/2731/2731 2734/2734/2734 
f 2720/2720/2720 2719/2719/2719 2722/2722/2722 
f 2720/2720/2720 2722/2722/2722 2721/2721/2721 
f 2769/2769/2769 2770/2770/2770 2771/2771/2771 
f 2769/2769/2769 2771/2771/2771 2772/2772/2772 
f 2773/2773/2773 2774/2774/2774 2775/2775/2775 
f 2773/2773/2773 2775/2775/2775 2776/2776/2776 
f 2777/2777/2777 2778/2778/2778 2779/2779/2779 
f 2777/2777/2777 2779/2779/2779 2780/2780/2780 
f 2771/2771/2771 2777/2777/2777 2780/2780/2780 
f 2771/2771/2771 2780/2780/2780 2772/2772/2772 
f 2779/2779/2779 2759/2759/2759 2728/2728/2728 
f 2779/2779/2779 2728/2728/2728 2780/2780/2780 
f 2775/2775/2775 2743/2743/2743 2746/2746/2746 
f 2775/2775/2775 2746/2746/2746 2776/2776/2776 
f 2727/2727/2727 2762/2762/2762 2769/2769/2769 
f 2727/2727/2727 2769/2769/2769 2772/2772/2772 
f 2772/2772/2772 2780/2780/2780 2728/2728/2728 
f 2772/2772/2772 2728/2728/2728 2727/2727/2727 
f 2760/2760/2760 2757/2757/2757 2726/2726/2726 
f 2760/2760/2760 2726/2726/2726 2729/2729/2729 
f 2744/2744/2744 2741/2741/2741 2742/2742/2742 
f 2744/2744/2744 2742/2742/2742 2745/2745/2745 
f 2725/2725/2725 2758/2758/2758 2761/2761/2761 
f 2725/2725/2725 2761/2761/2761 2730/2730/2730 
f 2730/2730/2730 2729/2729/2729 2726/2726/2726 
f 2730/2730/2730 2726/2726/2726 2725/2725/2725 
f 2770/2770/2770 2765/2765/2765 2733/2733/2733 
f 2770/2770/2770 2733/2733/2733 2771/2771/2771 
f 2750/2750/2750 2749/2749/2749 2774/2774/2774 
f 2750/2750/2750 2774/2774/2774 2773/2773/2773 
f 2732/2732/2732 2764/2764/2764 2778/2778/2778 
f 2732/2732/2732 2778/2778/2778 2777/2777/2777 
f 2733/2733/2733 2732/2732/2732 2777/2777/2777 
f 2733/2733/2733 2777/2777/2777 2771/2771/2771 
f 2781/2781/2781 2782/2782/2782 2783/2783/2783 
f 2781/2781/2781 2783/2783/2783 2784/2784/2784 
f 2785/2785/2785 2786/2786/2786 2787/2787/2787 
f 2785/2785/2785 2787/2787/2787 2788/2788/2788 
f 2789/2789/2789 2790/2790/2790 2791/2791/2791 
f 2789/2789/2789 2791/2791/2791 2792/2792/2792 
f 2793/2793/2793 2794/2794/2794 2795/2795/2795 
f 2793/2793/2793 2795/2795/2795 2796/2796/2796 
f 2797/2797/2797 2798/2798/2798 2781/2781/2781 
f 2797/2797/2797 2781/2781/2781 2784/2784/2784 
f 2799/2799/2799 2800/2800/2800 2801/2801/2801 
f 2799/2799/2799 2801/2801/2801 2802/2802/2802 
f 2803/2803/2803 2804/2804/2804 2805/2805/2805 
f 2803/2803/2803 2805/2805/2805 2806/2806/2806 
f 2801/2801/2801 2807/2807/2807 2808/2808/2808 
f 2801/2801/2801 2808/2808/2808 2802/2802/2802 
f 2809/2809/2809 2810/2810/2810 2811/2811/2811 
f 2809/2809/2809 2811/2811/2811 2812/2812/2812 
f 2813/2813/2813 2800/2800/2800 2799/2799/2799 
f 2813/2813/2813 2799/2799/2799 2814/2814/2814 
f 2815/2815/2815 2816/2816/2816 2782/2782/2782 
f 2815/2815/2815 2782/2782/2782 2781/2781/2781 
f 2817/2817/2817 2818/2818/2818 2784/2784/2784 
f 2817/2817/2817 2784/2784/2784 2783/2783/2783 
f 2819/2819/2819 2820/2820/2820 2786/2786/2786 
f 2819/2819/2819 2786/2786/2786 2785/2785/2785 
f 2821/2821/2821 2822/2822/2822 2788/2788/2788 
f 2821/2821/2821 2788/2788/2788 2787/2787/2787 
f 2816/2816/2816 2823/2823/2823 2790/2790/2790 
f 2816/2816/2816 2790/2790/2790 2782/2782/2782 
f 2824/2824/2824 2817/2817/2817 2783/2783/2783 
f 2824/2824/2824 2783/2783/2783 2789/2789/2789 
f 2825/2825/2825 2826/2826/2826 2794/2794/2794 
f 2825/2825/2825 2794/2794/2794 2793/2793/2793 
f 2827/2827/2827 2828/2828/2828 2796/2796/2796 
f 2827/2827/2827 2796/2796/2796 2795/2795/2795 
f 2829/2829/2829 2830/2830/2830 2793/2793/2793 
f 2829/2829/2829 2793/2793/2793 2796/2796/2796 
f 2831/2831/2831 2815/2815/2815 2781/2781/2781 
f 2831/2831/2831 2781/2781/2781 2798/2798/2798 
f 2818/2818/2818 2832/2832/2832 2797/2797/2797 
f 2818/2818/2818 2797/2797/2797 2784/2784/2784 
f 2783/2783/2783 2782/2782/2782 2790/2790/2790 
f 2783/2783/2783 2790/2790/2790 2789/2789/2789 
f 2787/2787/2787 2786/2786/2786 2798/2798/2798 
f 2787/2787/2787 2798/2798/2798 2797/2797/2797 
f 2820/2820/2820 2831/2831/2831 2798/2798/2798 
f 2820/2820/2820 2798/2798/2798 2786/2786/2786 
f 2805/2805/2805 2813/2813/2813 2814/2814/2814 
f 2805/2805/2805 2814/2814/2814 2806/2806/2806 
f 2797/2797/2797 2832/2832/2832 2821/2821/2821 
f 2797/2797/2797 2821/2821/2821 2787/2787/2787 
f 2794/2794/2794 2785/2785/2785 2788/2788/2788 
f 2794/2794/2794 2788/2788/2788 2795/2795/2795 
f 2826/2826/2826 2819/2819/2819 2785/2785/2785 
f 2826/2826/2826 2785/2785/2785 2794/2794/2794 
f 2812/2812/2812 2811/2811/2811 2804/2804/2804 
f 2812/2812/2812 2804/2804/2804 2803/2803/2803 
f 2788/2788/2788 2822/2822/2822 2827/2827/2827 
f 2788/2788/2788 2827/2827/2827 2795/2795/2795 
f 2833/2833/2833 2834/2834/2834 2835/2835/2835 
f 2833/2833/2833 2835/2835/2835 2836/2836/2836 
f 2837/2837/2837 2838/2838/2838 2834/2834/2834 
f 2837/2837/2837 2834/2834/2834 2833/2833/2833 
f 2839/2839/2839 2840/2840/2840 2838/2838/2838 
f 2839/2839/2839 2838/2838/2838 2837/2837/2837 
f 2841/2841/2841 2842/2842/2842 2843/2843/2843 
f 2841/2841/2841 2843/2843/2843 2844/2844/2844 
f 2845/2845/2845 2846/2846/2846 2847/2847/2847 
f 2845/2845/2845 2847/2847/2847 2848/2848/2848 
f 2849/2849/2849 2850/2850/2850 2851/2851/2851 
f 2849/2849/2849 2851/2851/2851 2852/2852/2852 
f 2853/2853/2853 2849/2849/2849 2852/2852/2852 
f 2853/2853/2853 2852/2852/2852 2854/2854/2854 
f 2855/2855/2855 2856/2856/2856 2853/2853/2853 
f 2855/2855/2855 2853/2853/2853 2854/2854/2854 
f 2857/2857/2857 2858/2858/2858 2859/2859/2859 
f 2857/2857/2857 2859/2859/2859 2860/2860/2860 
f 2861/2861/2861 2862/2862/2862 2863/2863/2863 
f 2861/2861/2861 2863/2863/2863 2864/2864/2864 
f 2865/2865/2865 2866/2866/2866 2835/2835/2835 
f 2865/2865/2865 2835/2835/2835 2834/2834/2834 
f 2867/2867/2867 2868/2868/2868 2836/2836/2836 
f 2867/2867/2867 2836/2836/2836 2835/2835/2835 
f 2869/2869/2869 2870/2870/2870 2833/2833/2833 
f 2869/2869/2869 2833/2833/2833 2836/2836/2836 
f 2871/2871/2871 2865/2865/2865 2834/2834/2834 
f 2871/2871/2871 2834/2834/2834 2838/2838/2838 
f 2870/2870/2870 2872/2872/2872 2837/2837/2837 
f 2870/2870/2870 2837/2837/2837 2833/2833/2833 
f 2873/2873/2873 2871/2871/2871 2838/2838/2838 
f 2873/2873/2873 2838/2838/2838 2840/2840/2840 
f 2872/2872/2872 2874/2874/2874 2839/2839/2839 
f 2872/2872/2872 2839/2839/2839 2837/2837/2837 
f 2875/2875/2875 2876/2876/2876 2843/2843/2843 
f 2875/2875/2875 2843/2843/2843 2842/2842/2842 
f 2877/2877/2877 2878/2878/2878 2841/2841/2841 
f 2877/2877/2877 2841/2841/2841 2844/2844/2844 
f 2879/2879/2879 2880/2880/2880 2846/2846/2846 
f 2879/2879/2879 2846/2846/2846 2845/2845/2845 
f 2881/2881/2881 2882/2882/2882 2848/2848/2848 
f 2881/2881/2881 2848/2848/2848 2847/2847/2847 
f 2883/2883/2883 2845/2845/2845 2848/2848/2848 
f 2883/2883/2883 2848/2848/2848 2884/2884/2884 
f 2880/2880/2880 2875/2875/2875 2842/2842/2842 
f 2880/2880/2880 2842/2842/2842 2846/2846/2846 
f 2863/2863/2863 2857/2857/2857 2860/2860/2860 
f 2863/2863/2863 2860/2860/2860 2864/2864/2864 
f 2841/2841/2841 2878/2878/2878 2881/2881/2881 
f 2841/2841/2841 2881/2881/2881 2847/2847/2847 
f 2847/2847/2847 2846/2846/2846 2842/2842/2842 
f 2847/2847/2847 2842/2842/2842 2841/2841/2841 
f 2885/2885/2885 2873/2873/2873 2840/2840/2840 
f 2885/2885/2885 2840/2840/2840 2843/2843/2843 
f 2859/2859/2859 2858/2858/2858 2856/2856/2856 
f 2859/2859/2859 2856/2856/2856 2855/2855/2855 
f 2839/2839/2839 2874/2874/2874 2886/2886/2886 
f 2839/2839/2839 2886/2886/2886 2844/2844/2844 
f 2843/2843/2843 2840/2840/2840 2839/2839/2839 
f 2843/2843/2843 2839/2839/2839 2844/2844/2844 
f 2887/2887/2887 2888/2888/2888 2889/2889/2889 
f 2887/2887/2887 2889/2889/2889 2890/2890/2890 
f 2891/2891/2891 2892/2892/2892 2888/2888/2888 
f 2891/2891/2891 2888/2888/2888 2887/2887/2887 
f 2893/2893/2893 2892/2892/2892 2891/2891/2891 
f 2893/2893/2893 2891/2891/2891 2894/2894/2894 
f 2895/2895/2895 2896/2896/2896 2893/2893/2893 
f 2895/2895/2895 2893/2893/2893 2894/2894/2894 
f 2897/2897/2897 2898/2898/2898 2899/2899/2899 
f 2897/2897/2897 2899/2899/2899 2900/2900/2900 
f 2901/2901/2901 2902/2902/2902 2903/2903/2903 
f 2901/2901/2901 2903/2903/2903 2904/2904/2904 
f 2905/2905/2905 2901/2901/2901 2904/2904/2904 
f 2905/2905/2905 2904/2904/2904 2906/2906/2906 
f 2907/2907/2907 2908/2908/2908 2905/2905/2905 
f 2907/2907/2907 2905/2905/2905 2906/2906/2906 
f 2909/2909/2909 2908/2908/2908 2907/2907/2907 
f 2909/2909/2909 2907/2907/2907 2910/2910/2910 
f 2911/2911/2911 2912/2912/2912 2913/2913/2913 
f 2911/2911/2911 2913/2913/2913 2914/2914/2914 
f 2915/2915/2915 2916/2916/2916 2889/2889/2889 
f 2915/2915/2915 2889/2889/2889 2888/2888/2888 
f 2917/2917/2917 2918/2918/2918 2890/2890/2890 
f 2917/2917/2917 2890/2890/2890 2889/2889/2889 
f 2919/2919/2919 2920/2920/2920 2887/2887/2887 
f 2919/2919/2919 2887/2887/2887 2890/2890/2890 
f 2921/2921/2921 2915/2915/2915 2888/2888/2888 
f 2921/2921/2921 2888/2888/2888 2892/2892/2892 
f 2920/2920/2920 2922/2922/2922 2891/2891/2891 
f 2920/2920/2920 2891/2891/2891 2887/2887/2887 
f 2923/2923/2923 2924/2924/2924 2892/2892/2892 
f 2923/2923/2923 2892/2892/2892 2893/2893/2893 
f 2925/2925/2925 2926/2926/2926 2894/2894/2894 
f 2925/2925/2925 2894/2894/2894 2891/2891/2891 
f 2927/2927/2927 2923/2923/2923 2893/2893/2893 
f 2927/2927/2927 2893/2893/2893 2896/2896/2896 
f 2926/2926/2926 2928/2928/2928 2895/2895/2895 
f 2926/2926/2926 2895/2895/2895 2894/2894/2894 
f 2929/2929/2929 2930/2930/2930 2898/2898/2898 
f 2929/2929/2929 2898/2898/2898 2897/2897/2897 
f 2931/2931/2931 2932/2932/2932 2900/2900/2900 
f 2931/2931/2931 2900/2900/2900 2899/2899/2899 
f 2933/2933/2933 2897/2897/2897 2900/2900/2900 
f 2933/2933/2933 2900/2900/2900 2934/2934/2934 
f 2899/2899/2899 2898/2898/2898 2896/2896/2896 
f 2899/2899/2899 2896/2896/2896 2895/2895/2895 
f 2930/2930/2930 2927/2927/2927 2896/2896/2896 
f 2930/2930/2930 2896/2896/2896 2898/2898/2898 
f 2913/2913/2913 2909/2909/2909 2910/2910/2910 
f 2913/2913/2913 2910/2910/2910 2914/2914/2914 
f 2895/2895/2895 2928/2928/2928 2931/2931/2931 
f 2895/2895/2895 2931/2931/2931 2899/2899/2899 
f 2935/2935/2935 2936/2936/2936 2937/2937/2937 
f 2935/2935/2935 2937/2937/2937 2938/2938/2938 
f 2939/2939/2939 2940/2940/2940 2941/2941/2941 
f 2939/2939/2939 2941/2941/2941 2942/2942/2942 
f 2938/2938/2938 2937/2937/2937 2943/2943/2943 
f 2938/2938/2938 2943/2943/2943 2944/2944/2944 
f 2945/2945/2945 2946/2946/2946 2942/2942/2942 
f 2945/2945/2945 2942/2942/2942 2941/2941/2941 
f 2947/2947/2947 2948/2948/2948 2949/2949/2949 
f 2947/2947/2947 2949/2949/2949 2950/2950/2950 
f 2951/2951/2951 2952/2952/2952 2953/2953/2953 
f 2951/2951/2951 2953/2953/2953 2954/2954/2954 
f 2948/2948/2948 2955/2955/2955 2956/2956/2956 
f 2948/2948/2948 2956/2956/2956 2949/2949/2949 
f 2957/2957/2957 2953/2953/2953 2952/2952/2952 
f 2957/2957/2957 2952/2952/2952 2958/2958/2958 
f 2959/2959/2959 2960/2960/2960 2937/2937/2937 
f 2959/2959/2959 2937/2937/2937 2936/2936/2936 
f 2961/2961/2961 2962/2962/2962 2935/2935/2935 
f 2961/2961/2961 2935/2935/2935 2938/2938/2938 
f 2963/2963/2963 2964/2964/2964 2941/2941/2941 
f 2963/2963/2963 2941/2941/2941 2940/2940/2940 
f 2965/2965/2965 2966/2966/2966 2939/2939/2939 
f 2965/2965/2965 2939/2939/2939 2942/2942/2942 
f 2960/2960/2960 2967/2967/2967 2943/2943/2943 
f 2960/2960/2960 2943/2943/2943 2937/2937/2937 
f 2968/2968/2968 2969/2969/2969 2944/2944/2944 
f 2968/2968/2968 2944/2944/2944 2943/2943/2943 
f 2970/2970/2970 2961/2961/2961 2938/2938/2938 
f 2970/2970/2970 2938/2938/2938 2944/2944/2944 
f 2971/2971/2971 2965/2965/2965 2942/2942/2942 
f 2971/2971/2971 2942/2942/2942 2946/2946/2946 
f 2964/2964/2964 2972/2972/2972 2945/2945/2945 
f 2964/2964/2964 2945/2945/2945 2941/2941/2941 
f 2973/2973/2973 2974/2974/2974 2975/2975/2975 
f 2973/2973/2973 2975/2975/2975 2976/2976/2976 
f 2977/2977/2977 2963/2963/2963 2940/2940/2940 
f 2977/2977/2977 2940/2940/2940 2975/2975/2975 
f 2978/2978/2978 2951/2951/2951 2954/2954/2954 
f 2978/2978/2978 2954/2954/2954 2979/2979/2979 
f 2939/2939/2939 2966/2966/2966 2980/2980/2980 
f 2939/2939/2939 2980/2980/2980 2976/2976/2976 
f 2976/2976/2976 2975/2975/2975 2940/2940/2940 
f 2976/2976/2976 2940/2940/2940 2939/2939/2939 
f 2936/2936/2936 2935/2935/2935 2946/2946/2946 
f 2936/2936/2936 2946/2946/2946 2945/2945/2945 
f 2962/2962/2962 2981/2981/2981 2946/2946/2946 
f 2962/2962/2962 2946/2946/2946 2935/2935/2935 
f 2950/2950/2950 2957/2957/2957 2958/2958/2958 
f 2950/2950/2950 2958/2958/2958 2947/2947/2947 
f 2945/2945/2945 2982/2982/2982 2959/2959/2959 
f 2945/2945/2945 2959/2959/2959 2936/2936/2936 
f 2983/2983/2983 2984/2984/2984 2985/2985/2985 
f 2983/2983/2983 2985/2985/2985 2986/2986/2986 
f 2984/2984/2984 2987/2987/2987 2988/2988/2988 
f 2984/2984/2984 2988/2988/2988 2985/2985/2985 
f 2989/2989/2989 2990/2990/2990 2991/2991/2991 
f 2989/2989/2989 2991/2991/2991 2992/2992/2992 
f 2988/2988/2988 2987/2987/2987 2989/2989/2989 
f 2988/2988/2988 2989/2989/2989 2992/2992/2992 
f 2993/2993/2993 2994/2994/2994 2995/2995/2995 
f 2993/2993/2993 2995/2995/2995 2996/2996/2996 
f 2996/2996/2996 2995/2995/2995 2997/2997/2997 
f 2996/2996/2996 2997/2997/2997 2998/2998/2998 
f 2999/2999/2999 3000/3000/3000 3001/3001/3001 
f 2999/2999/2999 3001/3001/3001 3002/3002/3002 
f 2997/2997/2997 3000/3000/3000 2999/2999/2999 
f 2997/2997/2997 2999/2999/2999 2998/2998/2998 
f 3003/3003/3003 3004/3004/3004 2984/2984/2984 
f 3003/3003/3003 2984/2984/2984 2983/2983/2983 
f 3005/3005/3005 3006/3006/3006 2986/2986/2986 
f 3005/3005/3005 2986/2986/2986 2985/2985/2985 
f 3007/3007/3007 3008/3008/3008 2983/2983/2983 
f 3007/3007/3007 2983/2983/2983 2986/2986/2986 
f 3004/3004/3004 3009/3009/3009 2987/2987/2987 
f 3004/3004/3004 2987/2987/2987 2984/2984/2984 
f 3010/3010/3010 3005/3005/3005 2985/2985/2985 
f 3010/3010/3010 2985/2985/2985 2988/2988/2988 
f 3011/3011/3011 3012/3012/3012 2989/2989/2989 
f 3013/3013/3013 3014/3014/3014 2992/2992/2992 
f 3015/3015/3015 3011/3011/3011 2989/2989/2989 
f 3015/3015/3015 2989/2989/2989 2987/2987/2987 
f 3014/3014/3014 3016/3016/3016 2988/2988/2988 
f 3014/3014/3014 2988/2988/2988 2992/2992/2992 
f 3017/3017/3017 3018/3018/3018 3019/3019/3019 
f 3017/3017/3017 3019/3019/3019 3020/3020/3020 
f 3021/3021/3021 3022/3022/3022 3023/3023/3023 
f 3021/3021/3021 3023/3023/3023 3024/3024/3024 
f 3025/3025/3025 3026/3026/3026 3027/3027/3027 
f 3025/3025/3025 3027/3027/3027 3028/3028/3028 
f 3029/3029/3029 3030/3030/3030 3031/3031/3031 
f 3029/3029/3029 3031/3031/3031 3032/3032/3032 
f 3033/3033/3033 3034/3034/3034 3035/3035/3035 
f 3033/3033/3033 3035/3035/3035 3036/3036/3036 
f 3037/3037/3037 3038/3038/3038 3039/3039/3039 
f 3037/3037/3037 3039/3039/3039 3040/3040/3040 
f 3041/3041/3041 3042/3042/3042 3043/3043/3043 
f 3041/3041/3041 3043/3043/3043 3044/3044/3044 
f 3045/3045/3045 3046/3046/3046 3047/3047/3047 
f 3045/3045/3045 3047/3047/3047 3048/3048/3048 
f 3017/3017/3017 3020/3020/3020 3049/3049/3049 
f 3017/3017/3017 3049/3049/3049 3050/3050/3050 
f 3051/3051/3051 3018/3018/3018 3017/3017/3017 
f 3051/3051/3051 3017/3017/3017 3052/3052/3052 
f 3018/3018/3018 3053/3053/3053 3054/3054/3054 
f 3018/3018/3018 3054/3054/3054 3019/3019/3019 
f 3055/3055/3055 3024/3024/3024 3023/3023/3023 
f 3055/3055/3055 3023/3023/3023 3056/3056/3056 
f 3057/3057/3057 3022/3022/3022 3021/3021/3021 
f 3057/3057/3057 3021/3021/3021 3058/3058/3058 
f 3059/3059/3059 3028/3028/3028 3027/3027/3027 
f 3059/3059/3059 3027/3027/3027 3060/3060/3060 
f 3061/3061/3061 3026/3026/3026 3025/3025/3025 
f 3061/3061/3061 3025/3025/3025 3062/3062/3062 
f 3063/3063/3063 3032/3032/3032 3031/3031/3031 
f 3063/3063/3063 3031/3031/3031 3064/3064/3064 
f 3065/3065/3065 3030/3030/3030 3029/3029/3029 
f 3065/3065/3065 3029/3029/3029 3066/3066/3066 
f 3067/3067/3067 3029/3029/3029 3032/3032/3032 
f 3067/3067/3067 3032/3032/3032 3068/3068/3068 
f 3064/3064/3064 3031/3031/3031 3028/3028/3028 
f 3064/3064/3064 3028/3028/3028 3069/3069/3069 
f 3048/3048/3048 3047/3047/3047 3042/3042/3042 
f 3048/3048/3048 3042/3042/3042 3041/3041/3041 
f 3025/3025/3025 3030/3030/3030 3065/3065/3065 
f 3025/3025/3025 3065/3065/3065 3070/3070/3070 
f 3030/3030/3030 3025/3025/3025 3028/3028/3028 
f 3030/3030/3030 3028/3028/3028 3031/3031/3031 
f 3060/3060/3060 3027/3027/3027 3022/3022/3022 
f 3060/3060/3060 3022/3022/3022 3057/3057/3057 
f 3039/3039/3039 3044/3044/3044 3043/3043/3043 
f 3039/3039/3039 3043/3043/3043 3040/3040/3040 
f 3023/3023/3023 3026/3026/3026 3061/3061/3061 
f 3023/3023/3023 3061/3061/3061 3056/3056/3056 
f 3022/3022/3022 3027/3027/3027 3026/3026/3026 
f 3022/3022/3022 3026/3026/3026 3023/3023/3023 
f 3019/3019/3019 3054/3054/3054 3058/3058/3058 
f 3019/3019/3019 3058/3058/3058 3021/3021/3021 
f 3034/3034/3034 3038/3038/3038 3037/3037/3037 
f 3034/3034/3034 3037/3037/3037 3035/3035/3035 
f 3020/3020/3020 3024/3024/3024 3055/3055/3055 
f 3020/3020/3020 3055/3055/3055 3049/3049/3049 
f 3019/3019/3019 3021/3021/3021 3024/3024/3024 
f 3019/3019/3019 3024/3024/3024 3020/3020/3020 
f 3071/3071/3071 3072/3072/3072 3073/3073/3073 
f 3071/3071/3071 3073/3073/3073 3074/3074/3074 
f 3075/3075/3075 3076/3076/3076 3077/3077/3077 
f 3075/3075/3075 3077/3077/3077 3078/3078/3078 
f 3079/3079/3079 3080/3080/3080 3081/3081/3081 
f 3079/3079/3079 3081/3081/3081 3082/3082/3082 
f 3080/3080/3080 3079/3079/3079 3083/3083/3083 
f 3080/3080/3080 3083/3083/3083 3084/3084/3084 
f 3085/3085/3085 3086/3086/3086 3087/3087/3087 
f 3085/3085/3085 3087/3087/3087 3088/3088/3088 
f 3089/3089/3089 3085/3085/3085 3088/3088/3088 
f 3089/3089/3089 3088/3088/3088 3090/3090/3090 
f 3091/3091/3091 3092/3092/3092 3093/3093/3093 
f 3091/3091/3091 3093/3093/3093 3094/3094/3094 
f 3094/3094/3094 3095/3095/3095 3096/3096/3096 
f 3094/3094/3094 3096/3096/3096 3091/3091/3091 
f 3097/3097/3097 3078/3078/3078 3071/3071/3071 
f 3097/3097/3097 3071/3071/3071 3098/3098/3098 
f 3099/3099/3099 3072/3072/3072 3077/3077/3077 
f 3099/3099/3099 3077/3077/3077 3100/3100/3100 
f 3101/3101/3101 3075/3075/3075 3078/3078/3078 
f 3101/3101/3101 3078/3078/3078 3097/3097/3097 
f 3100/3100/3100 3077/3077/3077 3076/3076/3076 
f 3100/3100/3100 3076/3076/3076 3102/3102/3102 
f 3103/3103/3103 3079/3079/3079 3082/3082/3082 
f 3103/3103/3103 3082/3082/3082 3104/3104/3104 
f 3105/3105/3105 3081/3081/3081 3080/3080/3080 
f 3105/3105/3105 3080/3080/3080 3106/3106/3106 
f 3080/3080/3080 3084/3084/3084 3107/3107/3107 
f 3080/3080/3080 3107/3107/3107 3108/3108/3108 
f 3079/3079/3079 3109/3109/3109 3110/3110/3110 
f 3079/3079/3079 3110/3110/3110 3083/3083/3083 
f 3111/3111/3111 3084/3084/3084 3083/3083/3083 
f 3111/3111/3111 3083/3083/3083 3112/3112/3112 
f 3078/3078/3078 3077/3077/3077 3072/3072/3072 
f 3078/3078/3078 3072/3072/3072 3071/3071/3071 
f 3113/3113/3113 3076/3076/3076 3081/3081/3081 
f 3113/3113/3113 3081/3081/3081 3105/3105/3105 
f 3092/3092/3092 3089/3089/3089 3090/3090/3090 
f 3092/3092/3092 3090/3090/3090 3093/3093/3093 
f 3082/3082/3082 3075/3075/3075 3114/3114/3114 
f 3082/3082/3082 3114/3114/3114 3104/3104/3104 
f 3081/3081/3081 3076/3076/3076 3075/3075/3075 
f 3081/3081/3081 3075/3075/3075 3082/3082/3082 
f 3115/3115/3115 3116/3116/3116 3117/3117/3117 
f 3115/3115/3115 3117/3117/3117 3118/3118/3118 
f 3119/3119/3119 3120/3120/3120 3121/3121/3121 
f 3119/3119/3119 3121/3121/3121 3122/3122/3122 
f 3123/3123/3123 3121/3121/3121 3120/3120/3120 
f 3123/3123/3123 3120/3120/3120 3124/3124/3124 
f 3125/3125/3125 3126/3126/3126 3127/3127/3127 
f 3125/3125/3125 3127/3127/3127 3128/3128/3128 
f 3129/3129/3129 3130/3130/3130 3131/3131/3131 
f 3129/3129/3129 3131/3131/3131 3132/3132/3132 
f 3133/3133/3133 3134/3134/3134 3135/3135/3135 
f 3133/3133/3133 3135/3135/3135 3136/3136/3136 
f 3136/3136/3136 3135/3135/3135 3137/3137/3137 
f 3136/3136/3136 3137/3137/3137 3138/3138/3138 
f 3139/3139/3139 3140/3140/3140 3138/3138/3138 
f 3139/3139/3139 3138/3138/3138 3137/3137/3137 
f 3141/3141/3141 3142/3142/3142 3143/3143/3143 
f 3141/3141/3141 3143/3143/3143 3144/3144/3144 
f 3145/3145/3145 3117/3117/3117 3122/3122/3122 
f 3145/3145/3145 3122/3122/3122 3146/3146/3146 
f 3147/3147/3147 3119/3119/3119 3116/3116/3116 
f 3147/3147/3147 3116/3116/3116 3148/3148/3148 
f 3146/3146/3146 3122/3122/3122 3121/3121/3121 
f 3146/3146/3146 3121/3121/3121 3149/3149/3149 
f 3150/3150/3150 3120/3120/3120 3119/3119/3119 
f 3150/3150/3150 3119/3119/3119 3147/3147/3147 
f 3151/3151/3151 3124/3124/3124 3120/3120/3120 
f 3151/3151/3151 3120/3120/3120 3150/3150/3150 
f 3149/3149/3149 3121/3121/3121 3123/3123/3123 
f 3149/3149/3149 3123/3123/3123 3152/3152/3152 
f 3128/3128/3128 3127/3127/3127 3153/3153/3153 
f 3128/3128/3128 3153/3153/3153 3154/3154/3154 
f 3155/3155/3155 3129/3129/3129 3132/3132/3132 
f 3155/3155/3155 3132/3132/3132 3156/3156/3156 
f 3157/3157/3157 3131/3131/3131 3130/3130/3130 
f 3157/3157/3157 3130/3130/3130 3158/3158/3158 
f 3159/3159/3159 3130/3130/3130 3129/3129/3129 
f 3159/3159/3159 3129/3129/3129 3160/3160/3160 
f 3116/3116/3116 3119/3119/3119 3122/3122/3122 
f 3116/3116/3116 3122/3122/3122 3117/3117/3117 
f 3161/3161/3161 3162/3162/3162 3163/3163/3163 
f 3161/3161/3161 3163/3163/3163 3164/3164/3164 
f 3125/3125/3125 3165/3165/3165 3166/3166/3166 
f 3125/3125/3125 3166/3166/3166 3126/3126/3126 
f 3167/3167/3167 3125/3125/3125 3124/3124/3124 
f 3167/3167/3167 3124/3124/3124 3151/3151/3151 
f 3163/3163/3163 3162/3162/3162 3140/3140/3140 
f 3163/3163/3163 3140/3140/3140 3139/3139/3139 
f 3123/3123/3123 3128/3128/3128 3168/3168/3168 
f 3123/3123/3123 3168/3168/3168 3152/3152/3152 
f 3128/3128/3128 3123/3123/3123 3124/3124/3124 
f 3128/3128/3128 3124/3124/3124 3125/3125/3125 
f 3126/3126/3126 3166/3166/3166 3156/3156/3156 
f 3126/3126/3126 3156/3156/3156 3132/3132/3132 
f 3142/3142/3142 3161/3161/3161 3164/3164/3164 
f 3142/3142/3142 3164/3164/3164 3143/3143/3143 
f 3127/3127/3127 3131/3131/3131 3157/3157/3157 
f 3127/3127/3127 3157/3157/3157 3153/3153/3153 
f 3126/3126/3126 3132/3132/3132 3131/3131/3131 
f 3126/3126/3126 3131/3131/3131 3127/3127/3127 
f 3169/3169/3169 3170/3170/3170 3171/3171/3171 
f 3169/3169/3169 3171/3171/3171 3172/3172/3172 
f 3173/3173/3173 3174/3174/3174 3175/3175/3175 
f 3173/3173/3173 3175/3175/3175 3176/3176/3176 
f 3177/3177/3177 3178/3178/3178 3179/3179/3179 
f 3177/3177/3177 3179/3179/3179 3180/3180/3180 
f 3181/3181/3181 3182/3182/3182 3183/3183/3183 
f 3181/3181/3181 3183/3183/3183 3184/3184/3184 
f 3185/3185/3185 3186/3186/3186 3187/3187/3187 
f 3185/3185/3185 3187/3187/3187 3188/3188/3188 
f 3189/3189/3189 3190/3190/3190 3191/3191/3191 
f 3189/3189/3189 3191/3191/3191 3192/3192/3192 
f 3193/3193/3193 3194/3194/3194 3195/3195/3195 
f 3193/3193/3193 3195/3195/3195 3196/3196/3196 
f 3197/3197/3197 3190/3190/3190 3189/3189/3189 
f 3197/3197/3197 3189/3189/3189 3198/3198/3198 
f 3172/3172/3172 3171/3171/3171 3199/3199/3199 
f 3172/3172/3172 3199/3199/3199 3200/3200/3200 
f 3201/3201/3201 3173/3173/3173 3176/3176/3176 
f 3201/3201/3201 3176/3176/3176 3202/3202/3202 
f 3203/3203/3203 3175/3175/3175 3174/3174/3174 
f 3203/3203/3203 3174/3174/3174 3204/3204/3204 
f 3205/3205/3205 3169/3169/3169 3180/3180/3180 
f 3205/3205/3205 3180/3180/3180 3206/3206/3206 
f 3207/3207/3207 3177/3177/3177 3172/3172/3172 
f 3207/3207/3207 3172/3172/3172 3200/3200/3200 
f 3208/3208/3208 3181/3181/3181 3184/3184/3184 
f 3208/3208/3208 3184/3184/3184 3209/3209/3209 
f 3210/3210/3210 3183/3183/3183 3182/3182/3182 
f 3210/3210/3210 3182/3182/3182 3211/3211/3211 
f 3212/3212/3212 3182/3182/3182 3181/3181/3181 
f 3212/3212/3212 3181/3181/3181 3213/3213/3213 
f 3169/3169/3169 3205/3205/3205 3214/3214/3214 
f 3169/3169/3169 3214/3214/3214 3170/3170/3170 
f 3172/3172/3172 3177/3177/3177 3180/3180/3180 
f 3172/3172/3172 3180/3180/3180 3169/3169/3169 
f 3170/3170/3170 3215/3215/3215 3202/3202/3202 
f 3170/3170/3170 3202/3202/3202 3176/3176/3176 
f 3186/3186/3186 3197/3197/3197 3198/3198/3198 
f 3186/3186/3186 3198/3198/3198 3187/3187/3187 
f 3171/3171/3171 3175/3175/3175 3203/3203/3203 
f 3171/3171/3171 3203/3203/3203 3216/3216/3216 
f 3170/3170/3170 3176/3176/3176 3175/3175/3175 
f 3170/3170/3170 3175/3175/3175 3171/3171/3171 
f 3184/3184/3184 3183/3183/3183 3174/3174/3174 
f 3184/3184/3184 3174/3174/3174 3173/3173/3173 
f 3209/3209/3209 3184/3184/3184 3173/3173/3173 
f 3209/3209/3209 3173/3173/3173 3201/3201/3201 
f 3194/3194/3194 3185/3185/3185 3188/3188/3188 
f 3194/3194/3194 3188/3188/3188 3195/3195/3195 
f 3174/3174/3174 3183/3183/3183 3210/3210/3210 
f 3174/3174/3174 3210/3210/3210 3204/3204/3204 
f 3217/3217/3217 3218/3218/3218 3219/3219/3219 
f 3217/3217/3217 3219/3219/3219 3220/3220/3220 
f 3221/3221/3221 3217/3217/3217 3220/3220/3220 
f 3221/3221/3221 3220/3220/3220 3222/3222/3222 
f 3223/3223/3223 3224/3224/3224 3221/3221/3221 
f 3223/3223/3223 3221/3221/3221 3222/3222/3222 
f 3225/3225/3225 3226/3226/3226 3227/3227/3227 
f 3225/3225/3225 3227/3227/3227 3228/3228/3228 
f 3229/3229/3229 3230/3230/3230 3225/3225/3225 
f 3229/3229/3229 3225/3225/3225 3228/3228/3228 
f 3231/3231/3231 3232/3232/3232 3233/3233/3233 
f 3231/3231/3231 3233/3233/3233 3234/3234/3234 
f 3235/3235/3235 3236/3236/3236 3232/3232/3232 
f 3235/3235/3235 3232/3232/3232 3231/3231/3231 
f 3237/3237/3237 3236/3236/3236 3235/3235/3235 
f 3237/3237/3237 3235/3235/3235 3238/3238/3238 
f 3239/3239/3239 3240/3240/3240 3241/3241/3241 
f 3239/3239/3239 3241/3241/3241 3242/3242/3242 
f 3243/3243/3243 3240/3240/3240 3239/3239/3239 
f 3243/3243/3243 3239/3239/3239 3244/3244/3244 
f 3245/3245/3245 3220/3220/3220 3219/3219/3219 
f 3245/3245/3245 3219/3219/3219 3246/3246/3246 
f 3247/3247/3247 3219/3219/3219 3218/3218/3218 
f 3247/3247/3247 3218/3218/3218 3248/3248/3248 
f 3249/3249/3249 3218/3218/3218 3217/3217/3217 
f 3249/3249/3249 3217/3217/3217 3250/3250/3250 
f 3251/3251/3251 3222/3222/3222 3220/3220/3220 
f 3251/3251/3251 3220/3220/3220 3245/3245/3245 
f 3250/3250/3250 3217/3217/3217 3221/3221/3221 
f 3250/3250/3250 3221/3221/3221 3252/3252/3252 
f 3253/3253/3253 3223/3223/3223 3222/3222/3222 
f 3253/3253/3253 3222/3222/3222 3251/3251/3251 
f 3252/3252/3252 3221/3221/3221 3224/3224/3224 
f 3252/3252/3252 3224/3224/3224 3254/3254/3254 
f 3255/3255/3255 3228/3228/3228 3227/3227/3227 
f 3255/3255/3255 3227/3227/3227 3256/3256/3256 
f 3257/3257/3257 3226/3226/3226 3225/3225/3225 
f 3257/3257/3257 3225/3225/3225 3258/3258/3258 
f 3259/3259/3259 3229/3229/3229 3228/3228/3228 
f 3259/3259/3259 3228/3228/3228 3255/3255/3255 
f 3258/3258/3258 3225/3225/3225 3230/3230/3230 
f 3258/3258/3258 3230/3230/3230 3260/3260/3260 
f 3261/3261/3261 3262/3262/3262 3230/3230/3230 
f 3261/3261/3261 3230/3230/3230 3229/3229/3229 
f 3227/3227/3227 3226/3226/3226 3224/3224/3224 
f 3227/3227/3227 3224/3224/3224 3223/3223/3223 
f 3263/3263/3263 3227/3227/3227 3223/3223/3223 
f 3263/3263/3263 3223/3223/3223 3253/3253/3253 
f 3241/3241/3241 3237/3237/3237 3238/3238/3238 
f 3241/3241/3241 3238/3238/3238 3242/3242/3242 
f 3224/3224/3224 3226/3226/3226 3264/3264/3264 
f 3224/3224/3224 3264/3264/3264 3254/3254/3254 
f 3265/3265/3265 3266/3266/3266 3267/3267/3267 
f 3265/3265/3265 3267/3267/3267 3268/3268/3268 
f 3269/3269/3269 3270/3270/3270 3271/3271/3271 
f 3269/3269/3269 3271/3271/3271 3272/3272/3272 
f 3266/3266/3266 3273/3273/3273 3274/3274/3274 
f 3266/3266/3266 3274/3274/3274 3267/3267/3267 
f 3268/3268/3268 3271/3271/3271 3270/3270/3270 
f 3268/3268/3268 3270/3270/3270 3265/3265/3265 
f 3275/3275/3275 3276/3276/3276 3277/3277/3277 
f 3275/3275/3275 3277/3277/3277 3278/3278/3278 
f 3279/3279/3279 3280/3280/3280 3281/3281/3281 
f 3279/3279/3279 3281/3281/3281 3282/3282/3282 
f 3278/3278/3278 3277/3277/3277 3283/3283/3283 
f 3278/3278/3278 3283/3283/3283 3284/3284/3284 
f 3276/3276/3276 3275/3275/3275 3282/3282/3282 
f 3276/3276/3276 3282/3282/3282 3281/3281/3281 
f 3285/3285/3285 3268/3268/3268 3267/3267/3267 
f 3285/3285/3285 3267/3267/3267 3286/3286/3286 
f 3287/3287/3287 3266/3266/3266 3265/3265/3265 
f 3287/3287/3287 3265/3265/3265 3288/3288/3288 
f 3289/3289/3289 3272/3272/3272 3271/3271/3271 
f 3289/3289/3289 3271/3271/3271 3290/3290/3290 
f 3291/3291/3291 3270/3270/3270 3269/3269/3269 
f 3291/3291/3291 3269/3269/3269 3292/3292/3292 
f 3286/3286/3286 3267/3267/3267 3274/3274/3274 
f 3286/3286/3286 3274/3274/3274 3293/3293/3293 
f 3294/3294/3294 3274/3274/3274 3273/3273/3273 
f 3294/3294/3294 3273/3273/3273 3295/3295/3295 
f 3296/3296/3296 3273/3273/3273 3266/3266/3266 
f 3296/3296/3296 3266/3266/3266 3287/3287/3287 
f 3288/3288/3288 3265/3265/3265 3270/3270/3270 
f 3288/3288/3288 3270/3270/3270 3297/3297/3297 
f 3298/3298/3298 3271/3271/3271 3268/3268/3268 
f 3298/3298/3298 3268/3268/3268 3285/3285/3285 
f 3299/3299/3299 3300/3300/3300 3301/3301/3301 
f 3299/3299/3299 3301/3301/3301 3302/3302/3302 
f 3303/3303/3303 3301/3301/3301 3272/3272/3272 
f 3303/3303/3303 3272/3272/3272 3289/3289/3289 
f 3304/3304/3304 3305/3305/3305 3280/3280/3280 
f 3304/3304/3304 3280/3280/3280 3279/3279/3279 
f 3269/3269/3269 3300/3300/3300 3306/3306/3306 
f 3269/3269/3269 3306/3306/3306 3292/3292/3292 
f 3300/3300/3300 3269/3269/3269 3272/3272/3272 
f 3300/3300/3300 3272/3272/3272 3301/3301/3301 
f 3307/3307/3307 3308/3308/3308 3309/3309/3309 
f 3307/3307/3307 3309/3309/3309 3310/3310/3310 
f 3310/3310/3310 3309/3309/3309 3311/3311/3311 
f 3310/3310/3310 3311/3311/3311 3312/3312/3312 
f 3313/3313/3313 3314/3314/3314 3315/3315/3315 
f 3313/3313/3313 3315/3315/3315 3316/3316/3316 
f 3311/3311/3311 3314/3314/3314 3313/3313/3313 
f 3311/3311/3311 3313/3313/3313 3312/3312/3312 
f 3317/3317/3317 3318/3318/3318 3319/3319/3319 
f 3317/3317/3317 3319/3319/3319 3320/3320/3320 
f 3318/3318/3318 3321/3321/3321 3322/3322/3322 
f 3318/3318/3318 3322/3322/3322 3319/3319/3319 
f 3323/3323/3323 3324/3324/3324 3325/3325/3325 
f 3323/3323/3323 3325/3325/3325 3326/3326/3326 
f 3322/3322/3322 3321/3321/3321 3323/3323/3323 
f 3322/3322/3322 3323/3323/3323 3326/3326/3326 
f 3327/3327/3327 3307/3307/3307 3310/3310/3310 
f 3327/3327/3327 3310/3310/3310 3328/3328/3328 
f 3329/3329/3329 3309/3309/3309 3308/3308/3308 
f 3329/3329/3329 3308/3308/3308 3330/3330/3330 
f 3331/3331/3331 3308/3308/3308 3307/3307/3307 
f 3331/3331/3331 3307/3307/3307 3332/3332/3332 
f 3328/3328/3328 3310/3310/3310 3312/3312/3312 
f 3328/3328/3328 3312/3312/3312 3333/3333/3333 
f 3334/3334/3334 3311/3311/3311 3309/3309/3309 
f 3334/3334/3334 3309/3309/3309 3329/3329/3329 
f 3335/3335/3335 3313/3313/3313 3336/3336/3336 
f 3337/3337/3337 3314/3314/3314 3338/3338/3338 
f 3339/3339/3339 3312/3312/3312 3313/3313/3313 
f 3339/3339/3339 3313/3313/3313 3335/3335/3335 
f 3338/3338/3338 3314/3314/3314 3311/3311/3311 
f 3338/3338/3338 3311/3311/3311 3340/3340/3340 
f 3341/3341/3341 3342/3342/3342 3343/3343/3343 
f 3341/3341/3341 3343/3343/3343 3344/3344/3344 
f 3345/3345/3345 3346/3346/3346 3347/3347/3347 
f 3345/3345/3345 3347/3347/3347 3348/3348/3348 
f 3349/3349/3349 3346/3346/3346 3345/3345/3345 
f 3349/3349/3349 3345/3345/3345 3350/3350/3350 
f 3351/3351/3351 3352/3352/3352 3353/3353/3353 
f 3351/3351/3351 3353/3353/3353 3354/3354/3354 
f 3355/3355/3355 3356/3356/3356 3357/3357/3357 
f 3355/3355/3355 3357/3357/3357 3358/3358/3358 
f 3359/3359/3359 3355/3355/3355 3358/3358/3358 
f 3359/3359/3359 3358/3358/3358 3360/3360/3360 
f 3361/3361/3361 3359/3359/3359 3360/3360/3360 
f 3361/3361/3361 3360/3360/3360 3362/3362/3362 
f 3363/3363/3363 3364/3364/3364 3365/3365/3365 
f 3363/3363/3363 3365/3365/3365 3366/3366/3366 
f 3367/3367/3367 3348/3348/3348 3341/3341/3341 
f 3367/3367/3367 3341/3341/3341 3368/3368/3368 
f 3369/3369/3369 3342/3342/3342 3347/3347/3347 
f 3369/3369/3369 3347/3347/3347 3370/3370/3370 
f 3371/3371/3371 3345/3345/3345 3348/3348/3348 
f 3371/3371/3371 3348/3348/3348 3367/3367/3367 
f 3370/3370/3370 3347/3347/3347 3346/3346/3346 
f 3370/3370/3370 3346/3346/3346 3372/3372/3372 
f 3373/3373/3373 3350/3350/3350 3345/3345/3345 
f 3373/3373/3373 3345/3345/3345 3371/3371/3371 
f 3372/3372/3372 3346/3346/3346 3349/3349/3349 
f 3372/3372/3372 3349/3349/3349 3374/3374/3374 
f 3351/3351/3351 3354/3354/3354 3375/3375/3375 
f 3351/3351/3351 3375/3375/3375 3376/3376/3376 
f 3352/3352/3352 3377/3377/3377 3378/3378/3378 
f 3352/3352/3352 3378/3378/3378 3353/3353/3353 
f 3379/3379/3379 3380/3380/3380 3381/3381/3381 
f 3379/3379/3379 3381/3381/3381 3382/3382/3382 
f 3348/3348/3348 3347/3347/3347 3342/3342/3342 
f 3348/3348/3348 3342/3342/3342 3341/3341/3341 
f 3377/3377/3377 3352/3352/3352 3350/3350/3350 
f 3377/3377/3377 3350/3350/3350 3383/3383/3383 
f 3366/3366/3366 3361/3361/3361 3362/3362/3362 
f 3366/3366/3366 3362/3362/3362 3363/3363/3363 
f 3349/3349/3349 3351/3351/3351 3376/3376/3376 
f 3349/3349/3349 3376/3376/3376 3384/3384/3384 
f 3352/3352/3352 3351/3351/3351 3349/3349/3349 
f 3352/3352/3352 3349/3349/3349 3350/3350/3350 
f 3353/3353/3353 3378/3378/3378 3385/3385/3385 
f 3353/3353/3353 3385/3385/3385 3381/3381/3381 
f 3364/3364/3364 3386/3386/3386 3387/3387/3387 
f 3364/3364/3364 3387/3387/3387 3365/3365/3365 
f 3354/3354/3354 3380/3380/3380 3388/3388/3388 
f 3354/3354/3354 3388/3388/3388 3375/3375/3375 
f 3353/3353/3353 3381/3381/3381 3380/3380/3380 
f 3353/3353/3353 3380/3380/3380 3354/3354/3354 
f 3389/3389/3389 3390/3390/3390 3391/3391/3391 
f 3389/3389/3389 3391/3391/3391 3392/3392/3392 
f 3393/3393/3393 3394/3394/3394 3395/3395/3395 
f 3393/3393/3393 3395/3395/3395 3396/3396/3396 
f 3397/3397/3397 3398/3398/3398 3393/3393/3393 
f 3397/3397/3397 3393/3393/3393 3396/3396/3396 
f 3399/3399/3399 3400/3400/3400 3401/3401/3401 
f 3399/3399/3399 3401/3401/3401 3402/3402/3402 
f 3403/3403/3403 3404/3404/3404 3405/3405/3405 
f 3403/3403/3403 3405/3405/3405 3406/3406/3406 
f 3407/3407/3407 3390/3390/3390 3389/3389/3389 
f 3407/3407/3407 3389/3389/3389 3408/3408/3408 
f 3389/3389/3389 3392/3392/3392 3409/3409/3409 
f 3389/3389/3389 3409/3409/3409 3410/3410/3410 
f 3390/3390/3390 3411/3411/3411 3412/3412/3412 
f 3390/3390/3390 3412/3412/3412 3391/3391/3391 
f 3396/3396/3396 3395/3395/3395 3413/3413/3413 
f 3396/3396/3396 3413/3413/3413 3414/3414/3414 
f 3415/3415/3415 3397/3397/3397 3396/3396/3396 
f 3415/3415/3415 3396/3396/3396 3416/3416/3416 
f 3417/3417/3417 3393/3393/3393 3398/3398/3398 
f 3417/3417/3417 3398/3398/3398 3418/3418/3418 
f 3419/3419/3419 3420/3420/3420 3398/3398/3398 
f 3419/3419/3419 3398/3398/3398 3397/3397/3397 
f 3405/3405/3405 3404/3404/3404 3421/3421/3421 
f 3405/3405/3405 3421/3421/3421 3422/3422/3422 
f 3393/3393/3393 3417/3417/3417 3423/3423/3423 
f 3393/3393/3393 3423/3423/3423 3394/3394/3394 
f 3424/3424/3424 3425/3425/3425 3426/3426/3426 
f 3424/3424/3424 3426/3426/3426 3427/3427/3427 
f 3428/3428/3428 3429/3429/3429 3430/3430/3430 
f 3428/3428/3428 3430/3430/3430 3431/3431/3431 
f 3432/3432/3432 3433/3433/3433 3434/3434/3434 
f 3432/3432/3432 3434/3434/3434 3435/3435/3435 
f 3424/3424/3424 3427/3427/3427 3433/3433/3433 
f 3424/3424/3424 3433/3433/3433 3432/3432/3432 
f 3427/3427/3427 3426/3426/3426 3436/3436/3436 
f 3427/3427/3427 3436/3436/3436 3395/3395/3395 
f 3429/3429/3429 3422/3422/3422 3421/3421/3421 
f 3429/3429/3429 3421/3421/3421 3430/3430/3430 
f 3433/3433/3433 3394/3394/3394 3437/3437/3437 
f 3433/3433/3433 3437/3437/3437 3434/3434/3434 
f 3427/3427/3427 3395/3395/3395 3394/3394/3394 
f 3427/3427/3427 3394/3394/3394 3433/3433/3433 
f 3391/3391/3391 3412/3412/3412 3425/3425/3425 
f 3391/3391/3391 3425/3425/3425 3424/3424/3424 
f 3400/3400/3400 3428/3428/3428 3431/3431/3431 
f 3400/3400/3400 3431/3431/3431 3401/3401/3401 
f 3392/3392/3392 3432/3432/3432 3435/3435/3435 
f 3392/3392/3392 3435/3435/3435 3409/3409/3409 
f 3391/3391/3391 3424/3424/3424 3432/3432/3432 
f 3391/3391/3391 3432/3432/3432 3392/3392/3392 
f 3438/3438/3438 3439/3439/3439 3440/3440/3440 
f 3438/3438/3438 3440/3440/3440 3441/3441/3441 
f 3442/3442/3442 3443/3443/3443 3444/3444/3444 
f 3442/3442/3442 3444/3444/3444 3445/3445/3445 
f 3446/3446/3446 3447/3447/3447 3448/3448/3448 
f 3446/3446/3446 3448/3448/3448 3449/3449/3449 
f 3450/3450/3450 3451/3451/3451 3452/3452/3452 
f 3450/3450/3450 3452/3452/3452 3453/3453/3453 
f 3439/3439/3439 3448/3448/3448 3447/3447/3447 
f 3439/3439/3439 3447/3447/3447 3440/3440/3440 
f 3450/3450/3450 3453/3453/3453 3454/3454/3454 
f 3450/3450/3450 3454/3454/3454 3455/3455/3455 
f 3441/3441/3441 3440/3440/3440 3456/3456/3456 
f 3441/3441/3441 3456/3456/3456 3457/3457/3457 
f 3455/3455/3455 3454/3454/3454 3458/3458/3458 
f 3455/3455/3455 3458/3458/3458 3459/3459/3459 
f 3460/3460/3460 3461/3461/3461 3447/3447/3447 
f 3460/3460/3460 3447/3447/3447 3446/3446/3446 
f 3440/3440/3440 3447/3447/3447 3461/3461/3461 
f 3440/3440/3440 3461/3461/3461 3456/3456/3456 
f 3462/3462/3462 3463/3463/3463 3464/3464/3464 
f 3462/3462/3462 3464/3464/3464 3465/3465/3465 
f 3466/3466/3466 3467/3467/3467 3468/3468/3468 
f 3466/3466/3466 3468/3468/3468 3469/3469/3469 
f 3470/3470/3470 3471/3471/3471 3472/3472/3472 
f 3470/3470/3470 3472/3472/3472 3473/3473/3473 
f 3463/3463/3463 3472/3472/3472 3471/3471/3471 
f 3463/3463/3463 3471/3471/3471 3464/3464/3464 
f 3474/3474/3474 3456/3456/3456 3463/3463/3463 
f 3474/3474/3474 3463/3463/3463 3462/3462/3462 
f 3459/3459/3459 3458/3458/3458 3467/3467/3467 
f 3459/3459/3459 3467/3467/3467 3466/3466/3466 
f 3473/3473/3473 3472/3472/3472 3461/3461/3461 
f 3473/3473/3473 3461/3461/3461 3475/3475/3475 
f 3456/3456/3456 3461/3461/3461 3472/3472/3472 
f 3456/3456/3456 3472/3472/3472 3463/3463/3463 
f 3465/3465/3465 3464/3464/3464 3443/3443/3443 
f 3465/3465/3465 3443/3443/3443 3476/3476/3476 
f 3469/3469/3469 3468/3468/3468 3477/3477/3477 
f 3469/3469/3469 3477/3477/3477 3478/3478/3478 
f 3479/3479/3479 3444/3444/3444 3471/3471/3471 
f 3479/3479/3479 3471/3471/3471 3470/3470/3470 
f 3464/3464/3464 3471/3471/3471 3444/3444/3444 
f 3464/3464/3464 3444/3444/3444 3443/3443/3443 
f 3480/3480/3480 3481/3481/3481 3482/3482/3482 
f 3480/3480/3480 3482/3482/3482 3483/3483/3483 
f 3484/3484/3484 3485/3485/3485 3486/3486/3486 
f 3484/3484/3484 3486/3486/3486 3487/3487/3487 
f 3488/3488/3488 3489/3489/3489 3490/3490/3490 
f 3488/3488/3488 3490/3490/3490 3491/3491/3491 
f 3492/3492/3492 3493/3493/3493 3494/3494/3494 
f 3492/3492/3492 3494/3494/3494 3495/3495/3495 
f 3496/3496/3496 3497/3497/3497 3486/3486/3486 
f 3496/3496/3496 3486/3486/3486 3485/3485/3485 
f 3498/3498/3498 3499/3499/3499 3484/3484/3484 
f 3498/3498/3498 3484/3484/3484 3487/3487/3487 
f 3495/3495/3495 3494/3494/3494 3500/3500/3500 
f 3495/3495/3495 3500/3500/3500 3501/3501/3501 
f 3502/3502/3502 3485/3485/3485 3503/3503/3503 
f 3502/3502/3502 3503/3503/3503 3504/3504/3504 
f 3485/3485/3485 3484/3484/3484 3505/3505/3505 
f 3485/3485/3485 3505/3505/3505 3503/3503/3503 
f 3484/3484/3484 3506/3506/3506 3507/3507/3507 
f 3484/3484/3484 3507/3507/3507 3505/3505/3505 
f 3508/3508/3508 3509/3509/3509 3510/3510/3510 
f 3508/3508/3508 3510/3510/3510 3511/3511/3511 
f 3512/3512/3512 3513/3513/3513 3514/3514/3514 
f 3512/3512/3512 3514/3514/3514 3515/3515/3515 
f 3513/3513/3513 3516/3516/3516 3517/3517/3517 
f 3513/3513/3513 3517/3517/3517 3514/3514/3514 
f 3516/3516/3516 3518/3518/3518 3519/3519/3519 
f 3516/3516/3516 3519/3519/3519 3517/3517/3517 
f 3520/3520/3520 3521/3521/3521 3483/3483/3483 
f 3520/3520/3520 3483/3483/3483 3482/3482/3482 
f 3522/3522/3522 3520/3520/3520 3482/3482/3482 
f 3522/3522/3522 3482/3482/3482 3523/3523/3523 
f 3524/3524/3524 3525/3525/3525 3526/3526/3526 
f 3524/3524/3524 3526/3526/3526 3527/3527/3527 
f 3521/3521/3521 3528/3528/3528 3529/3529/3529 
f 3521/3521/3521 3529/3529/3529 3483/3483/3483 
f 3503/3503/3503 3505/3505/3505 3516/3516/3516 
f 3503/3503/3503 3516/3516/3516 3513/3513/3513 
f 3504/3504/3504 3503/3503/3503 3513/3513/3513 
f 3504/3504/3504 3513/3513/3513 3512/3512/3512 
f 3501/3501/3501 3500/3500/3500 3509/3509/3509 
f 3501/3501/3501 3509/3509/3509 3508/3508/3508 
f 3505/3505/3505 3507/3507/3507 3518/3518/3518 
f 3505/3505/3505 3518/3518/3518 3516/3516/3516 
f 3530/3530/3530 3498/3498/3498 3487/3487/3487 
f 3530/3530/3530 3487/3487/3487 3488/3488/3488 
f 3531/3531/3531 3532/3532/3532 3493/3493/3493 
f 3531/3531/3531 3493/3493/3493 3492/3492/3492 
f 3486/3486/3486 3497/3497/3497 3533/3533/3533 
f 3486/3486/3486 3533/3533/3533 3489/3489/3489 
f 3487/3487/3487 3486/3486/3486 3489/3489/3489 
f 3487/3487/3487 3489/3489/3489 3488/3488/3488 
f 3514/3514/3514 3517/3517/3517 3521/3521/3521 
f 3514/3514/3514 3521/3521/3521 3520/3520/3520 
f 3515/3515/3515 3514/3514/3514 3520/3520/3520 
f 3515/3515/3515 3520/3520/3520 3522/3522/3522 
f 3511/3511/3511 3510/3510/3510 3525/3525/3525 
f 3511/3511/3511 3525/3525/3525 3524/3524/3524 
f 3517/3517/3517 3519/3519/3519 3528/3528/3528 
f 3517/3517/3517 3528/3528/3528 3521/3521/3521 
f 3534/3534/3534 3535/3535/3535 3536/3536/3536 
f 3534/3534/3534 3536/3536/3536 3537/3537/3537 
f 3538/3538/3538 3539/3539/3539 3540/3540/3540 
f 3538/3538/3538 3540/3540/3540 3541/3541/3541 
f 3542/3542/3542 3543/3543/3543 3544/3544/3544 
f 3542/3542/3542 3544/3544/3544 3545/3545/3545 
f 3546/3546/3546 3547/3547/3547 3548/3548/3548 
f 3546/3546/3546 3548/3548/3548 3549/3549/3549 
f 3539/3539/3539 3548/3548/3548 3547/3547/3547 
f 3539/3539/3539 3547/3547/3547 3540/3540/3540 
f 3550/3550/3550 3551/3551/3551 3539/3539/3539 
f 3550/3550/3550 3539/3539/3539 3538/3538/3538 
f 3552/3552/3552 3553/3553/3553 3543/3543/3543 
f 3552/3552/3552 3543/3543/3543 3542/3542/3542 
f 3549/3549/3549 3548/3548/3548 3554/3554/3554 
f 3549/3549/3549 3554/3554/3554 3555/3555/3555 
f 3551/3551/3551 3554/3554/3554 3548/3548/3548 
f 3551/3551/3551 3548/3548/3548 3539/3539/3539 
f 3541/3541/3541 3540/3540/3540 3535/3535/3535 
f 3541/3541/3541 3535/3535/3535 3556/3556/3556 
f 3545/3545/3545 3544/3544/3544 3557/3557/3557 
f 3545/3545/3545 3557/3557/3557 3558/3558/3558 
f 3559/3559/3559 3536/3536/3536 3547/3547/3547 
f 3559/3559/3559 3547/3547/3547 3546/3546/3546 
f 3540/3540/3540 3547/3547/3547 3536/3536/3536 
f 3540/3540/3540 3536/3536/3536 3535/3535/3535 
f 3560/3560/3560 3561/3561/3561 3562/3562/3562 
f 3560/3560/3560 3562/3562/3562 3563/3563/3563 
f 3564/3564/3564 3565/3565/3565 3566/3566/3566 
f 3564/3564/3564 3566/3566/3566 3567/3567/3567 
f 3568/3568/3568 3569/3569/3569 3570/3570/3570 
f 3568/3568/3568 3570/3570/3570 3571/3571/3571 
f 3563/3563/3563 3562/3562/3562 3571/3571/3571 
f 3563/3563/3563 3571/3571/3571 3570/3570/3570 
f 3572/3572/3572 3573/3573/3573 3574/3574/3574 
f 3572/3572/3572 3574/3574/3574 3575/3575/3575 
f 3561/3561/3561 3576/3576/3576 3577/3577/3577 
f 3561/3561/3561 3577/3577/3577 3562/3562/3562 
f 3573/3573/3573 3578/3578/3578 3579/3579/3579 
f 3573/3573/3573 3579/3579/3579 3574/3574/3574 
f 3580/3580/3580 3568/3568/3568 3571/3571/3571 
f 3580/3580/3580 3571/3571/3571 3581/3581/3581 
f 3562/3562/3562 3577/3577/3577 3581/3581/3581 
f 3562/3562/3562 3581/3581/3581 3571/3571/3571 
f 3582/3582/3582 3583/3583/3583 3584/3584/3584 
f 3582/3582/3582 3584/3584/3584 3585/3585/3585 
f 3586/3586/3586 3587/3587/3587 3588/3588/3588 
f 3586/3586/3586 3588/3588/3588 3589/3589/3589 
f 3590/3590/3590 3591/3591/3591 3592/3592/3592 
f 3590/3590/3590 3592/3592/3592 3593/3593/3593 
f 3585/3585/3585 3584/3584/3584 3593/3593/3593 
f 3585/3585/3585 3593/3593/3593 3592/3592/3592 
f 3594/3594/3594 3582/3582/3582 3585/3585/3585 
f 3594/3594/3594 3585/3585/3585 3577/3577/3577 
f 3578/3578/3578 3586/3586/3586 3589/3589/3589 
f 3578/3578/3578 3589/3589/3589 3579/3579/3579 
f 3591/3591/3591 3595/3595/3595 3581/3581/3581 
f 3591/3591/3591 3581/3581/3581 3592/3592/3592 
f 3577/3577/3577 3585/3585/3585 3592/3592/3592 
f 3577/3577/3577 3592/3592/3592 3581/3581/3581 
f 3583/3583/3583 3596/3596/3596 3567/3567/3567 
f 3583/3583/3583 3567/3567/3567 3584/3584/3584 
f 3587/3587/3587 3597/3597/3597 3598/3598/3598 
f 3587/3587/3587 3598/3598/3598 3588/3588/3588 
f 3599/3599/3599 3590/3590/3590 3593/3593/3593 
f 3599/3599/3599 3593/3593/3593 3566/3566/3566 
f 3584/3584/3584 3567/3567/3567 3566/3566/3566 
f 3584/3584/3584 3566/3566/3566 3593/3593/3593 
f 3600/3600/3600 3601/3601/3601 3602/3602/3602 
f 3600/3600/3600 3603/3603/3603 3601/3601/3601 
f 3600/3600/3600 3604/3604/3604 3603/3603/3603 
f 3600/3600/3600 3605/3605/3605 3604/3604/3604 
f 3600/3600/3600 3606/3606/3606 3607/3607/3607 
f 3606/3606/3606 3600/3600/3600 3608/3608/3608 
f 3600/3600/3600 3609/3609/3609 3610/3610/3610 
f 3600/3600/3600 3611/3611/3611 3609/3609/3609 
f 3602/3602/3602 3612/3612/3612 3613/3613/3613 
f 3602/3602/3602 3613/3613/3613 3611/3611/3611 
f 3603/3603/3603 3614/3614/3614 3615/3615/3615 
f 3603/3603/3603 3615/3615/3615 3601/3601/3601 
f 3604/3604/3604 3616/3616/3616 3614/3614/3614 
f 3604/3604/3604 3614/3614/3614 3603/3603/3603 
f 3605/3605/3605 3617/3617/3617 3616/3616/3616 
f 3605/3605/3605 3616/3616/3616 3604/3604/3604 
f 3606/3606/3606 3618/3618/3618 3619/3619/3619 
f 3606/3606/3606 3619/3619/3619 3607/3607/3607 
f 3606/3606/3606 3608/3608/3608 3620/3620/3620 
f 3606/3606/3606 3620/3620/3620 3618/3618/3618 
f 3609/3609/3609 3621/3621/3621 3622/3622/3622 
f 3609/3609/3609 3622/3622/3622 3610/3610/3610 
f 3611/3611/3611 3613/3613/3613 3621/3621/3621 
f 3611/3611/3611 3621/3621/3621 3609/3609/3609 
f 3612/3612/3612 3623/3623/3623 3624/3624/3624 
f 3612/3612/3612 3624/3624/3624 3613/3613/3613 
f 3614/3614/3614 3625/3625/3625 3626/3626/3626 
f 3614/3614/3614 3626/3626/3626 3615/3615/3615 
f 3616/3616/3616 3627/3627/3627 3625/3625/3625 
f 3616/3616/3616 3625/3625/3625 3614/3614/3614 
f 3617/3617/3617 3628/3628/3628 3627/3627/3627 
f 3617/3617/3617 3627/3627/3627 3616/3616/3616 
f 3618/3618/3618 3620/3620/3620 3629/3629/3629 
f 3621/3621/3621 3630/3630/3630 3631/3631/3631 
f 3621/3621/3621 3631/3631/3631 3622/3622/3622 
f 3613/3613/3613 3624/3624/3624 3630/3630/3630 
f 3613/3613/3613 3630/3630/3630 3621/3621/3621 
f 3632/3632/3632 3633/3633/3633 3634/3634/3634 
f 3632/3632/3632 3634/3634/3634 3635/3635/3635 
f 3636/3636/3636 3637/3637/3637 3638/3638/3638 
f 3636/3636/3636 3638/3638/3638 3639/3639/3639 
f 3627/3627/3627 3640/3640/3640 3641/3641/3641 
f 3627/3627/3627 3641/3641/3641 3625/3625/3625 
f 3642/3642/3642 3643/3643/3643 3644/3644/3644 
f 3642/3642/3642 3644/3644/3644 3645/3645/3645 
f 3646/3646/3646 3647/3647/3647 3634/3634/3634 
f 3646/3646/3646 3634/3634/3634 3633/3633/3633 
f 3620/3620/3620 3608/3608/3608 3610/3610/3610 
f 3620/3620/3620 3610/3610/3610 3622/3622/3622 
f 3629/3629/3629 3620/3620/3620 3622/3622/3622 
f 3629/3629/3629 3622/3622/3622 3631/3631/3631 
f 3608/3608/3608 3600/3600/3600 3610/3610/3610 
f 3648/3648/3648 3649/3649/3649 3650/3650/3650 
f 3648/3648/3648 3650/3650/3650 3651/3651/3651 
f 3646/3646/3646 3652/3652/3652 3653/3653/3653 
f 3646/3646/3646 3653/3653/3653 3647/3647/3647 
f 3654/3654/3654 3655/3655/3655 3653/3653/3653 
f 3654/3654/3654 3653/3653/3653 3652/3652/3652 
f 3618/3618/3618 3629/3629/3629 3655/3655/3655 
f 3618/3618/3618 3655/3655/3655 3654/3654/3654 
f 3637/3637/3637 3656/3656/3656 3657/3657/3657 
f 3637/3637/3637 3657/3657/3657 3638/3638/3638 
f 3644/3644/3644 3658/3658/3658 3656/3656/3656 
f 3644/3644/3644 3656/3656/3656 3637/3637/3637 
f 3643/3643/3643 3659/3659/3659 3658/3658/3658 
f 3643/3643/3643 3658/3658/3658 3644/3644/3644 
f 3660/3660/3660 3646/3646/3646 3633/3633/3633 
f 3660/3660/3660 3633/3633/3633 3661/3661/3661 
f 3656/3656/3656 3662/3662/3662 3663/3663/3663 
f 3656/3656/3656 3663/3663/3663 3657/3657/3657 
f 3658/3658/3658 3664/3664/3664 3662/3662/3662 
f 3658/3658/3658 3662/3662/3662 3656/3656/3656 
f 3659/3659/3659 3665/3665/3665 3664/3664/3664 
f 3659/3659/3659 3664/3664/3664 3658/3658/3658 
f 3649/3649/3649 3660/3660/3660 3661/3661/3661 
f 3649/3649/3649 3661/3661/3661 3650/3650/3650 
f 3666/3666/3666 3667/3667/3667 3668/3668/3668 
f 3666/3666/3666 3669/3669/3669 3670/3670/3670 
f 3666/3666/3666 3670/3670/3670 3671/3671/3671 
f 3666/3666/3666 3671/3671/3671 3672/3672/3672 
f 3666/3666/3666 3673/3673/3673 3674/3674/3674 
f 3674/3674/3674 3675/3675/3675 3666/3666/3666 
f 3666/3666/3666 3676/3676/3676 3677/3677/3677 
f 3666/3666/3666 3677/3677/3677 3667/3667/3667 
f 3668/3668/3668 3667/3667/3667 3678/3678/3678 
f 3668/3668/3668 3678/3678/3678 3679/3679/3679 
f 3670/3670/3670 3669/3669/3669 3680/3680/3680 
f 3670/3670/3670 3680/3680/3680 3681/3681/3681 
f 3671/3671/3671 3670/3670/3670 3681/3681/3681 
f 3671/3671/3671 3681/3681/3681 3682/3682/3682 
f 3672/3672/3672 3671/3671/3671 3682/3682/3682 
f 3672/3672/3672 3682/3682/3682 3683/3683/3683 
f 3674/3674/3674 3673/3673/3673 3684/3684/3684 
f 3674/3674/3674 3684/3684/3684 3685/3685/3685 
f 3674/3674/3674 3685/3685/3685 3686/3686/3686 
f 3674/3674/3674 3686/3686/3686 3675/3675/3675 
f 3677/3677/3677 3676/3676/3676 3687/3687/3687 
f 3677/3677/3677 3687/3687/3687 3688/3688/3688 
f 3667/3667/3667 3677/3677/3677 3688/3688/3688 
f 3667/3667/3667 3688/3688/3688 3678/3678/3678 
f 3679/3679/3679 3678/3678/3678 3689/3689/3689 
f 3679/3679/3679 3689/3689/3689 3690/3690/3690 
f 3681/3681/3681 3680/3680/3680 3691/3691/3691 
f 3681/3681/3681 3691/3691/3691 3692/3692/3692 
f 3682/3682/3682 3681/3681/3681 3692/3692/3692 
f 3682/3682/3682 3692/3692/3692 3693/3693/3693 
f 3683/3683/3683 3682/3682/3682 3694/3694/3694 
f 3683/3683/3683 3694/3694/3694 3695/3695/3695 
f 3685/3685/3685 3696/3696/3696 3686/3686/3686 
f 3688/3688/3688 3687/3687/3687 3697/3697/3697 
f 3688/3688/3688 3697/3697/3697 3698/3698/3698 
f 3678/3678/3678 3688/3688/3688 3698/3698/3698 
f 3678/3678/3678 3698/3698/3698 3689/3689/3689 
f 3699/3699/3699 3700/3700/3700 3701/3701/3701 
f 3699/3699/3699 3701/3701/3701 3702/3702/3702 
f 3703/3703/3703 3704/3704/3704 3705/3705/3705 
f 3703/3703/3703 3705/3705/3705 3706/3706/3706 
f 3707/3707/3707 3703/3703/3703 3706/3706/3706 
f 3707/3707/3707 3706/3706/3706 3708/3708/3708 
f 3709/3709/3709 3710/3710/3710 3711/3711/3711 
f 3709/3709/3709 3711/3711/3711 3712/3712/3712 
f 3713/3713/3713 3702/3702/3702 3701/3701/3701 
f 3713/3713/3713 3701/3701/3701 3714/3714/3714 
f 3686/3686/3686 3687/3687/3687 3676/3676/3676 
f 3686/3686/3686 3676/3676/3676 3675/3675/3675 
f 3696/3696/3696 3697/3697/3697 3687/3687/3687 
f 3696/3696/3696 3687/3687/3687 3686/3686/3686 
f 3675/3675/3675 3676/3676/3676 3666/3666/3666 
f 3715/3715/3715 3716/3716/3716 3717/3717/3717 
f 3715/3715/3715 3717/3717/3717 3718/3718/3718 
f 3713/3713/3713 3714/3714/3714 3719/3719/3719 
f 3713/3713/3713 3719/3719/3719 3720/3720/3720 
f 3721/3721/3721 3720/3720/3720 3719/3719/3719 
f 3721/3721/3721 3719/3719/3719 3722/3722/3722 
f 3685/3685/3685 3721/3721/3721 3722/3722/3722 
f 3685/3685/3685 3722/3722/3722 3696/3696/3696 
f 3706/3706/3706 3705/3705/3705 3723/3723/3723 
f 3706/3706/3706 3723/3723/3723 3724/3724/3724 
f 3708/3708/3708 3706/3706/3706 3724/3724/3724 
f 3708/3708/3708 3724/3724/3724 3725/3725/3725 
f 3712/3712/3712 3711/3711/3711 3726/3726/3726 
f 3712/3712/3712 3726/3726/3726 3727/3727/3727 
f 3728/3728/3728 3729/3729/3729 3702/3702/3702 
f 3728/3728/3728 3702/3702/3702 3713/3713/3713 
f 3724/3724/3724 3723/3723/3723 3730/3730/3730 
f 3724/3724/3724 3730/3730/3730 3731/3731/3731 
f 3725/3725/3725 3724/3724/3724 3731/3731/3731 
f 3725/3725/3725 3731/3731/3731 3732/3732/3732 
f 3733/3733/3733 3725/3725/3725 3732/3732/3732 
f 3733/3733/3733 3732/3732/3732 3734/3734/3734 
f 3718/3718/3718 3717/3717/3717 3729/3729/3729 
f 3718/3718/3718 3729/3729/3729 3728/3728/3728 
f 3651/3651/3651 3650/3650/3650 3735/3735/3735 
f 3651/3651/3651 3735/3735/3735 3736/3736/3736 
f 3657/3657/3657 3663/3663/3663 3737/3737/3737 
f 3657/3657/3657 3737/3737/3737 3738/3738/3738 
f 3663/3663/3663 3662/3662/3662 3739/3739/3739 
f 3663/3663/3663 3739/3739/3739 3740/3740/3740 
f 3662/3662/3662 3664/3664/3664 3741/3741/3741 
f 3662/3662/3662 3741/3741/3741 3739/3739/3739 
f 3742/3742/3742 3665/3665/3665 3743/3743/3743 
f 3742/3742/3742 3743/3743/3743 3744/3744/3744 
f 3660/3660/3660 3649/3649/3649 3745/3745/3745 
f 3660/3660/3660 3745/3745/3745 3746/3746/3746 
f 3649/3649/3649 3648/3648/3648 3747/3747/3747 
f 3649/3649/3649 3747/3747/3747 3745/3745/3745 
f 3648/3648/3648 3651/3651/3651 3748/3748/3748 
f 3648/3648/3648 3748/3748/3748 3749/3749/3749 
f 3652/3652/3652 3646/3646/3646 3750/3750/3750 
f 3652/3652/3652 3750/3750/3750 3751/3751/3751 
f 3654/3654/3654 3652/3652/3652 3751/3751/3751 
f 3654/3654/3654 3751/3751/3751 3752/3752/3752 
f 3618/3618/3618 3654/3654/3654 3752/3752/3752 
f 3618/3618/3618 3752/3752/3752 3753/3753/3753 
f 3661/3661/3661 3633/3633/3633 3754/3754/3754 
f 3661/3661/3661 3754/3754/3754 3755/3755/3755 
f 3633/3633/3633 3632/3632/3632 3756/3756/3756 
f 3633/3633/3633 3756/3756/3756 3754/3754/3754 
f 3638/3638/3638 3657/3657/3657 3738/3738/3738 
f 3638/3638/3638 3738/3738/3738 3757/3757/3757 
f 3646/3646/3646 3660/3660/3660 3746/3746/3746 
f 3646/3646/3646 3746/3746/3746 3750/3750/3750 
f 3650/3650/3650 3661/3661/3661 3755/3755/3755 
f 3650/3650/3650 3755/3755/3755 3735/3735/3735 
f 3717/3717/3717 3716/3716/3716 3758/3758/3758 
f 3717/3717/3717 3758/3758/3758 3759/3759/3759 
f 3730/3730/3730 3723/3723/3723 3760/3760/3760 
f 3730/3730/3730 3760/3760/3760 3761/3761/3761 
f 3731/3731/3731 3762/3762/3762 3763/3763/3763 
f 3731/3731/3731 3763/3763/3763 3764/3764/3764 
f 3732/3732/3732 3731/3731/3731 3764/3764/3764 
f 3732/3732/3732 3764/3764/3764 3765/3765/3765 
f 3734/3734/3734 3732/3732/3732 3765/3765/3765 
f 3734/3734/3734 3765/3765/3765 3766/3766/3766 
f 3718/3718/3718 3728/3728/3728 3767/3767/3767 
f 3718/3718/3718 3767/3767/3767 3768/3768/3768 
f 3715/3715/3715 3718/3718/3718 3768/3768/3768 
f 3715/3715/3715 3768/3768/3768 3769/3769/3769 
f 3716/3716/3716 3715/3715/3715 3770/3770/3770 
f 3716/3716/3716 3770/3770/3770 3771/3771/3771 
f 3713/3713/3713 3720/3720/3720 3772/3772/3772 
f 3713/3713/3713 3772/3772/3772 3773/3773/3773 
f 3720/3720/3720 3721/3721/3721 3774/3774/3774 
f 3720/3720/3720 3774/3774/3774 3772/3772/3772 
f 3721/3721/3721 3685/3685/3685 3775/3775/3775 
f 3721/3721/3721 3775/3775/3775 3774/3774/3774 
f 3702/3702/3702 3729/3729/3729 3776/3776/3776 
f 3702/3702/3702 3776/3776/3776 3777/3777/3777 
f 3699/3699/3699 3702/3702/3702 3777/3777/3777 
f 3699/3699/3699 3777/3777/3777 3778/3778/3778 
f 3723/3723/3723 3705/3705/3705 3779/3779/3779 
f 3723/3723/3723 3779/3779/3779 3760/3760/3760 
f 3728/3728/3728 3713/3713/3713 3773/3773/3773 
f 3728/3728/3728 3773/3773/3773 3767/3767/3767 
f 3729/3729/3729 3717/3717/3717 3759/3759/3759 
f 3729/3729/3729 3759/3759/3759 3776/3776/3776 
f 3705/3705/3705 3699/3699/3699 3778/3778/3778 
f 3705/3705/3705 3778/3778/3778 3779/3779/3779 
f 3705/3705/3705 3704/3704/3704 3700/3700/3700 
f 3705/3705/3705 3700/3700/3700 3699/3699/3699 
f 3680/3680/3680 3679/3679/3679 3690/3690/3690 
f 3680/3680/3680 3690/3690/3690 3691/3691/3691 
f 3669/3669/3669 3668/3668/3668 3679/3679/3679 
f 3669/3669/3669 3679/3679/3679 3680/3680/3680 
f 3601/3601/3601 3615/3615/3615 3612/3612/3612 
f 3601/3601/3601 3612/3612/3612 3602/3602/3602 
f 3615/3615/3615 3626/3626/3626 3623/3623/3623 
f 3615/3615/3615 3623/3623/3623 3612/3612/3612 
f 3638/3638/3638 3632/3632/3632 3635/3635/3635 
f 3638/3638/3638 3635/3635/3635 3639/3639/3639 
f 3756/3756/3756 3632/3632/3632 3638/3638/3638 
f 3756/3756/3756 3638/3638/3638 3757/3757/3757 
f 3600/3600/3600 3602/3602/3602 3611/3611/3611 
f 3666/3666/3666 3668/3668/3668 3669/3669/3669 
f 3619/3619/3619 3618/3618/3618 3753/3753/3753 
f 3619/3619/3619 3753/3753/3753 3780/3780/3780 
f 3685/3685/3685 3684/3684/3684 3781/3781/3781 
f 3685/3685/3685 3781/3781/3781 3775/3775/3775 
f 3682/3682/3682 3693/3693/3693 3694/3694/3694 
f 3782/3782/3782 3683/3683/3683 3695/3695/3695 
f 3707/3707/3707 3708/3708/3708 3711/3711/3711 
f 3707/3707/3707 3711/3711/3711 3710/3710/3710 
f 3783/3783/3783 3784/3784/3784 3709/3709/3709 
f 3783/3783/3783 3709/3709/3709 3712/3712/3712 
f 3708/3708/3708 3725/3725/3725 3726/3726/3726 
f 3708/3708/3708 3726/3726/3726 3711/3711/3711 
f 3725/3725/3725 3733/3733/3733 3727/3727/3727 
f 3725/3725/3725 3727/3727/3727 3726/3726/3726 
f 3733/3733/3733 3783/3783/3783 3712/3712/3712 
f 3733/3733/3733 3712/3712/3712 3727/3727/3727 
f 3627/3627/3627 3645/3645/3645 3640/3640/3640 
f 3644/3644/3644 3637/3637/3637 3785/3785/3785 
f 3644/3644/3644 3785/3785/3785 3786/3786/3786 
f 3641/3641/3641 3636/3636/3636 3625/3625/3625 
f 3628/3628/3628 3642/3642/3642 3645/3645/3645 
f 3628/3628/3628 3645/3645/3645 3627/3627/3627 
f 3709/3709/3709 3784/3784/3784 3782/3782/3782 
f 3709/3709/3709 3782/3782/3782 3695/3695/3695 
f 3695/3695/3695 3694/3694/3694 3710/3710/3710 
f 3695/3695/3695 3710/3710/3710 3709/3709/3709 
f 3693/3693/3693 3707/3707/3707 3710/3710/3710 
f 3693/3693/3693 3710/3710/3710 3694/3694/3694 
f 3693/3693/3693 3692/3692/3692 3703/3703/3703 
f 3693/3693/3693 3703/3703/3703 3707/3707/3707 
f 3692/3692/3692 3691/3691/3691 3704/3704/3704 
f 3692/3692/3692 3704/3704/3704 3703/3703/3703 
f 3700/3700/3700 3704/3704/3704 3691/3691/3691 
f 3700/3700/3700 3691/3691/3691 3690/3690/3690 
f 3701/3701/3701 3700/3700/3700 3690/3690/3690 
f 3701/3701/3701 3690/3690/3690 3689/3689/3689 
f 3714/3714/3714 3701/3701/3701 3689/3689/3689 
f 3714/3714/3714 3689/3689/3689 3698/3698/3698 
f 3719/3719/3719 3714/3714/3714 3698/3698/3698 
f 3719/3719/3719 3698/3698/3698 3697/3697/3697 
f 3722/3722/3722 3719/3719/3719 3697/3697/3697 
f 3722/3722/3722 3697/3697/3697 3696/3696/3696 
f 3655/3655/3655 3629/3629/3629 3631/3631/3631 
f 3655/3655/3655 3631/3631/3631 3653/3653/3653 
f 3647/3647/3647 3653/3653/3653 3631/3631/3631 
f 3647/3647/3647 3631/3631/3631 3630/3630/3630 
f 3634/3634/3634 3647/3647/3647 3630/3630/3630 
f 3634/3634/3634 3630/3630/3630 3624/3624/3624 
f 3635/3635/3635 3634/3634/3634 3624/3624/3624 
f 3635/3635/3635 3624/3624/3624 3623/3623/3623 
f 3639/3639/3639 3635/3635/3635 3623/3623/3623 
f 3639/3639/3639 3623/3623/3623 3626/3626/3626 
f 3625/3625/3625 3636/3636/3636 3639/3639/3639 
f 3625/3625/3625 3639/3639/3639 3626/3626/3626 
f 3640/3640/3640 3645/3645/3645 3644/3644/3644 
f 3640/3640/3640 3644/3644/3644 3786/3786/3786 
f 3641/3641/3641 3640/3640/3640 3786/3786/3786 
f 3641/3641/3641 3786/3786/3786 3785/3785/3785 
f 3637/3637/3637 3636/3636/3636 3641/3641/3641 
f 3637/3637/3637 3641/3641/3641 3785/3785/3785 
f 3664/3664/3664 3665/3665/3665 3742/3742/3742 
f 3787/3787/3787 3788/3788/3788 3789/3789/3789 
f 3741/3741/3741 3664/3664/3664 3742/3742/3742 
f 3741/3741/3741 3742/3742/3742 3790/3790/3790 
f 3731/3731/3731 3730/3730/3730 3762/3762/3762 
f 3730/3730/3730 3761/3761/3761 3791/3791/3791 
f 3730/3730/3730 3791/3791/3791 3762/3762/3762 
f 3761/3761/3761 3792/3792/3792 3791/3791/3791 
f 3793/3793/3793 3794/3794/3794 3795/3795/3795 
f 3793/3793/3793 3795/3795/3795 3796/3796/3796 
f 3797/3797/3797 3798/3798/3798 3799/3799/3799 
f 3797/3797/3797 3799/3799/3799 3800/3800/3800 
f 3798/3798/3798 3801/3801/3801 3802/3802/3802 
f 3798/3798/3798 3802/3802/3802 3799/3799/3799 
f 3801/3801/3801 3788/3788/3788 3803/3803/3803 
f 3801/3801/3801 3803/3803/3803 3802/3802/3802 
f 3788/3788/3788 3787/3787/3787 3804/3804/3804 
f 3788/3788/3788 3804/3804/3804 3803/3803/3803 
f 3805/3805/3805 3806/3806/3806 3807/3807/3807 
f 3805/3805/3805 3807/3807/3807 3808/3808/3808 
f 3806/3806/3806 3809/3809/3809 3810/3810/3810 
f 3806/3806/3806 3810/3810/3810 3807/3807/3807 
f 3809/3809/3809 3793/3793/3793 3796/3796/3796 
f 3809/3809/3809 3796/3796/3796 3810/3810/3810 
f 3811/3811/3811 3812/3812/3812 3813/3813/3813 
f 3811/3811/3811 3813/3813/3813 3814/3814/3814 
f 3815/3815/3815 3811/3811/3811 3814/3814/3814 
f 3815/3815/3815 3814/3814/3814 3816/3816/3816 
f 3817/3817/3817 3815/3815/3815 3816/3816/3816 
f 3817/3817/3817 3816/3816/3816 3818/3818/3818 
f 3819/3819/3819 3820/3820/3820 3821/3821/3821 
f 3819/3819/3819 3821/3821/3821 3822/3822/3822 
f 3820/3820/3820 3823/3823/3823 3824/3824/3824 
f 3820/3820/3820 3824/3824/3824 3821/3821/3821 
f 3825/3825/3825 3797/3797/3797 3800/3800/3800 
f 3825/3825/3825 3800/3800/3800 3826/3826/3826 
f 3812/3812/3812 3805/3805/3805 3808/3808/3808 
f 3812/3812/3812 3808/3808/3808 3813/3813/3813 
f 3794/3794/3794 3819/3819/3819 3822/3822/3822 
f 3794/3794/3794 3822/3822/3822 3795/3795/3795 
f 3827/3827/3827 3828/3828/3828 3829/3829/3829 
f 3827/3827/3827 3829/3829/3829 3830/3830/3830 
f 3831/3831/3831 3832/3832/3832 3833/3833/3833 
f 3831/3831/3831 3833/3833/3833 3834/3834/3834 
f 3835/3835/3835 3831/3831/3831 3834/3834/3834 
f 3835/3835/3835 3834/3834/3834 3836/3836/3836 
f 3837/3837/3837 3835/3835/3835 3836/3836/3836 
f 3837/3837/3837 3836/3836/3836 3838/3838/3838 
f 3839/3839/3839 3837/3837/3837 3838/3838/3838 
f 3839/3839/3839 3838/3838/3838 3840/3840/3840 
f 3841/3841/3841 3842/3842/3842 3843/3843/3843 
f 3841/3841/3841 3843/3843/3843 3844/3844/3844 
f 3845/3845/3845 3841/3841/3841 3844/3844/3844 
f 3845/3845/3845 3844/3844/3844 3846/3846/3846 
f 3828/3828/3828 3845/3845/3845 3846/3846/3846 
f 3828/3828/3828 3846/3846/3846 3829/3829/3829 
f 3847/3847/3847 3848/3848/3848 3849/3849/3849 
f 3847/3847/3847 3849/3849/3849 3850/3850/3850 
f 3848/3848/3848 3851/3851/3851 3852/3852/3852 
f 3848/3848/3848 3852/3852/3852 3849/3849/3849 
f 3851/3851/3851 3853/3853/3853 3854/3854/3854 
f 3851/3851/3851 3854/3854/3854 3852/3852/3852 
f 3855/3855/3855 3856/3856/3856 3857/3857/3857 
f 3855/3855/3855 3857/3857/3857 3858/3858/3858 
f 3859/3859/3859 3855/3855/3855 3858/3858/3858 
f 3859/3859/3859 3858/3858/3858 3860/3860/3860 
f 3832/3832/3832 3861/3861/3861 3862/3862/3862 
f 3832/3832/3832 3862/3862/3862 3833/3833/3833 
f 3842/3842/3842 3847/3847/3847 3850/3850/3850 
f 3842/3842/3842 3850/3850/3850 3843/3843/3843 
f 3856/3856/3856 3827/3827/3827 3830/3830/3830 
f 3856/3856/3856 3830/3830/3830 3857/3857/3857 
f 3861/3861/3861 3859/3859/3859 3860/3860/3860 
f 3861/3861/3861 3860/3860/3860 3862/3862/3862 
f 3823/3823/3823 3825/3825/3825 3826/3826/3826 
f 3823/3823/3823 3826/3826/3826 3824/3824/3824 
f 3863/3863/3863 3817/3817/3817 3818/3818/3818 
f 3863/3863/3863 3818/3818/3818 3864/3864/3864 
f 3853/3853/3853 3865/3865/3865 3866/3866/3866 
f 3853/3853/3853 3866/3866/3866 3854/3854/3854 
f 3814/3814/3814 3813/3813/3813 3867/3867/3867 
f 3814/3814/3814 3867/3867/3867 3868/3868/3868 
f 3816/3816/3816 3814/3814/3814 3868/3868/3868 
f 3816/3816/3816 3868/3868/3868 3869/3869/3869 
f 3818/3818/3818 3816/3816/3816 3869/3869/3869 
f 3818/3818/3818 3869/3869/3869 3870/3870/3870 
f 3864/3864/3864 3818/3818/3818 3870/3870/3870 
f 3864/3864/3864 3870/3870/3870 3871/3871/3871 
f 3854/3854/3854 3866/3866/3866 3872/3872/3872 
f 3854/3854/3854 3872/3872/3872 3873/3873/3873 
f 3852/3852/3852 3854/3854/3854 3873/3873/3873 
f 3852/3852/3852 3873/3873/3873 3874/3874/3874 
f 3849/3849/3849 3852/3852/3852 3874/3874/3874 
f 3849/3849/3849 3874/3874/3874 3875/3875/3875 
f 3850/3850/3850 3849/3849/3849 3875/3875/3875 
f 3850/3850/3850 3875/3875/3875 3876/3876/3876 
f 3843/3843/3843 3850/3850/3850 3876/3876/3876 
f 3843/3843/3843 3876/3876/3876 3877/3877/3877 
f 3844/3844/3844 3843/3843/3843 3877/3877/3877 
f 3844/3844/3844 3877/3877/3877 3878/3878/3878 
f 3846/3846/3846 3844/3844/3844 3878/3878/3878 
f 3846/3846/3846 3878/3878/3878 3879/3879/3879 
f 3829/3829/3829 3846/3846/3846 3879/3879/3879 
f 3829/3829/3829 3879/3879/3879 3880/3880/3880 
f 3830/3830/3830 3829/3829/3829 3880/3880/3880 
f 3830/3830/3830 3880/3880/3880 3881/3881/3881 
f 3857/3857/3857 3830/3830/3830 3881/3881/3881 
f 3857/3857/3857 3881/3881/3881 3882/3882/3882 
f 3858/3858/3858 3857/3857/3857 3882/3882/3882 
f 3858/3858/3858 3882/3882/3882 3883/3883/3883 
f 3860/3860/3860 3858/3858/3858 3883/3883/3883 
f 3860/3860/3860 3883/3883/3883 3884/3884/3884 
f 3862/3862/3862 3860/3860/3860 3884/3884/3884 
f 3862/3862/3862 3884/3884/3884 3885/3885/3885 
f 3833/3833/3833 3862/3862/3862 3885/3885/3885 
f 3833/3833/3833 3885/3885/3885 3886/3886/3886 
f 3834/3834/3834 3833/3833/3833 3886/3886/3886 
f 3834/3834/3834 3886/3886/3886 3887/3887/3887 
f 3836/3836/3836 3834/3834/3834 3887/3887/3887 
f 3836/3836/3836 3887/3887/3887 3888/3888/3888 
f 3838/3838/3838 3836/3836/3836 3888/3888/3888 
f 3838/3838/3838 3888/3888/3888 3889/3889/3889 
f 3840/3840/3840 3838/3838/3838 3889/3889/3889 
f 3840/3840/3840 3889/3889/3889 3890/3890/3890 
f 3803/3803/3803 3804/3804/3804 3891/3891/3891 
f 3803/3803/3803 3891/3891/3891 3892/3892/3892 
f 3802/3802/3802 3803/3803/3803 3892/3892/3892 
f 3802/3802/3802 3892/3892/3892 3893/3893/3893 
f 3799/3799/3799 3802/3802/3802 3893/3893/3893 
f 3799/3799/3799 3893/3893/3893 3894/3894/3894 
f 3800/3800/3800 3799/3799/3799 3894/3894/3894 
f 3800/3800/3800 3894/3894/3894 3895/3895/3895 
f 3826/3826/3826 3800/3800/3800 3895/3895/3895 
f 3826/3826/3826 3895/3895/3895 3896/3896/3896 
f 3824/3824/3824 3826/3826/3826 3896/3896/3896 
f 3824/3824/3824 3896/3896/3896 3897/3897/3897 
f 3821/3821/3821 3824/3824/3824 3897/3897/3897 
f 3821/3821/3821 3897/3897/3897 3898/3898/3898 
f 3822/3822/3822 3821/3821/3821 3898/3898/3898 
f 3822/3822/3822 3898/3898/3898 3899/3899/3899 
f 3795/3795/3795 3822/3822/3822 3899/3899/3899 
f 3795/3795/3795 3899/3899/3899 3900/3900/3900 
f 3796/3796/3796 3795/3795/3795 3900/3900/3900 
f 3796/3796/3796 3900/3900/3900 3901/3901/3901 
f 3810/3810/3810 3796/3796/3796 3901/3901/3901 
f 3810/3810/3810 3901/3901/3901 3902/3902/3902 
f 3807/3807/3807 3810/3810/3810 3902/3902/3902 
f 3807/3807/3807 3902/3902/3902 3903/3903/3903 
f 3808/3808/3808 3807/3807/3807 3903/3903/3903 
f 3808/3808/3808 3903/3903/3903 3904/3904/3904 
f 3813/3813/3813 3808/3808/3808 3904/3904/3904 
f 3813/3813/3813 3904/3904/3904 3867/3867/3867 
f 3905/3905/3905 3906/3906/3906 3907/3907/3907 
f 3905/3905/3905 3907/3907/3907 3908/3908/3908 
f 3908/3908/3908 3907/3907/3907 3909/3909/3909 
f 3908/3908/3908 3909/3909/3909 3910/3910/3910 
f 3911/3911/3911 3912/3912/3912 3913/3913/3913 
f 3911/3911/3911 3913/3913/3913 3914/3914/3914 
f 3912/3912/3912 3915/3915/3915 3916/3916/3916 
f 3912/3912/3912 3916/3916/3916 3913/3913/3913 
f 3917/3917/3917 3918/3918/3918 3906/3906/3906 
f 3917/3917/3917 3906/3906/3906 3905/3905/3905 
f 3919/3919/3919 3920/3920/3920 3907/3907/3907 
f 3919/3919/3919 3907/3907/3907 3906/3906/3906 
f 3921/3921/3921 3922/3922/3922 3905/3905/3905 
f 3921/3921/3921 3905/3905/3905 3908/3908/3908 
f 3920/3920/3920 3923/3923/3923 3909/3909/3909 
f 3920/3920/3920 3909/3909/3909 3907/3907/3907 
f 3924/3924/3924 3921/3921/3921 3908/3908/3908 
f 3924/3924/3924 3908/3908/3908 3910/3910/3910 
f 3925/3925/3925 3926/3926/3926 3927/3927/3927 
f 3925/3925/3925 3927/3927/3927 3928/3928/3928 
f 3926/3926/3926 3929/3929/3929 3930/3930/3930 
f 3926/3926/3926 3930/3930/3930 3927/3927/3927 
f 3931/3931/3931 3932/3932/3932 3933/3933/3933 
f 3931/3931/3931 3933/3933/3933 3934/3934/3934 
f 3934/3934/3934 3933/3933/3933 3935/3935/3935 
f 3934/3934/3934 3935/3935/3935 3936/3936/3936 
f 3937/3937/3937 3925/3925/3925 3928/3928/3928 
f 3937/3937/3937 3928/3928/3928 3938/3938/3938 
f 3939/3939/3939 3928/3928/3928 3927/3927/3927 
f 3939/3939/3939 3927/3927/3927 3940/3940/3940 
f 3941/3941/3941 3926/3926/3926 3925/3925/3925 
f 3941/3941/3941 3925/3925/3925 3942/3942/3942 
f 3940/3940/3940 3927/3927/3927 3930/3930/3930 
f 3940/3940/3940 3930/3930/3930 3943/3943/3943 
f 3944/3944/3944 3929/3929/3929 3926/3926/3926 
f 3944/3944/3944 3926/3926/3926 3941/3941/3941 

