# This file is brought to you by Roblox Corporation
# Generated by Roblox Studio

mtllib Skin 4.mtl

g Handle1

v -6.03875 4.96282 2.96883 
v -5.53471 4.66303 2.93166 
v -5.56075 4.64171 3.09945 
v -5.63217 4.62083 3.26053 
v -5.74336 4.60641 3.37079 
v -5.88344 4.59715 3.44159 
v -6.03875 4.59396 3.46598 
v -6.03875 4.86727 2.44857 
v -5.88282 4.93248 2.52854 
v -5.74218 4.90331 2.57894 
v -5.63055 4.69257 2.63657 
v -5.55886 4.67529 2.77614 
v -5.5308 4.58292 2.95603 
v -5.55896 4.55667 3.12753 
v -5.63268 4.52185 3.26402 
v -5.74359 4.49341 3.37277 
v -5.8832 4.47563 3.44359 
v -6.03875 4.46967 3.46827 
v -5.57369 4.38876 3.02843 
v -5.59865 4.36946 3.18418 
v -5.66536 4.35357 3.31216 
v -5.76517 4.34858 3.35213 
v -5.89356 4.33991 3.42201 
v -6.03875 4.33686 3.44655 
v -5.89814 5.30022 3.01057 
v -5.65579 5.18563 3.20908 
v -5.63608 5.2009 3.0856 
v -5.71299 5.17184 3.32051 
v -5.80205 5.16091 3.4089 
v -5.91432 5.15389 3.46566 
v -6.03875 5.15147 3.48523 
v -5.91432 5.24792 2.70553 
v -6.03875 5.25034 2.68597 
v -5.80205 5.2409 2.76229 
v -5.71299 5.22997 2.85069 
v -5.65579 5.21618 2.96211 
v -5.57074 5.1228 3.22102 
v -5.54669 5.14147 3.0701 
v -5.64062 5.10596 3.35715 
v -5.74951 5.09259 3.46521 
v -5.88668 5.08401 3.53457 
v -6.03875 5.08106 3.55843 
v -5.88668 5.25659 2.64785 
v -6.03875 5.24681 2.58727 
v -5.74951 5.19035 2.67498 
v -5.64062 5.17699 2.78305 
v -5.57074 5.16014 2.91918 
v -5.50324 4.95516 3.2612 
v -5.4757 4.98026 3.0583 
v -5.58322 4.93589 3.41695 
v -5.7078 4.9206 3.5406 
v -5.86474 4.91078 3.61997 
v -6.03875 4.9074 3.6473 
v -5.86474 5.15697 2.58984 
v -6.03875 5.12666 2.50907 
v -5.7078 5.09763 2.61381 
v -5.58322 5.02089 2.72986 
v -5.50324 5.00163 2.88561 
v -5.47213 4.64397 3.15092 
v -5.41659 4.70472 2.95019 
v -5.55678 4.62358 3.31573 
v -5.68858 4.6074 3.44653 
v -5.85464 4.59701 3.53054 
v -6.03875 4.59343 3.55947 
v -5.87451 4.9998 2.43749 
v -6.06011 4.9369 2.35201 
v -5.70503 4.94483 2.52324 
v -5.55543 4.74696 2.60875 
v -5.44703 4.72833 2.75938 
v -5.46763 4.53631 3.15204 
v -5.43821 4.5591 2.96787 
v -5.55291 4.51576 3.3182 
v -5.68575 4.49945 3.45004 
v -5.85318 4.48898 3.53467 
v -6.03875 4.48537 3.56387 
v -5.51034 4.4717 3.22615 
v -5.48317 4.49278 3.05574 
v -5.58926 4.45269 3.37983 
v -5.7122 4.4376 3.50184 
v -5.86705 4.43515 3.52163 
v -6.03875 4.43181 3.5486 
v -5.87451 4.9998 2.43749 
v -5.88282 4.93248 2.52854 
v -6.03875 4.86727 2.44857 
v -6.06011 4.9369 2.35201 
v -5.70503 4.94483 2.52324 
v -5.74218 4.90331 2.57894 
v -5.55543 4.74696 2.60875 
v -5.63055 4.69257 2.63657 
v -5.55886 4.67529 2.77614 
v -5.44703 4.72833 2.75938 
v -5.53471 4.66303 2.93166 
v -5.41659 4.70472 2.95019 
v -5.53471 4.66303 2.93166 
v -5.41659 4.70472 2.95019 
v -5.43821 4.5591 2.96787 
v -5.5308 4.58292 2.95603 
v -5.59865 4.36946 3.18418 
v -5.57369 4.38876 3.02843 
v -5.48317 4.49278 3.05574 
v -5.51034 4.4717 3.22615 
v -5.48317 4.49278 3.05574 
v -5.57369 4.38876 3.02843 
v -5.66536 4.35357 3.31216 
v -5.58926 4.45269 3.37983 
v -5.76517 4.34858 3.35213 
v -5.7122 4.4376 3.50184 
v -5.86705 4.43515 3.52163 
v -5.89356 4.33991 3.42201 
v -6.03875 4.33686 3.44655 
v -6.03875 4.43181 3.5486 
v -6.51675 4.64171 3.09945 
v -6.54279 4.66303 2.93166 
v -6.44534 4.62083 3.26053 
v -6.33415 4.60641 3.37079 
v -6.19407 4.59715 3.44159 
v -6.19469 4.82823 2.46862 
v -6.33532 4.70628 2.52578 
v -6.44696 4.69257 2.63657 
v -6.51865 4.67529 2.77614 
v -6.51855 4.55667 3.12753 
v -6.5467 4.58292 2.95603 
v -6.44482 4.52185 3.26402 
v -6.33392 4.49341 3.37277 
v -6.19431 4.47563 3.44359 
v -6.47886 4.36946 3.18418 
v -6.50381 4.38876 3.02843 
v -6.41215 4.35357 3.31216 
v -6.31233 4.34858 3.35213 
v -6.18395 4.33991 3.42201 
v -6.44143 5.2009 3.0856 
v -6.42171 5.18563 3.20908 
v -6.36452 5.17184 3.32051 
v -6.27545 5.16091 3.4089 
v -6.16318 5.15389 3.46566 
v -6.16318 5.24792 2.70553 
v -6.27545 5.2409 2.76229 
v -6.36452 5.22997 2.85069 
v -6.42171 5.21618 2.96211 
v -6.53082 5.14147 3.0701 
v -6.50676 5.1228 3.22102 
v -6.43688 5.10596 3.35715 
v -6.328 5.09259 3.46521 
v -6.19083 5.08401 3.53457 
v -6.19083 5.26721 2.61408 
v -6.328 5.19035 2.67498 
v -6.43688 5.17699 2.78305 
v -6.50676 5.16014 2.91918 
v -6.6018 4.98026 3.0583 
v -6.57426 4.95516 3.2612 
v -6.49429 4.93589 3.41695 
v -6.3697 4.9206 3.5406 
v -6.21276 4.91078 3.61997 
v -6.21276 5.11429 2.53529 
v -6.3697 5.03619 2.60621 
v -6.49429 5.02089 2.72986 
v -6.57426 5.00163 2.88561 
v -6.66091 4.70472 2.95019 
v -6.60537 4.65382 3.15214 
v -6.52073 4.62358 3.31573 
v -6.38893 4.6074 3.44653 
v -6.22287 4.59701 3.53054 
v -6.23102 4.89555 2.37758 
v -6.40443 4.76652 2.45068 
v -6.54208 4.74962 2.58728 
v -6.63047 4.72833 2.75938 
v -6.6393 4.5591 2.96787 
v -6.60987 4.53631 3.15204 
v -6.5246 4.51576 3.3182 
v -6.39175 4.49945 3.45004 
v -6.22433 4.48898 3.53467 
v -6.59434 4.49278 3.05574 
v -6.56716 4.4717 3.22615 
v -6.48825 4.45269 3.37983 
v -6.36531 4.4376 3.50184 
v -6.21045 4.43515 3.52163 
v -6.23102 4.89555 2.37758 
v -6.19469 4.82823 2.46862 
v -6.40443 4.76652 2.45068 
v -6.33532 4.70628 2.52578 
v -6.44696 4.69257 2.63657 
v -6.54208 4.74962 2.58728 
v -6.51865 4.67529 2.77614 
v -6.63047 4.72833 2.75938 
v -6.54279 4.66303 2.93166 
v -6.66091 4.70472 2.95019 
v -6.6393 4.5591 2.96787 
v -6.66091 4.70472 2.95019 
v -6.54279 4.66303 2.93166 
v -6.5467 4.58292 2.95603 
v -6.59434 4.49278 3.05574 
v -6.50381 4.38876 3.02843 
v -6.47886 4.36946 3.18418 
v -6.56716 4.4717 3.22615 
v -6.59434 4.49278 3.05574 
v -6.50381 4.38876 3.02843 
v -6.41215 4.35357 3.31216 
v -6.48825 4.45269 3.37983 
v -6.31233 4.34858 3.35213 
v -6.36531 4.4376 3.50184 
v -6.21045 4.43515 3.52163 
v -6.18395 4.33991 3.42201 
v -6.23931 4.87436 2.31887 
v -6.23467 4.86686 2.31869 
v -6.3419 4.83544 2.43939 
v -6.13213 4.90388 2.26475 
v -6.133 4.91906 2.26226 
v -6.00315 4.96542 2.30048 
v -5.99845 4.98389 2.29763 
v -5.92013 5.05478 2.34535 
v -5.91221 5.03952 2.36362 
v -5.87392 5.08742 2.43446 
v -5.88808 5.10871 2.41523 
v -5.85926 5.15818 2.46629 
v -5.84514 5.14189 2.5332 
v -5.87249 5.18724 2.62273 
v -5.85469 5.16596 2.64091 
v -6.14211 4.92824 2.2898 
v -6.133 4.91906 2.26226 
v -6.23931 4.87436 2.31887 
v -6.23989 4.87975 2.33518 
v -6.03138 4.99113 2.31855 
v -5.99845 4.98389 2.29763 
v -5.94565 5.06271 2.36244 
v -5.92013 5.05478 2.34535 
v -6.3419 4.83544 2.43939 
v -5.9263 5.10086 2.41612 
v -5.88808 5.10871 2.41523 
v -5.90668 5.14349 2.46397 
v -5.85926 5.15818 2.46629 
v -5.90652 5.1841 2.61423 
v -5.87249 5.18724 2.62273 
v -6.23989 4.87975 2.33518 
v -6.3419 4.83544 2.43939 
v -6.23467 4.86686 2.31869 
v -6.14211 4.92824 2.2898 
v -6.13213 4.90388 2.26475 
v -6.00315 4.96542 2.30048 
v -6.03138 4.99113 2.31855 
v -5.94565 5.06271 2.36244 
v -5.91221 5.03952 2.36362 
v -5.9263 5.10086 2.41612 
v -5.87392 5.08742 2.43446 
v -5.90668 5.14349 2.46397 
v -5.84514 5.14189 2.5332 
v -5.90652 5.1841 2.61423 
v -5.85469 5.16596 2.64091 
v -6.19518 4.79822 2.25283 
v -6.18916 4.79135 2.25273 
v -6.29204 4.75124 2.34294 
v -6.09356 4.83304 2.25599 
v -6.09725 4.84796 2.25346 
v -5.97859 4.90883 2.29348 
v -5.9774 4.92765 2.29067 
v -5.9146 5.00729 2.33539 
v -5.90429 4.99309 2.3538 
v -5.85656 5.07458 2.43287 
v -5.87417 5.09401 2.41341 
v -5.85431 5.14644 2.46483 
v -5.83882 5.13188 2.53196 
v -5.8565 5.17578 2.62132 
v -5.83528 5.15679 2.63978 
v -6.10865 4.85594 2.28085 
v -6.09725 4.84796 2.25346 
v -6.19518 4.79822 2.25283 
v -6.19717 4.80346 2.26912 
v -6.01183 4.93095 2.31111 
v -5.9774 4.92765 2.29067 
v -5.94174 5.01214 2.35211 
v -5.9146 5.00729 2.33539 
v -6.29204 4.75124 2.34294 
v -5.91048 5.08181 2.41376 
v -5.87417 5.09401 2.41341 
v -5.89835 5.1264 2.46186 
v -5.85431 5.14644 2.46483 
v -5.88935 5.16874 2.61233 
v -5.8565 5.17578 2.62132 
v -6.19717 4.80346 2.26912 
v -6.29204 4.75124 2.34294 
v -6.18916 4.79135 2.25273 
v -6.10865 4.85594 2.28085 
v -6.09356 4.83304 2.25599 
v -6.01183 4.93095 2.31111 
v -5.97859 4.90883 2.29348 
v -5.94174 5.01214 2.35211 
v -5.90429 4.99309 2.3538 
v -5.91048 5.08181 2.41376 
v -5.85656 5.07458 2.43287 
v -5.89835 5.1264 2.46186 
v -5.83882 5.13188 2.53196 
v -5.88935 5.16874 2.61233 
v -5.83528 5.15679 2.63978 
v -5.6378 4.74975 2.48082 
v -5.64556 4.64303 2.47257 
v -5.66407 4.75845 2.47137 
v -5.65673 4.8457 2.48859 
v -5.68585 4.85044 2.47537 
v -5.72285 4.95974 2.51475 
v -5.74304 4.95588 2.49768 
v -5.78024 5.05557 2.54281 
v -5.75988 5.06839 2.56674 
v -5.82932 5.14372 2.59824 
v -5.80983 5.16171 2.62274 
v -5.876 5.18306 2.63096 
v -5.86279 5.20654 2.65689 
v -5.66407 4.75845 2.47137 
v -5.64556 4.64303 2.47257 
v -5.69551 4.75104 2.49789 
v -5.71851 4.83224 2.49511 
v -5.77756 4.93469 2.51088 
v -5.74304 4.95588 2.49768 
v -5.68585 4.85044 2.47537 
v -5.81402 5.03433 2.55723 
v -5.78024 5.05557 2.54281 
v -5.85364 5.11235 2.61184 
v -5.82932 5.14372 2.59824 
v -5.89416 5.14662 2.6435 
v -5.876 5.18306 2.63096 
v -5.64556 4.64303 2.47257 
v -5.6378 4.74975 2.48082 
v -5.69551 4.75104 2.49789 
v -5.65673 4.8457 2.48859 
v -5.71851 4.83224 2.49511 
v -5.72285 4.95974 2.51475 
v -5.77756 4.93469 2.51088 
v -5.75988 5.06839 2.56674 
v -5.81402 5.03433 2.55723 
v -5.85364 5.11235 2.61184 
v -5.80983 5.16171 2.62274 
v -5.89416 5.14662 2.6435 
v -5.86279 5.20654 2.65689 
v -5.3301 4.89755 3.20986 
v -5.24612 4.84674 3.20743 
v -5.24114 4.89398 3.16603 
v -5.32816 5.13781 3.05956 
v -5.41218 5.11433 3.14204 
v -5.34831 5.00322 3.17016 
v -5.25637 4.98508 3.11059 
v -5.4299 5.23868 3.01449 
v -5.50495 5.22408 3.10726 
v -5.58139 5.3163 2.99657 
v -5.63659 5.29371 3.09914 
v -5.78465 5.34667 2.99454 
v -5.76718 5.32462 3.09836 
v -5.89194 5.2801 2.98877 
v -5.85348 5.28789 3.08309 
v -5.24114 4.89398 3.16603 
v -5.24612 4.84674 3.20743 
v -5.30537 4.89171 3.12262 
v -5.25637 4.98508 3.11059 
v -5.31808 4.97045 3.05382 
v -5.39657 5.08206 2.97389 
v -5.32816 5.13781 3.05956 
v -5.4299 5.23868 3.01449 
v -5.50594 5.17399 2.91991 
v -5.58139 5.3163 2.99657 
v -5.62805 5.25125 2.89278 
v -5.78465 5.34667 2.99454 
v -5.76209 5.28417 2.89007 
v -5.86201 5.27425 2.90251 
v -5.89194 5.2801 2.98877 
v -5.24612 4.84674 3.20743 
v -5.3301 4.89755 3.20986 
v -5.30537 4.89171 3.12262 
v -5.34831 5.00322 3.17016 
v -5.31808 4.97045 3.05382 
v -5.41218 5.11433 3.14204 
v -5.39657 5.08206 2.97389 
v -5.50495 5.22408 3.10726 
v -5.50594 5.17399 2.91991 
v -5.63659 5.29371 3.09914 
v -5.62805 5.25125 2.89278 
v -5.76718 5.32462 3.09836 
v -5.76209 5.28417 2.89007 
v -5.85348 5.28789 3.08309 
v -5.86201 5.27425 2.90251 
v -6.03827 5.3135 3.09453 
v -5.85125 5.27466 3.08101 
v -5.84985 5.29403 2.99657 
v -6.07787 5.38672 3.00575 
v -6.20276 5.29148 3.10189 
v -6.24979 5.36777 3.00997 
v -6.24979 5.36777 3.00997 
v -6.19914 5.31931 2.88293 
v -6.44054 5.16394 2.85696 
v -6.5361 5.22602 2.99452 
v -6.51375 5.17997 3.10724 
v -6.5361 5.22602 2.99452 
v -6.58869 4.92377 2.85279 
v -6.70249 4.98015 2.98591 
v -6.70249 4.98015 2.98591 
v -6.70043 4.94969 3.10382 
v -6.68553 4.66581 2.87232 
v -6.77273 4.70854 3.00586 
v -6.77273 4.70854 3.00586 
v -6.75714 4.68141 3.1358 
v -6.86924 4.5221 3.01743 
v -6.86924 4.5221 3.01743 
v -5.84985 5.29403 2.99657 
v -5.8647 5.28827 2.9089 
v -6.0258 5.33453 2.90181 
v -6.07787 5.38672 3.00575 
v -6.86924 4.5221 3.01743 
v -6.68553 4.66581 2.87232 
v -6.75714 4.68141 3.1358 
v -6.58869 4.92377 2.85279 
v -6.70043 4.94969 3.10382 
v -6.44054 5.16394 2.85696 
v -6.51375 5.17997 3.10724 
v -6.19914 5.31931 2.88293 
v -6.20276 5.29148 3.10189 
v -6.0258 5.33453 2.90181 
v -6.03827 5.3135 3.09453 
v -5.8647 5.28827 2.9089 
v -5.85125 5.27466 3.08101 
v -5.8647 5.28827 2.9089 
v -5.84985 5.29403 2.99657 
v -5.85125 5.27466 3.08101 
v -5.90774 5.24902 2.5939 
v -5.9232 5.26257 2.62422 
v -5.86742 5.23883 2.62078 
v -5.86869 5.20676 2.5898 
v -5.99531 5.24302 2.55655 
v -6.06002 5.26722 2.57883 
v -6.09501 5.21218 2.51795 
v -6.168 5.2354 2.54511 
v -6.22624 5.12535 2.45896 
v -6.3052 5.14284 2.51006 
v -6.37725 5.07689 2.50666 
v -6.31824 5.04511 2.4592 
v -6.41709 4.96421 2.48525 
v -6.45741 5.00936 2.52929 
v -6.48597 4.89123 2.54125 
v -6.53065 4.92298 2.58287 
v -6.58904 4.76227 2.69409 
v -6.59418 4.78321 2.7155 
v -6.56808 4.84312 2.64526 
v -6.5422 4.82037 2.60914 
v -6.65035 4.72391 2.8265 
v -6.59418 4.78321 2.7155 
v -6.65035 4.72391 2.8265 
v -6.60325 4.76388 2.80802 
v -6.56808 4.84312 2.64526 
v -6.55107 4.8342 2.73835 
v -6.53932 4.92468 2.68172 
v -6.53065 4.92298 2.58287 
v -6.45926 5.02465 2.63114 
v -6.45741 5.00936 2.52929 
v -6.38736 5.08629 2.60713 
v -6.37725 5.07689 2.50666 
v -6.32412 5.14595 2.60906 
v -6.17384 5.23806 2.62913 
v -6.168 5.2354 2.54511 
v -6.3052 5.14284 2.51006 
v -6.05707 5.26641 2.64558 
v -6.06002 5.26722 2.57883 
v -5.9232 5.26257 2.62422 
v -5.93195 5.2623 2.65217 
v -5.86882 5.22538 2.65002 
v -5.86742 5.23883 2.62078 
v -6.60325 4.76388 2.80802 
v -6.65035 4.72391 2.8265 
v -6.58904 4.76227 2.69409 
v -6.55107 4.8342 2.73835 
v -6.5422 4.82037 2.60914 
v -6.53932 4.92468 2.68172 
v -6.48597 4.89123 2.54125 
v -6.45926 5.02465 2.63114 
v -6.41709 4.96421 2.48525 
v -6.38736 5.08629 2.60713 
v -6.31824 5.04511 2.4592 
v -6.32412 5.14595 2.60906 
v -6.22624 5.12535 2.45896 
v -6.17384 5.23806 2.62913 
v -6.09501 5.21218 2.51795 
v -6.05707 5.26641 2.64558 
v -5.99531 5.24302 2.55655 
v -5.93195 5.2623 2.65217 
v -5.90774 5.24902 2.5939 
v -5.86882 5.22538 2.65002 
v -5.86869 5.20676 2.5898 
v -5.86742 5.23883 2.62078 
v -5.86882 5.22538 2.65002 
v -5.86869 5.20676 2.5898 
v -5.5369 4.70497 2.52445 
v -5.64057 4.79389 2.49279 
v -5.5376 4.82077 2.49878 
v -5.5369 4.70497 2.52445 
v -5.5376 4.82077 2.49878 
v -5.56488 4.78074 2.61294 
v -5.6562 4.8585 2.48995 
v -5.54544 4.88955 2.49515 
v -5.56106 4.85055 2.61448 
v -5.54544 4.88955 2.49515 
v -5.56294 4.97983 2.51204 
v -5.58187 4.93941 2.63081 
v -5.67513 4.94148 2.50511 
v -5.56294 4.97983 2.51204 
v -5.59943 5.07116 2.53158 
v -5.61744 5.02377 2.64456 
v -5.636 5.13886 2.55106 
v -5.6605 5.11151 2.64401 
v -5.72411 5.0867 2.55378 
v -5.636 5.13886 2.55106 
v -5.59943 5.07116 2.53158 
v -5.69683 5.01512 2.53317 
v -5.69341 5.19861 2.56993 
v -5.76489 5.14912 2.58573 
v -5.69341 5.19861 2.56993 
v -5.71959 5.16469 2.63799 
v -5.77804 5.22898 2.59046 
v -5.78003 5.17588 2.657 
v -5.77804 5.22898 2.59046 
v -5.80797 5.16669 2.60288 
v -5.83865 5.16143 2.61242 
v -5.84775 5.21464 2.59058 
v -5.84775 5.21464 2.59058 
v -5.83948 5.19431 2.65877 
v -5.83948 5.19431 2.65877 
v -5.83865 5.16143 2.61242 
v -5.80797 5.16669 2.60288 
v -5.78003 5.17588 2.657 
v -5.76489 5.14912 2.58573 
v -5.71959 5.16469 2.63799 
v -5.72411 5.0867 2.55378 
v -5.6605 5.11151 2.64401 
v -5.69683 5.01512 2.53317 
v -5.61744 5.02377 2.64456 
v -5.58187 4.93941 2.63081 
v -5.67513 4.94148 2.50511 
v -5.6562 4.8585 2.48995 
v -5.56106 4.85055 2.61448 
v -5.64057 4.79389 2.49279 
v -5.56488 4.78074 2.61294 
v -5.5369 4.70497 2.52445 
v -6.32739 4.67281 2.31532 
v -6.3897 4.68244 2.36408 
v -6.34339 4.69492 2.29475 
v -6.34339 4.69492 2.29475 
v -6.3897 4.68244 2.36408 
v -6.34951 4.71191 2.33413 
v -6.27883 4.71239 2.26576 
v -6.26322 4.68836 2.28101 
v -6.21707 4.7455 2.25138 
v -6.19975 4.721 2.26387 
v -6.29501 4.72685 2.29499 
v -6.27883 4.71239 2.26576 
v -6.2377 4.76104 2.27788 
v -6.21707 4.7455 2.25138 
v -6.15778 4.78496 2.25242 
v -6.13392 4.75631 2.27154 
v -6.18391 4.80362 2.27869 
v -6.15778 4.78496 2.25242 
v -6.05306 4.88151 2.27055 
v -6.02198 4.84577 2.30807 
v -6.05306 4.88151 2.27055 
v -6.10282 4.89457 2.29906 
v -6.03249 4.98008 2.3587 
v -5.97454 4.95435 2.33241 
v -5.95566 4.91273 2.37625 
v -5.97454 4.95435 2.33241 
v -5.92434 5.02836 2.38483 
v -5.90335 4.99319 2.43215 
v -5.98146 5.04421 2.41302 
v -5.92434 5.02836 2.38483 
v -5.89804 5.0893 2.45717 
v -5.88278 5.05772 2.5051 
v -5.88611 5.14975 2.51579 
v -5.89804 5.0893 2.45717 
v -5.94823 5.1056 2.46966 
v -5.92073 5.15849 2.52257 
v -5.91906 5.16216 2.56016 
v -5.89311 5.16328 2.55526 
v -5.86927 5.12331 2.53468 
v -5.88611 5.14975 2.51579 
v -5.89311 5.16328 2.55526 
v -5.87884 5.13801 2.5745 
v -6.34951 4.71191 2.33413 
v -6.3897 4.68244 2.36408 
v -6.32739 4.67281 2.31532 
v -6.29501 4.72685 2.29499 
v -6.26322 4.68836 2.28101 
v -6.2377 4.76104 2.27788 
v -6.19975 4.721 2.26387 
v -6.18391 4.80362 2.27869 
v -6.13392 4.75631 2.27154 
v -6.10282 4.89457 2.29906 
v -6.02198 4.84577 2.30807 
v -6.03249 4.98008 2.3587 
v -5.95566 4.91273 2.37625 
v -5.98146 5.04421 2.41302 
v -5.90335 4.99319 2.43215 
v -5.94823 5.1056 2.46966 
v -5.88278 5.05772 2.5051 
v -5.86927 5.12331 2.53468 
v -5.92073 5.15849 2.52257 
v -5.91906 5.16216 2.56016 
v -5.87884 5.13801 2.5745 
v -6.08918 4.79074 2.28529 
v -6.08923 4.78331 2.28512 
v -6.19211 4.79098 2.34785 
v -5.99363 4.78574 2.27315 
v -5.98578 4.80065 2.27062 
v -5.87866 4.85915 2.32987 
v -5.87747 4.87797 2.32706 
v -5.83262 4.95755 2.37224 
v -5.83361 4.94419 2.38389 
v -5.81042 5.02795 2.4446 
v -5.81225 5.03173 2.4232 
v -5.80379 5.08411 2.45712 
v -5.80284 5.08737 2.52646 
v -5.80008 5.13738 2.56209 
v -5.80314 5.13719 2.5356 
v -5.83699 5.16966 2.63138 
v -5.83347 5.17024 2.65602 
v -5.85658 5.17311 2.66764 
v -5.85995 5.17764 2.6902 
v -6.00872 4.80864 2.29801 
v -5.98578 4.80065 2.27062 
v -6.08918 4.79074 2.28529 
v -6.09724 4.79542 2.30151 
v -5.9119 4.88127 2.3475 
v -5.87747 4.87797 2.32706 
v -5.87106 4.96323 2.38219 
v -5.83262 4.95755 2.37224 
v -6.19211 4.79098 2.34785 
v -5.85411 5.03518 2.42549 
v -5.81225 5.03173 2.4232 
v -5.84782 5.0819 2.45635 
v -5.80379 5.08411 2.45712 
v -5.85414 5.12583 2.53447 
v -5.80314 5.13719 2.5356 
v -5.83699 5.16966 2.63138 
v -5.87562 5.15065 2.63028 
v -5.85658 5.17311 2.66764 
v -5.89415 5.15307 2.66631 
v -6.09724 4.79542 2.30151 
v -6.19211 4.79098 2.34785 
v -6.08923 4.78331 2.28512 
v -6.00872 4.80864 2.29801 
v -5.99363 4.78574 2.27315 
v -5.87866 4.85915 2.32987 
v -5.9119 4.88127 2.3475 
v -5.83361 4.94419 2.38389 
v -5.87106 4.96323 2.38219 
v -5.85411 5.03518 2.42549 
v -5.81042 5.02795 2.4446 
v -5.84782 5.0819 2.45635 
v -5.80284 5.08737 2.52646 
v -5.85414 5.12583 2.53447 
v -5.80008 5.13738 2.56209 
v -5.87562 5.15065 2.63028 
v -5.83347 5.17024 2.65602 
v -5.89415 5.15307 2.66631 
v -5.85995 5.17764 2.6902 
v -5.88952 4.75701 2.32717 
v -5.89304 4.74382 2.32629 
v -5.94123 4.70753 2.31312 
v -5.80479 4.81365 2.35639 
v -5.80434 4.82979 2.35401 
v -5.74849 4.88302 2.42127 
v -5.75604 4.90089 2.41835 
v -5.72745 4.9805 2.46353 
v -5.72278 4.96768 2.47524 
v -5.72167 5.05861 2.53684 
v -5.72391 5.0618 2.51537 
v -5.74258 5.11266 2.5491 
v -5.74249 5.11125 2.57542 
v -5.76544 5.15826 2.61067 
v -5.76666 5.15743 2.5841 
v -5.81677 5.18152 2.6085 
v -5.81519 5.18285 2.63324 
v -5.84313 5.19147 2.61278 
v -5.8497 5.19452 2.63516 
v -5.831 4.83042 2.38049 
v -5.80434 4.82979 2.35401 
v -5.88952 4.75701 2.32717 
v -5.90711 4.75266 2.34227 
v -5.79078 4.89394 2.43751 
v -5.75604 4.90089 2.41835 
v -5.76642 4.97471 2.47206 
v -5.72745 4.9805 2.46353 
v -5.94123 4.70753 2.31312 
v -5.76457 5.053 2.51615 
v -5.72391 5.0618 2.51537 
v -5.74258 5.11266 2.5491 
v -5.78243 5.09801 2.5468 
v -5.80039 5.13483 2.58158 
v -5.76666 5.15743 2.5841 
v -5.81677 5.18152 2.6085 
v -5.84369 5.15279 2.6062 
v -5.84313 5.19147 2.61278 
v -5.86857 5.16209 2.6103 
v -5.90711 4.75266 2.34227 
v -5.94123 4.70753 2.31312 
v -5.89304 4.74382 2.32629 
v -5.80479 4.81365 2.35639 
v -5.831 4.83042 2.38049 
v -5.74849 4.88302 2.42127 
v -5.79078 4.89394 2.43751 
v -5.76642 4.97471 2.47206 
v -5.72278 4.96768 2.47524 
v -5.76457 5.053 2.51615 
v -5.72167 5.05861 2.53684 
v -5.78243 5.09801 2.5468 
v -5.74249 5.11125 2.57542 
v -5.80039 5.13483 2.58158 
v -5.76544 5.15826 2.61067 
v -5.81519 5.18285 2.63324 
v -5.84369 5.15279 2.6062 
v -5.8497 5.19452 2.63516 
v -5.86857 5.16209 2.6103 
v -6.08788 5.14572 3.49183 
v -6.13243 5.13524 3.35542 
v -6.29019 4.93443 3.57733 
v -6.23095 4.94774 3.71543 
v -6.29087 4.78578 3.60556 
v -6.22553 4.8032 3.74471 
v -6.28895 4.64414 3.6133 
v -6.21442 4.65938 3.74917 
v -6.22986 4.46224 3.61209 
v -6.16231 4.46947 3.72814 
v -6.10312 4.36203 3.67404 
v -6.10312 4.36203 3.67404 
v -6.02116 4.47306 3.64059 
v -6.16231 4.46947 3.72814 
v -6.06618 4.67112 3.68179 
v -6.21442 4.65938 3.74917 
v -6.08663 4.81717 3.68066 
v -6.22553 4.8032 3.74471 
v -6.23095 4.94774 3.71543 
v -6.09827 4.95753 3.65032 
v -5.97013 5.15262 3.425 
v -6.08788 5.14572 3.49183 
v -6.10312 4.36203 3.67404 
v -6.22986 4.46224 3.61209 
v -6.02116 4.47306 3.64059 
v -6.06618 4.67112 3.68179 
v -6.28895 4.64414 3.6133 
v -6.29087 4.78578 3.60556 
v -6.08663 4.81717 3.68066 
v -6.29019 4.93443 3.57733 
v -6.09827 4.95753 3.65032 
v -6.13243 5.13524 3.35542 
v -5.97013 5.15262 3.425 
v -5.55353 4.90304 3.24981 
v -5.69459 4.95889 3.35849 
v -5.64698 4.76821 3.44167 
v -5.506 4.71992 3.32059 
v -5.55353 4.90304 3.24981 
v -5.506 4.71992 3.32059 
v -5.52898 4.69522 3.17021 
v -5.57385 4.86172 3.10664 
v -5.63431 4.58164 3.41381 
v -5.4809 4.56704 3.33901 
v -5.50671 4.57436 3.18615 
v -5.4809 4.56704 3.33901 
v -5.53211 4.41905 3.34319 
v -5.44442 4.44399 3.30896 
v -5.38813 4.34866 3.23879 
v -5.47293 4.47988 3.16052 
v -5.44442 4.44399 3.30896 
v -5.38813 4.34866 3.23879 
v -5.47293 4.47988 3.16052 
v -5.38813 4.34866 3.23879 
v -5.53211 4.41905 3.34319 
v -5.50671 4.57436 3.18615 
v -5.63431 4.58164 3.41381 
v -5.52898 4.69522 3.17021 
v -5.64698 4.76821 3.44167 
v -5.57385 4.86172 3.10664 
v -5.69459 4.95889 3.35849 
v -5.57385 4.86172 3.10664 
v -5.69459 4.95889 3.35849 
v -5.55353 4.90304 3.24981 
v -5.88005 5.30454 3.1699 
v -5.78782 5.1553 3.26577 
v -5.78643 5.25005 3.28698 
v -5.67163 5.38509 3.16651 
v -5.78351 5.30796 2.99319 
v -5.79852 5.21122 2.9925 
v -5.88005 5.30454 3.1699 
v -5.67163 5.38509 3.16651 
v -5.6155 5.18344 3.2692 
v -5.48281 5.32646 3.14376 
v -5.63024 5.22877 2.95713 
v -5.48281 5.32646 3.14376 
v -5.30519 5.1966 3.11005 
v -5.4634 5.10294 2.922 
v -5.46254 5.05701 3.23668 
v -5.30519 5.1966 3.11005 
v -5.21174 5.02399 3.09547 
v -5.39406 4.94481 2.91368 
v -5.21174 5.02399 3.09547 
v -5.40496 4.92517 3.21806 
v -5.19236 4.8687 3.09931 
v -5.37537 4.77523 3.21434 
v -5.16348 4.6694 3.10811 
v -5.19236 4.8687 3.09931 
v -5.16348 4.6694 3.10811 
v -5.39672 4.80011 2.9182 
v -5.16348 4.6694 3.10811 
v -5.37537 4.77523 3.21434 
v -5.39672 4.80011 2.9182 
v -5.40496 4.92517 3.21806 
v -5.39406 4.94481 2.91368 
v -5.46254 5.05701 3.23668 
v -5.4634 5.10294 2.922 
v -5.6155 5.18344 3.2692 
v -5.63024 5.22877 2.95713 
v -5.78351 5.30796 2.99319 
v -5.78643 5.25005 3.28698 
v -5.79852 5.21122 2.9925 
v -5.78782 5.1553 3.26577 
v -5.27097 4.55071 2.89644 
v -5.20989 4.50932 3.10995 
v -5.43477 4.46711 2.8112 
v -5.32427 4.74577 2.773 
v -5.30559 4.65632 2.79727 
v -5.47138 4.6005 2.6911 
v -5.49569 4.71032 2.65909 
v -5.52119 4.80758 2.64505 
v -5.33881 4.83049 2.76407 
v -5.43648 5.0243 2.76384 
v -5.63563 5.03528 2.63671 
v -5.45829 4.52854 2.72555 
v -5.29572 4.59943 2.82747 
v -5.42175 4.85634 2.89839 
v -5.33881 4.83049 2.76407 
v -5.43648 5.0243 2.76384 
v -5.50053 5.0119 2.90733 
v -5.41958 4.78578 2.90155 
v -5.32427 4.74577 2.773 
v -5.40728 4.71931 2.91708 
v -5.30559 4.65632 2.79727 
v -5.40105 4.67945 2.9425 
v -5.29572 4.59943 2.82747 
v -5.37489 4.6157 2.98902 
v -5.27097 4.55071 2.89644 
v -5.20989 4.50932 3.10995 
v -5.20989 4.50932 3.10995 
v -5.37489 4.6157 2.98902 
v -5.43477 4.46711 2.8112 
v -5.40105 4.67945 2.9425 
v -5.45829 4.52854 2.72555 
v -5.43477 4.46711 2.8112 
v -5.37489 4.6157 2.98902 
v -5.40105 4.67945 2.9425 
v -5.40728 4.71931 2.91708 
v -5.47138 4.6005 2.6911 
v -5.45829 4.52854 2.72555 
v -5.40728 4.71931 2.91708 
v -5.41958 4.78578 2.90155 
v -5.49569 4.71032 2.65909 
v -5.47138 4.6005 2.6911 
v -5.41958 4.78578 2.90155 
v -5.42175 4.85634 2.89839 
v -5.52119 4.80758 2.64505 
v -5.49569 4.71032 2.65909 
v -5.50053 5.0119 2.90733 
v -5.63563 5.03528 2.63671 
v -5.52119 4.80758 2.64505 
v -5.42175 4.85634 2.89839 
v -5.38469 4.5004 2.79049 
v -5.55543 4.65551 2.62122 
v -5.43212 4.71655 2.61051 
v -5.56753 4.8391 2.57579 
v -5.44978 4.88618 2.56806 
v -5.5815 4.94631 2.57087 
v -5.47036 5.00613 2.55795 
v -5.61989 5.0263 2.57638 
v -5.51998 5.11767 2.56556 
v -5.67507 5.10803 2.59147 
v -5.59314 5.20924 2.58275 
v -5.7251 5.27027 2.60127 
v -5.75436 5.16419 2.60682 
v -5.85937 5.17772 2.62727 
v -5.88643 5.27233 2.65816 
v -5.86703 5.23736 2.75041 
v -5.67955 5.20794 2.72995 
v -5.7251 5.27027 2.60127 
v -5.88643 5.27233 2.65816 
v -5.57539 5.12835 2.70591 
v -5.59314 5.20924 2.58275 
v -5.51998 5.11767 2.56556 
v -5.52034 5.02132 2.68569 
v -5.47036 5.00613 2.55795 
v -5.4942 4.93542 2.68352 
v -5.44978 4.88618 2.56806 
v -5.46533 4.79945 2.70014 
v -5.44067 4.64738 2.73886 
v -5.43212 4.71655 2.61051 
v -5.38469 4.5004 2.79049 
v -5.38469 4.5004 2.79049 
v -5.44067 4.64738 2.73886 
v -5.55543 4.65551 2.62122 
v -5.46533 4.79945 2.70014 
v -5.56753 4.8391 2.57579 
v -5.4942 4.93542 2.68352 
v -5.5815 4.94631 2.57087 
v -5.52034 5.02132 2.68569 
v -5.61989 5.0263 2.57638 
v -5.57539 5.12835 2.70591 
v -5.67507 5.10803 2.59147 
v -5.67955 5.20794 2.72995 
v -5.75436 5.16419 2.60682 
v -5.86703 5.23736 2.75041 
v -5.85937 5.17772 2.62727 
v -6.33762 4.69383 2.36521 
v -6.45956 4.75913 2.38372 
v -6.39037 4.88263 2.35425 
v -6.22839 4.80298 2.33861 
v -6.44452 4.90308 2.52615 
v -6.35423 5.03892 2.54654 
v -6.29248 5.00454 2.38124 
v -6.39037 4.88263 2.35425 
v -6.28324 5.12793 2.59154 
v -6.1886 5.1215 2.42484 
v -6.10602 4.92497 2.36029 
v -6.29248 5.00454 2.38124 
v -6.1886 5.1215 2.42484 
v -5.99514 5.04684 2.42493 
v -6.04701 5.21475 2.51847 
v -5.91071 5.14765 2.5122 
v -6.15147 5.23471 2.67761 
v -6.04701 5.21475 2.51847 
v -5.96774 5.25479 2.73296 
v -5.89759 5.259 2.66461 
v -5.89759 5.259 2.66461 
v -5.84758 5.20106 2.62413 
v -6.53631 4.55635 2.53138 
v -6.45956 4.75913 2.38372 
v -6.53631 4.55635 2.53138 
v -6.50574 4.78836 2.54767 
v -6.50574 4.78836 2.54767 
v -6.53631 4.55635 2.53138 
v -6.33762 4.69383 2.36521 
v -6.44452 4.90308 2.52615 
v -6.22839 4.80298 2.33861 
v -6.10602 4.92497 2.36029 
v -6.35423 5.03892 2.54654 
v -5.99514 5.04684 2.42493 
v -6.28324 5.12793 2.59154 
v -6.15147 5.23471 2.67761 
v -5.91071 5.14765 2.5122 
v -5.96774 5.25479 2.73296 
v -5.84758 5.20106 2.62413 
v -6.82633 4.77208 2.90556 
v -6.73438 4.70356 3.01237 
v -6.69096 4.95022 3.00263 
v -6.76513 5.00057 2.88592 
v -6.5849 5.12859 2.99754 
v -6.66924 5.16335 2.87314 
v -5.92224 5.36869 2.83411 
v -6.23838 5.39968 2.85418 
v -6.15718 5.36602 2.98766 
v -5.95237 5.35957 2.97397 
v -5.86796 5.27652 2.96028 
v -5.86653 5.28411 2.83076 
v -6.87066 4.67378 2.95887 
v -6.96419 4.57442 3.11028 
v -6.75893 4.61046 3.06603 
v -6.4354 5.26418 2.98811 
v -6.50583 5.31549 2.86295 
v -5.9679 5.32373 2.74391 
v -5.92224 5.36869 2.83411 
v -5.86653 5.28411 2.83076 
v -5.88067 5.25804 2.75584 
v -6.1554 5.32495 2.74926 
v -6.23838 5.39968 2.85418 
v -6.41301 5.25688 2.76564 
v -6.50583 5.31549 2.86295 
v -6.58914 5.08961 2.77654 
v -6.66924 5.16335 2.87314 
v -6.76513 5.00057 2.88592 
v -6.67572 4.94108 2.79633 
v -6.75318 4.72921 2.82502 
v -6.82633 4.77208 2.90556 
v -6.81559 4.62615 2.87802 
v -6.87066 4.67378 2.95887 
v -6.96419 4.57442 3.11028 
v -6.96419 4.57442 3.11028 
v -6.81559 4.62615 2.87802 
v -6.75893 4.61046 3.06603 
v -6.75318 4.72921 2.82502 
v -6.73438 4.70356 3.01237 
v -6.67572 4.94108 2.79633 
v -6.69096 4.95022 3.00263 
v -6.58914 5.08961 2.77654 
v -6.5849 5.12859 2.99754 
v -6.41301 5.25688 2.76564 
v -6.4354 5.26418 2.98811 
v -6.15718 5.36602 2.98766 
v -6.1554 5.32495 2.74926 
v -5.95237 5.35957 2.97397 
v -5.9679 5.32373 2.74391 
v -5.88067 5.25804 2.75584 
v -5.86796 5.27652 2.96028 
v -5.88067 5.25804 2.75584 
v -5.86653 5.28411 2.83076 
v -5.86796 5.27652 2.96028 
v -5.99297 4.93229 3.37292 
v -5.76833 4.79811 3.42302 
v -5.82259 4.97613 3.30498 
v -6.11 5.05838 3.23881 
v -6.15927 4.94059 3.33664 
v -6.31045 5.04582 3.21823 
v -5.87983 4.91458 3.20165 
v -6.0746 4.98023 3.13992 
v -6.11 5.05838 3.23881 
v -5.82259 4.97613 3.30498 
v -6.35216 4.86418 3.3326 
v -6.52079 4.93941 3.20823 
v -6.45677 4.91211 3.07362 
v -6.52079 4.93941 3.20823 
v -6.31045 5.04582 3.21823 
v -6.26461 5.00186 3.098 
v -6.62581 4.753 3.0741 
v -6.67991 4.78646 3.20342 
v -6.67991 4.78646 3.20342 
v -6.50403 4.72076 3.33061 
v -6.70936 4.61379 3.08329 
v -6.76105 4.65289 3.20715 
v -6.56642 4.58929 3.32555 
v -6.76105 4.65289 3.20715 
v -6.75057 4.51744 3.2241 
v -6.56999 4.47079 3.33509 
v -6.75057 4.51744 3.2241 
v -6.71809 4.46306 3.1116 
v -6.66772 4.33422 3.28085 
v -6.66772 4.33422 3.28085 
v -6.66772 4.33422 3.28085 
v -6.71809 4.46306 3.1116 
v -6.56999 4.47079 3.33509 
v -6.70936 4.61379 3.08329 
v -6.56642 4.58929 3.32555 
v -6.62581 4.753 3.0741 
v -6.50403 4.72076 3.33061 
v -6.45677 4.91211 3.07362 
v -6.35216 4.86418 3.3326 
v -6.26461 5.00186 3.098 
v -6.15927 4.94059 3.33664 
v -6.0746 4.98023 3.13992 
v -5.99297 4.93229 3.37292 
v -5.87983 4.91458 3.20165 
v -5.76833 4.79811 3.42302 
v -5.82259 4.97613 3.30498 
v -5.76833 4.79811 3.42302 
v -5.87983 4.91458 3.20165 
v -6.2584 4.90864 2.31891 
v -6.40786 5.01651 2.34842 
v -6.24058 5.17212 2.39814 
v -6.07136 5.07972 2.38247 
v -6.44868 4.71124 2.37242 
v -6.55315 4.82785 2.38758 
v -6.59691 4.59074 2.62342 
v -5.76409 5.23934 2.6782 
v -5.75788 5.18118 2.59638 
v -5.86989 5.19701 2.51639 
v -5.96821 5.29302 2.54442 
v -5.96298 5.15857 2.4458 
v -6.11119 5.26763 2.46004 
v -6.59691 4.59074 2.62342 
v -6.5834 4.81854 2.54766 
v -6.55315 4.82785 2.38758 
v -6.48646 4.9978 2.52393 
v -6.40786 5.01651 2.34842 
v -6.34043 5.1368 2.55876 
v -6.24058 5.17212 2.39814 
v -6.18845 5.25021 2.61913 
v -6.11119 5.26763 2.46004 
v -6.0218 5.28429 2.6573 
v -5.96821 5.29302 2.54442 
v -5.84257 5.25477 2.68066 
v -5.76409 5.23934 2.6782 
v -6.5834 4.81854 2.54766 
v -6.59691 4.59074 2.62342 
v -6.44868 4.71124 2.37242 
v -6.48646 4.9978 2.52393 
v -6.2584 4.90864 2.31891 
v -6.34043 5.1368 2.55876 
v -6.07136 5.07972 2.38247 
v -6.18845 5.25021 2.61913 
v -5.96298 5.15857 2.4458 
v -6.0218 5.28429 2.6573 
v -5.86989 5.19701 2.51639 
v -5.84257 5.25477 2.68066 
v -5.75788 5.18118 2.59638 
v -5.75788 5.18118 2.59638 
v -5.76409 5.23934 2.6782 
v -5.84257 5.25477 2.68066 
v -5.35954 5.064 2.76326 
v -5.55366 5.24586 2.77083 
v -5.62349 5.15863 2.91082 
v -5.40248 4.97267 2.91618 
v -5.30494 4.89962 2.7943 
v -5.35015 4.85681 2.95533 
v -5.28887 4.76966 3.02627 
v -5.24192 4.76485 2.88289 
v -5.25584 4.73372 3.10663 
v -5.19589 4.70758 3.0168 
v -5.15581 4.64016 3.26978 
v -5.15581 4.64016 3.26978 
v -5.33956 4.5807 2.99762 
v -5.19589 4.70758 3.0168 
v -5.24192 4.76485 2.88289 
v -5.39771 4.60099 2.80684 
v -5.46233 4.7801 2.7018 
v -5.30494 4.89962 2.7943 
v -5.51904 4.98965 2.67831 
v -5.35954 5.064 2.76326 
v -5.55366 5.24586 2.77083 
v -5.68813 5.1677 2.69793 
v -5.15581 4.64016 3.26978 
v -5.25584 4.73372 3.10663 
v -5.33956 4.5807 2.99762 
v -5.28887 4.76966 3.02627 
v -5.39771 4.60099 2.80684 
v -5.35015 4.85681 2.95533 
v -5.46233 4.7801 2.7018 
v -5.40248 4.97267 2.91618 
v -5.51904 4.98965 2.67831 
v -5.62349 5.15863 2.91082 
v -5.68813 5.1677 2.69793 
v -5.93293 5.3029 3.24135 
v -5.93764 5.23819 3.28732 
v -5.7818 5.21004 3.39887 
v -5.68383 5.27395 3.35015 
v -5.70791 5.16324 3.44692 
v -5.59159 5.2252 3.37875 
v -5.60098 5.06138 3.48237 
v -5.47395 5.11872 3.39699 
v -5.3915 4.63581 3.31073 
v -5.34653 4.79201 3.36156 
v -5.48423 4.73112 3.44353 
v -5.5385 4.56132 3.36492 
v -5.53628 4.92077 3.48316 
v -5.3932 4.97636 3.39485 
v -5.35774 4.4411 3.31328 
v -5.35774 4.4411 3.31328 
v -5.36159 4.63192 3.19682 
v -5.3915 4.63581 3.31073 
v -5.32932 4.76957 3.2097 
v -5.34653 4.79201 3.36156 
v -5.36866 4.94668 3.23434 
v -5.3932 4.97636 3.39485 
v -5.4713 5.09142 3.24047 
v -5.47395 5.11872 3.39699 
v -5.60356 5.2042 3.24574 
v -5.59159 5.2252 3.37875 
v -5.72084 5.25563 3.2437 
v -5.68383 5.27395 3.35015 
v -5.93293 5.3029 3.24135 
v -5.89449 5.27813 3.19955 
v -5.35774 4.4411 3.31328 
v -5.5385 4.56132 3.36492 
v -5.36159 4.63192 3.19682 
v -5.48423 4.73112 3.44353 
v -5.32932 4.76957 3.2097 
v -5.36866 4.94668 3.23434 
v -5.53628 4.92077 3.48316 
v -5.4713 5.09142 3.24047 
v -5.60098 5.06138 3.48237 
v -5.70791 5.16324 3.44692 
v -5.60356 5.2042 3.24574 
v -5.72084 5.25563 3.2437 
v -5.7818 5.21004 3.39887 
v -5.93764 5.23819 3.28732 
v -5.89449 5.27813 3.19955 
v -5.98531 5.32862 3.40076 
v -6.08099 5.24562 3.34367 
v -6.1131 5.1788 3.45106 
v -5.98636 5.2237 3.56483 
v -6.13813 5.03955 3.54242 
v -5.98525 5.0246 3.67279 
v -6.15284 4.88999 3.62157 
v -5.99 4.86327 3.73849 
v -6.16074 4.705 3.62547 
v -5.99542 4.68889 3.73389 
v -5.99917 4.40272 3.66951 
v -6.15022 4.4126 3.57047 
v -5.99766 4.28032 3.64351 
v -5.98138 5.28426 3.26061 
v -6.05275 5.19976 3.24717 
v -5.99917 4.40272 3.66951 
v -5.99766 4.28032 3.64351 
v -5.802 4.44164 3.56653 
v -5.99542 4.68889 3.73389 
v -5.78394 4.72156 3.64032 
v -5.781 4.89097 3.60755 
v -5.99 4.86327 3.73849 
v -5.81621 5.03846 3.57028 
v -5.98525 5.0246 3.67279 
v -5.84351 5.16888 3.46117 
v -5.98636 5.2237 3.56483 
v -5.8736 5.23554 3.37503 
v -5.98531 5.32862 3.40076 
v -5.89404 5.2046 3.26371 
v -5.98138 5.28426 3.26061 
v -5.99766 4.28032 3.64351 
v -6.15022 4.4126 3.57047 
v -5.802 4.44164 3.56653 
v -6.16074 4.705 3.62547 
v -5.78394 4.72156 3.64032 
v -6.15284 4.88999 3.62157 
v -5.781 4.89097 3.60755 
v -6.13813 5.03955 3.54242 
v -5.81621 5.03846 3.57028 
v -6.1131 5.1788 3.45106 
v -5.84351 5.16888 3.46117 
v -6.08099 5.24562 3.34367 
v -5.8736 5.23554 3.37503 
v -6.05275 5.19976 3.24717 
v -5.89404 5.2046 3.26371 
v -6.0058 5.22462 3.38866 
v -5.97361 5.24934 3.32887 
v -6.02755 5.28238 3.29899 
v -6.10765 5.27726 3.38851 
v -6.05336 5.18336 3.43275 
v -6.21154 5.22721 3.47161 
v -6.35175 5.1201 3.58078 
v -6.44676 4.91076 3.61921 
v -6.23673 4.89114 3.59373 
v -6.14422 5.08075 3.54752 
v -6.46945 4.73559 3.63071 
v -6.23294 4.71002 3.59001 
v -6.45128 4.54041 3.63354 
v -6.18473 4.49554 3.58688 
v -6.42393 4.35538 3.62512 
v -6.10765 5.27726 3.38851 
v -6.02755 5.28238 3.29899 
v -6.07585 5.27504 3.26535 
v -6.16522 5.2585 3.28312 
v -6.21154 5.22721 3.47161 
v -6.28282 5.20179 3.33339 
v -6.35175 5.1201 3.58078 
v -6.43003 5.09458 3.38194 
v -6.44676 4.91076 3.61921 
v -6.52744 4.91792 3.41719 
v -6.57565 4.74822 3.44539 
v -6.46945 4.73559 3.63071 
v -6.58644 4.57165 3.45398 
v -6.45128 4.54041 3.63354 
v -6.42393 4.35538 3.62512 
v -6.42393 4.35538 3.62512 
v -6.58644 4.57165 3.45398 
v -6.18473 4.49554 3.58688 
v -6.57565 4.74822 3.44539 
v -6.23294 4.71002 3.59001 
v -6.52744 4.91792 3.41719 
v -6.23673 4.89114 3.59373 
v -6.43003 5.09458 3.38194 
v -6.14422 5.08075 3.54752 
v -6.28282 5.20179 3.33339 
v -6.05336 5.18336 3.43275 
v -6.16522 5.2585 3.28312 
v -6.0058 5.22462 3.38866 
v -6.07585 5.27504 3.26535 
v -5.97361 5.24934 3.32887 
v -6.02755 5.28238 3.29899 
v -5.97361 5.24934 3.32887 
v -6.07585 5.27504 3.26535 
v -5.93202 5.2584 3.26172 
v -5.97681 5.22556 3.29581 
v -5.91308 5.19601 3.40294 
v -5.84439 5.30136 3.402 
v -5.87654 5.24551 3.25382 
v -5.93202 5.2584 3.26172 
v -5.84439 5.30136 3.402 
v -5.7755 5.21432 3.34435 
v -5.68817 5.13985 3.41346 
v -5.71358 5.21771 3.57872 
v -5.87717 5.14844 3.49885 
v -5.71358 5.21771 3.57872 
v -5.59027 5.01958 3.48008 
v -5.63333 5.06109 3.66325 
v -5.56605 4.89696 3.68896 
v -5.5131 4.894 3.52348 
v -5.63333 5.06109 3.66325 
v -5.83046 5.01529 3.60183 
v -5.79056 4.85592 3.65931 
v -5.56605 4.89696 3.68896 
v -5.55492 4.74007 3.66768 
v -5.47708 4.7574 3.47655 
v -5.79181 4.71808 3.65794 
v -5.55492 4.74007 3.66768 
v -5.55501 4.60358 3.59913 
v -5.48571 4.63501 3.41832 
v -5.56685 4.46349 3.57397 
v -5.51056 4.50773 3.4074 
v -5.56685 4.46349 3.57397 
v -5.55501 4.60358 3.59913 
v -5.81644 4.56982 3.59884 
v -5.79886 4.41682 3.55394 
v -5.52978 4.3512 3.57415 
v -5.52978 4.3512 3.57415 
v -5.52978 4.3512 3.57415 
v -5.79886 4.41682 3.55394 
v -5.51056 4.50773 3.4074 
v -5.81644 4.56982 3.59884 
v -5.48571 4.63501 3.41832 
v -5.79181 4.71808 3.65794 
v -5.47708 4.7574 3.47655 
v -5.79056 4.85592 3.65931 
v -5.5131 4.894 3.52348 
v -5.83046 5.01529 3.60183 
v -5.59027 5.01958 3.48008 
v -5.68817 5.13985 3.41346 
v -5.87717 5.14844 3.49885 
v -5.91308 5.19601 3.40294 
v -5.7755 5.21432 3.34435 
v -5.97681 5.22556 3.29581 
v -5.87654 5.24551 3.25382 
v -6.71242 4.59109 3.34828 
v -6.79525 4.67602 3.22445 
v -6.85705 4.46925 3.25052 
v -6.69034 4.84988 3.32069 
v -6.76512 4.92813 3.20271 
v -6.18538 5.37297 3.18301 
v -6.40178 5.31093 3.19541 
v -6.33041 5.21712 3.29663 
v -6.14282 5.26462 3.27674 
v -5.98836 5.38639 3.18605 
v -5.94307 5.27413 3.28102 
v -5.85198 5.2433 3.25129 
v -5.8144 5.30884 3.16406 
v -6.59402 5.04125 3.30147 
v -6.65664 5.11568 3.19485 
v -5.98776 5.32432 3.07295 
v -5.98836 5.38639 3.18605 
v -5.8144 5.30884 3.16406 
v -5.857 5.273 3.06729 
v -6.18214 5.3071 3.07111 
v -6.18538 5.37297 3.18301 
v -6.36281 5.25001 3.0786 
v -6.40178 5.31093 3.19541 
v -6.65664 5.11568 3.19485 
v -6.60922 5.06174 3.07601 
v -6.76512 4.92813 3.20271 
v -6.72946 4.8779 3.07286 
v -6.76739 4.63224 3.08895 
v -6.79525 4.67602 3.22445 
v -6.85705 4.46925 3.25052 
v -6.85705 4.46925 3.25052 
v -6.76739 4.63224 3.08895 
v -6.71242 4.59109 3.34828 
v -6.72946 4.8779 3.07286 
v -6.69034 4.84988 3.32069 
v -6.60922 5.06174 3.07601 
v -6.59402 5.04125 3.30147 
v -6.36281 5.25001 3.0786 
v -6.33041 5.21712 3.29663 
v -6.18214 5.3071 3.07111 
v -6.14282 5.26462 3.27674 
v -5.98776 5.32432 3.07295 
v -5.94307 5.27413 3.28102 
v -5.857 5.273 3.06729 
v -5.85198 5.2433 3.25129 
v -5.94307 5.27413 3.28102 
v -5.98776 5.32432 3.07295 
v -5.8144 5.30884 3.16406 
v -5.85198 5.2433 3.25129 
v -5.857 5.273 3.06729 
v -6.04327 5.34547 2.70549 
v -5.80983 5.30356 2.7898 
v -5.87128 5.24547 2.70717 
v -5.99105 5.27579 2.66307 
v -6.53716 4.95039 2.62182 
v -6.62066 5.03907 2.67686 
v -6.39289 5.26431 2.64131 
v -6.31655 5.17442 2.56637 
v -6.64197 4.8307 2.70308 
v -6.72247 4.8899 2.75911 
v -6.1546 5.25488 2.60835 
v -6.22438 5.33046 2.66456 
v -6.77409 4.66956 2.92047 
v -6.77409 4.66956 2.92047 
v -6.70882 4.8598 2.92795 
v -6.72247 4.8899 2.75911 
v -6.61047 5.04292 2.84455 
v -6.62066 5.03907 2.67686 
v -6.37445 5.26956 2.83193 
v -6.39289 5.26431 2.64131 
v -6.19837 5.31922 2.8336 
v -6.22438 5.33046 2.66456 
v -5.99704 5.32744 2.85864 
v -6.04327 5.34547 2.70549 
v -5.8648 5.28527 2.88349 
v -5.80983 5.30356 2.7898 
v -6.70882 4.8598 2.92795 
v -6.77409 4.66956 2.92047 
v -6.64197 4.8307 2.70308 
v -6.61047 5.04292 2.84455 
v -6.53716 4.95039 2.62182 
v -6.37445 5.26956 2.83193 
v -6.31655 5.17442 2.56637 
v -6.1546 5.25488 2.60835 
v -6.19837 5.31922 2.8336 
v -5.99105 5.27579 2.66307 
v -5.99704 5.32744 2.85864 
v -5.87128 5.24547 2.70717 
v -5.8648 5.28527 2.88349 
v -5.80983 5.30356 2.7898 
v -5.8648 5.28527 2.88349 
v -5.87128 5.24547 2.70717 
v -6.06895 5.25084 2.53383 
v -6.20963 5.34893 2.6152 
v -5.8562 5.24183 2.71114 
v -5.86629 5.21402 2.62237 
v -6.23078 5.16952 2.4863 
v -6.39095 5.25489 2.57809 
v -6.73248 4.73895 2.68402 
v -6.64465 4.91836 2.58883 
v -6.47186 4.79548 2.49291 
v -6.62647 4.59048 2.66175 
v -6.84438 4.51377 2.86022 
v -6.34696 4.9891 2.46564 
v -6.53524 5.10006 2.55777 
v -6.71897 4.73107 2.89945 
v -6.73248 4.73895 2.68402 
v -6.84438 4.51377 2.86022 
v -6.62199 4.89688 2.80952 
v -6.64465 4.91836 2.58883 
v -6.52478 5.0692 2.77547 
v -6.53524 5.10006 2.55777 
v -6.35837 5.2039 2.79553 
v -6.39095 5.25489 2.57809 
v -6.20963 5.34893 2.6152 
v -6.16171 5.30795 2.82445 
v -5.83996 5.28609 2.83234 
v -5.8562 5.24183 2.71114 
v -6.84438 4.51377 2.86022 
v -6.62647 4.59048 2.66175 
v -6.71897 4.73107 2.89945 
v -6.47186 4.79548 2.49291 
v -6.62199 4.89688 2.80952 
v -6.52478 5.0692 2.77547 
v -6.34696 4.9891 2.46564 
v -6.35837 5.2039 2.79553 
v -6.23078 5.16952 2.4863 
v -6.16171 5.30795 2.82445 
v -6.06895 5.25084 2.53383 
v -5.86629 5.21402 2.62237 
v -5.83996 5.28609 2.83234 
v -5.96463 5.16886 3.40074 
v -5.73513 5.03469 3.41818 
v -5.80573 5.21271 3.30911 
v -6.09965 5.29496 3.28476 
v -6.13441 5.17717 3.38863 
v -6.30098 5.2824 3.29308 
v -5.87716 5.15116 3.21505 
v -6.07877 5.21681 3.18182 
v -6.09965 5.29496 3.28476 
v -5.80573 5.21271 3.30911 
v -6.3259 5.10075 3.41224 
v -6.51059 5.17599 3.31328 
v -6.46649 5.14868 3.1709 
v -6.51059 5.17599 3.31328 
v -6.30098 5.2824 3.29308 
v -6.27282 5.23843 3.16753 
v -6.63373 4.98957 3.19557 
v -6.66876 5.02304 3.3313 
v -6.66876 5.02304 3.3313 
v -6.47648 4.95734 3.43201 
v -6.7151 4.85036 3.21662 
v -6.74853 4.88947 3.3466 
v -6.53895 4.82587 3.43593 
v -6.74853 4.88947 3.3466 
v -6.73573 4.75402 3.36188 
v -6.54112 4.70737 3.44588 
v -6.73573 4.75402 3.36188 
v -6.71969 4.69963 3.24588 
v -6.64561 4.57079 3.40618 
v -6.64561 4.57079 3.40618 
v -6.64561 4.57079 3.40618 
v -6.71969 4.69963 3.24588 
v -6.54112 4.70737 3.44588 
v -6.7151 4.85036 3.21662 
v -6.53895 4.82587 3.43593 
v -6.63373 4.98957 3.19557 
v -6.47648 4.95734 3.43201 
v -6.46649 5.14868 3.1709 
v -6.3259 5.10075 3.41224 
v -6.27282 5.23843 3.16753 
v -6.13441 5.17717 3.38863 
v -6.07877 5.21681 3.18182 
v -5.96463 5.16886 3.40074 
v -5.87716 5.15116 3.21505 
v -5.73513 5.03469 3.41818 
v -5.80573 5.21271 3.30911 
v -5.73513 5.03469 3.41818 
v -5.87716 5.15116 3.21505 
v -6.55113 4.49656 3.43981 
v -6.56526 4.42133 3.47582 
v -6.4624 4.45873 3.43878 
v -6.48875 4.67846 3.43083 
v -6.58063 4.70991 3.40557 
v -6.55244 4.57664 3.41382 
v -6.44919 4.54228 3.41962 
v -6.55244 4.57664 3.41382 
v -6.58063 4.70991 3.40557 
v -6.6094 4.65108 3.31139 
v -6.59406 4.52111 3.34164 
v -6.55113 4.49656 3.43981 
v -6.57634 4.44495 3.37533 
v -6.56526 4.42133 3.47582 
v -6.59406 4.52111 3.34164 
v -6.6094 4.65108 3.31139 
v -6.48875 4.67846 3.43083 
v -6.44919 4.54228 3.41962 
v -6.57634 4.44495 3.37533 
v -6.4624 4.45873 3.43878 
v -6.56526 4.42133 3.47582 
v -5.24888 4.43643 3.36975 
v -5.40386 4.39797 3.10386 
v -5.22505 4.50519 3.18839 
v -5.22345 4.5258 3.12544 
v -5.38575 4.42329 3.00957 
v -5.42132 4.47682 2.93027 
v -5.24465 4.56761 3.07267 
v -5.26836 4.63836 3.04156 
v -5.43196 4.56323 2.88524 
v -5.44383 4.74348 2.87196 
v -5.27785 4.76738 3.02973 
v -5.52701 5.04506 2.87089 
v -5.36339 5.02091 3.02592 
v -5.35958 4.79287 3.19804 
v -5.27785 4.76738 3.02973 
v -5.36339 5.02091 3.02592 
v -5.44763 4.99514 3.19131 
v -5.35263 4.71851 3.20832 
v -5.26836 4.63836 3.04156 
v -5.31498 4.66446 3.2246 
v -5.24465 4.56761 3.07267 
v -5.22345 4.5258 3.12544 
v -5.30912 4.63515 3.24906 
v -5.29311 4.61957 3.27857 
v -5.22505 4.50519 3.18839 
v -5.24888 4.43643 3.36975 
v -5.44763 4.99514 3.19131 
v -5.52701 5.04506 2.87089 
v -5.44383 4.74348 2.87196 
v -5.35958 4.79287 3.19804 
v -5.35263 4.71851 3.20832 
v -5.35958 4.79287 3.19804 
v -5.44383 4.74348 2.87196 
v -5.43196 4.56323 2.88524 
v -5.35263 4.71851 3.20832 
v -5.43196 4.56323 2.88524 
v -5.42132 4.47682 2.93027 
v -5.31498 4.66446 3.2246 
v -5.38575 4.42329 3.00957 
v -5.30912 4.63515 3.24906 
v -5.31498 4.66446 3.2246 
v -5.42132 4.47682 2.93027 
v -5.30912 4.63515 3.24906 
v -5.38575 4.42329 3.00957 
v -5.40386 4.39797 3.10386 
v -5.29311 4.61957 3.27857 
v -5.40386 4.39797 3.10386 
v -5.24888 4.43643 3.36975 
v -5.29311 4.61957 3.27857 
v -5.26797 4.91827 2.89167 
v -5.24065 4.75057 3.01168 
v -5.34581 4.86897 2.87649 
v -5.40245 4.95616 2.81825 
v -5.3176 5.02177 2.84192 
v -5.56533 5.13975 2.72458 
v -5.65882 5.2109 2.70505 
v -5.60785 5.3037 2.76494 
v -5.48437 5.23213 2.78063 
v -5.77243 5.24574 2.70867 
v -5.76959 5.33385 2.76677 
v -5.87125 5.24519 2.70713 
v -5.87721 5.30196 2.7622 
v -5.46217 5.06022 2.7655 
v -5.38091 5.12765 2.80771 
v -5.76959 5.33385 2.76677 
v -5.87721 5.30196 2.7622 
v -5.86387 5.2834 2.88937 
v -5.77013 5.28603 2.88939 
v -5.64532 5.26728 2.8903 
v -5.60785 5.3037 2.76494 
v -5.52934 5.2119 2.90384 
v -5.48437 5.23213 2.78063 
v -5.42553 5.12076 2.92081 
v -5.38091 5.12765 2.80771 
v -5.3583 5.01289 2.93472 
v -5.3176 5.02177 2.84192 
v -5.31635 4.89153 2.97519 
v -5.26797 4.91827 2.89167 
v -5.24065 4.75057 3.01168 
v -5.24065 4.75057 3.01168 
v -5.31635 4.89153 2.97519 
v -5.34581 4.86897 2.87649 
v -5.3583 5.01289 2.93472 
v -5.40245 4.95616 2.81825 
v -5.42553 5.12076 2.92081 
v -5.46217 5.06022 2.7655 
v -5.52934 5.2119 2.90384 
v -5.56533 5.13975 2.72458 
v -5.64532 5.26728 2.8903 
v -5.65882 5.2109 2.70505 
v -5.77013 5.28603 2.88939 
v -5.77243 5.24574 2.70867 
v -5.86387 5.2834 2.88937 
v -5.87125 5.24519 2.70713 
v -5.55764 4.62457 2.58053 
v -5.45313 4.61591 2.60715 
v -5.42016 4.41439 2.61711 
v -5.46803 4.78903 2.59128 
v -5.56754 4.81229 2.56385 
v -5.48822 4.90856 2.59922 
v -5.5815 4.91876 2.57515 
v -5.65831 5.02809 2.60043 
v -5.51614 5.02363 2.62516 
v -5.69679 5.1073 2.63212 
v -5.59263 5.13386 2.66109 
v -5.59263 5.13386 2.66109 
v -5.59715 5.12347 2.7477 
v -5.55498 5.0113 2.71105 
v -5.51614 5.02363 2.62516 
v -5.49401 4.88919 2.68428 
v -5.48822 4.90856 2.59922 
v -5.46803 4.78903 2.59128 
v -5.46616 4.75363 2.68049 
v -5.44513 4.59843 2.69536 
v -5.45313 4.61591 2.60715 
v -5.42016 4.41439 2.61711 
v -5.42016 4.41439 2.61711 
v -5.44513 4.59843 2.69536 
v -5.55764 4.62457 2.58053 
v -5.46616 4.75363 2.68049 
v -5.56754 4.81229 2.56385 
v -5.49401 4.88919 2.68428 
v -5.5815 4.91876 2.57515 
v -5.55498 5.0113 2.71105 
v -5.65831 5.02809 2.60043 
v -5.59715 5.12347 2.7477 
v -5.69679 5.1073 2.63212 
v -5.73482 4.69945 2.36256 
v -5.74966 4.63799 2.35944 
v -5.74421 4.70795 2.3594 
v -5.71769 4.75605 2.37104 
v -5.73394 4.76721 2.36681 
v -5.71285 4.84096 2.38733 
v -5.70179 4.88987 2.40661 
v -5.68541 4.88221 2.41884 
v -5.69513 4.83152 2.39591 
v -5.69859 4.94187 2.4301 
v -5.68301 4.93808 2.44399 
v -5.69863 5.01109 2.46375 
v -5.68689 5.01569 2.48127 
v -5.73048 5.0881 2.50765 
v -5.72035 5.09542 2.52919 
v -5.75391 5.11786 2.52957 
v -5.7441 5.12769 2.55032 
v -5.79876 5.15054 2.59934 
v -5.78964 5.16035 2.61834 
v -5.82681 5.15537 2.609 
v -5.82679 5.16421 2.62839 
v -5.78497 5.1172 2.54792 
v -5.82567 5.1335 2.53864 
v -5.82659 5.14927 2.60141 
v -5.77096 5.06945 2.5188 
v -5.81999 5.09433 2.49719 
v -5.81252 5.04586 2.45252 
v -5.75084 5.02367 2.49141 
v -5.80935 4.98761 2.40538 
v -5.74108 4.95977 2.44583 
v -5.73499 4.90023 2.4054 
v -5.80299 4.90588 2.3653 
v -5.7276 4.81819 2.36223 
v -5.78868 4.82213 2.33317 
v -5.73243 4.74328 2.34107 
v -5.73843 4.69293 2.33925 
v -5.76217 4.69496 2.33325 
v -5.77253 4.7452 2.32525 
v -5.74966 4.63799 2.35944 
v -5.74421 4.70795 2.3594 
v -5.74966 4.63799 2.35944 
v -5.73843 4.69293 2.33925 
v -5.73243 4.74328 2.34107 
v -5.73394 4.76721 2.36681 
v -5.7276 4.81819 2.36223 
v -5.71285 4.84096 2.38733 
v -5.73499 4.90023 2.4054 
v -5.70179 4.88987 2.40661 
v -5.74108 4.95977 2.44583 
v -5.69859 4.94187 2.4301 
v -5.75084 5.02367 2.49141 
v -5.69863 5.01109 2.46375 
v -5.77096 5.06945 2.5188 
v -5.73048 5.0881 2.50765 
v -5.75391 5.11786 2.52957 
v -5.78497 5.1172 2.54792 
v -5.82659 5.14927 2.60141 
v -5.82681 5.15537 2.609 
v -5.79876 5.15054 2.59934 
v -5.74966 4.63799 2.35944 
v -5.73482 4.69945 2.36256 
v -5.7601 4.70418 2.36532 
v -5.71769 4.75605 2.37104 
v -5.76025 4.74928 2.37113 
v -5.69513 4.83152 2.39591 
v -5.68541 4.88221 2.41884 
v -5.76716 4.8807 2.42269 
v -5.76119 4.8178 2.39222 
v -5.68301 4.93808 2.44399 
v -5.77162 4.94703 2.45188 
v -5.68689 5.01569 2.48127 
v -5.77566 5.01019 2.49017 
v -5.72035 5.09542 2.52919 
v -5.79451 5.06988 2.53403 
v -5.7441 5.12769 2.55032 
v -5.80118 5.09903 2.55914 
v -5.82679 5.16421 2.62839 
v -5.82681 5.15537 2.609 
v -5.81461 5.14104 2.61979 
v -5.78964 5.16035 2.61834 
v -5.82679 5.16421 2.62839 
v -5.81461 5.14104 2.61979 
v -5.82659 5.14927 2.60141 
v -5.82567 5.1335 2.53864 
v -5.80118 5.09903 2.55914 
v -5.81252 5.04586 2.45252 
v -5.77566 5.01019 2.49017 
v -5.79451 5.06988 2.53403 
v -5.81999 5.09433 2.49719 
v -5.80935 4.98761 2.40538 
v -5.77162 4.94703 2.45188 
v -5.80299 4.90588 2.3653 
v -5.76716 4.8807 2.42269 
v -5.78868 4.82213 2.33317 
v -5.76119 4.8178 2.39222 
v -5.76217 4.69496 2.33325 
v -5.74966 4.63799 2.35944 
v -5.7601 4.70418 2.36532 
v -5.77253 4.7452 2.32525 
v -5.76025 4.74928 2.37113 
v -6.69557 4.86006 3.10529 
v -6.6758 4.96602 3.10912 
v -6.68707 4.98022 3.00238 
v -6.72019 4.8568 2.98912 
v -6.71112 4.72785 3.10428 
v -6.73963 4.69366 2.97863 
v -6.74131 4.62751 3.10957 
v -6.76614 4.5426 3.0174 
v -6.84262 4.40424 3.24843 
v -6.77172 4.51871 3.16023 
v -6.81007 4.47163 3.09484 
v -6.68707 4.98022 3.00238 
v -6.56505 4.99449 2.89521 
v -6.58168 4.85352 2.87249 
v -6.72019 4.8568 2.98912 
v -6.60503 4.68123 2.868 
v -6.73963 4.69366 2.97863 
v -6.62785 4.48704 2.90695 
v -6.76614 4.5426 3.0174 
v -6.68534 4.39499 3.02554 
v -6.81007 4.47163 3.09484 
v -6.84262 4.40424 3.24843 
v -6.77172 4.51871 3.16023 
v -6.84262 4.40424 3.24843 
v -6.68534 4.39499 3.02554 
v -6.74131 4.62751 3.10957 
v -6.62785 4.48704 2.90695 
v -6.60503 4.68123 2.868 
v -6.71112 4.72785 3.10428 
v -6.58168 4.85352 2.87249 
v -6.69557 4.86006 3.10529 
v -6.6758 4.96602 3.10912 
v -6.56505 4.99449 2.89521 
v -6.28264 4.68832 2.35477 
v -6.19028 4.72131 2.3096 
v -6.17007 4.68856 2.32389 
v -6.08297 4.73899 2.30535 
v -6.11824 4.77314 2.30064 
v -6.00873 4.89101 2.32089 
v -5.9187 4.85166 2.35324 
v -5.92474 5.05691 2.42637 
v -5.83742 5.01516 2.46883 
v -5.89172 5.1691 2.59969 
v -5.84747 5.16268 2.61162 
v -6.19028 4.72131 2.3096 
v -6.28264 4.68832 2.35477 
v -6.20083 4.76531 2.37767 
v -6.06205 4.90915 2.37841 
v -6.00873 4.89101 2.32089 
v -6.11824 4.77314 2.30064 
v -6.14464 4.80355 2.37549 
v -5.98928 5.063 2.46771 
v -5.92474 5.05691 2.42637 
v -5.95931 5.18328 2.60576 
v -5.89172 5.1691 2.59969 
v -6.20083 4.76531 2.37767 
v -6.28264 4.68832 2.35477 
v -6.17007 4.68856 2.32389 
v -6.14464 4.80355 2.37549 
v -6.08297 4.73899 2.30535 
v -6.06205 4.90915 2.37841 
v -5.9187 4.85166 2.35324 
v -5.98928 5.063 2.46771 
v -5.83742 5.01516 2.46883 
v -5.84747 5.16268 2.61162 
v -5.95931 5.18328 2.60576 
v -5.58331 4.69908 2.50213 
v -5.61348 4.75039 2.50115 
v -5.59989 4.75246 2.49945 
v -5.64441 4.80692 2.48936 
v -5.70371 4.9109 2.48562 
v -5.64585 4.93029 2.5153 
v -5.61762 4.8136 2.49573 
v -5.74042 4.97642 2.50374 
v -5.67655 4.99817 2.54263 
v -5.77513 5.04984 2.53655 
v -5.71248 5.0636 2.57633 
v -5.82237 5.13617 2.59079 
v -5.77385 5.14209 2.62085 
v -5.84006 5.1599 2.62715 
v -5.80908 5.16408 2.64852 
v -5.60821 4.81572 2.51989 
v -5.61762 4.8136 2.49573 
v -5.64585 4.93029 2.5153 
v -5.63775 4.92241 2.54527 
v -5.70646 5.05018 2.60451 
v -5.66945 4.98805 2.57213 
v -5.67655 4.99817 2.54263 
v -5.71248 5.0636 2.57633 
v -5.76813 5.12595 2.64568 
v -5.77385 5.14209 2.62085 
v -5.58331 4.69908 2.50213 
v -5.59989 4.75246 2.49945 
v -5.59543 4.75641 2.51223 
v -5.80908 5.16408 2.64852 
v -5.79581 5.14013 2.66514 
v -5.61348 4.75039 2.50115 
v -5.58331 4.69908 2.50213 
v -5.59543 4.75641 2.51223 
v -5.60821 4.81572 2.51989 
v -5.64441 4.80692 2.48936 
v -5.63775 4.92241 2.54527 
v -5.70371 4.9109 2.48562 
v -5.66945 4.98805 2.57213 
v -5.74042 4.97642 2.50374 
v -5.70646 5.05018 2.60451 
v -5.77513 5.04984 2.53655 
v -5.76813 5.12595 2.64568 
v -5.82237 5.13617 2.59079 
v -5.79581 5.14013 2.66514 
v -5.84006 5.1599 2.62715 
v -5.55061 4.61435 2.57642 
v -5.54026 4.60569 2.58289 
v -5.53777 4.55889 2.60961 
v -5.54762 4.69722 2.53684 
v -5.56309 4.70386 2.52811 
v -5.56358 4.80851 2.52115 
v -5.5857 4.81311 2.51415 
v -5.61458 4.9363 2.53144 
v -5.59847 4.93943 2.54364 
v -5.65233 5.06903 2.57049 
v -5.65861 5.05492 2.55463 
v -5.70708 5.1166 2.57967 
v -5.70357 5.13422 2.59907 
v -5.75976 5.17731 2.61532 
v -5.76202 5.15792 2.59721 
v -5.81859 5.16699 2.62172 
v -5.81669 5.1855 2.63815 
v -5.84618 5.16554 2.63115 
v -5.85183 5.18032 2.64848 
v -5.57911 4.71181 2.55836 
v -5.56309 4.70386 2.52811 
v -5.55061 4.61435 2.57642 
v -5.55678 4.61555 2.5967 
v -5.60239 4.81006 2.54524 
v -5.5857 4.81311 2.51415 
v -5.61458 4.9363 2.53144 
v -5.63623 4.92491 2.55615 
v -5.53777 4.55889 2.60961 
v -5.67932 5.03594 2.57584 
v -5.65861 5.05492 2.55463 
v -5.70708 5.1166 2.57967 
v -5.72205 5.09268 2.60097 
v -5.76531 5.13191 2.61941 
v -5.76202 5.15792 2.59721 
v -5.81859 5.16699 2.62172 
v -5.81137 5.14041 2.64403 
v -5.84618 5.16554 2.63115 
v -5.83731 5.13903 2.65301 
v -5.55678 4.61555 2.5967 
v -5.53777 4.55889 2.60961 
v -5.54026 4.60569 2.58289 
v -5.54762 4.69722 2.53684 
v -5.57911 4.71181 2.55836 
v -5.56358 4.80851 2.52115 
v -5.60239 4.81006 2.54524 
v -5.59847 4.93943 2.54364 
v -5.63623 4.92491 2.55615 
v -5.67932 5.03594 2.57584 
v -5.65233 5.06903 2.57049 
v -5.72205 5.09268 2.60097 
v -5.70357 5.13422 2.59907 
v -5.76531 5.13191 2.61941 
v -5.75976 5.17731 2.61532 
v -5.81137 5.14041 2.64403 
v -5.81669 5.1855 2.63815 
v -5.83731 5.13903 2.65301 
v -5.85183 5.18032 2.64848 
v -5.87868 4.83554 2.37096 
v -5.8822 4.82236 2.37008 
v -5.9304 4.78607 2.35691 
v -5.79396 4.89218 2.40018 
v -5.79351 4.90832 2.3978 
v -5.73765 4.96155 2.46505 
v -5.74521 4.97943 2.46213 
v -5.73612 5.05998 2.51386 
v -5.73146 5.04716 2.52557 
v -5.82016 4.90895 2.42428 
v -5.79351 4.90832 2.3978 
v -5.87868 4.83554 2.37096 
v -5.89627 4.8312 2.38606 
v -5.77994 4.97247 2.4813 
v -5.74521 4.97943 2.46213 
v -5.7751 5.05419 2.52239 
v -5.73612 5.05998 2.51386 
v -5.9304 4.78607 2.35691 
v -5.89627 4.8312 2.38606 
v -5.9304 4.78607 2.35691 
v -5.8822 4.82236 2.37008 
v -5.79396 4.89218 2.40018 
v -5.82016 4.90895 2.42428 
v -5.73765 4.96155 2.46505 
v -5.77994 4.97247 2.4813 
v -5.73146 5.04716 2.52557 
v -5.7751 5.05419 2.52239 
v -5.47452 4.77904 2.87227 
v -5.51171 4.80626 2.74387 
v -5.51181 4.658 2.78414 
v -5.49036 4.65318 2.89432 
v -5.45086 4.63271 3.10808 
v -5.50884 4.58341 3.01333 
v -5.47563 4.72188 3.09782 
v -5.45086 4.63271 3.10808 
v -5.4959 4.53963 3.08873 
v -5.51575 4.53247 2.88479 
v -5.39479 4.38006 2.85444 
v -5.42184 4.38817 2.78144 
v -5.41987 4.45876 2.7971 
v -5.38046 4.45044 2.87598 
v -5.44317 4.37433 2.91931 
v -5.39479 4.38006 2.85444 
v -5.38046 4.45044 2.87598 
v -5.4314 4.44684 2.93661 
v -5.41746 4.53058 2.80554 
v -5.37346 4.52249 2.89647 
v -5.41874 4.57464 2.99848 
v -5.43431 4.52174 2.96282 
v -5.37346 4.52249 2.89647 
v -5.38826 4.64534 2.87178 
v -5.41258 4.65083 2.74715 
v -5.44588 4.79696 2.70961 
v -5.37322 4.77769 2.84592 
v -5.38826 4.64534 2.87178 
v -5.34997 4.64281 3.07771 
v -5.37853 4.74843 3.08937 
v -5.34997 4.64281 3.07771 
v -5.41015 4.53119 3.02507 
v -5.41987 4.45876 2.7971 
v -5.42184 4.38817 2.78144 
v -5.50231 4.39533 2.85253 
v -5.51051 4.46469 2.86474 
v -5.42184 4.38817 2.78144 
v -5.39479 4.38006 2.85444 
v -5.50231 4.39533 2.85253 
v -5.4314 4.44684 2.93661 
v -5.51051 4.46469 2.86474 
v -5.50231 4.39533 2.85253 
v -5.44317 4.37433 2.91931 
v -5.44317 4.37433 2.91931 
v -5.41746 4.53058 2.80554 
v -5.51575 4.53247 2.88479 
v -5.43431 4.52174 2.96282 
v -5.41874 4.57464 2.99848 
v -5.50884 4.58341 3.01333 
v -5.51575 4.53247 2.88479 
v -5.44588 4.79696 2.70961 
v -5.51171 4.80626 2.74387 
v -5.47452 4.77904 2.87227 
v -5.37322 4.77769 2.84592 
v -5.44588 4.79696 2.70961 
v -5.41258 4.65083 2.74715 
v -5.51181 4.658 2.78414 
v -5.51171 4.80626 2.74387 
v -5.37853 4.74843 3.08937 
v -5.47563 4.72188 3.09782 
v -5.41015 4.53119 3.02507 
v -5.4959 4.53963 3.08873 
v -5.50884 4.58341 3.01333 
v -5.41874 4.57464 2.99848 
v -5.41746 4.53058 2.80554 
v -5.51575 4.53247 2.88479 
v -6.54117 4.658 2.78414 
v -6.54127 4.80626 2.74387 
v -6.57846 4.77904 2.87227 
v -6.56262 4.65318 2.89432 
v -6.60211 4.63271 3.10808 
v -6.54414 4.58341 3.01333 
v -6.57735 4.72188 3.09782 
v -6.60211 4.63271 3.10808 
v -6.55708 4.53963 3.08873 
v -6.53722 4.53247 2.88479 
v -6.65819 4.38006 2.85444 
v -6.67252 4.45044 2.87598 
v -6.63311 4.45876 2.7971 
v -6.63113 4.38817 2.78144 
v -6.60981 4.37433 2.91931 
v -6.62158 4.44684 2.93661 
v -6.67252 4.45044 2.87598 
v -6.65819 4.38006 2.85444 
v -6.67952 4.52249 2.89647 
v -6.63552 4.53058 2.80554 
v -6.67952 4.52249 2.89647 
v -6.61867 4.52174 2.96282 
v -6.63424 4.57464 2.99848 
v -6.66472 4.64534 2.87178 
v -6.67976 4.77769 2.84592 
v -6.64109 4.79696 2.70961 
v -6.6404 4.65083 2.74715 
v -6.66472 4.64534 2.87178 
v -6.70301 4.64281 3.07771 
v -6.67445 4.74843 3.08937 
v -6.70301 4.64281 3.07771 
v -6.64283 4.53119 3.02507 
v -6.63311 4.45876 2.7971 
v -6.54247 4.46469 2.86474 
v -6.55067 4.39533 2.85253 
v -6.63113 4.38817 2.78144 
v -6.63113 4.38817 2.78144 
v -6.55067 4.39533 2.85253 
v -6.65819 4.38006 2.85444 
v -6.55067 4.39533 2.85253 
v -6.54247 4.46469 2.86474 
v -6.62158 4.44684 2.93661 
v -6.60981 4.37433 2.91931 
v -6.60981 4.37433 2.91931 
v -6.63552 4.53058 2.80554 
v -6.53722 4.53247 2.88479 
v -6.61867 4.52174 2.96282 
v -6.53722 4.53247 2.88479 
v -6.54414 4.58341 3.01333 
v -6.63424 4.57464 2.99848 
v -6.57846 4.77904 2.87227 
v -6.54127 4.80626 2.74387 
v -6.64109 4.79696 2.70961 
v -6.67976 4.77769 2.84592 
v -6.54127 4.80626 2.74387 
v -6.54117 4.658 2.78414 
v -6.6404 4.65083 2.74715 
v -6.64109 4.79696 2.70961 
v -6.67445 4.74843 3.08937 
v -6.57735 4.72188 3.09782 
v -6.54414 4.58341 3.01333 
v -6.55708 4.53963 3.08873 
v -6.64283 4.53119 3.02507 
v -6.63424 4.57464 2.99848 
v -6.53722 4.53247 2.88479 
v -6.63552 4.53058 2.80554 

vn 0 -0.984252 -0.181102 
vn -0.897638 -0.425197 -0.149606 
vn -0.913386 -0.23622 -0.322835 
vn -0.771654 -0.220472 -0.590551 
vn -0.559055 -0.204724 -0.80315 
vn -0.299213 -0.19685 -0.937008 
vn 0 -0.188976 -0.984252 
vn 0 -0.984252 0.181102 
vn -0.511811 -0.858268 0.0708661 
vn -0.519685 -0.84252 0.141732 
vn -0.425197 -0.88189 0.19685 
vn -0.488189 -0.866142 0.0708661 
vn -0.984252 0.0393701 -0.15748 
vn -0.944882 0.0551181 -0.314961 
vn -0.795276 0.0393701 -0.606299 
vn -0.566929 0.0551181 -0.818898 
vn -0.307087 0.0708661 -0.944882 
vn 0 0.0708661 -1 
vn -0.937008 0.330709 -0.0944882 
vn -0.92126 0.110236 -0.377953 
vn -0.661417 0 -0.748031 
vn -0.511811 0.133858 -0.850394 
vn -0.307087 0.188976 -0.929134 
vn 0 0.173228 -0.984252 
vn 0 0.992126 0.125984 
vn 0.204724 0.96063 0.188976 
vn 0.220472 0.968504 0.11811 
vn 0.173228 0.952756 0.244094 
vn 0.125984 0.944882 0.291339 
vn 0.0708661 0.944882 0.322835 
vn 0 0.944882 0.338583 
vn 0.0393701 0.992126 0.110236 
vn 0 0.992126 0.133858 
vn 0.133858 0.992126 0.0314961 
vn 0.173228 0.984252 -0.00787402 
vn 0.204724 0.976378 0.0551181 
vn 0.590551 0.755906 0.283465 
vn 0.622047 0.779528 0.0944882 
vn 0.503937 0.732283 0.456693 
vn 0.362205 0.716535 0.598425 
vn 0.188976 0.708661 0.685039 
vn 0 0.700787 0.708661 
vn 0.244094 0.944882 -0.220472 
vn 0 0.968504 -0.251969 
vn 0.464567 0.834646 -0.299213 
vn 0.503937 0.826772 -0.267717 
vn 0.590551 0.80315 -0.0944882 
vn 0.834646 0.409449 0.370079 
vn 0.850394 0.519685 0.102362 
vn 0.732283 0.354331 0.582677 
vn 0.535433 0.330709 0.779528 
vn 0.283465 0.314961 0.905512 
vn 0 0.307087 0.952756 
vn 0.401575 0.724409 -0.566929 
vn 0 0.787402 -0.614173 
vn 0.598425 0.606299 -0.527559 
vn 0.685039 0.590551 -0.433071 
vn 0.795276 0.574803 -0.19685 
vn 0.937008 0.015748 0.346457 
vn 0.968504 0.125984 0.19685 
vn 0.811024 0.015748 0.590551 
vn 0.590551 0 0.811024 
vn 0.307087 -0.00787402 0.952756 
vn 0 -0.00787402 1 
vn 0.480315 0.637795 -0.598425 
vn 0 0.748031 -0.661417 
vn 0.622047 0.535433 -0.566929 
vn 0.724409 0.519685 -0.456693 
vn 0.84252 0.503937 -0.204724 
vn 0.937008 -0.0708661 0.330709 
vn 0.976378 -0.0629921 0.220472 
vn 0.811024 -0.0393701 0.582677 
vn 0.582677 -0.0314961 0.811024 
vn 0.299213 -0.0551181 0.952756 
vn 0 -0.0787402 1 
vn 0.92126 -0.141732 0.362205 
vn 0.937008 -0.322835 0.110236 
vn 0.755906 0.102362 0.653543 
vn 0.456693 0.11811 0.88189 
vn 0.228346 -0.0787402 0.968504 
vn 0 -0.212598 0.976378 
vn -0.181102 -0.740157 -0.645669 
vn -0.19685 -0.732283 -0.653543 
vn 0 -0.795276 -0.606299 
vn 0 -0.795276 -0.606299 
vn -0.00787402 -0.80315 -0.598425 
vn 0.015748 -0.811024 -0.582677 
vn 0.338583 -0.874016 -0.354331 
vn 0.338583 -0.874016 -0.362205 
vn 0.377953 -0.897638 -0.228346 
vn 0.377953 -0.897638 -0.220472 
vn 0.377953 -0.913386 -0.15748 
vn 0.377953 -0.913386 -0.15748 
vn 0.141732 0.0551181 -0.992126 
vn 0.141732 0.0551181 -0.992126 
vn 0.102362 -0.0551181 -0.992126 
vn 0.110236 -0.0393701 -0.992126 
vn -0.11811 -0.968504 -0.204724 
vn -0.23622 -0.952756 -0.204724 
vn -0.23622 -0.952756 -0.204724 
vn -0.11811 -0.968504 -0.204724 
vn -0.102362 -0.622047 -0.771654 
vn -0.102362 -0.622047 -0.771654 
vn 0.110236 -0.992126 -0.0944882 
vn 0.102362 -0.992126 -0.102362 
vn 0.15748 -0.984252 0.0866142 
vn 0.149606 -0.984252 0.0944882 
vn 0.110236 -0.96063 0.244094 
vn 0.110236 -0.96063 0.251969 
vn 0 -0.937008 0.346457 
vn 0 -0.937008 0.346457 
vn 0.913386 -0.23622 -0.322835 
vn 0.897638 -0.425197 -0.149606 
vn 0.771654 -0.220472 -0.590551 
vn 0.559055 -0.204724 -0.80315 
vn 0.299213 -0.19685 -0.937008 
vn 0.511811 -0.858268 0.0708661 
vn 0.519685 -0.84252 0.141732 
vn 0.425197 -0.88189 0.19685 
vn 0.488189 -0.866142 0.0708661 
vn 0.944882 0.0551181 -0.314961 
vn 0.984252 0.0393701 -0.15748 
vn 0.795276 0.0393701 -0.606299 
vn 0.566929 0.0551181 -0.818898 
vn 0.307087 0.0708661 -0.944882 
vn 0.92126 0.110236 -0.377953 
vn 0.937008 0.330709 -0.0944882 
vn 0.661417 0 -0.748031 
vn 0.511811 0.133858 -0.850394 
vn 0.307087 0.188976 -0.929134 
vn -0.220472 0.968504 0.11811 
vn -0.204724 0.96063 0.188976 
vn -0.173228 0.952756 0.244094 
vn -0.125984 0.944882 0.291339 
vn -0.0708661 0.944882 0.322835 
vn -0.0393701 0.992126 0.110236 
vn -0.133858 0.992126 0.0314961 
vn -0.173228 0.984252 -0.00787402 
vn -0.204724 0.976378 0.0551181 
vn -0.622047 0.779528 0.0944882 
vn -0.590551 0.755906 0.283465 
vn -0.503937 0.732283 0.456693 
vn -0.362205 0.716535 0.598425 
vn -0.188976 0.708661 0.685039 
vn -0.244094 0.944882 -0.220472 
vn -0.464567 0.834646 -0.299213 
vn -0.503937 0.826772 -0.267717 
vn -0.590551 0.80315 -0.0944882 
vn -0.850394 0.519685 0.102362 
vn -0.834646 0.409449 0.370079 
vn -0.732283 0.354331 0.582677 
vn -0.535433 0.330709 0.779528 
vn -0.283465 0.314961 0.905512 
vn -0.401575 0.724409 -0.566929 
vn -0.598425 0.606299 -0.527559 
vn -0.685039 0.590551 -0.433071 
vn -0.795276 0.574803 -0.19685 
vn -0.968504 0.125984 0.19685 
vn -0.937008 0.015748 0.346457 
vn -0.811024 0.015748 0.590551 
vn -0.590551 0 0.811024 
vn -0.307087 -0.00787402 0.952756 
vn -0.480315 0.637795 -0.598425 
vn -0.622047 0.535433 -0.566929 
vn -0.724409 0.519685 -0.456693 
vn -0.84252 0.503937 -0.204724 
vn -0.976378 -0.0629921 0.220472 
vn -0.937008 -0.0708661 0.330709 
vn -0.811024 -0.0393701 0.582677 
vn -0.582677 -0.0314961 0.811024 
vn -0.299213 -0.0551181 0.952756 
vn -0.937008 -0.322835 0.110236 
vn -0.92126 -0.141732 0.362205 
vn -0.755906 0.102362 0.653543 
vn -0.456693 0.11811 0.88189 
vn -0.228346 -0.0787402 0.968504 
vn 0.181102 -0.740157 -0.645669 
vn 0.19685 -0.732283 -0.653543 
vn 0.00787402 -0.80315 -0.598425 
vn -0.015748 -0.811024 -0.582677 
vn -0.338583 -0.874016 -0.362205 
vn -0.338583 -0.874016 -0.354331 
vn -0.377953 -0.897638 -0.228346 
vn -0.377953 -0.897638 -0.220472 
vn -0.377953 -0.913386 -0.15748 
vn -0.377953 -0.913386 -0.15748 
vn -0.102362 -0.0551181 -0.992126 
vn -0.141732 0.0551181 -0.992126 
vn -0.141732 0.0551181 -0.992126 
vn -0.110236 -0.0393701 -0.992126 
vn 0.23622 -0.952756 -0.204724 
vn 0.23622 -0.952756 -0.204724 
vn 0.11811 -0.968504 -0.204724 
vn 0.11811 -0.968504 -0.204724 
vn 0.102362 -0.622047 -0.771654 
vn 0.102362 -0.622047 -0.771654 
vn -0.110236 -0.992126 -0.0944882 
vn -0.102362 -0.992126 -0.102362 
vn -0.15748 -0.984252 0.0866142 
vn -0.149606 -0.984252 0.0944882 
vn -0.110236 -0.96063 0.244094 
vn -0.110236 -0.96063 0.251969 
vn -0.496063 -0.267717 -0.826772 
vn -0.472441 -0.244094 -0.84252 
vn -0.637795 -0.377953 -0.669291 
vn -0.0314961 -0.204724 -0.976378 
vn 0.133858 -0.19685 -0.968504 
vn 0.456693 -0.23622 -0.858268 
vn 0.614173 -0.299213 -0.732283 
vn 0.795276 -0.173228 -0.574803 
vn 0.826772 -0.102362 -0.551181 
vn 0.929134 -0.015748 -0.377953 
vn 0.92126 -0.00787402 -0.393701 
vn 0.952756 0.0944882 -0.283465 
vn 0.874016 0.480315 -0.110236 
vn 0.811024 0.582677 -0.0472441 
vn 0.811024 0.582677 -0.0472441 
vn -0.393701 0.795276 -0.464567 
vn -0.354331 0.80315 -0.480315 
vn -0.543307 0.76378 -0.354331 
vn -0.559055 0.755906 -0.330709 
vn -0.267717 0.771654 -0.574803 
vn -0.259843 0.748031 -0.606299 
vn -0.212598 0.755906 -0.614173 
vn -0.212598 0.755906 -0.622047 
vn -0.598425 0.748031 -0.267717 
vn -0.165354 0.80315 -0.574803 
vn -0.181102 0.787402 -0.590551 
vn -0.188976 0.905512 -0.385827 
vn -0.181102 0.929134 -0.307087 
vn -0.181102 0.96063 -0.228346 
vn -0.181102 0.96063 -0.228346 
vn 0.629921 -0.472441 0.622047 
vn 0.732283 -0.401575 0.543307 
vn 0.582677 -0.496063 0.645669 
vn 0.275591 -0.582677 0.76378 
vn 0.267717 -0.590551 0.76378 
vn -0.023622 -0.543307 0.84252 
vn -0.00787402 -0.551181 0.834646 
vn -0.251969 -0.551181 0.795276 
vn -0.275591 -0.566929 0.779528 
vn -0.472441 -0.629921 0.614173 
vn -0.496063 -0.622047 0.598425 
vn -0.480315 -0.740157 0.472441 
vn -0.377953 -0.88189 0.275591 
vn -0.346457 -0.913386 0.220472 
vn -0.346457 -0.913386 0.220472 
vn -0.173228 -0.23622 -0.96063 
vn -0.0866142 -0.181102 -0.976378 
vn -0.496063 -0.425197 -0.755906 
vn 0.23622 -0.102362 -0.968504 
vn 0.283465 -0.110236 -0.952756 
vn 0.496063 -0.149606 -0.858268 
vn 0.645669 -0.188976 -0.740157 
vn 0.80315 -0.0551181 -0.598425 
vn 0.811024 -0.015748 -0.582677 
vn 0.905512 0.0944882 -0.409449 
vn 0.889764 0.0944882 -0.440945 
vn 0.937008 0.204724 -0.283465 
vn 0.858268 0.488189 -0.165354 
vn 0.811024 0.574803 -0.11811 
vn 0.811024 0.574803 -0.11811 
vn -0.393701 0.779528 -0.480315 
vn -0.393701 0.779528 -0.488189 
vn -0.464567 0.80315 -0.370079 
vn -0.496063 0.795276 -0.354331 
vn -0.362205 0.716535 -0.590551 
vn -0.346457 0.692913 -0.629921 
vn -0.299213 0.669291 -0.677165 
vn -0.299213 0.677165 -0.677165 
vn -0.629921 0.716535 -0.307087 
vn -0.259843 0.716535 -0.645669 
vn -0.267717 0.724409 -0.637795 
vn -0.291339 0.874016 -0.385827 
vn -0.299213 0.905512 -0.299213 
vn -0.299213 0.929134 -0.212598 
vn -0.299213 0.929134 -0.212598 
vn 0.433071 -0.574803 0.692913 
vn 0.692913 -0.377953 0.614173 
vn 0.362205 -0.614173 0.700787 
vn 0.19685 -0.606299 0.771654 
vn 0.204724 -0.606299 0.76378 
vn 0.0472441 -0.535433 0.84252 
vn 0.0393701 -0.527559 0.850394 
vn -0.19685 -0.511811 0.834646 
vn -0.220472 -0.519685 0.826772 
vn -0.385827 -0.606299 0.700787 
vn -0.417323 -0.637795 0.645669 
vn -0.409449 -0.771654 0.488189 
vn -0.307087 -0.897638 0.307087 
vn -0.275591 -0.929134 0.251969 
vn -0.275591 -0.929134 0.251969 
vn 0.377953 0.0944882 -0.92126 
vn 0.354331 0.0472441 -0.937008 
vn 0.393701 0.11811 -0.913386 
vn 0.440945 0.267717 -0.858268 
vn 0.456693 0.346457 -0.818898 
vn 0.488189 0.472441 -0.732283 
vn 0.488189 0.472441 -0.732283 
vn 0.448819 0.551181 -0.700787 
vn 0.409449 0.582677 -0.700787 
vn 0.299213 0.653543 -0.692913 
vn 0.251969 0.677165 -0.692913 
vn 0.149606 0.716535 -0.685039 
vn 0.149606 0.716535 -0.685039 
vn -0.574803 -0.125984 -0.811024 
vn -0.622047 -0.110236 -0.771654 
vn -0.574803 -0.125984 -0.811024 
vn -0.472441 -0.0944882 -0.874016 
vn -0.448819 0.0708661 -0.889764 
vn -0.448819 0.0787402 -0.889764 
vn -0.464567 -0.0944882 -0.88189 
vn -0.527559 0.212598 -0.818898 
vn -0.527559 0.212598 -0.826772 
vn -0.574803 0.149606 -0.80315 
vn -0.574803 0.149606 -0.80315 
vn -0.566929 0.0393701 -0.818898 
vn -0.566929 0.0393701 -0.818898 
vn 0.283465 -0.0944882 0.952756 
vn 0.228346 -0.023622 0.976378 
vn 0.212598 -0.00787402 0.976378 
vn 0.125984 -0.0708661 0.992126 
vn 0.11811 -0.0866142 0.992126 
vn 0.0866142 -0.275591 0.96063 
vn 0.0866142 -0.275591 0.96063 
vn 0.15748 -0.425197 0.889764 
vn 0.149606 -0.417323 0.897638 
vn 0.228346 -0.433071 0.874016 
vn 0.244094 -0.425197 0.874016 
vn 0.283465 -0.393701 0.874016 
vn 0.283465 -0.393701 0.874016 
vn 0.472441 0.456693 0.748031 
vn 0.377953 0.590551 0.716535 
vn 0.464567 0.472441 0.748031 
vn 0.511811 0.574803 0.637795 
vn 0.511811 0.582677 0.629921 
vn 0.519685 0.472441 0.708661 
vn 0.511811 0.464567 0.716535 
vn 0.448819 0.732283 0.519685 
vn 0.433071 0.76378 0.488189 
vn 0.307087 0.88189 0.354331 
vn 0.259843 0.913386 0.314961 
vn -0.102362 0.968504 0.23622 
vn -0.0314961 0.968504 0.23622 
vn -0.480315 0.858268 0.19685 
vn -0.480315 0.858268 0.19685 
vn 0.559055 -0.472441 -0.677165 
vn 0.456693 -0.614173 -0.645669 
vn 0.590551 -0.425197 -0.685039 
vn 0.692913 -0.141732 -0.708661 
vn 0.708661 -0.0314961 -0.700787 
vn 0.661417 0.228346 -0.708661 
vn 0.677165 0.188976 -0.708661 
vn 0.559055 0.440945 -0.700787 
vn 0.519685 0.503937 -0.692913 
vn 0.330709 0.708661 -0.622047 
vn 0.291339 0.748031 -0.598425 
vn -0.015748 0.866142 -0.496063 
vn 0.023622 0.866142 -0.503937 
vn -0.330709 0.858268 -0.393701 
vn -0.330709 0.858268 -0.393701 
vn -0.519685 -0.850394 -0.0866142 
vn -0.874016 -0.456693 -0.181102 
vn -0.905512 -0.377953 -0.188976 
vn -0.88189 -0.456693 -0.0787402 
vn -0.874016 -0.480315 -0.0629921 
vn -0.779528 -0.622047 0.0629921 
vn -0.771654 -0.629921 0.0787402 
vn -0.622047 -0.771654 0.15748 
vn -0.614173 -0.771654 0.165354 
vn -0.370079 -0.905512 0.188976 
vn -0.377953 -0.905512 0.188976 
vn -0.0629921 -0.984252 0.165354 
vn -0.0629921 -0.984252 0.165354 
vn 0.23622 -0.96063 0.133858 
vn 0.23622 -0.96063 0.133858 
vn 0.149606 0.84252 0.511811 
vn 0.299213 0.866142 0.401575 
vn 0.299213 0.866142 0.401575 
vn 0.0708661 0.818898 0.574803 
vn -0.228346 0.76378 0.606299 
vn -0.259843 0.76378 0.598425 
vn -0.307087 0.80315 -0.511811 
vn -0.275591 0.818898 -0.496063 
vn -0.511811 0.606299 -0.606299 
vn -0.527559 0.574803 -0.622047 
vn -0.574803 0.692913 0.440945 
vn -0.551181 0.700787 0.448819 
vn -0.685039 0.314961 -0.653543 
vn -0.685039 0.314961 -0.653543 
vn -0.874016 0.440945 0.212598 
vn -0.897638 0.385827 0.188976 
vn -0.748031 0.212598 -0.629921 
vn -0.748031 0.228346 -0.622047 
vn -0.944882 0.291339 0.141732 
vn -0.944882 0.299213 0.141732 
vn -0.866142 0.456693 0.19685 
vn -0.732283 0.346457 -0.590551 
vn 0.330709 0.92126 -0.212598 
vn 0.330709 0.92126 -0.212598 
vn 0.165354 0.937008 -0.307087 
vn 0.0551181 0.929134 -0.370079 
vn 0.708661 -0.669291 0.228346 
vn 0.889764 -0.307087 0.330709 
vn 0.88189 -0.338583 0.322835 
vn 0.84252 -0.409449 0.338583 
vn 0.858268 -0.385827 0.338583 
vn 0.622047 -0.76378 0.188976 
vn 0.653543 -0.724409 0.220472 
vn 0.338583 -0.944882 0 
vn 0.338583 -0.937008 0 
vn -0.0551181 -0.992126 -0.102362 
vn -0.0472441 -0.992126 -0.102362 
vn -0.23622 -0.968504 -0.0944882 
vn -0.23622 -0.968504 -0.0944882 
vn 0.84252 -0.527559 -0.110236 
vn 0.84252 -0.527559 -0.110236 
vn 0.84252 -0.527559 -0.110236 
vn 0.267717 0.858268 -0.433071 
vn 0.204724 0.88189 -0.425197 
vn 0.488189 0.748031 -0.448819 
vn 0.488189 0.748031 -0.448819 
vn 0.102362 0.850394 -0.511811 
vn 0.0393701 0.771654 -0.629921 
vn -0.0866142 0.708661 -0.700787 
vn -0.15748 0.685039 -0.716535 
vn -0.251969 0.614173 -0.748031 
vn -0.314961 0.559055 -0.771654 
vn -0.456693 0.385827 -0.80315 
vn -0.433071 0.417323 -0.80315 
vn -0.574803 0.228346 -0.787402 
vn -0.590551 0.204724 -0.779528 
vn -0.700787 0.0393701 -0.716535 
vn -0.724409 0 -0.692913 
vn -0.897638 0.00787402 -0.433071 
vn -0.905512 0.0393701 -0.425197 
vn -0.834646 -0.0629921 -0.551181 
vn -0.80315 -0.0708661 -0.598425 
vn -0.913386 0.15748 -0.377953 
vn -0.771654 0.622047 0.125984 
vn -0.622047 0.779528 0.102362 
vn -0.700787 0.708661 0.110236 
vn -0.92126 0.377953 0.0708661 
vn -0.858268 0.503937 0.102362 
vn -0.897638 0.448819 -0.015748 
vn -0.84252 0.535433 -0.0551181 
vn -0.748031 0.653543 -0.110236 
vn -0.724409 0.677165 -0.110236 
vn -0.669291 0.732283 -0.133858 
vn -0.669291 0.732283 -0.133858 
vn -0.582677 0.80315 -0.11811 
vn -0.425197 0.897638 -0.0708661 
vn -0.448819 0.889764 -0.0708661 
vn -0.582677 0.80315 -0.11811 
vn -0.125984 0.992126 0 
vn -0.165354 0.984252 -0.00787402 
vn 0.149606 0.984252 0.0866142 
vn 0.110236 0.992126 0.0629921 
vn 0.448819 0.850394 0.283465 
vn 0.448819 0.850394 0.283465 
vn 0.771654 -0.622047 0.102362 
vn 0.661417 -0.740157 0.0944882 
vn 0.84252 -0.527559 0.110236 
vn 0.897638 -0.393701 0.173228 
vn 0.937008 -0.275591 0.228346 
vn 0.889764 -0.314961 0.330709 
vn 0.84252 -0.385827 0.377953 
vn 0.740157 -0.519685 0.433071 
vn 0.716535 -0.543307 0.440945 
vn 0.622047 -0.629921 0.464567 
vn 0.614173 -0.637795 0.464567 
vn 0.496063 -0.748031 0.448819 
vn 0.464567 -0.771654 0.433071 
vn 0.346457 -0.850394 0.401575 
vn 0.314961 -0.866142 0.393701 
vn 0.11811 -0.944882 0.314961 
vn 0.0787402 -0.952756 0.291339 
vn -0.149606 -0.968504 0.204724 
vn -0.251969 -0.952756 0.181102 
vn -0.606299 -0.787402 0.0866142 
vn -0.606299 -0.787402 0.0866142 
vn 1 -0.0629921 0.023622 
vn 1 -0.0629921 0.023622 
vn 1 -0.0629921 0.023622 
vn 0.110236 -0.212598 -0.968504 
vn 0.0787402 -0.0944882 -0.992126 
vn 0.0787402 -0.110236 -0.992126 
vn 0.968504 0.0629921 0.251969 
vn 0.976378 0.0393701 0.212598 
vn 0.976378 0.0393701 0.212598 
vn 0.023622 0.0866142 -0.992126 
vn 0.023622 0.102362 -0.992126 
vn 0.976378 0.102362 0.19685 
vn 0.976378 0.125984 0.19685 
vn 0.937008 0.251969 0.23622 
vn 0.944882 0.244094 0.228346 
vn -0.0393701 0.212598 -0.976378 
vn -0.0472441 0.212598 -0.976378 
vn 0.88189 0.362205 0.291339 
vn 0.889764 0.354331 0.291339 
vn 0.787402 0.488189 0.370079 
vn 0.787402 0.496063 0.370079 
vn -0.188976 0.204724 -0.96063 
vn -0.188976 0.204724 -0.96063 
vn -0.11811 0.228346 -0.968504 
vn -0.110236 0.23622 -0.968504 
vn -0.251969 0.15748 -0.952756 
vn -0.259843 0.110236 -0.96063 
vn 0.551181 0.677165 0.488189 
vn 0.511811 0.692913 0.503937 
vn 0.228346 0.811024 0.535433 
vn 0.220472 0.818898 0.527559 
vn -0.220472 -0.0629921 -0.976378 
vn -0.165354 -0.125984 -0.976378 
vn -0.0393701 -0.275591 -0.96063 
vn -0.0393701 -0.275591 -0.96063 
vn 0.0314961 0.88189 0.480315 
vn 0.0314961 0.88189 0.480315 
vn -0.0787402 -0.913386 0.401575 
vn -0.0787402 -0.913386 0.401575 
vn -0.11811 -0.929134 0.354331 
vn -0.125984 -0.929134 0.346457 
vn -0.425197 -0.748031 0.511811 
vn -0.464567 -0.700787 0.535433 
vn -0.669291 -0.464567 0.582677 
vn -0.669291 -0.464567 0.582677 
vn -0.724409 -0.401575 0.559055 
vn -0.724409 -0.401575 0.559055 
vn -0.755906 -0.338583 0.559055 
vn -0.755906 -0.338583 0.559055 
vn -0.795276 -0.204724 0.574803 
vn -0.795276 -0.188976 0.574803 
vn -0.811024 -0.23622 0.527559 
vn -0.80315 -0.291339 0.511811 
vn -0.669291 -0.653543 0.346457 
vn -0.283465 -0.716535 -0.637795 
vn -0.472441 -0.755906 -0.448819 
vn -0.275591 -0.716535 -0.645669 
vn -0.519685 0.716535 -0.472441 
vn -0.708661 0.598425 -0.370079 
vn -0.598425 0.669291 -0.433071 
vn -0.0787402 -0.590551 -0.80315 
vn -0.0787402 -0.590551 -0.80315 
vn 0.15748 -0.409449 -0.897638 
vn 0.165354 -0.401575 -0.897638 
vn -0.488189 0.685039 -0.543307 
vn -0.496063 0.629921 -0.598425 
vn -0.456693 0.574803 -0.677165 
vn -0.433071 0.574803 -0.692913 
vn 0.417323 -0.322835 -0.850394 
vn 0.433071 -0.322835 -0.84252 
vn -0.370079 0.527559 -0.76378 
vn -0.362205 0.527559 -0.771654 
vn 0.606299 -0.259843 -0.755906 
vn 0.645669 -0.244094 -0.724409 
vn -0.204724 0.622047 -0.755906 
vn -0.244094 0.598425 -0.76378 
vn -0.11811 0.669291 -0.732283 
vn -0.11811 0.669291 -0.732283 
vn 0.795276 -0.188976 -0.574803 
vn 0.787402 -0.188976 -0.582677 
vn 0.88189 -0.102362 -0.456693 
vn 0.897638 -0.0708661 -0.425197 
vn -0.0787402 0.692913 -0.716535 
vn -0.0787402 0.692913 -0.716535 
vn 0.937008 0.0472441 -0.346457 
vn 0.937008 0.0551181 -0.354331 
vn 0.0472441 0.76378 -0.645669 
vn -0.00787402 0.724409 -0.692913 
vn -0.00787402 0.716535 -0.692913 
vn 0.0551181 0.795276 -0.606299 
vn 0.0787402 0.976378 -0.212598 
vn 0.0787402 0.976378 -0.212598 
vn 0.937008 0.19685 -0.283465 
vn 0.937008 0.204724 -0.283465 
vn 0.858268 0.511811 0 
vn 0.858268 0.511811 0 
vn 0.559055 -0.00787402 0.826772 
vn 0.614173 -0.0314961 0.787402 
vn 0.535433 0 0.84252 
vn 0.433071 -0.023622 0.897638 
vn 0.377953 -0.0393701 0.92126 
vn 0.181102 -0.125984 0.976378 
vn 0.149606 -0.141732 0.976378 
vn -0.0787402 -0.173228 0.984252 
vn -0.0944882 -0.173228 0.984252 
vn -0.259843 -0.251969 0.929134 
vn -0.307087 -0.283465 0.905512 
vn -0.417323 -0.338583 0.84252 
vn -0.425197 -0.338583 0.84252 
vn -0.503937 -0.377953 0.779528 
vn -0.503937 -0.385827 0.771654 
vn -0.566929 -0.417323 0.708661 
vn -0.566929 -0.409449 0.716535 
vn -0.590551 -0.472441 0.653543 
vn -0.590551 -0.488189 0.637795 
vn -0.566929 -0.811024 0.133858 
vn -0.566929 -0.811024 0.133858 
vn -0.244094 -0.0393701 -0.968504 
vn -0.244094 -0.0393701 -0.968504 
vn -0.519685 0.023622 -0.850394 
vn 0.15748 -0.15748 -0.976378 
vn 0.472441 -0.244094 -0.850394 
vn 0.661417 -0.275591 -0.700787 
vn 0.795276 -0.259843 -0.543307 
vn 0.952756 -0.204724 -0.228346 
vn 0.937008 -0.220472 -0.275591 
vn 0.992126 -0.125984 -0.0551181 
vn 0.984252 -0.149606 -0.0787402 
vn 0.992126 -0.0866142 -0.0314961 
vn 1 -0.015748 -0.0393701 
vn 0.811024 0.582677 -0.0787402 
vn 0.992126 0.110236 -0.0472441 
vn 0.527559 0.850394 -0.0866142 
vn 0.267717 0.96063 -0.102362 
vn 0.0708661 0.992126 -0.110236 
vn 0.0708661 0.992126 -0.110236 
vn -0.244094 0.84252 -0.480315 
vn -0.275591 0.811024 -0.511811 
vn -0.149606 0.913386 -0.370079 
vn -0.173228 0.913386 -0.370079 
vn -0.291339 0.708661 -0.645669 
vn -0.283465 0.669291 -0.685039 
vn -0.173228 0.543307 -0.818898 
vn -0.165354 0.551181 -0.818898 
vn -0.220472 0.897638 -0.370079 
vn -0.0393701 0.551181 -0.834646 
vn -0.0393701 0.551181 -0.834646 
vn -0.0708661 0.748031 -0.661417 
vn -0.0787402 0.76378 -0.645669 
vn -0.212598 0.874016 -0.433071 
vn -0.204724 0.874016 -0.440945 
vn -0.322835 0.88189 -0.338583 
vn -0.330709 0.88189 -0.338583 
vn -0.425197 0.850394 -0.291339 
vn -0.425197 0.850394 -0.291339 
vn 0.212598 -0.700787 0.677165 
vn 0.354331 -0.661417 0.661417 
vn 0.149606 -0.716535 0.677165 
vn 0.0787402 -0.669291 0.732283 
vn 0.0787402 -0.669291 0.740157 
vn 0.015748 -0.566929 0.826772 
vn 0.00787402 -0.559055 0.826772 
vn -0.204724 -0.456693 0.866142 
vn -0.212598 -0.456693 0.866142 
vn -0.464567 -0.496063 0.732283 
vn -0.503937 -0.511811 0.692913 
vn -0.559055 -0.590551 0.582677 
vn -0.480315 -0.669291 0.574803 
vn -0.181102 -0.858268 0.480315 
vn -0.0551181 -0.905512 0.417323 
vn 0.165354 -0.929134 0.322835 
vn 0.181102 -0.929134 0.322835 
vn 0.307087 -0.897638 0.322835 
vn 0.307087 -0.897638 0.322835 
vn 0.377953 -0.0944882 -0.92126 
vn 0.330709 -0.0551181 -0.944882 
vn 0.267717 -0.00787402 -0.96063 
vn 0.535433 -0.0393701 -0.84252 
vn 0.677165 0.015748 -0.732283 
vn 0.771654 0.0551181 -0.629921 
vn 0.80315 0.0629921 -0.598425 
vn 0.944882 0.0787402 -0.322835 
vn 0.92126 0.0708661 -0.377953 
vn 0.968504 0.244094 -0.0787402 
vn 0.976378 0.173228 -0.11811 
vn 0.92126 0.393701 -0.015748 
vn 0.897638 0.433071 -0.015748 
vn 0.598425 0.80315 -0.0472441 
vn 0.748031 0.661417 -0.0314961 
vn 0.393701 0.92126 -0.0551181 
vn 0.377953 0.92126 -0.0551181 
vn 0.330709 0.944882 -0.0551181 
vn 0.330709 0.944882 -0.0551181 
vn -0.472441 0.740157 -0.480315 
vn -0.464567 0.740157 -0.480315 
vn -0.503937 0.732283 -0.464567 
vn -0.511811 0.724409 -0.456693 
vn -0.425197 0.653543 -0.622047 
vn -0.417323 0.622047 -0.661417 
vn -0.291339 0.511811 -0.80315 
vn -0.275591 0.511811 -0.811024 
vn -0.551181 0.708661 -0.440945 
vn -0.165354 0.511811 -0.84252 
vn -0.165354 0.511811 -0.84252 
vn -0.181102 0.535433 -0.826772 
vn -0.181102 0.535433 -0.818898 
vn -0.251969 0.480315 -0.834646 
vn -0.251969 0.503937 -0.826772 
vn -0.23622 0.354331 -0.905512 
vn -0.204724 0.307087 -0.929134 
vn -0.0944882 0.165354 -0.984252 
vn -0.0944882 0.165354 -0.984252 
vn 0.291339 -0.653543 0.700787 
vn 0.330709 -0.677165 0.661417 
vn 0.291339 -0.653543 0.700787 
vn 0.204724 -0.685039 0.700787 
vn 0.188976 -0.692913 0.700787 
vn 0.0787402 -0.606299 0.795276 
vn 0.0708661 -0.598425 0.795276 
vn -0.102362 -0.503937 0.858268 
vn -0.110236 -0.503937 0.858268 
vn -0.251969 -0.551181 0.795276 
vn -0.259843 -0.566929 0.779528 
vn -0.251969 -0.653543 0.716535 
vn -0.244094 -0.661417 0.708661 
vn -0.102362 -0.708661 0.692913 
vn -0.0866142 -0.716535 0.692913 
vn -0.023622 -0.692913 0.724409 
vn -0.0393701 -0.677165 0.732283 
vn -0.11811 -0.574803 0.80315 
vn -0.11811 -0.574803 0.80315 
vn -0.669291 0.716535 0.188976 
vn -0.669291 0.716535 0.188976 
vn -0.779528 0.566929 0.267717 
vn -0.826772 0.472441 0.299213 
vn -0.905512 0.023622 0.433071 
vn -0.905512 0.023622 0.433071 
vn -0.858268 -0.165354 0.480315 
vn -0.866142 -0.165354 0.480315 
vn -0.811024 -0.322835 0.488189 
vn -0.80315 -0.346457 0.480315 
vn -0.677165 -0.590551 0.433071 
vn 0.527559 -0.133858 0.84252 
vn 0.480315 -0.0393701 0.874016 
vn 0.480315 -0.0393701 0.874016 
vn 0.448819 0.00787402 0.889764 
vn 0.448819 0.015748 0.897638 
vn 0.409449 0.133858 0.905512 
vn 0.409449 0.133858 0.905512 
vn 0.385827 0.370079 0.84252 
vn 0.370079 0.488189 0.787402 
vn 0.346457 0.590551 0.724409 
vn 0.346457 0.590551 0.724409 
vn 0.141732 -0.377953 -0.913386 
vn 0.19685 0.110236 -0.976378 
vn 0.19685 0.0787402 -0.976378 
vn 0.251969 0.0944882 -0.96063 
vn 0.259843 0.0866142 -0.96063 
vn 0.338583 -0.0787402 -0.937008 
vn 0.346457 -0.0866142 -0.937008 
vn 0.346457 -0.598425 -0.724409 
vn 0.338583 -0.645669 -0.685039 
vn 0.299213 -0.80315 -0.519685 
vn 0.299213 -0.80315 -0.519685 
vn 0.661417 0.425197 0.622047 
vn 0.661417 0.425197 0.622047 
vn 0.637795 0.299213 0.708661 
vn 0.622047 0.23622 0.740157 
vn 0.968504 0.181102 -0.181102 
vn 0.968504 0.165354 -0.173228 
vn 0.968504 0.173228 -0.173228 
vn 0.968504 0.181102 -0.181102 
vn 0.527559 0 0.850394 
vn 0.488189 -0.0393701 0.874016 
vn 0.96063 0.23622 -0.149606 
vn 0.96063 0.23622 -0.141732 
vn 0.417323 -0.141732 0.897638 
vn 0.417323 -0.188976 0.889764 
vn 0.850394 0.527559 -0.0393701 
vn 0.92126 0.377953 -0.102362 
vn 0.913386 0.393701 -0.0944882 
vn 0.425197 -0.362205 0.826772 
vn -0.811024 -0.385827 -0.433071 
vn -0.629921 -0.653543 -0.425197 
vn -0.818898 -0.370079 -0.433071 
vn -0.88189 -0.188976 -0.433071 
vn -0.889764 -0.149606 -0.433071 
vn -0.905512 -0.23622 -0.354331 
vn -0.905512 -0.259843 -0.346457 
vn -0.889764 -0.346457 -0.291339 
vn -0.889764 -0.346457 -0.291339 
vn 0.149606 0.944882 -0.291339 
vn 0.149606 0.944882 -0.291339 
vn 0.149606 0.944882 -0.291339 
vn -0.511811 0.543307 0.661417 
vn -0.511811 0.543307 0.661417 
vn -0.110236 0.566929 0.818898 
vn 0.141732 0.527559 0.834646 
vn -0.165354 0.858268 -0.488189 
vn -0.590551 0.740157 -0.307087 
vn -0.590551 0.740157 -0.307087 
vn 0.0393701 0.84252 -0.535433 
vn 0.338583 0.417323 0.84252 
vn 0.370079 0.385827 0.84252 
vn 0.299213 0.740157 -0.606299 
vn 0.322835 0.724409 -0.614173 
vn 0.496063 0.527559 -0.692913 
vn 0.488189 0.535433 -0.692913 
vn 0.456693 0.244094 0.850394 
vn 0.464567 0.244094 0.850394 
vn 0.645669 0.212598 -0.732283 
vn 0.653543 0.188976 -0.732283 
vn 0.503937 0.125984 0.858268 
vn 0.503937 0.11811 0.858268 
vn 0.496063 0.0866142 0.866142 
vn 0.496063 0.0866142 0.866142 
vn 0.488189 0.110236 0.866142 
vn 0.669291 0.0314961 -0.740157 
vn 0.653543 0.0629921 -0.755906 
vn 0.669291 0.0314961 -0.740157 
vn -0.464567 -0.88189 -0.0393701 
vn -0.88189 -0.472441 -0.015748 
vn -0.929134 -0.362205 -0.00787402 
vn -0.968504 -0.259843 -0.023622 
vn -0.968504 -0.259843 -0.023622 
vn -0.771654 -0.629921 -0.0787402 
vn -0.771654 -0.629921 -0.0787402 
vn -0.535433 -0.834646 -0.11811 
vn -0.543307 -0.826772 -0.11811 
vn -0.015748 -0.984252 -0.165354 
vn 0.0866142 -0.984252 -0.165354 
vn 1 -0.0787402 -0.0314961 
vn 1 -0.0787402 -0.0314961 
vn 0.574803 -0.700787 -0.409449 
vn 0.551181 -0.771654 -0.307087 
vn 0.590551 -0.614173 -0.527559 
vn 0.559055 -0.0551181 -0.826772 
vn 0.574803 -0.181102 -0.795276 
vn 0.574803 -0.173228 -0.80315 
vn 0.559055 -0.0472441 -0.826772 
vn 0.527559 0.19685 -0.826772 
vn 0.535433 0.165354 -0.826772 
vn 0.519685 0.244094 -0.818898 
vn 0.519685 0.244094 -0.818898 
vn 0.598425 -0.417323 -0.685039 
vn 0.598425 -0.456693 -0.653543 
vn 0.826772 0.346457 0.440945 
vn 0.834646 0.299213 0.464567 
vn 0.818898 0.401575 0.409449 
vn 0.818898 0.401575 0.409449 
vn 0.826772 0.204724 0.527559 
vn 0.818898 0.228346 0.527559 
vn 0.80315 0.330709 0.496063 
vn 0.80315 0.346457 0.488189 
vn 0.76378 0.527559 0.370079 
vn 0.755906 0.543307 0.362205 
vn 0.653543 0.740157 0.165354 
vn 0.645669 0.748031 0.15748 
vn 0.535433 0.84252 0.00787402 
vn -0.692913 -0.417323 0.582677 
vn -0.692913 -0.417323 0.582677 
vn -0.692913 -0.417323 0.582677 
vn -0.944882 -0.0472441 0.314961 
vn -0.944882 -0.0472441 0.314961 
vn -0.944882 -0.0472441 0.314961 
vn -0.944882 -0.0472441 0.314961 
vn -0.96063 -0.015748 0.275591 
vn -0.96063 -0.015748 0.275591 
vn -0.96063 -0.015748 0.275591 
vn -0.96063 -0.015748 0.275591 
vn -0.937008 -0.110236 0.322835 
vn -0.937008 -0.110236 0.322835 
vn -0.937008 -0.110236 0.322835 
vn -0.937008 -0.110236 0.322835 
vn -0.929134 -0.11811 0.354331 
vn -0.929134 -0.11811 0.354331 
vn -0.929134 -0.11811 0.354331 
vn -0.929134 -0.11811 0.354331 
vn -0.818898 -0.417323 0.385827 
vn -0.818898 -0.417323 0.385827 
vn -0.818898 -0.417323 0.385827 
vn -0.818898 -0.417323 0.385827 
vn 0.228346 -0.590551 -0.771654 
vn 0.133858 -0.425197 -0.897638 
vn 0.110236 -0.377953 -0.92126 
vn 0.00787402 -0.188976 -0.984252 
vn -0.00787402 -0.165354 -0.984252 
vn -0.0866142 -0.0393701 -0.992126 
vn -0.0944882 -0.023622 -0.992126 
vn -0.141732 0.0314961 -0.992126 
vn -0.149606 0.0393701 -0.992126 
vn -0.15748 0.0393701 -0.984252 
vn -0.15748 0.0393701 -0.984252 
vn -0.204724 0.0629921 -0.976378 
vn -0.204724 0.0629921 -0.976378 
vn -0.267717 0.125984 -0.952756 
vn -0.267717 0.125984 -0.952756 
vn 0.165354 0.92126 0.354331 
vn 0.377953 0.858268 0.338583 
vn 0.314961 0.88189 0.346457 
vn 0.165354 0.92126 0.354331 
vn 0.708661 0.629921 0.307087 
vn 0.645669 0.692913 0.314961 
vn 0.850394 0.433071 0.299213 
vn 0.874016 0.385827 0.307087 
vn 0.913386 0.283465 0.299213 
vn 0.929134 0.244094 0.283465 
vn 0.944882 0.19685 0.251969 
vn 0.96063 0.181102 0.212598 
vn 0.913386 0.322835 0.251969 
vn 0.96063 0.19685 0.204724 
vn 0.858268 0.425197 0.291339 
vn -0.716535 -0.0314961 0.700787 
vn -0.724409 0.0393701 0.685039 
vn -0.732283 0.0787402 0.677165 
vn -0.748031 0.0393701 0.661417 
vn -0.76378 -0.00787402 0.645669 
vn -0.771654 -0.165354 0.614173 
vn -0.771654 -0.19685 0.606299 
vn -0.692913 -0.401575 0.598425 
vn -0.677165 -0.425197 0.598425 
vn -0.551181 -0.606299 0.574803 
vn -0.527559 -0.637795 0.559055 
vn -0.275591 -0.834646 0.472441 
vn -0.220472 -0.858268 0.456693 
vn -0.0787402 -0.913386 0.401575 
vn -0.0787402 -0.913386 0.401575 
vn -0.23622 -0.220472 -0.944882 
vn -0.259843 -0.267717 -0.929134 
vn -0.0866142 0.0551181 -0.992126 
vn -0.0629921 0.102362 -0.992126 
vn -0.795276 0.503937 -0.330709 
vn -0.669291 0.645669 -0.362205 
vn -0.685039 0.637795 -0.362205 
vn -0.787402 0.519685 -0.338583 
vn -0.496063 0.795276 -0.346457 
vn -0.503937 0.787402 -0.346457 
vn 0.0551181 0.291339 -0.952756 
vn 0.0314961 0.267717 -0.96063 
vn 0.125984 0.401575 -0.905512 
vn 0.15748 0.448819 -0.88189 
vn 0.251969 0.590551 -0.771654 
vn 0.283465 0.637795 -0.716535 
vn -0.291339 0.92126 -0.259843 
vn -0.299213 0.92126 -0.259843 
vn -0.102362 0.984252 -0.149606 
vn -0.102362 0.984252 -0.149606 
vn 0.354331 0.740157 -0.574803 
vn 0.354331 0.740157 -0.574803 
vn -0.362205 -0.456693 -0.811024 
vn -0.897638 0.314961 -0.307087 
vn -0.944882 0.141732 -0.291339 
vn -0.905512 0.291339 -0.307087 
vn 0.629921 -0.228346 0.740157 
vn 0.692913 -0.141732 0.708661 
vn 0.614173 -0.244094 0.748031 
vn 0.496063 -0.385827 0.779528 
vn 0.472441 -0.409449 0.779528 
vn 0.338583 -0.551181 0.76378 
vn 0.346457 -0.543307 0.76378 
vn 0.220472 -0.685039 0.692913 
vn 0.228346 -0.669291 0.708661 
vn 0.125984 -0.787402 0.606299 
vn 0.110236 -0.80315 0.582677 
vn -0.023622 -0.905512 0.433071 
vn -0.023622 -0.905512 0.433071 
vn -0.677165 0.283465 0.685039 
vn -0.598425 0.370079 0.708661 
vn -0.716535 0.299213 0.629921 
vn -0.708661 0.322835 0.629921 
vn -0.606299 0.543307 0.574803 
vn -0.614173 0.527559 0.582677 
vn 0.338583 0.929134 0.149606 
vn -0.173228 0.92126 0.354331 
vn -0.0629921 0.96063 0.267717 
vn 0.251969 0.96063 0.141732 
vn 0.76378 0.629921 0.125984 
vn 0.76378 0.629921 0.125984 
vn -0.275591 0.685039 0.677165 
vn -0.0314961 0.84252 0.535433 
vn -0.228346 0.724409 0.653543 
vn -0.385827 0.779528 0.496063 
vn -0.417323 0.748031 0.511811 
vn 0.15748 0.834646 -0.535433 
vn 0.212598 0.818898 -0.535433 
vn 0.645669 0.590551 -0.488189 
vn 0.645669 0.590551 -0.488189 
vn -0.0787402 0.80315 -0.582677 
vn -0.165354 0.755906 -0.637795 
vn -0.330709 0.622047 -0.708661 
vn -0.393701 0.566929 -0.724409 
vn -0.535433 0.385827 -0.748031 
vn -0.535433 0.385827 -0.748031 
vn -0.645669 0.204724 -0.740157 
vn -0.645669 0.19685 -0.740157 
vn -0.700787 0.11811 -0.700787 
vn -0.708661 0.110236 -0.700787 
vn -0.779528 0.0472441 -0.622047 
vn -0.80315 0.00787402 -0.598425 
vn -0.834646 -0.0393701 -0.543307 
vn 0.141732 -0.984252 -0.125984 
vn 0.677165 -0.708661 -0.212598 
vn 0.480315 -0.858268 -0.181102 
vn 0.944882 -0.307087 -0.0629921 
vn 0.929134 -0.354331 -0.102362 
vn 0.92126 -0.385827 0.0314961 
vn 0.929134 -0.370079 0.023622 
vn 0.771654 -0.622047 0.0944882 
vn 0.76378 -0.637795 0.0944882 
vn 0.464567 -0.88189 0.110236 
vn 0.488189 -0.866142 0.110236 
vn 0.173228 -0.976378 0.133858 
vn 0.173228 -0.976378 0.133858 
vn -0.228346 -0.96063 0.165354 
vn -0.23622 -0.96063 0.165354 
vn -0.645669 -0.748031 0.133858 
vn -0.645669 -0.748031 0.133858 
vn 0.897638 -0.440945 -0.015748 
vn 0.897638 -0.440945 -0.015748 
vn 0.897638 -0.440945 -0.015748 
vn 0.0708661 0.677165 0.732283 
vn 0.11811 0.669291 0.732283 
vn 0.11811 0.669291 0.732283 
vn -0.0472441 0.669291 0.740157 
vn -0.181102 0.622047 0.755906 
vn -0.244094 0.582677 0.771654 
vn 0.377953 0.740157 -0.551181 
vn 0.267717 0.811024 -0.519685 
vn 0.23622 0.826772 -0.511811 
vn 0.377953 0.740157 -0.551181 
vn -0.330709 0.503937 0.795276 
vn -0.370079 0.464567 0.80315 
vn -0.488189 0.76378 -0.417323 
vn -0.519685 0.740157 -0.417323 
vn -0.19685 0.88189 -0.433071 
vn -0.149606 0.88189 -0.440945 
vn -0.685039 0.582677 -0.440945 
vn -0.692913 0.574803 -0.440945 
vn -0.448819 0.330709 0.826772 
vn -0.440945 0.362205 0.826772 
vn -0.889764 0.220472 -0.401575 
vn -0.88189 0.244094 -0.409449 
vn -0.488189 0.173228 0.858268 
vn -0.488189 0.181102 0.858268 
vn -0.503937 0.0629921 0.858268 
vn -0.511811 0.0629921 0.858268 
vn -0.952756 -0.181102 -0.23622 
vn -0.952756 -0.204724 -0.220472 
vn -0.905512 -0.425197 -0.0551181 
vn -0.519685 0.0314961 0.858268 
vn 0.787402 -0.362205 -0.503937 
vn 0.834646 -0.15748 -0.527559 
vn 0.834646 -0.173228 -0.527559 
vn 0.818898 -0.291339 -0.496063 
vn 0.818898 -0.283465 -0.496063 
vn 0.708661 -0.566929 -0.425197 
vn 0.692913 -0.590551 -0.417323 
vn 0.551181 -0.748031 -0.377953 
vn 0.511811 -0.779528 -0.370079 
vn 0.291339 -0.897638 -0.322835 
vn 0.15748 -0.944882 -0.283465 
vn -0.15748 -0.968504 -0.19685 
vn -0.291339 -0.937008 -0.181102 
vn -0.385827 -0.905512 -0.165354 
vn -0.385827 -0.905512 -0.165354 
vn 0.88189 -0.0393701 -0.464567 
vn 0.88189 -0.0393701 -0.464567 
vn 0.88189 -0.0393701 -0.464567 
vn -0.0708661 0.141732 -0.984252 
vn -0.0944882 0.110236 -0.992126 
vn 0.0787402 0.322835 -0.944882 
vn 0.110236 0.346457 -0.929134 
vn -0.377953 -0.212598 -0.897638 
vn -0.346457 -0.181102 -0.92126 
vn -0.629921 -0.488189 -0.606299 
vn 0.496063 0.700787 -0.511811 
vn 0.496063 0.700787 -0.511811 
vn 0.440945 0.653543 -0.614173 
vn 0.393701 0.614173 -0.685039 
vn 0.259843 0.496063 -0.826772 
vn 0.220472 0.456693 -0.858268 
vn -0.984252 0 -0.188976 
vn -0.929134 0.299213 -0.220472 
vn -0.874016 0.433071 -0.228346 
vn -0.755906 0.614173 -0.228346 
vn -0.716535 0.661417 -0.220472 
vn -0.606299 0.771654 -0.19685 
vn -0.582677 0.787402 -0.188976 
vn -0.417323 0.905512 -0.102362 
vn -0.401575 0.913386 -0.0944882 
vn -0.0787402 0.992126 0.0393701 
vn -0.0629921 1 0.0472441 
vn 0.15748 0.976378 0.125984 
vn 0.15748 0.976378 0.125984 
vn 0.685039 -0.188976 0.700787 
vn 0.826772 0.133858 0.551181 
vn 0.653543 -0.23622 0.716535 
vn 0.503937 -0.456693 0.732283 
vn 0.456693 -0.503937 0.732283 
vn 0.322835 -0.653543 0.685039 
vn 0.299213 -0.677165 0.677165 
vn 0.173228 -0.771654 0.614173 
vn 0.141732 -0.795276 0.590551 
vn -0.0472441 -0.874016 0.480315 
vn -0.110236 -0.88189 0.448819 
vn -0.267717 -0.897638 0.362205 
vn -0.267717 -0.897638 0.362205 
vn -0.141732 -0.811024 0.566929 
vn -0.141732 -0.811024 0.566929 
vn -0.141732 -0.811024 0.566929 
vn 0.606299 0.574803 0.551181 
vn 0.543307 0.606299 0.582677 
vn 0.543307 0.606299 0.582677 
vn 0.669291 0.535433 0.511811 
vn 0.795276 0.480315 0.377953 
vn 0.76378 0.543307 0.338583 
vn 0.645669 0.732283 0.220472 
vn 0.700787 0.661417 0.267717 
vn 0.559055 0.818898 0.141732 
vn 0.559055 0.818898 0.141732 
vn 0.551181 0.818898 0.133858 
vn 0.653543 -0.700787 -0.291339 
vn 0.692913 -0.629921 -0.346457 
vn 0.685039 -0.645669 -0.338583 
vn 0.677165 -0.417323 -0.606299 
vn 0.677165 -0.393701 -0.622047 
vn 0.559055 -0.125984 -0.818898 
vn 0.551181 -0.102362 -0.826772 
vn 0.385827 0.212598 -0.897638 
vn 0.393701 0.181102 -0.897638 
vn 0.291339 0.362205 -0.889764 
vn 0.291339 0.362205 -0.889764 
vn -0.834646 0.0629921 0.551181 
vn -0.88189 0.125984 0.456693 
vn -0.905512 0.173228 0.385827 
vn -0.905512 0.0393701 0.417323 
vn -0.897638 -0.0393701 0.440945 
vn -0.88189 -0.149606 0.456693 
vn -0.88189 -0.165354 0.448819 
vn -0.818898 -0.448819 0.362205 
vn -0.76378 -0.566929 0.307087 
vn -0.661417 -0.716535 0.220472 
vn -0.661417 -0.716535 0.220472 
vn -0.259843 0.700787 0.661417 
vn -0.259843 0.700787 0.661417 
vn -0.173228 0.692913 0.700787 
vn -0.110236 0.685039 0.724409 
vn 0.173228 0.574803 0.80315 
vn 0.204724 0.551181 0.811024 
vn 0.370079 0.370079 0.850394 
vn 0.385827 0.346457 0.858268 
vn 0.503937 -0.322835 0.795276 
vn 0.551181 -0.188976 0.818898 
vn 0.551181 -0.244094 0.795276 
vn 0.488189 -0.275591 0.826772 
vn 0.496063 0.0866142 0.858268 
vn 0.503937 0.0787402 0.858268 
vn 0.314961 0.0708661 0.944882 
vn 0.952756 0.165354 0.244094 
vn 0.96063 -0.15748 0.212598 
vn 0.968504 -0.141732 0.212598 
vn 0.984252 -0.0393701 0.149606 
vn 0.992126 0.0629921 0.125984 
vn 0.937008 0.346457 0.0472441 
vn 0.913386 0.417323 0.023622 
vn 0.771654 0.629921 -0.0787402 
vn 0.755906 0.645669 -0.0866142 
vn 0.582677 0.787402 -0.181102 
vn 0.598425 0.787402 -0.173228 
vn 0.291339 0.92126 -0.259843 
vn 0.370079 0.897638 -0.244094 
vn 0.212598 0.937008 -0.267717 
vn 0.212598 0.937008 -0.267717 
vn -0.511811 -0.456693 -0.732283 
vn -0.755906 0.165354 -0.637795 
vn -0.76378 0.212598 -0.614173 
vn -0.818898 0.0944882 -0.566929 
vn -0.818898 0.102362 -0.566929 
vn -0.80315 -0.23622 -0.543307 
vn -0.795276 -0.275591 -0.535433 
vn -0.692913 -0.543307 -0.480315 
vn -0.677165 -0.566929 -0.464567 
vn -0.503937 -0.76378 -0.401575 
vn -0.519685 -0.748031 -0.409449 
vn -0.173228 -0.92126 -0.354331 
vn -0.188976 -0.913386 -0.354331 
vn 0.00787402 -0.944882 -0.330709 
vn 0.00787402 -0.944882 -0.330709 
vn -0.669291 0.724409 0.165354 
vn -0.669291 0.740157 0.0629921 
vn -0.645669 0.551181 0.527559 
vn -0.637795 0.519685 0.566929 
vn -0.590551 0.417323 0.692913 
vn -0.574803 0.401575 0.716535 
vn -0.559055 0.220472 0.795276 
vn -0.559055 0.173228 0.811024 
vn -0.559055 -0.0944882 0.826772 
vn -0.559055 -0.102362 0.826772 
vn -0.551181 -0.173228 0.818898 
vn -0.551181 -0.173228 0.818898 
vn -0.551181 -0.181102 0.818898 
vn -0.582677 0.732283 -0.354331 
vn -0.582677 0.732283 -0.354331 
vn 0.456693 -0.220472 0.858268 
vn 0.480315 -0.173228 0.858268 
vn 0.456693 -0.228346 0.858268 
vn 0.464567 -0.125984 0.874016 
vn 0.464567 -0.102362 0.88189 
vn 0.472441 0.19685 0.858268 
vn 0.472441 0.165354 0.866142 
vn 0.503937 0.417323 0.755906 
vn 0.496063 0.393701 0.771654 
vn 0.566929 0.582677 0.582677 
vn 0.559055 0.574803 0.598425 
vn 0.645669 0.748031 0.15748 
vn 0.645669 0.748031 0.165354 
vn 0.614173 0.740157 -0.259843 
vn 0.614173 0.740157 -0.259843 
vn 0.0314961 -0.456693 -0.889764 
vn 0.00787402 0.133858 -0.992126 
vn 0 0.15748 -0.984252 
vn 0 0.102362 -0.992126 
vn 0 0.0866142 -1 
vn 0.00787402 -0.220472 -0.976378 
vn 0.00787402 -0.212598 -0.976378 
vn 0.0314961 -0.472441 -0.88189 
vn 0.023622 -0.456693 -0.889764 
vn 0.0314961 -0.677165 -0.740157 
vn 0.0314961 -0.669291 -0.740157 
vn -0.015748 -0.968504 -0.244094 
vn -0.00787402 -0.952756 -0.307087 
vn -0.0551181 -0.937008 0.346457 
vn -0.0551181 -0.937008 0.346457 
vn 0.346457 0.692913 0.629921 
vn 0.370079 0.818898 0.440945 
vn 0.370079 0.818898 0.440945 
vn 0.338583 0.622047 0.708661 
vn 0.299213 0.543307 0.787402 
vn 0.283465 0.543307 0.795276 
vn 0.188976 0.23622 0.952756 
vn 0.149606 0.0708661 0.984252 
vn 0.149606 0.0787402 0.984252 
vn 0.228346 0.354331 0.905512 
vn 0.165354 0.023622 0.984252 
vn 0.165354 0.023622 0.984252 
vn 0.173228 0.015748 0.984252 
vn 0.173228 0.015748 0.984252 
vn 0.165354 -0.023622 0.984252 
vn -0.346457 0.937008 0.023622 
vn -0.165354 0.984252 -0.0629921 
vn -0.165354 0.984252 -0.0629921 
vn -0.354331 0.937008 0.023622 
vn -0.503937 0.858268 0.0944882 
vn -0.511811 0.858268 0.102362 
vn -0.732283 0.637795 0.23622 
vn -0.740157 0.629921 0.23622 
vn -0.858268 0.362205 0.370079 
vn -0.858268 0.370079 0.362205 
vn -0.858268 0.11811 0.496063 
vn -0.858268 0.102362 0.503937 
vn -0.826772 -0.023622 0.559055 
vn -0.826772 -0.0551181 0.566929 
vn -0.80315 -0.141732 0.582677 
vn 0.173228 -0.527559 -0.834646 
vn 0.322835 -0.0866142 -0.944882 
vn 0.314961 -0.141732 -0.937008 
vn 0.393701 -0.0393701 -0.92126 
vn 0.385827 -0.0314961 -0.92126 
vn 0.448819 -0.251969 -0.858268 
vn 0.448819 -0.275591 -0.850394 
vn 0.401575 -0.519685 -0.755906 
vn 0.370079 -0.582677 -0.724409 
vn 0.244094 -0.771654 -0.590551 
vn 0.228346 -0.779528 -0.574803 
vn 0.15748 -0.84252 -0.519685 
vn 0.133858 -0.858268 -0.496063 
vn 0.0551181 -0.913386 -0.401575 
vn 0.0551181 -0.913386 -0.401575 
vn 0.551181 0.149606 -0.818898 
vn 0.551181 0.149606 -0.818898 
vn 0.551181 0.149606 -0.818898 
vn -0.669291 0.645669 0.370079 
vn -0.669291 0.645669 0.370079 
vn -0.629921 0.566929 0.535433 
vn -0.622047 0.551181 0.551181 
vn 0.440945 0.80315 -0.401575 
vn 0.440945 0.80315 -0.401575 
vn 0.637795 0.724409 -0.267717 
vn 0.653543 0.716535 -0.244094 
vn 0.787402 0.606299 -0.102362 
vn 0.80315 0.590551 -0.0787402 
vn -0.527559 0.440945 0.732283 
vn -0.480315 0.393701 0.787402 
vn 0.858268 0.511811 0.0708661 
vn 0.858268 0.511811 0.0787402 
vn 0.92126 0.299213 0.259843 
vn 0.92126 0.267717 0.275591 
vn -0.322835 0.23622 0.913386 
vn -0.346457 0.267717 0.897638 
vn -0.165354 0.0472441 0.984252 
vn -0.15748 0.0472441 0.984252 
vn 0.937008 -0.0472441 0.346457 
vn 0.937008 -0.0866142 0.346457 
vn -0.015748 -0.275591 0.96063 
vn -0.023622 -0.251969 0.968504 
vn 0.929134 -0.181102 0.322835 
vn 0.929134 -0.181102 0.322835 
vn 0.944882 -0.015748 0.330709 
vn 0.944882 -0.11811 0.314961 
vn -0.023622 -0.181102 0.984252 
vn 0.015748 -0.330709 0.944882 
vn 0.00787402 -0.314961 0.944882 
vn -0.00787402 -0.212598 0.976378 
vn -0.0787402 -0.023622 1 
vn 0.88189 0.291339 0.377953 
vn -0.125984 -0.716535 -0.685039 
vn -0.448819 -0.0314961 -0.889764 
vn -0.448819 -0.0314961 -0.889764 
vn -0.496063 0.291339 -0.818898 
vn -0.496063 0.307087 -0.811024 
vn -0.496063 0.267717 -0.826772 
vn -0.496063 0.275591 -0.826772 
vn -0.448819 -0.165354 -0.88189 
vn -0.448819 -0.141732 -0.88189 
vn -0.354331 -0.543307 -0.76378 
vn -0.362205 -0.519685 -0.771654 
vn -0.307087 -0.700787 -0.645669 
vn -0.291339 -0.724409 -0.622047 
vn -0.0944882 -0.905512 -0.417323 
vn -0.11811 -0.889764 -0.433071 
vn 0.023622 -0.952756 -0.307087 
vn 0.023622 -0.952756 -0.307087 
vn -0.755906 0.188976 0.629921 
vn -0.771654 0.173228 0.614173 
vn -0.692913 0.291339 0.661417 
vn -0.740157 0.228346 0.629921 
vn -0.708661 0.291339 0.645669 
vn -0.0866142 0.645669 0.755906 
vn -0.299213 0.606299 0.740157 
vn -0.283465 0.614173 0.740157 
vn -0.0866142 0.645669 0.755906 
vn 0.0708661 0.661417 0.748031 
vn 0.165354 0.669291 0.724409 
vn 0.393701 0.669291 0.629921 
vn 0.393701 0.669291 0.629921 
vn -0.511811 0.496063 0.700787 
vn -0.496063 0.511811 0.700787 
vn 0.110236 0.866142 -0.480315 
vn 0.0866142 0.866142 -0.488189 
vn 0.314961 0.834646 -0.448819 
vn 0.314961 0.834646 -0.448819 
vn -0.173228 0.850394 -0.503937 
vn -0.165354 0.850394 -0.503937 
vn -0.425197 0.740157 -0.519685 
vn -0.433071 0.740157 -0.519685 
vn -0.622047 0.606299 -0.496063 
vn -0.629921 0.598425 -0.496063 
vn -0.874016 0.307087 -0.370079 
vn -0.897638 0.259843 -0.346457 
vn -0.952756 0.141732 -0.267717 
vn -0.952756 0.149606 -0.267717 
vn -0.929134 0.244094 -0.267717 
vn 0.716535 -0.645669 -0.251969 
vn 0.952756 -0.220472 -0.212598 
vn 0.937008 -0.259843 -0.220472 
vn 0.937008 -0.307087 -0.181102 
vn 0.944882 -0.283465 -0.181102 
vn 0.708661 -0.692913 -0.15748 
vn 0.716535 -0.685039 -0.15748 
vn 0.464567 -0.866142 -0.181102 
vn 0.456693 -0.866142 -0.181102 
vn 0.165354 -0.96063 -0.220472 
vn 0.15748 -0.96063 -0.220472 
vn 0.0708661 -0.968504 -0.228346 
vn 0.0708661 -0.968504 -0.228346 
vn -0.362205 -0.92126 -0.141732 
vn -0.362205 -0.92126 -0.141732 
vn -0.362205 -0.92126 -0.141732 
vn -0.362205 -0.92126 -0.141732 
vn 0.787402 -0.606299 -0.11811 
vn 0.787402 -0.606299 -0.11811 
vn 0.787402 -0.606299 -0.11811 
vn 0.228346 0.637795 -0.732283 
vn 0.377953 0.637795 -0.677165 
vn 0.377953 0.637795 -0.677165 
vn 0.283465 0.637795 -0.716535 
vn -0.488189 0.15748 -0.858268 
vn -0.488189 0.149606 -0.858268 
vn -0.330709 0.362205 -0.874016 
vn -0.314961 0.377953 -0.874016 
vn -0.622047 -0.125984 -0.771654 
vn -0.637795 -0.165354 -0.748031 
vn 0.0314961 0.606299 -0.795276 
vn -0.015748 0.590551 -0.80315 
vn -0.685039 -0.314961 -0.653543 
vn -0.937008 0.314961 0.133858 
vn -0.889764 0.448819 0.11811 
vn -0.850394 0.511811 0.110236 
vn -0.755906 0.653543 0.0629921 
vn -0.740157 0.669291 0.0551181 
vn -0.566929 0.826772 0.0472441 
vn -0.582677 0.811024 0.0472441 
vn -0.188976 0.976378 0.0866142 
vn -0.228346 0.968504 0.0787402 
vn 0.0708661 0.992126 0.133858 
vn -0.015748 0.992126 0.11811 
vn 0.181102 0.976378 0.149606 
vn 0.181102 0.976378 0.149606 
vn 0.874016 -0.354331 0.346457 
vn 0.897638 -0.322835 0.307087 
vn 0.858268 -0.362205 0.362205 
vn 0.748031 -0.535433 0.401575 
vn 0.724409 -0.551181 0.409449 
vn 0.551181 -0.732283 0.401575 
vn 0.559055 -0.724409 0.401575 
vn 0.181102 -0.929134 0.322835 
vn 0.173228 -0.929134 0.314961 
vn -0.0866142 -0.96063 0.259843 
vn -0.125984 -0.96063 0.251969 
vn -0.322835 -0.92126 0.228346 
vn -0.322835 -0.92126 0.228346 
vn 0.551181 -0.818898 0.165354 
vn 0.551181 -0.818898 0.165354 
vn 0.551181 -0.818898 0.165354 
vn 0.188976 0.80315 -0.566929 
vn 0.023622 0.692913 -0.716535 
vn 0.346457 0.858268 -0.370079 
vn 0.346457 0.858268 -0.370079 
vn -0.19685 0.464567 -0.866142 
vn -0.228346 0.425197 -0.874016 
vn -0.559055 -0.23622 -0.795276 
vn -0.488189 -0.0551181 -0.874016 
vn -0.480315 -0.0393701 -0.874016 
vn -0.559055 -0.23622 -0.795276 
vn -0.582677 -0.299213 -0.755906 
vn -0.346457 0.220472 -0.913386 
vn -0.354331 0.204724 -0.913386 
vn -0.858268 0.503937 0.0944882 
vn -0.858268 0.503937 0.0944882 
vn -0.866142 0.488189 0.0708661 
vn -0.850394 0.511811 0.110236 
vn -0.850394 0.511811 0.11811 
vn -0.771654 0.614173 0.165354 
vn -0.76378 0.622047 0.165354 
vn -0.582677 0.779528 0.23622 
vn -0.598425 0.771654 0.23622 
vn -0.228346 0.96063 0.15748 
vn -0.0708661 0.992126 0.0787402 
vn 0.19685 0.976378 -0.0472441 
vn 0.19685 0.976378 -0.0472441 
vn 0.677165 -0.488189 0.551181 
vn 0.818898 -0.283465 0.488189 
vn 0.811024 -0.307087 0.503937 
vn 0.80315 -0.330709 0.503937 
vn 0.818898 -0.299213 0.496063 
vn 0.724409 -0.496063 0.480315 
vn 0.708661 -0.519685 0.480315 
vn 0.543307 -0.748031 0.377953 
vn 0.535433 -0.76378 0.362205 
vn 0.149606 -0.952756 0.267717 
vn 0.133858 -0.952756 0.267717 
vn -0.149606 -0.96063 0.228346 
vn -0.149606 -0.96063 0.228346 
vn 0.181102 0.677165 0.716535 
vn 0.220472 0.669291 0.708661 
vn 0.220472 0.669291 0.708661 
vn 0.0551181 0.669291 0.740157 
vn -0.0708661 0.622047 0.779528 
vn -0.133858 0.582677 0.80315 
vn 0.291339 0.740157 -0.598425 
vn 0.188976 0.811024 -0.559055 
vn 0.15748 0.826772 -0.543307 
vn 0.291339 0.740157 -0.598425 
vn -0.212598 0.503937 0.834646 
vn -0.251969 0.464567 0.850394 
vn -0.543307 0.76378 -0.338583 
vn -0.574803 0.740157 -0.338583 
vn -0.259843 0.88189 -0.401575 
vn -0.212598 0.88189 -0.409449 
vn -0.740157 0.582677 -0.338583 
vn -0.748031 0.574803 -0.338583 
vn -0.322835 0.330709 0.88189 
vn -0.314961 0.362205 0.874016 
vn -0.937008 0.220472 -0.267717 
vn -0.929134 0.244094 -0.275591 
vn -0.362205 0.173228 0.913386 
vn -0.362205 0.181102 0.913386 
vn -0.377953 0.0629921 0.92126 
vn -0.377953 0.0629921 0.92126 
vn -0.976378 -0.181102 -0.0944882 
vn -0.976378 -0.204724 -0.0787402 
vn -0.905512 -0.425197 0.0708661 
vn -0.393701 0.0314961 0.92126 
vn 0.700787 -0.362205 -0.614173 
vn 0.748031 -0.15748 -0.645669 
vn 0.748031 -0.173228 -0.637795 
vn 0.740157 -0.291339 -0.614173 
vn 0.740157 -0.283465 -0.614173 
vn 0.637795 -0.566929 -0.519685 
vn 0.629921 -0.590551 -0.511811 
vn 0.488189 -0.748031 -0.448819 
vn 0.448819 -0.779528 -0.440945 
vn 0.23622 -0.897638 -0.362205 
vn 0.11811 -0.944882 -0.299213 
vn -0.181102 -0.968504 -0.173228 
vn -0.314961 -0.937008 -0.133858 
vn -0.409449 -0.905512 -0.102362 
vn -0.409449 -0.905512 -0.102362 
vn 0.811024 -0.0393701 -0.590551 
vn 0.811024 -0.0393701 -0.590551 
vn 0.811024 -0.0393701 -0.590551 
vn 0.102362 0.299213 0.952756 
vn 0.181102 0.393701 0.897638 
vn 0.0944882 0.291339 0.952756 
vn -0.173228 -0.0551181 0.984252 
vn -0.173228 -0.0551181 0.984252 
vn -0.102362 0.0393701 0.992126 
vn -0.0393701 0.11811 0.992126 
vn -0.897638 -0.0472441 0.433071 
vn -0.897638 -0.0866142 0.433071 
vn -0.897638 -0.0866142 0.433071 
vn -0.905512 -0.0314961 0.425197 
vn -0.929134 0.0944882 0.354331 
vn -0.929134 0.0944882 0.354331 
vn -0.952756 0.259843 0.165354 
vn 0.566929 -0.0393701 -0.826772 
vn 0.590551 0.0629921 -0.80315 
vn 0.590551 0.0629921 -0.80315 
vn 0.559055 -0.0472441 -0.826772 
vn 0.472441 -0.425197 -0.771654 
vn 0.480315 -0.417323 -0.771654 
vn 0.251969 -0.937008 -0.244094 
vn 0.574803 -0.787402 -0.220472 
vn 0.582677 -0.795276 -0.181102 
vn 0.582677 -0.787402 -0.19685 
vn 0.653543 -0.677165 -0.346457 
vn 0.677165 -0.590551 -0.440945 
vn 0.700787 -0.267717 -0.661417 
vn 0.700787 -0.307087 -0.645669 
vn 0.692913 -0.0708661 -0.716535 
vn 0.692913 -0.0787402 -0.716535 
vn 0.685039 0.125984 -0.716535 
vn 0.685039 0.11811 -0.716535 
vn 0.677165 0.19685 -0.708661 
vn 0.677165 0.19685 -0.708661 
vn 0.866142 0.275591 0.417323 
vn 0.874016 0.259843 0.417323 
vn 0.84252 0.330709 0.417323 
vn 0.84252 0.330709 0.417323 
vn 0.913386 0.23622 0.338583 
vn 0.905512 0.307087 0.291339 
vn 0.866142 0.480315 0.141732 
vn 0.866142 0.480315 0.141732 
vn 0.866142 0.496063 0.110236 
vn 0.858268 0.496063 0.102362 
vn 0.889764 0.425197 0.165354 
vn 0.889764 0.425197 0.165354 
vn 0.905512 0.346457 0.251969 
vn -0.92126 -0.307087 0.23622 
vn -0.92126 -0.307087 0.23622 
vn -0.92126 -0.307087 0.23622 
vn -0.92126 -0.307087 0.23622 
vn -0.968504 -0.0472441 0.259843 
vn -0.968504 -0.0472441 0.259843 
vn -0.968504 -0.0472441 0.259843 
vn -0.968504 -0.0472441 0.259843 
vn -0.92126 -0.15748 0.362205 
vn -0.92126 -0.15748 0.362205 
vn -0.92126 -0.15748 0.362205 
vn -0.92126 -0.15748 0.362205 
vn -0.937008 -0.0314961 0.346457 
vn -0.937008 -0.0314961 0.346457 
vn -0.937008 -0.0314961 0.346457 
vn -0.937008 -0.0314961 0.346457 
vn -0.944882 0.322835 0.0866142 
vn -0.944882 0.322835 0.0866142 
vn -0.944882 0.322835 0.0866142 
vn -0.944882 0.322835 0.0866142 
vn -0.866142 0.0393701 0.496063 
vn -0.866142 0.0393701 0.496063 
vn -0.866142 0.0393701 0.496063 
vn 0.425197 -0.354331 -0.834646 
vn 0.448819 -0.472441 -0.76378 
vn 0.425197 -0.354331 -0.834646 
vn 0.425197 -0.188976 -0.889764 
vn 0.425197 -0.181102 -0.889764 
vn 0.377953 0.228346 -0.897638 
vn 0.228346 0.417323 -0.88189 
vn 0.244094 0.409449 -0.88189 
vn 0.385827 0.212598 -0.897638 
vn 0.0472441 0.559055 -0.826772 
vn 0.0472441 0.559055 -0.826772 
vn -0.0708661 0.614173 -0.787402 
vn -0.0708661 0.614173 -0.787402 
vn 0.425197 0.0314961 -0.905512 
vn 0.433071 0.015748 -0.905512 
vn 0.023622 0.952756 0.314961 
vn -0.165354 0.952756 0.259843 
vn -0.165354 0.952756 0.259843 
vn 0.0314961 0.952756 0.314961 
vn 0.275591 0.897638 0.338583 
vn 0.291339 0.897638 0.338583 
vn 0.511811 0.795276 0.322835 
vn 0.519685 0.787402 0.322835 
vn 0.677165 0.653543 0.338583 
vn 0.677165 0.653543 0.338583 
vn 0.748031 0.519685 0.417323 
vn 0.748031 0.519685 0.401575 
vn 0.700787 0.496063 0.511811 
vn 0.724409 0.488189 0.488189 
vn 0.669291 0.503937 0.551181 
vn -0.858268 -0.377953 0.346457 
vn -0.88189 -0.291339 0.370079 
vn -0.88189 -0.267717 0.385827 
vn -0.858268 -0.314961 0.401575 
vn -0.858268 -0.322835 0.401575 
vn -0.740157 -0.535433 0.409449 
vn -0.724409 -0.551181 0.409449 
vn -0.590551 -0.716535 0.377953 
vn -0.582677 -0.724409 0.370079 
vn -0.377953 -0.874016 0.307087 
vn -0.377953 -0.874016 0.307087 
vn -0.110236 -0.96063 0.23622 
vn -0.11811 -0.96063 0.23622 
vn 0.015748 -0.976378 0.212598 
vn 0.015748 -0.976378 0.212598 
vn 0.244094 -0.0551181 -0.968504 
vn 0.244094 -0.0472441 -0.968504 
vn 0.244094 -0.00787402 -0.968504 
vn 0.251969 -0.015748 -0.968504 
vn 0.259843 0.023622 -0.968504 
vn 0.244094 0.212598 -0.944882 
vn 0.23622 0.251969 -0.937008 
vn 0.173228 0.377953 -0.905512 
vn 0.188976 0.346457 -0.913386 
vn 0.15748 0.417323 -0.897638 
vn 0.15748 0.417323 -0.897638 
vn 0.88189 0.385827 0.275591 
vn 0.88189 0.385827 0.275591 
vn 0.897638 0.338583 0.283465 
vn 0.905512 0.322835 0.283465 
vn 0.952756 0.228346 0.181102 
vn 0.952756 0.23622 0.188976 
vn 0.984252 0.149606 0.0393701 
vn 0.992126 0.133858 0.00787402 
vn 0.992126 0.125984 -0.0393701 
vn 0.992126 0.125984 -0.0314961 
vn 0.984252 0.15748 -0.0551181 
vn -0.708661 -0.354331 0.614173 
vn -0.732283 -0.15748 0.661417 
vn -0.740157 -0.0866142 0.669291 
vn -0.748031 -0.0472441 0.661417 
vn -0.76378 -0.0944882 0.637795 
vn -0.76378 -0.322835 0.559055 
vn -0.740157 -0.393701 0.543307 
vn -0.677165 -0.511811 0.527559 
vn -0.669291 -0.503937 0.543307 
vn -0.653543 -0.480315 0.582677 
vn -0.653543 -0.480315 0.582677 
vn 0.307087 0.023622 -0.952756 
vn 0.299213 -0.023622 -0.952756 
vn 0.314961 0.0472441 -0.944882 
vn 0.377953 0.110236 -0.92126 
vn 0.393701 0.125984 -0.905512 
vn 0.496063 0.173228 -0.850394 
vn 0.629921 0.244094 -0.740157 
vn 0.629921 0.244094 -0.740157 
vn 0.488189 0.173228 -0.850394 
vn 0.692913 0.299213 -0.661417 
vn 0.692913 0.307087 -0.653543 
vn 0.685039 0.425197 -0.590551 
vn 0.661417 0.503937 -0.559055 
vn 0.598425 0.606299 -0.527559 
vn 0.559055 0.645669 -0.519685 
vn 0.267717 0.826772 -0.496063 
vn 0.0944882 0.88189 -0.464567 
vn -0.015748 0.897638 -0.433071 
vn -0.015748 0.897638 -0.433071 
vn -0.00787402 0.897638 -0.433071 
vn -0.00787402 0.897638 -0.433071 
vn 0.488189 0.685039 -0.543307 
vn 0.472441 0.732283 -0.488189 
vn 0.401575 0.889764 -0.220472 
vn 0.543307 0.606299 -0.582677 
vn 0.535433 0.606299 -0.590551 
vn 0.574803 0.559055 -0.598425 
vn 0.574803 0.551181 -0.598425 
vn 0.559055 0.496063 -0.669291 
vn 0.559055 0.488189 -0.669291 
vn 0.496063 0.440945 -0.748031 
vn 0.496063 0.433071 -0.755906 
vn 0.440945 0.338583 -0.834646 
vn 0.440945 0.346457 -0.826772 
vn 0.385827 0.141732 -0.913386 
vn 0.291339 -0.141732 -0.944882 
vn 0.299213 -0.11811 -0.944882 
vn 0.393701 0.149606 -0.905512 
vn 0.19685 -0.370079 -0.905512 
vn 0.944882 -0.141732 0.299213 
vn 0.944882 -0.0708661 0.322835 
vn 0.944882 -0.11811 0.307087 
vn 0.968504 -0.15748 0.204724 
vn 0.992126 -0.141732 -0.0472441 
vn 0.976378 -0.0629921 -0.228346 
vn 0.653543 0.314961 -0.685039 
vn 0.0708661 0.472441 -0.88189 
vn 0.0551181 0.448819 -0.889764 
vn -0.173228 0.488189 -0.850394 
vn -0.0944882 0.496063 -0.866142 
vn -0.338583 0.385827 -0.858268 
vn -0.275591 0.448819 -0.850394 
vn -0.401575 0.338583 -0.850394 
vn -0.401575 0.338583 -0.850394 
vn -0.433071 0.385827 -0.811024 
vn -0.385827 0.582677 -0.716535 
vn -0.0787402 0.818898 -0.566929 
vn -0.0787402 0.818898 -0.566929 
vn -0.11811 0.811024 -0.566929 
vn 0.0944882 -0.0708661 0.992126 
vn 0.0629921 -0.125984 0.992126 
vn 0.0551181 -0.125984 0.992126 
vn 0.0314961 -0.275591 0.96063 
vn 0.0314961 -0.251969 0.968504 
vn 0.0393701 -0.385827 0.92126 
vn 0.0472441 -0.417323 0.905512 
vn 0.0472441 -0.417323 0.905512 
vn 0.0393701 -0.362205 0.929134 
vn 0.0629921 -0.440945 0.897638 
vn 0.0629921 -0.440945 0.889764 
vn 0.11811 -0.480315 0.866142 
vn 0.125984 -0.488189 0.866142 
vn 0.19685 -0.496063 0.850394 
vn 0.204724 -0.496063 0.84252 
vn 0.370079 -0.574803 0.732283 
vn 0.385827 -0.590551 0.708661 
vn -0.818898 -0.519685 0.23622 
vn -0.826772 -0.496063 0.275591 
vn -0.818898 -0.551181 0.173228 
vn 0.456693 -0.645669 0.614173 
vn 0.228346 -0.228346 0.944882 
vn 0.448819 -0.629921 0.629921 
vn -0.818898 -0.551181 0.165354 
vn -0.834646 -0.496063 0.228346 
vn -0.84252 -0.488189 0.23622 
vn -0.834646 -0.401575 0.377953 
vn -0.834646 -0.393701 0.385827 
vn -0.834646 -0.456693 0.307087 
vn -0.834646 -0.456693 0.307087 
vn -0.850394 -0.307087 0.433071 
vn -0.850394 -0.299213 0.433071 
vn -0.866142 -0.275591 0.417323 
vn -0.866142 -0.275591 0.417323 
vn -0.897638 -0.23622 0.377953 
vn -0.889764 -0.251969 0.377953 
vn -0.976378 -0.125984 0.165354 
vn -0.976378 -0.165354 0.110236 
vn -0.976378 -0.11811 0.173228 
vn -0.937008 -0.15748 0.299213 
vn -0.937008 -0.15748 0.314961 
vn -0.968504 0.15748 0.181102 
vn -0.96063 0.212598 0.165354 
vn -0.96063 0.212598 0.165354 
vn -0.968504 0.149606 0.188976 
vn -0.976378 0.15748 0.165354 
vn -0.976378 0.173228 0.149606 
vn -0.952756 0.283465 0.0866142 
vn -0.944882 0.330709 0.0629921 
vn -0.818898 0.566929 0.0708661 
vn -0.889764 0.456693 0.0472441 
vn -0.889764 0.448819 0.0472441 
vn -0.637795 0.220472 -0.732283 
vn -0.637795 0.220472 -0.732283 
vn -0.637795 0.165354 -0.755906 
vn -0.637795 0.15748 -0.755906 
vn -0.637795 0.015748 -0.771654 
vn -0.637795 0.00787402 -0.771654 
vn -0.645669 -0.181102 -0.740157 
vn -0.653543 -0.228346 -0.724409 
vn -0.645669 -0.433071 -0.622047 
vn -0.645669 -0.519685 -0.551181 
vn -0.629921 -0.653543 -0.417323 
vn 0.850394 0 0.519685 
vn 0.811024 -0.0629921 0.574803 
vn 0.866142 0.015748 0.503937 
vn 0.874016 -0.0393701 0.480315 
vn 0.874016 -0.0314961 0.480315 
vn 0.88189 -0.102362 0.456693 
vn 0.88189 -0.102362 0.456693 
vn 0.889764 -0.141732 0.433071 
vn 0.889764 -0.149606 0.433071 
vn 0.88189 -0.173228 0.433071 
vn 0.88189 -0.173228 0.433071 
vn -0.228346 -0.503937 -0.834646 
vn -0.0708661 -0.354331 -0.937008 
vn -0.0629921 -0.338583 -0.937008 
vn 0.220472 -0.0787402 -0.976378 
vn 0.19685 -0.0944882 -0.976378 
vn 0.393701 0.15748 -0.905512 
vn 0.440945 0.228346 -0.866142 
vn 0.496063 0.433071 -0.755906 
vn 0.496063 0.472441 -0.732283 
vn 0.480315 0.661417 -0.574803 
vn 0.480315 0.661417 -0.574803 
vn -0.519685 0.692913 -0.503937 
vn -0.503937 0.685039 -0.519685 
vn -0.519685 0.692913 -0.503937 
vn -0.503937 0.598425 -0.622047 
vn -0.503937 0.598425 -0.622047 
vn -0.574803 0.614173 -0.543307 
vn -0.574803 0.614173 -0.543307 
vn -0.259843 0.724409 -0.637795 
vn -0.299213 0.708661 -0.645669 
vn -0.0866142 0.80315 -0.582677 
vn -0.0866142 0.80315 -0.582677 
vn 0.346457 -0.464567 0.818898 
vn 0.228346 -0.496063 0.834646 
vn 0.346457 -0.464567 0.818898 
vn 0.244094 -0.425197 0.874016 
vn 0.23622 -0.417323 0.874016 
vn 0.015748 -0.464567 0.88189 
vn -0.023622 -0.480315 0.88189 
vn -0.149606 -0.598425 0.787402 
vn -0.149606 -0.590551 0.787402 
vn -0.19685 -0.700787 0.685039 
vn -0.19685 -0.700787 0.685039 
vn -0.110236 -0.0866142 -0.992126 
vn 0.0944882 -0.0787402 -0.992126 
vn 0.0708661 -0.0787402 -0.992126 
vn 0.307087 0.15748 -0.937008 
vn 0.330709 0.338583 -0.88189 
vn 0.330709 0.330709 -0.88189 
vn 0.299213 0.149606 -0.944882 
vn 0.322835 0.496063 -0.80315 
vn 0.322835 0.496063 -0.80315 
vn 0.330709 0.590551 -0.740157 
vn 0.330709 0.590551 -0.740157 
vn 0.299213 0.692913 -0.653543 
vn 0.307087 0.685039 -0.661417 
vn 0.188976 0.866142 -0.464567 
vn 0.188976 0.866142 -0.464567 
vn 0.913386 0.275591 -0.291339 
vn 0.913386 0.275591 -0.299213 
vn 0.913386 0.362205 -0.188976 
vn 0.913386 0.362205 -0.19685 
vn 0.84252 0.535433 0.0787402 
vn 0.88189 0.472441 -0.0393701 
vn 0.88189 0.472441 -0.0393701 
vn 0.834646 0.543307 0.0787402 
vn 0.771654 0.606299 0.19685 
vn 0.771654 0.606299 0.204724 
vn 0.88189 0.251969 -0.385827 
vn 0.889764 0.244094 -0.377953 
vn 0.897638 0.244094 -0.377953 
vn 0.653543 0.669291 0.354331 
vn 0.653543 0.669291 0.354331 
vn -0.543307 -0.19685 0.818898 
vn -0.448819 -0.244094 0.858268 
vn -0.543307 -0.19685 0.818898 
vn -0.582677 -0.299213 0.755906 
vn -0.582677 -0.299213 0.748031 
vn -0.566929 -0.417323 0.708661 
vn -0.566929 -0.425197 0.708661 
vn -0.543307 -0.551181 0.637795 
vn -0.543307 -0.551181 0.637795 
vn -0.551181 -0.622047 0.551181 
vn -0.551181 -0.629921 0.551181 
vn -0.543307 -0.708661 0.448819 
vn -0.543307 -0.716535 0.440945 
vn -0.464567 -0.858268 0.212598 
vn -0.464567 -0.858268 0.212598 
vn 0.251969 -0.425197 -0.866142 
vn 0.204724 -0.448819 -0.866142 
vn 0.133858 -0.488189 -0.866142 
vn 0.314961 -0.267717 -0.913386 
vn 0.354331 -0.133858 -0.929134 
vn 0.409449 0.0787402 -0.913386 
vn 0.425197 0.149606 -0.889764 
vn 0.519685 0.314961 -0.795276 
vn 0.519685 0.314961 -0.795276 
vn 0.496063 0.527559 -0.692913 
vn 0.559055 0.433071 -0.708661 
vn 0.377953 0.629921 -0.677165 
vn 0.330709 0.645669 -0.685039 
vn -0.015748 0.685039 -0.724409 
vn 0.11811 0.685039 -0.724409 
vn -0.220472 0.669291 -0.708661 
vn -0.228346 0.669291 -0.708661 
vn -0.283465 0.669291 -0.685039 
vn -0.283465 0.669291 -0.685039 
vn -0.874016 -0.275591 -0.393701 
vn -0.874016 -0.283465 -0.393701 
vn -0.889764 -0.322835 -0.322835 
vn -0.889764 -0.330709 -0.314961 
vn -0.834646 -0.188976 -0.519685 
vn -0.834646 -0.188976 -0.519685 
vn -0.748031 -0.133858 -0.653543 
vn -0.748031 -0.133858 -0.653543 
vn -0.897638 -0.362205 -0.251969 
vn -0.669291 -0.149606 -0.724409 
vn -0.669291 -0.149606 -0.724409 
vn -0.622047 -0.283465 -0.724409 
vn -0.622047 -0.283465 -0.724409 
vn -0.511811 -0.496063 -0.692913 
vn -0.519685 -0.496063 -0.692913 
vn -0.354331 -0.629921 -0.692913 
vn -0.354331 -0.629921 -0.692913 
vn -0.212598 -0.661417 -0.716535 
vn -0.212598 -0.661417 -0.716535 
vn 0.669291 0.385827 0.629921 
vn 0.716535 0.377953 0.590551 
vn 0.677165 0.385827 0.629921 
vn 0.622047 0.307087 0.716535 
vn 0.598425 0.275591 0.748031 
vn 0.503937 0.110236 0.858268 
vn 0.488189 0.0787402 0.866142 
vn 0.370079 -0.0314961 0.929134 
vn 0.370079 -0.0314961 0.929134 
vn 0.322835 -0.0787402 0.944882 
vn 0.330709 -0.0944882 0.937008 
vn 0.346457 -0.0944882 0.937008 
vn 0.330709 -0.0708661 0.937008 
vn 0.362205 0.023622 0.929134 
vn 0.377953 0.0472441 0.92126 
vn 0.377953 0.125984 0.913386 
vn 0.377953 0.125984 0.92126 
vn 0.275591 0.181102 0.944882 
vn 0.275591 0.181102 0.944882 
vn 0.377953 -0.0944882 -0.92126 
vn 0.330709 -0.0551181 -0.944882 
vn 0.267717 -0.00787402 -0.96063 
vn 0.535433 -0.0393701 -0.84252 
vn 0.677165 0.015748 -0.732283 
vn 0.80315 0.0944882 -0.582677 
vn 0.858268 0.133858 -0.496063 
vn 0.905512 0.173228 -0.385827 
vn 0.905512 0.173228 -0.385827 
vn -0.472441 0.740157 -0.480315 
vn -0.464567 0.740157 -0.480315 
vn -0.503937 0.732283 -0.464567 
vn -0.511811 0.724409 -0.456693 
vn -0.425197 0.637795 -0.645669 
vn -0.417323 0.622047 -0.661417 
vn -0.377953 0.480315 -0.787402 
vn -0.377953 0.480315 -0.787402 
vn -0.551181 0.708661 -0.440945 
vn 0.291339 -0.653543 0.700787 
vn 0.330709 -0.677165 0.661417 
vn 0.291339 -0.653543 0.700787 
vn 0.204724 -0.685039 0.700787 
vn 0.188976 -0.692913 0.700787 
vn 0.0708661 -0.629921 0.771654 
vn 0.0629921 -0.614173 0.787402 
vn 0.023622 -0.519685 0.850394 
vn 0.023622 -0.519685 0.850394 
vn -0.984252 0.0472441 0.173228 
vn -0.96063 0.110236 0.251969 
vn -0.96063 0.125984 0.244094 
vn -0.984252 0.0866142 0.133858 
vn -0.84252 0.472441 0.267717 
vn -0.88189 0.440945 0.173228 
vn -1 -0.0314961 0.0787402 
vn -1 -0.0314961 0.0787402 
vn -0.866142 0.346457 0.354331 
vn -0.976378 0.204724 0.0551181 
vn 0.913386 0 -0.401575 
vn 0.913386 0 -0.401575 
vn 0.905512 0.015748 -0.417323 
vn 0.905512 0.015748 -0.425197 
vn 0.755906 -0.299213 0.582677 
vn 0.755906 -0.299213 0.582677 
vn 0.748031 -0.259843 0.606299 
vn 0.748031 -0.259843 0.614173 
vn 0.937008 -0.0393701 -0.346457 
vn 0.937008 -0.0314961 -0.354331 
vn 0.937008 -0.346457 0.023622 
vn 0.866142 -0.0944882 0.496063 
vn 0.850394 -0.110236 0.519685 
vn 0.937008 -0.283465 0.212598 
vn 0.96063 -0.0944882 -0.259843 
vn 0.96063 -0.110236 -0.244094 
vn 0.984252 -0.0314961 -0.15748 
vn 0.984252 -0.023622 -0.173228 
vn 0.80315 -0.559055 -0.220472 
vn 1 0.0551181 -0.0708661 
vn 1 0.0551181 -0.0708661 
vn 0.811024 -0.181102 -0.551181 
vn -0.614173 0.133858 -0.779528 
vn -0.622047 0.125984 -0.771654 
vn -0.622047 0.125984 -0.771654 
vn -0.606299 0.141732 -0.779528 
vn -0.141732 -0.992126 -0.0551181 
vn -0.133858 -0.984252 -0.110236 
vn -0.133858 -0.984252 -0.125984 
vn -0.700787 -0.19685 0.685039 
vn -0.700787 -0.19685 0.685039 
vn -0.716535 -0.125984 0.685039 
vn -0.716535 -0.125984 0.685039 
vn -0.133858 -0.976378 -0.188976 
vn -0.606299 0.149606 -0.787402 
vn -0.606299 0.149606 -0.787402 
vn -0.480315 -0.606299 0.637795 
vn -0.291339 -0.787402 0.543307 
vn -0.291339 -0.787402 0.543307 
vn -0.574803 -0.472441 0.669291 
vn 0.0944882 0.984252 0.141732 
vn 0.0944882 0.984252 0.141732 
vn -0.023622 0.984252 0.165354 
vn -0.015748 0.984252 0.165354 
vn -0.346457 -0.23622 -0.905512 
vn -0.409449 -0.354331 -0.84252 
vn -0.409449 -0.362205 -0.834646 
vn -0.346457 -0.23622 -0.905512 
vn -0.0944882 0.976378 0.181102 
vn -0.0944882 0.976378 0.181102 
vn -0.330709 -0.748031 -0.574803 
vn -0.330709 -0.748031 -0.574803 
vn -0.330709 -0.748031 -0.574803 
vn -0.330709 -0.748031 -0.574803 
vn -0.464567 -0.472441 -0.748031 
vn -0.464567 -0.472441 -0.748031 
vn 0.96063 0.125984 0.244094 
vn 0.96063 0.110236 0.251969 
vn 0.984252 0.0472441 0.173228 
vn 0.984252 0.0866142 0.133858 
vn 0.84252 0.472441 0.267717 
vn 0.88189 0.440945 0.173228 
vn 1 -0.0314961 0.0787402 
vn 1 -0.0314961 0.0787402 
vn 0.866142 0.346457 0.354331 
vn 0.976378 0.204724 0.0551181 
vn -0.913386 0 -0.401575 
vn -0.905512 0.015748 -0.425197 
vn -0.905512 0.015748 -0.417323 
vn -0.913386 0 -0.401575 
vn -0.755906 -0.299213 0.582677 
vn -0.748031 -0.259843 0.614173 
vn -0.748031 -0.259843 0.606299 
vn -0.755906 -0.299213 0.582677 
vn -0.937008 -0.0314961 -0.354331 
vn -0.937008 -0.0393701 -0.346457 
vn -0.850394 -0.110236 0.519685 
vn -0.866142 -0.0944882 0.496063 
vn -0.937008 -0.346457 0.023622 
vn -0.937008 -0.283465 0.212598 
vn -0.984252 -0.0314961 -0.15748 
vn -0.96063 -0.110236 -0.244094 
vn -0.96063 -0.0944882 -0.259843 
vn -0.984252 -0.023622 -0.173228 
vn -0.80315 -0.559055 -0.220472 
vn -1 0.0551181 -0.0708661 
vn -1 0.0551181 -0.0708661 
vn -0.811024 -0.181102 -0.551181 
vn 0.614173 0.133858 -0.779528 
vn 0.606299 0.141732 -0.779528 
vn 0.622047 0.125984 -0.771654 
vn 0.622047 0.125984 -0.771654 
vn 0.141732 -0.992126 -0.0551181 
vn 0.133858 -0.984252 -0.125984 
vn 0.133858 -0.984252 -0.110236 
vn 0.716535 -0.125984 0.685039 
vn 0.700787 -0.19685 0.685039 
vn 0.700787 -0.19685 0.685039 
vn 0.716535 -0.125984 0.685039 
vn 0.133858 -0.976378 -0.188976 
vn 0.606299 0.149606 -0.787402 
vn 0.606299 0.149606 -0.787402 
vn 0.480315 -0.606299 0.637795 
vn 0.574803 -0.472441 0.669291 
vn 0.291339 -0.787402 0.543307 
vn 0.291339 -0.787402 0.543307 
vn 0.023622 0.984252 0.165354 
vn -0.0944882 0.984252 0.141732 
vn -0.0944882 0.984252 0.141732 
vn 0.015748 0.984252 0.165354 
vn 0.346457 -0.23622 -0.905512 
vn 0.409449 -0.362205 -0.834646 
vn 0.409449 -0.354331 -0.84252 
vn 0.346457 -0.23622 -0.905512 
vn 0.0944882 0.976378 0.181102 
vn 0.0944882 0.976378 0.181102 
vn 0.330709 -0.748031 -0.574803 
vn 0.330709 -0.748031 -0.574803 
vn 0.330709 -0.748031 -0.574803 
vn 0.330709 -0.748031 -0.574803 
vn 0.464567 -0.472441 -0.748031 
vn 0.464567 -0.472441 -0.748031 

vt 0.98403 0.4612 
vt 0.978283 0.481053 
vt 0.975213 0.476339 
vt 0.973048 0.471508 
vt 0.971721 0.465784 
vt 0.971233 0.459013 
vt 0.971726 0.452863 
vt 0.993191 0.4643 
vt 0.990794 0.470261 
vt 0.988928 0.47555 
vt 0.984814 0.481432 
vt 0.981456 0.482725 
vt 0.976284 0.481249 
vt 0.973566 0.476846 
vt 0.971243 0.47146 
vt 0.969561 0.465401 
vt 0.969299 0.458612 
vt 0.970109 0.451614 
vt 0.971613 0.481974 
vt 0.969541 0.47601 
vt 0.967982 0.469674 
vt 0.967484 0.464335 
vt 0.967505 0.456837 
vt 0.968262 0.449538 
vt 0.941664 0.438181 
vt 0.940876 0.450869 
vt 0.939064 0.448095 
vt 0.943078 0.452063 
vt 0.945354 0.451747 
vt 0.947563 0.450678 
vt 0.949567 0.448072 
vt 0.938366 0.429733 
vt 0.940383 0.426051 
vt 0.937245 0.43405 
vt 0.937229 0.439215 
vt 0.937869 0.444187 
vt 0.940037 0.454683 
vt 0.937761 0.451336 
vt 0.942734 0.456118 
vt 0.945616 0.4558 
vt 0.948362 0.454176 
vt 0.950803 0.45114 
vt 0.937329 0.428654 
vt 0.939298 0.423113 
vt 0.935217 0.432981 
vt 0.935268 0.439658 
vt 0.936269 0.446214 
vt 0.939764 0.462023 
vt 0.936173 0.457721 
vt 0.943208 0.4637 
vt 0.946899 0.462918 
vt 0.950282 0.46046 
vt 0.953123 0.456693 
vt 0.935298 0.426936 
vt 0.937759 0.418918 
vt 0.93303 0.432729 
vt 0.932413 0.441246 
vt 0.934103 0.451468 
vt 0.938274 0.472117 
vt 0.932867 0.464564 
vt 0.942761 0.47442 
vt 0.947695 0.473953 
vt 0.952999 0.470642 
vt 0.957041 0.465246 
vt 0.932978 0.420902 
vt 0.936883 0.411634 
vt 0.930092 0.431152 
vt 0.928172 0.445051 
vt 0.929894 0.455157 
vt 0.939023 0.475294 
vt 0.934666 0.470696 
vt 0.943589 0.476799 
vt 0.94873 0.476352 
vt 0.953887 0.473499 
vt 0.957967 0.468049 
vt 0.941603 0.477907 
vt 0.937126 0.475121 
vt 0.94602 0.478283 
vt 0.950554 0.476977 
vt 0.954626 0.474366 
vt 0.958465 0.469302 
vt 0.932978 0.420902 
vt 0.931495 0.420943 
vt 0.935552 0.410237 
vt 0.936883 0.411634 
vt 0.930092 0.431152 
vt 0.929266 0.430393 
vt 0.928172 0.445051 
vt 0.927196 0.444098 
vt 0.928571 0.456497 
vt 0.929894 0.455157 
vt 0.931456 0.465963 
vt 0.932867 0.464564 
vt 0.931456 0.465963 
vt 0.932867 0.464564 
vt 0.934666 0.470696 
vt 0.933216 0.470278 
vt 0.942689 0.481159 
vt 0.938568 0.479357 
vt 0.937126 0.475121 
vt 0.941603 0.477907 
vt 0.937126 0.475121 
vt 0.937548 0.478465 
vt 0.947346 0.4813 
vt 0.94602 0.478283 
vt 0.951459 0.480632 
vt 0.950554 0.476977 
vt 0.954626 0.474366 
vt 0.955868 0.477287 
vt 0.960004 0.471949 
vt 0.958465 0.469302 
vt 0.982182 0.437673 
vt 0.985653 0.437155 
vt 0.978499 0.43834 
vt 0.975464 0.44278 
vt 0.97302 0.447767 
vt 0.993324 0.456943 
vt 0.992917 0.44795 
vt 0.991035 0.442612 
vt 0.988553 0.439027 
vt 0.980668 0.434845 
vt 0.984587 0.434364 
vt 0.977231 0.436673 
vt 0.973689 0.441516 
vt 0.971516 0.445736 
vt 0.976946 0.431796 
vt 0.980876 0.429218 
vt 0.973402 0.435083 
vt 0.971476 0.438293 
vt 0.969508 0.442955 
vt 0.951738 0.427462 
vt 0.952626 0.431457 
vt 0.952809 0.435856 
vt 0.952286 0.440356 
vt 0.951189 0.444541 
vt 0.942898 0.423724 
vt 0.945445 0.422469 
vt 0.947965 0.422609 
vt 0.95016 0.424501 
vt 0.953663 0.425068 
vt 0.95486 0.430288 
vt 0.95499 0.435838 
vt 0.954222 0.441343 
vt 0.952839 0.446598 
vt 0.94234 0.421036 
vt 0.945629 0.418303 
vt 0.948869 0.418919 
vt 0.951645 0.421446 
vt 0.957267 0.422664 
vt 0.958733 0.430454 
vt 0.958626 0.437991 
vt 0.957548 0.444805 
vt 0.955668 0.451086 
vt 0.941821 0.415295 
vt 0.946496 0.411944 
vt 0.950919 0.414183 
vt 0.954698 0.417489 
vt 0.961915 0.416609 
vt 0.964292 0.428263 
vt 0.964747 0.438018 
vt 0.963326 0.447465 
vt 0.960479 0.457047 
vt 0.941093 0.406646 
vt 0.947021 0.402373 
vt 0.952152 0.403703 
vt 0.957603 0.409124 
vt 0.964603 0.420641 
vt 0.966002 0.430183 
vt 0.966117 0.440083 
vt 0.96469 0.449435 
vt 0.96178 0.459509 
vt 0.966356 0.426122 
vt 0.966875 0.436064 
vt 0.966406 0.444283 
vt 0.96477 0.452673 
vt 0.962274 0.461132 
vt 0.941093 0.406646 
vt 0.940566 0.403261 
vt 0.947021 0.402373 
vt 0.947248 0.399102 
vt 0.95272 0.400711 
vt 0.952152 0.403703 
vt 0.958483 0.405915 
vt 0.957603 0.409124 
vt 0.96275 0.4132 
vt 0.961915 0.416609 
vt 0.964603 0.420641 
vt 0.961915 0.416609 
vt 0.96275 0.4132 
vt 0.964784 0.41783 
vt 0.966356 0.426122 
vt 0.968446 0.43 
vt 0.968325 0.438815 
vt 0.966875 0.436064 
vt 0.966356 0.426122 
vt 0.968294 0.427822 
vt 0.967824 0.447356 
vt 0.966406 0.444283 
vt 0.966761 0.455062 
vt 0.96477 0.452673 
vt 0.962274 0.461132 
vt 0.963741 0.463817 
vt 0.826505 0.330943 
vt 0.826821 0.329299 
vt 0.839997 0.349771 
vt 0.815735 0.31878 
vt 0.814911 0.321338 
vt 0.80145 0.316523 
vt 0.800295 0.319636 
vt 0.789407 0.32329 
vt 0.788245 0.318795 
vt 0.778382 0.323629 
vt 0.7802 0.329559 
vt 0.773563 0.333992 
vt 0.767777 0.330577 
vt 0.759528 0.343435 
vt 0.757312 0.338478 
vt 0.815028 0.32708 
vt 0.814911 0.321338 
vt 0.826505 0.330943 
vt 0.826573 0.334334 
vt 0.80203 0.326624 
vt 0.800295 0.319636 
vt 0.789998 0.329333 
vt 0.789407 0.32329 
vt 0.839997 0.349771 
vt 0.783302 0.335497 
vt 0.7802 0.329559 
vt 0.776487 0.340915 
vt 0.773563 0.333992 
vt 0.761398 0.349771 
vt 0.759528 0.343435 
vt 0.778051 0.449934 
vt 0.781598 0.442631 
vt 0.778246 0.45131 
vt 0.774602 0.453847 
vt 0.774968 0.456144 
vt 0.770029 0.457073 
vt 0.770211 0.454297 
vt 0.766227 0.452948 
vt 0.765626 0.455372 
vt 0.764217 0.4507 
vt 0.762702 0.453032 
vt 0.762294 0.448374 
vt 0.759224 0.449473 
vt 0.757939 0.442631 
vt 0.756269 0.444991 
vt 0.82807 0.342119 
vt 0.828225 0.340297 
vt 0.83975 0.356804 
vt 0.818063 0.334654 
vt 0.817489 0.337541 
vt 0.803411 0.333272 
vt 0.802354 0.336523 
vt 0.791641 0.341111 
vt 0.790526 0.336426 
vt 0.778048 0.343697 
vt 0.779786 0.349553 
vt 0.773561 0.354289 
vt 0.767814 0.351243 
vt 0.759693 0.362387 
vt 0.757457 0.357549 
vt 0.817359 0.343841 
vt 0.817489 0.337541 
vt 0.82807 0.342119 
vt 0.827972 0.345333 
vt 0.804229 0.343706 
vt 0.802354 0.336523 
vt 0.792545 0.347267 
vt 0.791641 0.341111 
vt 0.83975 0.356804 
vt 0.78287 0.354623 
vt 0.779786 0.349553 
vt 0.776518 0.360757 
vt 0.773561 0.354289 
vt 0.761679 0.368219 
vt 0.759693 0.362387 
vt 0.77934 0.444546 
vt 0.782298 0.4381 
vt 0.779594 0.445908 
vt 0.776006 0.446568 
vt 0.776421 0.448882 
vt 0.771788 0.447581 
vt 0.771682 0.450465 
vt 0.767944 0.446746 
vt 0.767425 0.449338 
vt 0.764883 0.444288 
vt 0.763466 0.446901 
vt 0.762897 0.442222 
vt 0.759898 0.443793 
vt 0.758057 0.4381 
vt 0.756493 0.440802 
vt 0.981907 0.0483897 
vt 0.989476 0.0207831 
vt 0.985241 0.0538235 
vt 0.978582 0.0762668 
vt 0.982775 0.0805202 
vt 0.979841 0.114617 
vt 0.983742 0.114668 
vt 0.982228 0.147041 
vt 0.977592 0.150507 
vt 0.982436 0.180135 
vt 0.977798 0.185372 
vt 0.985349 0.199495 
vt 0.981278 0.206953 
vt 0.985241 0.0538235 
vt 0.989476 0.0207831 
vt 0.991311 0.0561597 
vt 0.988976 0.0803899 
vt 0.989873 0.114695 
vt 0.983742 0.114668 
vt 0.982775 0.0805202 
vt 0.988409 0.147928 
vt 0.982228 0.147041 
vt 0.988565 0.177989 
vt 0.982436 0.180135 
vt 0.991311 0.195252 
vt 0.985349 0.199495 
vt 0.777786 0.457843 
vt 0.774622 0.461283 
vt 0.773688 0.457743 
vt 0.771419 0.462881 
vt 0.770894 0.458798 
vt 0.766905 0.462199 
vt 0.766887 0.458203 
vt 0.762695 0.463258 
vt 0.76301 0.459018 
vt 0.759536 0.459089 
vt 0.758662 0.463175 
vt 0.757569 0.457743 
vt 0.75621 0.461446 
vt 0.856703 0.370947 
vt 0.852823 0.361111 
vt 0.856366 0.359459 
vt 0.87109 0.357444 
vt 0.871738 0.370426 
vt 0.863746 0.369745 
vt 0.861944 0.357521 
vt 0.878605 0.357077 
vt 0.880374 0.36941 
vt 0.887163 0.358287 
vt 0.888915 0.370501 
vt 0.897484 0.360259 
vt 0.896493 0.370947 
vt 0.904006 0.359477 
vt 0.901739 0.369717 
vt 0.856366 0.359459 
vt 0.852823 0.361111 
vt 0.857063 0.350703 
vt 0.861944 0.357521 
vt 0.863377 0.348174 
vt 0.872445 0.344386 
vt 0.87109 0.357444 
vt 0.878605 0.357077 
vt 0.881294 0.343331 
vt 0.887163 0.358287 
vt 0.889648 0.345081 
vt 0.897484 0.360259 
vt 0.897066 0.347585 
vt 0.90243 0.349888 
vt 0.904006 0.359477 
vt 0.761272 0.477336 
vt 0.762611 0.476409 
vt 0.762669 0.478991 
vt 0.764235 0.477018 
vt 0.763978 0.480526 
vt 0.766133 0.477026 
vt 0.766152 0.481917 
vt 0.76827 0.477135 
vt 0.768329 0.482651 
vt 0.770419 0.47676 
vt 0.770455 0.482758 
vt 0.772351 0.476409 
vt 0.772445 0.482444 
vt 0.773703 0.476894 
vt 0.773893 0.482038 
vt 0.835995 0.182304 
vt 0.82655 0.178633 
vt 0.827588 0.170875 
vt 0.838633 0.171634 
vt 0.844501 0.184691 
vt 0.846288 0.172533 
vt 0.846288 0.172533 
vt 0.844529 0.158833 
vt 0.859405 0.155974 
vt 0.86085 0.173245 
vt 0.861122 0.185578 
vt 0.86085 0.173245 
vt 0.874383 0.154277 
vt 0.875037 0.172962 
vt 0.875037 0.172962 
vt 0.876487 0.184691 
vt 0.888976 0.154106 
vt 0.889541 0.171711 
vt 0.889541 0.171711 
vt 0.891017 0.185578 
vt 0.900752 0.171473 
vt 0.900752 0.171473 
vt 0.827588 0.170875 
vt 0.827612 0.162912 
vt 0.83577 0.16096 
vt 0.838633 0.171634 
vt 0.77689 0.468704 
vt 0.773536 0.472892 
vt 0.774117 0.465197 
vt 0.769543 0.47267 
vt 0.770128 0.464903 
vt 0.765462 0.47251 
vt 0.765842 0.465115 
vt 0.761298 0.472892 
vt 0.761125 0.466621 
vt 0.758768 0.472766 
vt 0.758744 0.467239 
vt 0.756342 0.472759 
vt 0.755994 0.46788 
vt 0.827612 0.162912 
vt 0.827588 0.170875 
vt 0.82655 0.178633 
vt 0.850545 0.336927 
vt 0.851354 0.340671 
vt 0.84854 0.339416 
vt 0.847386 0.335785 
vt 0.855637 0.33363 
vt 0.858979 0.337727 
vt 0.861362 0.329545 
vt 0.864883 0.334829 
vt 0.869859 0.322196 
vt 0.873373 0.32987 
vt 0.878481 0.32788 
vt 0.876596 0.319796 
vt 0.883892 0.320194 
vt 0.88418 0.328205 
vt 0.890235 0.322835 
vt 0.890713 0.330192 
vt 0.901826 0.332965 
vt 0.901514 0.336288 
vt 0.89646 0.332523 
vt 0.896222 0.326971 
vt 0.908455 0.34377 
vt 0.901514 0.336288 
vt 0.908455 0.34377 
vt 0.904856 0.344848 
vt 0.89646 0.332523 
vt 0.898718 0.341961 
vt 0.892755 0.339978 
vt 0.890713 0.330192 
vt 0.885031 0.33913 
vt 0.88418 0.328205 
vt 0.87956 0.338718 
vt 0.878481 0.32788 
vt 0.874786 0.340501 
vt 0.865143 0.34383 
vt 0.864883 0.334829 
vt 0.873373 0.32987 
vt 0.858479 0.344848 
vt 0.858979 0.337727 
vt 0.851354 0.340671 
vt 0.851551 0.343745 
vt 0.84775 0.342268 
vt 0.84854 0.339416 
vt 0.756864 0.421581 
vt 0.755935 0.421436 
vt 0.757593 0.418645 
vt 0.758422 0.420714 
vt 0.759061 0.417228 
vt 0.759965 0.420377 
vt 0.760608 0.416184 
vt 0.761947 0.420002 
vt 0.762219 0.415383 
vt 0.763358 0.41983 
vt 0.764103 0.41527 
vt 0.76459 0.420322 
vt 0.765846 0.415825 
vt 0.767109 0.421281 
vt 0.768058 0.417804 
vt 0.768856 0.421581 
vt 0.76959 0.418777 
vt 0.770665 0.421322 
vt 0.770911 0.419553 
vt 0.771701 0.420902 
vt 0.771714 0.419109 
vt 0.84854 0.339416 
vt 0.84775 0.342268 
vt 0.847386 0.335785 
vt 0.889918 0.421663 
vt 0.883931 0.435136 
vt 0.882887 0.422677 
vt 0.889918 0.421663 
vt 0.882887 0.422677 
vt 0.885326 0.409061 
vt 0.879686 0.436333 
vt 0.878994 0.422848 
vt 0.880865 0.408773 
vt 0.878994 0.422848 
vt 0.873855 0.422147 
vt 0.874901 0.4074 
vt 0.874074 0.43644 
vt 0.873855 0.422147 
vt 0.868324 0.422043 
vt 0.868867 0.4074 
vt 0.863971 0.422181 
vt 0.862557 0.410689 
vt 0.86362 0.434637 
vt 0.863971 0.422181 
vt 0.868324 0.422043 
vt 0.868825 0.435807 
vt 0.859593 0.42326 
vt 0.85803 0.432898 
vt 0.859593 0.42326 
vt 0.857666 0.414917 
vt 0.855018 0.425211 
vt 0.853511 0.416172 
vt 0.855018 0.425211 
vt 0.854816 0.433353 
vt 0.853065 0.435418 
vt 0.851338 0.428764 
vt 0.851338 0.428764 
vt 0.850044 0.420217 
vt 0.7804 0.427794 
vt 0.779823 0.428945 
vt 0.779439 0.428409 
vt 0.779683 0.426723 
vt 0.778758 0.427973 
vt 0.778837 0.425962 
vt 0.777587 0.428114 
vt 0.777811 0.424925 
vt 0.776443 0.428291 
vt 0.776424 0.424392 
vt 0.775086 0.4243 
vt 0.775283 0.428737 
vt 0.774037 0.428945 
vt 0.77375 0.424517 
vt 0.77308 0.428755 
vt 0.772745 0.424752 
vt 0.771334 0.426728 
vt 0.957258 0.153837 
vt 0.961144 0.16465 
vt 0.955687 0.157996 
vt 0.955687 0.157996 
vt 0.961144 0.16465 
vt 0.956219 0.164023 
vt 0.951162 0.153463 
vt 0.951974 0.148825 
vt 0.946136 0.150719 
vt 0.94653 0.145931 
vt 0.951595 0.158874 
vt 0.951162 0.153463 
vt 0.946456 0.156157 
vt 0.946136 0.150719 
vt 0.941015 0.149206 
vt 0.941001 0.14288 
vt 0.94127 0.155318 
vt 0.941015 0.149206 
vt 0.930857 0.149027 
vt 0.929986 0.140604 
vt 0.930857 0.149027 
vt 0.932153 0.15696 
vt 0.92287 0.159169 
vt 0.922173 0.149019 
vt 0.921309 0.139824 
vt 0.922173 0.149019 
vt 0.91503 0.151297 
vt 0.913049 0.143387 
vt 0.91554 0.160755 
vt 0.91503 0.151297 
vt 0.908259 0.154518 
vt 0.905856 0.147295 
vt 0.902752 0.15888 
vt 0.908259 0.154518 
vt 0.908808 0.162653 
vt 0.902862 0.163907 
vt 0.900068 0.16465 
vt 0.899977 0.160694 
vt 0.901719 0.154086 
vt 0.902752 0.15888 
vt 0.899977 0.160694 
vt 0.898676 0.156227 
vt 0.759562 0.426643 
vt 0.758757 0.427121 
vt 0.759432 0.425282 
vt 0.760381 0.425532 
vt 0.760312 0.424063 
vt 0.761332 0.424949 
vt 0.761306 0.42333 
vt 0.762317 0.424725 
vt 0.762352 0.422757 
vt 0.764098 0.425008 
vt 0.764483 0.422418 
vt 0.765905 0.425408 
vt 0.766165 0.422503 
vt 0.767317 0.425741 
vt 0.767736 0.42316 
vt 0.768578 0.426362 
vt 0.7691 0.424063 
vt 0.769969 0.425252 
vt 0.769688 0.426972 
vt 0.77023 0.427121 
vt 0.770521 0.425848 
vt 0.956532 0.17157 
vt 0.956946 0.17079 
vt 0.962188 0.186187 
vt 0.951289 0.161736 
vt 0.950215 0.162955 
vt 0.9409 0.158228 
vt 0.940029 0.160479 
vt 0.932694 0.16312 
vt 0.932754 0.160554 
vt 0.925252 0.164253 
vt 0.926415 0.166662 
vt 0.922407 0.169618 
vt 0.918009 0.165508 
vt 0.914288 0.17066 
vt 0.916138 0.171598 
vt 0.908874 0.176858 
vt 0.907018 0.176194 
vt 0.906131 0.179709 
vt 0.904337 0.180205 
vt 0.950425 0.168154 
vt 0.950215 0.162955 
vt 0.956532 0.17157 
vt 0.956554 0.174382 
vt 0.940856 0.166182 
vt 0.940029 0.160479 
vt 0.933663 0.168632 
vt 0.932694 0.16312 
vt 0.962188 0.186187 
vt 0.927604 0.172472 
vt 0.926415 0.166662 
vt 0.923598 0.175315 
vt 0.922407 0.169618 
vt 0.917046 0.179171 
vt 0.916138 0.171598 
vt 0.908874 0.176858 
vt 0.909392 0.183185 
vt 0.906131 0.179709 
vt 0.906609 0.186187 
vt 0.778549 0.432258 
vt 0.779054 0.429421 
vt 0.778714 0.43279 
vt 0.777706 0.434193 
vt 0.77797 0.435109 
vt 0.775909 0.436211 
vt 0.775857 0.434974 
vt 0.774345 0.43559 
vt 0.77447 0.434419 
vt 0.773325 0.433488 
vt 0.772901 0.434577 
vt 0.772594 0.432778 
vt 0.771494 0.433756 
vt 0.771368 0.431934 
vt 0.77068 0.433056 
vt 0.770152 0.430326 
vt 0.769509 0.431154 
vt 0.769788 0.429421 
vt 0.769177 0.43009 
vt 0.841688 0.419236 
vt 0.842381 0.420209 
vt 0.843325 0.427873 
vt 0.840252 0.405951 
vt 0.839148 0.405003 
vt 0.837002 0.394204 
vt 0.835734 0.394449 
vt 0.831471 0.385326 
vt 0.832438 0.384107 
vt 0.827111 0.375453 
vt 0.827026 0.378252 
vt 0.823508 0.374577 
vt 0.823427 0.371305 
vt 0.819599 0.368455 
vt 0.820295 0.371626 
vt 0.816954 0.371918 
vt 0.815431 0.369693 
vt 0.816187 0.372574 
vt 0.81584 0.37256 
vt 0.837599 0.407736 
vt 0.839148 0.405003 
vt 0.841688 0.419236 
vt 0.840737 0.421487 
vt 0.834171 0.398274 
vt 0.835734 0.394449 
vt 0.830255 0.389344 
vt 0.831471 0.385326 
vt 0.843325 0.427873 
vt 0.825663 0.382302 
vt 0.827026 0.378252 
vt 0.823508 0.374577 
vt 0.822273 0.379159 
vt 0.819173 0.37632 
vt 0.820295 0.371626 
vt 0.816954 0.371918 
vt 0.815758 0.375276 
vt 0.816187 0.372574 
vt 0.81595 0.373166 
vt 0.802429 0.421241 
vt 0.802031 0.427873 
vt 0.801164 0.421709 
vt 0.799776 0.409402 
vt 0.801979 0.408874 
vt 0.800813 0.397578 
vt 0.803324 0.399045 
vt 0.805051 0.390207 
vt 0.802968 0.387543 
vt 0.807971 0.382472 
vt 0.806371 0.377978 
vt 0.810482 0.378892 
vt 0.809297 0.373561 
vt 0.812654 0.375403 
vt 0.812127 0.369745 
vt 0.815431 0.369693 
vt 0.815758 0.375276 
vt 0.81584 0.37256 
vt 0.81595 0.373166 
vt 0.854065 0.394492 
vt 0.84986 0.384671 
vt 0.864816 0.376909 
vt 0.866884 0.387943 
vt 0.87199 0.375376 
vt 0.872126 0.388397 
vt 0.878558 0.375944 
vt 0.877753 0.388644 
vt 0.886773 0.380277 
vt 0.885224 0.391051 
vt 0.890585 0.39367 
vt 0.890585 0.39367 
vt 0.88687 0.40414 
vt 0.885224 0.391051 
vt 0.877678 0.402229 
vt 0.877753 0.388644 
vt 0.87111 0.400919 
vt 0.872126 0.388397 
vt 0.866884 0.387943 
vt 0.864573 0.398243 
vt 0.850968 0.40414 
vt 0.854065 0.394492 
vt 0.798823 0.467569 
vt 0.800041 0.465089 
vt 0.799966 0.469288 
vt 0.802053 0.468858 
vt 0.801923 0.464191 
vt 0.80336 0.464279 
vt 0.803543 0.468645 
vt 0.804892 0.464274 
vt 0.804997 0.468386 
vt 0.808235 0.465753 
vt 0.80825 0.469288 
vt 0.985834 0.257849 
vt 0.980433 0.268743 
vt 0.975793 0.250602 
vt 0.983807 0.242312 
vt 0.985834 0.257849 
vt 0.983807 0.242312 
vt 0.990955 0.242242 
vt 0.991993 0.259303 
vt 0.975435 0.232402 
vt 0.983376 0.228335 
vt 0.990691 0.230402 
vt 0.983376 0.228335 
vt 0.980256 0.215312 
vt 0.984877 0.216616 
vt 0.988202 0.206223 
vt 0.991993 0.221011 
vt 0.984877 0.216616 
vt 0.988202 0.206223 
vt 0.799737 0.482702 
vt 0.797987 0.482174 
vt 0.799017 0.478946 
vt 0.800701 0.481889 
vt 0.800743 0.476687 
vt 0.801956 0.481921 
vt 0.802624 0.475991 
vt 0.803774 0.482702 
vt 0.804711 0.477105 
vt 0.991993 0.259303 
vt 0.980433 0.268743 
vt 0.985834 0.257849 
vt 0.963169 0.253521 
vt 0.961902 0.274888 
vt 0.958107 0.268136 
vt 0.953489 0.252235 
vt 0.957584 0.23509 
vt 0.96214 0.231047 
vt 0.963169 0.253521 
vt 0.953489 0.252235 
vt 0.948623 0.271271 
vt 0.945969 0.251623 
vt 0.948987 0.230147 
vt 0.945969 0.251623 
vt 0.937779 0.251056 
vt 0.938022 0.228337 
vt 0.938245 0.272355 
vt 0.937779 0.251056 
vt 0.93049 0.251729 
vt 0.929004 0.229209 
vt 0.93049 0.251729 
vt 0.930862 0.272964 
vt 0.924117 0.253456 
vt 0.923583 0.274888 
vt 0.915219 0.256079 
vt 0.924117 0.253456 
vt 0.915219 0.256079 
vt 0.922266 0.228556 
vt 0.791057 0.435487 
vt 0.788516 0.436815 
vt 0.788696 0.430889 
vt 0.786981 0.436416 
vt 0.787255 0.430359 
vt 0.785511 0.436402 
vt 0.78551 0.430065 
vt 0.783479 0.436675 
vt 0.78337 0.430388 
vt 0.7816 0.430848 
vt 0.781614 0.436815 
vt 0.780627 0.431219 
vt 0.78063 0.436781 
vt 0.967795 0.363251 
vt 0.978766 0.344063 
vt 0.969666 0.389057 
vt 0.95265 0.369625 
vt 0.958575 0.369635 
vt 0.957904 0.39561 
vt 0.95016 0.395497 
vt 0.943246 0.394159 
vt 0.947433 0.368553 
vt 0.933949 0.364803 
vt 0.926208 0.391917 
vt 0.963244 0.39482 
vt 0.962714 0.368387 
vt 0.946033 0.348944 
vt 0.947433 0.368553 
vt 0.933949 0.364803 
vt 0.934591 0.344063 
vt 0.950758 0.349135 
vt 0.95265 0.369625 
vt 0.955338 0.34907 
vt 0.958575 0.369635 
vt 0.958369 0.347386 
vt 0.962714 0.368387 
vt 0.963684 0.345178 
vt 0.967795 0.363251 
vt 0.978766 0.344063 
vt 0.793256 0.470112 
vt 0.795371 0.472061 
vt 0.795005 0.476774 
vt 0.796201 0.472341 
vt 0.79599 0.477712 
vt 0.795005 0.476774 
vt 0.795371 0.472061 
vt 0.796201 0.472341 
vt 0.796683 0.472403 
vt 0.796808 0.477642 
vt 0.79599 0.477712 
vt 0.796683 0.472403 
vt 0.797365 0.472068 
vt 0.797972 0.477213 
vt 0.796808 0.477642 
vt 0.797365 0.472068 
vt 0.798002 0.471429 
vt 0.798953 0.476611 
vt 0.797972 0.477213 
vt 0.79964 0.470112 
vt 0.801411 0.475051 
vt 0.798953 0.476611 
vt 0.798002 0.471429 
vt 0.932463 0.333748 
vt 0.942068 0.316618 
vt 0.944311 0.327679 
vt 0.95068 0.317203 
vt 0.951469 0.328134 
vt 0.955719 0.318356 
vt 0.956152 0.328927 
vt 0.959984 0.318334 
vt 0.960764 0.329605 
vt 0.964734 0.318876 
vt 0.965116 0.329724 
vt 0.970388 0.327958 
vt 0.969322 0.318591 
vt 0.974607 0.316618 
vt 0.977631 0.325836 
vt 0.978459 0.33562 
vt 0.969307 0.340749 
vt 0.970388 0.327958 
vt 0.977631 0.325836 
vt 0.962978 0.341165 
vt 0.965116 0.329724 
vt 0.960764 0.329605 
vt 0.957213 0.340118 
vt 0.956152 0.328927 
vt 0.953078 0.33916 
vt 0.951469 0.328134 
vt 0.946732 0.337559 
vt 0.939746 0.335787 
vt 0.944311 0.327679 
vt 0.932463 0.333748 
vt 0.774123 0.400243 
vt 0.773818 0.403487 
vt 0.772249 0.404593 
vt 0.773831 0.406652 
vt 0.772393 0.408358 
vt 0.773941 0.409433 
vt 0.772595 0.410478 
vt 0.77407 0.411205 
vt 0.772668 0.412244 
vt 0.774253 0.413609 
vt 0.772734 0.414227 
vt 0.774124 0.416252 
vt 0.7726 0.416169 
vt 0.773387 0.419768 
vt 0.772249 0.418204 
vt 0.967623 0.284288 
vt 0.966719 0.296413 
vt 0.961172 0.294796 
vt 0.960296 0.27961 
vt 0.961286 0.310292 
vt 0.953646 0.310216 
vt 0.954797 0.294719 
vt 0.961172 0.294796 
vt 0.94802 0.311042 
vt 0.948191 0.29491 
vt 0.952268 0.277855 
vt 0.954797 0.294719 
vt 0.948191 0.29491 
vt 0.944104 0.279465 
vt 0.940323 0.294883 
vt 0.937189 0.283688 
vt 0.939597 0.310858 
vt 0.940323 0.294883 
vt 0.931658 0.304069 
vt 0.931253 0.295514 
vt 0.931253 0.295514 
vt 0.931375 0.287967 
vt 0.977625 0.302258 
vt 0.966719 0.296413 
vt 0.977625 0.302258 
vt 0.967448 0.311042 
vt 0.803932 0.457172 
vt 0.806188 0.458634 
vt 0.803945 0.462462 
vt 0.802603 0.457438 
vt 0.802442 0.46347 
vt 0.800697 0.463973 
vt 0.800939 0.457404 
vt 0.798906 0.463816 
vt 0.799704 0.457173 
vt 0.797778 0.457172 
vt 0.797341 0.463184 
vt 0.796027 0.458881 
vt 0.796007 0.462283 
vt 0.843962 0.232591 
vt 0.841652 0.218213 
vt 0.853545 0.217538 
vt 0.854951 0.230079 
vt 0.863537 0.214687 
vt 0.862999 0.228779 
vt 0.896738 0.229293 
vt 0.883605 0.227 
vt 0.887267 0.214478 
vt 0.896846 0.21792 
vt 0.902034 0.221772 
vt 0.900279 0.231634 
vt 0.837821 0.2312 
vt 0.82803 0.222936 
vt 0.836842 0.214293 
vt 0.873428 0.214293 
vt 0.872119 0.227392 
vt 0.895488 0.238048 
vt 0.896738 0.229293 
vt 0.900279 0.231634 
vt 0.900314 0.237995 
vt 0.887095 0.238685 
vt 0.883605 0.227 
vt 0.874848 0.238918 
vt 0.872119 0.227392 
vt 0.863571 0.241758 
vt 0.862999 0.228779 
vt 0.854951 0.230079 
vt 0.855263 0.242464 
vt 0.844574 0.243884 
vt 0.843962 0.232591 
vt 0.838507 0.241877 
vt 0.837821 0.2312 
vt 0.82803 0.222936 
vt 0.781235 0.44628 
vt 0.783561 0.443068 
vt 0.783364 0.446974 
vt 0.784858 0.442466 
vt 0.784398 0.446143 
vt 0.787162 0.442478 
vt 0.786927 0.446577 
vt 0.788914 0.442475 
vt 0.789021 0.446942 
vt 0.791375 0.442679 
vt 0.791066 0.447094 
vt 0.794063 0.447404 
vt 0.794078 0.442584 
vt 0.796137 0.44711 
vt 0.795977 0.442471 
vt 0.79709 0.442466 
vt 0.79731 0.446541 
vt 0.900314 0.237995 
vt 0.900279 0.231634 
vt 0.902034 0.221772 
vt 0.837172 0.282943 
vt 0.824704 0.283291 
vt 0.831433 0.27295 
vt 0.842318 0.264428 
vt 0.845938 0.278227 
vt 0.850576 0.260623 
vt 0.8299 0.262175 
vt 0.839283 0.254444 
vt 0.842318 0.264428 
vt 0.831433 0.27295 
vt 0.856301 0.277095 
vt 0.860329 0.258122 
vt 0.858307 0.244892 
vt 0.860329 0.258122 
vt 0.850576 0.260623 
vt 0.848169 0.24926 
vt 0.869706 0.244605 
vt 0.869544 0.257723 
vt 0.869544 0.257723 
vt 0.866816 0.277585 
vt 0.877939 0.247384 
vt 0.875801 0.259198 
vt 0.874158 0.27946 
vt 0.875801 0.259198 
vt 0.880946 0.26314 
vt 0.880068 0.283291 
vt 0.880946 0.26314 
vt 0.885202 0.254473 
vt 0.888378 0.275375 
vt 0.888378 0.275375 
vt 0.783263 0.45555 
vt 0.78355 0.451232 
vt 0.785049 0.455688 
vt 0.78476 0.449307 
vt 0.786039 0.454339 
vt 0.786321 0.44827 
vt 0.787453 0.45351 
vt 0.788639 0.447494 
vt 0.789542 0.452853 
vt 0.790798 0.447723 
vt 0.791644 0.452796 
vt 0.792678 0.448963 
vt 0.793288 0.453828 
vt 0.794657 0.45073 
vt 0.795815 0.455688 
vt 0.831433 0.27295 
vt 0.824704 0.283291 
vt 0.8299 0.262175 
vt 0.903755 0.0718075 
vt 0.912515 0.0711484 
vt 0.912443 0.0913038 
vt 0.903851 0.0976361 
vt 0.907082 0.045092 
vt 0.913974 0.050897 
vt 0.918604 0.021738 
vt 0.910412 0.142931 
vt 0.90566 0.138246 
vt 0.905984 0.12456 
vt 0.912031 0.120069 
vt 0.904806 0.11221 
vt 0.912618 0.106159 
vt 0.918604 0.021738 
vt 0.920925 0.0456367 
vt 0.913974 0.050897 
vt 0.921523 0.0662519 
vt 0.912515 0.0711484 
vt 0.921523 0.0865141 
vt 0.912443 0.0913038 
vt 0.921038 0.105838 
vt 0.912618 0.106159 
vt 0.918109 0.122172 
vt 0.912031 0.120069 
vt 0.913121 0.137442 
vt 0.910412 0.142931 
vt 0.759632 0.404698 
vt 0.757473 0.404061 
vt 0.75961 0.400308 
vt 0.761495 0.404808 
vt 0.762086 0.399222 
vt 0.763353 0.404782 
vt 0.764458 0.399365 
vt 0.76516 0.404808 
vt 0.765798 0.399619 
vt 0.766659 0.403809 
vt 0.76691 0.399822 
vt 0.768054 0.402025 
vt 0.768159 0.399527 
vt 0.768159 0.399527 
vt 0.768605 0.401095 
vt 0.768054 0.402025 
vt 0.794586 0.0939925 
vt 0.793311 0.121311 
vt 0.782769 0.116038 
vt 0.786476 0.0834526 
vt 0.795954 0.0759643 
vt 0.787069 0.0680646 
vt 0.786512 0.0535497 
vt 0.79478 0.0575575 
vt 0.78454 0.0437139 
vt 0.790649 0.0440083 
vt 0.782769 0.0203509 
vt 0.782769 0.0203509 
vt 0.80018 0.0343717 
vt 0.790649 0.0440083 
vt 0.79478 0.0575575 
vt 0.807629 0.0514769 
vt 0.808076 0.0756072 
vt 0.795954 0.0759643 
vt 0.804863 0.0991183 
vt 0.794586 0.0939925 
vt 0.793311 0.121311 
vt 0.802725 0.126507 
vt 0.788258 0.422312 
vt 0.786492 0.420757 
vt 0.786767 0.417122 
vt 0.785729 0.420005 
vt 0.785412 0.414729 
vt 0.78457 0.419818 
vt 0.78345 0.415175 
vt 0.783403 0.420433 
vt 0.781712 0.417053 
vt 0.78096 0.422312 
vt 0.779742 0.419137 
vt 0.938118 0.129301 
vt 0.93457 0.1253 
vt 0.935212 0.106623 
vt 0.941524 0.1057 
vt 0.935748 0.0974861 
vt 0.9426 0.0965509 
vt 0.936396 0.0833303 
vt 0.94432 0.0835811 
vt 0.945344 0.0368425 
vt 0.946303 0.0532019 
vt 0.937927 0.0513184 
vt 0.938502 0.0364403 
vt 0.93705 0.0695627 
vt 0.945611 0.0700858 
vt 0.940295 0.0186588 
vt 0.940295 0.0186588 
vt 0.950751 0.032214 
vt 0.945344 0.0368425 
vt 0.95319 0.0469267 
vt 0.946303 0.0532019 
vt 0.953457 0.0664347 
vt 0.945611 0.0700858 
vt 0.951991 0.0849606 
vt 0.94432 0.0835811 
vt 0.948805 0.101813 
vt 0.9426 0.0965509 
vt 0.945051 0.112827 
vt 0.941524 0.1057 
vt 0.938118 0.129301 
vt 0.94131 0.129205 
vt 0.940295 0.0186588 
vt 0.938502 0.0364403 
vt 0.928517 0.0305214 
vt 0.937927 0.0513184 
vt 0.925318 0.0426569 
vt 0.923481 0.0602927 
vt 0.93705 0.0695627 
vt 0.923481 0.0780034 
vt 0.936396 0.0833303 
vt 0.935748 0.0974861 
vt 0.924874 0.0955061 
vt 0.926923 0.108085 
vt 0.935212 0.106623 
vt 0.93457 0.1253 
vt 0.929238 0.125792 
vt 0.768761 0.138197 
vt 0.761805 0.142529 
vt 0.759087 0.127837 
vt 0.768644 0.120375 
vt 0.757423 0.107911 
vt 0.768479 0.0981138 
vt 0.757397 0.0876855 
vt 0.768338 0.081048 
vt 0.756911 0.0661342 
vt 0.768322 0.0638912 
vt 0.768313 0.0330672 
vt 0.757783 0.0323654 
vt 0.768492 0.0191027 
vt 0.76944 0.152222 
vt 0.76281 0.155252 
vt 0.768313 0.0330672 
vt 0.768492 0.0191027 
vt 0.781485 0.0362899 
vt 0.768322 0.0638912 
vt 0.781327 0.0697881 
vt 0.781485 0.0897499 
vt 0.768338 0.081048 
vt 0.779207 0.10695 
vt 0.768479 0.0981138 
vt 0.777884 0.126146 
vt 0.768644 0.120375 
vt 0.776606 0.137903 
vt 0.768761 0.138197 
vt 0.776414 0.150022 
vt 0.76944 0.152222 
vt 0.76838 0.408885 
vt 0.767056 0.411701 
vt 0.766698 0.405498 
vt 0.764358 0.412066 
vt 0.764065 0.405347 
vt 0.762677 0.412066 
vt 0.762498 0.405427 
vt 0.761135 0.411939 
vt 0.761131 0.406166 
vt 0.759613 0.411655 
vt 0.759604 0.406833 
vt 0.758449 0.411212 
vt 0.758632 0.407477 
vt 0.757473 0.410757 
vt 0.75759 0.407914 
vt 0.837677 0.136753 
vt 0.836197 0.145526 
vt 0.832547 0.144183 
vt 0.831129 0.133202 
vt 0.837775 0.126898 
vt 0.828831 0.119374 
vt 0.825956 0.100059 
vt 0.822852 0.0782983 
vt 0.835 0.0791322 
vt 0.837012 0.105219 
vt 0.822044 0.0599326 
vt 0.835589 0.0585334 
vt 0.822621 0.0394506 
vt 0.837775 0.0342287 
vt 0.823327 0.0193436 
vt 0.831129 0.133202 
vt 0.832547 0.144183 
vt 0.82938 0.146557 
vt 0.82497 0.139541 
vt 0.828831 0.119374 
vt 0.820415 0.125937 
vt 0.825956 0.100059 
vt 0.814825 0.106469 
vt 0.822852 0.0782983 
vt 0.811454 0.0840822 
vt 0.810284 0.0643417 
vt 0.822044 0.0599326 
vt 0.81001 0.0444357 
vt 0.822621 0.0394506 
vt 0.823327 0.0193436 
vt 0.778148 0.409836 
vt 0.78026 0.405906 
vt 0.779853 0.413545 
vt 0.781867 0.405789 
vt 0.781773 0.412466 
vt 0.783482 0.406096 
vt 0.783412 0.412189 
vt 0.785273 0.407085 
vt 0.785331 0.41299 
vt 0.786749 0.408788 
vt 0.786949 0.413249 
vt 0.787831 0.410098 
vt 0.787631 0.413545 
vt 0.788398 0.411319 
vt 0.788287 0.413507 
vt 0.832547 0.144183 
vt 0.836197 0.145526 
vt 0.82938 0.146557 
vt 0.849585 0.153635 
vt 0.845185 0.152124 
vt 0.8435 0.136314 
vt 0.850593 0.136014 
vt 0.853205 0.151822 
vt 0.849585 0.153635 
vt 0.850593 0.136014 
vt 0.857937 0.13602 
vt 0.860605 0.120221 
vt 0.851761 0.114871 
vt 0.841903 0.122957 
vt 0.851761 0.114871 
vt 0.862843 0.100998 
vt 0.852318 0.097525 
vt 0.8538 0.0808843 
vt 0.862861 0.0823281 
vt 0.852318 0.097525 
vt 0.840672 0.102131 
vt 0.840949 0.0813391 
vt 0.8538 0.0808843 
vt 0.853751 0.0652885 
vt 0.864835 0.065958 
vt 0.840692 0.0656279 
vt 0.853751 0.0652885 
vt 0.854639 0.049818 
vt 0.866028 0.0512931 
vt 0.854044 0.0336639 
vt 0.864915 0.0370923 
vt 0.854044 0.0336639 
vt 0.854639 0.049818 
vt 0.839402 0.0479439 
vt 0.839708 0.0310549 
vt 0.854734 0.0203538 
vt 0.854734 0.0203538 
vt 0.770605 0.408271 
vt 0.769348 0.412572 
vt 0.768676 0.406718 
vt 0.767915 0.413086 
vt 0.767513 0.4063 
vt 0.766448 0.413086 
vt 0.766288 0.406566 
vt 0.765199 0.412945 
vt 0.765003 0.407397 
vt 0.763618 0.413007 
vt 0.763669 0.408197 
vt 0.76221 0.409125 
vt 0.762035 0.412817 
vt 0.761017 0.412575 
vt 0.761057 0.409885 
vt 0.759857 0.412743 
vt 0.759875 0.41077 
vt 0.882649 0.209895 
vt 0.880775 0.199502 
vt 0.887718 0.200571 
vt 0.874183 0.207639 
vt 0.87278 0.19836 
vt 0.850516 0.199923 
vt 0.857208 0.199532 
vt 0.856783 0.209174 
vt 0.85024 0.209389 
vt 0.844969 0.201373 
vt 0.843625 0.209895 
vt 0.840316 0.209015 
vt 0.839244 0.201591 
vt 0.867077 0.207538 
vt 0.866475 0.198322 
vt 0.844324 0.1936 
vt 0.844969 0.201373 
vt 0.839244 0.201591 
vt 0.839838 0.194462 
vt 0.850431 0.191859 
vt 0.850516 0.199923 
vt 0.856588 0.190885 
vt 0.857208 0.199532 
vt 0.866475 0.198322 
vt 0.86644 0.189765 
vt 0.87278 0.19836 
vt 0.873584 0.189676 
vt 0.881622 0.190242 
vt 0.880775 0.199502 
vt 0.887718 0.200571 
vt 0.756098 0.395713 
vt 0.757873 0.393033 
vt 0.75771 0.397815 
vt 0.76012 0.392509 
vt 0.760047 0.397017 
vt 0.762114 0.392643 
vt 0.761993 0.396689 
vt 0.764924 0.393004 
vt 0.764867 0.396984 
vt 0.76664 0.393287 
vt 0.766633 0.397103 
vt 0.768384 0.393909 
vt 0.768413 0.397815 
vt 0.769629 0.394465 
vt 0.769326 0.397742 
vt 0.768413 0.397815 
vt 0.768384 0.393909 
vt 0.77006 0.39627 
vt 0.769326 0.397742 
vt 0.769629 0.394465 
vt 0.873707 0.126673 
vt 0.875009 0.149611 
vt 0.870093 0.143113 
vt 0.869829 0.13069 
vt 0.866122 0.0660986 
vt 0.872567 0.0663245 
vt 0.872509 0.0946145 
vt 0.866122 0.0966878 
vt 0.868576 0.0484928 
vt 0.874239 0.049412 
vt 0.868146 0.114444 
vt 0.873155 0.110411 
vt 0.877256 0.0243634 
vt 0.877256 0.0243634 
vt 0.881562 0.0428397 
vt 0.874239 0.049412 
vt 0.880627 0.0646085 
vt 0.872567 0.0663245 
vt 0.881851 0.0959697 
vt 0.872509 0.0946145 
vt 0.88118 0.113817 
vt 0.873155 0.110411 
vt 0.880511 0.133293 
vt 0.873707 0.126673 
vt 0.880291 0.146841 
vt 0.875009 0.149611 
vt 0.780844 0.403326 
vt 0.779149 0.40198 
vt 0.781527 0.399322 
vt 0.782874 0.40307 
vt 0.783106 0.39859 
vt 0.785829 0.403723 
vt 0.786005 0.39859 
vt 0.787641 0.399393 
vt 0.78749 0.40364 
vt 0.789178 0.400094 
vt 0.789334 0.403696 
vt 0.790355 0.400458 
vt 0.790614 0.403649 
vt 0.791116 0.401947 
vt 0.790614 0.403649 
vt 0.790355 0.400458 
vt 0.812392 0.257412 
vt 0.807075 0.244098 
vt 0.824426 0.243588 
vt 0.823212 0.252755 
vt 0.80315 0.262479 
vt 0.798559 0.24567 
vt 0.77112 0.245319 
vt 0.780722 0.2481 
vt 0.781126 0.270475 
vt 0.766617 0.260434 
vt 0.757077 0.237501 
vt 0.792843 0.26938 
vt 0.789716 0.247904 
vt 0.768298 0.225669 
vt 0.77112 0.245319 
vt 0.757077 0.237501 
vt 0.778701 0.228315 
vt 0.780722 0.2481 
vt 0.788601 0.22795 
vt 0.789716 0.247904 
vt 0.799044 0.225669 
vt 0.798559 0.24567 
vt 0.807075 0.244098 
vt 0.810181 0.226084 
vt 0.825734 0.231522 
vt 0.824426 0.243588 
vt 0.808512 0.470325 
vt 0.811154 0.465246 
vt 0.811446 0.472172 
vt 0.814625 0.462575 
vt 0.813968 0.471182 
vt 0.816401 0.471377 
vt 0.817435 0.462883 
vt 0.819002 0.471759 
vt 0.819989 0.463974 
vt 0.821715 0.472172 
vt 0.822218 0.464833 
vt 0.824881 0.465915 
vt 0.825587 0.471065 
vt 0.772642 0.30452 
vt 0.760629 0.315229 
vt 0.764325 0.29484 
vt 0.777816 0.287595 
vt 0.781001 0.302056 
vt 0.786518 0.285579 
vt 0.765803 0.282073 
vt 0.775828 0.276494 
vt 0.777816 0.287595 
vt 0.764325 0.29484 
vt 0.79126 0.303597 
vt 0.79644 0.285417 
vt 0.795504 0.27159 
vt 0.79644 0.285417 
vt 0.786518 0.285579 
vt 0.78506 0.273433 
vt 0.806883 0.27384 
vt 0.805984 0.287034 
vt 0.805984 0.287034 
vt 0.801637 0.306609 
vt 0.814666 0.279108 
vt 0.811965 0.290177 
vt 0.808744 0.310177 
vt 0.811965 0.290177 
vt 0.816742 0.295356 
vt 0.814252 0.315229 
vt 0.816742 0.295356 
vt 0.821604 0.287558 
vt 0.822912 0.309481 
vt 0.822912 0.309481 
vt 0.823548 0.474064 
vt 0.823204 0.479236 
vt 0.821409 0.473898 
vt 0.821755 0.48154 
vt 0.820223 0.475514 
vt 0.819887 0.482782 
vt 0.818531 0.476507 
vt 0.817111 0.483711 
vt 0.816029 0.477294 
vt 0.814525 0.483436 
vt 0.813513 0.477362 
vt 0.812274 0.481952 
vt 0.811543 0.476126 
vt 0.809904 0.479836 
vt 0.808517 0.473898 
vt 0.808327 0.479143 
vt 0.808517 0.473898 
vt 0.809904 0.479836 
vt 0.9686 0.194348 
vt 0.967442 0.181831 
vt 0.975107 0.187865 
vt 0.976238 0.219555 
vt 0.970536 0.227357 
vt 0.969437 0.207101 
vt 0.976593 0.199542 
vt 0.969437 0.207101 
vt 0.970536 0.227357 
vt 0.962705 0.223095 
vt 0.962158 0.204159 
vt 0.9686 0.194348 
vt 0.962158 0.192216 
vt 0.967442 0.181831 
vt 0.792463 0.434539 
vt 0.792463 0.431335 
vt 0.794541 0.431673 
vt 0.794457 0.435063 
vt 0.79259 0.436555 
vt 0.794161 0.437048 
vt 0.793091 0.438828 
vt 0.914482 0.226619 
vt 0.915046 0.193181 
vt 0.921626 0.212538 
vt 0.923696 0.207595 
vt 0.919953 0.186192 
vt 0.924295 0.178683 
vt 0.926594 0.203774 
vt 0.930873 0.202167 
vt 0.929488 0.176723 
vt 0.939503 0.179449 
vt 0.937779 0.203365 
vt 0.956631 0.183598 
vt 0.951662 0.206292 
vt 0.938213 0.223272 
vt 0.937779 0.203365 
vt 0.951662 0.206292 
vt 0.950256 0.226679 
vt 0.934053 0.223374 
vt 0.930873 0.202167 
vt 0.930279 0.222963 
vt 0.926594 0.203774 
vt 0.923696 0.207595 
vt 0.928233 0.224583 
vt 0.926456 0.226679 
vt 0.921626 0.212538 
vt 0.914482 0.226619 
vt 0.813172 0.456918 
vt 0.811152 0.450015 
vt 0.814765 0.447736 
vt 0.815766 0.455615 
vt 0.816655 0.455196 
vt 0.815766 0.455615 
vt 0.814765 0.447736 
vt 0.816861 0.446447 
vt 0.816655 0.455196 
vt 0.816861 0.446447 
vt 0.818047 0.446628 
vt 0.817477 0.455262 
vt 0.819065 0.448014 
vt 0.817925 0.455532 
vt 0.817477 0.455262 
vt 0.818047 0.446628 
vt 0.817925 0.455532 
vt 0.819065 0.448014 
vt 0.819907 0.449707 
vt 0.818243 0.456156 
vt 0.819907 0.449707 
vt 0.820752 0.456918 
vt 0.818243 0.456156 
vt 0.893228 0.0491641 
vt 0.89149 0.0237344 
vt 0.899029 0.0467331 
vt 0.900903 0.0624396 
vt 0.8936 0.0636306 
vt 0.902063 0.0991046 
vt 0.900769 0.114899 
vt 0.893157 0.111671 
vt 0.893278 0.0955703 
vt 0.899254 0.130597 
vt 0.892838 0.130527 
vt 0.898769 0.143035 
vt 0.893641 0.143515 
vt 0.901136 0.0804799 
vt 0.893477 0.0786601 
vt 0.892838 0.130527 
vt 0.893641 0.143515 
vt 0.885242 0.141846 
vt 0.884866 0.129932 
vt 0.884771 0.113492 
vt 0.893157 0.111671 
vt 0.884771 0.0967807 
vt 0.893278 0.0955703 
vt 0.885439 0.0782889 
vt 0.893477 0.0786601 
vt 0.887058 0.0612921 
vt 0.8936 0.0636306 
vt 0.88766 0.0437598 
vt 0.893228 0.0491641 
vt 0.89149 0.0237344 
vt 0.793929 0.42622 
vt 0.79196 0.426791 
vt 0.791581 0.424387 
vt 0.790339 0.427187 
vt 0.790154 0.423942 
vt 0.788819 0.427791 
vt 0.788568 0.423749 
vt 0.787137 0.428067 
vt 0.786921 0.423397 
vt 0.78557 0.428029 
vt 0.785477 0.423402 
vt 0.784039 0.428067 
vt 0.78404 0.423649 
vt 0.782902 0.428024 
vt 0.782842 0.423579 
vt 0.954512 0.128667 
vt 0.965997 0.13298 
vt 0.967502 0.174906 
vt 0.964854 0.0986664 
vt 0.954468 0.0895305 
vt 0.964949 0.0741212 
vt 0.955494 0.0670773 
vt 0.953628 0.0393081 
vt 0.965977 0.0514642 
vt 0.955242 0.0202788 
vt 0.966497 0.0246902 
vt 0.966497 0.0246902 
vt 0.975294 0.0224739 
vt 0.975165 0.0477484 
vt 0.965977 0.0514642 
vt 0.973957 0.0758781 
vt 0.964949 0.0741212 
vt 0.964854 0.0986664 
vt 0.974059 0.104476 
vt 0.975294 0.136285 
vt 0.965997 0.13298 
vt 0.967502 0.174906 
vt 0.822709 0.459736 
vt 0.820367 0.461111 
vt 0.819881 0.457345 
vt 0.818464 0.460832 
vt 0.817592 0.457281 
vt 0.816785 0.460771 
vt 0.816288 0.457503 
vt 0.815098 0.460715 
vt 0.814646 0.457192 
vt 0.813592 0.461111 
vt 0.813518 0.457452 
vt 0.763385 0.179488 
vt 0.756885 0.178828 
vt 0.763974 0.177152 
vt 0.769496 0.179621 
vt 0.770102 0.175632 
vt 0.778389 0.175827 
vt 0.78388 0.17749 
vt 0.783702 0.181872 
vt 0.777991 0.180289 
vt 0.789675 0.178222 
vt 0.789956 0.182498 
vt 0.797401 0.178922 
vt 0.79863 0.182498 
vt 0.806523 0.174439 
vt 0.808382 0.177819 
vt 0.810379 0.170727 
vt 0.812543 0.173314 
vt 0.818679 0.162721 
vt 0.820834 0.16504 
vt 0.820174 0.157292 
vt 0.822367 0.157715 
vt 0.81211 0.16412 
vt 0.812829 0.154689 
vt 0.819175 0.157111 
vt 0.805933 0.165458 
vt 0.807041 0.154033 
vt 0.800218 0.153378 
vt 0.800206 0.168433 
vt 0.792541 0.152776 
vt 0.792195 0.169731 
vt 0.784771 0.170624 
vt 0.783297 0.154674 
vt 0.775103 0.171823 
vt 0.774048 0.15811 
vt 0.767118 0.171773 
vt 0.762184 0.17344 
vt 0.761401 0.168738 
vt 0.766302 0.163301 
vt 0.756885 0.178828 
vt 0.763974 0.177152 
vt 0.756885 0.178828 
vt 0.762184 0.17344 
vt 0.767118 0.171773 
vt 0.770102 0.175632 
vt 0.775103 0.171823 
vt 0.778389 0.175827 
vt 0.784771 0.170624 
vt 0.78388 0.17749 
vt 0.792195 0.169731 
vt 0.789675 0.178222 
vt 0.800206 0.168433 
vt 0.797401 0.178922 
vt 0.805933 0.165458 
vt 0.806523 0.174439 
vt 0.810379 0.170727 
vt 0.81211 0.16412 
vt 0.819175 0.157111 
vt 0.820174 0.157292 
vt 0.818679 0.162721 
vt 0.75793 0.196934 
vt 0.764292 0.195524 
vt 0.764501 0.200601 
vt 0.770212 0.193733 
vt 0.769165 0.202157 
vt 0.778313 0.189987 
vt 0.783937 0.187987 
vt 0.78401 0.204334 
vt 0.776691 0.203437 
vt 0.790132 0.187404 
vt 0.791604 0.205365 
vt 0.798772 0.187404 
vt 0.79945 0.20564 
vt 0.808367 0.192022 
vt 0.807488 0.207903 
vt 0.812562 0.195397 
vt 0.811658 0.208532 
vt 0.821806 0.210712 
vt 0.819734 0.212943 
vt 0.81924 0.208997 
vt 0.820288 0.203292 
vt 0.821806 0.210712 
vt 0.81924 0.208997 
vt 0.818733 0.213259 
vt 0.812739 0.218087 
vt 0.811658 0.208532 
vt 0.800343 0.218408 
vt 0.79945 0.20564 
vt 0.807488 0.207903 
vt 0.80701 0.218191 
vt 0.792843 0.219686 
vt 0.791604 0.205365 
vt 0.783691 0.218599 
vt 0.78401 0.204334 
vt 0.774661 0.216005 
vt 0.776691 0.203437 
vt 0.762512 0.205968 
vt 0.75793 0.196934 
vt 0.764501 0.200601 
vt 0.767107 0.211013 
vt 0.769165 0.202157 
vt 0.836732 0.478569 
vt 0.830959 0.480343 
vt 0.829623 0.469108 
vt 0.836271 0.466227 
vt 0.843895 0.476367 
vt 0.844657 0.462319 
vt 0.849556 0.474509 
vt 0.853124 0.462808 
vt 0.864948 0.480343 
vt 0.856181 0.477031 
vt 0.858205 0.468737 
vt 0.829623 0.469108 
vt 0.826151 0.453249 
vt 0.833453 0.448198 
vt 0.836271 0.466227 
vt 0.842671 0.444237 
vt 0.844657 0.462319 
vt 0.853562 0.442958 
vt 0.853124 0.462808 
vt 0.860813 0.45289 
vt 0.858205 0.468737 
vt 0.864948 0.480343 
vt 0.780425 0.470005 
vt 0.776989 0.473123 
vt 0.778956 0.461109 
vt 0.783301 0.469131 
vt 0.782045 0.456827 
vt 0.786699 0.457907 
vt 0.785733 0.469926 
vt 0.790602 0.460296 
vt 0.78873 0.471704 
vt 0.79116 0.473123 
vt 0.793676 0.463058 
vt 0.913847 0.32713 
vt 0.906826 0.313955 
vt 0.909063 0.30801 
vt 0.900924 0.298428 
vt 0.899802 0.307066 
vt 0.885964 0.301233 
vt 0.883698 0.283404 
vt 0.868126 0.305002 
vt 0.864061 0.288692 
vt 0.850724 0.315275 
vt 0.848347 0.308465 
vt 0.906826 0.313955 
vt 0.913847 0.32713 
vt 0.903063 0.326371 
vt 0.885294 0.315285 
vt 0.885964 0.301233 
vt 0.899802 0.307066 
vt 0.897255 0.321378 
vt 0.868168 0.318015 
vt 0.868126 0.305002 
vt 0.852214 0.32713 
vt 0.850724 0.315275 
vt 0.778553 0.481644 
vt 0.775934 0.48289 
vt 0.777135 0.478037 
vt 0.77996 0.480149 
vt 0.779062 0.475206 
vt 0.783038 0.47882 
vt 0.783525 0.471648 
vt 0.787502 0.48019 
vt 0.788549 0.473122 
vt 0.792684 0.47804 
vt 0.791642 0.48289 
vt 0.97946 0.278403 
vt 0.982907 0.29227 
vt 0.981086 0.292574 
vt 0.986521 0.307675 
vt 0.992053 0.336381 
vt 0.983557 0.338484 
vt 0.982837 0.308523 
vt 0.993603 0.356144 
vt 0.983545 0.357886 
vt 0.993288 0.379063 
vt 0.983386 0.378207 
vt 0.991295 0.407888 
vt 0.984256 0.404652 
vt 0.988933 0.419087 
vt 0.984061 0.417071 
vt 0.979525 0.309602 
vt 0.982837 0.308523 
vt 0.983557 0.338484 
vt 0.979552 0.338188 
vt 0.97934 0.377958 
vt 0.979461 0.357758 
vt 0.983545 0.357886 
vt 0.983386 0.378207 
vt 0.980466 0.404508 
vt 0.984256 0.404652 
vt 0.97946 0.278403 
vt 0.981086 0.292574 
vt 0.97934 0.293821 
vt 0.984061 0.417071 
vt 0.980138 0.413949 
vt 0.75778 0.432778 
vt 0.756457 0.431884 
vt 0.757853 0.43177 
vt 0.75929 0.431726 
vt 0.759201 0.433945 
vt 0.761958 0.43152 
vt 0.761877 0.435664 
vt 0.763784 0.43152 
vt 0.763679 0.436105 
vt 0.765646 0.431528 
vt 0.765737 0.435991 
vt 0.768126 0.432009 
vt 0.76837 0.435576 
vt 0.768987 0.432128 
vt 0.769409 0.434852 
vt 0.915643 0.266344 
vt 0.91451 0.265074 
vt 0.912969 0.256371 
vt 0.91738 0.281519 
vt 0.918951 0.282561 
vt 0.919081 0.300363 
vt 0.921085 0.301461 
vt 0.921363 0.323512 
vt 0.919595 0.323575 
vt 0.919664 0.347599 
vt 0.921233 0.345588 
vt 0.920869 0.359255 
vt 0.918981 0.361336 
vt 0.918409 0.371983 
vt 0.920458 0.370874 
vt 0.919313 0.381099 
vt 0.917171 0.380575 
vt 0.918433 0.386286 
vt 0.916156 0.386574 
vt 0.764851 0.440982 
vt 0.764429 0.44238 
vt 0.76257 0.439368 
vt 0.762723 0.438434 
vt 0.767122 0.442468 
vt 0.76693 0.444062 
vt 0.76992 0.44459 
vt 0.769936 0.442983 
vt 0.761383 0.437409 
vt 0.772773 0.442886 
vt 0.772943 0.444479 
vt 0.774772 0.443234 
vt 0.774444 0.441732 
vt 0.775738 0.440492 
vt 0.776251 0.441719 
vt 0.777137 0.439423 
vt 0.776452 0.438489 
vt 0.7775 0.438279 
vt 0.776793 0.437409 
vt 0.912654 0.266902 
vt 0.912969 0.256371 
vt 0.91451 0.265074 
vt 0.91738 0.281519 
vt 0.914288 0.285055 
vt 0.919081 0.300363 
vt 0.915303 0.302895 
vt 0.919595 0.323575 
vt 0.9159 0.323912 
vt 0.916231 0.345067 
vt 0.919664 0.347599 
vt 0.915536 0.358138 
vt 0.918981 0.361336 
vt 0.91511 0.368823 
vt 0.918409 0.371983 
vt 0.913552 0.377554 
vt 0.917171 0.380575 
vt 0.912654 0.382278 
vt 0.916156 0.386574 
vt 0.823887 0.352997 
vt 0.825569 0.350971 
vt 0.834613 0.353454 
vt 0.809092 0.347802 
vt 0.807883 0.351433 
vt 0.794226 0.350294 
vt 0.79353 0.355816 
vt 0.780827 0.367885 
vt 0.780237 0.36291 
vt 0.808773 0.361267 
vt 0.807883 0.351433 
vt 0.823887 0.352997 
vt 0.825584 0.358904 
vt 0.79583 0.366431 
vt 0.79353 0.355816 
vt 0.783857 0.377641 
vt 0.780827 0.367885 
vt 0.834613 0.353454 
vt 0.766982 0.439016 
vt 0.765495 0.439347 
vt 0.766782 0.438025 
vt 0.769267 0.435766 
vt 0.769578 0.43748 
vt 0.771859 0.43551 
vt 0.771794 0.437661 
vt 0.774128 0.437425 
vt 0.773769 0.439347 
vt 0.80067 0.443483 
vt 0.800205 0.449973 
vt 0.8036 0.448084 
vt 0.804023 0.442774 
vt 0.804499 0.431946 
vt 0.806295 0.436855 
vt 0.802304 0.43262 
vt 0.804499 0.431946 
vt 0.806758 0.432444 
vt 0.807197 0.444425 
vt 0.879928 0.461852 
vt 0.879646 0.477512 
vt 0.888322 0.473725 
vt 0.886136 0.454722 
vt 0.875085 0.448458 
vt 0.879928 0.461852 
vt 0.886136 0.454722 
vt 0.882351 0.439777 
vt 0.896465 0.468913 
vt 0.893134 0.447107 
vt 0.895715 0.420615 
vt 0.889506 0.428898 
vt 0.893134 0.447107 
vt 0.907945 0.446138 
vt 0.911714 0.475191 
vt 0.929192 0.477512 
vt 0.924162 0.446387 
vt 0.907945 0.446138 
vt 0.904145 0.397502 
vt 0.916522 0.392275 
vt 0.904145 0.397502 
vt 0.890726 0.414164 
vt 0.808638 0.451214 
vt 0.810244 0.45203 
vt 0.810402 0.447184 
vt 0.808855 0.446 
vt 0.879646 0.477512 
vt 0.879928 0.461852 
vt 0.868911 0.465455 
vt 0.810168 0.441736 
vt 0.808855 0.446 
vt 0.810402 0.447184 
vt 0.811561 0.443745 
vt 0.875085 0.448458 
vt 0.806998 0.450672 
vt 0.807197 0.444425 
vt 0.808737 0.439679 
vt 0.808709 0.436776 
vt 0.806295 0.436855 
vt 0.807197 0.444425 
vt 0.797699 0.449568 
vt 0.800205 0.449973 
vt 0.80067 0.443483 
vt 0.798117 0.442944 
vt 0.800854 0.454542 
vt 0.804162 0.452726 
vt 0.8036 0.448084 
vt 0.800205 0.449973 
vt 0.799923 0.431946 
vt 0.802304 0.43262 
vt 0.808929 0.434475 
vt 0.806758 0.432444 
vt 0.806295 0.436855 
vt 0.808709 0.436776 
vt 0.806998 0.450672 
vt 0.807197 0.444425 
vt 0.8036 0.448084 
vt 0.800205 0.449973 
vt 0.80067 0.443483 
vt 0.804023 0.442774 
vt 0.804499 0.431946 
vt 0.806295 0.436855 
vt 0.802304 0.43262 
vt 0.804499 0.431946 
vt 0.806758 0.432444 
vt 0.807197 0.444425 
vt 0.879928 0.461852 
vt 0.886136 0.454722 
vt 0.888322 0.473725 
vt 0.879646 0.477512 
vt 0.875085 0.448458 
vt 0.882351 0.439777 
vt 0.886136 0.454722 
vt 0.879928 0.461852 
vt 0.893134 0.447107 
vt 0.896465 0.468913 
vt 0.893134 0.447107 
vt 0.889506 0.428898 
vt 0.895715 0.420615 
vt 0.907945 0.446138 
vt 0.924162 0.446387 
vt 0.929192 0.477512 
vt 0.911714 0.475191 
vt 0.907945 0.446138 
vt 0.904145 0.397502 
vt 0.916522 0.392275 
vt 0.904145 0.397502 
vt 0.890726 0.414164 
vt 0.808638 0.451214 
vt 0.808855 0.446 
vt 0.810402 0.447184 
vt 0.810244 0.45203 
vt 0.879646 0.477512 
vt 0.868911 0.465455 
vt 0.879928 0.461852 
vt 0.810402 0.447184 
vt 0.808855 0.446 
vt 0.810168 0.441736 
vt 0.811561 0.443745 
vt 0.875085 0.448458 
vt 0.806998 0.450672 
vt 0.807197 0.444425 
vt 0.808737 0.439679 
vt 0.807197 0.444425 
vt 0.806295 0.436855 
vt 0.808709 0.436776 
vt 0.80067 0.443483 
vt 0.800205 0.449973 
vt 0.797699 0.449568 
vt 0.798117 0.442944 
vt 0.800205 0.449973 
vt 0.8036 0.448084 
vt 0.804162 0.452726 
vt 0.800854 0.454542 
vt 0.799923 0.431946 
vt 0.802304 0.43262 
vt 0.806295 0.436855 
vt 0.806758 0.432444 
vt 0.808929 0.434475 
vt 0.808709 0.436776 
vt 0.807197 0.444425 
vt 0.806998 0.450672 

usemtl Handle1Mtl

f 1/1/1 2/2/2 3/3/3 
f 1/1/1 3/3/3 4/4/4 
f 1/1/1 4/4/4 5/5/5 
f 1/1/1 5/5/5 6/6/6 
f 1/1/1 6/6/6 7/7/7 
f 1/1/1 8/8/8 9/9/9 
f 1/1/1 9/9/9 10/10/10 
f 1/1/1 10/10/10 11/11/11 
f 1/1/1 11/11/11 12/12/12 
f 1/1/1 12/12/12 2/2/2 
f 3/3/3 2/2/2 13/13/13 
f 13/13/13 14/14/14 3/3/3 
f 4/4/4 3/3/3 14/14/14 
f 14/14/14 15/15/15 4/4/4 
f 5/5/5 4/4/4 15/15/15 
f 15/15/15 16/16/16 5/5/5 
f 6/6/6 5/5/5 16/16/16 
f 16/16/16 17/17/17 6/6/6 
f 7/7/7 6/6/6 17/17/17 
f 17/17/17 18/18/18 7/7/7 
f 19/19/19 20/20/20 14/14/14 
f 14/14/14 13/13/13 19/19/19 
f 20/20/20 21/21/21 15/15/15 
f 15/15/15 14/14/14 20/20/20 
f 21/21/21 22/22/22 16/16/16 
f 16/16/16 15/15/15 21/21/21 
f 22/22/22 23/23/23 17/17/17 
f 17/17/17 16/16/16 22/22/22 
f 23/23/23 24/24/24 18/18/18 
f 18/18/18 17/17/17 23/23/23 
f 25/25/25 26/26/26 27/27/27 
f 25/25/25 28/28/28 26/26/26 
f 25/25/25 29/29/29 28/28/28 
f 25/25/25 30/30/30 29/29/29 
f 25/25/25 31/31/31 30/30/30 
f 25/25/25 32/32/32 33/33/33 
f 25/25/25 34/34/34 32/32/32 
f 25/25/25 35/35/35 34/34/34 
f 25/25/25 36/36/36 35/35/35 
f 25/25/25 27/27/27 36/36/36 
f 27/27/27 26/26/26 37/37/37 
f 37/37/37 38/38/38 27/27/27 
f 26/26/26 28/28/28 39/39/39 
f 39/39/39 37/37/37 26/26/26 
f 28/28/28 29/29/29 40/40/40 
f 40/40/40 39/39/39 28/28/28 
f 29/29/29 30/30/30 41/41/41 
f 41/41/41 40/40/40 29/29/29 
f 30/30/30 31/31/31 42/42/42 
f 42/42/42 41/41/41 30/30/30 
f 33/33/33 32/32/32 43/43/43 
f 43/43/43 44/44/44 33/33/33 
f 34/34/34 45/45/45 43/43/43 
f 43/43/43 32/32/32 34/34/34 
f 34/34/34 35/35/35 46/46/46 
f 46/46/46 45/45/45 34/34/34 
f 35/35/35 36/36/36 47/47/47 
f 47/47/47 46/46/46 35/35/35 
f 36/36/36 27/27/27 38/38/38 
f 38/38/38 47/47/47 36/36/36 
f 37/37/37 48/48/48 49/49/49 
f 49/49/49 38/38/38 37/37/37 
f 39/39/39 50/50/50 48/48/48 
f 48/48/48 37/37/37 39/39/39 
f 40/40/40 51/51/51 50/50/50 
f 50/50/50 39/39/39 40/40/40 
f 41/41/41 52/52/52 51/51/51 
f 51/51/51 40/40/40 41/41/41 
f 42/42/42 53/53/53 52/52/52 
f 52/52/52 41/41/41 42/42/42 
f 44/44/44 43/43/43 54/54/54 
f 54/54/54 55/55/55 44/44/44 
f 45/45/45 56/56/56 54/54/54 
f 54/54/54 43/43/43 45/45/45 
f 46/46/46 57/57/57 56/56/56 
f 56/56/56 45/45/45 46/46/46 
f 47/47/47 58/58/58 57/57/57 
f 57/57/57 46/46/46 47/47/47 
f 38/38/38 49/49/49 58/58/58 
f 58/58/58 47/47/47 38/38/38 
f 49/49/49 48/48/48 59/59/59 
f 59/59/59 60/60/60 49/49/49 
f 48/48/48 50/50/50 61/61/61 
f 61/61/61 59/59/59 48/48/48 
f 50/50/50 51/51/51 62/62/62 
f 62/62/62 61/61/61 50/50/50 
f 51/51/51 52/52/52 63/63/63 
f 63/63/63 62/62/62 51/51/51 
f 52/52/52 53/53/53 64/64/64 
f 64/64/64 63/63/63 52/52/52 
f 55/55/55 54/54/54 65/65/65 
f 65/65/65 66/66/66 55/55/55 
f 56/56/56 67/67/67 65/65/65 
f 65/65/65 54/54/54 56/56/56 
f 57/57/57 68/68/68 67/67/67 
f 67/67/67 56/56/56 57/57/57 
f 57/57/57 58/58/58 69/69/69 
f 69/69/69 68/68/68 57/57/57 
f 58/58/58 49/49/49 60/60/60 
f 60/60/60 69/69/69 58/58/58 
f 59/59/59 70/70/70 71/71/71 
f 71/71/71 60/60/60 59/59/59 
f 61/61/61 72/72/72 70/70/70 
f 70/70/70 59/59/59 61/61/61 
f 62/62/62 73/73/73 72/72/72 
f 72/72/72 61/61/61 62/62/62 
f 63/63/63 74/74/74 73/73/73 
f 73/73/73 62/62/62 63/63/63 
f 64/64/64 75/75/75 74/74/74 
f 74/74/74 63/63/63 64/64/64 
f 70/70/70 76/76/76 77/77/77 
f 77/77/77 71/71/71 70/70/70 
f 72/72/72 78/78/78 76/76/76 
f 76/76/76 70/70/70 72/72/72 
f 73/73/73 79/79/79 78/78/78 
f 78/78/78 72/72/72 73/73/73 
f 74/74/74 80/80/80 79/79/79 
f 79/79/79 73/73/73 74/74/74 
f 75/75/75 81/81/81 80/80/80 
f 80/80/80 74/74/74 75/75/75 
f 82/82/82 83/83/83 84/84/84 
f 84/84/84 85/85/85 82/82/82 
f 86/86/86 87/87/87 83/83/83 
f 83/83/83 82/82/82 86/86/86 
f 88/88/88 89/89/89 87/87/87 
f 87/87/87 86/86/86 88/88/88 
f 90/90/90 89/89/89 88/88/88 
f 88/88/88 91/91/91 90/90/90 
f 92/92/92 90/90/90 91/91/91 
f 91/91/91 93/93/93 92/92/92 
f 94/94/94 95/95/95 96/96/96 
f 96/96/96 97/97/97 94/94/94 
f 98/98/98 99/99/99 100/100/100 
f 100/100/100 101/101/101 98/98/98 
f 102/102/102 103/103/103 97/97/97 
f 97/97/97 96/96/96 102/102/102 
f 104/104/104 98/98/98 101/101/101 
f 101/101/101 105/105/105 104/104/104 
f 106/106/106 104/104/104 105/105/105 
f 105/105/105 107/107/107 106/106/106 
f 108/108/108 109/109/109 106/106/106 
f 106/106/106 107/107/107 108/108/108 
f 110/110/110 109/109/109 108/108/108 
f 108/108/108 111/111/111 110/110/110 
f 1/1/1 112/112/112 113/113/113 
f 1/1/1 114/114/114 112/112/112 
f 1/1/1 115/115/115 114/114/114 
f 1/1/1 116/116/116 115/115/115 
f 1/1/1 7/7/7 116/116/116 
f 8/8/8 1/1/1 117/117/117 
f 1/1/1 118/118/118 117/117/117 
f 1/1/1 119/119/119 118/118/118 
f 1/1/1 120/120/120 119/119/119 
f 1/1/1 113/113/113 120/120/120 
f 112/112/112 121/121/121 122/122/122 
f 122/122/122 113/113/113 112/112/112 
f 114/114/114 123/123/123 121/121/121 
f 121/121/121 112/112/112 114/114/114 
f 115/115/115 124/124/124 123/123/123 
f 123/123/123 114/114/114 115/115/115 
f 116/116/116 125/125/125 124/124/124 
f 124/124/124 115/115/115 116/116/116 
f 7/7/7 18/18/18 125/125/125 
f 125/125/125 116/116/116 7/7/7 
f 121/121/121 126/126/126 127/127/127 
f 127/127/127 122/122/122 121/121/121 
f 123/123/123 128/128/128 126/126/126 
f 126/126/126 121/121/121 123/123/123 
f 124/124/124 129/129/129 128/128/128 
f 128/128/128 123/123/123 124/124/124 
f 125/125/125 130/130/130 129/129/129 
f 129/129/129 124/124/124 125/125/125 
f 18/18/18 24/24/24 130/130/130 
f 130/130/130 125/125/125 18/18/18 
f 25/25/25 131/131/131 132/132/132 
f 25/25/25 132/132/132 133/133/133 
f 25/25/25 133/133/133 134/134/134 
f 25/25/25 134/134/134 135/135/135 
f 31/31/31 25/25/25 135/135/135 
f 25/25/25 33/33/33 136/136/136 
f 25/25/25 136/136/136 137/137/137 
f 25/25/25 137/137/137 138/138/138 
f 25/25/25 138/138/138 139/139/139 
f 25/25/25 139/139/139 131/131/131 
f 131/131/131 140/140/140 141/141/141 
f 141/141/141 132/132/132 131/131/131 
f 132/132/132 141/141/141 142/142/142 
f 142/142/142 133/133/133 132/132/132 
f 133/133/133 142/142/142 143/143/143 
f 143/143/143 134/134/134 133/133/133 
f 134/134/134 143/143/143 144/144/144 
f 144/144/144 135/135/135 134/134/134 
f 135/135/135 144/144/144 42/42/42 
f 42/42/42 31/31/31 135/135/135 
f 33/33/33 44/44/44 145/145/145 
f 145/145/145 136/136/136 33/33/33 
f 145/145/145 146/146/146 137/137/137 
f 137/137/137 136/136/136 145/145/145 
f 137/137/137 146/146/146 147/147/147 
f 147/147/147 138/138/138 137/137/137 
f 138/138/138 147/147/147 148/148/148 
f 148/148/148 139/139/139 138/138/138 
f 139/139/139 148/148/148 140/140/140 
f 140/140/140 131/131/131 139/139/139 
f 149/149/149 150/150/150 141/141/141 
f 141/141/141 140/140/140 149/149/149 
f 150/150/150 151/151/151 142/142/142 
f 142/142/142 141/141/141 150/150/150 
f 151/151/151 152/152/152 143/143/143 
f 143/143/143 142/142/142 151/151/151 
f 152/152/152 153/153/153 144/144/144 
f 144/144/144 143/143/143 152/152/152 
f 153/153/153 53/53/53 42/42/42 
f 42/42/42 144/144/144 153/153/153 
f 44/44/44 55/55/55 154/154/154 
f 154/154/154 145/145/145 44/44/44 
f 154/154/154 155/155/155 146/146/146 
f 146/146/146 145/145/145 154/154/154 
f 155/155/155 156/156/156 147/147/147 
f 147/147/147 146/146/146 155/155/155 
f 156/156/156 157/157/157 148/148/148 
f 148/148/148 147/147/147 156/156/156 
f 157/157/157 149/149/149 140/140/140 
f 140/140/140 148/148/148 157/157/157 
f 149/149/149 158/158/158 159/159/159 
f 159/159/159 150/150/150 149/149/149 
f 150/150/150 159/159/159 160/160/160 
f 160/160/160 151/151/151 150/150/150 
f 151/151/151 160/160/160 161/161/161 
f 161/161/161 152/152/152 151/151/151 
f 152/152/152 161/161/161 162/162/162 
f 162/162/162 153/153/153 152/152/152 
f 64/64/64 53/53/53 153/153/153 
f 153/153/153 162/162/162 64/64/64 
f 154/154/154 55/55/55 66/66/66 
f 66/66/66 163/163/163 154/154/154 
f 155/155/155 154/154/154 163/163/163 
f 163/163/163 164/164/164 155/155/155 
f 155/155/155 164/164/164 165/165/165 
f 165/165/165 156/156/156 155/155/155 
f 156/156/156 165/165/165 166/166/166 
f 166/166/166 157/157/157 156/156/156 
f 157/157/157 166/166/166 158/158/158 
f 158/158/158 149/149/149 157/157/157 
f 159/159/159 158/158/158 167/167/167 
f 167/167/167 168/168/168 159/159/159 
f 160/160/160 159/159/159 168/168/168 
f 168/168/168 169/169/169 160/160/160 
f 161/161/161 160/160/160 169/169/169 
f 169/169/169 170/170/170 161/161/161 
f 162/162/162 161/161/161 170/170/170 
f 170/170/170 171/171/171 162/162/162 
f 64/64/64 162/162/162 171/171/171 
f 171/171/171 75/75/75 64/64/64 
f 172/172/172 173/173/173 168/168/168 
f 168/168/168 167/167/167 172/172/172 
f 173/173/173 174/174/174 169/169/169 
f 169/169/169 168/168/168 173/173/173 
f 174/174/174 175/175/175 170/170/170 
f 170/170/170 169/169/169 174/174/174 
f 175/175/175 176/176/176 171/171/171 
f 171/171/171 170/170/170 175/175/175 
f 176/176/176 81/81/81 75/75/75 
f 75/75/75 171/171/171 176/176/176 
f 177/177/177 85/85/85 84/84/84 
f 84/84/84 178/178/178 177/177/177 
f 179/179/179 177/177/177 178/178/178 
f 178/178/178 180/180/180 179/179/179 
f 179/179/179 180/180/180 181/181/181 
f 181/181/181 182/182/182 179/179/179 
f 182/182/182 181/181/181 183/183/183 
f 183/183/183 184/184/184 182/182/182 
f 184/184/184 183/183/183 185/185/185 
f 185/185/185 186/186/186 184/184/184 
f 187/187/187 188/188/188 189/189/189 
f 189/189/189 190/190/190 187/187/187 
f 191/191/191 192/192/192 193/193/193 
f 193/193/193 194/194/194 191/191/191 
f 195/195/195 187/187/187 190/190/190 
f 190/190/190 196/196/196 195/195/195 
f 194/194/194 193/193/193 197/197/197 
f 197/197/197 198/198/198 194/194/194 
f 198/198/198 197/197/197 199/199/199 
f 199/199/199 200/200/200 198/198/198 
f 201/201/201 200/200/200 199/199/199 
f 199/199/199 202/202/202 201/201/201 
f 201/201/201 202/202/202 110/110/110 
f 110/110/110 111/111/111 201/201/201 
f 203/203/203 204/204/204 205/205/205 
f 206/206/206 204/204/204 203/203/203 
f 203/203/203 207/207/207 206/206/206 
f 208/208/208 206/206/206 207/207/207 
f 207/207/207 209/209/209 208/208/208 
f 209/209/209 210/210/210 211/211/211 
f 211/211/211 208/208/208 209/209/209 
f 212/212/212 213/213/213 214/214/214 
f 214/214/214 215/215/215 212/212/212 
f 211/211/211 210/210/210 213/213/213 
f 213/213/213 212/212/212 211/211/211 
f 215/215/215 214/214/214 216/216/216 
f 216/216/216 217/217/217 215/215/215 
f 218/218/218 219/219/219 220/220/220 
f 220/220/220 221/221/221 218/218/218 
f 222/222/222 223/223/223 219/219/219 
f 219/219/219 218/218/218 222/222/222 
f 224/224/224 225/225/225 223/223/223 
f 223/223/223 222/222/222 224/224/224 
f 220/220/220 226/226/226 221/221/221 
f 225/225/225 224/224/224 227/227/227 
f 227/227/227 228/228/228 225/225/225 
f 228/228/228 227/227/227 229/229/229 
f 229/229/229 230/230/230 228/228/228 
f 230/230/230 229/229/229 231/231/231 
f 231/231/231 232/232/232 230/230/230 
f 233/233/233 234/234/234 235/235/235 
f 236/236/236 233/233/233 235/235/235 
f 235/235/235 237/237/237 236/236/236 
f 236/236/236 237/237/237 238/238/238 
f 238/238/238 239/239/239 236/236/236 
f 240/240/240 239/239/239 238/238/238 
f 238/238/238 241/241/241 240/240/240 
f 242/242/242 240/240/240 241/241/241 
f 241/241/241 243/243/243 242/242/242 
f 244/244/244 242/242/242 243/243/243 
f 243/243/243 245/245/245 244/244/244 
f 246/246/246 244/244/244 245/245/245 
f 245/245/245 247/247/247 246/246/246 
f 248/248/248 249/249/249 250/250/250 
f 251/251/251 249/249/249 248/248/248 
f 248/248/248 252/252/252 251/251/251 
f 253/253/253 251/251/251 252/252/252 
f 252/252/252 254/254/254 253/253/253 
f 254/254/254 255/255/255 256/256/256 
f 256/256/256 253/253/253 254/254/254 
f 257/257/257 258/258/258 259/259/259 
f 259/259/259 260/260/260 257/257/257 
f 256/256/256 255/255/255 258/258/258 
f 258/258/258 257/257/257 256/256/256 
f 260/260/260 259/259/259 261/261/261 
f 261/261/261 262/262/262 260/260/260 
f 263/263/263 264/264/264 265/265/265 
f 265/265/265 266/266/266 263/263/263 
f 267/267/267 268/268/268 264/264/264 
f 264/264/264 263/263/263 267/267/267 
f 269/269/269 270/270/270 268/268/268 
f 268/268/268 267/267/267 269/269/269 
f 265/265/265 271/271/271 266/266/266 
f 270/270/270 269/269/269 272/272/272 
f 272/272/272 273/273/273 270/270/270 
f 273/273/273 272/272/272 274/274/274 
f 274/274/274 275/275/275 273/273/273 
f 275/275/275 274/274/274 276/276/276 
f 276/276/276 277/277/277 275/275/275 
f 278/278/278 279/279/279 280/280/280 
f 281/281/281 278/278/278 280/280/280 
f 280/280/280 282/282/282 281/281/281 
f 283/283/283 281/281/281 282/282/282 
f 282/282/282 284/284/284 283/283/283 
f 285/285/285 283/283/283 284/284/284 
f 284/284/284 286/286/286 285/285/285 
f 287/287/287 285/285/285 286/286/286 
f 286/286/286 288/288/288 287/287/287 
f 289/289/289 287/287/287 288/288/288 
f 288/288/288 290/290/290 289/289/289 
f 291/291/291 289/289/289 290/290/290 
f 290/290/290 292/292/292 291/291/291 
f 293/293/293 294/294/294 295/295/295 
f 296/296/296 293/293/293 295/295/295 
f 295/295/295 297/297/297 296/296/296 
f 298/298/298 296/296/296 297/297/297 
f 297/297/297 299/299/299 298/298/298 
f 298/298/298 299/299/299 300/300/300 
f 300/300/300 301/301/301 298/298/298 
f 302/302/302 303/303/303 301/301/301 
f 301/301/301 300/300/300 302/302/302 
f 303/303/303 302/302/302 304/304/304 
f 304/304/304 305/305/305 303/303/303 
f 306/306/306 307/307/307 308/308/308 
f 309/309/309 310/310/310 311/311/311 
f 311/311/311 312/312/312 309/309/309 
f 313/313/313 314/314/314 311/311/311 
f 311/311/311 310/310/310 313/313/313 
f 314/314/314 313/313/313 315/315/315 
f 315/315/315 316/316/316 314/314/314 
f 315/315/315 317/317/317 318/318/318 
f 318/318/318 316/316/316 315/315/315 
f 309/309/309 312/312/312 306/306/306 
f 306/306/306 308/308/308 309/309/309 
f 319/319/319 320/320/320 321/321/321 
f 322/322/322 323/323/323 321/321/321 
f 321/321/321 320/320/320 322/322/322 
f 324/324/324 325/325/325 323/323/323 
f 323/323/323 322/322/322 324/324/324 
f 324/324/324 326/326/326 327/327/327 
f 327/327/327 325/325/325 324/324/324 
f 328/328/328 327/327/327 326/326/326 
f 326/326/326 329/329/329 328/328/328 
f 330/330/330 328/328/328 329/329/329 
f 329/329/329 331/331/331 330/330/330 
f 332/332/332 333/333/333 334/334/334 
f 335/335/335 336/336/336 337/337/337 
f 337/337/337 338/338/338 335/335/335 
f 336/336/336 335/335/335 339/339/339 
f 339/339/339 340/340/340 336/336/336 
f 340/340/340 339/339/339 341/341/341 
f 341/341/341 342/342/342 340/340/340 
f 342/342/342 341/341/341 343/343/343 
f 343/343/343 344/344/344 342/342/342 
f 343/343/343 345/345/345 346/346/346 
f 346/346/346 344/344/344 343/343/343 
f 332/332/332 334/334/334 338/338/338 
f 338/338/338 337/337/337 332/332/332 
f 347/347/347 348/348/348 349/349/349 
f 350/350/350 347/347/347 349/349/349 
f 349/349/349 351/351/351 350/350/350 
f 351/351/351 352/352/352 353/353/353 
f 353/353/353 350/350/350 351/351/351 
f 354/354/354 353/353/353 352/352/352 
f 352/352/352 355/355/355 354/354/354 
f 356/356/356 354/354/354 355/355/355 
f 355/355/355 357/357/357 356/356/356 
f 358/358/358 356/356/356 357/357/357 
f 357/357/357 359/359/359 358/358/358 
f 358/358/358 359/359/359 360/360/360 
f 360/360/360 361/361/361 358/358/358 
f 362/362/362 363/363/363 364/364/364 
f 365/365/365 366/366/366 364/364/364 
f 364/364/364 363/363/363 365/365/365 
f 367/367/367 368/368/368 366/366/366 
f 366/366/366 365/365/365 367/367/367 
f 369/369/369 370/370/370 368/368/368 
f 368/368/368 367/367/367 369/369/369 
f 369/369/369 371/371/371 372/372/372 
f 372/372/372 370/370/370 369/369/369 
f 371/371/371 373/373/373 374/374/374 
f 374/374/374 372/372/372 371/371/371 
f 375/375/375 376/376/376 374/374/374 
f 374/374/374 373/373/373 375/375/375 
f 377/377/377 378/378/378 379/379/379 
f 379/379/379 380/380/380 377/377/377 
f 381/381/381 377/377/377 380/380/380 
f 380/380/380 382/382/382 381/381/381 
f 383/383/383 384/384/384 385/385/385 
f 385/385/385 386/386/386 383/383/383 
f 387/387/387 381/381/381 382/382/382 
f 382/382/382 388/388/388 387/387/387 
f 386/386/386 385/385/385 389/389/389 
f 389/389/389 390/390/390 386/386/386 
f 387/387/387 388/388/388 391/391/391 
f 391/391/391 392/392/392 387/387/387 
f 389/389/389 393/393/393 394/394/394 
f 394/394/394 390/390/390 389/389/389 
f 395/395/395 396/396/396 392/392/392 
f 392/392/392 391/391/391 395/395/395 
f 396/396/396 395/395/395 397/397/397 
f 398/398/398 394/394/394 393/393/393 
f 399/399/399 400/400/400 401/401/401 
f 401/401/401 402/402/402 399/399/399 
f 402/402/402 401/401/401 384/384/384 
f 384/384/384 383/383/383 402/402/402 
f 403/403/403 404/404/404 405/405/405 
f 404/404/404 406/406/406 407/407/407 
f 407/407/407 405/405/405 404/404/404 
f 406/406/406 408/408/408 409/409/409 
f 409/409/409 407/407/407 406/406/406 
f 408/408/408 410/410/410 411/411/411 
f 411/411/411 409/409/409 408/408/408 
f 410/410/410 412/412/412 413/413/413 
f 413/413/413 411/411/411 410/410/410 
f 414/414/414 415/415/415 413/413/413 
f 413/413/413 412/412/412 414/414/414 
f 416/416/416 417/417/417 418/418/418 
f 419/419/419 420/420/420 421/421/421 
f 421/421/421 422/422/422 419/419/419 
f 423/423/423 424/424/424 420/420/420 
f 420/420/420 419/419/419 423/423/423 
f 424/424/424 423/423/423 425/425/425 
f 425/425/425 426/426/426 424/424/424 
f 426/426/426 425/425/425 427/427/427 
f 427/427/427 428/428/428 426/426/426 
f 429/429/429 430/430/430 431/431/431 
f 431/431/431 432/432/432 429/429/429 
f 433/433/433 434/434/434 432/432/432 
f 432/432/432 431/431/431 433/433/433 
f 435/435/435 436/436/436 437/437/437 
f 437/437/437 438/438/438 435/435/435 
f 434/434/434 433/433/433 438/438/438 
f 438/438/438 437/437/437 434/434/434 
f 436/436/436 435/435/435 439/439/439 
f 440/440/440 441/441/441 442/442/442 
f 443/443/443 444/444/444 445/445/445 
f 445/445/445 446/446/446 443/443/443 
f 446/446/446 445/445/445 447/447/447 
f 447/447/447 448/448/448 446/446/446 
f 449/449/449 450/450/450 448/448/448 
f 448/448/448 447/447/447 449/449/449 
f 451/451/451 452/452/452 453/453/453 
f 453/453/453 454/454/454 451/451/451 
f 452/452/452 455/455/455 456/456/456 
f 456/456/456 453/453/453 452/452/452 
f 457/457/457 458/458/458 459/459/459 
f 459/459/459 460/460/460 457/457/457 
f 440/440/440 442/442/442 444/444/444 
f 444/444/444 443/443/443 440/440/440 
f 457/457/457 456/456/456 455/455/455 
f 455/455/455 458/458/458 457/457/457 
f 451/451/451 454/454/454 450/450/450 
f 450/450/450 449/449/449 451/451/451 
f 430/430/430 429/429/429 428/428/428 
f 428/428/428 427/427/427 430/430/430 
f 461/461/461 462/462/462 463/463/463 
f 464/464/464 461/461/461 463/463/463 
f 463/463/463 465/465/465 464/464/464 
f 466/466/466 464/464/464 465/465/465 
f 465/465/465 467/467/467 466/466/466 
f 468/468/468 466/466/466 467/467/467 
f 467/467/467 469/469/469 468/468/468 
f 470/470/470 468/468/468 469/469/469 
f 469/469/469 471/471/471 470/470/470 
f 472/472/472 470/470/470 471/471/471 
f 471/471/471 473/473/473 472/472/472 
f 474/474/474 472/472/472 473/473/473 
f 473/473/473 475/475/475 474/474/474 
f 476/476/476 474/474/474 475/475/475 
f 475/475/475 477/477/477 476/476/476 
f 478/478/478 476/476/476 477/477/477 
f 477/477/477 479/479/479 478/478/478 
f 480/480/480 478/478/478 479/479/479 
f 479/479/479 481/481/481 480/480/480 
f 482/482/482 483/483/483 484/484/484 
f 485/485/485 486/486/486 487/487/487 
f 488/488/488 489/489/489 490/490/490 
f 487/487/487 486/486/486 491/491/491 
f 491/491/491 492/492/492 487/487/487 
f 493/493/493 490/490/490 489/489/489 
f 489/489/489 494/494/494 493/493/493 
f 494/494/494 495/495/495 496/496/496 
f 496/496/496 493/493/493 494/494/494 
f 497/497/497 498/498/498 492/492/492 
f 492/492/492 491/491/491 497/497/497 
f 495/495/495 499/499/499 500/500/500 
f 500/500/500 496/496/496 495/495/495 
f 499/499/499 501/501/501 502/502/502 
f 502/502/502 500/500/500 499/499/499 
f 503/503/503 504/504/504 505/505/505 
f 505/505/505 506/506/506 503/503/503 
f 507/507/507 504/504/504 503/503/503 
f 503/503/503 508/508/508 507/507/507 
f 502/502/502 501/501/501 509/509/509 
f 509/509/509 510/510/510 502/502/502 
f 511/511/511 512/512/512 510/510/510 
f 510/510/510 509/509/509 511/511/511 
f 513/513/513 507/507/507 508/508/508 
f 508/508/508 514/514/514 513/513/513 
f 498/498/498 497/497/497 506/506/506 
f 506/506/506 505/505/505 498/498/498 
f 514/514/514 515/515/515 516/516/516 
f 516/516/516 513/513/513 514/514/514 
f 511/511/511 517/517/517 518/518/518 
f 518/518/518 512/512/512 511/511/511 
f 519/519/519 520/520/520 521/521/521 
f 521/521/521 522/522/522 519/519/519 
f 522/522/522 521/521/521 523/523/523 
f 523/523/523 524/524/524 522/522/522 
f 524/524/524 523/523/523 525/525/525 
f 525/525/525 526/526/526 524/524/524 
f 526/526/526 525/525/525 527/527/527 
f 527/527/527 528/528/528 526/526/526 
f 529/529/529 528/528/528 527/527/527 
f 527/527/527 530/530/530 529/529/529 
f 531/531/531 532/532/532 529/529/529 
f 529/529/529 530/530/530 531/531/531 
f 532/532/532 531/531/531 533/533/533 
f 533/533/533 534/534/534 532/532/532 
f 533/533/533 535/535/535 534/534/534 
f 536/536/536 537/537/537 538/538/538 
f 539/539/539 540/540/540 541/541/541 
f 536/536/536 538/538/538 542/542/542 
f 542/542/542 543/543/543 536/536/536 
f 543/543/543 542/542/542 544/544/544 
f 544/544/544 545/545/545 543/543/543 
f 546/546/546 547/547/547 539/539/539 
f 539/539/539 541/541/541 546/546/546 
f 548/548/548 549/549/549 547/547/547 
f 547/547/547 546/546/546 548/548/548 
f 550/550/550 551/551/551 545/545/545 
f 545/545/545 544/544/544 550/550/550 
f 549/549/549 548/548/548 552/552/552 
f 552/552/552 553/553/553 549/549/549 
f 554/554/554 555/555/555 551/551/551 
f 551/551/551 550/550/550 554/554/554 
f 556/556/556 557/557/557 558/558/558 
f 558/558/558 559/559/559 556/556/556 
f 560/560/560 561/561/561 562/562/562 
f 562/562/562 563/563/563 560/560/560 
f 559/559/559 558/558/558 564/564/564 
f 564/564/564 565/565/565 559/559/559 
f 563/563/563 562/562/562 566/566/566 
f 566/566/566 567/567/567 563/563/563 
f 568/568/568 569/569/569 570/570/570 
f 570/570/570 571/571/571 568/568/568 
f 571/571/571 572/572/572 573/573/573 
f 573/573/573 568/568/568 571/571/571 
f 574/574/574 567/567/567 566/566/566 
f 566/566/566 575/575/575 574/574/574 
f 574/574/574 575/575/575 576/576/576 
f 576/576/576 577/577/577 574/574/574 
f 553/553/553 552/552/552 557/557/557 
f 557/557/557 556/556/556 553/553/553 
f 555/555/555 554/554/554 561/561/561 
f 561/561/561 560/560/560 555/555/555 
f 569/569/569 565/565/565 564/564/564 
f 564/564/564 570/570/570 569/569/569 
f 578/578/578 579/579/579 580/580/580 
f 581/581/581 578/578/578 580/580/580 
f 580/580/580 582/582/582 581/581/581 
f 583/583/583 581/581/581 582/582/582 
f 582/582/582 584/584/584 583/583/583 
f 585/585/585 583/583/583 584/584/584 
f 584/584/584 586/586/586 585/585/585 
f 587/587/587 585/585/585 586/586/586 
f 586/586/586 588/588/588 587/587/587 
f 589/589/589 587/587/587 588/588/588 
f 588/588/588 590/590/590 589/589/589 
f 591/591/591 589/589/589 590/590/590 
f 590/590/590 592/592/592 591/591/591 
f 593/593/593 591/591/591 592/592/592 
f 592/592/592 594/594/594 593/593/593 
f 593/593/593 594/594/594 595/595/595 
f 595/595/595 596/596/596 593/593/593 
f 597/597/597 596/596/596 595/595/595 
f 595/595/595 598/598/598 597/597/597 
f 599/599/599 600/600/600 601/601/601 
f 602/602/602 600/600/600 599/599/599 
f 599/599/599 603/603/603 602/602/602 
f 604/604/604 602/602/602 603/603/603 
f 603/603/603 605/605/605 604/604/604 
f 605/605/605 606/606/606 607/607/607 
f 607/607/607 604/604/604 605/605/605 
f 608/608/608 609/609/609 610/610/610 
f 610/610/610 611/611/611 608/608/608 
f 612/612/612 613/613/613 614/614/614 
f 614/614/614 615/615/615 612/612/612 
f 607/607/607 606/606/606 609/609/609 
f 609/609/609 608/608/608 607/607/607 
f 611/611/611 610/610/610 613/613/613 
f 613/613/613 612/612/612 611/611/611 
f 615/615/615 614/614/614 616/616/616 
f 616/616/616 617/617/617 615/615/615 
f 618/618/618 619/619/619 620/620/620 
f 620/620/620 621/621/621 618/618/618 
f 622/622/622 623/623/623 619/619/619 
f 619/619/619 618/618/618 622/622/622 
f 624/624/624 625/625/625 623/623/623 
f 623/623/623 622/622/622 624/624/624 
f 620/620/620 626/626/626 621/621/621 
f 625/625/625 624/624/624 627/627/627 
f 627/627/627 628/628/628 625/625/625 
f 628/628/628 627/627/627 629/629/629 
f 629/629/629 630/630/630 628/628/628 
f 630/630/630 629/629/629 631/631/631 
f 631/631/631 632/632/632 630/630/630 
f 633/633/633 632/632/632 631/631/631 
f 631/631/631 634/634/634 633/633/633 
f 635/635/635 633/633/633 634/634/634 
f 634/634/634 636/636/636 635/635/635 
f 637/637/637 638/638/638 639/639/639 
f 640/640/640 637/637/637 639/639/639 
f 639/639/639 641/641/641 640/640/640 
f 640/640/640 641/641/641 642/642/642 
f 642/642/642 643/643/643 640/640/640 
f 643/643/643 642/642/642 644/644/644 
f 644/644/644 645/645/645 643/643/643 
f 646/646/646 645/645/645 644/644/644 
f 644/644/644 647/647/647 646/646/646 
f 648/648/648 646/646/646 647/647/647 
f 647/647/647 649/649/649 648/648/648 
f 650/650/650 648/648/648 649/649/649 
f 649/649/649 651/651/651 650/650/650 
f 652/652/652 650/650/650 651/651/651 
f 651/651/651 653/653/653 652/652/652 
f 654/654/654 652/652/652 653/653/653 
f 653/653/653 655/655/655 654/654/654 
f 656/656/656 657/657/657 658/658/658 
f 659/659/659 657/657/657 656/656/656 
f 656/656/656 660/660/660 659/659/659 
f 661/661/661 659/659/659 660/660/660 
f 660/660/660 662/662/662 661/661/661 
f 662/662/662 663/663/663 664/664/664 
f 664/664/664 661/661/661 662/662/662 
f 665/665/665 666/666/666 667/667/667 
f 667/667/667 668/668/668 665/665/665 
f 669/669/669 670/670/670 671/671/671 
f 671/671/671 672/672/672 669/669/669 
f 664/664/664 663/663/663 666/666/666 
f 666/666/666 665/665/665 664/664/664 
f 668/668/668 667/667/667 670/670/670 
f 670/670/670 669/669/669 668/668/668 
f 672/672/672 671/671/671 673/673/673 
f 673/673/673 674/674/674 672/672/672 
f 675/675/675 676/676/676 677/677/677 
f 677/677/677 678/678/678 675/675/675 
f 679/679/679 680/680/680 676/676/676 
f 676/676/676 675/675/675 679/679/679 
f 681/681/681 682/682/682 680/680/680 
f 680/680/680 679/679/679 681/681/681 
f 677/677/677 683/683/683 678/678/678 
f 682/682/682 681/681/681 684/684/684 
f 684/684/684 685/685/685 682/682/682 
f 686/686/686 685/685/685 684/684/684 
f 684/684/684 687/687/687 686/686/686 
f 686/686/686 687/687/687 688/688/688 
f 688/688/688 689/689/689 686/686/686 
f 690/690/690 689/689/689 688/688/688 
f 688/688/688 691/691/691 690/690/690 
f 692/692/692 690/690/690 691/691/691 
f 691/691/691 693/693/693 692/692/692 
f 694/694/694 695/695/695 696/696/696 
f 694/694/694 696/696/696 697/697/697 
f 697/697/697 698/698/698 694/694/694 
f 698/698/698 697/697/697 699/699/699 
f 699/699/699 700/700/700 698/698/698 
f 701/701/701 700/700/700 699/699/699 
f 699/699/699 702/702/702 701/701/701 
f 703/703/703 701/701/701 702/702/702 
f 702/702/702 704/704/704 703/703/703 
f 705/705/705 703/703/703 704/704/704 
f 704/704/704 706/706/706 705/705/705 
f 707/707/707 705/705/705 706/706/706 
f 706/706/706 708/708/708 707/707/707 
f 707/707/707 708/708/708 709/709/709 
f 709/709/709 710/710/710 707/707/707 
f 710/710/710 709/709/709 711/711/711 
f 711/711/711 712/712/712 710/710/710 
f 713/713/713 714/714/714 715/715/715 
f 715/715/715 716/716/716 713/713/713 
f 717/717/717 718/718/718 716/716/716 
f 716/716/716 715/715/715 717/717/717 
f 717/717/717 719/719/719 720/720/720 
f 720/720/720 718/718/718 717/717/717 
f 720/720/720 719/719/719 721/721/721 
f 721/721/721 722/722/722 720/720/720 
f 723/723/723 722/722/722 721/721/721 
f 724/724/724 725/725/725 726/726/726 
f 727/727/727 728/728/728 726/726/726 
f 726/726/726 725/725/725 727/727/727 
f 729/729/729 730/730/730 728/728/728 
f 728/728/728 727/727/727 729/729/729 
f 731/731/731 730/730/730 729/729/729 
f 729/729/729 732/732/732 731/731/731 
f 732/732/732 733/733/733 734/734/734 
f 734/734/734 731/731/731 732/732/732 
f 735/735/735 736/736/736 737/737/737 
f 738/738/738 737/737/737 736/736/736 
f 736/736/736 739/739/739 738/738/738 
f 740/740/740 741/741/741 738/738/738 
f 738/738/738 739/739/739 740/740/740 
f 741/741/741 740/740/740 742/742/742 
f 742/742/742 743/743/743 741/741/741 
f 744/744/744 745/745/745 743/743/743 
f 743/743/743 742/742/742 744/744/744 
f 746/746/746 747/747/747 748/748/748 
f 748/748/748 749/749/749 746/746/746 
f 750/750/750 751/751/751 752/752/752 
f 752/752/752 753/753/753 750/750/750 
f 749/749/749 748/748/748 754/754/754 
f 754/754/754 755/755/755 749/749/749 
f 756/756/756 752/752/752 751/751/751 
f 751/751/751 757/757/757 756/756/756 
f 755/755/755 754/754/754 758/758/758 
f 758/758/758 759/759/759 755/755/755 
f 760/760/760 761/761/761 762/762/762 
f 763/763/763 759/759/759 758/758/758 
f 756/756/756 757/757/757 762/762/762 
f 762/762/762 761/761/761 756/756/756 
f 764/764/764 765/765/765 766/766/766 
f 767/767/767 764/764/764 766/766/766 
f 766/766/766 768/768/768 767/767/767 
f 769/769/769 767/767/767 768/768/768 
f 768/768/768 770/770/770 769/769/769 
f 771/771/771 769/769/769 770/770/770 
f 770/770/770 772/772/772 771/771/771 
f 773/773/773 774/774/774 775/775/775 
f 776/776/776 777/777/777 778/778/778 
f 778/778/778 779/779/779 776/776/776 
f 780/780/780 781/781/781 782/782/782 
f 782/782/782 783/783/783 780/780/780 
f 779/779/779 778/778/778 784/784/784 
f 784/784/784 785/785/785 779/779/779 
f 786/786/786 780/780/780 783/783/783 
f 783/783/783 787/787/787 786/786/786 
f 787/787/787 788/788/788 789/789/789 
f 789/789/789 786/786/786 787/787/787 
f 785/785/785 784/784/784 790/790/790 
f 790/790/790 791/791/791 785/785/785 
f 789/789/789 788/788/788 792/792/792 
f 792/792/792 793/793/793 789/789/789 
f 794/794/794 791/791/791 790/790/790 
f 790/790/790 795/795/795 794/794/794 
f 796/796/796 794/794/794 795/795/795 
f 795/795/795 797/797/797 796/796/796 
f 796/796/796 797/797/797 798/798/798 
f 799/799/799 800/800/800 801/801/801 
f 793/793/793 792/792/792 799/799/799 
f 799/799/799 801/801/801 793/793/793 
f 802/802/802 803/803/803 804/804/804 
f 805/805/805 806/806/806 804/804/804 
f 804/804/804 803/803/803 805/805/805 
f 806/806/806 805/805/805 807/807/807 
f 807/807/807 808/808/808 806/806/806 
f 807/807/807 809/809/809 810/810/810 
f 810/810/810 808/808/808 807/807/807 
f 811/811/811 810/810/810 809/809/809 
f 809/809/809 812/812/812 811/811/811 
f 813/813/813 811/811/811 812/812/812 
f 812/812/812 814/814/814 813/813/813 
f 815/815/815 816/816/816 817/817/817 
f 818/818/818 819/819/819 820/820/820 
f 820/820/820 821/821/821 818/818/818 
f 821/821/821 822/822/822 823/823/823 
f 823/823/823 818/818/818 821/821/821 
f 824/824/824 823/823/823 822/822/822 
f 822/822/822 825/825/825 824/824/824 
f 817/817/817 826/826/826 827/827/827 
f 827/827/827 815/815/815 817/817/817 
f 826/826/826 820/820/820 819/819/819 
f 819/819/819 827/827/827 826/826/826 
f 828/828/828 829/829/829 830/830/830 
f 830/830/830 831/831/831 828/828/828 
f 832/832/832 833/833/833 829/829/829 
f 829/829/829 828/828/828 832/832/832 
f 834/834/834 835/835/835 833/833/833 
f 833/833/833 832/832/832 834/834/834 
f 836/836/836 837/837/837 835/835/835 
f 835/835/835 834/834/834 836/836/836 
f 838/838/838 839/839/839 837/837/837 
f 837/837/837 836/836/836 838/838/838 
f 838/838/838 840/840/840 839/839/839 
f 841/841/841 842/842/842 843/843/843 
f 844/844/844 845/845/845 846/846/846 
f 846/846/846 847/847/847 844/844/844 
f 848/848/848 849/849/849 850/850/850 
f 850/850/850 851/851/851 848/848/848 
f 852/852/852 853/853/853 854/854/854 
f 854/854/854 855/855/855 852/852/852 
f 856/856/856 857/857/857 858/858/858 
f 858/858/858 859/859/859 856/856/856 
f 860/860/860 861/861/861 862/862/862 
f 862/862/862 863/863/863 860/860/860 
f 864/864/864 865/865/865 866/866/866 
f 866/866/866 865/865/865 867/867/867 
f 867/867/867 868/868/868 866/866/866 
f 869/869/869 870/870/870 868/868/868 
f 868/868/868 867/867/867 869/869/869 
f 871/871/871 872/872/872 870/870/870 
f 870/870/870 869/869/869 871/871/871 
f 872/872/872 871/871/871 873/873/873 
f 873/873/873 874/874/874 872/872/872 
f 875/875/875 876/876/876 877/877/877 
f 877/877/877 878/878/878 875/875/875 
f 874/874/874 873/873/873 876/876/876 
f 876/876/876 875/875/875 874/874/874 
f 879/879/879 880/880/880 881/881/881 
f 881/881/881 882/882/882 879/879/879 
f 880/880/880 883/883/883 884/884/884 
f 884/884/884 881/881/881 880/880/880 
f 885/885/885 884/884/884 883/883/883 
f 883/883/883 886/886/886 885/885/885 
f 887/887/887 885/885/885 886/886/886 
f 886/886/886 888/888/888 887/887/887 
f 889/889/889 887/887/887 888/888/888 
f 888/888/888 890/890/890 889/889/889 
f 890/890/890 891/891/891 892/892/892 
f 892/892/892 889/889/889 890/890/890 
f 893/893/893 892/892/892 891/891/891 
f 894/894/894 895/895/895 896/896/896 
f 897/897/897 898/898/898 896/896/896 
f 896/896/896 895/895/895 897/897/897 
f 899/899/899 900/900/900 898/898/898 
f 898/898/898 897/897/897 899/899/899 
f 901/901/901 902/902/902 900/900/900 
f 900/900/900 899/899/899 901/901/901 
f 903/903/903 904/904/904 902/902/902 
f 902/902/902 901/901/901 903/903/903 
f 905/905/905 906/906/906 904/904/904 
f 904/904/904 903/903/903 905/905/905 
f 907/907/907 908/908/908 906/906/906 
f 906/906/906 905/905/905 907/907/907 
f 909/909/909 910/910/910 911/911/911 
f 911/911/911 912/912/912 909/909/909 
f 913/913/913 914/914/914 915/915/915 
f 915/915/915 916/916/916 913/913/913 
f 914/914/914 917/917/917 918/918/918 
f 918/918/918 915/915/915 914/914/914 
f 919/919/919 920/920/920 921/921/921 
f 921/921/921 922/922/922 919/919/919 
f 922/922/922 921/921/921 923/923/923 
f 923/923/923 924/924/924 922/922/922 
f 917/917/917 925/925/925 926/926/926 
f 926/926/926 918/918/918 917/917/917 
f 926/926/926 925/925/925 927/927/927 
f 927/927/927 928/928/928 926/926/926 
f 924/924/924 923/923/923 929/929/929 
f 929/929/929 930/930/930 924/924/924 
f 909/909/909 931/931/931 910/910/910 
f 932/932/932 933/933/933 934/934/934 
f 932/932/932 934/934/934 913/913/913 
f 913/913/913 916/916/916 932/932/932 
f 912/912/912 911/911/911 920/920/920 
f 920/920/920 919/919/919 912/912/912 
f 935/935/935 936/936/936 937/937/937 
f 938/938/938 935/935/935 937/937/937 
f 937/937/937 939/939/939 938/938/938 
f 939/939/939 940/940/940 941/941/941 
f 941/941/941 938/938/938 939/939/939 
f 940/940/940 942/942/942 943/943/943 
f 943/943/943 941/941/941 940/940/940 
f 944/944/944 943/943/943 942/942/942 
f 942/942/942 945/945/945 944/944/944 
f 946/946/946 944/944/944 945/945/945 
f 945/945/945 947/947/947 946/946/946 
f 948/948/948 949/949/949 950/950/950 
f 950/950/950 951/951/951 948/948/948 
f 951/951/951 950/950/950 952/952/952 
f 952/952/952 953/953/953 951/951/951 
f 954/954/954 955/955/955 956/956/956 
f 956/956/956 957/957/957 954/954/954 
f 954/954/954 957/957/957 958/958/958 
f 958/958/958 959/959/959 954/954/954 
f 960/960/960 961/961/961 962/962/962 
f 960/960/960 962/962/962 949/949/949 
f 949/949/949 948/948/948 960/960/960 
f 952/952/952 963/963/963 964/964/964 
f 964/964/964 953/953/953 952/952/952 
f 963/963/963 956/956/956 955/955/955 
f 955/955/955 964/964/964 963/963/963 
f 965/965/965 966/966/966 967/967/967 
f 967/967/967 968/968/968 965/965/965 
f 966/966/966 965/965/965 969/969/969 
f 969/969/969 970/970/970 966/966/966 
f 971/971/971 972/972/972 970/970/970 
f 970/970/970 969/969/969 971/971/971 
f 973/973/973 974/974/974 972/972/972 
f 972/972/972 971/971/971 973/973/973 
f 975/975/975 974/974/974 973/973/973 
f 973/973/973 976/976/976 975/975/975 
f 976/976/976 977/977/977 978/978/978 
f 978/978/978 975/975/975 976/976/976 
f 979/979/979 980/980/980 978/978/978 
f 978/978/978 977/977/977 979/979/979 
f 979/979/979 981/981/981 980/980/980 
f 982/982/982 983/983/983 984/984/984 
f 983/983/983 985/985/985 986/986/986 
f 986/986/986 984/984/984 983/983/983 
f 985/985/985 987/987/987 988/988/988 
f 988/988/988 986/986/986 985/985/985 
f 988/988/988 987/987/987 989/989/989 
f 989/989/989 990/990/990 988/988/988 
f 990/990/990 989/989/989 991/991/991 
f 991/991/991 992/992/992 990/990/990 
f 993/993/993 992/992/992 991/991/991 
f 991/991/991 994/994/994 993/993/993 
f 995/995/995 993/993/993 994/994/994 
f 994/994/994 996/996/996 995/995/995 
f 996/996/996 997/997/997 998/998/998 
f 998/998/998 995/995/995 996/996/996 
f 999/999/999 1000/1000/1000 1001/1001/1001 
f 1002/1002/1002 1003/1003/1003 1004/1004/1004 
f 1004/1004/1004 1005/1005/1005 1002/1002/1002 
f 1006/1006/1006 1002/1002/1002 1005/1005/1005 
f 1005/1005/1005 1007/1007/1007 1006/1006/1006 
f 1008/1008/1008 1009/1009/1009 1010/1010/1010 
f 1010/1010/1010 1011/1011/1011 1008/1008/1008 
f 1012/1012/1012 1006/1006/1006 1007/1007/1007 
f 1007/1007/1007 1013/1013/1013 1012/1012/1012 
f 1014/1014/1014 1015/1015/1015 1016/1016/1016 
f 1016/1016/1016 1017/1017/1017 1014/1014/1014 
f 1018/1018/1018 1019/1019/1019 1015/1015/1015 
f 1015/1015/1015 1014/1014/1014 1018/1018/1018 
f 1013/1013/1013 1020/1020/1020 1021/1021/1021 
f 1021/1021/1021 1012/1012/1012 1013/1013/1013 
f 1019/1019/1019 1018/1018/1018 1022/1022/1022 
f 1022/1022/1022 1023/1023/1023 1019/1019/1019 
f 1024/1024/1024 1025/1025/1025 1026/1026/1026 
f 1026/1026/1026 1027/1027/1027 1024/1024/1024 
f 1028/1028/1028 1029/1029/1029 1030/1030/1030 
f 1031/1031/1031 1027/1027/1027 1026/1026/1026 
f 1010/1010/1010 1009/1009/1009 1017/1017/1017 
f 1017/1017/1017 1016/1016/1016 1010/1010/1010 
f 1020/1020/1020 1025/1025/1025 1024/1024/1024 
f 1024/1024/1024 1021/1021/1021 1020/1020/1020 
f 1022/1022/1022 1029/1029/1029 1028/1028/1028 
f 1028/1028/1028 1023/1023/1023 1022/1022/1022 
f 1032/1032/1032 1033/1033/1033 1034/1034/1034 
f 1033/1033/1033 1035/1035/1035 1036/1036/1036 
f 1036/1036/1036 1034/1034/1034 1033/1033/1033 
f 1037/1037/1037 1038/1038/1038 1036/1036/1036 
f 1036/1036/1036 1035/1035/1035 1037/1037/1037 
f 1039/1039/1039 1040/1040/1040 1038/1038/1038 
f 1038/1038/1038 1037/1037/1037 1039/1039/1039 
f 1041/1041/1041 1042/1042/1042 1040/1040/1040 
f 1040/1040/1040 1039/1039/1039 1041/1041/1041 
f 1043/1043/1043 1044/1044/1044 1042/1042/1042 
f 1042/1042/1042 1041/1041/1041 1043/1043/1043 
f 1045/1045/1045 1046/1046/1046 1044/1044/1044 
f 1044/1044/1044 1043/1043/1043 1045/1045/1045 
f 1047/1047/1047 1048/1048/1048 1049/1049/1049 
f 1050/1050/1050 1051/1051/1051 1052/1052/1052 
f 1052/1052/1052 1053/1053/1053 1050/1050/1050 
f 1051/1051/1051 1050/1050/1050 1054/1054/1054 
f 1054/1054/1054 1055/1055/1055 1051/1051/1051 
f 1056/1056/1056 1055/1055/1055 1054/1054/1054 
f 1057/1057/1057 1058/1058/1058 1059/1059/1059 
f 1059/1059/1059 1060/1060/1060 1057/1057/1057 
f 1060/1060/1060 1059/1059/1059 1061/1061/1061 
f 1061/1061/1061 1062/1062/1062 1060/1060/1060 
f 1062/1062/1062 1061/1061/1061 1053/1053/1053 
f 1053/1053/1053 1052/1052/1052 1062/1062/1062 
f 1063/1063/1063 1064/1064/1064 1065/1065/1065 
f 1066/1066/1066 1067/1067/1067 1065/1065/1065 
f 1065/1065/1065 1064/1064/1064 1066/1066/1066 
f 1067/1067/1067 1066/1066/1066 1068/1068/1068 
f 1068/1068/1068 1069/1069/1069 1067/1067/1067 
f 1070/1070/1070 1071/1071/1071 1069/1069/1069 
f 1069/1069/1069 1068/1068/1068 1070/1070/1070 
f 1072/1072/1072 1073/1073/1073 1071/1071/1071 
f 1071/1071/1071 1070/1070/1070 1072/1072/1072 
f 1074/1074/1074 1075/1075/1075 1073/1073/1073 
f 1073/1073/1073 1072/1072/1072 1074/1074/1074 
f 1076/1076/1076 1077/1077/1077 1078/1078/1078 
f 1079/1079/1079 1076/1076/1076 1078/1078/1078 
f 1078/1078/1078 1080/1080/1080 1079/1079/1079 
f 1081/1081/1081 1079/1079/1079 1080/1080/1080 
f 1080/1080/1080 1082/1082/1082 1081/1081/1081 
f 1083/1083/1083 1081/1081/1081 1082/1082/1082 
f 1082/1082/1082 1084/1084/1084 1083/1083/1083 
f 1085/1085/1085 1083/1083/1083 1084/1084/1084 
f 1084/1084/1084 1086/1086/1086 1085/1085/1085 
f 1087/1087/1087 1085/1085/1085 1086/1086/1086 
f 1086/1086/1086 1088/1088/1088 1087/1087/1087 
f 1089/1089/1089 1090/1090/1090 1091/1091/1091 
f 1092/1092/1092 1093/1093/1093 1094/1094/1094 
f 1094/1094/1094 1095/1095/1095 1092/1092/1092 
f 1096/1096/1096 1092/1092/1092 1095/1095/1095 
f 1095/1095/1095 1097/1097/1097 1096/1096/1096 
f 1097/1097/1097 1098/1098/1098 1099/1099/1099 
f 1099/1099/1099 1096/1096/1096 1097/1097/1097 
f 1098/1098/1098 1100/1100/1100 1101/1101/1101 
f 1101/1101/1101 1099/1099/1099 1098/1098/1098 
f 1102/1102/1102 1101/1101/1101 1100/1100/1100 
f 1103/1103/1103 1104/1104/1104 1105/1105/1105 
f 1106/1106/1106 1105/1105/1105 1104/1104/1104 
f 1104/1104/1104 1107/1107/1107 1106/1106/1106 
f 1108/1108/1108 1109/1109/1109 1106/1106/1106 
f 1106/1106/1106 1107/1107/1107 1108/1108/1108 
f 1109/1109/1109 1108/1108/1108 1110/1110/1110 
f 1110/1110/1110 1111/1111/1111 1109/1109/1109 
f 1112/1112/1112 1111/1111/1111 1110/1110/1110 
f 1110/1110/1110 1113/1113/1113 1112/1112/1112 
f 1114/1114/1114 1115/1115/1115 1116/1116/1116 
f 1117/1117/1117 1118/1118/1118 1116/1116/1116 
f 1116/1116/1116 1115/1115/1115 1117/1117/1117 
f 1119/1119/1119 1120/1120/1120 1118/1118/1118 
f 1118/1118/1118 1117/1117/1117 1119/1119/1119 
f 1120/1120/1120 1119/1119/1119 1121/1121/1121 
f 1121/1121/1121 1122/1122/1122 1120/1120/1120 
f 1122/1122/1122 1121/1121/1121 1123/1123/1123 
f 1123/1123/1123 1124/1124/1124 1122/1122/1122 
f 1125/1125/1125 1126/1126/1126 1127/1127/1127 
f 1127/1127/1127 1128/1128/1128 1125/1125/1125 
f 1128/1128/1128 1127/1127/1127 1129/1129/1129 
f 1129/1129/1129 1130/1130/1130 1128/1128/1128 
f 1130/1130/1130 1129/1129/1129 1131/1131/1131 
f 1131/1131/1131 1132/1132/1132 1130/1130/1130 
f 1133/1133/1133 1134/1134/1134 1135/1135/1135 
f 1135/1135/1135 1136/1136/1136 1133/1133/1133 
f 1132/1132/1132 1131/1131/1131 1137/1137/1137 
f 1137/1137/1137 1138/1138/1138 1132/1132/1132 
f 1134/1134/1134 1138/1138/1138 1137/1137/1137 
f 1137/1137/1137 1135/1135/1135 1134/1134/1134 
f 1139/1139/1139 1133/1133/1133 1136/1136/1136 
f 1140/1140/1140 1141/1141/1141 1142/1142/1142 
f 1142/1142/1142 1141/1141/1141 1143/1143/1143 
f 1143/1143/1143 1144/1144/1144 1142/1142/1142 
f 1145/1145/1145 1146/1146/1146 1144/1144/1144 
f 1144/1144/1144 1143/1143/1143 1145/1145/1145 
f 1147/1147/1147 1148/1148/1148 1146/1146/1146 
f 1146/1146/1146 1145/1145/1145 1147/1147/1147 
f 1149/1149/1149 1150/1150/1150 1148/1148/1148 
f 1148/1148/1148 1147/1147/1147 1149/1149/1149 
f 1149/1149/1149 1151/1151/1151 1152/1152/1152 
f 1152/1152/1152 1150/1150/1150 1149/1149/1149 
f 1153/1153/1153 1152/1152/1152 1151/1151/1151 
f 1151/1151/1151 1154/1154/1154 1153/1153/1153 
f 1155/1155/1155 1156/1156/1156 1157/1157/1157 
f 1158/1158/1158 1159/1159/1159 1157/1157/1157 
f 1157/1157/1157 1156/1156/1156 1158/1158/1158 
f 1160/1160/1160 1159/1159/1159 1158/1158/1158 
f 1158/1158/1158 1161/1161/1161 1160/1160/1160 
f 1162/1162/1162 1160/1160/1160 1161/1161/1161 
f 1161/1161/1161 1163/1163/1163 1162/1162/1162 
f 1163/1163/1163 1164/1164/1164 1165/1165/1165 
f 1165/1165/1165 1162/1162/1162 1163/1163/1163 
f 1166/1166/1166 1165/1165/1165 1164/1164/1164 
f 1164/1164/1164 1167/1167/1167 1166/1166/1166 
f 1166/1166/1166 1167/1167/1167 1168/1168/1168 
f 1168/1168/1168 1169/1169/1169 1166/1166/1166 
f 1170/1170/1170 1171/1171/1171 1172/1172/1172 
f 1172/1172/1172 1173/1173/1173 1170/1170/1170 
f 1173/1173/1173 1172/1172/1172 1174/1174/1174 
f 1174/1174/1174 1175/1175/1175 1173/1173/1173 
f 1175/1175/1175 1174/1174/1174 1176/1176/1176 
f 1176/1176/1176 1177/1177/1177 1175/1175/1175 
f 1177/1177/1177 1176/1176/1176 1178/1178/1178 
f 1178/1178/1178 1179/1179/1179 1177/1177/1177 
f 1180/1180/1180 1179/1179/1179 1178/1178/1178 
f 1178/1178/1178 1181/1181/1181 1180/1180/1180 
f 1181/1181/1181 1182/1182/1182 1180/1180/1180 
f 1183/1183/1183 1184/1184/1184 1171/1171/1171 
f 1171/1171/1171 1170/1170/1170 1183/1183/1183 
f 1185/1185/1185 1186/1186/1186 1187/1187/1187 
f 1188/1188/1188 1185/1185/1185 1187/1187/1187 
f 1187/1187/1187 1189/1189/1189 1188/1188/1188 
f 1189/1189/1189 1190/1190/1190 1191/1191/1191 
f 1191/1191/1191 1188/1188/1188 1189/1189/1189 
f 1190/1190/1190 1192/1192/1192 1193/1193/1193 
f 1193/1193/1193 1191/1191/1191 1190/1190/1190 
f 1192/1192/1192 1194/1194/1194 1195/1195/1195 
f 1195/1195/1195 1193/1193/1193 1192/1192/1192 
f 1196/1196/1196 1197/1197/1197 1195/1195/1195 
f 1195/1195/1195 1194/1194/1194 1196/1196/1196 
f 1196/1196/1196 1198/1198/1198 1199/1199/1199 
f 1199/1199/1199 1197/1197/1197 1196/1196/1196 
f 1200/1200/1200 1201/1201/1201 1202/1202/1202 
f 1202/1202/1202 1201/1201/1201 1203/1203/1203 
f 1203/1203/1203 1204/1204/1204 1202/1202/1202 
f 1205/1205/1205 1206/1206/1206 1204/1204/1204 
f 1204/1204/1204 1203/1203/1203 1205/1205/1205 
f 1205/1205/1205 1207/1207/1207 1208/1208/1208 
f 1208/1208/1208 1206/1206/1206 1205/1205/1205 
f 1207/1207/1207 1209/1209/1209 1210/1210/1210 
f 1210/1210/1210 1208/1208/1208 1207/1207/1207 
f 1209/1209/1209 1211/1211/1211 1212/1212/1212 
f 1212/1212/1212 1210/1210/1210 1209/1209/1209 
f 1211/1211/1211 1213/1213/1213 1214/1214/1214 
f 1214/1214/1214 1212/1212/1212 1211/1211/1211 
f 1215/1215/1215 1216/1216/1216 1217/1217/1217 
f 1217/1217/1217 1218/1218/1218 1215/1215/1215 
f 1219/1219/1219 1215/1215/1215 1218/1218/1218 
f 1218/1218/1218 1220/1220/1220 1219/1219/1219 
f 1221/1221/1221 1222/1222/1222 1223/1223/1223 
f 1223/1223/1223 1224/1224/1224 1221/1221/1221 
f 1223/1223/1223 1222/1222/1222 1225/1225/1225 
f 1225/1225/1225 1226/1226/1226 1223/1223/1223 
f 1226/1226/1226 1225/1225/1225 1227/1227/1227 
f 1227/1227/1227 1228/1228/1228 1226/1226/1226 
f 1229/1229/1229 1228/1228/1228 1227/1227/1227 
f 1220/1220/1220 1221/1221/1221 1224/1224/1224 
f 1224/1224/1224 1219/1219/1219 1220/1220/1220 
f 1230/1230/1230 1231/1231/1231 1232/1232/1232 
f 1232/1232/1232 1233/1233/1233 1230/1230/1230 
f 1234/1234/1234 1230/1230/1230 1233/1233/1233 
f 1233/1233/1233 1235/1235/1235 1234/1234/1234 
f 1236/1236/1236 1234/1234/1234 1235/1235/1235 
f 1235/1235/1235 1237/1237/1237 1236/1236/1236 
f 1238/1238/1238 1236/1236/1236 1237/1237/1237 
f 1237/1237/1237 1239/1239/1239 1238/1238/1238 
f 1238/1238/1238 1239/1239/1239 1240/1240/1240 
f 1240/1240/1240 1241/1241/1241 1238/1238/1238 
f 1241/1241/1241 1240/1240/1240 1242/1242/1242 
f 1242/1242/1242 1243/1243/1243 1241/1241/1241 
f 1244/1244/1244 1243/1243/1243 1242/1242/1242 
f 1245/1245/1245 1246/1246/1246 1247/1247/1247 
f 1246/1246/1246 1248/1248/1248 1249/1249/1249 
f 1249/1249/1249 1247/1247/1247 1246/1246/1246 
f 1248/1248/1248 1250/1250/1250 1251/1251/1251 
f 1251/1251/1251 1249/1249/1249 1248/1248/1248 
f 1252/1252/1252 1253/1253/1253 1251/1251/1251 
f 1251/1251/1251 1250/1250/1250 1252/1252/1252 
f 1254/1254/1254 1255/1255/1255 1253/1253/1253 
f 1253/1253/1253 1252/1252/1252 1254/1254/1254 
f 1256/1256/1256 1257/1257/1257 1255/1255/1255 
f 1255/1255/1255 1254/1254/1254 1256/1256/1256 
f 1258/1258/1258 1259/1259/1259 1257/1257/1257 
f 1257/1257/1257 1256/1256/1256 1258/1258/1258 
f 1260/1260/1260 1261/1261/1261 1262/1262/1262 
f 1263/1263/1263 1264/1264/1264 1265/1265/1265 
f 1265/1265/1265 1266/1266/1266 1263/1263/1263 
f 1267/1267/1267 1268/1268/1268 1269/1269/1269 
f 1269/1269/1269 1270/1270/1270 1267/1267/1267 
f 1271/1271/1271 1270/1270/1270 1269/1269/1269 
f 1269/1269/1269 1272/1272/1272 1271/1271/1271 
f 1266/1266/1266 1265/1265/1265 1273/1273/1273 
f 1273/1273/1273 1274/1274/1274 1266/1266/1266 
f 1275/1275/1275 1276/1276/1276 1277/1277/1277 
f 1277/1277/1277 1278/1278/1278 1275/1275/1275 
f 1279/1279/1279 1280/1280/1280 1281/1281/1281 
f 1281/1281/1281 1282/1282/1282 1279/1279/1279 
f 1278/1278/1278 1277/1277/1277 1283/1283/1283 
f 1283/1283/1283 1284/1284/1284 1278/1278/1278 
f 1281/1281/1281 1285/1285/1285 1286/1286/1286 
f 1286/1286/1286 1282/1282/1282 1281/1281/1281 
f 1287/1287/1287 1288/1288/1288 1284/1284/1284 
f 1284/1284/1284 1283/1283/1283 1287/1287/1287 
f 1287/1287/1287 1289/1289/1289 1290/1290/1290 
f 1290/1290/1290 1288/1288/1288 1287/1287/1287 
f 1291/1291/1291 1292/1292/1292 1293/1293/1293 
f 1293/1293/1293 1294/1294/1294 1291/1291/1291 
f 1295/1295/1295 1291/1291/1291 1294/1294/1294 
f 1296/1296/1296 1290/1290/1290 1289/1289/1289 
f 1275/1275/1275 1271/1271/1271 1272/1272/1272 
f 1272/1272/1272 1276/1276/1276 1275/1275/1275 
f 1274/1274/1274 1273/1273/1273 1280/1280/1280 
f 1280/1280/1280 1279/1279/1279 1274/1274/1274 
f 1285/1285/1285 1293/1293/1293 1292/1292/1292 
f 1292/1292/1292 1286/1286/1286 1285/1285/1285 
f 1297/1297/1297 1298/1298/1298 1299/1299/1299 
f 1300/1300/1300 1301/1301/1301 1299/1299/1299 
f 1299/1299/1299 1298/1298/1298 1300/1300/1300 
f 1302/1302/1302 1303/1303/1303 1301/1301/1301 
f 1301/1301/1301 1300/1300/1300 1302/1302/1302 
f 1302/1302/1302 1304/1304/1304 1305/1305/1305 
f 1305/1305/1305 1303/1303/1303 1302/1302/1302 
f 1304/1304/1304 1306/1306/1306 1307/1307/1307 
f 1307/1307/1307 1305/1305/1305 1304/1304/1304 
f 1308/1308/1308 1307/1307/1307 1306/1306/1306 
f 1306/1306/1306 1309/1309/1309 1308/1308/1308 
f 1309/1309/1309 1310/1310/1310 1311/1311/1311 
f 1311/1311/1311 1308/1308/1308 1309/1309/1309 
f 1310/1310/1310 1312/1312/1312 1313/1313/1313 
f 1313/1313/1313 1311/1311/1311 1310/1310/1310 
f 1314/1314/1314 1315/1315/1315 1316/1316/1316 
f 1315/1315/1315 1314/1314/1314 1317/1317/1317 
f 1317/1317/1317 1318/1318/1318 1315/1315/1315 
f 1319/1319/1319 1320/1320/1320 1321/1321/1321 
f 1321/1321/1321 1322/1322/1322 1319/1319/1319 
f 1323/1323/1323 1319/1319/1319 1322/1322/1322 
f 1322/1322/1322 1324/1324/1324 1323/1323/1323 
f 1324/1324/1324 1325/1325/1325 1326/1326/1326 
f 1326/1326/1326 1323/1323/1323 1324/1324/1324 
f 1318/1318/1318 1317/1317/1317 1327/1327/1327 
f 1327/1327/1327 1328/1328/1328 1318/1318/1318 
f 1327/1327/1327 1321/1321/1321 1320/1320/1320 
f 1320/1320/1320 1328/1328/1328 1327/1327/1327 
f 1329/1329/1329 1330/1330/1330 1331/1331/1331 
f 1331/1331/1331 1332/1332/1332 1329/1329/1329 
f 1329/1329/1329 1333/1333/1333 1334/1334/1334 
f 1334/1334/1334 1330/1330/1330 1329/1329/1329 
f 1335/1335/1335 1336/1336/1336 1334/1334/1334 
f 1334/1334/1334 1333/1333/1333 1335/1335/1335 
f 1337/1337/1337 1336/1336/1336 1335/1335/1335 
f 1335/1335/1335 1338/1338/1338 1337/1337/1337 
f 1339/1339/1339 1337/1337/1337 1338/1338/1338 
f 1338/1338/1338 1340/1340/1340 1339/1339/1339 
f 1340/1340/1340 1341/1341/1341 1342/1342/1342 
f 1342/1342/1342 1339/1339/1339 1340/1340/1340 
f 1343/1343/1343 1342/1342/1342 1341/1341/1341 
f 1344/1344/1344 1345/1345/1345 1346/1346/1346 
f 1345/1345/1345 1347/1347/1347 1348/1348/1348 
f 1348/1348/1348 1346/1346/1346 1345/1345/1345 
f 1347/1347/1347 1349/1349/1349 1350/1350/1350 
f 1350/1350/1350 1348/1348/1348 1347/1347/1347 
f 1351/1351/1351 1352/1352/1352 1350/1350/1350 
f 1350/1350/1350 1349/1349/1349 1351/1351/1351 
f 1353/1353/1353 1354/1354/1354 1352/1352/1352 
f 1352/1352/1352 1351/1351/1351 1353/1353/1353 
f 1355/1355/1355 1356/1356/1356 1354/1354/1354 
f 1354/1354/1354 1353/1353/1353 1355/1355/1355 
f 1357/1357/1357 1358/1358/1358 1359/1359/1359 
f 1359/1359/1359 1360/1360/1360 1357/1357/1357 
f 1361/1361/1361 1362/1362/1362 1363/1363/1363 
f 1364/1364/1364 1365/1365/1365 1366/1366/1366 
f 1366/1366/1366 1367/1367/1367 1364/1364/1364 
f 1368/1368/1368 1369/1369/1369 1370/1370/1370 
f 1370/1370/1370 1371/1371/1371 1368/1368/1368 
f 1369/1369/1369 1368/1368/1368 1372/1372/1372 
f 1372/1372/1372 1373/1373/1373 1369/1369/1369 
f 1364/1364/1364 1367/1367/1367 1374/1374/1374 
f 1374/1374/1374 1375/1375/1375 1364/1364/1364 
f 1375/1375/1375 1374/1374/1374 1371/1371/1371 
f 1371/1371/1371 1370/1370/1370 1375/1375/1375 
f 1376/1376/1376 1373/1373/1373 1372/1372/1372 
f 1377/1377/1377 1378/1378/1378 1379/1379/1379 
f 1380/1380/1380 1381/1381/1381 1379/1379/1379 
f 1379/1379/1379 1378/1378/1378 1380/1380/1380 
f 1381/1381/1381 1380/1380/1380 1382/1382/1382 
f 1382/1382/1382 1383/1383/1383 1381/1381/1381 
f 1382/1382/1382 1384/1384/1384 1385/1385/1385 
f 1385/1385/1385 1383/1383/1383 1382/1382/1382 
f 1384/1384/1384 1386/1386/1386 1387/1387/1387 
f 1387/1387/1387 1385/1385/1385 1384/1384/1384 
f 1386/1386/1386 1388/1388/1388 1389/1389/1389 
f 1389/1389/1389 1387/1387/1387 1386/1386/1386 
f 1390/1390/1390 1391/1391/1391 1392/1392/1392 
f 1393/1393/1393 1390/1390/1390 1392/1392/1392 
f 1392/1392/1392 1394/1394/1394 1393/1393/1393 
f 1395/1395/1395 1393/1393/1393 1394/1394/1394 
f 1394/1394/1394 1396/1396/1396 1395/1395/1395 
f 1395/1395/1395 1396/1396/1396 1397/1397/1397 
f 1397/1397/1397 1398/1398/1398 1395/1395/1395 
f 1398/1398/1398 1397/1397/1397 1399/1399/1399 
f 1399/1399/1399 1400/1400/1400 1398/1398/1398 
f 1400/1400/1400 1399/1399/1399 1401/1401/1401 
f 1401/1401/1401 1402/1402/1402 1400/1400/1400 
f 1403/1403/1403 1404/1404/1404 1405/1405/1405 
f 1406/1406/1406 1407/1407/1407 1408/1408/1408 
f 1408/1408/1408 1409/1409/1409 1406/1406/1406 
f 1410/1410/1410 1411/1411/1411 1407/1407/1407 
f 1407/1407/1407 1406/1406/1406 1410/1410/1410 
f 1412/1412/1412 1413/1413/1413 1414/1414/1414 
f 1414/1414/1414 1415/1415/1415 1412/1412/1412 
f 1412/1412/1412 1415/1415/1415 1416/1416/1416 
f 1411/1411/1411 1410/1410/1410 1417/1417/1417 
f 1417/1417/1417 1418/1418/1418 1411/1411/1411 
f 1418/1418/1418 1417/1417/1417 1414/1414/1414 
f 1414/1414/1414 1413/1413/1413 1418/1418/1418 
f 1419/1419/1419 1420/1420/1420 1421/1421/1421 
f 1422/1422/1422 1423/1423/1423 1420/1420/1420 
f 1420/1420/1420 1419/1419/1419 1422/1422/1422 
f 1424/1424/1424 1425/1425/1425 1423/1423/1423 
f 1423/1423/1423 1422/1422/1422 1424/1424/1424 
f 1424/1424/1424 1426/1426/1426 1427/1427/1427 
f 1427/1427/1427 1425/1425/1425 1424/1424/1424 
f 1428/1428/1428 1427/1427/1427 1426/1426/1426 
f 1426/1426/1426 1429/1429/1429 1428/1428/1428 
f 1429/1429/1429 1430/1430/1430 1431/1431/1431 
f 1431/1431/1431 1428/1428/1428 1429/1429/1429 
f 1432/1432/1432 1433/1433/1433 1434/1434/1434 
f 1433/1433/1433 1435/1435/1435 1436/1436/1436 
f 1436/1436/1436 1434/1434/1434 1433/1433/1433 
f 1437/1437/1437 1436/1436/1436 1435/1435/1435 
f 1435/1435/1435 1438/1438/1438 1437/1437/1437 
f 1439/1439/1439 1437/1437/1437 1438/1438/1438 
f 1438/1438/1438 1440/1440/1440 1439/1439/1439 
f 1441/1441/1441 1439/1439/1439 1440/1440/1440 
f 1440/1440/1440 1442/1442/1442 1441/1441/1441 
f 1443/1443/1443 1444/1444/1444 1441/1441/1441 
f 1441/1441/1441 1442/1442/1442 1443/1443/1443 
f 1445/1445/1445 1446/1446/1446 1447/1447/1447 
f 1447/1447/1447 1448/1448/1448 1445/1445/1445 
f 1449/1449/1449 1445/1445/1445 1448/1448/1448 
f 1448/1448/1448 1450/1450/1450 1449/1449/1449 
f 1451/1451/1451 1452/1452/1452 1453/1453/1453 
f 1453/1453/1453 1454/1454/1454 1451/1451/1451 
f 1455/1455/1455 1449/1449/1449 1450/1450/1450 
f 1450/1450/1450 1456/1456/1456 1455/1455/1455 
f 1457/1457/1457 1458/1458/1458 1459/1459/1459 
f 1459/1459/1459 1460/1460/1460 1457/1457/1457 
f 1461/1461/1461 1462/1462/1462 1458/1458/1458 
f 1458/1458/1458 1457/1457/1457 1461/1461/1461 
f 1456/1456/1456 1463/1463/1463 1464/1464/1464 
f 1464/1464/1464 1455/1455/1455 1456/1456/1456 
f 1462/1462/1462 1461/1461/1461 1465/1465/1465 
f 1465/1465/1465 1466/1466/1466 1462/1462/1462 
f 1467/1467/1467 1468/1468/1468 1469/1469/1469 
f 1469/1469/1469 1470/1470/1470 1467/1467/1467 
f 1471/1471/1471 1472/1472/1472 1473/1473/1473 
f 1474/1474/1474 1470/1470/1470 1469/1469/1469 
f 1453/1453/1453 1452/1452/1452 1460/1460/1460 
f 1460/1460/1460 1459/1459/1459 1453/1453/1453 
f 1463/1463/1463 1468/1468/1468 1467/1467/1467 
f 1467/1467/1467 1464/1464/1464 1463/1463/1463 
f 1465/1465/1465 1472/1472/1472 1471/1471/1471 
f 1471/1471/1471 1466/1466/1466 1465/1465/1465 
f 1475/1475/1475 1476/1476/1476 1477/1477/1477 
f 1476/1476/1476 1478/1478/1478 1479/1479/1479 
f 1479/1479/1479 1477/1477/1477 1476/1476/1476 
f 1480/1480/1480 1481/1481/1481 1479/1479/1479 
f 1479/1479/1479 1478/1478/1478 1480/1480/1480 
f 1482/1482/1482 1483/1483/1483 1481/1481/1481 
f 1481/1481/1481 1480/1480/1480 1482/1482/1482 
f 1484/1484/1484 1485/1485/1485 1483/1483/1483 
f 1483/1483/1483 1482/1482/1482 1484/1484/1484 
f 1486/1486/1486 1487/1487/1487 1485/1485/1485 
f 1485/1485/1485 1484/1484/1484 1486/1486/1486 
f 1488/1488/1488 1489/1489/1489 1487/1487/1487 
f 1487/1487/1487 1486/1486/1486 1488/1488/1488 
f 1490/1490/1490 1491/1491/1491 1492/1492/1492 
f 1493/1493/1493 1494/1494/1494 1495/1495/1495 
f 1496/1496/1496 1497/1497/1497 1498/1498/1498 
f 1498/1498/1498 1499/1499/1499 1496/1496/1496 
f 1499/1499/1499 1498/1498/1498 1493/1493/1493 
f 1493/1493/1493 1495/1495/1495 1499/1499/1499 
f 1500/1500/1500 1501/1501/1501 1502/1502/1502 
f 1502/1502/1502 1503/1503/1503 1500/1500/1500 
f 1504/1504/1504 1500/1500/1500 1503/1503/1503 
f 1503/1503/1503 1505/1505/1505 1504/1504/1504 
f 1505/1505/1505 1506/1506/1506 1504/1504/1504 
f 1507/1507/1507 1508/1508/1508 1509/1509/1509 
f 1509/1509/1509 1510/1510/1510 1507/1507/1507 
f 1511/1511/1511 1507/1507/1507 1510/1510/1510 
f 1510/1510/1510 1512/1512/1512 1511/1511/1511 
f 1513/1513/1513 1511/1511/1511 1512/1512/1512 
f 1514/1514/1514 1515/1515/1515 1516/1516/1516 
f 1517/1517/1517 1516/1516/1516 1515/1515/1515 
f 1515/1515/1515 1518/1518/1518 1517/1517/1517 
f 1518/1518/1518 1519/1519/1519 1520/1520/1520 
f 1520/1520/1520 1517/1517/1517 1518/1518/1518 
f 1521/1521/1521 1520/1520/1520 1519/1519/1519 
f 1519/1519/1519 1522/1522/1522 1521/1521/1521 
f 1523/1523/1523 1524/1524/1524 1521/1521/1521 
f 1521/1521/1521 1522/1522/1522 1523/1523/1523 
f 1523/1523/1523 1525/1525/1525 1526/1526/1526 
f 1526/1526/1526 1524/1524/1524 1523/1523/1523 
f 1527/1527/1527 1528/1528/1528 1529/1529/1529 
f 1529/1529/1529 1530/1530/1530 1527/1527/1527 
f 1528/1528/1528 1527/1527/1527 1531/1531/1531 
f 1531/1531/1531 1532/1532/1532 1528/1528/1528 
f 1532/1532/1532 1531/1531/1531 1533/1533/1533 
f 1533/1533/1533 1534/1534/1534 1532/1532/1532 
f 1535/1535/1535 1534/1534/1534 1533/1533/1533 
f 1533/1533/1533 1536/1536/1536 1535/1535/1535 
f 1536/1536/1536 1537/1537/1537 1538/1538/1538 
f 1538/1538/1538 1535/1535/1535 1536/1536/1536 
f 1539/1539/1539 1538/1538/1538 1537/1537/1537 
f 1540/1540/1540 1541/1541/1541 1542/1542/1542 
f 1542/1542/1542 1543/1543/1543 1540/1540/1540 
f 1544/1544/1544 1545/1545/1545 1546/1546/1546 
f 1546/1546/1546 1547/1547/1547 1544/1544/1544 
f 1548/1548/1548 1549/1549/1549 1550/1550/1550 
f 1550/1550/1550 1551/1551/1551 1548/1548/1548 
f 1552/1552/1552 1553/1553/1553 1554/1554/1554 
f 1554/1554/1554 1555/1555/1555 1552/1552/1552 
f 1556/1556/1556 1557/1557/1557 1558/1558/1558 
f 1558/1558/1558 1559/1559/1559 1556/1556/1556 
f 1560/1560/1560 1561/1561/1561 1562/1562/1562 
f 1563/1563/1563 1564/1564/1564 1565/1565/1565 
f 1563/1563/1563 1565/1565/1565 1566/1566/1566 
f 1566/1566/1566 1567/1567/1567 1563/1563/1563 
f 1568/1568/1568 1569/1569/1569 1570/1570/1570 
f 1570/1570/1570 1571/1571/1571 1568/1568/1568 
f 1569/1569/1569 1572/1572/1572 1573/1573/1573 
f 1573/1573/1573 1570/1570/1570 1569/1569/1569 
f 1572/1572/1572 1574/1574/1574 1575/1575/1575 
f 1575/1575/1575 1573/1573/1573 1572/1572/1572 
f 1567/1567/1567 1566/1566/1566 1576/1576/1576 
f 1576/1576/1576 1577/1577/1577 1567/1567/1567 
f 1571/1571/1571 1577/1577/1577 1576/1576/1576 
f 1576/1576/1576 1568/1568/1568 1571/1571/1571 
f 1578/1578/1578 1579/1579/1579 1580/1580/1580 
f 1580/1580/1580 1581/1581/1581 1578/1578/1578 
f 1578/1578/1578 1581/1581/1581 1582/1582/1582 
f 1582/1582/1582 1583/1583/1583 1578/1578/1578 
f 1583/1583/1583 1582/1582/1582 1584/1584/1584 
f 1584/1584/1584 1585/1585/1585 1583/1583/1583 
f 1586/1586/1586 1587/1587/1587 1585/1585/1585 
f 1585/1585/1585 1584/1584/1584 1586/1586/1586 
f 1586/1586/1586 1588/1588/1588 1589/1589/1589 
f 1589/1589/1589 1587/1587/1587 1586/1586/1586 
f 1588/1588/1588 1590/1590/1590 1591/1591/1591 
f 1591/1591/1591 1589/1589/1589 1588/1588/1588 
f 1590/1590/1590 1592/1592/1592 1591/1591/1591 
f 1593/1593/1593 1594/1594/1594 1595/1595/1595 
f 1596/1596/1596 1597/1597/1597 1595/1595/1595 
f 1595/1595/1595 1594/1594/1594 1596/1596/1596 
f 1598/1598/1598 1599/1599/1599 1597/1597/1597 
f 1597/1597/1597 1596/1596/1596 1598/1598/1598 
f 1600/1600/1600 1601/1601/1601 1599/1599/1599 
f 1599/1599/1599 1598/1598/1598 1600/1600/1600 
f 1602/1602/1602 1603/1603/1603 1601/1601/1601 
f 1601/1601/1601 1600/1600/1600 1602/1602/1602 
f 1602/1602/1602 1604/1604/1604 1605/1605/1605 
f 1605/1605/1605 1603/1603/1603 1602/1602/1602 
f 1606/1606/1606 1607/1607/1607 1605/1605/1605 
f 1605/1605/1605 1604/1604/1604 1606/1606/1606 
f 1608/1608/1608 1609/1609/1609 1610/1610/1610 
f 1611/1611/1611 1609/1609/1609 1608/1608/1608 
f 1608/1608/1608 1612/1612/1612 1611/1611/1611 
f 1613/1613/1613 1611/1611/1611 1612/1612/1612 
f 1612/1612/1612 1614/1614/1614 1613/1613/1613 
f 1614/1614/1614 1615/1615/1615 1616/1616/1616 
f 1616/1616/1616 1613/1613/1613 1614/1614/1614 
f 1615/1615/1615 1617/1617/1617 1618/1618/1618 
f 1618/1618/1618 1616/1616/1616 1615/1615/1615 
f 1619/1619/1619 1620/1620/1620 1621/1621/1621 
f 1621/1621/1621 1622/1622/1622 1619/1619/1619 
f 1623/1623/1623 1624/1624/1624 1622/1622/1622 
f 1622/1622/1622 1621/1621/1621 1623/1623/1623 
f 1625/1625/1625 1624/1624/1624 1623/1623/1623 
f 1623/1623/1623 1626/1626/1626 1625/1625/1625 
f 1626/1626/1626 1627/1627/1627 1628/1628/1628 
f 1628/1628/1628 1625/1625/1625 1626/1626/1626 
f 1629/1629/1629 1628/1628/1628 1627/1627/1627 
f 1630/1630/1630 1631/1631/1631 1632/1632/1632 
f 1633/1633/1633 1634/1634/1634 1632/1632/1632 
f 1632/1632/1632 1631/1631/1631 1633/1633/1633 
f 1635/1635/1635 1636/1636/1636 1634/1634/1634 
f 1634/1634/1634 1633/1633/1633 1635/1635/1635 
f 1637/1637/1637 1638/1638/1638 1636/1636/1636 
f 1636/1636/1636 1635/1635/1635 1637/1637/1637 
f 1639/1639/1639 1640/1640/1640 1638/1638/1638 
f 1638/1638/1638 1637/1637/1637 1639/1639/1639 
f 1641/1641/1641 1642/1642/1642 1643/1643/1643 
f 1644/1644/1644 1641/1641/1641 1643/1643/1643 
f 1643/1643/1643 1645/1645/1645 1644/1644/1644 
f 1646/1646/1646 1647/1647/1647 1648/1648/1648 
f 1648/1648/1648 1649/1649/1649 1646/1646/1646 
f 1648/1648/1648 1647/1647/1647 1650/1650/1650 
f 1650/1650/1650 1651/1651/1651 1648/1648/1648 
f 1651/1651/1651 1650/1650/1650 1652/1652/1652 
f 1652/1652/1652 1653/1653/1653 1651/1651/1651 
f 1653/1653/1653 1652/1652/1652 1654/1654/1654 
f 1654/1654/1654 1655/1655/1655 1653/1653/1653 
f 1655/1655/1655 1654/1654/1654 1656/1656/1656 
f 1656/1656/1656 1657/1657/1657 1655/1655/1655 
f 1658/1658/1658 1659/1659/1659 1657/1657/1657 
f 1657/1657/1657 1656/1656/1656 1658/1658/1658 
f 1659/1659/1659 1658/1658/1658 1660/1660/1660 
f 1660/1660/1660 1661/1661/1661 1659/1659/1659 
f 1645/1645/1645 1646/1646/1646 1649/1649/1649 
f 1649/1649/1649 1644/1644/1644 1645/1645/1645 
f 1662/1662/1662 1663/1663/1663 1664/1664/1664 
f 1662/1662/1662 1665/1665/1665 1666/1666/1666 
f 1666/1666/1666 1663/1663/1663 1662/1662/1662 
f 1667/1667/1667 1666/1666/1666 1665/1665/1665 
f 1665/1665/1665 1668/1668/1668 1667/1667/1667 
f 1669/1669/1669 1667/1667/1667 1668/1668/1668 
f 1668/1668/1668 1670/1670/1670 1669/1669/1669 
f 1669/1669/1669 1670/1670/1670 1671/1671/1671 
f 1671/1671/1671 1672/1672/1672 1669/1669/1669 
f 1672/1672/1672 1671/1671/1671 1673/1673/1673 
f 1673/1673/1673 1674/1674/1674 1672/1672/1672 
f 1675/1675/1675 1676/1676/1676 1677/1677/1677 
f 1677/1677/1677 1678/1678/1678 1675/1675/1675 
f 1679/1679/1679 1677/1677/1677 1676/1676/1676 
f 1678/1678/1678 1674/1674/1674 1673/1673/1673 
f 1673/1673/1673 1675/1675/1675 1678/1678/1678 
f 1680/1680/1680 1681/1681/1681 1682/1682/1682 
f 1683/1683/1683 1684/1684/1684 1680/1680/1680 
f 1680/1680/1680 1682/1682/1682 1683/1683/1683 
f 1685/1685/1685 1686/1686/1686 1684/1684/1684 
f 1684/1684/1684 1683/1683/1683 1685/1685/1685 
f 1686/1686/1686 1687/1687/1687 1688/1688/1688 
f 1687/1687/1687 1689/1689/1689 1690/1690/1690 
f 1690/1690/1690 1688/1688/1688 1687/1687/1687 
f 1689/1689/1689 1691/1691/1691 1692/1692/1692 
f 1692/1692/1692 1690/1690/1690 1689/1689/1689 
f 1691/1691/1691 1693/1693/1693 1694/1694/1694 
f 1694/1694/1694 1692/1692/1692 1691/1691/1691 
f 1695/1695/1695 1694/1694/1694 1693/1693/1693 
f 1693/1693/1693 1696/1696/1696 1695/1695/1695 
f 1697/1697/1697 1698/1698/1698 1699/1699/1699 
f 1699/1699/1699 1696/1696/1696 1697/1697/1697 
f 1699/1699/1699 1695/1695/1695 1696/1696/1696 
f 1685/1685/1685 1687/1687/1687 1686/1686/1686 
f 1700/1700/1700 1701/1701/1701 1702/1702/1702 
f 1701/1701/1701 1703/1703/1703 1704/1704/1704 
f 1704/1704/1704 1702/1702/1702 1701/1701/1701 
f 1705/1705/1705 1706/1706/1706 1707/1707/1707 
f 1707/1707/1707 1708/1708/1708 1705/1705/1705 
f 1709/1709/1709 1710/1710/1710 1707/1707/1707 
f 1707/1707/1707 1706/1706/1706 1709/1709/1709 
f 1711/1711/1711 1712/1712/1712 1710/1710/1710 
f 1710/1710/1710 1709/1709/1709 1711/1711/1711 
f 1713/1713/1713 1714/1714/1714 1712/1712/1712 
f 1712/1712/1712 1711/1711/1711 1713/1713/1713 
f 1715/1715/1715 1716/1716/1716 1714/1714/1714 
f 1714/1714/1714 1713/1713/1713 1715/1715/1715 
f 1717/1717/1717 1718/1718/1718 1719/1719/1719 
f 1720/1720/1720 1721/1721/1721 1722/1722/1722 
f 1703/1703/1703 1705/1705/1705 1708/1708/1708 
f 1708/1708/1708 1704/1704/1704 1703/1703/1703 
f 1720/1720/1720 1722/1722/1722 1716/1716/1716 
f 1716/1716/1716 1715/1715/1715 1720/1720/1720 
f 1723/1723/1723 1724/1724/1724 1725/1725/1725 
f 1725/1725/1725 1719/1719/1719 1723/1723/1723 
f 1726/1726/1726 1727/1727/1727 1728/1728/1728 
f 1728/1728/1728 1729/1729/1729 1726/1726/1726 
f 1730/1730/1730 1731/1731/1731 1727/1727/1727 
f 1727/1727/1727 1726/1726/1726 1730/1730/1730 
f 1732/1732/1732 1733/1733/1733 1731/1731/1731 
f 1731/1731/1731 1730/1730/1730 1732/1732/1732 
f 1732/1732/1732 1734/1734/1734 1735/1735/1735 
f 1735/1735/1735 1733/1733/1733 1732/1732/1732 
f 1736/1736/1736 1737/1737/1737 1738/1738/1738 
f 1729/1729/1729 1728/1728/1728 1725/1725/1725 
f 1725/1725/1725 1724/1724/1724 1729/1729/1729 
f 1734/1734/1734 1739/1739/1739 1740/1740/1740 
f 1740/1740/1740 1735/1735/1735 1734/1734/1734 
f 1739/1739/1739 1736/1736/1736 1738/1738/1738 
f 1738/1738/1738 1740/1740/1740 1739/1739/1739 
f 1718/1718/1718 1723/1723/1723 1719/1719/1719 
f 1741/1741/1741 1742/1742/1742 1743/1743/1743 
f 1743/1743/1743 1744/1744/1744 1741/1741/1741 
f 1745/1745/1745 1741/1741/1741 1744/1744/1744 
f 1744/1744/1744 1746/1746/1746 1745/1745/1745 
f 1747/1747/1747 1745/1745/1745 1746/1746/1746 
f 1746/1746/1746 1748/1748/1748 1747/1747/1747 
f 1749/1749/1749 1750/1750/1750 1751/1751/1751 
f 1748/1748/1748 1751/1751/1751 1750/1750/1750 
f 1750/1750/1750 1747/1747/1747 1748/1748/1748 
f 1752/1752/1752 1753/1753/1753 1754/1754/1754 
f 1754/1754/1754 1755/1755/1755 1752/1752/1752 
f 1755/1755/1755 1754/1754/1754 1756/1756/1756 
f 1756/1756/1756 1757/1757/1757 1755/1755/1755 
f 1758/1758/1758 1759/1759/1759 1757/1757/1757 
f 1757/1757/1757 1756/1756/1756 1758/1758/1758 
f 1759/1759/1759 1758/1758/1758 1760/1760/1760 
f 1760/1760/1760 1761/1761/1761 1759/1759/1759 
f 1762/1762/1762 1761/1761/1761 1760/1760/1760 
f 1763/1763/1763 1764/1764/1764 1765/1765/1765 
f 1766/1766/1766 1763/1763/1763 1765/1765/1765 
f 1765/1765/1765 1767/1767/1767 1766/1766/1766 
f 1766/1766/1766 1767/1767/1767 1768/1768/1768 
f 1768/1768/1768 1769/1769/1769 1766/1766/1766 
f 1769/1769/1769 1768/1768/1768 1770/1770/1770 
f 1770/1770/1770 1771/1771/1771 1769/1769/1769 
f 1772/1772/1772 1771/1771/1771 1770/1770/1770 
f 1770/1770/1770 1773/1773/1773 1772/1772/1772 
f 1774/1774/1774 1775/1775/1775 1776/1776/1776 
f 1777/1777/1777 1778/1778/1778 1779/1779/1779 
f 1779/1779/1779 1780/1780/1780 1777/1777/1777 
f 1780/1780/1780 1779/1779/1779 1781/1781/1781 
f 1781/1781/1781 1782/1782/1782 1780/1780/1780 
f 1782/1782/1782 1781/1781/1781 1783/1783/1783 
f 1783/1783/1783 1784/1784/1784 1782/1782/1782 
f 1776/1776/1776 1775/1775/1775 1778/1778/1778 
f 1778/1778/1778 1777/1777/1777 1776/1776/1776 
f 1785/1785/1785 1786/1786/1786 1787/1787/1787 
f 1788/1788/1788 1789/1789/1789 1790/1790/1790 
f 1790/1790/1790 1791/1791/1791 1788/1788/1788 
f 1788/1788/1788 1792/1792/1792 1793/1793/1793 
f 1793/1793/1793 1789/1789/1789 1788/1788/1788 
f 1792/1792/1792 1794/1794/1794 1795/1795/1795 
f 1795/1795/1795 1793/1793/1793 1792/1792/1792 
f 1790/1790/1790 1785/1785/1785 1787/1787/1787 
f 1787/1787/1787 1791/1791/1791 1790/1790/1790 
f 1796/1796/1796 1797/1797/1797 1798/1798/1798 
f 1799/1799/1799 1796/1796/1796 1798/1798/1798 
f 1798/1798/1798 1800/1800/1800 1799/1799/1799 
f 1801/1801/1801 1799/1799/1799 1800/1800/1800 
f 1800/1800/1800 1802/1802/1802 1801/1801/1801 
f 1803/1803/1803 1801/1801/1801 1802/1802/1802 
f 1802/1802/1802 1804/1804/1804 1803/1803/1803 
f 1803/1803/1803 1804/1804/1804 1805/1805/1805 
f 1805/1805/1805 1806/1806/1806 1803/1803/1803 
f 1807/1807/1807 1808/1808/1808 1809/1809/1809 
f 1810/1810/1810 1811/1811/1811 1812/1812/1812 
f 1812/1812/1812 1813/1813/1813 1810/1810/1810 
f 1814/1814/1814 1815/1815/1815 1812/1812/1812 
f 1812/1812/1812 1811/1811/1811 1814/1814/1814 
f 1816/1816/1816 1817/1817/1817 1815/1815/1815 
f 1815/1815/1815 1814/1814/1814 1816/1816/1816 
f 1816/1816/1816 1818/1818/1818 1819/1819/1819 
f 1819/1819/1819 1817/1817/1817 1816/1816/1816 
f 1813/1813/1813 1809/1809/1809 1808/1808/1808 
f 1808/1808/1808 1810/1810/1810 1813/1813/1813 
f 1818/1818/1818 1820/1820/1820 1821/1821/1821 
f 1821/1821/1821 1819/1819/1819 1818/1818/1818 
f 1822/1822/1822 1823/1823/1823 1824/1824/1824 
f 1824/1824/1824 1825/1825/1825 1822/1822/1822 
f 1826/1826/1826 1827/1827/1827 1828/1828/1828 
f 1828/1828/1828 1829/1829/1829 1826/1826/1826 
f 1830/1830/1830 1826/1826/1826 1829/1829/1829 
f 1829/1829/1829 1831/1831/1831 1830/1830/1830 
f 1832/1832/1832 1833/1833/1833 1834/1834/1834 
f 1823/1823/1823 1822/1822/1822 1834/1834/1834 
f 1834/1834/1834 1833/1833/1833 1823/1823/1823 
f 1824/1824/1824 1828/1828/1828 1827/1827/1827 
f 1827/1827/1827 1825/1825/1825 1824/1824/1824 
f 1831/1831/1831 1835/1835/1835 1836/1836/1836 
f 1836/1836/1836 1830/1830/1830 1831/1831/1831 
f 1837/1837/1837 1838/1838/1838 1839/1839/1839 
f 1837/1837/1837 1839/1839/1839 1840/1840/1840 
f 1840/1840/1840 1841/1841/1841 1837/1837/1837 
f 1842/1842/1842 1843/1843/1843 1841/1841/1841 
f 1841/1841/1841 1840/1840/1840 1842/1842/1842 
f 1844/1844/1844 1845/1845/1845 1843/1843/1843 
f 1843/1843/1843 1842/1842/1842 1844/1844/1844 
f 1844/1844/1844 1846/1846/1846 1847/1847/1847 
f 1847/1847/1847 1845/1845/1845 1844/1844/1844 
f 1848/1848/1848 1849/1849/1849 1847/1847/1847 
f 1847/1847/1847 1846/1846/1846 1848/1848/1848 
f 1850/1850/1850 1851/1851/1851 1849/1849/1849 
f 1849/1849/1849 1848/1848/1848 1850/1850/1850 
f 1852/1852/1852 1853/1853/1853 1854/1854/1854 
f 1855/1855/1855 1853/1853/1853 1852/1852/1852 
f 1852/1852/1852 1856/1856/1856 1855/1855/1855 
f 1857/1857/1857 1855/1855/1855 1856/1856/1856 
f 1856/1856/1856 1858/1858/1858 1857/1857/1857 
f 1858/1858/1858 1859/1859/1859 1860/1860/1860 
f 1860/1860/1860 1857/1857/1857 1858/1858/1858 
f 1861/1861/1861 1862/1862/1862 1863/1863/1863 
f 1863/1863/1863 1864/1864/1864 1861/1861/1861 
f 1865/1865/1865 1866/1866/1866 1867/1867/1867 
f 1867/1867/1867 1868/1868/1868 1865/1865/1865 
f 1860/1860/1860 1859/1859/1859 1862/1862/1862 
f 1862/1862/1862 1861/1861/1861 1860/1860/1860 
f 1864/1864/1864 1863/1863/1863 1866/1866/1866 
f 1866/1866/1866 1865/1865/1865 1864/1864/1864 
f 1868/1868/1868 1867/1867/1867 1869/1869/1869 
f 1869/1869/1869 1870/1870/1870 1868/1868/1868 
f 1871/1871/1871 1872/1872/1872 1873/1873/1873 
f 1873/1873/1873 1874/1874/1874 1871/1871/1871 
f 1871/1871/1871 1875/1875/1875 1876/1876/1876 
f 1876/1876/1876 1872/1872/1872 1871/1871/1871 
f 1877/1877/1877 1876/1876/1876 1875/1875/1875 
f 1875/1875/1875 1878/1878/1878 1877/1877/1877 
f 1873/1873/1873 1879/1879/1879 1874/1874/1874 
f 1877/1877/1877 1878/1878/1878 1880/1880/1880 
f 1880/1880/1880 1881/1881/1881 1877/1877/1877 
f 1882/1882/1882 1881/1881/1881 1880/1880/1880 
f 1880/1880/1880 1883/1883/1883 1882/1882/1882 
f 1882/1882/1882 1883/1883/1883 1884/1884/1884 
f 1884/1884/1884 1885/1885/1885 1882/1882/1882 
f 1886/1886/1886 1885/1885/1885 1884/1884/1884 
f 1884/1884/1884 1887/1887/1887 1886/1886/1886 
f 1888/1888/1888 1886/1886/1886 1887/1887/1887 
f 1887/1887/1887 1889/1889/1889 1888/1888/1888 
f 1890/1890/1890 1891/1891/1891 1892/1892/1892 
f 1890/1890/1890 1892/1892/1892 1893/1893/1893 
f 1893/1893/1893 1894/1894/1894 1890/1890/1890 
f 1894/1894/1894 1893/1893/1893 1895/1895/1895 
f 1895/1895/1895 1896/1896/1896 1894/1894/1894 
f 1896/1896/1896 1895/1895/1895 1897/1897/1897 
f 1897/1897/1897 1898/1898/1898 1896/1896/1896 
f 1899/1899/1899 1898/1898/1898 1897/1897/1897 
f 1897/1897/1897 1900/1900/1900 1899/1899/1899 
f 1901/1901/1901 1899/1899/1899 1900/1900/1900 
f 1900/1900/1900 1902/1902/1902 1901/1901/1901 
f 1903/1903/1903 1901/1901/1901 1902/1902/1902 
f 1902/1902/1902 1904/1904/1904 1903/1903/1903 
f 1905/1905/1905 1903/1903/1903 1904/1904/1904 
f 1904/1904/1904 1906/1906/1906 1905/1905/1905 
f 1907/1907/1907 1905/1905/1905 1906/1906/1906 
f 1906/1906/1906 1908/1908/1908 1907/1907/1907 
f 1909/1909/1909 1910/1910/1910 1911/1911/1911 
f 1912/1912/1912 1910/1910/1910 1909/1909/1909 
f 1909/1909/1909 1913/1913/1913 1912/1912/1912 
f 1914/1914/1914 1912/1912/1912 1913/1913/1913 
f 1913/1913/1913 1915/1915/1915 1914/1914/1914 
f 1915/1915/1915 1916/1916/1916 1917/1917/1917 
f 1917/1917/1917 1914/1914/1914 1915/1915/1915 
f 1918/1918/1918 1919/1919/1919 1920/1920/1920 
f 1920/1920/1920 1921/1921/1921 1918/1918/1918 
f 1922/1922/1922 1923/1923/1923 1919/1919/1919 
f 1919/1919/1919 1918/1918/1918 1922/1922/1922 
f 1924/1924/1924 1925/1925/1925 1923/1923/1923 
f 1923/1923/1923 1922/1922/1922 1924/1924/1924 
f 1920/1920/1920 1926/1926/1926 1921/1921/1921 
f 1927/1927/1927 1928/1928/1928 1929/1929/1929 
f 1927/1927/1927 1929/1929/1929 1930/1930/1930 
f 1930/1930/1930 1931/1931/1931 1927/1927/1927 
f 1931/1931/1931 1930/1930/1930 1932/1932/1932 
f 1932/1932/1932 1933/1933/1933 1931/1931/1931 
f 1933/1933/1933 1932/1932/1932 1934/1934/1934 
f 1934/1934/1934 1935/1935/1935 1933/1933/1933 
f 1936/1936/1936 1937/1937/1937 1938/1938/1938 
f 1938/1938/1938 1939/1939/1939 1936/1936/1936 
f 1940/1940/1940 1939/1939/1939 1941/1941/1941 
f 1942/1942/1942 1936/1936/1936 1939/1939/1939 
f 1939/1939/1939 1943/1943/1943 1942/1942/1942 
f 1941/1941/1941 1944/1944/1944 1940/1940/1940 
f 1945/1945/1945 1941/1941/1941 1939/1939/1939 
f 1946/1946/1946 1947/1947/1947 1948/1948/1948 
f 1948/1948/1948 1949/1949/1949 1946/1946/1946 
f 1950/1950/1950 1951/1951/1951 1952/1952/1952 
f 1952/1952/1952 1953/1953/1953 1950/1950/1950 
f 1949/1949/1949 1948/1948/1948 1954/1954/1954 
f 1954/1954/1954 1955/1955/1955 1949/1949/1949 
f 1956/1956/1956 1957/1957/1957 1958/1958/1958 
f 1958/1958/1958 1959/1959/1959 1956/1956/1956 
f 1960/1960/1960 1961/1961/1961 1962/1962/1962 
f 1962/1962/1962 1963/1963/1963 1960/1960/1960 
f 1964/1964/1964 1956/1956/1956 1959/1959/1959 
f 1963/1963/1963 1962/1962/1962 1965/1965/1965 
f 1965/1965/1965 1966/1966/1966 1963/1963/1963 
f 1956/1956/1956 1964/1964/1964 1967/1967/1967 
f 1958/1958/1958 1957/1957/1957 1953/1953/1953 
f 1953/1953/1953 1952/1952/1952 1958/1958/1958 
f 1963/1963/1963 1955/1955/1955 1954/1954/1954 
f 1954/1954/1954 1960/1960/1960 1963/1963/1963 
f 1968/1968/1968 1969/1969/1969 1970/1970/1970 
f 1970/1970/1970 1971/1971/1971 1968/1968/1968 
f 1972/1972/1972 1973/1973/1973 1974/1974/1974 
f 1975/1975/1975 1976/1976/1976 1977/1977/1977 
f 1977/1977/1977 1978/1978/1978 1975/1975/1975 
f 1973/1973/1973 1979/1979/1979 1974/1974/1974 
f 1980/1980/1980 1968/1968/1968 1971/1971/1971 
f 1971/1971/1971 1981/1981/1981 1980/1980/1980 
f 1982/1982/1982 1983/1983/1983 1984/1984/1984 
f 1984/1984/1984 1985/1985/1985 1982/1982/1982 
f 1986/1986/1986 1987/1987/1987 1988/1988/1988 
f 1988/1988/1988 1989/1989/1989 1986/1986/1986 
f 1990/1990/1990 1991/1991/1991 1992/1992/1992 
f 1992/1992/1992 1993/1993/1993 1990/1990/1990 
f 1994/1994/1994 1989/1989/1989 1988/1988/1988 
f 1988/1988/1988 1995/1995/1995 1994/1994/1994 
f 1996/1996/1996 1997/1997/1997 1998/1998/1998 
f 1998/1998/1998 1999/1999/1999 1996/1996/1996 
f 1975/1975/1975 1982/1982/1982 1985/1985/1985 
f 1985/1985/1985 1976/1976/1976 1975/1975/1975 
f 2000/2000/2000 2001/2001/2001 1992/1992/1992 
f 1992/1992/1992 1991/1991/1991 2000/2000/2000 
f 1945/1945/1945 1939/1939/1939 1938/1938/1938 
f 2002/2002/2002 2003/2003/2003 2004/2004/2004 
f 2004/2004/2004 2005/2005/2005 2002/2002/2002 
f 2006/2006/2006 2007/2007/2007 2005/2005/2005 
f 2005/2005/2005 2004/2004/2004 2008/2008/2008 
f 2008/2008/2008 2009/2009/2009 2005/2005/2005 
f 2007/2007/2007 2006/2006/2006 2010/2010/2010 
f 2011/2011/2011 2005/2005/2005 2007/2007/2007 
f 2012/2012/2012 2013/2013/2013 2014/2014/2014 
f 2014/2014/2014 2015/2015/2015 2012/2012/2012 
f 2016/2016/2016 2017/2017/2017 2018/2018/2018 
f 2018/2018/2018 2019/2019/2019 2016/2016/2016 
f 2013/2013/2013 2020/2020/2020 2021/2021/2021 
f 2021/2021/2021 2014/2014/2014 2013/2013/2013 
f 2022/2022/2022 2023/2023/2023 2024/2024/2024 
f 2024/2024/2024 2025/2025/2025 2022/2022/2022 
f 2026/2026/2026 2027/2027/2027 2028/2028/2028 
f 2028/2028/2028 2029/2029/2029 2026/2026/2026 
f 2030/2030/2030 2025/2025/2025 2024/2024/2024 
f 2031/2031/2031 2026/2026/2026 2029/2029/2029 
f 2029/2029/2029 2032/2032/2032 2031/2031/2031 
f 2024/2024/2024 2033/2033/2033 2030/2030/2030 
f 2022/2022/2022 2018/2018/2018 2017/2017/2017 
f 2017/2017/2017 2023/2023/2023 2022/2022/2022 
f 2021/2021/2021 2020/2020/2020 2029/2029/2029 
f 2029/2029/2029 2028/2028/2028 2021/2021/2021 
f 2034/2034/2034 2035/2035/2035 2036/2036/2036 
f 2036/2036/2036 2037/2037/2037 2034/2034/2034 
f 2038/2038/2038 2039/2039/2039 2040/2040/2040 
f 2041/2041/2041 2042/2042/2042 2043/2043/2043 
f 2043/2043/2043 2044/2044/2044 2041/2041/2041 
f 2040/2040/2040 2039/2039/2039 2045/2045/2045 
f 2046/2046/2046 2047/2047/2047 2035/2035/2035 
f 2035/2035/2035 2034/2034/2034 2046/2046/2046 
f 2048/2048/2048 2049/2049/2049 2050/2050/2050 
f 2050/2050/2050 2051/2051/2051 2048/2048/2048 
f 2052/2052/2052 2053/2053/2053 2054/2054/2054 
f 2054/2054/2054 2055/2055/2055 2052/2052/2052 
f 2056/2056/2056 2057/2057/2057 2058/2058/2058 
f 2058/2058/2058 2059/2059/2059 2056/2056/2056 
f 2060/2060/2060 2061/2061/2061 2052/2052/2052 
f 2052/2052/2052 2055/2055/2055 2060/2060/2060 
f 2062/2062/2062 2063/2063/2063 2064/2064/2064 
f 2064/2064/2064 2065/2065/2065 2062/2062/2062 
f 2043/2043/2043 2042/2042/2042 2049/2049/2049 
f 2049/2049/2049 2048/2048/2048 2043/2043/2043 
f 2057/2057/2057 2066/2066/2066 2067/2067/2067 
f 2067/2067/2067 2058/2058/2058 2057/2057/2057 
f 2011/2011/2011 2002/2002/2002 2005/2005/2005 

g Npc1

v -5.25644 0.058597 3.3928 
v -5.26185 0.147736 3.3914 
v -5.34357 0.147508 3.44494 
v -5.33907 0.057779 3.44645 
v -5.44448 0.147962 3.47215 
v -5.44122 0.05843 3.47432 
v -5.75534 0.057779 3.44645 
v -5.65482 0.058771 3.48107 
v -5.6556 0.148303 3.4789 
v -5.75488 0.147508 3.44494 
v -5.83744 0.058306 3.39202 
v -5.83607 0.147445 3.39062 
v -5.90543 0.146328 3.32237 
v -5.90771 0.057779 3.32366 
v -5.96054 0.145845 3.11934 
v -5.96348 0.057779 3.1203 
v -5.90543 0.154756 2.90342 
v -5.90771 0.05778 2.90109 
v -5.13093 0.057779 3.1203 
v -5.12999 0.057789 2.90109 
v -5.14152 0.154673 2.90342 
v -5.13792 0.145845 3.11934 
v -5.19302 0.146328 3.32237 
v -5.1867 0.057779 3.32366 
v -5.36162 0.337193 2.62289 
v -5.37556 0.462655 2.69176 
v -5.28304 0.43455 2.75562 
v -5.2755 0.298174 2.68253 
v -5.89607 0.227725 2.54318 
v -5.91416 0.258467 2.73435 
v -5.81643 0.318153 2.66285 
v -5.83165 0.248011 2.49465 
v -5.65305 0.370314 2.57846 
v -5.7463 0.351534 2.6079 
v -5.73251 0.467576 2.69176 
v -5.64636 0.479716 2.66072 
v -5.12936 0.05781 2.74058 
v -5.16498 0.05781 2.5732 
v -5.17559 0.129043 2.56986 
v -5.1479 0.157468 2.73709 
v -5.24169 0.05781 2.41909 
v -5.33907 0.057794 2.32316 
v -5.34578 0.150754 2.3165 
v -5.25139 0.137169 2.42033 
v -5.4459 0.057788 2.27447 
v -5.54721 0.057783 2.25256 
v -5.54943 0.168811 2.24242 
v -5.45031 0.162195 2.26581 
v -5.75534 0.057788 2.29289 
v -5.75307 0.158253 2.28573 
v -5.65476 0.166685 2.25216 
v -5.65487 0.057786 2.26096 
v -5.85135 0.057801 2.38891 
v -5.84609 0.151304 2.38967 
v -5.91863 0.147125 2.52356 
v -5.92962 0.057798 2.52764 
v -5.96554 0.057792 2.74058 
v -5.94566 0.163283 2.73709 
v -5.55142 0.268991 2.26515 
v -5.55221 0.278904 2.39681 
v -5.45265 0.265457 2.42226 
v -5.45767 0.256401 2.28918 
v -5.34765 0.242784 2.47468 
v -5.3588 0.234631 2.3401 
v -5.26584 0.221906 2.53701 
v -5.19795 0.193317 2.58874 
v -5.27033 0.208774 2.44791 
v -5.16498 0.05781 2.5732 
v -5.76011 0.26183 2.44076 
v -5.74404 0.248902 2.30983 
v -5.8312 0.235671 2.41773 
v -5.65975 0.276418 2.40709 
v -5.65106 0.264944 2.27581 
v -5.17836 0.247389 2.73435 
v -5.45991 0.362929 2.58445 
v -5.46717 0.477825 2.6596 
v -5.80385 0.4448 2.75132 
v -5.18333 0.354691 3.12006 
v -5.1583 0.225306 3.12359 
v -5.16587 0.242091 2.90085 
v -5.20105 0.392758 2.84817 
v -5.92533 0.354691 3.12006 
v -5.87143 0.400018 2.84817 
v -5.89119 0.242256 2.90085 
v -5.94381 0.225306 3.12359 
v -5.87624 0.354385 3.31401 
v -5.89119 0.226226 3.32013 
v -5.81493 0.356267 3.37646 
v -5.82522 0.227875 3.3864 
v -5.74178 0.357095 3.42497 
v -5.74743 0.22847 3.43874 
v -5.65279 0.229087 3.47154 
v -5.65151 0.359418 3.4572 
v -5.45094 0.228746 3.46479 
v -5.35467 0.22847 3.43874 
v -5.36378 0.357095 3.42497 
v -5.45704 0.359077 3.45045 
v -5.29166 0.356557 3.37723 
v -5.27635 0.228165 3.38718 
v -5.23242 0.354385 3.31401 
v -5.21092 0.226226 3.32013 
v -5.17836 0.247389 2.73435 
v -5.55404 0.485761 2.63729 
v -5.55312 0.372106 2.57106 
v -5.33907 0.00882399 3.44645 
v -5.25644 0.009642 3.3928 
v -5.44122 0.00947499 3.47432 
v -5.65482 0.00981599 3.48107 
v -5.75534 0.00882399 3.44645 
v -5.83744 0.00935102 3.39202 
v -5.90771 0.00882399 3.32366 
v -5.96348 0.00882399 3.1203 
v -5.85135 0.00884598 2.38891 
v -5.75534 0.00883299 2.29289 
v -5.65487 0.00883102 2.26096 
v -5.54721 0.00882798 2.25256 
v -5.4459 0.00883299 2.27447 
v -5.33907 0.00883901 2.32316 
v -5.24169 0.00885499 2.41909 
v -5.1867 0.00882399 3.32366 
v -5.13093 0.00882399 3.1203 
v -5.96554 0.008838 2.74058 
v -5.90771 0.008825 2.90109 
v -5.12999 0.008834 2.90109 
v -5.12936 0.00885499 2.74058 
v -5.16498 0.00885499 2.5732 
v -5.92962 0.008843 2.52764 
v -5.56561 1.59893 2.57209 
v -5.47935 1.59809 2.58631 
v -5.47196 1.34527 2.6211 
v -5.54956 1.34525 2.6088 
v -5.64917 1.34402 2.62392 
v -5.72407 1.34313 2.65462 
v -5.74049 1.59653 2.62387 
v -5.66303 1.59787 2.59152 
v -5.80668 1.59054 2.69129 
v -5.78517 1.33699 2.71379 
v -5.8679 1.58316 2.79782 
v -5.84013 1.32943 2.81016 
v -5.88063 1.31713 2.96356 
v -5.91353 1.56937 2.96449 
v -5.83692 1.30538 3.14599 
v -5.86627 1.55328 3.15496 
v -5.7849 1.30161 3.21032 
v -5.80853 1.54838 3.22399 
v -5.39226 1.29828 3.26269 
v -5.31531 1.30339 3.21308 
v -5.30959 1.54867 3.22477 
v -5.38916 1.54243 3.27909 
v -5.20764 1.31862 2.96556 
v -5.19571 1.56937 2.96449 
v -5.24291 1.55328 3.15496 
v -5.25124 1.30687 3.14799 
v -5.24828 1.33092 2.81215 
v -5.24141 1.58316 2.79782 
v -5.38782 1.59653 2.62387 
v -5.30947 1.58979 2.69657 
v -5.31383 1.33771 2.72003 
v -5.38962 1.34462 2.65662 
v -5.19596 0.767134 3.06471 
v -5.22979 0.769927 2.84813 
v -5.26482 1.03792 2.82796 
v -5.21814 1.06019 3.00524 
v -5.37524 0.789432 2.70729 
v -5.38312 1.02162 2.69819 
v -5.31894 1.02983 2.74862 
v -5.29728 0.779599 2.7633 
v -5.46766 1.01855 2.6603 
v -5.46512 0.792869 2.67178 
v -5.55006 0.795178 2.65402 
v -5.54731 1.01503 2.64577 
v -5.72475 0.791476 2.70729 
v -5.7113 1.02162 2.69819 
v -5.63867 1.01898 2.66556 
v -5.64437 0.793906 2.67532 
v -5.79245 0.783172 2.75988 
v -5.77342 1.02892 2.74582 
v -5.82963 1.03792 2.82796 
v -5.85511 0.772943 2.84813 
v -5.90407 0.767134 3.06471 
v -5.87625 1.06019 3.00524 
v -5.85654 0.777864 3.23451 
v -5.83201 1.07876 3.16549 
v -5.77972 1.08593 3.21528 
v -5.79888 0.78266 3.28978 
v -5.37104 0.786403 3.33668 
v -5.30061 0.782999 3.29228 
v -5.31411 1.08631 3.219 
v -5.37944 1.09206 3.26066 
v -5.26167 1.07892 3.16186 
v -5.24306 0.77796 3.23239 
v -5.47422 1.54198 3.31134 
v -5.46892 1.29815 3.29357 
v -5.46155 1.09466 3.28988 
v -5.45871 0.788689 3.36433 
v -5.72939 0.786403 3.33111 
v -5.64335 0.78903 3.36829 
v -5.6351 1.095 3.29187 
v -5.71561 1.09206 3.25113 
v -5.65459 1.54232 3.31809 
v -5.73896 1.54243 3.27909 
v -5.72105 1.29679 3.2607 
v -5.63878 1.29774 3.29933 
v -5.48636 1.84675 2.57568 
v -5.57723 1.84844 2.56055 
v -5.67833 1.84641 2.58083 
v -5.75871 1.84429 2.61282 
v -5.82731 1.83845 2.68307 
v -5.9401 1.816 2.96177 
v -5.8915 1.83125 2.79309 
v -5.89156 1.7959 3.15789 
v -5.83109 1.78991 3.22747 
v -5.66924 1.78242 3.32191 
v -5.75878 1.78285 3.28311 
v -5.47939 1.78208 3.31516 
v -5.39001 1.78285 3.28311 
v -5.31119 1.79019 3.22824 
v -5.1966 1.816 2.96177 
v -5.24526 1.7959 3.15789 
v -5.2452 1.83125 2.79309 
v -5.38995 1.84429 2.61282 
v -5.31244 1.83772 2.68871 
v -5.83876 2.07822 2.68599 
v -5.76663 2.08065 2.61783 
v -5.68714 2.08153 2.58668 
v -5.58716 2.08203 2.56548 
v -5.49893 2.08167 2.58166 
v -5.40532 2.08065 2.61783 
v -5.332 2.07791 2.69136 
v -5.26888 2.07522 2.79343 
v -5.22082 2.06887 2.95516 
v -5.26888 2.0604 3.13879 
v -5.33065 2.0585 3.20607 
v -5.40532 2.05497 3.25786 
v -5.49227 2.05528 3.28851 
v -5.76663 2.05497 3.25786 
v -5.67839 2.05562 3.29526 
v -5.84288 2.05821 3.2053 
v -5.9073 2.0604 3.13879 
v -5.95536 2.06887 2.95516 
v -5.9073 2.07522 2.79343 
v -5.38625 1.17698 2.67369 
v -5.46973 1.17457 2.62569 
v -5.5484 1.17274 2.61223 
v -5.64372 1.1742 2.62977 
v -5.71744 1.17626 2.67273 
v -5.77907 1.1771 2.73041 
v -5.83468 1.17813 2.8194 
v -5.87836 1.18377 2.98519 
v -5.83437 1.18776 3.15612 
v -5.78221 1.18967 3.21289 
v -5.71822 1.19053 3.25573 
v -5.63687 1.19252 3.29546 
v -5.38561 1.19125 3.26164 
v -5.46509 1.19254 3.29166 
v -5.31469 1.19072 3.21616 
v -5.25666 1.18856 3.15519 
v -5.21309 1.18449 2.98615 
v -5.25686 1.17885 2.82035 
v -5.31648 1.17792 2.73487 
v -5.18385 0.530952 3.0992 
v -5.23308 0.535403 3.28572 
v -5.29372 0.538551 3.34782 
v -5.36725 0.540065 3.39443 
v -5.45796 0.542092 3.42081 
v -5.64864 0.542433 3.42637 
v -5.73768 0.540065 3.39205 
v -5.8105 0.53824 3.34631 
v -5.87149 0.535362 3.28662 
v -5.92091 0.530952 3.0992 
v -5.87086 0.55939 2.85095 
v -5.80398 0.585115 2.75777 
v -5.73285 0.605997 2.70119 
v -5.64746 0.612512 2.66975 
v -5.55235 0.617992 2.64723 
v -5.46454 0.610986 2.6676 
v -5.3718 0.602305 2.70119 
v -5.28385 0.577926 2.76169 
v -5.20653 0.553944 2.85095 
v -5.58307 2.05429 3.30184 
v -5.57262 1.78001 3.32991 
v -5.56312 1.54023 3.32627 
v -5.54942 1.29671 3.30714 
v -5.54842 1.19253 3.30436 
v -5.5475 1.09597 3.30178 
v -5.55022 0.789673 3.37466 
v -5.55251 0.542818 3.42988 
v -5.55414 0.359757 3.45862 
v -5.55105 0.22772 3.47353 
v -5.54923 0.147114 3.48204 
v -5.54721 0.057779 3.48487 
v -5.54721 0.00882399 3.48487 
v -5.31119 1.79019 3.22824 
v -5.33065 2.0585 3.20607 
v -5.30959 1.54867 3.22477 
v -5.31531 1.30339 3.21308 
v -5.31469 1.19072 3.21616 
v -5.31411 1.08631 3.219 
v -5.30061 0.782999 3.29228 
v -5.29372 0.538551 3.34782 
v -5.29166 0.356557 3.37723 
v -5.27635 0.228165 3.38718 
v -5.26185 0.147736 3.3914 
v -5.25644 0.058597 3.3928 
v -5.25644 0.009642 3.3928 
v -5.84288 2.05821 3.2053 
v -5.83109 1.78991 3.22747 
v -5.80853 1.54838 3.22399 
v -5.7849 1.30161 3.21032 
v -5.78221 1.18967 3.21289 
v -5.77972 1.08593 3.21528 
v -5.79888 0.78266 3.28978 
v -5.8105 0.53824 3.34631 
v -5.81493 0.356267 3.37646 
v -5.82522 0.227875 3.3864 
v -5.83607 0.147445 3.39062 
v -5.83744 0.058306 3.39202 
v -5.83744 0.00935102 3.39202 
v -5.332 2.07791 2.69136 
v -5.40532 2.08065 2.61783 
v -5.42452 2.14493 2.65193 
v -5.35919 2.14271 2.718 
v -5.58716 2.08203 2.56548 
v -5.58726 2.1462 2.60514 
v -5.5083 2.14584 2.61956 
v -5.49893 2.08167 2.58166 
v -5.74787 2.14493 2.65193 
v -5.67673 2.14572 2.62405 
v -5.68714 2.08153 2.58668 
v -5.76663 2.08065 2.61783 
v -5.87351 2.14024 2.80919 
v -5.81221 2.14293 2.71314 
v -5.83876 2.07822 2.68599 
v -5.9073 2.07522 2.79343 
v -5.95536 2.06887 2.95516 
v -5.9154 2.13519 2.95374 
v -5.9073 2.0604 3.13879 
v -5.87087 2.12882 3.1163 
v -5.84288 2.05821 3.2053 
v -5.76663 2.05497 3.25786 
v -5.74567 2.12475 3.22072 
v -5.81367 2.12699 3.17508 
v -5.66803 2.12471 3.25469 
v -5.67839 2.05562 3.29526 
v -5.58307 2.05429 3.30184 
v -5.58365 2.12395 3.25985 
v -5.50334 2.1246 3.24842 
v -5.49227 2.05528 3.28851 
v -5.40532 2.05497 3.25786 
v -5.42678 2.12475 3.22072 
v -5.36003 2.12713 3.1759 
v -5.33065 2.0585 3.20607 
v -5.26888 2.0604 3.13879 
v -5.30531 2.12882 3.1163 
v -5.26078 2.13519 2.95374 
v -5.22082 2.06887 2.95516 
v -5.26888 2.07522 2.79343 
v -5.30266 2.14024 2.80919 
v -5.46436 2.20619 2.72157 
v -5.50133 2.24096 2.7853 
v -5.46691 2.23997 2.82057 
v -5.41528 2.20477 2.77186 
v -5.54576 2.24144 2.76813 
v -5.52773 2.20688 2.69709 
v -5.58746 2.20719 2.68626 
v -5.58765 2.24165 2.76054 
v -5.67284 2.24096 2.7853 
v -5.63511 2.24137 2.77051 
v -5.65514 2.20679 2.70048 
v -5.70895 2.20619 2.72157 
v -5.73927 2.23861 2.86881 
v -5.70678 2.24004 2.81795 
v -5.75736 2.20488 2.76812 
v -5.80369 2.20283 2.84065 
v -5.83406 2.19976 2.94977 
v -5.76052 2.23647 2.94532 
v -5.7986 2.19635 3.07065 
v -5.73561 2.23413 3.03002 
v -5.66978 2.23264 3.08357 
v -5.70566 2.23327 3.06057 
v -5.75587 2.19512 3.11425 
v -5.70471 2.19419 3.14713 
v -5.58578 2.23206 3.10415 
v -5.62975 2.2321 3.10203 
v -5.64754 2.19345 3.17342 
v -5.5848 2.19336 3.17648 
v -5.46871 2.19419 3.14713 
v -5.50446 2.23264 3.08357 
v -5.544 2.23221 3.09851 
v -5.52516 2.19359 3.16841 
v -5.37757 2.19635 3.07065 
v -5.44057 2.23413 3.03002 
v -5.46912 2.23325 3.06111 
v -5.41831 2.1951 3.11502 
v -5.34212 2.19976 2.94977 
v -5.41565 2.23647 2.94532 
v -5.37249 2.20283 2.84065 
v -5.43691 2.23861 2.86881 
v -5.51461 2.26086 2.86507 
v -5.49619 2.25997 2.89422 
v -5.53558 2.2615 2.84386 
v -5.5625 2.26182 2.83356 
v -5.58782 2.26196 2.82901 
v -5.61652 2.26177 2.83499 
v -5.63938 2.2615 2.84386 
v -5.66005 2.26091 2.86349 
v -5.67999 2.25997 2.89422 
v -5.69338 2.25855 2.94076 
v -5.67866 2.25697 2.9928 
v -5.66039 2.25639 3.01168 
v -5.63842 2.25596 3.02599 
v -5.61376 2.25561 3.03741 
v -5.58667 2.25557 3.03877 
v -5.56091 2.25568 3.03524 
v -5.53657 2.25596 3.02599 
v -5.51493 2.25638 3.01202 
v -5.49752 2.25697 2.9928 
v -5.4828 2.25855 2.94076 
v -5.58809 2.28 2.93368 
v -5.33907 0.00882399 3.44645 
v -5.54745 0.009314 2.86873 
v -5.25644 0.009642 3.3928 
v -5.44122 0.00947499 3.47432 
v -5.54745 0.009314 2.86873 
v -5.33907 0.00882399 3.44645 
v -5.75534 0.00882399 3.44645 
v -5.54745 0.009314 2.86873 
v -5.65482 0.00981599 3.48107 
v -5.90771 0.00882399 3.32366 
v -5.54745 0.009314 2.86873 
v -5.83744 0.00935102 3.39202 
v -5.96348 0.00882399 3.1203 
v -5.54745 0.009314 2.86873 
v -5.90771 0.00882399 3.32366 
v -5.75534 0.00883299 2.29289 
v -5.54745 0.009314 2.86873 
v -5.85135 0.00884598 2.38891 
v -5.65487 0.00883102 2.26096 
v -5.54745 0.009314 2.86873 
v -5.75534 0.00883299 2.29289 
v -5.4459 0.00883299 2.27447 
v -5.54745 0.009314 2.86873 
v -5.54721 0.00882798 2.25256 
v -5.24169 0.00885499 2.41909 
v -5.54745 0.009314 2.86873 
v -5.33907 0.00883901 2.32316 
v -5.1867 0.00882399 3.32366 
v -5.54745 0.009314 2.86873 
v -5.13093 0.00882399 3.1203 
v -5.96554 0.008838 2.74058 
v -5.54745 0.009314 2.86873 
v -5.90771 0.008825 2.90109 
v -5.12999 0.008834 2.90109 
v -5.54745 0.009314 2.86873 
v -5.12936 0.00885499 2.74058 
v -5.12936 0.00885499 2.74058 
v -5.54745 0.009314 2.86873 
v -5.16498 0.00885499 2.5732 
v -5.92962 0.008843 2.52764 
v -5.54745 0.009314 2.86873 
v -5.96554 0.008838 2.74058 
v -5.90771 0.008825 2.90109 
v -5.54745 0.009314 2.86873 
v -5.96348 0.00882399 3.1203 
v -5.13093 0.00882399 3.1203 
v -5.54745 0.009314 2.86873 
v -5.12999 0.008834 2.90109 
v -5.33907 0.00883901 2.32316 
v -5.54745 0.009314 2.86873 
v -5.4459 0.00883299 2.27447 
v -5.54721 0.00882798 2.25256 
v -5.54745 0.009314 2.86873 
v -5.65487 0.00883102 2.26096 
v -5.16498 0.00885499 2.5732 
v -5.54745 0.009314 2.86873 
v -5.24169 0.00885499 2.41909 
v -5.85135 0.00884598 2.38891 
v -5.54745 0.009314 2.86873 
v -5.92962 0.008843 2.52764 
v -5.65482 0.00981599 3.48107 
v -5.54745 0.009314 2.86873 
v -5.54721 0.00882399 3.48487 
v -5.54721 0.00882399 3.48487 
v -5.54745 0.009314 2.86873 
v -5.44122 0.00947499 3.47432 
v -5.25644 0.009642 3.3928 
v -5.54745 0.009314 2.86873 
v -5.1867 0.00882399 3.32366 
v -5.83744 0.00935102 3.39202 
v -5.54745 0.009314 2.86873 
v -5.75534 0.00882399 3.44645 

vn 0.629921 0.023622 0.779528 
vn 0.629921 0.102362 0.771654 
vn 0.409449 0.0787402 0.905512 
vn 0.409449 0.015748 0.913386 
vn 0.181102 0.0708661 0.984252 
vn 0.181102 0.015748 0.984252 
vn -0.440945 0.00787402 0.897638 
vn -0.181102 0.00787402 0.984252 
vn -0.181102 0.0629921 0.984252 
vn -0.440945 0.0629921 0.897638 
vn -0.629921 0.00787402 0.779528 
vn -0.629921 0.0787402 0.771654 
vn -0.858268 0.0944882 0.503937 
vn -0.858268 0.015748 0.503937 
vn -0.992126 0.110236 0.015748 
vn -1 0.015748 0.00787402 
vn -0.992126 0.141732 0.00787402 
vn -1 0.0314961 0.0314961 
vn 0.992126 0.0472441 0.133858 
vn 1 0.0629921 0 
vn 0.976378 0.204724 -0.015748 
vn 0.976378 0.165354 0.125984 
vn 0.858268 0.133858 0.496063 
vn 0.866142 0.0314961 0.503937 
vn 0.503937 0.629921 -0.590551 
vn 0.496063 0.259843 -0.826772 
vn 0.677165 0.244094 -0.692913 
vn 0.622047 0.598425 -0.503937 
vn -0.740157 0.622047 -0.251969 
vn -0.897638 0.433071 -0.0944882 
vn -0.637795 0.653543 -0.401575 
vn -0.448819 0.866142 -0.212598 
vn -0.220472 0.740157 -0.637795 
vn -0.472441 0.700787 -0.543307 
vn -0.527559 0.307087 -0.795276 
vn -0.283465 0.330709 -0.897638 
vn 0.992126 0.0787402 -0.102362 
vn 0.944882 0.0708661 -0.330709 
vn 0.913386 0.251969 -0.322835 
vn 0.96063 0.23622 -0.125984 
vn 0.811024 0.0393701 -0.582677 
vn 0.574803 0 -0.818898 
vn 0.606299 0.15748 -0.779528 
vn 0.811024 0.228346 -0.535433 
vn 0.314961 -0.0314961 -0.944882 
vn 0.0708661 -0.0393701 -1 
vn 0.0708661 0.0787402 -0.992126 
vn 0.346457 0.0944882 -0.929134 
vn -0.527559 -0.015748 -0.850394 
vn -0.559055 0.125984 -0.818898 
vn -0.212598 0.0787402 -0.976378 
vn -0.19685 -0.0393701 -0.976378 
vn -0.80315 0.015748 -0.598425 
vn -0.811024 0.173228 -0.559055 
vn -0.929134 0.212598 -0.307087 
vn -0.944882 0.0551181 -0.330709 
vn -0.992126 0.0629921 0.0787402 
vn -0.976378 0.204724 0.0472441 
vn 0.0787402 0.76378 -0.645669 
vn 0.0629921 0.952756 -0.283465 
vn 0.251969 0.92126 -0.283465 
vn 0.338583 0.740157 -0.582677 
vn 0.401575 0.874016 -0.267717 
vn 0.519685 0.716535 -0.464567 
vn 0.496063 0.826772 -0.251969 
vn 0.732283 0.614173 -0.291339 
vn 0.653543 0.677165 -0.330709 
vn 0.944882 0.0708661 -0.330709 
vn -0.330709 0.905512 -0.259843 
vn -0.464567 0.716535 -0.511811 
vn -0.637795 0.677165 -0.370079 
vn -0.149606 0.944882 -0.283465 
vn -0.212598 0.748031 -0.629921 
vn 0.866142 0.425197 -0.267717 
vn 0.307087 0.685039 -0.653543 
vn 0.307087 0.291339 -0.905512 
vn -0.748031 0.267717 -0.614173 
vn 0.992126 0.110236 0.102362 
vn 0.968504 0.220472 0.11811 
vn 0.968504 0.244094 -0.0393701 
vn 0.937008 0.19685 -0.299213 
vn -1 0.0708661 0.023622 
vn -0.952756 0.165354 -0.267717 
vn -0.984252 0.173228 -0.015748 
vn -0.992126 0.149606 0.023622 
vn -0.866142 0.110236 0.488189 
vn -0.858268 0.149606 0.496063 
vn -0.629921 0.125984 0.76378 
vn -0.629921 0.11811 0.76378 
vn -0.448819 0.133858 0.88189 
vn -0.440945 0.110236 0.889764 
vn -0.173228 0.102362 0.976378 
vn -0.181102 0.141732 0.976378 
vn 0.173228 0.110236 0.976378 
vn 0.409449 0.125984 0.905512 
vn 0.409449 0.141732 0.897638 
vn 0.181102 0.133858 0.976378 
vn 0.637795 0.133858 0.76378 
vn 0.629921 0.149606 0.76378 
vn 0.866142 0.125984 0.480315 
vn 0.858268 0.188976 0.480315 
vn 0.866142 0.425197 -0.267717 
vn 0.015748 0.314961 -0.944882 
vn 0.0551181 0.732283 -0.677165 
vn 0.409449 0 0.913386 
vn 0.629921 0 0.779528 
vn 0.181102 0 0.984252 
vn -0.181102 0 0.984252 
vn -0.440945 0 0.897638 
vn -0.629921 0 0.779528 
vn -0.858268 0 0.511811 
vn -1 0 0.00787402 
vn -0.795276 0 -0.606299 
vn -0.519685 0 -0.850394 
vn -0.188976 0 -0.984252 
vn 0.0708661 0 -1 
vn 0.314961 0 -0.952756 
vn 0.566929 0 -0.826772 
vn 0.811024 0 -0.590551 
vn 0.866142 0 0.503937 
vn 0.992126 0 0.133858 
vn -0.992126 0 0.0866142 
vn -1 0 0.0472441 
vn 1 0 0.00787402 
vn 0.992126 0 -0.102362 
vn 0.944882 0 -0.330709 
vn -0.944882 0 -0.330709 
vn -0.00787402 -0.0944882 -0.992126 
vn 0.267717 -0.0787402 -0.96063 
vn 0.291339 -0.0787402 -0.952756 
vn 0 -0.0787402 -1 
vn -0.291339 -0.0944882 -0.952756 
vn -0.559055 -0.110236 -0.818898 
vn -0.551181 -0.102362 -0.826772 
vn -0.283465 -0.102362 -0.952756 
vn -0.787402 -0.102362 -0.606299 
vn -0.779528 -0.110236 -0.614173 
vn -0.913386 -0.110236 -0.393701 
vn -0.913386 -0.0944882 -0.385827 
vn -1 -0.0708661 -0.015748 
vn -0.992126 -0.11811 -0.023622 
vn -0.889764 -0.0551181 0.448819 
vn -0.889764 -0.110236 0.440945 
vn -0.692913 -0.0551181 0.724409 
vn -0.692913 -0.0944882 0.708661 
vn 0.456693 -0.023622 0.889764 
vn 0.637795 -0.015748 0.771654 
vn 0.645669 -0.0314961 0.76378 
vn 0.464567 -0.0393701 0.889764 
vn 1 -0.0472441 -0.015748 
vn 1 -0.015748 -0.015748 
vn 0.874016 -0.023622 0.480315 
vn 0.874016 -0.023622 0.480315 
vn 0.905512 -0.0629921 -0.425197 
vn 0.905512 -0.023622 -0.417323 
vn 0.535433 -0.0708661 -0.84252 
vn 0.755906 -0.0472441 -0.653543 
vn 0.740157 -0.0787402 -0.669291 
vn 0.535433 -0.0866142 -0.834646 
vn 0.992126 0.0866142 0.0472441 
vn 0.913386 0.0629921 -0.401575 
vn 0.913386 -0.00787402 -0.409449 
vn 1 0.0314961 0.015748 
vn 0.488189 0.00787402 -0.874016 
vn 0.527559 -0.0708661 -0.850394 
vn 0.724409 -0.0314961 -0.685039 
vn 0.692913 0.0393701 -0.716535 
vn 0.307087 -0.110236 -0.944882 
vn 0.291339 -0.00787402 -0.96063 
vn -0.00787402 0 -1 
vn -0.00787402 -0.125984 -0.992126 
vn -0.503937 0.015748 -0.866142 
vn -0.535433 -0.0866142 -0.84252 
vn -0.314961 -0.11811 -0.937008 
vn -0.299213 0.00787402 -0.952756 
vn -0.724409 0.0314961 -0.685039 
vn -0.740157 -0.0393701 -0.669291 
vn -0.913386 -0.00787402 -0.409449 
vn -0.913386 0.0472441 -0.401575 
vn -0.992126 0.0944882 0.015748 
vn -1 0.0393701 0.00787402 
vn -0.850394 0.173228 0.496063 
vn -0.866142 0.102362 0.496063 
vn -0.614173 0.11811 0.779528 
vn -0.598425 0.220472 0.771654 
vn 0.417323 0.220472 0.88189 
vn 0.629921 0.19685 0.748031 
vn 0.637795 0.11811 0.755906 
vn 0.440945 0.11811 0.889764 
vn 0.874016 0.0787402 0.480315 
vn 0.866142 0.149606 0.480315 
vn 0.259843 -0.0393701 0.968504 
vn 0.267717 -0.0393701 0.96063 
vn 0.23622 0.110236 0.968504 
vn 0.204724 0.228346 0.952756 
vn -0.448819 0.228346 0.858268 
vn -0.23622 0.23622 0.944882 
vn -0.267717 0.102362 0.96063 
vn -0.472441 0.102362 0.874016 
vn -0.251969 -0.0629921 0.968504 
vn -0.519685 -0.0787402 0.850394 
vn -0.519685 -0.0708661 0.850394 
vn -0.259843 -0.0629921 0.96063 
vn 0.267717 0 -0.96063 
vn -0.015748 -0.00787402 -1 
vn -0.283465 -0.023622 -0.96063 
vn -0.551181 -0.0393701 -0.834646 
vn -0.787402 -0.0551181 -0.614173 
vn -1 -0.0787402 -0.023622 
vn -0.913386 -0.0787402 -0.401575 
vn -0.88189 -0.0551181 0.464567 
vn -0.677165 -0.023622 0.732283 
vn -0.244094 0.023622 0.968504 
vn -0.503937 0 0.866142 
vn 0.251969 0.0472441 0.968504 
vn 0.456693 0.0472441 0.889764 
vn 0.653543 0.0551181 0.755906 
vn 1 0.0551181 -0.015748 
vn 0.874016 0.0551181 0.480315 
vn 0.913386 0.0393701 -0.409449 
vn 0.543307 0.015748 -0.84252 
vn 0.771654 0.0314961 -0.629921 
vn -0.755906 0.244094 -0.606299 
vn -0.527559 0.267717 -0.811024 
vn -0.275591 0.275591 -0.92126 
vn -0.015748 0.283465 -0.96063 
vn 0.259843 0.291339 -0.92126 
vn 0.527559 0.299213 -0.795276 
vn 0.755906 0.291339 -0.590551 
vn 0.874016 0.299213 -0.385827 
vn 0.944882 0.314961 0 
vn 0.826772 0.330709 0.464567 
vn 0.614173 0.322835 0.724409 
vn 0.425197 0.322835 0.84252 
vn 0.228346 0.314961 0.92126 
vn -0.464567 0.299213 0.834646 
vn -0.220472 0.314961 0.92126 
vn -0.622047 0.283465 0.732283 
vn -0.84252 0.267717 0.472441 
vn -0.968504 0.244094 -0.00787402 
vn -0.889764 0.228346 -0.393701 
vn 0.551181 -0.0944882 -0.826772 
vn 0.314961 -0.110236 -0.944882 
vn -0.00787402 -0.11811 -0.992126 
vn -0.322835 -0.133858 -0.937008 
vn -0.559055 -0.125984 -0.818898 
vn -0.76378 -0.0944882 -0.637795 
vn -0.913386 -0.0629921 -0.393701 
vn -1 -0.023622 0 
vn -0.88189 0.015748 0.480315 
vn -0.653543 0 0.755906 
vn -0.496063 -0.0314961 0.866142 
vn -0.275591 -0.0393701 0.96063 
vn 0.448819 0.015748 0.889764 
vn 0.251969 -0.00787402 0.968504 
vn 0.637795 0.023622 0.771654 
vn 0.874016 0 0.488189 
vn 1 -0.0472441 0 
vn 0.905512 -0.0708661 -0.417323 
vn 0.740157 -0.0787402 -0.669291 
vn 0.992126 0.0551181 0.0787402 
vn 0.866142 0.110236 0.480315 
vn 0.629921 0.15748 0.76378 
vn 0.409449 0.181102 0.889764 
vn 0.188976 0.188976 0.96063 
vn -0.204724 0.19685 0.96063 
vn -0.448819 0.19685 0.874016 
vn -0.614173 0.173228 0.771654 
vn -0.858268 0.125984 0.496063 
vn -1 0.0551181 0.023622 
vn -0.92126 0.0314961 -0.393701 
vn -0.732283 0.0393701 -0.677165 
vn -0.496063 0.0472441 -0.866142 
vn -0.291339 0.0551181 -0.952756 
vn 0 0.0472441 -1 
vn 0.291339 0.0393701 -0.952756 
vn 0.464567 0.0393701 -0.88189 
vn 0.677165 0.0472441 -0.732283 
vn 0.92126 0.0472441 -0.385827 
vn 0.0393701 0.314961 0.944882 
vn 0.0393701 0.0393701 1 
vn 0.0393701 -0.0472441 1 
vn 0.0393701 -0.0472441 1 
vn 0.023622 -0.023622 1 
vn 0.015748 0.102362 0.992126 
vn 0.023622 0.228346 0.976378 
vn 0.0314961 0.188976 0.984252 
vn 0.0314961 0.133858 0.992126 
vn 0.0314961 0.102362 0.992126 
vn 0.0314961 0.0629921 1 
vn 0.0314961 0.015748 1 
vn 0.0314961 0 1 
vn 0.653543 0.0551181 0.755906 
vn 0.614173 0.322835 0.724409 
vn 0.645669 -0.0314961 0.76378 
vn 0.637795 -0.015748 0.771654 
vn 0.637795 0.023622 0.771654 
vn 0.637795 0.11811 0.755906 
vn 0.629921 0.19685 0.748031 
vn 0.629921 0.15748 0.76378 
vn 0.637795 0.133858 0.76378 
vn 0.629921 0.149606 0.76378 
vn 0.629921 0.102362 0.771654 
vn 0.629921 0.023622 0.779528 
vn 0.629921 0 0.779528 
vn -0.622047 0.283465 0.732283 
vn -0.677165 -0.023622 0.732283 
vn -0.692913 -0.0944882 0.708661 
vn -0.692913 -0.0551181 0.724409 
vn -0.653543 0 0.755906 
vn -0.614173 0.11811 0.779528 
vn -0.598425 0.220472 0.771654 
vn -0.614173 0.173228 0.771654 
vn -0.629921 0.125984 0.76378 
vn -0.629921 0.11811 0.76378 
vn -0.629921 0.0787402 0.771654 
vn -0.629921 0.00787402 0.779528 
vn -0.629921 0 0.779528 
vn 0.755906 0.291339 -0.590551 
vn 0.527559 0.299213 -0.795276 
vn 0.417323 0.669291 -0.614173 
vn 0.606299 0.653543 -0.456693 
vn -0.015748 0.283465 -0.96063 
vn -0.00787402 0.677165 -0.740157 
vn 0.204724 0.669291 -0.716535 
vn 0.259843 0.291339 -0.92126 
vn -0.409449 0.669291 -0.622047 
vn -0.220472 0.669291 -0.716535 
vn -0.275591 0.275591 -0.92126 
vn -0.527559 0.267717 -0.811024 
vn -0.700787 0.645669 -0.299213 
vn -0.598425 0.653543 -0.472441 
vn -0.755906 0.244094 -0.606299 
vn -0.889764 0.228346 -0.393701 
vn -0.968504 0.244094 -0.00787402 
vn -0.748031 0.661417 0.015748 
vn -0.84252 0.267717 0.472441 
vn -0.637795 0.669291 0.385827 
vn -0.622047 0.283465 0.732283 
vn -0.464567 0.299213 0.834646 
vn -0.354331 0.653543 0.669291 
vn -0.472441 0.661417 0.590551 
vn -0.173228 0.653543 0.732283 
vn -0.220472 0.314961 0.92126 
vn 0.0393701 0.314961 0.944882 
vn 0.0314961 0.653543 0.755906 
vn 0.181102 0.653543 0.740157 
vn 0.228346 0.314961 0.92126 
vn 0.425197 0.322835 0.84252 
vn 0.330709 0.653543 0.677165 
vn 0.480315 0.661417 0.582677 
vn 0.614173 0.322835 0.724409 
vn 0.826772 0.330709 0.464567 
vn 0.645669 0.669291 0.377953 
vn 0.748031 0.661417 0.015748 
vn 0.944882 0.314961 0 
vn 0.874016 0.299213 -0.385827 
vn 0.700787 0.645669 -0.291339 
vn 0.299213 0.850394 -0.425197 
vn 0.212598 0.929134 -0.291339 
vn 0.307087 0.929134 -0.220472 
vn 0.433071 0.84252 -0.314961 
vn 0.102362 0.937008 -0.346457 
vn 0.149606 0.850394 -0.496063 
vn -0.00787402 0.858268 -0.511811 
vn -0.00787402 0.937008 -0.354331 
vn -0.204724 0.929134 -0.299213 
vn -0.110236 0.929134 -0.346457 
vn -0.15748 0.850394 -0.496063 
vn -0.291339 0.850394 -0.433071 
vn -0.362205 0.92126 -0.133858 
vn -0.307087 0.929134 -0.220472 
vn -0.433071 0.84252 -0.330709 
vn -0.503937 0.834646 -0.204724 
vn -0.535433 0.84252 0.023622 
vn -0.377953 0.92126 0.023622 
vn -0.456693 0.84252 0.291339 
vn -0.322835 0.92126 0.212598 
vn -0.181102 0.913386 0.362205 
vn -0.23622 0.92126 0.314961 
vn -0.338583 0.834646 0.433071 
vn -0.259843 0.834646 0.496063 
vn 0.015748 0.913386 0.409449 
vn -0.0866142 0.913386 0.393701 
vn -0.125984 0.834646 0.535433 
vn 0.023622 0.826772 0.559055 
vn 0.23622 0.834646 0.503937 
vn 0.173228 0.913386 0.362205 
vn 0.0944882 0.913386 0.393701 
vn 0.133858 0.826772 0.543307 
vn 0.456693 0.84252 0.283465 
vn 0.322835 0.92126 0.204724 
vn 0.244094 0.92126 0.314961 
vn 0.338583 0.834646 0.425197 
vn 0.535433 0.84252 0.023622 
vn 0.377953 0.92126 0.023622 
vn 0.511811 0.834646 -0.19685 
vn 0.362205 0.92126 -0.133858 
vn 0.212598 0.968504 -0.133858 
vn 0.244094 0.968504 -0.0787402 
vn 0.141732 0.968504 -0.188976 
vn 0.0708661 0.976378 -0.220472 
vn 0 0.976378 -0.228346 
vn -0.0708661 0.968504 -0.220472 
vn -0.141732 0.968504 -0.188976 
vn -0.204724 0.968504 -0.141732 
vn -0.244094 0.968504 -0.0787402 
vn -0.251969 0.968504 0.0314961 
vn -0.212598 0.968504 0.149606 
vn -0.15748 0.96063 0.220472 
vn -0.125984 0.96063 0.251969 
vn -0.0629921 0.96063 0.275591 
vn 0.00787402 0.96063 0.283465 
vn 0.0629921 0.96063 0.275591 
vn 0.110236 0.96063 0.251969 
vn 0.15748 0.96063 0.220472 
vn 0.220472 0.968504 0.149606 
vn 0.251969 0.968504 0.0314961 
vn 0 1 0.0314961 
vn 0.00787402 -1 0 
vn 0.00787402 -1 0 
vn 0.00787402 -1 0 
vn -0.00787402 -1 0 
vn -0.00787402 -1 0 
vn -0.00787402 -1 0 
vn 0.00787402 -1 0 
vn 0.00787402 -1 0 
vn 0.00787402 -1 0 
vn 0.00787402 -1 0 
vn 0.00787402 -1 0 
vn 0.00787402 -1 0 
vn 0 -1 0 
vn 0 -1 0 
vn 0 -1 0 
vn 0 -1 0 
vn 0 -1 0 
vn 0 -1 0 
vn 0 -1 0 
vn 0 -1 0 
vn 0 -1 0 
vn 0 -1 0 
vn 0 -1 0 
vn 0 -1 0 
vn 0 -1 0 
vn 0 -1 0 
vn 0 -1 0 
vn 0 -1 0 
vn 0 -1 0 
vn 0 -1 0 
vn 0 -1 0 
vn 0 -1 0 
vn 0 -1 0 
vn 0 -1 0 
vn 0 -1 0 
vn 0 -1 0 
vn 0 -1 0 
vn 0 -1 0 
vn 0 -1 0 
vn 0 -1 0 
vn 0 -1 0 
vn 0 -1 0 
vn 0 -1 0 
vn 0 -1 0 
vn 0 -1 0 
vn 0 -1 0 
vn 0 -1 0 
vn 0 -1 0 
vn 0 -1 0 
vn 0 -1 0 
vn 0 -1 0 
vn 0 -1 0 
vn 0 -1 0 
vn 0 -1 0 
vn 0 -1 0 
vn 0 -1 0 
vn 0 -1 0 
vn 0 -1 0 
vn 0 -1 0 
vn 0 -1 0 
vn -0.00787402 -1 0 
vn -0.00787402 -1 0 
vn -0.00787402 -1 0 
vn 0.00787402 -1 0 
vn 0.00787402 -1 0 
vn 0.00787402 -1 0 
vn -0.00787402 -1 0.00787402 
vn -0.00787402 -1 0.00787402 
vn -0.00787402 -1 0.00787402 
vn -0.00787402 -1 0 
vn -0.00787402 -1 0 
vn -0.00787402 -1 0 

vt 0.464649 0.750078 
vt 0.469814 0.750078 
vt 0.469508 0.76995 
vt 0.464649 0.76995 
vt 0.469418 0.791152 
vt 0.464649 0.791152 
vt 0.464649 0.855401 
vt 0.464649 0.83414 
vt 0.469517 0.83414 
vt 0.469726 0.855401 
vt 0.464649 0.377185 
vt 0.469726 0.377185 
vt 0.469726 0.394399 
vt 0.464649 0.394399 
vt 0.469726 0.446287 
vt 0.464649 0.446287 
vt 0.469843 0.469572 
vt 0.464649 0.469572 
vt 0.464649 0.681218 
vt 0.464649 0.654301 
vt 0.469843 0.654301 
vt 0.469782 0.681214 
vt 0.469684 0.731464 
vt 0.464649 0.731463 
vt 0.484225 0.599201 
vt 0.490022 0.598231 
vt 0.490022 0.615677 
vt 0.484225 0.615793 
vt 0.474318 0.492788 
vt 0.479262 0.487771 
vt 0.484225 0.509632 
vt 0.478766 0.513051 
vt 0.484225 0.546508 
vt 0.484225 0.529743 
vt 0.490022 0.529927 
vt 0.490022 0.546469 
vt 0.464649 0.643354 
vt 0.464649 0.631858 
vt 0.469843 0.631858 
vt 0.469843 0.643398 
vt 0.464649 0.617141 
vt 0.464649 0.601302 
vt 0.469843 0.598251 
vt 0.469843 0.61591 
vt 0.464649 0.584279 
vt 0.464649 0.564506 
vt 0.469843 0.563613 
vt 0.469843 0.582017 
vt 0.464649 0.529142 
vt 0.469843 0.530423 
vt 0.469843 0.546752 
vt 0.464649 0.546231 
vt 0.464649 0.504757 
vt 0.469843 0.508031 
vt 0.469843 0.492788 
vt 0.464649 0.492788 
vt 0.464649 0.479315 
vt 0.469843 0.479315 
vt 0.474318 0.563204 
vt 0.478766 0.563536 
vt 0.478766 0.581602 
vt 0.474318 0.579447 
vt 0.478766 0.597786 
vt 0.474318 0.593609 
vt 0.478766 0.614701 
vt 0.474318 0.631858 
vt 0.474318 0.613451 
vt 0.464649 0.631859 
vt 0.478766 0.530729 
vt 0.474318 0.53267 
vt 0.474318 0.515827 
vt 0.478766 0.546933 
vt 0.474318 0.547667 
vt 0.479262 0.641618 
vt 0.484225 0.582429 
vt 0.490022 0.582158 
vt 0.490022 0.509538 
vt 0.485335 0.681196 
vt 0.473449 0.681201 
vt 0.474605 0.654301 
vt 0.488584 0.62963 
vt 0.485297 0.446287 
vt 0.489054 0.492458 
vt 0.473807 0.469572 
vt 0.473377 0.446287 
vt 0.485297 0.394399 
vt 0.473377 0.394399 
vt 0.485297 0.377185 
vt 0.473377 0.377185 
vt 0.485297 0.855401 
vt 0.473377 0.855401 
vt 0.473155 0.83414 
vt 0.485297 0.83414 
vt 0.473074 0.791152 
vt 0.473178 0.76995 
vt 0.485114 0.76995 
vt 0.485089 0.791152 
vt 0.485371 0.750079 
vt 0.47349 0.750078 
vt 0.485156 0.731471 
vt 0.47333 0.731469 
vt 0.479262 0.641617 
vt 0.490022 0.563359 
vt 0.484225 0.563507 
vt 0.463071 0.76995 
vt 0.463071 0.750078 
vt 0.463071 0.791152 
vt 0.463071 0.83414 
vt 0.463071 0.855401 
vt 0.463071 0.377185 
vt 0.463071 0.394399 
vt 0.463071 0.446287 
vt 0.463071 0.503255 
vt 0.463071 0.528625 
vt 0.463071 0.546066 
vt 0.463071 0.564708 
vt 0.463071 0.584981 
vt 0.463071 0.602502 
vt 0.463071 0.619804 
vt 0.463071 0.731464 
vt 0.463071 0.681219 
vt 0.463071 0.479315 
vt 0.463071 0.469572 
vt 0.463071 0.654301 
vt 0.463071 0.642911 
vt 0.463071 0.631858 
vt 0.463071 0.492788 
vt 0.533895 0.562437 
vt 0.533895 0.581165 
vt 0.521932 0.581831 
vt 0.521932 0.564562 
vt 0.521932 0.546567 
vt 0.521932 0.530546 
vt 0.533895 0.530022 
vt 0.533895 0.546204 
vt 0.533895 0.509645 
vt 0.521932 0.51168 
vt 0.533895 0.492458 
vt 0.521932 0.492458 
vt 0.521932 0.446287 
vt 0.533895 0.446287 
vt 0.521932 0.394399 
vt 0.533924 0.394399 
vt 0.521932 0.377185 
vt 0.533924 0.377185 
vt 0.521932 0.76995 
vt 0.521932 0.750079 
vt 0.53327 0.750079 
vt 0.533511 0.76995 
vt 0.521932 0.681367 
vt 0.533895 0.681362 
vt 0.532967 0.731357 
vt 0.521932 0.731348 
vt 0.521932 0.62963 
vt 0.533895 0.62963 
vt 0.533895 0.597334 
vt 0.533895 0.615185 
vt 0.521932 0.614931 
vt 0.521932 0.597321 
vt 0.502159 0.681251 
vt 0.502159 0.62963 
vt 0.511102 0.62963 
vt 0.511102 0.681317 
vt 0.502159 0.596415 
vt 0.511102 0.598204 
vt 0.511102 0.614695 
vt 0.502159 0.614063 
vt 0.511102 0.582237 
vt 0.502159 0.581316 
vt 0.502159 0.564082 
vt 0.511102 0.564454 
vt 0.502159 0.531443 
vt 0.511102 0.530744 
vt 0.511102 0.546744 
vt 0.502159 0.547089 
vt 0.502159 0.514573 
vt 0.511102 0.512645 
vt 0.511102 0.492458 
vt 0.502159 0.492458 
vt 0.502159 0.446287 
vt 0.511102 0.446287 
vt 0.502159 0.394399 
vt 0.511102 0.394399 
vt 0.511102 0.377185 
vt 0.502159 0.377185 
vt 0.502159 0.76995 
vt 0.502159 0.750079 
vt 0.511102 0.750079 
vt 0.511102 0.76995 
vt 0.511102 0.731359 
vt 0.502159 0.731408 
vt 0.533491 0.791152 
vt 0.521932 0.791152 
vt 0.511102 0.791152 
vt 0.502159 0.791152 
vt 0.502159 0.855401 
vt 0.502159 0.83414 
vt 0.511102 0.83414 
vt 0.511102 0.855401 
vt 0.533719 0.83414 
vt 0.533924 0.855401 
vt 0.521932 0.855401 
vt 0.521932 0.83414 
vt 0.544229 0.580871 
vt 0.544229 0.561156 
vt 0.544229 0.545711 
vt 0.544229 0.529243 
vt 0.544229 0.507578 
vt 0.544229 0.446287 
vt 0.544229 0.492458 
vt 0.544797 0.394399 
vt 0.544797 0.377185 
vt 0.544797 0.83414 
vt 0.544797 0.855401 
vt 0.544407 0.791152 
vt 0.544397 0.76995 
vt 0.544127 0.750079 
vt 0.544229 0.681356 
vt 0.543768 0.731365 
vt 0.544229 0.62963 
vt 0.544229 0.597484 
vt 0.544229 0.61532 
vt 0.556418 0.506297 
vt 0.556418 0.528788 
vt 0.556418 0.545375 
vt 0.556418 0.560095 
vt 0.556418 0.580199 
vt 0.556418 0.596782 
vt 0.556418 0.614963 
vt 0.556418 0.62963 
vt 0.556418 0.68135 
vt 0.556418 0.731361 
vt 0.556418 0.750079 
vt 0.556418 0.76995 
vt 0.556418 0.791152 
vt 0.556418 0.855401 
vt 0.556418 0.83414 
vt 0.556418 0.377185 
vt 0.556418 0.394399 
vt 0.556418 0.446287 
vt 0.556418 0.492458 
vt 0.516668 0.597655 
vt 0.516668 0.581706 
vt 0.516668 0.564473 
vt 0.516668 0.546823 
vt 0.516668 0.530719 
vt 0.516668 0.512184 
vt 0.516668 0.492458 
vt 0.516668 0.446287 
vt 0.516668 0.394399 
vt 0.516668 0.377185 
vt 0.516668 0.855401 
vt 0.516668 0.83414 
vt 0.516668 0.76995 
vt 0.516668 0.791152 
vt 0.517286 0.750079 
vt 0.516668 0.731353 
vt 0.516668 0.68134 
vt 0.516668 0.62963 
vt 0.516668 0.614808 
vt 0.49322 0.681217 
vt 0.493199 0.731448 
vt 0.493633 0.750079 
vt 0.493547 0.76995 
vt 0.493537 0.791152 
vt 0.493745 0.83414 
vt 0.493745 0.855401 
vt 0.493745 0.377185 
vt 0.493745 0.394399 
vt 0.493745 0.446287 
vt 0.49631 0.492458 
vt 0.496458 0.512178 
vt 0.496458 0.530722 
vt 0.496458 0.546798 
vt 0.496458 0.563615 
vt 0.496458 0.581654 
vt 0.496458 0.597251 
vt 0.496458 0.614882 
vt 0.495994 0.62963 
vt 0.556418 0.813678 
vt 0.544382 0.813674 
vt 0.533481 0.813669 
vt 0.521932 0.813659 
vt 0.516668 0.81366 
vt 0.511102 0.813662 
vt 0.502159 0.813671 
vt 0.493566 0.813677 
vt 0.485122 0.813682 
vt 0.47303 0.81368 
vt 0.469379 0.813679 
vt 0.464649 0.813677 
vt 0.463071 0.813678 
vt 0.544127 0.750076 
vt 0.556418 0.750076 
vt 0.533297 0.750076 
vt 0.521932 0.750076 
vt 0.517281 0.750075 
vt 0.511102 0.750075 
vt 0.502159 0.750076 
vt 0.493628 0.750077 
vt 0.485369 0.750077 
vt 0.473491 0.750077 
vt 0.469814 0.750077 
vt 0.464649 0.750077 
vt 0.463071 0.750077 
vt 0.556418 0.867863 
vt 0.544797 0.867863 
vt 0.533924 0.867864 
vt 0.521932 0.867864 
vt 0.516668 0.867863 
vt 0.511102 0.867863 
vt 0.502159 0.867863 
vt 0.493745 0.867863 
vt 0.485297 0.867863 
vt 0.473377 0.867863 
vt 0.469726 0.867863 
vt 0.464649 0.867863 
vt 0.463071 0.867863 
vt 0.346379 0.255536 
vt 0.346379 0.234822 
vt 0.35051 0.245182 
vt 0.35051 0.262406 
vt 0.369925 0.234822 
vt 0.369925 0.245182 
vt 0.365149 0.245182 
vt 0.364027 0.234822 
vt 0.389573 0.245182 
vt 0.375311 0.245182 
vt 0.37631 0.234822 
vt 0.393675 0.234822 
vt 0.389573 0.276251 
vt 0.389573 0.261708 
vt 0.393675 0.254686 
vt 0.393675 0.272182 
vt 0.393675 0.299607 
vt 0.389573 0.29871 
vt 0.393675 0.329733 
vt 0.389573 0.324371 
vt 0.393675 0.358556 
vt 0.381869 0.358556 
vt 0.379729 0.347295 
vt 0.389573 0.347295 
vt 0.375038 0.347295 
vt 0.376057 0.358556 
vt 0.369873 0.358556 
vt 0.369961 0.347295 
vt 0.365285 0.347295 
vt 0.364222 0.358556 
vt 0.358487 0.358556 
vt 0.360439 0.347295 
vt 0.35051 0.347295 
vt 0.346379 0.358556 
vt 0.346379 0.330912 
vt 0.35051 0.32499 
vt 0.35051 0.299575 
vt 0.346379 0.300557 
vt 0.346379 0.273143 
vt 0.35051 0.276869 
vt 0.356045 0.258823 
vt 0.360608 0.270732 
vt 0.360608 0.279525 
vt 0.356045 0.271844 
vt 0.367746 0.270732 
vt 0.366553 0.258823 
vt 0.370013 0.258823 
vt 0.370088 0.270732 
vt 0.379796 0.270732 
vt 0.372783 0.270732 
vt 0.373988 0.258823 
vt 0.384261 0.258823 
vt 0.379796 0.286241 
vt 0.379796 0.278894 
vt 0.384261 0.270846 
vt 0.384261 0.281613 
vt 0.384261 0.297632 
vt 0.379796 0.297234 
vt 0.384261 0.316006 
vt 0.379796 0.309707 
vt 0.374776 0.320817 
vt 0.379796 0.320817 
vt 0.384261 0.332548 
vt 0.376896 0.332548 
vt 0.37015 0.320817 
vt 0.372569 0.320817 
vt 0.373676 0.332548 
vt 0.370088 0.332548 
vt 0.36349 0.332548 
vt 0.365657 0.320817 
vt 0.367841 0.320817 
vt 0.366665 0.332548 
vt 0.356045 0.316698 
vt 0.360608 0.310052 
vt 0.360608 0.320817 
vt 0.356045 0.332548 
vt 0.356045 0.29863 
vt 0.360608 0.297775 
vt 0.356045 0.282232 
vt 0.360608 0.286653 
vt 0.364447 0.286085 
vt 0.364447 0.290306 
vt 0.364447 0.280882 
vt 0.368768 0.280882 
vt 0.370158 0.280882 
vt 0.37174 0.280882 
vt 0.37599 0.280882 
vt 0.37599 0.285752 
vt 0.37599 0.290044 
vt 0.37599 0.296626 
vt 0.37599 0.304141 
vt 0.37599 0.310926 
vt 0.372998 0.310926 
vt 0.371646 0.310926 
vt 0.370183 0.310926 
vt 0.368794 0.310926 
vt 0.367481 0.310926 
vt 0.364447 0.310926 
vt 0.364447 0.304408 
vt 0.364447 0.296987 
vt 0.370234 0.295798 
vt 0.462957 0.234535 
vt 0.474618 0.297053 
vt 0.451222 0.234535 
vt 0.468674 0.234535 
vt 0.474618 0.297053 
vt 0.462957 0.234535 
vt 0.486253 0.234535 
vt 0.474618 0.297053 
vt 0.480627 0.234535 
vt 0.498015 0.250893 
vt 0.474618 0.297053 
vt 0.498015 0.234535 
vt 0.498015 0.271527 
vt 0.474618 0.297053 
vt 0.498015 0.250893 
vt 0.486253 0.359574 
vt 0.474618 0.297053 
vt 0.498015 0.359574 
vt 0.48063 0.359574 
vt 0.474618 0.297053 
vt 0.486253 0.359574 
vt 0.468936 0.359574 
vt 0.474618 0.297053 
vt 0.474605 0.359574 
vt 0.451222 0.359574 
vt 0.474618 0.297053 
vt 0.462957 0.359574 
vt 0.451222 0.250893 
vt 0.474618 0.297053 
vt 0.451222 0.271527 
vt 0.498015 0.310056 
vt 0.474618 0.297053 
vt 0.498015 0.293769 
vt 0.451222 0.293769 
vt 0.474618 0.297053 
vt 0.451222 0.310056 
vt 0.451222 0.310056 
vt 0.474618 0.297053 
vt 0.451222 0.32704 
vt 0.498015 0.331663 
vt 0.474618 0.297053 
vt 0.498015 0.310056 
vt 0.498015 0.293769 
vt 0.474618 0.297053 
vt 0.498015 0.271527 
vt 0.451222 0.271527 
vt 0.474618 0.297053 
vt 0.451222 0.293769 
vt 0.462957 0.359574 
vt 0.474618 0.297053 
vt 0.468936 0.359574 
vt 0.474605 0.359574 
vt 0.474618 0.297053 
vt 0.48063 0.359574 
vt 0.451222 0.32704 
vt 0.474618 0.297053 
vt 0.451222 0.359574 
vt 0.498015 0.359574 
vt 0.474618 0.297053 
vt 0.498015 0.331663 
vt 0.480627 0.234535 
vt 0.474618 0.297053 
vt 0.474605 0.234535 
vt 0.474605 0.234535 
vt 0.474618 0.297053 
vt 0.468674 0.234535 
vt 0.451222 0.234535 
vt 0.474618 0.297053 
vt 0.451222 0.250893 
vt 0.498015 0.234535 
vt 0.474618 0.297053 
vt 0.486253 0.234535 

usemtl Npc1Mtl

f 2068/2068/2068 2069/2069/2069 2070/2070/2070 
f 2070/2070/2070 2071/2071/2071 2068/2068/2068 
f 2071/2071/2071 2070/2070/2070 2072/2072/2072 
f 2072/2072/2072 2073/2073/2073 2071/2071/2071 
f 2074/2074/2074 2075/2075/2075 2076/2076/2076 
f 2076/2076/2076 2077/2077/2077 2074/2074/2074 
f 2078/2078/2078 2079/2079/2079 2080/2080/2080 
f 2080/2080/2080 2081/2081/2081 2078/2078/2078 
f 2080/2080/2080 2082/2082/2082 2083/2083/2083 
f 2083/2083/2083 2081/2081/2081 2080/2080/2080 
f 2082/2082/2082 2084/2084/2084 2085/2085/2085 
f 2085/2085/2085 2083/2083/2083 2082/2082/2082 
f 2086/2086/2086 2087/2087/2087 2088/2088/2088 
f 2088/2088/2088 2089/2089/2089 2086/2086/2086 
f 2086/2086/2086 2089/2089/2089 2090/2090/2090 
f 2090/2090/2090 2091/2091/2091 2086/2086/2086 
f 2092/2092/2092 2093/2093/2093 2094/2094/2094 
f 2094/2094/2094 2095/2095/2095 2092/2092/2092 
f 2096/2096/2096 2097/2097/2097 2098/2098/2098 
f 2098/2098/2098 2099/2099/2099 2096/2096/2096 
f 2100/2100/2100 2101/2101/2101 2102/2102/2102 
f 2102/2102/2102 2103/2103/2103 2100/2100/2100 
f 2104/2104/2104 2105/2105/2105 2106/2106/2106 
f 2106/2106/2106 2107/2107/2107 2104/2104/2104 
f 2108/2108/2108 2109/2109/2109 2110/2110/2110 
f 2110/2110/2110 2111/2111/2111 2108/2108/2108 
f 2112/2112/2112 2113/2113/2113 2114/2114/2114 
f 2114/2114/2114 2115/2115/2115 2112/2112/2112 
f 2116/2116/2116 2117/2117/2117 2118/2118/2118 
f 2118/2118/2118 2119/2119/2119 2116/2116/2116 
f 2120/2120/2120 2121/2121/2121 2117/2117/2117 
f 2117/2117/2117 2116/2116/2116 2120/2120/2120 
f 2122/2122/2122 2123/2123/2123 2124/2124/2124 
f 2124/2124/2124 2125/2125/2125 2122/2122/2122 
f 2125/2125/2125 2124/2124/2124 2085/2085/2085 
f 2085/2085/2085 2084/2084/2084 2125/2125/2125 
f 2088/2088/2088 2087/2087/2087 2104/2104/2104 
f 2104/2104/2104 2107/2107/2107 2088/2088/2088 
f 2115/2115/2115 2110/2110/2110 2109/2109/2109 
f 2109/2109/2109 2112/2112/2112 2115/2115/2115 
f 2114/2114/2114 2113/2113/2113 2119/2119/2119 
f 2119/2119/2119 2118/2118/2118 2114/2114/2114 
f 2126/2126/2126 2127/2127/2127 2128/2128/2128 
f 2128/2128/2128 2129/2129/2129 2126/2126/2126 
f 2130/2130/2130 2131/2131/2131 2129/2129/2129 
f 2129/2129/2129 2128/2128/2128 2130/2130/2130 
f 2132/2132/2132 2133/2133/2133 2134/2134/2134 
f 2135/2135/2135 2108/2108/2108 2111/2111/2111 
f 2111/2111/2111 2106/2106/2106 2135/2135/2135 
f 2121/2121/2121 2120/2120/2120 2123/2123/2123 
f 2123/2123/2123 2122/2122/2122 2121/2121/2121 
f 2099/2099/2099 2136/2136/2136 2137/2137/2137 
f 2137/2137/2137 2138/2138/2138 2099/2099/2099 
f 2136/2136/2136 2139/2139/2139 2140/2140/2140 
f 2140/2140/2140 2137/2137/2137 2136/2136/2136 
f 2126/2126/2126 2140/2140/2140 2139/2139/2139 
f 2139/2139/2139 2127/2127/2127 2126/2126/2126 
f 2132/2132/2132 2134/2134/2134 2131/2131/2131 
f 2131/2131/2131 2130/2130/2130 2132/2132/2132 
f 2099/2099/2099 2138/2138/2138 2096/2096/2096 
f 2095/2095/2095 2141/2141/2141 2133/2133/2133 
f 2133/2133/2133 2132/2132/2132 2095/2095/2095 
f 2142/2142/2142 2143/2143/2143 2093/2093/2093 
f 2093/2093/2093 2092/2092/2092 2142/2142/2142 
f 2144/2144/2144 2102/2102/2102 2101/2101/2101 
f 2101/2101/2101 2098/2098/2098 2144/2144/2144 
f 2145/2145/2145 2146/2146/2146 2147/2147/2147 
f 2147/2147/2147 2148/2148/2148 2145/2145/2145 
f 2149/2149/2149 2150/2150/2150 2151/2151/2151 
f 2151/2151/2151 2152/2152/2152 2149/2149/2149 
f 2153/2153/2153 2149/2149/2149 2152/2152/2152 
f 2152/2152/2152 2154/2154/2154 2153/2153/2153 
f 2155/2155/2155 2153/2153/2153 2154/2154/2154 
f 2154/2154/2154 2156/2156/2156 2155/2155/2155 
f 2157/2157/2157 2158/2158/2158 2159/2159/2159 
f 2159/2159/2159 2160/2160/2160 2157/2157/2157 
f 2161/2161/2161 2162/2162/2162 2163/2163/2163 
f 2163/2163/2163 2164/2164/2164 2161/2161/2161 
f 2165/2165/2165 2163/2163/2163 2162/2162/2162 
f 2162/2162/2162 2166/2166/2166 2165/2165/2165 
f 2167/2167/2167 2168/2168/2168 2146/2146/2146 
f 2146/2146/2146 2145/2145/2145 2167/2167/2167 
f 2097/2097/2097 2151/2151/2151 2150/2150/2150 
f 2147/2147/2147 2169/2169/2169 2148/2148/2148 
f 2100/2100/2100 2103/2103/2103 2170/2170/2170 
f 2170/2170/2170 2171/2171/2171 2100/2100/2100 
f 2170/2170/2170 2143/2143/2143 2142/2142/2142 
f 2142/2142/2142 2171/2171/2171 2170/2170/2170 
f 2068/2068/2068 2071/2071/2071 2172/2172/2172 
f 2172/2172/2172 2173/2173/2173 2068/2068/2068 
f 2174/2174/2174 2172/2172/2172 2071/2071/2071 
f 2071/2071/2071 2073/2073/2073 2174/2174/2174 
f 2175/2175/2175 2075/2075/2075 2074/2074/2074 
f 2074/2074/2074 2176/2176/2176 2175/2175/2175 
f 2177/2177/2177 2078/2078/2078 2081/2081/2081 
f 2081/2081/2081 2178/2178/2178 2177/2177/2177 
f 2178/2178/2178 2081/2081/2081 2083/2083/2083 
f 2083/2083/2083 2179/2179/2179 2178/2178/2178 
f 2180/2180/2180 2120/2120/2120 2116/2116/2116 
f 2116/2116/2116 2181/2181/2181 2180/2180/2180 
f 2182/2182/2182 2181/2181/2181 2116/2116/2116 
f 2116/2116/2116 2119/2119/2119 2182/2182/2182 
f 2183/2183/2183 2113/2113/2113 2112/2112/2112 
f 2112/2112/2112 2184/2184/2184 2183/2183/2183 
f 2185/2185/2185 2109/2109/2109 2108/2108/2108 
f 2108/2108/2108 2186/2186/2186 2185/2185/2185 
f 2086/2086/2086 2091/2091/2091 2187/2187/2187 
f 2187/2187/2187 2188/2188/2188 2086/2086/2086 
f 2124/2124/2124 2189/2189/2189 2190/2190/2190 
f 2190/2190/2190 2085/2085/2085 2124/2124/2124 
f 2191/2191/2191 2192/2192/2192 2104/2104/2104 
f 2104/2104/2104 2087/2087/2087 2191/2191/2191 
f 2105/2105/2105 2104/2104/2104 2192/2192/2192 
f 2192/2192/2192 2193/2193/2193 2105/2105/2105 
f 2189/2189/2189 2124/2124/2124 2123/2123/2123 
f 2123/2123/2123 2194/2194/2194 2189/2189/2189 
f 2085/2085/2085 2190/2190/2190 2179/2179/2179 
f 2179/2179/2179 2083/2083/2083 2085/2085/2085 
f 2086/2086/2086 2188/2188/2188 2191/2191/2191 
f 2191/2191/2191 2087/2087/2087 2086/2086/2086 
f 2112/2112/2112 2109/2109/2109 2185/2185/2185 
f 2185/2185/2185 2184/2184/2184 2112/2112/2112 
f 2182/2182/2182 2119/2119/2119 2113/2113/2113 
f 2113/2113/2113 2183/2183/2183 2182/2182/2182 
f 2135/2135/2135 2193/2193/2193 2186/2186/2186 
f 2186/2186/2186 2108/2108/2108 2135/2135/2135 
f 2180/2180/2180 2194/2194/2194 2123/2123/2123 
f 2123/2123/2123 2120/2120/2120 2180/2180/2180 
f 2132/2132/2132 2130/2130/2130 2092/2092/2092 
f 2092/2092/2092 2095/2095/2095 2132/2132/2132 
f 2142/2142/2142 2092/2092/2092 2130/2130/2130 
f 2130/2130/2130 2128/2128/2128 2142/2142/2142 
f 2171/2171/2171 2142/2142/2142 2128/2128/2128 
f 2128/2128/2128 2127/2127/2127 2171/2171/2171 
f 2171/2171/2171 2127/2127/2127 2139/2139/2139 
f 2139/2139/2139 2100/2100/2100 2171/2171/2171 
f 2101/2101/2101 2100/2100/2100 2139/2139/2139 
f 2139/2139/2139 2136/2136/2136 2101/2101/2101 
f 2099/2099/2099 2098/2098/2098 2101/2101/2101 
f 2101/2101/2101 2136/2136/2136 2099/2099/2099 
f 2148/2148/2148 2141/2141/2141 2095/2095/2095 
f 2095/2095/2095 2094/2094/2094 2148/2148/2148 
f 2097/2097/2097 2150/2150/2150 2144/2144/2144 
f 2144/2144/2144 2098/2098/2098 2097/2097/2097 
f 2195/2195/2195 2196/2196/2196 2197/2197/2197 
f 2197/2197/2197 2198/2198/2198 2195/2195/2195 
f 2199/2199/2199 2200/2200/2200 2201/2201/2201 
f 2201/2201/2201 2202/2202/2202 2199/2199/2199 
f 2203/2203/2203 2201/2201/2201 2200/2200/2200 
f 2200/2200/2200 2204/2204/2204 2203/2203/2203 
f 2205/2205/2205 2206/2206/2206 2207/2207/2207 
f 2207/2207/2207 2208/2208/2208 2205/2205/2205 
f 2209/2209/2209 2210/2210/2210 2208/2208/2208 
f 2208/2208/2208 2207/2207/2207 2209/2209/2209 
f 2210/2210/2210 2209/2209/2209 2211/2211/2211 
f 2211/2211/2211 2212/2212/2212 2210/2210/2210 
f 2213/2213/2213 2214/2214/2214 2215/2215/2215 
f 2215/2215/2215 2216/2216/2216 2213/2213/2213 
f 2217/2217/2217 2218/2218/2218 2219/2219/2219 
f 2219/2219/2219 2220/2220/2220 2217/2217/2217 
f 2221/2221/2221 2222/2222/2222 2218/2218/2218 
f 2218/2218/2218 2217/2217/2217 2221/2221/2221 
f 2223/2223/2223 2224/2224/2224 2225/2225/2225 
f 2225/2225/2225 2226/2226/2226 2223/2223/2223 
f 2227/2227/2227 2228/2228/2228 2229/2229/2229 
f 2229/2229/2229 2230/2230/2230 2227/2227/2227 
f 2231/2231/2231 2232/2232/2232 2233/2233/2233 
f 2233/2233/2233 2234/2234/2234 2231/2231/2231 
f 2235/2235/2235 2236/2236/2236 2237/2237/2237 
f 2237/2237/2237 2238/2238/2238 2235/2235/2235 
f 2239/2239/2239 2240/2240/2240 2241/2241/2241 
f 2241/2241/2241 2242/2242/2242 2239/2239/2239 
f 2239/2239/2239 2243/2243/2243 2244/2244/2244 
f 2244/2244/2244 2240/2240/2240 2239/2239/2239 
f 2245/2245/2245 2246/2246/2246 2247/2247/2247 
f 2247/2247/2247 2248/2248/2248 2245/2245/2245 
f 2249/2249/2249 2250/2250/2250 2248/2248/2248 
f 2248/2248/2248 2247/2247/2247 2249/2249/2249 
f 2251/2251/2251 2250/2250/2250 2249/2249/2249 
f 2249/2249/2249 2252/2252/2252 2251/2251/2251 
f 2253/2253/2253 2254/2254/2254 2255/2255/2255 
f 2255/2255/2255 2256/2256/2256 2253/2253/2253 
f 2257/2257/2257 2258/2258/2258 2227/2227/2227 
f 2227/2227/2227 2230/2230/2230 2257/2257/2257 
f 2231/2231/2231 2236/2236/2236 2235/2235/2235 
f 2235/2235/2235 2232/2232/2232 2231/2231/2231 
f 2196/2196/2196 2223/2223/2223 2226/2226/2226 
f 2226/2226/2226 2197/2197/2197 2196/2196/2196 
f 2237/2237/2237 2242/2242/2242 2241/2241/2241 
f 2241/2241/2241 2238/2238/2238 2237/2237/2237 
f 2195/2195/2195 2198/2198/2198 2199/2199/2199 
f 2199/2199/2199 2202/2202/2202 2195/2195/2195 
f 2213/2213/2213 2216/2216/2216 2259/2259/2259 
f 2259/2259/2259 2260/2260/2260 2213/2213/2213 
f 2253/2253/2253 2256/2256/2256 2261/2261/2261 
f 2261/2261/2261 2262/2262/2262 2253/2253/2253 
f 2263/2263/2263 2264/2264/2264 2265/2265/2265 
f 2265/2265/2265 2266/2266/2266 2263/2263/2263 
f 2267/2267/2267 2268/2268/2268 2269/2269/2269 
f 2269/2269/2269 2270/2270/2270 2267/2267/2267 
f 2271/2271/2271 2196/2196/2196 2195/2195/2195 
f 2195/2195/2195 2272/2272/2272 2271/2271/2271 
f 2272/2272/2272 2195/2195/2195 2202/2202/2202 
f 2202/2202/2202 2273/2273/2273 2272/2272/2272 
f 2274/2274/2274 2273/2273/2273 2202/2202/2202 
f 2202/2202/2202 2201/2201/2201 2274/2274/2274 
f 2275/2275/2275 2274/2274/2274 2201/2201/2201 
f 2201/2201/2201 2203/2203/2203 2275/2275/2275 
f 2276/2276/2276 2277/2277/2277 2205/2205/2205 
f 2205/2205/2205 2208/2208/2208 2276/2276/2276 
f 2210/2210/2210 2278/2278/2278 2276/2276/2276 
f 2276/2276/2276 2208/2208/2208 2210/2210/2210 
f 2278/2278/2278 2210/2210/2210 2212/2212/2212 
f 2212/2212/2212 2279/2279/2279 2278/2278/2278 
f 2267/2267/2267 2280/2280/2280 2281/2281/2281 
f 2281/2281/2281 2268/2268/2268 2267/2267/2267 
f 2282/2282/2282 2259/2259/2259 2216/2216/2216 
f 2216/2216/2216 2283/2283/2283 2282/2282/2282 
f 2283/2283/2283 2216/2216/2216 2215/2215/2215 
f 2215/2215/2215 2284/2284/2284 2283/2283/2283 
f 2285/2285/2285 2286/2286/2286 2219/2219/2219 
f 2219/2219/2219 2218/2218/2218 2285/2285/2285 
f 2222/2222/2222 2287/2287/2287 2285/2285/2285 
f 2285/2285/2285 2218/2218/2218 2222/2222/2222 
f 2224/2224/2224 2223/2223/2223 2288/2288/2288 
f 2288/2288/2288 2289/2289/2289 2224/2224/2224 
f 2223/2223/2223 2196/2196/2196 2271/2271/2271 
f 2271/2271/2271 2288/2288/2288 2223/2223/2223 
f 2275/2275/2275 2290/2290/2290 2291/2291/2291 
f 2291/2291/2291 2274/2274/2274 2275/2275/2275 
f 2292/2292/2292 2273/2273/2273 2274/2274/2274 
f 2274/2274/2274 2291/2291/2291 2292/2292/2292 
f 2292/2292/2292 2293/2293/2293 2272/2272/2272 
f 2272/2272/2272 2273/2273/2273 2292/2292/2292 
f 2272/2272/2272 2293/2293/2293 2294/2294/2294 
f 2294/2294/2294 2271/2271/2271 2272/2272/2272 
f 2288/2288/2288 2271/2271/2271 2294/2294/2294 
f 2294/2294/2294 2295/2295/2295 2288/2288/2288 
f 2295/2295/2295 2296/2296/2296 2289/2289/2289 
f 2289/2289/2289 2288/2288/2288 2295/2295/2295 
f 2287/2287/2287 2297/2297/2297 2298/2298/2298 
f 2298/2298/2298 2285/2285/2285 2287/2287/2287 
f 2298/2298/2298 2299/2299/2299 2286/2286/2286 
f 2286/2286/2286 2285/2285/2285 2298/2298/2298 
f 2284/2284/2284 2300/2300/2300 2301/2301/2301 
f 2301/2301/2301 2283/2283/2283 2284/2284/2284 
f 2282/2282/2282 2283/2283/2283 2301/2301/2301 
f 2301/2301/2301 2302/2302/2302 2282/2282/2282 
f 2303/2303/2303 2281/2281/2281 2280/2280/2280 
f 2280/2280/2280 2304/2304/2304 2303/2303/2303 
f 2279/2279/2279 2305/2305/2305 2306/2306/2306 
f 2306/2306/2306 2278/2278/2278 2279/2279/2279 
f 2306/2306/2306 2307/2307/2307 2276/2276/2276 
f 2276/2276/2276 2278/2278/2278 2306/2306/2306 
f 2308/2308/2308 2277/2277/2277 2276/2276/2276 
f 2276/2276/2276 2307/2307/2307 2308/2308/2308 
f 2197/2197/2197 2226/2226/2226 2309/2309/2309 
f 2309/2309/2309 2310/2310/2310 2197/2197/2197 
f 2311/2311/2311 2198/2198/2198 2197/2197/2197 
f 2197/2197/2197 2310/2310/2310 2311/2311/2311 
f 2312/2312/2312 2199/2199/2199 2198/2198/2198 
f 2198/2198/2198 2311/2311/2311 2312/2312/2312 
f 2200/2200/2200 2199/2199/2199 2312/2312/2312 
f 2312/2312/2312 2313/2313/2313 2200/2200/2200 
f 2200/2200/2200 2313/2313/2313 2314/2314/2314 
f 2314/2314/2314 2204/2204/2204 2200/2200/2200 
f 2315/2315/2315 2316/2316/2316 2207/2207/2207 
f 2207/2207/2207 2206/2206/2206 2315/2315/2315 
f 2209/2209/2209 2207/2207/2207 2316/2316/2316 
f 2316/2316/2316 2317/2317/2317 2209/2209/2209 
f 2209/2209/2209 2317/2317/2317 2318/2318/2318 
f 2318/2318/2318 2211/2211/2211 2209/2209/2209 
f 2319/2319/2319 2320/2320/2320 2270/2270/2270 
f 2270/2270/2270 2269/2269/2269 2319/2319/2319 
f 2321/2321/2321 2213/2213/2213 2260/2260/2260 
f 2260/2260/2260 2322/2322/2322 2321/2321/2321 
f 2213/2213/2213 2321/2321/2321 2323/2323/2323 
f 2323/2323/2323 2214/2214/2214 2213/2213/2213 
f 2220/2220/2220 2324/2324/2324 2325/2325/2325 
f 2325/2325/2325 2217/2217/2217 2220/2220/2220 
f 2217/2217/2217 2325/2325/2325 2326/2326/2326 
f 2326/2326/2326 2221/2221/2221 2217/2217/2217 
f 2327/2327/2327 2309/2309/2309 2226/2226/2226 
f 2226/2226/2226 2225/2225/2225 2327/2327/2327 
f 2328/2328/2328 2329/2329/2329 2167/2167/2167 
f 2167/2167/2167 2145/2145/2145 2328/2328/2328 
f 2330/2330/2330 2331/2331/2331 2163/2163/2163 
f 2163/2163/2163 2165/2165/2165 2330/2330/2330 
f 2331/2331/2331 2332/2332/2332 2164/2164/2164 
f 2164/2164/2164 2163/2163/2163 2331/2331/2331 
f 2333/2333/2333 2334/2334/2334 2157/2157/2157 
f 2157/2157/2157 2160/2160/2160 2333/2333/2333 
f 2335/2335/2335 2336/2336/2336 2153/2153/2153 
f 2153/2153/2153 2155/2155/2155 2335/2335/2335 
f 2337/2337/2337 2149/2149/2149 2153/2153/2153 
f 2153/2153/2153 2336/2336/2336 2337/2337/2337 
f 2338/2338/2338 2150/2150/2150 2149/2149/2149 
f 2149/2149/2149 2337/2337/2337 2338/2338/2338 
f 2144/2144/2144 2339/2339/2339 2340/2340/2340 
f 2340/2340/2340 2102/2102/2102 2144/2144/2144 
f 2341/2341/2341 2103/2103/2103 2102/2102/2102 
f 2102/2102/2102 2340/2340/2340 2341/2341/2341 
f 2342/2342/2342 2170/2170/2170 2103/2103/2103 
f 2103/2103/2103 2341/2341/2341 2342/2342/2342 
f 2342/2342/2342 2343/2343/2343 2143/2143/2143 
f 2143/2143/2143 2170/2170/2170 2342/2342/2342 
f 2343/2343/2343 2344/2344/2344 2093/2093/2093 
f 2093/2093/2093 2143/2143/2143 2343/2343/2343 
f 2345/2345/2345 2094/2094/2094 2093/2093/2093 
f 2093/2093/2093 2344/2344/2344 2345/2345/2345 
f 2148/2148/2148 2346/2346/2346 2328/2328/2328 
f 2328/2328/2328 2145/2145/2145 2148/2148/2148 
f 2094/2094/2094 2345/2345/2345 2346/2346/2346 
f 2346/2346/2346 2148/2148/2148 2094/2094/2094 
f 2234/2234/2234 2233/2233/2233 2229/2229/2229 
f 2229/2229/2229 2228/2228/2228 2234/2234/2234 
f 2327/2327/2327 2225/2225/2225 2221/2221/2221 
f 2221/2221/2221 2326/2326/2326 2327/2327/2327 
f 2224/2224/2224 2222/2222/2222 2221/2221/2221 
f 2221/2221/2221 2225/2225/2225 2224/2224/2224 
f 2222/2222/2222 2224/2224/2224 2289/2289/2289 
f 2289/2289/2289 2287/2287/2287 2222/2222/2222 
f 2296/2296/2296 2297/2297/2297 2287/2287/2287 
f 2287/2287/2287 2289/2289/2289 2296/2296/2296 
f 2290/2290/2290 2275/2275/2275 2277/2277/2277 
f 2277/2277/2277 2308/2308/2308 2290/2290/2290 
f 2205/2205/2205 2277/2277/2277 2275/2275/2275 
f 2275/2275/2275 2203/2203/2203 2205/2205/2205 
f 2205/2205/2205 2203/2203/2203 2204/2204/2204 
f 2204/2204/2204 2206/2206/2206 2205/2205/2205 
f 2314/2314/2314 2315/2315/2315 2206/2206/2206 
f 2206/2206/2206 2204/2204/2204 2314/2314/2314 
f 2245/2245/2245 2244/2244/2244 2243/2243/2243 
f 2243/2243/2243 2246/2246/2246 2245/2245/2245 
f 2338/2338/2338 2339/2339/2339 2144/2144/2144 
f 2144/2144/2144 2150/2150/2150 2338/2338/2338 
f 2229/2229/2229 2326/2326/2326 2325/2325/2325 
f 2325/2325/2325 2230/2230/2230 2229/2229/2229 
f 2325/2325/2325 2324/2324/2324 2257/2257/2257 
f 2257/2257/2257 2230/2230/2230 2325/2325/2325 
f 2255/2255/2255 2323/2323/2323 2321/2321/2321 
f 2321/2321/2321 2256/2256/2256 2255/2255/2255 
f 2322/2322/2322 2261/2261/2261 2256/2256/2256 
f 2256/2256/2256 2321/2321/2321 2322/2322/2322 
f 2319/2319/2319 2266/2266/2266 2265/2265/2265 
f 2265/2265/2265 2320/2320/2320 2319/2319/2319 
f 2251/2251/2251 2318/2318/2318 2317/2317/2317 
f 2317/2317/2317 2250/2250/2250 2251/2251/2251 
f 2250/2250/2250 2317/2317/2317 2316/2316/2316 
f 2316/2316/2316 2248/2248/2248 2250/2250/2250 
f 2245/2245/2245 2248/2248/2248 2316/2316/2316 
f 2316/2316/2316 2315/2315/2315 2245/2245/2245 
f 2244/2244/2244 2245/2245/2245 2315/2315/2315 
f 2315/2315/2315 2314/2314/2314 2244/2244/2244 
f 2313/2313/2313 2240/2240/2240 2244/2244/2244 
f 2244/2244/2244 2314/2314/2314 2313/2313/2313 
f 2241/2241/2241 2240/2240/2240 2313/2313/2313 
f 2313/2313/2313 2312/2312/2312 2241/2241/2241 
f 2312/2312/2312 2311/2311/2311 2238/2238/2238 
f 2238/2238/2238 2241/2241/2241 2312/2312/2312 
f 2238/2238/2238 2311/2311/2311 2310/2310/2310 
f 2310/2310/2310 2235/2235/2235 2238/2238/2238 
f 2235/2235/2235 2310/2310/2310 2309/2309/2309 
f 2309/2309/2309 2232/2232/2232 2235/2235/2235 
f 2232/2232/2232 2309/2309/2309 2327/2327/2327 
f 2327/2327/2327 2233/2233/2233 2232/2232/2232 
f 2229/2229/2229 2233/2233/2233 2327/2327/2327 
f 2327/2327/2327 2326/2326/2326 2229/2229/2229 
f 2227/2227/2227 2258/2258/2258 2329/2329/2329 
f 2329/2329/2329 2328/2328/2328 2227/2227/2227 
f 2330/2330/2330 2254/2254/2254 2253/2253/2253 
f 2253/2253/2253 2331/2331/2331 2330/2330/2330 
f 2332/2332/2332 2331/2331/2331 2253/2253/2253 
f 2253/2253/2253 2262/2262/2262 2332/2332/2332 
f 2263/2263/2263 2334/2334/2334 2333/2333/2333 
f 2333/2333/2333 2264/2264/2264 2263/2263/2263 
f 2249/2249/2249 2336/2336/2336 2335/2335/2335 
f 2335/2335/2335 2252/2252/2252 2249/2249/2249 
f 2337/2337/2337 2336/2336/2336 2249/2249/2249 
f 2249/2249/2249 2247/2247/2247 2337/2337/2337 
f 2337/2337/2337 2247/2247/2247 2246/2246/2246 
f 2246/2246/2246 2338/2338/2338 2337/2337/2337 
f 2243/2243/2243 2339/2339/2339 2338/2338/2338 
f 2338/2338/2338 2246/2246/2246 2243/2243/2243 
f 2339/2339/2339 2243/2243/2243 2239/2239/2239 
f 2239/2239/2239 2340/2340/2340 2339/2339/2339 
f 2242/2242/2242 2341/2341/2341 2340/2340/2340 
f 2340/2340/2340 2239/2239/2239 2242/2242/2242 
f 2342/2342/2342 2341/2341/2341 2242/2242/2242 
f 2242/2242/2242 2237/2237/2237 2342/2342/2342 
f 2342/2342/2342 2237/2237/2237 2236/2236/2236 
f 2236/2236/2236 2343/2343/2343 2342/2342/2342 
f 2343/2343/2343 2236/2236/2236 2231/2231/2231 
f 2231/2231/2231 2344/2344/2344 2343/2343/2343 
f 2345/2345/2345 2344/2344/2344 2231/2231/2231 
f 2231/2231/2231 2234/2234/2234 2345/2345/2345 
f 2228/2228/2228 2346/2346/2346 2345/2345/2345 
f 2345/2345/2345 2234/2234/2234 2228/2228/2228 
f 2346/2346/2346 2228/2228/2228 2227/2227/2227 
f 2227/2227/2227 2328/2328/2328 2346/2346/2346 
f 2111/2111/2111 2110/2110/2110 2131/2131/2131 
f 2131/2131/2131 2134/2134/2134 2111/2111/2111 
f 2110/2110/2110 2115/2115/2115 2129/2129/2129 
f 2129/2129/2129 2131/2131/2131 2110/2110/2110 
f 2115/2115/2115 2114/2114/2114 2126/2126/2126 
f 2126/2126/2126 2129/2129/2129 2115/2115/2115 
f 2114/2114/2114 2118/2118/2118 2140/2140/2140 
f 2140/2140/2140 2126/2126/2126 2114/2114/2114 
f 2118/2118/2118 2117/2117/2117 2137/2137/2137 
f 2137/2137/2137 2140/2140/2140 2118/2118/2118 
f 2137/2137/2137 2117/2117/2117 2121/2121/2121 
f 2121/2121/2121 2138/2138/2138 2137/2137/2137 
f 2122/2122/2122 2096/2096/2096 2138/2138/2138 
f 2138/2138/2138 2121/2121/2121 2122/2122/2122 
f 2097/2097/2097 2096/2096/2096 2122/2122/2122 
f 2122/2122/2122 2125/2125/2125 2097/2097/2097 
f 2125/2125/2125 2084/2084/2084 2151/2151/2151 
f 2151/2151/2151 2097/2097/2097 2125/2125/2125 
f 2151/2151/2151 2084/2084/2084 2082/2082/2082 
f 2082/2082/2082 2152/2152/2152 2151/2151/2151 
f 2080/2080/2080 2154/2154/2154 2152/2152/2152 
f 2152/2152/2152 2082/2082/2082 2080/2080/2080 
f 2079/2079/2079 2156/2156/2156 2154/2154/2154 
f 2154/2154/2154 2080/2080/2080 2079/2079/2079 
f 2077/2077/2077 2076/2076/2076 2159/2159/2159 
f 2159/2159/2159 2158/2158/2158 2077/2077/2077 
f 2162/2162/2162 2161/2161/2161 2072/2072/2072 
f 2072/2072/2072 2070/2070/2070 2162/2162/2162 
f 2070/2070/2070 2069/2069/2069 2166/2166/2166 
f 2166/2166/2166 2162/2162/2162 2070/2070/2070 
f 2146/2146/2146 2168/2168/2168 2090/2090/2090 
f 2090/2090/2090 2089/2089/2089 2146/2146/2146 
f 2147/2147/2147 2146/2146/2146 2089/2089/2089 
f 2089/2089/2089 2088/2088/2088 2147/2147/2147 
f 2147/2147/2147 2088/2088/2088 2107/2107/2107 
f 2107/2107/2107 2169/2169/2169 2147/2147/2147 
f 2106/2106/2106 2133/2133/2133 2169/2169/2169 
f 2169/2169/2169 2107/2107/2107 2106/2106/2106 
f 2134/2134/2134 2133/2133/2133 2106/2106/2106 
f 2106/2106/2106 2111/2111/2111 2134/2134/2134 
f 2347/2347/2347 2304/2304/2304 2280/2280/2280 
f 2280/2280/2280 2348/2348/2348 2347/2347/2347 
f 2348/2348/2348 2280/2280/2280 2267/2267/2267 
f 2267/2267/2267 2349/2349/2349 2348/2348/2348 
f 2267/2267/2267 2270/2270/2270 2350/2350/2350 
f 2350/2350/2350 2349/2349/2349 2267/2267/2267 
f 2351/2351/2351 2350/2350/2350 2270/2270/2270 
f 2270/2270/2270 2320/2320/2320 2351/2351/2351 
f 2265/2265/2265 2352/2352/2352 2351/2351/2351 
f 2351/2351/2351 2320/2320/2320 2265/2265/2265 
f 2353/2353/2353 2352/2352/2352 2265/2265/2265 
f 2265/2265/2265 2264/2264/2264 2353/2353/2353 
f 2333/2333/2333 2354/2354/2354 2353/2353/2353 
f 2353/2353/2353 2264/2264/2264 2333/2333/2333 
f 2333/2333/2333 2160/2160/2160 2355/2355/2355 
f 2355/2355/2355 2354/2354/2354 2333/2333/2333 
f 2159/2159/2159 2356/2356/2356 2355/2355/2355 
f 2355/2355/2355 2160/2160/2160 2159/2159/2159 
f 2159/2159/2159 2076/2076/2076 2357/2357/2357 
f 2357/2357/2357 2356/2356/2356 2159/2159/2159 
f 2358/2358/2358 2357/2357/2357 2076/2076/2076 
f 2076/2076/2076 2075/2075/2075 2358/2358/2358 
f 2359/2359/2359 2358/2358/2358 2075/2075/2075 
f 2075/2075/2075 2175/2175/2175 2359/2359/2359 
f 2174/2174/2174 2073/2073/2073 2358/2358/2358 
f 2358/2358/2358 2359/2359/2359 2174/2174/2174 
f 2072/2072/2072 2357/2357/2357 2358/2358/2358 
f 2358/2358/2358 2073/2073/2073 2072/2072/2072 
f 2356/2356/2356 2357/2357/2357 2072/2072/2072 
f 2072/2072/2072 2161/2161/2161 2356/2356/2356 
f 2164/2164/2164 2355/2355/2355 2356/2356/2356 
f 2356/2356/2356 2161/2161/2161 2164/2164/2164 
f 2164/2164/2164 2332/2332/2332 2354/2354/2354 
f 2354/2354/2354 2355/2355/2355 2164/2164/2164 
f 2353/2353/2353 2354/2354/2354 2332/2332/2332 
f 2332/2332/2332 2262/2262/2262 2353/2353/2353 
f 2261/2261/2261 2352/2352/2352 2353/2353/2353 
f 2353/2353/2353 2262/2262/2262 2261/2261/2261 
f 2322/2322/2322 2351/2351/2351 2352/2352/2352 
f 2352/2352/2352 2261/2261/2261 2322/2322/2322 
f 2260/2260/2260 2350/2350/2350 2351/2351/2351 
f 2351/2351/2351 2322/2322/2322 2260/2260/2260 
f 2350/2350/2350 2260/2260/2260 2259/2259/2259 
f 2259/2259/2259 2349/2349/2349 2350/2350/2350 
f 2349/2349/2349 2259/2259/2259 2282/2282/2282 
f 2282/2282/2282 2348/2348/2348 2349/2349/2349 
f 2348/2348/2348 2282/2282/2282 2302/2302/2302 
f 2302/2302/2302 2347/2347/2347 2348/2348/2348 
f 2360/2360/2360 2286/2286/2286 2299/2299/2299 
f 2299/2299/2299 2361/2361/2361 2360/2360/2360 
f 2219/2219/2219 2286/2286/2286 2360/2360/2360 
f 2360/2360/2360 2362/2362/2362 2219/2219/2219 
f 2220/2220/2220 2219/2219/2219 2362/2362/2362 
f 2362/2362/2362 2363/2363/2363 2220/2220/2220 
f 2364/2364/2364 2324/2324/2324 2220/2220/2220 
f 2220/2220/2220 2363/2363/2363 2364/2364/2364 
f 2324/2324/2324 2364/2364/2364 2365/2365/2365 
f 2365/2365/2365 2257/2257/2257 2324/2324/2324 
f 2366/2366/2366 2258/2258/2258 2257/2257/2257 
f 2257/2257/2257 2365/2365/2365 2366/2366/2366 
f 2367/2367/2367 2329/2329/2329 2258/2258/2258 
f 2258/2258/2258 2366/2366/2366 2367/2367/2367 
f 2368/2368/2368 2167/2167/2167 2329/2329/2329 
f 2329/2329/2329 2367/2367/2367 2368/2368/2368 
f 2168/2168/2168 2167/2167/2167 2368/2368/2368 
f 2368/2368/2368 2369/2369/2369 2168/2168/2168 
f 2369/2369/2369 2370/2370/2370 2090/2090/2090 
f 2090/2090/2090 2168/2168/2168 2369/2369/2369 
f 2370/2370/2370 2371/2371/2371 2091/2091/2091 
f 2091/2091/2091 2090/2090/2090 2370/2370/2370 
f 2371/2371/2371 2372/2372/2372 2187/2187/2187 
f 2187/2187/2187 2091/2091/2091 2371/2371/2371 
f 2303/2303/2303 2373/2373/2373 2374/2374/2374 
f 2374/2374/2374 2281/2281/2281 2303/2303/2303 
f 2375/2375/2375 2268/2268/2268 2281/2281/2281 
f 2281/2281/2281 2374/2374/2374 2375/2375/2375 
f 2376/2376/2376 2269/2269/2269 2268/2268/2268 
f 2268/2268/2268 2375/2375/2375 2376/2376/2376 
f 2377/2377/2377 2319/2319/2319 2269/2269/2269 
f 2269/2269/2269 2376/2376/2376 2377/2377/2377 
f 2319/2319/2319 2377/2377/2377 2378/2378/2378 
f 2378/2378/2378 2266/2266/2266 2319/2319/2319 
f 2379/2379/2379 2263/2263/2263 2266/2266/2266 
f 2266/2266/2266 2378/2378/2378 2379/2379/2379 
f 2380/2380/2380 2334/2334/2334 2263/2263/2263 
f 2263/2263/2263 2379/2379/2379 2380/2380/2380 
f 2381/2381/2381 2157/2157/2157 2334/2334/2334 
f 2334/2334/2334 2380/2380/2380 2381/2381/2381 
f 2158/2158/2158 2157/2157/2157 2381/2381/2381 
f 2381/2381/2381 2382/2382/2382 2158/2158/2158 
f 2158/2158/2158 2382/2382/2382 2383/2383/2383 
f 2383/2383/2383 2077/2077/2077 2158/2158/2158 
f 2384/2384/2384 2074/2074/2074 2077/2077/2077 
f 2077/2077/2077 2383/2383/2383 2384/2384/2384 
f 2385/2385/2385 2176/2176/2176 2074/2074/2074 
f 2074/2074/2074 2384/2384/2384 2385/2385/2385 
f 2386/2386/2386 2387/2387/2387 2388/2388/2388 
f 2388/2388/2388 2389/2389/2389 2386/2386/2386 
f 2390/2390/2390 2391/2391/2391 2392/2392/2392 
f 2392/2392/2392 2393/2393/2393 2390/2390/2390 
f 2394/2394/2394 2395/2395/2395 2396/2396/2396 
f 2396/2396/2396 2397/2397/2397 2394/2394/2394 
f 2398/2398/2398 2399/2399/2399 2400/2400/2400 
f 2400/2400/2400 2401/2401/2401 2398/2398/2398 
f 2398/2398/2398 2401/2401/2401 2402/2402/2402 
f 2402/2402/2402 2403/2403/2403 2398/2398/2398 
f 2404/2404/2404 2405/2405/2405 2403/2403/2403 
f 2403/2403/2403 2402/2402/2402 2404/2404/2404 
f 2406/2406/2406 2407/2407/2407 2408/2408/2408 
f 2408/2408/2408 2409/2409/2409 2406/2406/2406 
f 2410/2410/2410 2411/2411/2411 2412/2412/2412 
f 2412/2412/2412 2413/2413/2413 2410/2410/2410 
f 2414/2414/2414 2415/2415/2415 2416/2416/2416 
f 2416/2416/2416 2417/2417/2417 2414/2414/2414 
f 2418/2418/2418 2419/2419/2419 2420/2420/2420 
f 2420/2420/2420 2421/2421/2421 2418/2418/2418 
f 2422/2422/2422 2421/2421/2421 2420/2420/2420 
f 2420/2420/2420 2423/2423/2423 2422/2422/2422 
f 2424/2424/2424 2425/2425/2425 2422/2422/2422 
f 2422/2422/2422 2423/2423/2423 2424/2424/2424 
f 2392/2392/2392 2388/2388/2388 2387/2387/2387 
f 2387/2387/2387 2393/2393/2393 2392/2392/2392 
f 2396/2396/2396 2395/2395/2395 2391/2391/2391 
f 2391/2391/2391 2390/2390/2390 2396/2396/2396 
f 2386/2386/2386 2389/2389/2389 2425/2425/2425 
f 2425/2425/2425 2424/2424/2424 2386/2386/2386 
f 2394/2394/2394 2397/2397/2397 2400/2400/2400 
f 2400/2400/2400 2399/2399/2399 2394/2394/2394 
f 2411/2411/2411 2410/2410/2410 2408/2408/2408 
f 2408/2408/2408 2407/2407/2407 2411/2411/2411 
f 2412/2412/2412 2415/2415/2415 2414/2414/2414 
f 2414/2414/2414 2413/2413/2413 2412/2412/2412 
f 2417/2417/2417 2416/2416/2416 2419/2419/2419 
f 2419/2419/2419 2418/2418/2418 2417/2417/2417 
f 2404/2404/2404 2406/2406/2406 2409/2409/2409 
f 2409/2409/2409 2405/2405/2405 2404/2404/2404 
f 2426/2426/2426 2427/2427/2427 2428/2428/2428 
f 2428/2428/2428 2429/2429/2429 2426/2426/2426 
f 2430/2430/2430 2431/2431/2431 2432/2432/2432 
f 2432/2432/2432 2433/2433/2433 2430/2430/2430 
f 2434/2434/2434 2435/2435/2435 2436/2436/2436 
f 2436/2436/2436 2437/2437/2437 2434/2434/2434 
f 2438/2438/2438 2439/2439/2439 2440/2440/2440 
f 2440/2440/2440 2441/2441/2441 2438/2438/2438 
f 2438/2438/2438 2441/2441/2441 2442/2442/2442 
f 2442/2442/2442 2443/2443/2443 2438/2438/2438 
f 2444/2444/2444 2445/2445/2445 2443/2443/2443 
f 2443/2443/2443 2442/2442/2442 2444/2444/2444 
f 2446/2446/2446 2447/2447/2447 2448/2448/2448 
f 2448/2448/2448 2449/2449/2449 2446/2446/2446 
f 2450/2450/2450 2451/2451/2451 2452/2452/2452 
f 2452/2452/2452 2453/2453/2453 2450/2450/2450 
f 2454/2454/2454 2455/2455/2455 2456/2456/2456 
f 2456/2456/2456 2457/2457/2457 2454/2454/2454 
f 2458/2458/2458 2459/2459/2459 2460/2460/2460 
f 2460/2460/2460 2461/2461/2461 2458/2458/2458 
f 2462/2462/2462 2463/2463/2463 2459/2459/2459 
f 2459/2459/2459 2458/2458/2458 2462/2462/2462 
f 2464/2464/2464 2465/2465/2465 2463/2463/2463 
f 2463/2463/2463 2462/2462/2462 2464/2464/2464 
f 2431/2431/2431 2430/2430/2430 2427/2427/2427 
f 2427/2427/2427 2426/2426/2426 2431/2431/2431 
f 2433/2433/2433 2432/2432/2432 2436/2436/2436 
f 2436/2436/2436 2435/2435/2435 2433/2433/2433 
f 2428/2428/2428 2465/2465/2465 2464/2464/2464 
f 2464/2464/2464 2429/2429/2429 2428/2428/2428 
f 2434/2434/2434 2437/2437/2437 2440/2440/2440 
f 2440/2440/2440 2439/2439/2439 2434/2434/2434 
f 2446/2446/2446 2449/2449/2449 2452/2452/2452 
f 2452/2452/2452 2451/2451/2451 2446/2446/2446 
f 2456/2456/2456 2450/2450/2450 2453/2453/2453 
f 2453/2453/2453 2457/2457/2457 2456/2456/2456 
f 2460/2460/2460 2455/2455/2455 2454/2454/2454 
f 2454/2454/2454 2461/2461/2461 2460/2460/2460 
f 2445/2445/2445 2444/2444/2444 2448/2448/2448 
f 2448/2448/2448 2447/2447/2447 2445/2445/2445 
f 2389/2389/2389 2429/2429/2429 2464/2464/2464 
f 2464/2464/2464 2425/2425/2425 2389/2389/2389 
f 2429/2429/2429 2389/2389/2389 2388/2388/2388 
f 2388/2388/2388 2426/2426/2426 2429/2429/2429 
f 2426/2426/2426 2388/2388/2388 2392/2392/2392 
f 2392/2392/2392 2431/2431/2431 2426/2426/2426 
f 2431/2431/2431 2392/2392/2392 2391/2391/2391 
f 2391/2391/2391 2432/2432/2432 2431/2431/2431 
f 2432/2432/2432 2391/2391/2391 2395/2395/2395 
f 2395/2395/2395 2436/2436/2436 2432/2432/2432 
f 2394/2394/2394 2437/2437/2437 2436/2436/2436 
f 2436/2436/2436 2395/2395/2395 2394/2394/2394 
f 2437/2437/2437 2394/2394/2394 2399/2399/2399 
f 2399/2399/2399 2440/2440/2440 2437/2437/2437 
f 2399/2399/2399 2398/2398/2398 2441/2441/2441 
f 2441/2441/2441 2440/2440/2440 2399/2399/2399 
f 2398/2398/2398 2403/2403/2403 2442/2442/2442 
f 2442/2442/2442 2441/2441/2441 2398/2398/2398 
f 2442/2442/2442 2403/2403/2403 2405/2405/2405 
f 2405/2405/2405 2444/2444/2444 2442/2442/2442 
f 2409/2409/2409 2448/2448/2448 2444/2444/2444 
f 2444/2444/2444 2405/2405/2405 2409/2409/2409 
f 2408/2408/2408 2449/2449/2449 2448/2448/2448 
f 2448/2448/2448 2409/2409/2409 2408/2408/2408 
f 2410/2410/2410 2452/2452/2452 2449/2449/2449 
f 2449/2449/2449 2408/2408/2408 2410/2410/2410 
f 2453/2453/2453 2452/2452/2452 2410/2410/2410 
f 2410/2410/2410 2413/2413/2413 2453/2453/2453 
f 2414/2414/2414 2457/2457/2457 2453/2453/2453 
f 2453/2453/2453 2413/2413/2413 2414/2414/2414 
f 2454/2454/2454 2457/2457/2457 2414/2414/2414 
f 2414/2414/2414 2417/2417/2417 2454/2454/2454 
f 2418/2418/2418 2461/2461/2461 2454/2454/2454 
f 2454/2454/2454 2417/2417/2417 2418/2418/2418 
f 2421/2421/2421 2458/2458/2458 2461/2461/2461 
f 2461/2461/2461 2418/2418/2418 2421/2421/2421 
f 2422/2422/2422 2462/2462/2462 2458/2458/2458 
f 2458/2458/2458 2421/2421/2421 2422/2422/2422 
f 2425/2425/2425 2464/2464/2464 2462/2462/2462 
f 2462/2462/2462 2422/2422/2422 2425/2425/2425 
f 2466/2466/2466 2467/2467/2467 2465/2465/2465 
f 2465/2465/2465 2428/2428/2428 2466/2466/2466 
f 2427/2427/2427 2468/2468/2468 2466/2466/2466 
f 2466/2466/2466 2428/2428/2428 2427/2427/2427 
f 2468/2468/2468 2427/2427/2427 2430/2430/2430 
f 2430/2430/2430 2469/2469/2469 2468/2468/2468 
f 2469/2469/2469 2430/2430/2430 2433/2433/2433 
f 2433/2433/2433 2470/2470/2470 2469/2469/2469 
f 2435/2435/2435 2471/2471/2471 2470/2470/2470 
f 2470/2470/2470 2433/2433/2433 2435/2435/2435 
f 2434/2434/2434 2472/2472/2472 2471/2471/2471 
f 2471/2471/2471 2435/2435/2435 2434/2434/2434 
f 2472/2472/2472 2434/2434/2434 2439/2439/2439 
f 2439/2439/2439 2473/2473/2473 2472/2472/2472 
f 2473/2473/2473 2439/2439/2439 2438/2438/2438 
f 2438/2438/2438 2474/2474/2474 2473/2473/2473 
f 2443/2443/2443 2475/2475/2475 2474/2474/2474 
f 2474/2474/2474 2438/2438/2438 2443/2443/2443 
f 2445/2445/2445 2476/2476/2476 2475/2475/2475 
f 2475/2475/2475 2443/2443/2443 2445/2445/2445 
f 2445/2445/2445 2447/2447/2447 2477/2477/2477 
f 2477/2477/2477 2476/2476/2476 2445/2445/2445 
f 2446/2446/2446 2478/2478/2478 2477/2477/2477 
f 2477/2477/2477 2447/2447/2447 2446/2446/2446 
f 2478/2478/2478 2446/2446/2446 2451/2451/2451 
f 2451/2451/2451 2479/2479/2479 2478/2478/2478 
f 2450/2450/2450 2480/2480/2480 2479/2479/2479 
f 2479/2479/2479 2451/2451/2451 2450/2450/2450 
f 2456/2456/2456 2481/2481/2481 2480/2480/2480 
f 2480/2480/2480 2450/2450/2450 2456/2456/2456 
f 2481/2481/2481 2456/2456/2456 2455/2455/2455 
f 2455/2455/2455 2482/2482/2482 2481/2481/2481 
f 2483/2483/2483 2482/2482/2482 2455/2455/2455 
f 2455/2455/2455 2460/2460/2460 2483/2483/2483 
f 2459/2459/2459 2484/2484/2484 2483/2483/2483 
f 2483/2483/2483 2460/2460/2460 2459/2459/2459 
f 2485/2485/2485 2484/2484/2484 2459/2459/2459 
f 2459/2459/2459 2463/2463/2463 2485/2485/2485 
f 2465/2465/2465 2467/2467/2467 2485/2485/2485 
f 2485/2485/2485 2463/2463/2463 2465/2465/2465 
f 2466/2466/2466 2486/2486/2486 2467/2467/2467 
f 2468/2468/2468 2486/2486/2486 2466/2466/2466 
f 2469/2469/2469 2486/2486/2486 2468/2468/2468 
f 2470/2470/2470 2486/2486/2486 2469/2469/2469 
f 2471/2471/2471 2486/2486/2486 2470/2470/2470 
f 2472/2472/2472 2486/2486/2486 2471/2471/2471 
f 2473/2473/2473 2486/2486/2486 2472/2472/2472 
f 2474/2474/2474 2486/2486/2486 2473/2473/2473 
f 2475/2475/2475 2486/2486/2486 2474/2474/2474 
f 2476/2476/2476 2486/2486/2486 2475/2475/2475 
f 2477/2477/2477 2486/2486/2486 2476/2476/2476 
f 2478/2478/2478 2486/2486/2486 2477/2477/2477 
f 2479/2479/2479 2486/2486/2486 2478/2478/2478 
f 2480/2480/2480 2486/2486/2486 2479/2479/2479 
f 2481/2481/2481 2486/2486/2486 2480/2480/2480 
f 2482/2482/2482 2486/2486/2486 2481/2481/2481 
f 2483/2483/2483 2486/2486/2486 2482/2482/2482 
f 2484/2484/2484 2486/2486/2486 2483/2483/2483 
f 2485/2485/2485 2486/2486/2486 2484/2484/2484 
f 2467/2467/2467 2486/2486/2486 2485/2485/2485 
f 2487/2487/2487 2488/2488/2488 2489/2489/2489 
f 2490/2490/2490 2491/2491/2491 2492/2492/2492 
f 2493/2493/2493 2494/2494/2494 2495/2495/2495 
f 2496/2496/2496 2497/2497/2497 2498/2498/2498 
f 2499/2499/2499 2500/2500/2500 2501/2501/2501 
f 2502/2502/2502 2503/2503/2503 2504/2504/2504 
f 2505/2505/2505 2506/2506/2506 2507/2507/2507 
f 2508/2508/2508 2509/2509/2509 2510/2510/2510 
f 2511/2511/2511 2512/2512/2512 2513/2513/2513 
f 2514/2514/2514 2515/2515/2515 2516/2516/2516 
f 2517/2517/2517 2518/2518/2518 2519/2519/2519 
f 2520/2520/2520 2521/2521/2521 2522/2522/2522 
f 2523/2523/2523 2524/2524/2524 2525/2525/2525 
f 2526/2526/2526 2527/2527/2527 2528/2528/2528 
f 2529/2529/2529 2530/2530/2530 2531/2531/2531 
f 2532/2532/2532 2533/2533/2533 2534/2534/2534 
f 2535/2535/2535 2536/2536/2536 2537/2537/2537 
f 2538/2538/2538 2539/2539/2539 2540/2540/2540 
f 2541/2541/2541 2542/2542/2542 2543/2543/2543 
f 2544/2544/2544 2545/2545/2545 2546/2546/2546 
f 2547/2547/2547 2548/2548/2548 2549/2549/2549 
f 2550/2550/2550 2551/2551/2551 2552/2552/2552 
f 2553/2553/2553 2554/2554/2554 2555/2555/2555 
f 2556/2556/2556 2557/2557/2557 2558/2558/2558 

g Npc2

v -6.74356 0.058597 3.3928 
v -6.66093 0.057779 3.44645 
v -6.65643 0.147508 3.44494 
v -6.73815 0.147736 3.3914 
v -6.55878 0.05843 3.47432 
v -6.55552 0.147962 3.47215 
v -6.24512 0.147508 3.44494 
v -6.3444 0.148303 3.4789 
v -6.34518 0.058771 3.48107 
v -6.24466 0.057779 3.44645 
v -6.16256 0.058306 3.39202 
v -6.09229 0.057779 3.32366 
v -6.09457 0.146328 3.32237 
v -6.16393 0.147445 3.39062 
v -6.03652 0.057779 3.1203 
v -6.03946 0.145845 3.11934 
v -6.09229 0.05778 2.90109 
v -6.09457 0.154756 2.90342 
v -6.85848 0.154673 2.90342 
v -6.87001 0.057789 2.90109 
v -6.86907 0.057779 3.1203 
v -6.86208 0.145845 3.11934 
v -6.8133 0.057779 3.32366 
v -6.80698 0.146328 3.32237 
v -6.71696 0.43455 2.75562 
v -6.62444 0.462655 2.69176 
v -6.63838 0.337193 2.62289 
v -6.7245 0.298174 2.68253 
v -6.18357 0.318153 2.66285 
v -6.08584 0.258467 2.73435 
v -6.10393 0.227725 2.54318 
v -6.16835 0.248011 2.49465 
v -6.34695 0.370314 2.57846 
v -6.35364 0.479716 2.66072 
v -6.26749 0.467576 2.69176 
v -6.2537 0.351534 2.6079 
v -6.82441 0.129043 2.56986 
v -6.83502 0.05781 2.5732 
v -6.87064 0.05781 2.74058 
v -6.8521 0.157468 2.73709 
v -6.75831 0.05781 2.41909 
v -6.74861 0.137169 2.42033 
v -6.65422 0.150754 2.3165 
v -6.66093 0.057794 2.32316 
v -6.45057 0.168811 2.24242 
v -6.45279 0.057783 2.25256 
v -6.5541 0.057788 2.27447 
v -6.54969 0.162195 2.26581 
v -6.24466 0.057788 2.29289 
v -6.34513 0.057786 2.26096 
v -6.34524 0.166685 2.25216 
v -6.24693 0.158253 2.28573 
v -6.15391 0.151304 2.38967 
v -6.14865 0.057801 2.38891 
v -6.08137 0.147125 2.52356 
v -6.05434 0.163283 2.73709 
v -6.03446 0.057792 2.74058 
v -6.07038 0.057798 2.52764 
v -6.44858 0.268991 2.26515 
v -6.54233 0.256401 2.28918 
v -6.54736 0.265457 2.42226 
v -6.44779 0.278904 2.39681 
v -6.65235 0.242784 2.47468 
v -6.6412 0.234631 2.3401 
v -6.73416 0.221906 2.53701 
v -6.72967 0.208774 2.44791 
v -6.80205 0.193317 2.58874 
v -6.1688 0.235671 2.41773 
v -6.25596 0.248902 2.30983 
v -6.23989 0.26183 2.44076 
v -6.34894 0.264944 2.27581 
v -6.34025 0.276418 2.40709 
v -6.82164 0.247389 2.73435 
v -6.53283 0.477825 2.6596 
v -6.54009 0.362929 2.58445 
v -6.19615 0.4448 2.75132 
v -6.83413 0.242091 2.90085 
v -6.8417 0.225306 3.12359 
v -6.81667 0.354691 3.12006 
v -6.79895 0.392758 2.84817 
v -6.10881 0.242256 2.90085 
v -6.12857 0.400018 2.84817 
v -6.07467 0.354691 3.12006 
v -6.05619 0.225306 3.12359 
v -6.12376 0.354385 3.31401 
v -6.10881 0.226226 3.32013 
v -6.18507 0.356267 3.37646 
v -6.17478 0.227875 3.3864 
v -6.34721 0.229087 3.47154 
v -6.25257 0.22847 3.43874 
v -6.25822 0.357095 3.42497 
v -6.34849 0.359418 3.4572 
v -6.54296 0.359077 3.45045 
v -6.63622 0.357095 3.42497 
v -6.64533 0.22847 3.43874 
v -6.54906 0.228746 3.46479 
v -6.70834 0.356557 3.37723 
v -6.72365 0.228165 3.38718 
v -6.76758 0.354385 3.31401 
v -6.78908 0.226226 3.32013 
v -6.44597 0.485761 2.63729 
v -6.44688 0.372106 2.57106 
v -6.74356 0.009642 3.3928 
v -6.66093 0.00882399 3.44645 
v -6.55878 0.00947499 3.47432 
v -6.24466 0.00882399 3.44645 
v -6.34518 0.00981599 3.48107 
v -6.16256 0.00935102 3.39202 
v -6.09229 0.00882399 3.32366 
v -6.03652 0.00882399 3.1203 
v -6.14865 0.00884598 2.38891 
v -6.24466 0.00883299 2.29289 
v -6.34513 0.00883102 2.26096 
v -6.45279 0.00882798 2.25256 
v -6.5541 0.00883299 2.27447 
v -6.66093 0.00883901 2.32316 
v -6.75831 0.00885499 2.41909 
v -6.86907 0.00882399 3.1203 
v -6.8133 0.00882399 3.32366 
v -6.09229 0.008825 2.90109 
v -6.03446 0.008838 2.74058 
v -6.87001 0.008834 2.90109 
v -6.87064 0.00885499 2.74058 
v -6.83502 0.00885499 2.5732 
v -6.07038 0.008843 2.52764 
v -6.43439 1.59893 2.57209 
v -6.45044 1.34525 2.6088 
v -6.52804 1.34527 2.6211 
v -6.52065 1.59809 2.58631 
v -6.35083 1.34402 2.62392 
v -6.33697 1.59787 2.59152 
v -6.25951 1.59653 2.62387 
v -6.27593 1.34313 2.65462 
v -6.19332 1.59054 2.69129 
v -6.21483 1.33699 2.71379 
v -6.1321 1.58316 2.79782 
v -6.08647 1.56937 2.96449 
v -6.11937 1.31713 2.96356 
v -6.15987 1.32943 2.81016 
v -6.16308 1.30538 3.14599 
v -6.13373 1.55328 3.15496 
v -6.19147 1.54838 3.22399 
v -6.2151 1.30161 3.21032 
v -6.61084 1.54243 3.27909 
v -6.69041 1.54867 3.22477 
v -6.68469 1.30339 3.21308 
v -6.60774 1.29828 3.26269 
v -6.79236 1.31862 2.96556 
v -6.74876 1.30687 3.14799 
v -6.75709 1.55328 3.15496 
v -6.80429 1.56937 2.96449 
v -6.75172 1.33092 2.81215 
v -6.75859 1.58316 2.79782 
v -6.68617 1.33771 2.72003 
v -6.69053 1.58979 2.69657 
v -6.61218 1.59653 2.62387 
v -6.61038 1.34462 2.65662 
v -6.73518 1.03792 2.82796 
v -6.77021 0.769927 2.84813 
v -6.80404 0.767134 3.06471 
v -6.78186 1.06019 3.00524 
v -6.62476 0.789432 2.70729 
v -6.70272 0.779599 2.7633 
v -6.68106 1.02983 2.74862 
v -6.61688 1.02162 2.69819 
v -6.53234 1.01855 2.6603 
v -6.45269 1.01503 2.64577 
v -6.44994 0.795178 2.65402 
v -6.53488 0.792869 2.67178 
v -6.35563 0.793906 2.67532 
v -6.36133 1.01898 2.66556 
v -6.2887 1.02162 2.69819 
v -6.27525 0.791476 2.70729 
v -6.22658 1.02892 2.74582 
v -6.20755 0.783172 2.75988 
v -6.17037 1.03792 2.82796 
v -6.12375 1.06019 3.00524 
v -6.09593 0.767134 3.06471 
v -6.14489 0.772943 2.84813 
v -6.14346 0.777864 3.23451 
v -6.16799 1.07876 3.16549 
v -6.20112 0.78266 3.28978 
v -6.22028 1.08593 3.21528 
v -6.68589 1.08631 3.219 
v -6.69939 0.782999 3.29228 
v -6.62896 0.786403 3.33668 
v -6.62056 1.09206 3.26066 
v -6.73833 1.07892 3.16186 
v -6.75694 0.77796 3.23239 
v -6.52578 1.54198 3.31134 
v -6.53108 1.29815 3.29357 
v -6.54129 0.788689 3.36433 
v -6.53845 1.09466 3.28988 
v -6.3649 1.095 3.29187 
v -6.35665 0.78903 3.36829 
v -6.27061 0.786403 3.33111 
v -6.28439 1.09206 3.25113 
v -6.36122 1.29774 3.29933 
v -6.27895 1.29679 3.2607 
v -6.26104 1.54243 3.27909 
v -6.34541 1.54232 3.31809 
v -6.51364 1.84675 2.57568 
v -6.42277 1.84844 2.56055 
v -6.32167 1.84641 2.58083 
v -6.24129 1.84429 2.61282 
v -6.17269 1.83845 2.68307 
v -6.1085 1.83125 2.79309 
v -6.0599 1.816 2.96177 
v -6.10844 1.7959 3.15789 
v -6.16891 1.78991 3.22747 
v -6.24122 1.78285 3.28311 
v -6.33076 1.78242 3.32191 
v -6.52061 1.78208 3.31516 
v -6.60999 1.78285 3.28311 
v -6.68881 1.79019 3.22824 
v -6.75474 1.7959 3.15789 
v -6.8034 1.816 2.96177 
v -6.7548 1.83125 2.79309 
v -6.68756 1.83772 2.68871 
v -6.61005 1.84429 2.61282 
v -6.23337 2.08065 2.61783 
v -6.16124 2.07822 2.68599 
v -6.31286 2.08153 2.58668 
v -6.41284 2.08203 2.56548 
v -6.50107 2.08167 2.58166 
v -6.59468 2.08065 2.61783 
v -6.668 2.07791 2.69136 
v -6.77918 2.06887 2.95516 
v -6.73112 2.07522 2.79343 
v -6.73112 2.0604 3.13879 
v -6.59468 2.05497 3.25786 
v -6.66935 2.0585 3.20607 
v -6.50773 2.05528 3.28851 
v -6.23337 2.05497 3.25786 
v -6.32161 2.05562 3.29526 
v -6.0927 2.0604 3.13879 
v -6.15712 2.05821 3.2053 
v -6.04464 2.06887 2.95516 
v -6.0927 2.07522 2.79343 
v -6.61375 1.17698 2.67369 
v -6.53027 1.17457 2.62569 
v -6.4516 1.17274 2.61223 
v -6.35628 1.1742 2.62977 
v -6.28256 1.17626 2.67273 
v -6.22093 1.1771 2.73041 
v -6.12164 1.18377 2.98519 
v -6.16532 1.17813 2.8194 
v -6.16563 1.18776 3.15612 
v -6.21779 1.18967 3.21289 
v -6.36313 1.19252 3.29546 
v -6.28178 1.19053 3.25573 
v -6.61439 1.19125 3.26164 
v -6.53491 1.19254 3.29166 
v -6.68531 1.19072 3.21616 
v -6.78691 1.18449 2.98615 
v -6.74334 1.18856 3.15519 
v -6.74314 1.17885 2.82035 
v -6.68352 1.17792 2.73487 
v -6.76692 0.535403 3.28572 
v -6.81615 0.530952 3.0992 
v -6.63275 0.540065 3.39443 
v -6.70628 0.538551 3.34782 
v -6.54204 0.542092 3.42081 
v -6.26232 0.540065 3.39205 
v -6.35136 0.542433 3.42637 
v -6.12851 0.535362 3.28662 
v -6.1895 0.53824 3.34631 
v -6.07909 0.530952 3.0992 
v -6.12914 0.55939 2.85095 
v -6.26715 0.605997 2.70119 
v -6.19602 0.585115 2.75777 
v -6.35254 0.612512 2.66975 
v -6.44765 0.617992 2.64723 
v -6.53546 0.610986 2.6676 
v -6.6282 0.602305 2.70119 
v -6.71615 0.577926 2.76169 
v -6.79347 0.553944 2.85095 
v -6.41693 2.05429 3.30184 
v -6.42738 1.78001 3.32991 
v -6.43688 1.54023 3.32627 
v -6.45058 1.29671 3.30714 
v -6.45158 1.19253 3.30436 
v -6.4525 1.09597 3.30178 
v -6.44978 0.789673 3.37466 
v -6.44749 0.542818 3.42988 
v -6.44586 0.359757 3.45862 
v -6.44895 0.22772 3.47353 
v -6.45077 0.147114 3.48204 
v -6.45279 0.057779 3.48487 
v -6.45279 0.00882399 3.48487 
v -6.68881 1.79019 3.22824 
v -6.66935 2.0585 3.20607 
v -6.69041 1.54867 3.22477 
v -6.68469 1.30339 3.21308 
v -6.68531 1.19072 3.21616 
v -6.68589 1.08631 3.219 
v -6.69939 0.782999 3.29228 
v -6.70628 0.538551 3.34782 
v -6.70834 0.356557 3.37723 
v -6.72365 0.228165 3.38718 
v -6.73815 0.147736 3.3914 
v -6.74356 0.058597 3.3928 
v -6.74356 0.009642 3.3928 
v -6.16891 1.78991 3.22747 
v -6.15712 2.05821 3.2053 
v -6.19147 1.54838 3.22399 
v -6.2151 1.30161 3.21032 
v -6.21779 1.18967 3.21289 
v -6.22028 1.08593 3.21528 
v -6.20112 0.78266 3.28978 
v -6.1895 0.53824 3.34631 
v -6.18507 0.356267 3.37646 
v -6.17478 0.227875 3.3864 
v -6.16393 0.147445 3.39062 
v -6.16256 0.058306 3.39202 
v -6.16256 0.00935102 3.39202 
v -6.57548 2.14493 2.65193 
v -6.59468 2.08065 2.61783 
v -6.668 2.07791 2.69136 
v -6.64081 2.14271 2.718 
v -6.41284 2.08203 2.56548 
v -6.50107 2.08167 2.58166 
v -6.4917 2.14584 2.61956 
v -6.41274 2.1462 2.60514 
v -6.31286 2.08153 2.58668 
v -6.32327 2.14572 2.62405 
v -6.25213 2.14493 2.65193 
v -6.23337 2.08065 2.61783 
v -6.16124 2.07822 2.68599 
v -6.18779 2.14293 2.71314 
v -6.12649 2.14024 2.80919 
v -6.0927 2.07522 2.79343 
v -6.0846 2.13519 2.95374 
v -6.04464 2.06887 2.95516 
v -6.0927 2.0604 3.13879 
v -6.12913 2.12882 3.1163 
v -6.25433 2.12475 3.22072 
v -6.23337 2.05497 3.25786 
v -6.15712 2.05821 3.2053 
v -6.18633 2.12699 3.17508 
v -6.41635 2.12395 3.25985 
v -6.41693 2.05429 3.30184 
v -6.32161 2.05562 3.29526 
v -6.33197 2.12471 3.25469 
v -6.59468 2.05497 3.25786 
v -6.50773 2.05528 3.28851 
v -6.49666 2.1246 3.24842 
v -6.57322 2.12475 3.22072 
v -6.63997 2.12713 3.1759 
v -6.69469 2.12882 3.1163 
v -6.73112 2.0604 3.13879 
v -6.66935 2.0585 3.20607 
v -6.73922 2.13519 2.95374 
v -6.77918 2.06887 2.95516 
v -6.73112 2.07522 2.79343 
v -6.69734 2.14024 2.80919 
v -6.53564 2.20619 2.72157 
v -6.58472 2.20477 2.77186 
v -6.53309 2.23997 2.82057 
v -6.49867 2.24096 2.7853 
v -6.41235 2.24165 2.76054 
v -6.41254 2.20719 2.68626 
v -6.47227 2.20688 2.69709 
v -6.45424 2.24144 2.76813 
v -6.34486 2.20679 2.70048 
v -6.36489 2.24137 2.77051 
v -6.32716 2.24096 2.7853 
v -6.29105 2.20619 2.72157 
v -6.24264 2.20488 2.76812 
v -6.29322 2.24004 2.81795 
v -6.26073 2.23861 2.86881 
v -6.19631 2.20283 2.84065 
v -6.23948 2.23647 2.94532 
v -6.16594 2.19976 2.94977 
v -6.2014 2.19635 3.07065 
v -6.26439 2.23413 3.03002 
v -6.24413 2.19512 3.11425 
v -6.29434 2.23327 3.06056 
v -6.33022 2.23264 3.08357 
v -6.29529 2.19419 3.14713 
v -6.35246 2.19345 3.17342 
v -6.37025 2.2321 3.10203 
v -6.41422 2.23206 3.10415 
v -6.4152 2.19336 3.17648 
v -6.53129 2.19419 3.14713 
v -6.47484 2.19359 3.16841 
v -6.456 2.23221 3.09851 
v -6.49554 2.23264 3.08357 
v -6.53088 2.23325 3.06111 
v -6.55943 2.23413 3.03002 
v -6.62243 2.19635 3.07065 
v -6.58169 2.1951 3.11502 
v -6.65788 2.19976 2.94977 
v -6.58435 2.23647 2.94532 
v -6.56309 2.23861 2.86881 
v -6.62751 2.20283 2.84065 
v -6.50381 2.25997 2.89422 
v -6.48539 2.26086 2.86507 
v -6.46442 2.2615 2.84386 
v -6.4375 2.26182 2.83356 
v -6.41218 2.26196 2.82901 
v -6.38348 2.26177 2.83499 
v -6.36062 2.2615 2.84386 
v -6.33995 2.26091 2.86349 
v -6.32001 2.25997 2.89422 
v -6.30662 2.25855 2.94076 
v -6.32134 2.25697 2.9928 
v -6.33961 2.25639 3.01168 
v -6.36158 2.25596 3.02599 
v -6.38624 2.25561 3.03741 
v -6.41333 2.25557 3.03877 
v -6.43909 2.25568 3.03524 
v -6.46343 2.25596 3.02599 
v -6.48507 2.25638 3.01202 
v -6.50248 2.25697 2.9928 
v -6.5172 2.25855 2.94076 
v -6.41191 2.28 2.93368 
v -6.66093 0.00882399 3.44645 
v -6.74356 0.009642 3.3928 
v -6.45256 0.009314 2.86873 
v -6.55878 0.00947499 3.47432 
v -6.66093 0.00882399 3.44645 
v -6.45256 0.009314 2.86873 
v -6.24466 0.00882399 3.44645 
v -6.34518 0.00981599 3.48107 
v -6.45256 0.009314 2.86873 
v -6.09229 0.00882399 3.32366 
v -6.16256 0.00935102 3.39202 
v -6.45256 0.009314 2.86873 
v -6.03652 0.00882399 3.1203 
v -6.09229 0.00882399 3.32366 
v -6.45256 0.009314 2.86873 
v -6.24466 0.00883299 2.29289 
v -6.14865 0.00884598 2.38891 
v -6.45256 0.009314 2.86873 
v -6.34513 0.00883102 2.26096 
v -6.24466 0.00883299 2.29289 
v -6.45256 0.009314 2.86873 
v -6.5541 0.00883299 2.27447 
v -6.45279 0.00882798 2.25256 
v -6.45256 0.009314 2.86873 
v -6.75831 0.00885499 2.41909 
v -6.66093 0.00883901 2.32316 
v -6.45256 0.009314 2.86873 
v -6.8133 0.00882399 3.32366 
v -6.86907 0.00882399 3.1203 
v -6.45256 0.009314 2.86873 
v -6.03446 0.008838 2.74058 
v -6.09229 0.008825 2.90109 
v -6.45256 0.009314 2.86873 
v -6.87001 0.008834 2.90109 
v -6.87064 0.00885499 2.74058 
v -6.45256 0.009314 2.86873 
v -6.87064 0.00885499 2.74058 
v -6.83502 0.00885499 2.5732 
v -6.45256 0.009314 2.86873 
v -6.07038 0.008843 2.52764 
v -6.03446 0.008838 2.74058 
v -6.45256 0.009314 2.86873 
v -6.09229 0.008825 2.90109 
v -6.03652 0.00882399 3.1203 
v -6.45256 0.009314 2.86873 
v -6.86907 0.00882399 3.1203 
v -6.87001 0.008834 2.90109 
v -6.45256 0.009314 2.86873 
v -6.66093 0.00883901 2.32316 
v -6.5541 0.00883299 2.27447 
v -6.45256 0.009314 2.86873 
v -6.45279 0.00882798 2.25256 
v -6.34513 0.00883102 2.26096 
v -6.45256 0.009314 2.86873 
v -6.83502 0.00885499 2.5732 
v -6.75831 0.00885499 2.41909 
v -6.45256 0.009314 2.86873 
v -6.14865 0.00884598 2.38891 
v -6.07038 0.008843 2.52764 
v -6.45256 0.009314 2.86873 
v -6.34518 0.00981599 3.48107 
v -6.45279 0.00882399 3.48487 
v -6.45256 0.009314 2.86873 
v -6.45279 0.00882399 3.48487 
v -6.55878 0.00947499 3.47432 
v -6.45256 0.009314 2.86873 
v -6.74356 0.009642 3.3928 
v -6.8133 0.00882399 3.32366 
v -6.45256 0.009314 2.86873 
v -6.16256 0.00935102 3.39202 
v -6.24466 0.00882399 3.44645 
v -6.45256 0.009314 2.86873 

vn -0.629921 0.023622 0.779528 
vn -0.409449 0.015748 0.913386 
vn -0.409449 0.0787402 0.905512 
vn -0.629921 0.102362 0.771654 
vn -0.181102 0.015748 0.984252 
vn -0.181102 0.0708661 0.984252 
vn 0.440945 0.0629921 0.897638 
vn 0.181102 0.0629921 0.984252 
vn 0.181102 0.00787402 0.984252 
vn 0.440945 0.00787402 0.897638 
vn 0.629921 0.00787402 0.779528 
vn 0.858268 0.015748 0.503937 
vn 0.858268 0.0944882 0.503937 
vn 0.629921 0.0787402 0.771654 
vn 1 0.015748 0.00787402 
vn 0.992126 0.110236 0.015748 
vn 1 0.0314961 0.0314961 
vn 0.992126 0.141732 0.00787402 
vn -0.976378 0.204724 -0.015748 
vn -1 0.0629921 0 
vn -0.992126 0.0472441 0.133858 
vn -0.976378 0.165354 0.125984 
vn -0.866142 0.0314961 0.503937 
vn -0.858268 0.133858 0.496063 
vn -0.677165 0.244094 -0.692913 
vn -0.496063 0.259843 -0.826772 
vn -0.503937 0.629921 -0.590551 
vn -0.622047 0.598425 -0.503937 
vn 0.637795 0.653543 -0.401575 
vn 0.897638 0.433071 -0.0944882 
vn 0.740157 0.622047 -0.251969 
vn 0.448819 0.866142 -0.212598 
vn 0.220472 0.740157 -0.637795 
vn 0.283465 0.330709 -0.897638 
vn 0.527559 0.307087 -0.795276 
vn 0.472441 0.700787 -0.543307 
vn -0.913386 0.251969 -0.322835 
vn -0.944882 0.0708661 -0.330709 
vn -0.992126 0.0787402 -0.102362 
vn -0.96063 0.23622 -0.125984 
vn -0.811024 0.0393701 -0.582677 
vn -0.811024 0.228346 -0.535433 
vn -0.606299 0.15748 -0.779528 
vn -0.574803 0 -0.818898 
vn -0.0708661 0.0787402 -0.992126 
vn -0.0708661 -0.0393701 -1 
vn -0.314961 -0.0314961 -0.944882 
vn -0.346457 0.0944882 -0.929134 
vn 0.527559 -0.015748 -0.850394 
vn 0.19685 -0.0393701 -0.976378 
vn 0.212598 0.0787402 -0.976378 
vn 0.559055 0.125984 -0.818898 
vn 0.811024 0.173228 -0.559055 
vn 0.80315 0.015748 -0.598425 
vn 0.929134 0.212598 -0.307087 
vn 0.976378 0.204724 0.0472441 
vn 0.992126 0.0629921 0.0787402 
vn 0.944882 0.0551181 -0.330709 
vn -0.0787402 0.76378 -0.645669 
vn -0.338583 0.740157 -0.582677 
vn -0.251969 0.92126 -0.283465 
vn -0.0629921 0.952756 -0.283465 
vn -0.401575 0.874016 -0.267717 
vn -0.519685 0.716535 -0.464567 
vn -0.496063 0.826772 -0.251969 
vn -0.653543 0.677165 -0.330709 
vn -0.732283 0.614173 -0.291339 
vn 0.637795 0.677165 -0.370079 
vn 0.464567 0.716535 -0.511811 
vn 0.330709 0.905512 -0.259843 
vn 0.212598 0.748031 -0.629921 
vn 0.149606 0.944882 -0.283465 
vn -0.866142 0.425197 -0.267717 
vn -0.307087 0.291339 -0.905512 
vn -0.307087 0.685039 -0.653543 
vn 0.748031 0.267717 -0.614173 
vn -0.968504 0.244094 -0.0393701 
vn -0.968504 0.220472 0.11811 
vn -0.992126 0.110236 0.102362 
vn -0.937008 0.19685 -0.299213 
vn 0.984252 0.173228 -0.015748 
vn 0.952756 0.165354 -0.267717 
vn 1 0.0708661 0.023622 
vn 0.992126 0.149606 0.023622 
vn 0.866142 0.110236 0.488189 
vn 0.858268 0.149606 0.496063 
vn 0.629921 0.125984 0.76378 
vn 0.629921 0.11811 0.76378 
vn 0.173228 0.102362 0.976378 
vn 0.440945 0.110236 0.889764 
vn 0.448819 0.133858 0.88189 
vn 0.181102 0.141732 0.976378 
vn -0.181102 0.133858 0.976378 
vn -0.409449 0.141732 0.897638 
vn -0.409449 0.125984 0.905512 
vn -0.173228 0.110236 0.976378 
vn -0.637795 0.133858 0.76378 
vn -0.629921 0.149606 0.76378 
vn -0.866142 0.125984 0.480315 
vn -0.858268 0.188976 0.480315 
vn -0.015748 0.314961 -0.944882 
vn -0.0551181 0.732283 -0.677165 
vn -0.629921 0 0.779528 
vn -0.409449 0 0.913386 
vn -0.181102 0 0.984252 
vn 0.440945 0 0.897638 
vn 0.181102 0 0.984252 
vn 0.629921 0 0.779528 
vn 0.858268 0 0.511811 
vn 1 0 0.00787402 
vn 0.795276 0 -0.606299 
vn 0.519685 0 -0.850394 
vn 0.188976 0 -0.984252 
vn -0.0708661 0 -1 
vn -0.314961 0 -0.952756 
vn -0.566929 0 -0.826772 
vn -0.811024 0 -0.590551 
vn -0.992126 0 0.133858 
vn -0.866142 0 0.503937 
vn 1 0 0.0472441 
vn 0.992126 0 0.0866142 
vn -1 0 0.00787402 
vn -0.992126 0 -0.102362 
vn -0.944882 0 -0.330709 
vn 0.944882 0 -0.330709 
vn 0.00787402 -0.0944882 -0.992126 
vn 0 -0.0787402 -1 
vn -0.291339 -0.0787402 -0.952756 
vn -0.267717 -0.0787402 -0.96063 
vn 0.291339 -0.0944882 -0.952756 
vn 0.283465 -0.102362 -0.952756 
vn 0.551181 -0.102362 -0.826772 
vn 0.559055 -0.110236 -0.818898 
vn 0.787402 -0.102362 -0.606299 
vn 0.779528 -0.110236 -0.614173 
vn 0.913386 -0.110236 -0.393701 
vn 0.992126 -0.11811 -0.023622 
vn 1 -0.0708661 -0.015748 
vn 0.913386 -0.0944882 -0.385827 
vn 0.889764 -0.0551181 0.448819 
vn 0.889764 -0.110236 0.440945 
vn 0.692913 -0.0944882 0.708661 
vn 0.692913 -0.0551181 0.724409 
vn -0.464567 -0.0393701 0.889764 
vn -0.645669 -0.0314961 0.76378 
vn -0.637795 -0.015748 0.771654 
vn -0.456693 -0.023622 0.889764 
vn -1 -0.0472441 -0.015748 
vn -0.874016 -0.023622 0.480315 
vn -0.874016 -0.023622 0.480315 
vn -1 -0.015748 -0.015748 
vn -0.905512 -0.0629921 -0.425197 
vn -0.905512 -0.023622 -0.417323 
vn -0.740157 -0.0787402 -0.669291 
vn -0.755906 -0.0472441 -0.653543 
vn -0.535433 -0.0708661 -0.84252 
vn -0.535433 -0.0866142 -0.834646 
vn -0.913386 -0.00787402 -0.409449 
vn -0.913386 0.0629921 -0.401575 
vn -0.992126 0.0866142 0.0472441 
vn -1 0.0314961 0.015748 
vn -0.488189 0.00787402 -0.874016 
vn -0.692913 0.0393701 -0.716535 
vn -0.724409 -0.0314961 -0.685039 
vn -0.527559 -0.0708661 -0.850394 
vn -0.307087 -0.110236 -0.944882 
vn 0.00787402 -0.125984 -0.992126 
vn 0.00787402 0 -1 
vn -0.291339 -0.00787402 -0.96063 
vn 0.299213 0.00787402 -0.952756 
vn 0.314961 -0.11811 -0.937008 
vn 0.535433 -0.0866142 -0.84252 
vn 0.503937 0.015748 -0.866142 
vn 0.740157 -0.0393701 -0.669291 
vn 0.724409 0.0314961 -0.685039 
vn 0.913386 -0.00787402 -0.409449 
vn 1 0.0393701 0.00787402 
vn 0.992126 0.0944882 0.015748 
vn 0.913386 0.0472441 -0.401575 
vn 0.850394 0.173228 0.496063 
vn 0.866142 0.102362 0.496063 
vn 0.598425 0.220472 0.771654 
vn 0.614173 0.11811 0.779528 
vn -0.637795 0.11811 0.755906 
vn -0.629921 0.19685 0.748031 
vn -0.417323 0.220472 0.88189 
vn -0.440945 0.11811 0.889764 
vn -0.874016 0.0787402 0.480315 
vn -0.866142 0.149606 0.480315 
vn -0.259843 -0.0393701 0.968504 
vn -0.267717 -0.0393701 0.96063 
vn -0.204724 0.228346 0.952756 
vn -0.23622 0.110236 0.968504 
vn 0.267717 0.102362 0.96063 
vn 0.23622 0.23622 0.944882 
vn 0.448819 0.228346 0.858268 
vn 0.472441 0.102362 0.874016 
vn 0.259843 -0.0629921 0.96063 
vn 0.519685 -0.0708661 0.850394 
vn 0.519685 -0.0787402 0.850394 
vn 0.251969 -0.0629921 0.968504 
vn -0.267717 0 -0.96063 
vn 0.015748 -0.00787402 -1 
vn 0.283465 -0.023622 -0.96063 
vn 0.551181 -0.0393701 -0.834646 
vn 0.787402 -0.0551181 -0.614173 
vn 0.913386 -0.0787402 -0.401575 
vn 1 -0.0787402 -0.023622 
vn 0.88189 -0.0551181 0.464567 
vn 0.677165 -0.023622 0.732283 
vn 0.503937 0 0.866142 
vn 0.244094 0.023622 0.968504 
vn -0.251969 0.0472441 0.968504 
vn -0.456693 0.0472441 0.889764 
vn -0.653543 0.0551181 0.755906 
vn -0.874016 0.0551181 0.480315 
vn -1 0.0551181 -0.015748 
vn -0.913386 0.0393701 -0.409449 
vn -0.771654 0.0314961 -0.629921 
vn -0.543307 0.015748 -0.84252 
vn 0.527559 0.267717 -0.811024 
vn 0.755906 0.244094 -0.606299 
vn 0.275591 0.275591 -0.92126 
vn 0.015748 0.283465 -0.96063 
vn -0.259843 0.291339 -0.92126 
vn -0.527559 0.299213 -0.795276 
vn -0.755906 0.291339 -0.590551 
vn -0.944882 0.314961 0 
vn -0.874016 0.299213 -0.385827 
vn -0.826772 0.330709 0.464567 
vn -0.425197 0.322835 0.84252 
vn -0.614173 0.322835 0.724409 
vn -0.228346 0.314961 0.92126 
vn 0.464567 0.299213 0.834646 
vn 0.220472 0.314961 0.92126 
vn 0.84252 0.267717 0.472441 
vn 0.622047 0.283465 0.732283 
vn 0.968504 0.244094 -0.00787402 
vn 0.889764 0.228346 -0.393701 
vn -0.551181 -0.0944882 -0.826772 
vn -0.314961 -0.110236 -0.944882 
vn 0.00787402 -0.11811 -0.992126 
vn 0.322835 -0.133858 -0.937008 
vn 0.559055 -0.125984 -0.818898 
vn 0.76378 -0.0944882 -0.637795 
vn 1 -0.023622 0 
vn 0.913386 -0.0629921 -0.393701 
vn 0.88189 0.015748 0.480315 
vn 0.653543 0 0.755906 
vn 0.275591 -0.0393701 0.96063 
vn 0.496063 -0.0314961 0.866142 
vn -0.448819 0.015748 0.889764 
vn -0.251969 -0.00787402 0.968504 
vn -0.637795 0.023622 0.771654 
vn -1 -0.0472441 0 
vn -0.874016 0 0.488189 
vn -0.905512 -0.0708661 -0.417323 
vn -0.740157 -0.0787402 -0.669291 
vn -0.866142 0.110236 0.480315 
vn -0.992126 0.0551181 0.0787402 
vn -0.409449 0.181102 0.889764 
vn -0.629921 0.15748 0.76378 
vn -0.188976 0.188976 0.96063 
vn 0.448819 0.19685 0.874016 
vn 0.204724 0.19685 0.96063 
vn 0.858268 0.125984 0.496063 
vn 0.614173 0.173228 0.771654 
vn 1 0.0551181 0.023622 
vn 0.92126 0.0314961 -0.393701 
vn 0.496063 0.0472441 -0.866142 
vn 0.732283 0.0393701 -0.677165 
vn 0.291339 0.0551181 -0.952756 
vn 0 0.0472441 -1 
vn -0.291339 0.0393701 -0.952756 
vn -0.464567 0.0393701 -0.88189 
vn -0.677165 0.0472441 -0.732283 
vn -0.92126 0.0472441 -0.385827 
vn -0.0393701 0.314961 0.944882 
vn -0.0393701 0.0393701 1 
vn -0.0393701 -0.0472441 1 
vn -0.0393701 -0.0472441 1 
vn -0.023622 -0.023622 1 
vn -0.015748 0.102362 0.992126 
vn -0.023622 0.228346 0.976378 
vn -0.0314961 0.188976 0.984252 
vn -0.0314961 0.133858 0.992126 
vn -0.0314961 0.102362 0.992126 
vn -0.0314961 0.0629921 1 
vn -0.0314961 0.015748 1 
vn -0.0314961 0 1 
vn -0.653543 0.0551181 0.755906 
vn -0.614173 0.322835 0.724409 
vn -0.645669 -0.0314961 0.76378 
vn -0.637795 -0.015748 0.771654 
vn -0.637795 0.023622 0.771654 
vn -0.637795 0.11811 0.755906 
vn -0.629921 0.19685 0.748031 
vn -0.629921 0.15748 0.76378 
vn -0.637795 0.133858 0.76378 
vn -0.629921 0.149606 0.76378 
vn -0.629921 0.102362 0.771654 
vn -0.629921 0.023622 0.779528 
vn -0.629921 0 0.779528 
vn 0.677165 -0.023622 0.732283 
vn 0.622047 0.283465 0.732283 
vn 0.692913 -0.0944882 0.708661 
vn 0.692913 -0.0551181 0.724409 
vn 0.653543 0 0.755906 
vn 0.614173 0.11811 0.779528 
vn 0.598425 0.220472 0.771654 
vn 0.614173 0.173228 0.771654 
vn 0.629921 0.125984 0.76378 
vn 0.629921 0.11811 0.76378 
vn 0.629921 0.0787402 0.771654 
vn 0.629921 0.00787402 0.779528 
vn 0.629921 0 0.779528 
vn -0.417323 0.669291 -0.614173 
vn -0.527559 0.299213 -0.795276 
vn -0.755906 0.291339 -0.590551 
vn -0.606299 0.653543 -0.456693 
vn 0.015748 0.283465 -0.96063 
vn -0.259843 0.291339 -0.92126 
vn -0.204724 0.669291 -0.716535 
vn 0.00787402 0.677165 -0.740157 
vn 0.275591 0.275591 -0.92126 
vn 0.220472 0.669291 -0.716535 
vn 0.409449 0.669291 -0.622047 
vn 0.527559 0.267717 -0.811024 
vn 0.755906 0.244094 -0.606299 
vn 0.598425 0.653543 -0.472441 
vn 0.700787 0.645669 -0.299213 
vn 0.889764 0.228346 -0.393701 
vn 0.748031 0.661417 0.015748 
vn 0.968504 0.244094 -0.00787402 
vn 0.84252 0.267717 0.472441 
vn 0.637795 0.669291 0.385827 
vn 0.354331 0.653543 0.669291 
vn 0.464567 0.299213 0.834646 
vn 0.622047 0.283465 0.732283 
vn 0.472441 0.661417 0.590551 
vn -0.0314961 0.653543 0.755906 
vn -0.0393701 0.314961 0.944882 
vn 0.220472 0.314961 0.92126 
vn 0.173228 0.653543 0.732283 
vn -0.425197 0.322835 0.84252 
vn -0.228346 0.314961 0.92126 
vn -0.181102 0.653543 0.740157 
vn -0.330709 0.653543 0.677165 
vn -0.480315 0.661417 0.582677 
vn -0.645669 0.669291 0.377953 
vn -0.826772 0.330709 0.464567 
vn -0.614173 0.322835 0.724409 
vn -0.748031 0.661417 0.015748 
vn -0.944882 0.314961 0 
vn -0.874016 0.299213 -0.385827 
vn -0.700787 0.645669 -0.291339 
vn -0.299213 0.850394 -0.425197 
vn -0.433071 0.84252 -0.314961 
vn -0.307087 0.929134 -0.220472 
vn -0.212598 0.929134 -0.291339 
vn 0.00787402 0.937008 -0.354331 
vn 0.00787402 0.858268 -0.511811 
vn -0.149606 0.850394 -0.496063 
vn -0.102362 0.937008 -0.346457 
vn 0.15748 0.850394 -0.496063 
vn 0.110236 0.929134 -0.346457 
vn 0.204724 0.929134 -0.299213 
vn 0.291339 0.850394 -0.433071 
vn 0.433071 0.84252 -0.330709 
vn 0.307087 0.929134 -0.220472 
vn 0.362205 0.92126 -0.133858 
vn 0.503937 0.834646 -0.204724 
vn 0.377953 0.92126 0.023622 
vn 0.535433 0.84252 0.023622 
vn 0.456693 0.84252 0.291339 
vn 0.322835 0.92126 0.212598 
vn 0.338583 0.834646 0.433071 
vn 0.23622 0.92126 0.314961 
vn 0.181102 0.913386 0.362205 
vn 0.259843 0.834646 0.496063 
vn 0.125984 0.834646 0.535433 
vn 0.0866142 0.913386 0.393701 
vn -0.015748 0.913386 0.409449 
vn -0.023622 0.826772 0.559055 
vn -0.23622 0.834646 0.503937 
vn -0.133858 0.826772 0.543307 
vn -0.0944882 0.913386 0.393701 
vn -0.173228 0.913386 0.362205 
vn -0.244094 0.92126 0.314961 
vn -0.322835 0.92126 0.204724 
vn -0.456693 0.84252 0.283465 
vn -0.338583 0.834646 0.425197 
vn -0.535433 0.84252 0.023622 
vn -0.377953 0.92126 0.023622 
vn -0.362205 0.92126 -0.133858 
vn -0.511811 0.834646 -0.19685 
vn -0.244094 0.968504 -0.0787402 
vn -0.212598 0.968504 -0.133858 
vn -0.141732 0.968504 -0.188976 
vn -0.0708661 0.976378 -0.220472 
vn 0 0.976378 -0.228346 
vn 0.0708661 0.968504 -0.220472 
vn 0.141732 0.968504 -0.188976 
vn 0.204724 0.968504 -0.141732 
vn 0.244094 0.968504 -0.0787402 
vn 0.251969 0.968504 0.0314961 
vn 0.212598 0.968504 0.149606 
vn 0.15748 0.96063 0.220472 
vn 0.125984 0.96063 0.251969 
vn 0.0629921 0.96063 0.275591 
vn -0.00787402 0.96063 0.283465 
vn -0.0629921 0.96063 0.275591 
vn -0.110236 0.96063 0.251969 
vn -0.15748 0.96063 0.220472 
vn -0.220472 0.968504 0.149606 
vn -0.251969 0.968504 0.0314961 
vn 0 1 0.0314961 
vn -0.00787402 -1 0 
vn -0.00787402 -1 0 
vn -0.00787402 -1 0 
vn 0.00787402 -1 0 
vn 0.00787402 -1 0 
vn 0.00787402 -1 0 
vn -0.00787402 -1 0 
vn -0.00787402 -1 0 
vn -0.00787402 -1 0 
vn -0.00787402 -1 0 
vn -0.00787402 -1 0 
vn -0.00787402 -1 0 
vn 0 -1 0 
vn 0 -1 0 
vn 0 -1 0 
vn 0 -1 0 
vn 0 -1 0 
vn 0 -1 0 
vn 0 -1 0 
vn 0 -1 0 
vn 0 -1 0 
vn 0 -1 0 
vn 0 -1 0 
vn 0 -1 0 
vn 0 -1 0 
vn 0 -1 0 
vn 0 -1 0 
vn 0 -1 0 
vn 0 -1 0 
vn 0 -1 0 
vn 0 -1 0 
vn 0 -1 0 
vn 0 -1 0 
vn 0 -1 0 
vn 0 -1 0 
vn 0 -1 0 
vn 0 -1 0 
vn 0 -1 0 
vn 0 -1 0 
vn 0 -1 0 
vn 0 -1 0 
vn 0 -1 0 
vn 0 -1 0 
vn 0 -1 0 
vn 0 -1 0 
vn 0 -1 0 
vn 0 -1 0 
vn 0 -1 0 
vn 0 -1 0 
vn 0 -1 0 
vn 0 -1 0 
vn 0 -1 0 
vn 0 -1 0 
vn 0 -1 0 
vn 0 -1 0 
vn 0 -1 0 
vn 0 -1 0 
vn 0 -1 0 
vn 0 -1 0 
vn 0 -1 0 
vn 0.00787402 -1 0 
vn 0.00787402 -1 0 
vn 0.00787402 -1 0 
vn -0.00787402 -1 0 
vn -0.00787402 -1 0 
vn -0.00787402 -1 0 
vn 0.00787402 -1 0.00787402 
vn 0.00787402 -1 0.00787402 
vn 0.00787402 -1 0.00787402 
vn 0.00787402 -1 0 
vn 0.00787402 -1 0 
vn 0.00787402 -1 0 

vt 0.611159 0.62439 
vt 0.611159 0.604518 
vt 0.616019 0.604518 
vt 0.616325 0.62439 
vt 0.611159 0.583317 
vt 0.615928 0.583317 
vt 0.616236 0.519068 
vt 0.616028 0.540328 
vt 0.611159 0.540328 
vt 0.611159 0.519068 
vt 0.611159 0.999512 
vt 0.611159 0.980069 
vt 0.616236 0.980069 
vt 0.616236 0.999512 
vt 0.611159 0.928181 
vt 0.616236 0.928181 
vt 0.611159 0.904896 
vt 0.616353 0.904896 
vt 0.616353 0.720167 
vt 0.611159 0.720167 
vt 0.611159 0.693251 
vt 0.616293 0.693254 
vt 0.611159 0.643005 
vt 0.616195 0.643005 
vt 0.636533 0.758792 
vt 0.636533 0.776238 
vt 0.630735 0.775267 
vt 0.630735 0.758675 
vt 0.630735 0.864836 
vt 0.625773 0.886697 
vt 0.620828 0.881681 
vt 0.625277 0.861417 
vt 0.630735 0.82796 
vt 0.636533 0.827999 
vt 0.636533 0.844541 
vt 0.630735 0.844725 
vt 0.616353 0.74261 
vt 0.611159 0.74261 
vt 0.611159 0.731114 
vt 0.616353 0.731071 
vt 0.611159 0.757327 
vt 0.616353 0.758558 
vt 0.616353 0.776218 
vt 0.611159 0.773167 
vt 0.616353 0.810856 
vt 0.611159 0.809962 
vt 0.611159 0.790189 
vt 0.616353 0.792452 
vt 0.611159 0.845326 
vt 0.611159 0.828238 
vt 0.616353 0.827716 
vt 0.616353 0.844045 
vt 0.616353 0.866437 
vt 0.611159 0.869712 
vt 0.616353 0.881681 
vt 0.616353 0.895153 
vt 0.611159 0.895153 
vt 0.611159 0.881681 
vt 0.620828 0.811264 
vt 0.620828 0.795022 
vt 0.625277 0.792866 
vt 0.625277 0.810932 
vt 0.625277 0.776682 
vt 0.620828 0.78086 
vt 0.625277 0.759767 
vt 0.620828 0.761017 
vt 0.620828 0.74261 
vt 0.620828 0.858641 
vt 0.620828 0.841799 
vt 0.625277 0.84374 
vt 0.620828 0.826802 
vt 0.625277 0.827535 
vt 0.625773 0.732851 
vt 0.636533 0.792311 
vt 0.630735 0.792039 
vt 0.636533 0.86493 
vt 0.621116 0.720167 
vt 0.61996 0.693267 
vt 0.631846 0.693272 
vt 0.635095 0.744838 
vt 0.620318 0.904896 
vt 0.635565 0.88201 
vt 0.631808 0.928181 
vt 0.619888 0.928181 
vt 0.631808 0.980069 
vt 0.619888 0.980069 
vt 0.631808 0.999512 
vt 0.619888 0.999512 
vt 0.619667 0.540328 
vt 0.619888 0.519068 
vt 0.631808 0.519068 
vt 0.631808 0.540328 
vt 0.6316 0.583317 
vt 0.631624 0.604518 
vt 0.619689 0.604518 
vt 0.619585 0.583317 
vt 0.631881 0.62439 
vt 0.620001 0.62439 
vt 0.631666 0.642997 
vt 0.619841 0.643 
vt 0.636533 0.81111 
vt 0.630735 0.810961 
vt 0.609582 0.62439 
vt 0.609582 0.604518 
vt 0.609582 0.583317 
vt 0.609582 0.519068 
vt 0.609582 0.540328 
vt 0.609582 0.999512 
vt 0.609582 0.980069 
vt 0.609582 0.928181 
vt 0.609582 0.871213 
vt 0.609582 0.845843 
vt 0.609582 0.828402 
vt 0.609582 0.809761 
vt 0.609582 0.789488 
vt 0.609582 0.771967 
vt 0.609582 0.754664 
vt 0.609582 0.693249 
vt 0.609582 0.643004 
vt 0.609582 0.904896 
vt 0.609582 0.895153 
vt 0.609582 0.720167 
vt 0.609582 0.731557 
vt 0.609582 0.74261 
vt 0.609582 0.881681 
vt 0.680405 0.812032 
vt 0.668444 0.809907 
vt 0.668444 0.792637 
vt 0.680405 0.793303 
vt 0.668444 0.827901 
vt 0.680405 0.828264 
vt 0.680405 0.844447 
vt 0.668444 0.843922 
vt 0.680405 0.864824 
vt 0.668444 0.862788 
vt 0.680405 0.88201 
vt 0.680405 0.928181 
vt 0.668444 0.928181 
vt 0.668444 0.88201 
vt 0.668444 0.980069 
vt 0.680434 0.980069 
vt 0.680434 0.999512 
vt 0.668444 0.999512 
vt 0.680022 0.604518 
vt 0.67978 0.62439 
vt 0.668444 0.62439 
vt 0.668444 0.604518 
vt 0.668444 0.693102 
vt 0.668444 0.643121 
vt 0.679477 0.643111 
vt 0.680405 0.693106 
vt 0.668444 0.744838 
vt 0.680405 0.744838 
vt 0.668444 0.759537 
vt 0.680405 0.759284 
vt 0.680405 0.777134 
vt 0.668444 0.777147 
vt 0.657612 0.744838 
vt 0.64867 0.744838 
vt 0.64867 0.693217 
vt 0.657612 0.693151 
vt 0.64867 0.778053 
vt 0.64867 0.760405 
vt 0.657612 0.759774 
vt 0.657612 0.776264 
vt 0.657612 0.792232 
vt 0.657612 0.810014 
vt 0.64867 0.810386 
vt 0.64867 0.793153 
vt 0.64867 0.827379 
vt 0.657612 0.827724 
vt 0.657612 0.843724 
vt 0.64867 0.843025 
vt 0.657612 0.861823 
vt 0.64867 0.859896 
vt 0.657612 0.88201 
vt 0.657612 0.928181 
vt 0.64867 0.928181 
vt 0.64867 0.88201 
vt 0.64867 0.980069 
vt 0.657612 0.980069 
vt 0.64867 0.999512 
vt 0.657612 0.999512 
vt 0.657612 0.62439 
vt 0.64867 0.62439 
vt 0.64867 0.604518 
vt 0.657612 0.604518 
vt 0.657612 0.64311 
vt 0.64867 0.64306 
vt 0.680002 0.583317 
vt 0.668444 0.583317 
vt 0.64867 0.583317 
vt 0.657612 0.583317 
vt 0.657612 0.540328 
vt 0.64867 0.540328 
vt 0.64867 0.519068 
vt 0.657612 0.519068 
vt 0.668444 0.540328 
vt 0.668444 0.519068 
vt 0.680434 0.519068 
vt 0.68023 0.540328 
vt 0.69074 0.793597 
vt 0.69074 0.813313 
vt 0.69074 0.828758 
vt 0.69074 0.845225 
vt 0.69074 0.86689 
vt 0.69074 0.88201 
vt 0.69074 0.928181 
vt 0.691307 0.980069 
vt 0.691307 0.999512 
vt 0.691307 0.519068 
vt 0.691307 0.540328 
vt 0.690917 0.583317 
vt 0.690907 0.604518 
vt 0.690637 0.62439 
vt 0.690278 0.643103 
vt 0.69074 0.693112 
vt 0.69074 0.744838 
vt 0.69074 0.759148 
vt 0.69074 0.776984 
vt 0.702928 0.84568 
vt 0.702928 0.868171 
vt 0.702928 0.829094 
vt 0.702928 0.814373 
vt 0.702928 0.794269 
vt 0.702928 0.777686 
vt 0.702928 0.759505 
vt 0.702928 0.693119 
vt 0.702928 0.744838 
vt 0.702928 0.643107 
vt 0.702928 0.604518 
vt 0.702928 0.62439 
vt 0.702928 0.583317 
vt 0.702928 0.519068 
vt 0.702928 0.540328 
vt 0.702928 0.980069 
vt 0.702928 0.999512 
vt 0.702928 0.928181 
vt 0.702928 0.88201 
vt 0.663179 0.776813 
vt 0.663179 0.792762 
vt 0.663179 0.809995 
vt 0.663179 0.827645 
vt 0.663179 0.843749 
vt 0.663179 0.862285 
vt 0.663179 0.928181 
vt 0.663179 0.88201 
vt 0.663179 0.980069 
vt 0.663179 0.999512 
vt 0.663179 0.540328 
vt 0.663179 0.519068 
vt 0.663179 0.604518 
vt 0.663179 0.583317 
vt 0.663796 0.62439 
vt 0.663179 0.693128 
vt 0.663179 0.643116 
vt 0.663179 0.744838 
vt 0.663179 0.75966 
vt 0.639709 0.643021 
vt 0.639731 0.693251 
vt 0.640058 0.604518 
vt 0.640144 0.62439 
vt 0.640048 0.583317 
vt 0.640256 0.519068 
vt 0.640256 0.540328 
vt 0.640256 0.980069 
vt 0.640256 0.999512 
vt 0.640256 0.928181 
vt 0.642821 0.88201 
vt 0.642968 0.843746 
vt 0.642968 0.862291 
vt 0.642968 0.82767 
vt 0.642968 0.810853 
vt 0.642968 0.792814 
vt 0.642968 0.777217 
vt 0.642968 0.759586 
vt 0.642504 0.744838 
vt 0.702928 0.56079 
vt 0.690893 0.560795 
vt 0.679991 0.560799 
vt 0.668444 0.56081 
vt 0.663179 0.560808 
vt 0.657612 0.560807 
vt 0.64867 0.560798 
vt 0.640076 0.560791 
vt 0.631632 0.560787 
vt 0.619541 0.560789 
vt 0.61589 0.56079 
vt 0.611159 0.560791 
vt 0.609582 0.56079 
vt 0.690637 0.624393 
vt 0.702928 0.624393 
vt 0.679807 0.624393 
vt 0.668444 0.624393 
vt 0.663792 0.624393 
vt 0.657612 0.624393 
vt 0.64867 0.624392 
vt 0.640139 0.624391 
vt 0.63188 0.624391 
vt 0.620002 0.624391 
vt 0.616325 0.624391 
vt 0.611159 0.624391 
vt 0.609582 0.624391 
vt 0.691307 0.499919 
vt 0.702928 0.499919 
vt 0.680434 0.499919 
vt 0.668444 0.499919 
vt 0.663179 0.499919 
vt 0.657612 0.499919 
vt 0.64867 0.499919 
vt 0.640256 0.499919 
vt 0.631808 0.499919 
vt 0.619888 0.499919 
vt 0.616236 0.499919 
vt 0.611159 0.499919 
vt 0.609582 0.499919 
vt 0.441496 0.245182 
vt 0.445626 0.234822 
vt 0.445626 0.255536 
vt 0.441496 0.262406 
vt 0.422081 0.234822 
vt 0.427979 0.234822 
vt 0.426856 0.245182 
vt 0.422081 0.245182 
vt 0.415696 0.234822 
vt 0.416695 0.245182 
vt 0.402433 0.245182 
vt 0.39833 0.234822 
vt 0.39833 0.254686 
vt 0.402433 0.261708 
vt 0.402433 0.276251 
vt 0.39833 0.272182 
vt 0.402433 0.29871 
vt 0.39833 0.299607 
vt 0.39833 0.329733 
vt 0.402433 0.324371 
vt 0.412277 0.347295 
vt 0.410136 0.358556 
vt 0.39833 0.358556 
vt 0.402433 0.347295 
vt 0.422045 0.347295 
vt 0.422132 0.358556 
vt 0.415949 0.358556 
vt 0.416967 0.347295 
vt 0.433519 0.358556 
vt 0.427783 0.358556 
vt 0.42672 0.347295 
vt 0.431566 0.347295 
vt 0.441496 0.347295 
vt 0.441496 0.32499 
vt 0.445626 0.330912 
vt 0.445626 0.358556 
vt 0.441496 0.299575 
vt 0.445626 0.300557 
vt 0.445626 0.273143 
vt 0.441496 0.276869 
vt 0.43596 0.258823 
vt 0.43596 0.271844 
vt 0.431399 0.279525 
vt 0.431399 0.270732 
vt 0.421917 0.270732 
vt 0.421992 0.258823 
vt 0.425452 0.258823 
vt 0.424259 0.270732 
vt 0.418017 0.258823 
vt 0.419222 0.270732 
vt 0.41221 0.270732 
vt 0.407744 0.258823 
vt 0.407744 0.270846 
vt 0.41221 0.278894 
vt 0.41221 0.286241 
vt 0.407744 0.281613 
vt 0.41221 0.297234 
vt 0.407744 0.297632 
vt 0.407744 0.316006 
vt 0.41221 0.309707 
vt 0.407744 0.332548 
vt 0.41221 0.320817 
vt 0.41723 0.320817 
vt 0.415109 0.332548 
vt 0.418329 0.332548 
vt 0.419436 0.320817 
vt 0.421856 0.320817 
vt 0.421917 0.332548 
vt 0.428515 0.332548 
vt 0.42534 0.332548 
vt 0.424164 0.320817 
vt 0.426348 0.320817 
vt 0.431399 0.320817 
vt 0.431399 0.310052 
vt 0.43596 0.316698 
vt 0.43596 0.332548 
vt 0.43596 0.29863 
vt 0.431399 0.297775 
vt 0.431399 0.286653 
vt 0.43596 0.282232 
vt 0.427559 0.290306 
vt 0.427559 0.286085 
vt 0.427559 0.280882 
vt 0.423238 0.280882 
vt 0.421847 0.280882 
vt 0.420265 0.280882 
vt 0.416016 0.280882 
vt 0.416016 0.285752 
vt 0.416016 0.290044 
vt 0.416016 0.296626 
vt 0.416016 0.304141 
vt 0.416016 0.310926 
vt 0.419007 0.310926 
vt 0.420359 0.310926 
vt 0.421823 0.310926 
vt 0.423212 0.310926 
vt 0.424524 0.310926 
vt 0.427559 0.310926 
vt 0.427559 0.304408 
vt 0.427559 0.296987 
vt 0.421771 0.295798 
vt 0.539003 0.234535 
vt 0.550738 0.234535 
vt 0.527341 0.297053 
vt 0.533286 0.234535 
vt 0.539003 0.234535 
vt 0.527341 0.297053 
vt 0.515707 0.234535 
vt 0.521333 0.234535 
vt 0.527341 0.297053 
vt 0.503945 0.250893 
vt 0.503945 0.234535 
vt 0.527341 0.297053 
vt 0.503945 0.271527 
vt 0.503945 0.250893 
vt 0.527341 0.297053 
vt 0.515707 0.359574 
vt 0.503945 0.359574 
vt 0.527341 0.297053 
vt 0.52133 0.359574 
vt 0.515707 0.359574 
vt 0.527341 0.297053 
vt 0.533024 0.359574 
vt 0.527355 0.359574 
vt 0.527341 0.297053 
vt 0.550738 0.359574 
vt 0.539003 0.359574 
vt 0.527341 0.297053 
vt 0.550738 0.250893 
vt 0.550738 0.271527 
vt 0.527341 0.297053 
vt 0.503945 0.310056 
vt 0.503945 0.293769 
vt 0.527341 0.297053 
vt 0.550738 0.293769 
vt 0.550738 0.310056 
vt 0.527341 0.297053 
vt 0.550738 0.310056 
vt 0.550738 0.32704 
vt 0.527341 0.297053 
vt 0.503945 0.331663 
vt 0.503945 0.310056 
vt 0.527341 0.297053 
vt 0.503945 0.293769 
vt 0.503945 0.271527 
vt 0.527341 0.297053 
vt 0.550738 0.271527 
vt 0.550738 0.293769 
vt 0.527341 0.297053 
vt 0.539003 0.359574 
vt 0.533024 0.359574 
vt 0.527341 0.297053 
vt 0.527355 0.359574 
vt 0.52133 0.359574 
vt 0.527341 0.297053 
vt 0.550738 0.32704 
vt 0.550738 0.359574 
vt 0.527341 0.297053 
vt 0.503945 0.359574 
vt 0.503945 0.331663 
vt 0.527341 0.297053 
vt 0.521333 0.234535 
vt 0.527355 0.234535 
vt 0.527341 0.297053 
vt 0.527355 0.234535 
vt 0.533286 0.234535 
vt 0.527341 0.297053 
vt 0.550738 0.234535 
vt 0.550738 0.250893 
vt 0.527341 0.297053 
vt 0.503945 0.234535 
vt 0.515707 0.234535 
vt 0.527341 0.297053 

usemtl Npc1Mtl

f 2559/2559/2559 2560/2560/2560 2561/2561/2561 
f 2561/2561/2561 2562/2562/2562 2559/2559/2559 
f 2560/2560/2560 2563/2563/2563 2564/2564/2564 
f 2564/2564/2564 2561/2561/2561 2560/2560/2560 
f 2565/2565/2565 2566/2566/2566 2567/2567/2567 
f 2567/2567/2567 2568/2568/2568 2565/2565/2565 
f 2569/2569/2569 2570/2570/2570 2571/2571/2571 
f 2571/2571/2571 2572/2572/2572 2569/2569/2569 
f 2573/2573/2573 2574/2574/2574 2571/2571/2571 
f 2571/2571/2571 2570/2570/2570 2573/2573/2573 
f 2574/2574/2574 2573/2573/2573 2575/2575/2575 
f 2575/2575/2575 2576/2576/2576 2574/2574/2574 
f 2577/2577/2577 2578/2578/2578 2579/2579/2579 
f 2579/2579/2579 2580/2580/2580 2577/2577/2577 
f 2579/2579/2579 2581/2581/2581 2582/2582/2582 
f 2582/2582/2582 2580/2580/2580 2579/2579/2579 
f 2583/2583/2583 2584/2584/2584 2585/2585/2585 
f 2585/2585/2585 2586/2586/2586 2583/2583/2583 
f 2587/2587/2587 2588/2588/2588 2589/2589/2589 
f 2589/2589/2589 2590/2590/2590 2587/2587/2587 
f 2591/2591/2591 2592/2592/2592 2593/2593/2593 
f 2593/2593/2593 2594/2594/2594 2591/2591/2591 
f 2595/2595/2595 2596/2596/2596 2597/2597/2597 
f 2597/2597/2597 2598/2598/2598 2595/2595/2595 
f 2599/2599/2599 2600/2600/2600 2601/2601/2601 
f 2601/2601/2601 2602/2602/2602 2599/2599/2599 
f 2603/2603/2603 2604/2604/2604 2605/2605/2605 
f 2605/2605/2605 2606/2606/2606 2603/2603/2603 
f 2607/2607/2607 2608/2608/2608 2609/2609/2609 
f 2609/2609/2609 2610/2610/2610 2607/2607/2607 
f 2610/2610/2610 2611/2611/2611 2612/2612/2612 
f 2612/2612/2612 2607/2607/2607 2610/2610/2610 
f 2613/2613/2613 2614/2614/2614 2615/2615/2615 
f 2615/2615/2615 2616/2616/2616 2613/2613/2613 
f 2575/2575/2575 2615/2615/2615 2614/2614/2614 
f 2614/2614/2614 2576/2576/2576 2575/2575/2575 
f 2577/2577/2577 2598/2598/2598 2597/2597/2597 
f 2597/2597/2597 2578/2578/2578 2577/2577/2577 
f 2602/2602/2602 2601/2601/2601 2606/2606/2606 
f 2606/2606/2606 2605/2605/2605 2602/2602/2602 
f 2603/2603/2603 2609/2609/2609 2608/2608/2608 
f 2608/2608/2608 2604/2604/2604 2603/2603/2603 
f 2617/2617/2617 2618/2618/2618 2619/2619/2619 
f 2619/2619/2619 2620/2620/2620 2617/2617/2617 
f 2621/2621/2621 2619/2619/2619 2618/2618/2618 
f 2618/2618/2618 2622/2622/2622 2621/2621/2621 
f 2623/2623/2623 2624/2624/2624 2625/2625/2625 
f 2600/2600/2600 2599/2599/2599 2596/2596/2596 
f 2596/2596/2596 2595/2595/2595 2600/2600/2600 
f 2611/2611/2611 2613/2613/2613 2616/2616/2616 
f 2616/2616/2616 2612/2612/2612 2611/2611/2611 
f 2590/2590/2590 2626/2626/2626 2627/2627/2627 
f 2627/2627/2627 2628/2628/2628 2590/2590/2590 
f 2628/2628/2628 2627/2627/2627 2629/2629/2629 
f 2629/2629/2629 2630/2630/2630 2628/2628/2628 
f 2630/2630/2630 2629/2629/2629 2617/2617/2617 
f 2617/2617/2617 2620/2620/2620 2630/2630/2630 
f 2623/2623/2623 2621/2621/2621 2622/2622/2622 
f 2622/2622/2622 2624/2624/2624 2623/2623/2623 
f 2590/2590/2590 2589/2589/2589 2626/2626/2626 
f 2625/2625/2625 2631/2631/2631 2586/2586/2586 
f 2586/2586/2586 2623/2623/2623 2625/2625/2625 
f 2584/2584/2584 2632/2632/2632 2633/2633/2633 
f 2633/2633/2633 2585/2585/2585 2584/2584/2584 
f 2594/2594/2594 2593/2593/2593 2634/2634/2634 
f 2634/2634/2634 2587/2587/2587 2594/2594/2594 
f 2635/2635/2635 2636/2636/2636 2637/2637/2637 
f 2637/2637/2637 2638/2638/2638 2635/2635/2635 
f 2639/2639/2639 2640/2640/2640 2641/2641/2641 
f 2641/2641/2641 2642/2642/2642 2639/2639/2639 
f 2642/2642/2642 2641/2641/2641 2643/2643/2643 
f 2643/2643/2643 2644/2644/2644 2642/2642/2642 
f 2644/2644/2644 2643/2643/2643 2645/2645/2645 
f 2645/2645/2645 2646/2646/2646 2644/2644/2644 
f 2647/2647/2647 2648/2648/2648 2649/2649/2649 
f 2649/2649/2649 2650/2650/2650 2647/2647/2647 
f 2651/2651/2651 2652/2652/2652 2653/2653/2653 
f 2653/2653/2653 2654/2654/2654 2651/2651/2651 
f 2653/2653/2653 2652/2652/2652 2655/2655/2655 
f 2655/2655/2655 2656/2656/2656 2653/2653/2653 
f 2657/2657/2657 2637/2637/2637 2636/2636/2636 
f 2636/2636/2636 2658/2658/2658 2657/2657/2657 
f 2588/2588/2588 2640/2640/2640 2639/2639/2639 
f 2635/2635/2635 2638/2638/2638 2631/2631/2631 
f 2659/2659/2659 2592/2592/2592 2591/2591/2591 
f 2591/2591/2591 2660/2660/2660 2659/2659/2659 
f 2633/2633/2633 2632/2632/2632 2659/2659/2659 
f 2659/2659/2659 2660/2660/2660 2633/2633/2633 
f 2559/2559/2559 2661/2661/2661 2662/2662/2662 
f 2662/2662/2662 2560/2560/2560 2559/2559/2559 
f 2663/2663/2663 2563/2563/2563 2560/2560/2560 
f 2560/2560/2560 2662/2662/2662 2663/2663/2663 
f 2664/2664/2664 2568/2568/2568 2567/2567/2567 
f 2567/2567/2567 2665/2665/2665 2664/2664/2664 
f 2570/2570/2570 2569/2569/2569 2666/2666/2666 
f 2666/2666/2666 2667/2667/2667 2570/2570/2570 
f 2668/2668/2668 2573/2573/2573 2570/2570/2570 
f 2570/2570/2570 2667/2667/2667 2668/2668/2668 
f 2607/2607/2607 2612/2612/2612 2669/2669/2669 
f 2669/2669/2669 2670/2670/2670 2607/2607/2607 
f 2671/2671/2671 2608/2608/2608 2607/2607/2607 
f 2607/2607/2607 2670/2670/2670 2671/2671/2671 
f 2605/2605/2605 2604/2604/2604 2672/2672/2672 
f 2672/2672/2672 2673/2673/2673 2605/2605/2605 
f 2599/2599/2599 2602/2602/2602 2674/2674/2674 
f 2674/2674/2674 2675/2675/2675 2599/2599/2599 
f 2579/2579/2579 2676/2676/2676 2677/2677/2677 
f 2677/2677/2677 2581/2581/2581 2579/2579/2579 
f 2678/2678/2678 2679/2679/2679 2615/2615/2615 
f 2615/2615/2615 2575/2575/2575 2678/2678/2678 
f 2680/2680/2680 2578/2578/2578 2597/2597/2597 
f 2597/2597/2597 2681/2681/2681 2680/2680/2680 
f 2596/2596/2596 2682/2682/2682 2681/2681/2681 
f 2681/2681/2681 2597/2597/2597 2596/2596/2596 
f 2683/2683/2683 2616/2616/2616 2615/2615/2615 
f 2615/2615/2615 2679/2679/2679 2683/2683/2683 
f 2573/2573/2573 2668/2668/2668 2678/2678/2678 
f 2678/2678/2678 2575/2575/2575 2573/2573/2573 
f 2579/2579/2579 2578/2578/2578 2680/2680/2680 
f 2680/2680/2680 2676/2676/2676 2579/2579/2579 
f 2605/2605/2605 2673/2673/2673 2674/2674/2674 
f 2674/2674/2674 2602/2602/2602 2605/2605/2605 
f 2672/2672/2672 2604/2604/2604 2608/2608/2608 
f 2608/2608/2608 2671/2671/2671 2672/2672/2672 
f 2675/2675/2675 2682/2682/2682 2596/2596/2596 
f 2596/2596/2596 2599/2599/2599 2675/2675/2675 
f 2669/2669/2669 2612/2612/2612 2616/2616/2616 
f 2616/2616/2616 2683/2683/2683 2669/2669/2669 
f 2623/2623/2623 2586/2586/2586 2585/2585/2585 
f 2585/2585/2585 2621/2621/2621 2623/2623/2623 
f 2621/2621/2621 2585/2585/2585 2633/2633/2633 
f 2633/2633/2633 2619/2619/2619 2621/2621/2621 
f 2619/2619/2619 2633/2633/2633 2660/2660/2660 
f 2660/2660/2660 2620/2620/2620 2619/2619/2619 
f 2591/2591/2591 2630/2630/2630 2620/2620/2620 
f 2620/2620/2620 2660/2660/2660 2591/2591/2591 
f 2630/2630/2630 2591/2591/2591 2594/2594/2594 
f 2594/2594/2594 2628/2628/2628 2630/2630/2630 
f 2590/2590/2590 2628/2628/2628 2594/2594/2594 
f 2594/2594/2594 2587/2587/2587 2590/2590/2590 
f 2586/2586/2586 2631/2631/2631 2638/2638/2638 
f 2638/2638/2638 2583/2583/2583 2586/2586/2586 
f 2634/2634/2634 2640/2640/2640 2588/2588/2588 
f 2588/2588/2588 2587/2587/2587 2634/2634/2634 
f 2684/2684/2684 2685/2685/2685 2686/2686/2686 
f 2686/2686/2686 2687/2687/2687 2684/2684/2684 
f 2688/2688/2688 2689/2689/2689 2690/2690/2690 
f 2690/2690/2690 2691/2691/2691 2688/2688/2688 
f 2691/2691/2691 2690/2690/2690 2692/2692/2692 
f 2692/2692/2692 2693/2693/2693 2691/2691/2691 
f 2694/2694/2694 2695/2695/2695 2696/2696/2696 
f 2696/2696/2696 2697/2697/2697 2694/2694/2694 
f 2698/2698/2698 2696/2696/2696 2695/2695/2695 
f 2695/2695/2695 2699/2699/2699 2698/2698/2698 
f 2699/2699/2699 2700/2700/2700 2701/2701/2701 
f 2701/2701/2701 2698/2698/2698 2699/2699/2699 
f 2702/2702/2702 2703/2703/2703 2704/2704/2704 
f 2704/2704/2704 2705/2705/2705 2702/2702/2702 
f 2706/2706/2706 2707/2707/2707 2708/2708/2708 
f 2708/2708/2708 2709/2709/2709 2706/2706/2706 
f 2710/2710/2710 2706/2706/2706 2709/2709/2709 
f 2709/2709/2709 2711/2711/2711 2710/2710/2710 
f 2712/2712/2712 2713/2713/2713 2714/2714/2714 
f 2714/2714/2714 2715/2715/2715 2712/2712/2712 
f 2716/2716/2716 2717/2717/2717 2718/2718/2718 
f 2718/2718/2718 2719/2719/2719 2716/2716/2716 
f 2720/2720/2720 2721/2721/2721 2722/2722/2722 
f 2722/2722/2722 2723/2723/2723 2720/2720/2720 
f 2724/2724/2724 2725/2725/2725 2726/2726/2726 
f 2726/2726/2726 2727/2727/2727 2724/2724/2724 
f 2728/2728/2728 2729/2729/2729 2730/2730/2730 
f 2730/2730/2730 2731/2731/2731 2728/2728/2728 
f 2732/2732/2732 2733/2733/2733 2731/2731/2731 
f 2731/2731/2731 2730/2730/2730 2732/2732/2732 
f 2734/2734/2734 2735/2735/2735 2736/2736/2736 
f 2736/2736/2736 2737/2737/2737 2734/2734/2734 
f 2738/2738/2738 2736/2736/2736 2735/2735/2735 
f 2735/2735/2735 2739/2739/2739 2738/2738/2738 
f 2740/2740/2740 2738/2738/2738 2739/2739/2739 
f 2739/2739/2739 2741/2741/2741 2740/2740/2740 
f 2742/2742/2742 2743/2743/2743 2744/2744/2744 
f 2744/2744/2744 2745/2745/2745 2742/2742/2742 
f 2746/2746/2746 2719/2719/2719 2718/2718/2718 
f 2718/2718/2718 2747/2747/2747 2746/2746/2746 
f 2724/2724/2724 2727/2727/2727 2720/2720/2720 
f 2720/2720/2720 2723/2723/2723 2724/2724/2724 
f 2687/2687/2687 2686/2686/2686 2715/2715/2715 
f 2715/2715/2715 2714/2714/2714 2687/2687/2687 
f 2729/2729/2729 2728/2728/2728 2726/2726/2726 
f 2726/2726/2726 2725/2725/2725 2729/2729/2729 
f 2688/2688/2688 2685/2685/2685 2684/2684/2684 
f 2684/2684/2684 2689/2689/2689 2688/2688/2688 
f 2748/2748/2748 2702/2702/2702 2705/2705/2705 
f 2705/2705/2705 2749/2749/2749 2748/2748/2748 
f 2744/2744/2744 2750/2750/2750 2751/2751/2751 
f 2751/2751/2751 2745/2745/2745 2744/2744/2744 
f 2752/2752/2752 2753/2753/2753 2754/2754/2754 
f 2754/2754/2754 2755/2755/2755 2752/2752/2752 
f 2756/2756/2756 2757/2757/2757 2758/2758/2758 
f 2758/2758/2758 2759/2759/2759 2756/2756/2756 
f 2684/2684/2684 2687/2687/2687 2760/2760/2760 
f 2760/2760/2760 2761/2761/2761 2684/2684/2684 
f 2761/2761/2761 2762/2762/2762 2689/2689/2689 
f 2689/2689/2689 2684/2684/2684 2761/2761/2761 
f 2689/2689/2689 2762/2762/2762 2763/2763/2763 
f 2763/2763/2763 2690/2690/2690 2689/2689/2689 
f 2690/2690/2690 2763/2763/2763 2764/2764/2764 
f 2764/2764/2764 2692/2692/2692 2690/2690/2690 
f 2694/2694/2694 2765/2765/2765 2766/2766/2766 
f 2766/2766/2766 2695/2695/2695 2694/2694/2694 
f 2699/2699/2699 2695/2695/2695 2766/2766/2766 
f 2766/2766/2766 2767/2767/2767 2699/2699/2699 
f 2767/2767/2767 2768/2768/2768 2700/2700/2700 
f 2700/2700/2700 2699/2699/2699 2767/2767/2767 
f 2769/2769/2769 2770/2770/2770 2759/2759/2759 
f 2759/2759/2759 2758/2758/2758 2769/2769/2769 
f 2702/2702/2702 2748/2748/2748 2771/2771/2771 
f 2771/2771/2771 2772/2772/2772 2702/2702/2702 
f 2703/2703/2703 2702/2702/2702 2772/2772/2772 
f 2772/2772/2772 2773/2773/2773 2703/2703/2703 
f 2708/2708/2708 2774/2774/2774 2775/2775/2775 
f 2775/2775/2775 2709/2709/2709 2708/2708/2708 
f 2775/2775/2775 2776/2776/2776 2711/2711/2711 
f 2711/2711/2711 2709/2709/2709 2775/2775/2775 
f 2777/2777/2777 2778/2778/2778 2714/2714/2714 
f 2714/2714/2714 2713/2713/2713 2777/2777/2777 
f 2760/2760/2760 2687/2687/2687 2714/2714/2714 
f 2714/2714/2714 2778/2778/2778 2760/2760/2760 
f 2764/2764/2764 2763/2763/2763 2779/2779/2779 
f 2779/2779/2779 2780/2780/2780 2764/2764/2764 
f 2763/2763/2763 2762/2762/2762 2781/2781/2781 
f 2781/2781/2781 2779/2779/2779 2763/2763/2763 
f 2781/2781/2781 2762/2762/2762 2761/2761/2761 
f 2761/2761/2761 2782/2782/2782 2781/2781/2781 
f 2783/2783/2783 2782/2782/2782 2761/2761/2761 
f 2761/2761/2761 2760/2760/2760 2783/2783/2783 
f 2778/2778/2778 2784/2784/2784 2783/2783/2783 
f 2783/2783/2783 2760/2760/2760 2778/2778/2778 
f 2777/2777/2777 2785/2785/2785 2784/2784/2784 
f 2784/2784/2784 2778/2778/2778 2777/2777/2777 
f 2776/2776/2776 2775/2775/2775 2786/2786/2786 
f 2786/2786/2786 2787/2787/2787 2776/2776/2776 
f 2774/2774/2774 2788/2788/2788 2786/2786/2786 
f 2786/2786/2786 2775/2775/2775 2774/2774/2774 
f 2773/2773/2773 2772/2772/2772 2789/2789/2789 
f 2789/2789/2789 2790/2790/2790 2773/2773/2773 
f 2791/2791/2791 2789/2789/2789 2772/2772/2772 
f 2772/2772/2772 2771/2771/2771 2791/2791/2791 
f 2770/2770/2770 2769/2769/2769 2792/2792/2792 
f 2792/2792/2792 2793/2793/2793 2770/2770/2770 
f 2768/2768/2768 2767/2767/2767 2794/2794/2794 
f 2794/2794/2794 2795/2795/2795 2768/2768/2768 
f 2766/2766/2766 2796/2796/2796 2794/2794/2794 
f 2794/2794/2794 2767/2767/2767 2766/2766/2766 
f 2797/2797/2797 2796/2796/2796 2766/2766/2766 
f 2766/2766/2766 2765/2765/2765 2797/2797/2797 
f 2798/2798/2798 2715/2715/2715 2686/2686/2686 
f 2686/2686/2686 2799/2799/2799 2798/2798/2798 
f 2800/2800/2800 2799/2799/2799 2686/2686/2686 
f 2686/2686/2686 2685/2685/2685 2800/2800/2800 
f 2801/2801/2801 2800/2800/2800 2685/2685/2685 
f 2685/2685/2685 2688/2688/2688 2801/2801/2801 
f 2801/2801/2801 2688/2688/2688 2691/2691/2691 
f 2691/2691/2691 2802/2802/2802 2801/2801/2801 
f 2691/2691/2691 2693/2693/2693 2803/2803/2803 
f 2803/2803/2803 2802/2802/2802 2691/2691/2691 
f 2696/2696/2696 2804/2804/2804 2805/2805/2805 
f 2805/2805/2805 2697/2697/2697 2696/2696/2696 
f 2804/2804/2804 2696/2696/2696 2698/2698/2698 
f 2698/2698/2698 2806/2806/2806 2804/2804/2804 
f 2698/2698/2698 2701/2701/2701 2807/2807/2807 
f 2807/2807/2807 2806/2806/2806 2698/2698/2698 
f 2756/2756/2756 2808/2808/2808 2809/2809/2809 
f 2809/2809/2809 2757/2757/2757 2756/2756/2756 
f 2810/2810/2810 2811/2811/2811 2749/2749/2749 
f 2749/2749/2749 2705/2705/2705 2810/2810/2810 
f 2812/2812/2812 2810/2810/2810 2705/2705/2705 
f 2705/2705/2705 2704/2704/2704 2812/2812/2812 
f 2707/2707/2707 2706/2706/2706 2813/2813/2813 
f 2813/2813/2813 2814/2814/2814 2707/2707/2707 
f 2710/2710/2710 2815/2815/2815 2813/2813/2813 
f 2813/2813/2813 2706/2706/2706 2710/2710/2710 
f 2816/2816/2816 2712/2712/2712 2715/2715/2715 
f 2715/2715/2715 2798/2798/2798 2816/2816/2816 
f 2657/2657/2657 2817/2817/2817 2818/2818/2818 
f 2818/2818/2818 2637/2637/2637 2657/2657/2657 
f 2655/2655/2655 2652/2652/2652 2819/2819/2819 
f 2819/2819/2819 2820/2820/2820 2655/2655/2655 
f 2651/2651/2651 2821/2821/2821 2819/2819/2819 
f 2819/2819/2819 2652/2652/2652 2651/2651/2651 
f 2649/2649/2649 2822/2822/2822 2823/2823/2823 
f 2823/2823/2823 2650/2650/2650 2649/2649/2649 
f 2645/2645/2645 2643/2643/2643 2824/2824/2824 
f 2824/2824/2824 2825/2825/2825 2645/2645/2645 
f 2826/2826/2826 2824/2824/2824 2643/2643/2643 
f 2643/2643/2643 2641/2641/2641 2826/2826/2826 
f 2641/2641/2641 2640/2640/2640 2827/2827/2827 
f 2827/2827/2827 2826/2826/2826 2641/2641/2641 
f 2634/2634/2634 2593/2593/2593 2828/2828/2828 
f 2828/2828/2828 2829/2829/2829 2634/2634/2634 
f 2830/2830/2830 2828/2828/2828 2593/2593/2593 
f 2593/2593/2593 2592/2592/2592 2830/2830/2830 
f 2592/2592/2592 2659/2659/2659 2831/2831/2831 
f 2831/2831/2831 2830/2830/2830 2592/2592/2592 
f 2632/2632/2632 2832/2832/2832 2831/2831/2831 
f 2831/2831/2831 2659/2659/2659 2632/2632/2632 
f 2584/2584/2584 2833/2833/2833 2832/2832/2832 
f 2832/2832/2832 2632/2632/2632 2584/2584/2584 
f 2584/2584/2584 2583/2583/2583 2834/2834/2834 
f 2834/2834/2834 2833/2833/2833 2584/2584/2584 
f 2638/2638/2638 2637/2637/2637 2818/2818/2818 
f 2818/2818/2818 2835/2835/2835 2638/2638/2638 
f 2638/2638/2638 2835/2835/2835 2834/2834/2834 
f 2834/2834/2834 2583/2583/2583 2638/2638/2638 
f 2721/2721/2721 2717/2717/2717 2716/2716/2716 
f 2716/2716/2716 2722/2722/2722 2721/2721/2721 
f 2710/2710/2710 2712/2712/2712 2816/2816/2816 
f 2816/2816/2816 2815/2815/2815 2710/2710/2710 
f 2713/2713/2713 2712/2712/2712 2710/2710/2710 
f 2710/2710/2710 2711/2711/2711 2713/2713/2713 
f 2711/2711/2711 2776/2776/2776 2777/2777/2777 
f 2777/2777/2777 2713/2713/2713 2711/2711/2711 
f 2776/2776/2776 2787/2787/2787 2785/2785/2785 
f 2785/2785/2785 2777/2777/2777 2776/2776/2776 
f 2765/2765/2765 2764/2764/2764 2780/2780/2780 
f 2780/2780/2780 2797/2797/2797 2765/2765/2765 
f 2694/2694/2694 2692/2692/2692 2764/2764/2764 
f 2764/2764/2764 2765/2765/2765 2694/2694/2694 
f 2693/2693/2693 2692/2692/2692 2694/2694/2694 
f 2694/2694/2694 2697/2697/2697 2693/2693/2693 
f 2693/2693/2693 2697/2697/2697 2805/2805/2805 
f 2805/2805/2805 2803/2803/2803 2693/2693/2693 
f 2733/2733/2733 2732/2732/2732 2734/2734/2734 
f 2734/2734/2734 2737/2737/2737 2733/2733/2733 
f 2827/2827/2827 2640/2640/2640 2634/2634/2634 
f 2634/2634/2634 2829/2829/2829 2827/2827/2827 
f 2813/2813/2813 2815/2815/2815 2716/2716/2716 
f 2716/2716/2716 2719/2719/2719 2813/2813/2813 
f 2746/2746/2746 2814/2814/2814 2813/2813/2813 
f 2813/2813/2813 2719/2719/2719 2746/2746/2746 
f 2742/2742/2742 2745/2745/2745 2810/2810/2810 
f 2810/2810/2810 2812/2812/2812 2742/2742/2742 
f 2745/2745/2745 2751/2751/2751 2811/2811/2811 
f 2811/2811/2811 2810/2810/2810 2745/2745/2745 
f 2752/2752/2752 2755/2755/2755 2809/2809/2809 
f 2809/2809/2809 2808/2808/2808 2752/2752/2752 
f 2741/2741/2741 2739/2739/2739 2806/2806/2806 
f 2806/2806/2806 2807/2807/2807 2741/2741/2741 
f 2739/2739/2739 2735/2735/2735 2804/2804/2804 
f 2804/2804/2804 2806/2806/2806 2739/2739/2739 
f 2804/2804/2804 2735/2735/2735 2734/2734/2734 
f 2734/2734/2734 2805/2805/2805 2804/2804/2804 
f 2805/2805/2805 2734/2734/2734 2732/2732/2732 
f 2732/2732/2732 2803/2803/2803 2805/2805/2805 
f 2803/2803/2803 2732/2732/2732 2730/2730/2730 
f 2730/2730/2730 2802/2802/2802 2803/2803/2803 
f 2802/2802/2802 2730/2730/2730 2729/2729/2729 
f 2729/2729/2729 2801/2801/2801 2802/2802/2802 
f 2725/2725/2725 2800/2800/2800 2801/2801/2801 
f 2801/2801/2801 2729/2729/2729 2725/2725/2725 
f 2799/2799/2799 2800/2800/2800 2725/2725/2725 
f 2725/2725/2725 2724/2724/2724 2799/2799/2799 
f 2724/2724/2724 2723/2723/2723 2798/2798/2798 
f 2798/2798/2798 2799/2799/2799 2724/2724/2724 
f 2723/2723/2723 2722/2722/2722 2816/2816/2816 
f 2816/2816/2816 2798/2798/2798 2723/2723/2723 
f 2816/2816/2816 2722/2722/2722 2716/2716/2716 
f 2716/2716/2716 2815/2815/2815 2816/2816/2816 
f 2817/2817/2817 2747/2747/2747 2718/2718/2718 
f 2718/2718/2718 2818/2818/2818 2817/2817/2817 
f 2820/2820/2820 2819/2819/2819 2744/2744/2744 
f 2744/2744/2744 2743/2743/2743 2820/2820/2820 
f 2744/2744/2744 2819/2819/2819 2821/2821/2821 
f 2821/2821/2821 2750/2750/2750 2744/2744/2744 
f 2754/2754/2754 2753/2753/2753 2823/2823/2823 
f 2823/2823/2823 2822/2822/2822 2754/2754/2754 
f 2738/2738/2738 2740/2740/2740 2825/2825/2825 
f 2825/2825/2825 2824/2824/2824 2738/2738/2738 
f 2738/2738/2738 2824/2824/2824 2826/2826/2826 
f 2826/2826/2826 2736/2736/2736 2738/2738/2738 
f 2827/2827/2827 2737/2737/2737 2736/2736/2736 
f 2736/2736/2736 2826/2826/2826 2827/2827/2827 
f 2827/2827/2827 2829/2829/2829 2733/2733/2733 
f 2733/2733/2733 2737/2737/2737 2827/2827/2827 
f 2829/2829/2829 2828/2828/2828 2731/2731/2731 
f 2731/2731/2731 2733/2733/2733 2829/2829/2829 
f 2728/2728/2728 2731/2731/2731 2828/2828/2828 
f 2828/2828/2828 2830/2830/2830 2728/2728/2728 
f 2728/2728/2728 2830/2830/2830 2831/2831/2831 
f 2831/2831/2831 2726/2726/2726 2728/2728/2728 
f 2831/2831/2831 2832/2832/2832 2727/2727/2727 
f 2727/2727/2727 2726/2726/2726 2831/2831/2831 
f 2833/2833/2833 2720/2720/2720 2727/2727/2727 
f 2727/2727/2727 2832/2832/2832 2833/2833/2833 
f 2720/2720/2720 2833/2833/2833 2834/2834/2834 
f 2834/2834/2834 2721/2721/2721 2720/2720/2720 
f 2717/2717/2717 2721/2721/2721 2834/2834/2834 
f 2834/2834/2834 2835/2835/2835 2717/2717/2717 
f 2818/2818/2818 2718/2718/2718 2717/2717/2717 
f 2717/2717/2717 2835/2835/2835 2818/2818/2818 
f 2600/2600/2600 2624/2624/2624 2622/2622/2622 
f 2622/2622/2622 2601/2601/2601 2600/2600/2600 
f 2618/2618/2618 2606/2606/2606 2601/2601/2601 
f 2601/2601/2601 2622/2622/2622 2618/2618/2618 
f 2606/2606/2606 2618/2618/2618 2617/2617/2617 
f 2617/2617/2617 2603/2603/2603 2606/2606/2606 
f 2629/2629/2629 2609/2609/2609 2603/2603/2603 
f 2603/2603/2603 2617/2617/2617 2629/2629/2629 
f 2627/2627/2627 2610/2610/2610 2609/2609/2609 
f 2609/2609/2609 2629/2629/2629 2627/2627/2627 
f 2611/2611/2611 2610/2610/2610 2627/2627/2627 
f 2627/2627/2627 2626/2626/2626 2611/2611/2611 
f 2626/2626/2626 2589/2589/2589 2613/2613/2613 
f 2613/2613/2613 2611/2611/2611 2626/2626/2626 
f 2613/2613/2613 2589/2589/2589 2588/2588/2588 
f 2588/2588/2588 2614/2614/2614 2613/2613/2613 
f 2588/2588/2588 2639/2639/2639 2576/2576/2576 
f 2576/2576/2576 2614/2614/2614 2588/2588/2588 
f 2574/2574/2574 2576/2576/2576 2639/2639/2639 
f 2639/2639/2639 2642/2642/2642 2574/2574/2574 
f 2571/2571/2571 2574/2574/2574 2642/2642/2642 
f 2642/2642/2642 2644/2644/2644 2571/2571/2571 
f 2644/2644/2644 2646/2646/2646 2572/2572/2572 
f 2572/2572/2572 2571/2571/2571 2644/2644/2644 
f 2648/2648/2648 2647/2647/2647 2566/2566/2566 
f 2566/2566/2566 2565/2565/2565 2648/2648/2648 
f 2564/2564/2564 2654/2654/2654 2653/2653/2653 
f 2653/2653/2653 2561/2561/2561 2564/2564/2564 
f 2656/2656/2656 2562/2562/2562 2561/2561/2561 
f 2561/2561/2561 2653/2653/2653 2656/2656/2656 
f 2582/2582/2582 2658/2658/2658 2636/2636/2636 
f 2636/2636/2636 2580/2580/2580 2582/2582/2582 
f 2635/2635/2635 2577/2577/2577 2580/2580/2580 
f 2580/2580/2580 2636/2636/2636 2635/2635/2635 
f 2631/2631/2631 2598/2598/2598 2577/2577/2577 
f 2577/2577/2577 2635/2635/2635 2631/2631/2631 
f 2631/2631/2631 2625/2625/2625 2595/2595/2595 
f 2595/2595/2595 2598/2598/2598 2631/2631/2631 
f 2595/2595/2595 2625/2625/2625 2624/2624/2624 
f 2624/2624/2624 2600/2600/2600 2595/2595/2595 
f 2836/2836/2836 2837/2837/2837 2770/2770/2770 
f 2770/2770/2770 2793/2793/2793 2836/2836/2836 
f 2838/2838/2838 2759/2759/2759 2770/2770/2770 
f 2770/2770/2770 2837/2837/2837 2838/2838/2838 
f 2839/2839/2839 2756/2756/2756 2759/2759/2759 
f 2759/2759/2759 2838/2838/2838 2839/2839/2839 
f 2840/2840/2840 2808/2808/2808 2756/2756/2756 
f 2756/2756/2756 2839/2839/2839 2840/2840/2840 
f 2808/2808/2808 2840/2840/2840 2841/2841/2841 
f 2841/2841/2841 2752/2752/2752 2808/2808/2808 
f 2752/2752/2752 2841/2841/2841 2842/2842/2842 
f 2842/2842/2842 2753/2753/2753 2752/2752/2752 
f 2823/2823/2823 2753/2753/2753 2842/2842/2842 
f 2842/2842/2842 2843/2843/2843 2823/2823/2823 
f 2844/2844/2844 2650/2650/2650 2823/2823/2823 
f 2823/2823/2823 2843/2843/2843 2844/2844/2844 
f 2650/2650/2650 2844/2844/2844 2845/2845/2845 
f 2845/2845/2845 2647/2647/2647 2650/2650/2650 
f 2846/2846/2846 2566/2566/2566 2647/2647/2647 
f 2647/2647/2647 2845/2845/2845 2846/2846/2846 
f 2847/2847/2847 2567/2567/2567 2566/2566/2566 
f 2566/2566/2566 2846/2846/2846 2847/2847/2847 
f 2665/2665/2665 2567/2567/2567 2847/2847/2847 
f 2847/2847/2847 2848/2848/2848 2665/2665/2665 
f 2847/2847/2847 2563/2563/2563 2663/2663/2663 
f 2663/2663/2663 2848/2848/2848 2847/2847/2847 
f 2564/2564/2564 2563/2563/2563 2847/2847/2847 
f 2847/2847/2847 2846/2846/2846 2564/2564/2564 
f 2564/2564/2564 2846/2846/2846 2845/2845/2845 
f 2845/2845/2845 2654/2654/2654 2564/2564/2564 
f 2845/2845/2845 2844/2844/2844 2651/2651/2651 
f 2651/2651/2651 2654/2654/2654 2845/2845/2845 
f 2651/2651/2651 2844/2844/2844 2843/2843/2843 
f 2843/2843/2843 2821/2821/2821 2651/2651/2651 
f 2842/2842/2842 2750/2750/2750 2821/2821/2821 
f 2821/2821/2821 2843/2843/2843 2842/2842/2842 
f 2842/2842/2842 2841/2841/2841 2751/2751/2751 
f 2751/2751/2751 2750/2750/2750 2842/2842/2842 
f 2841/2841/2841 2840/2840/2840 2811/2811/2811 
f 2811/2811/2811 2751/2751/2751 2841/2841/2841 
f 2749/2749/2749 2811/2811/2811 2840/2840/2840 
f 2840/2840/2840 2839/2839/2839 2749/2749/2749 
f 2839/2839/2839 2838/2838/2838 2748/2748/2748 
f 2748/2748/2748 2749/2749/2749 2839/2839/2839 
f 2838/2838/2838 2837/2837/2837 2771/2771/2771 
f 2771/2771/2771 2748/2748/2748 2838/2838/2838 
f 2837/2837/2837 2836/2836/2836 2791/2791/2791 
f 2791/2791/2791 2771/2771/2771 2837/2837/2837 
f 2788/2788/2788 2774/2774/2774 2849/2849/2849 
f 2849/2849/2849 2850/2850/2850 2788/2788/2788 
f 2708/2708/2708 2851/2851/2851 2849/2849/2849 
f 2849/2849/2849 2774/2774/2774 2708/2708/2708 
f 2707/2707/2707 2852/2852/2852 2851/2851/2851 
f 2851/2851/2851 2708/2708/2708 2707/2707/2707 
f 2852/2852/2852 2707/2707/2707 2814/2814/2814 
f 2814/2814/2814 2853/2853/2853 2852/2852/2852 
f 2854/2854/2854 2853/2853/2853 2814/2814/2814 
f 2814/2814/2814 2746/2746/2746 2854/2854/2854 
f 2746/2746/2746 2747/2747/2747 2855/2855/2855 
f 2855/2855/2855 2854/2854/2854 2746/2746/2746 
f 2747/2747/2747 2817/2817/2817 2856/2856/2856 
f 2856/2856/2856 2855/2855/2855 2747/2747/2747 
f 2817/2817/2817 2657/2657/2657 2857/2857/2857 
f 2857/2857/2857 2856/2856/2856 2817/2817/2817 
f 2658/2658/2658 2858/2858/2858 2857/2857/2857 
f 2857/2857/2857 2657/2657/2657 2658/2658/2658 
f 2858/2858/2858 2658/2658/2658 2582/2582/2582 
f 2582/2582/2582 2859/2859/2859 2858/2858/2858 
f 2859/2859/2859 2582/2582/2582 2581/2581/2581 
f 2581/2581/2581 2860/2860/2860 2859/2859/2859 
f 2677/2677/2677 2861/2861/2861 2860/2860/2860 
f 2860/2860/2860 2581/2581/2581 2677/2677/2677 
f 2862/2862/2862 2863/2863/2863 2792/2792/2792 
f 2792/2792/2792 2769/2769/2769 2862/2862/2862 
f 2769/2769/2769 2758/2758/2758 2864/2864/2864 
f 2864/2864/2864 2862/2862/2862 2769/2769/2769 
f 2758/2758/2758 2757/2757/2757 2865/2865/2865 
f 2865/2865/2865 2864/2864/2864 2758/2758/2758 
f 2865/2865/2865 2757/2757/2757 2809/2809/2809 
f 2809/2809/2809 2866/2866/2866 2865/2865/2865 
f 2867/2867/2867 2866/2866/2866 2809/2809/2809 
f 2809/2809/2809 2755/2755/2755 2867/2867/2867 
f 2755/2755/2755 2754/2754/2754 2868/2868/2868 
f 2868/2868/2868 2867/2867/2867 2755/2755/2755 
f 2869/2869/2869 2868/2868/2868 2754/2754/2754 
f 2754/2754/2754 2822/2822/2822 2869/2869/2869 
f 2822/2822/2822 2649/2649/2649 2870/2870/2870 
f 2870/2870/2870 2869/2869/2869 2822/2822/2822 
f 2648/2648/2648 2871/2871/2871 2870/2870/2870 
f 2870/2870/2870 2649/2649/2649 2648/2648/2648 
f 2872/2872/2872 2871/2871/2871 2648/2648/2648 
f 2648/2648/2648 2565/2565/2565 2872/2872/2872 
f 2565/2565/2565 2568/2568/2568 2873/2873/2873 
f 2873/2873/2873 2872/2872/2872 2565/2565/2565 
f 2874/2874/2874 2873/2873/2873 2568/2568/2568 
f 2568/2568/2568 2664/2664/2664 2874/2874/2874 
f 2875/2875/2875 2876/2876/2876 2877/2877/2877 
f 2877/2877/2877 2878/2878/2878 2875/2875/2875 
f 2879/2879/2879 2880/2880/2880 2881/2881/2881 
f 2881/2881/2881 2882/2882/2882 2879/2879/2879 
f 2883/2883/2883 2884/2884/2884 2885/2885/2885 
f 2885/2885/2885 2886/2886/2886 2883/2883/2883 
f 2887/2887/2887 2888/2888/2888 2889/2889/2889 
f 2889/2889/2889 2890/2890/2890 2887/2887/2887 
f 2891/2891/2891 2892/2892/2892 2890/2890/2890 
f 2890/2890/2890 2889/2889/2889 2891/2891/2891 
f 2893/2893/2893 2892/2892/2892 2891/2891/2891 
f 2891/2891/2891 2894/2894/2894 2893/2893/2893 
f 2895/2895/2895 2896/2896/2896 2897/2897/2897 
f 2897/2897/2897 2898/2898/2898 2895/2895/2895 
f 2899/2899/2899 2900/2900/2900 2901/2901/2901 
f 2901/2901/2901 2902/2902/2902 2899/2899/2899 
f 2903/2903/2903 2904/2904/2904 2905/2905/2905 
f 2905/2905/2905 2906/2906/2906 2903/2903/2903 
f 2907/2907/2907 2908/2908/2908 2909/2909/2909 
f 2909/2909/2909 2910/2910/2910 2907/2907/2907 
f 2909/2909/2909 2908/2908/2908 2911/2911/2911 
f 2911/2911/2911 2912/2912/2912 2909/2909/2909 
f 2913/2913/2913 2912/2912/2912 2911/2911/2911 
f 2911/2911/2911 2914/2914/2914 2913/2913/2913 
f 2876/2876/2876 2875/2875/2875 2881/2881/2881 
f 2881/2881/2881 2880/2880/2880 2876/2876/2876 
f 2883/2883/2883 2879/2879/2879 2882/2882/2882 
f 2882/2882/2882 2884/2884/2884 2883/2883/2883 
f 2877/2877/2877 2913/2913/2913 2914/2914/2914 
f 2914/2914/2914 2878/2878/2878 2877/2877/2877 
f 2888/2888/2888 2887/2887/2887 2886/2886/2886 
f 2886/2886/2886 2885/2885/2885 2888/2888/2888 
f 2901/2901/2901 2896/2896/2896 2895/2895/2895 
f 2895/2895/2895 2902/2902/2902 2901/2901/2901 
f 2905/2905/2905 2904/2904/2904 2900/2900/2900 
f 2900/2900/2900 2899/2899/2899 2905/2905/2905 
f 2906/2906/2906 2907/2907/2907 2910/2910/2910 
f 2910/2910/2910 2903/2903/2903 2906/2906/2906 
f 2898/2898/2898 2897/2897/2897 2893/2893/2893 
f 2893/2893/2893 2894/2894/2894 2898/2898/2898 
f 2915/2915/2915 2916/2916/2916 2917/2917/2917 
f 2917/2917/2917 2918/2918/2918 2915/2915/2915 
f 2919/2919/2919 2920/2920/2920 2921/2921/2921 
f 2921/2921/2921 2922/2922/2922 2919/2919/2919 
f 2923/2923/2923 2924/2924/2924 2925/2925/2925 
f 2925/2925/2925 2926/2926/2926 2923/2923/2923 
f 2927/2927/2927 2928/2928/2928 2929/2929/2929 
f 2929/2929/2929 2930/2930/2930 2927/2927/2927 
f 2931/2931/2931 2932/2932/2932 2930/2930/2930 
f 2930/2930/2930 2929/2929/2929 2931/2931/2931 
f 2933/2933/2933 2932/2932/2932 2931/2931/2931 
f 2931/2931/2931 2934/2934/2934 2933/2933/2933 
f 2935/2935/2935 2936/2936/2936 2937/2937/2937 
f 2937/2937/2937 2938/2938/2938 2935/2935/2935 
f 2939/2939/2939 2940/2940/2940 2941/2941/2941 
f 2941/2941/2941 2942/2942/2942 2939/2939/2939 
f 2943/2943/2943 2944/2944/2944 2945/2945/2945 
f 2945/2945/2945 2946/2946/2946 2943/2943/2943 
f 2947/2947/2947 2948/2948/2948 2949/2949/2949 
f 2949/2949/2949 2950/2950/2950 2947/2947/2947 
f 2951/2951/2951 2949/2949/2949 2948/2948/2948 
f 2948/2948/2948 2952/2952/2952 2951/2951/2951 
f 2952/2952/2952 2953/2953/2953 2954/2954/2954 
f 2954/2954/2954 2951/2951/2951 2952/2952/2952 
f 2921/2921/2921 2915/2915/2915 2918/2918/2918 
f 2918/2918/2918 2922/2922/2922 2921/2921/2921 
f 2924/2924/2924 2923/2923/2923 2920/2920/2920 
f 2920/2920/2920 2919/2919/2919 2924/2924/2924 
f 2954/2954/2954 2953/2953/2953 2917/2917/2917 
f 2917/2917/2917 2916/2916/2916 2954/2954/2954 
f 2925/2925/2925 2928/2928/2928 2927/2927/2927 
f 2927/2927/2927 2926/2926/2926 2925/2925/2925 
f 2940/2940/2940 2939/2939/2939 2938/2938/2938 
f 2938/2938/2938 2937/2937/2937 2940/2940/2940 
f 2942/2942/2942 2941/2941/2941 2945/2945/2945 
f 2945/2945/2945 2944/2944/2944 2942/2942/2942 
f 2943/2943/2943 2946/2946/2946 2947/2947/2947 
f 2947/2947/2947 2950/2950/2950 2943/2943/2943 
f 2936/2936/2936 2935/2935/2935 2933/2933/2933 
f 2933/2933/2933 2934/2934/2934 2936/2936/2936 
f 2878/2878/2878 2914/2914/2914 2954/2954/2954 
f 2954/2954/2954 2916/2916/2916 2878/2878/2878 
f 2915/2915/2915 2875/2875/2875 2878/2878/2878 
f 2878/2878/2878 2916/2916/2916 2915/2915/2915 
f 2915/2915/2915 2921/2921/2921 2881/2881/2881 
f 2881/2881/2881 2875/2875/2875 2915/2915/2915 
f 2921/2921/2921 2920/2920/2920 2882/2882/2882 
f 2882/2882/2882 2881/2881/2881 2921/2921/2921 
f 2920/2920/2920 2923/2923/2923 2884/2884/2884 
f 2884/2884/2884 2882/2882/2882 2920/2920/2920 
f 2885/2885/2885 2884/2884/2884 2923/2923/2923 
f 2923/2923/2923 2926/2926/2926 2885/2885/2885 
f 2927/2927/2927 2888/2888/2888 2885/2885/2885 
f 2885/2885/2885 2926/2926/2926 2927/2927/2927 
f 2930/2930/2930 2889/2889/2889 2888/2888/2888 
f 2888/2888/2888 2927/2927/2927 2930/2930/2930 
f 2932/2932/2932 2891/2891/2891 2889/2889/2889 
f 2889/2889/2889 2930/2930/2930 2932/2932/2932 
f 2933/2933/2933 2894/2894/2894 2891/2891/2891 
f 2891/2891/2891 2932/2932/2932 2933/2933/2933 
f 2933/2933/2933 2935/2935/2935 2898/2898/2898 
f 2898/2898/2898 2894/2894/2894 2933/2933/2933 
f 2895/2895/2895 2898/2898/2898 2935/2935/2935 
f 2935/2935/2935 2938/2938/2938 2895/2895/2895 
f 2938/2938/2938 2939/2939/2939 2902/2902/2902 
f 2902/2902/2902 2895/2895/2895 2938/2938/2938 
f 2902/2902/2902 2939/2939/2939 2942/2942/2942 
f 2942/2942/2942 2899/2899/2899 2902/2902/2902 
f 2942/2942/2942 2944/2944/2944 2905/2905/2905 
f 2905/2905/2905 2899/2899/2899 2942/2942/2942 
f 2905/2905/2905 2944/2944/2944 2943/2943/2943 
f 2943/2943/2943 2906/2906/2906 2905/2905/2905 
f 2943/2943/2943 2950/2950/2950 2907/2907/2907 
f 2907/2907/2907 2906/2906/2906 2943/2943/2943 
f 2908/2908/2908 2907/2907/2907 2950/2950/2950 
f 2950/2950/2950 2949/2949/2949 2908/2908/2908 
f 2949/2949/2949 2951/2951/2951 2911/2911/2911 
f 2911/2911/2911 2908/2908/2908 2949/2949/2949 
f 2914/2914/2914 2911/2911/2911 2951/2951/2951 
f 2951/2951/2951 2954/2954/2954 2914/2914/2914 
f 2953/2953/2953 2955/2955/2955 2956/2956/2956 
f 2956/2956/2956 2917/2917/2917 2953/2953/2953 
f 2918/2918/2918 2917/2917/2917 2956/2956/2956 
f 2956/2956/2956 2957/2957/2957 2918/2918/2918 
f 2958/2958/2958 2922/2922/2922 2918/2918/2918 
f 2918/2918/2918 2957/2957/2957 2958/2958/2958 
f 2959/2959/2959 2919/2919/2919 2922/2922/2922 
f 2922/2922/2922 2958/2958/2958 2959/2959/2959 
f 2959/2959/2959 2960/2960/2960 2924/2924/2924 
f 2924/2924/2924 2919/2919/2919 2959/2959/2959 
f 2960/2960/2960 2961/2961/2961 2925/2925/2925 
f 2925/2925/2925 2924/2924/2924 2960/2960/2960 
f 2962/2962/2962 2928/2928/2928 2925/2925/2925 
f 2925/2925/2925 2961/2961/2961 2962/2962/2962 
f 2963/2963/2963 2929/2929/2929 2928/2928/2928 
f 2928/2928/2928 2962/2962/2962 2963/2963/2963 
f 2963/2963/2963 2964/2964/2964 2931/2931/2931 
f 2931/2931/2931 2929/2929/2929 2963/2963/2963 
f 2934/2934/2934 2931/2931/2931 2964/2964/2964 
f 2964/2964/2964 2965/2965/2965 2934/2934/2934 
f 2966/2966/2966 2936/2936/2936 2934/2934/2934 
f 2934/2934/2934 2965/2965/2965 2966/2966/2966 
f 2966/2966/2966 2967/2967/2967 2937/2937/2937 
f 2937/2937/2937 2936/2936/2936 2966/2966/2966 
f 2967/2967/2967 2968/2968/2968 2940/2940/2940 
f 2940/2940/2940 2937/2937/2937 2967/2967/2967 
f 2941/2941/2941 2940/2940/2940 2968/2968/2968 
f 2968/2968/2968 2969/2969/2969 2941/2941/2941 
f 2945/2945/2945 2941/2941/2941 2969/2969/2969 
f 2969/2969/2969 2970/2970/2970 2945/2945/2945 
f 2970/2970/2970 2971/2971/2971 2946/2946/2946 
f 2946/2946/2946 2945/2945/2945 2970/2970/2970 
f 2946/2946/2946 2971/2971/2971 2972/2972/2972 
f 2972/2972/2972 2947/2947/2947 2946/2946/2946 
f 2948/2948/2948 2947/2947/2947 2972/2972/2972 
f 2972/2972/2972 2973/2973/2973 2948/2948/2948 
f 2948/2948/2948 2973/2973/2973 2974/2974/2974 
f 2974/2974/2974 2952/2952/2952 2948/2948/2948 
f 2974/2974/2974 2955/2955/2955 2953/2953/2953 
f 2953/2953/2953 2952/2952/2952 2974/2974/2974 
f 2956/2956/2956 2955/2955/2955 2975/2975/2975 
f 2957/2957/2957 2956/2956/2956 2975/2975/2975 
f 2958/2958/2958 2957/2957/2957 2975/2975/2975 
f 2959/2959/2959 2958/2958/2958 2975/2975/2975 
f 2960/2960/2960 2959/2959/2959 2975/2975/2975 
f 2961/2961/2961 2960/2960/2960 2975/2975/2975 
f 2962/2962/2962 2961/2961/2961 2975/2975/2975 
f 2963/2963/2963 2962/2962/2962 2975/2975/2975 
f 2964/2964/2964 2963/2963/2963 2975/2975/2975 
f 2965/2965/2965 2964/2964/2964 2975/2975/2975 
f 2966/2966/2966 2965/2965/2965 2975/2975/2975 
f 2967/2967/2967 2966/2966/2966 2975/2975/2975 
f 2968/2968/2968 2967/2967/2967 2975/2975/2975 
f 2969/2969/2969 2968/2968/2968 2975/2975/2975 
f 2970/2970/2970 2969/2969/2969 2975/2975/2975 
f 2971/2971/2971 2970/2970/2970 2975/2975/2975 
f 2972/2972/2972 2971/2971/2971 2975/2975/2975 
f 2973/2973/2973 2972/2972/2972 2975/2975/2975 
f 2974/2974/2974 2973/2973/2973 2975/2975/2975 
f 2955/2955/2955 2974/2974/2974 2975/2975/2975 
f 2976/2976/2976 2977/2977/2977 2978/2978/2978 
f 2979/2979/2979 2980/2980/2980 2981/2981/2981 
f 2982/2982/2982 2983/2983/2983 2984/2984/2984 
f 2985/2985/2985 2986/2986/2986 2987/2987/2987 
f 2988/2988/2988 2989/2989/2989 2990/2990/2990 
f 2991/2991/2991 2992/2992/2992 2993/2993/2993 
f 2994/2994/2994 2995/2995/2995 2996/2996/2996 
f 2997/2997/2997 2998/2998/2998 2999/2999/2999 
f 3000/3000/3000 3001/3001/3001 3002/3002/3002 
f 3003/3003/3003 3004/3004/3004 3005/3005/3005 
f 3006/3006/3006 3007/3007/3007 3008/3008/3008 
f 3009/3009/3009 3010/3010/3010 3011/3011/3011 
f 3012/3012/3012 3013/3013/3013 3014/3014/3014 
f 3015/3015/3015 3016/3016/3016 3017/3017/3017 
f 3018/3018/3018 3019/3019/3019 3020/3020/3020 
f 3021/3021/3021 3022/3022/3022 3023/3023/3023 
f 3024/3024/3024 3025/3025/3025 3026/3026/3026 
f 3027/3027/3027 3028/3028/3028 3029/3029/3029 
f 3030/3030/3030 3031/3031/3031 3032/3032/3032 
f 3033/3033/3033 3034/3034/3034 3035/3035/3035 
f 3036/3036/3036 3037/3037/3037 3038/3038/3038 
f 3039/3039/3039 3040/3040/3040 3041/3041/3041 
f 3042/3042/3042 3043/3043/3043 3044/3044/3044 
f 3045/3045/3045 3046/3046/3046 3047/3047/3047 

g Npc3

v -4.98466 3.59326 2.68278 
v -5.01089 3.47192 2.64947 
v -5.09234 3.48541 2.63071 
v -5.09233 3.61549 2.65985 
v -5.04528 3.32039 2.69076 
v -5.09233 3.30573 2.66865 
v -5.09232 3.13757 3.04776 
v -5.09232 3.19059 2.76097 
v -5.07355 3.2069 2.78332 
v -5.09231 3.19741 3.24371 
v -5.07891 3.18449 3.22938 
v -5.02263 3.47325 3.36698 
v -5.09231 3.48541 3.37548 
v -5.09233 3.38076 3.36723 
v -5.05265 3.36693 3.34517 
v -4.9626 3.71448 3.28062 
v -5.09233 3.75582 3.27834 
v -5.09232 3.6337 3.36233 
v -4.99027 3.60704 3.35454 
v -4.94427 3.79111 3.01599 
v -5.09231 3.85192 3.0031 
v -5.09232 3.8453 3.15726 
v -4.94649 3.77642 3.16517 
v -5.09232 3.82466 2.87251 
v -4.94441 3.7742 2.89065 
v -4.9616 3.70431 2.76082 
v -5.09232 3.74361 2.73947 
v -4.7682 2.9962 2.81814 
v -4.86819 2.94554 2.86765 
v -4.88636 3.01597 2.83859 
v -4.78844 3.07001 2.79199 
v -5.00718 2.94756 3.10961 
v -4.96471 2.97727 2.9152 
v -4.94346 2.90547 2.94815 
v -4.98846 2.87632 3.1381 
v -4.99251 2.955 3.18899 
v -4.97178 2.88416 3.20815 
v -4.59228 3.17333 3.00797 
v -4.56754 3.08761 3.03783 
v -4.61001 3.06791 2.91551 
v -4.6322 3.15314 2.88717 
v -4.67627 3.03539 2.84247 
v -4.69916 3.11808 2.81528 
v -4.82332 3.21816 2.76824 
v -4.92282 3.16414 2.80888 
v -4.94665 3.23733 2.75761 
v -4.85346 3.32659 2.71559 
v -5.06842 3.15106 3.06695 
v -5.02363 3.18042 2.83529 
v -5.0014 3.12281 2.88852 
v -5.04454 3.08805 3.091 
v -5.05046 3.16423 3.19672 
v -5.0283 3.09569 3.18814 
v -4.83879 3.19136 3.38998 
v -4.88316 3.31329 3.38638 
v -4.96635 3.24369 3.34478 
v -4.94329 3.14107 3.34481 
v -4.65999 3.29107 3.32415 
v -4.68627 3.46891 3.3035 
v -4.76143 3.40031 3.35792 
v -4.73382 3.24881 3.371 
v -4.60439 3.32049 3.09457 
v -4.63819 3.50651 3.06798 
v -4.65154 3.49168 3.19837 
v -4.6226 3.30983 3.22168 
v -4.64942 3.49709 2.95262 
v -4.61505 3.31794 2.98688 
v -4.65463 3.29864 2.86656 
v -4.68909 3.4688 2.82377 
v -4.72813 3.26419 2.7946 
v -4.7632 3.4041 2.74829 
v -4.71782 2.85894 2.79688 
v -4.82191 2.81688 2.85135 
v -4.91501 2.76739 2.94035 
v -4.95247 2.72906 3.12628 
v -4.9304 2.73313 3.20545 
v -4.71094 2.79781 3.39947 
v -4.77066 2.95705 3.4135 
v -4.86051 2.92619 3.34633 
v -4.83143 2.76358 3.3433 
v -4.51213 2.89323 3.30733 
v -4.60454 3.05826 3.31869 
v -4.67164 2.9909 3.37498 
v -4.59419 2.84807 3.38071 
v -4.48089 2.91498 3.02502 
v -4.53098 2.90936 2.89875 
v -4.60695 2.8905 2.82447 
v -4.9947 3.30817 2.70292 
v -4.9267 3.44104 2.66322 
v -4.88814 3.39456 2.68781 
v -4.97048 3.27793 2.72823 
v -5.05551 3.20389 2.79241 
v -5.03894 3.19622 2.80598 
v -5.0782 3.16046 3.05581 
v -5.06223 3.18403 3.20578 
v -4.9143 3.38413 3.38004 
v -4.95101 3.43254 3.37427 
v -5.01075 3.32137 3.34668 
v -4.98827 3.28844 3.34583 
v -4.75399 3.57563 3.29913 
v -4.82919 3.64894 3.29593 
v -4.88483 3.55419 3.36255 
v -4.82238 3.49145 3.36015 
v -4.71358 3.62302 3.04833 
v -4.79359 3.70599 3.03087 
v -4.79654 3.69312 3.18133 
v -4.72125 3.6094 3.18914 
v -4.79125 3.70112 2.90563 
v -4.71757 3.61608 2.92787 
v -4.7542 3.57144 2.79761 
v -4.82702 3.6407 2.77348 
v -4.87392 3.54721 2.69558 
v -4.81738 3.48978 2.72074 
v -4.90707 2.13454 2.66364 
v -4.87513 2.20656 2.67833 
v -4.8128 2.16175 2.65347 
v -4.84624 2.09958 2.64252 
v -4.93556 1.98817 2.63582 
v -4.92178 2.05899 2.64928 
v -4.8707 2.03383 2.63755 
v -4.89363 1.9722 2.63289 
v -4.91872 1.95058 2.68837 
v -4.95987 1.99424 2.67074 
v -4.93556 1.98817 2.63582 
v -4.78093 2.11048 2.68366 
v -4.8108 2.07112 2.67982 
v -4.83333 2.01386 2.67469 
v -4.86344 1.96604 2.66577 
v -4.86344 1.96604 2.66577 
v -4.89363 1.9722 2.63289 
v -4.8108 2.07112 2.67982 
v -4.78093 2.11048 2.68366 
v -4.78574 2.07651 2.76628 
v -4.81897 2.05744 2.74924 
v -4.83333 2.01386 2.67469 
v -4.83938 2.00548 2.73544 
v -4.8675 1.96261 2.7184 
v -4.86344 1.96604 2.66577 
v -4.82753 2.07212 2.82874 
v -4.8649 2.06838 2.79749 
v -4.88014 2.01144 2.7765 
v -4.90342 1.96392 2.75272 
v -4.89048 2.13245 2.85805 
v -4.9217 2.09752 2.7963 
v -4.94388 1.97868 2.74861 
v -4.93315 2.03618 2.77169 
v -4.91901 2.19602 2.8276 
v -4.95126 2.1268 2.7663 
v -4.95771 2.05668 2.74297 
v -4.96375 1.99096 2.7211 
v -4.96375 1.99096 2.7211 
v -4.95126 2.1268 2.7663 
v -4.91901 2.19602 2.8276 
v -4.92466 2.21359 2.74198 
v -4.94863 2.1422 2.71339 
v -4.96375 1.99096 2.7211 
v -4.95771 2.05668 2.74297 
v -4.95443 2.06582 2.69138 
v -4.95987 1.99424 2.67074 
v -4.38171 1.70103 3.12814 
v -4.45122 1.7352 3.15303 
v -4.48695 1.65766 3.14859 
v -4.43086 1.61898 3.11714 
v -4.50552 1.55891 3.10657 
v -4.54634 1.59955 3.13369 
v -4.59935 1.54768 3.12038 
v -4.62058 1.54188 3.04051 
v -4.57216 1.50531 3.09714 
v -4.45122 1.7352 3.15303 
v -4.506 1.76718 3.11987 
v -4.54294 1.69622 3.11674 
v -4.48695 1.65766 3.14859 
v -4.54634 1.59955 3.13369 
v -4.59682 1.64682 3.1062 
v -4.62651 1.58994 3.09684 
v -4.53161 1.78072 3.04023 
v -4.56604 1.71206 3.04024 
v -4.61365 1.66347 3.04026 
v -4.63775 1.60732 3.04032 
v -4.50574 1.76686 2.96076 
v -4.54273 1.6959 2.96391 
v -4.59669 1.64652 2.97445 
v -4.62646 1.58966 2.98391 
v -4.44355 1.73373 2.92802 
v -4.48665 1.65721 2.93246 
v -4.54616 1.59913 2.94737 
v -4.59928 1.54729 2.96067 
v -4.38146 1.70072 2.96118 
v -4.43065 1.61865 2.96431 
v -4.48665 1.65721 2.93246 
v -4.44355 1.73373 2.92802 
v -4.5054 1.55862 2.97482 
v -4.54616 1.59913 2.94737 
v -4.57212 1.50504 2.98421 
v -4.35585 1.68717 3.04851 
v -4.40755 1.60282 3.04508 
v -4.48857 1.54196 3.04278 
v -4.56088 1.48765 3.04073 
v -4.43411 1.81076 2.9297 
v -4.49592 1.83351 2.9574 
v -4.52451 1.84489 3.04022 
v -4.49622 1.83379 3.12322 
v -4.45004 1.81006 3.15894 
v -4.35134 1.7795 3.13387 
v -4.45004 1.81006 3.15894 
v -4.32274 1.76811 3.05184 
v -4.35104 1.77921 2.95783 
v -4.43411 1.81076 2.9297 
v -4.48383 1.74366 3.33488 
v -4.53577 1.76735 3.32918 
v -4.56201 1.70805 3.3152 
v -4.51451 1.67999 3.32022 
v -4.55521 1.636 3.29676 
v -4.59259 1.66582 3.29395 
v -4.62799 1.61694 3.26935 
v -4.60233 1.58509 3.2696 
v -4.62799 1.61694 3.26935 
v -4.61823 1.60418 3.20921 
v -4.60233 1.58509 3.2696 
v -4.56737 1.78555 3.27452 
v -4.59052 1.73033 3.26816 
v -4.56201 1.70805 3.3152 
v -4.53577 1.76735 3.32918 
v -4.59259 1.66582 3.29395 
v -4.61801 1.69371 3.25155 
v -4.63965 1.64449 3.23804 
v -4.62799 1.61694 3.26935 
v -4.5609 1.78684 3.21031 
v -4.58334 1.73375 3.20665 
v -4.6099 1.69885 3.19814 
v -4.63047 1.65161 3.194 
v -4.51961 1.77101 3.16892 
v -4.54467 1.71634 3.16671 
v -4.57774 1.6814 3.16236 
v -4.60584 1.63413 3.16304 
v -4.46766 1.74732 3.17461 
v -4.49717 1.68827 3.17173 
v -4.53564 1.64841 3.16782 
v -4.58018 1.60227 3.16329 
v -4.58018 1.60227 3.16329 
v -4.43551 1.72967 3.22405 
v -4.46866 1.666 3.21877 
v -4.49717 1.68827 3.17173 
v -4.46766 1.74732 3.17461 
v -4.51494 1.6237 3.20757 
v -4.56852 1.57472 3.19461 
v -4.58018 1.60227 3.16329 
v -4.53564 1.64841 3.16782 
v -4.56852 1.57472 3.19461 
v -4.44197 1.72837 3.28826 
v -4.47584 1.66257 3.28027 
v -4.52305 1.61855 3.26098 
v -4.57769 1.5676 3.23864 
v -4.57769 1.5676 3.23864 
v -4.51428 1.82906 3.16346 
v -4.55838 1.8432 3.20639 
v -4.56407 1.84418 3.27351 
v -4.52894 1.82943 3.33802 
v -4.4647 1.81043 3.34443 
v -4.52894 1.82943 3.33802 
v -4.41967 1.79831 3.28898 
v -4.41398 1.79732 3.22186 
v -4.41169 1.7098 2.87164 
v -4.46047 1.73866 2.91307 
v -4.50198 1.6728 2.90993 
v -4.45863 1.63914 2.87017 
v -4.52523 1.5911 2.86828 
v -4.55619 1.62625 2.90216 
v -4.60861 1.58123 2.89464 
v -4.58964 1.54463 2.86646 
v -4.60861 1.58123 2.89464 
v -4.64058 1.5808 2.82842 
v -4.58964 1.54463 2.86646 
v -4.46047 1.73866 2.91307 
v -4.51749 1.77207 2.89703 
v -4.55327 1.71082 2.89449 
v -4.50198 1.6728 2.90993 
v -4.55619 1.62625 2.90216 
v -4.6013 1.67072 2.8897 
v -4.63349 1.62103 2.88205 
v -4.60861 1.58123 2.89464 
v -4.54939 1.79045 2.83292 
v -4.58247 1.73092 2.8329 
v -4.6239 1.69061 2.83603 
v -4.64971 1.64072 2.83605 
v -4.53744 1.78304 2.7583 
v -4.57247 1.72134 2.76123 
v -4.61799 1.67983 2.77413 
v -4.64775 1.62878 2.7836 
v -4.48867 1.75419 2.71687 
v -4.52913 1.68768 2.72147 
v -4.57979 1.63913 2.73873 
v -4.62879 1.59218 2.75541 
v -4.62879 1.59218 2.75541 
v -4.43164 1.72077 2.73291 
v -4.47782 1.64966 2.73691 
v -4.52913 1.68768 2.72147 
v -4.48867 1.75419 2.71687 
v -4.54192 1.60021 2.75272 
v -4.60391 1.55238 2.76801 
v -4.62879 1.59218 2.75541 
v -4.57979 1.63913 2.73873 
v -4.60391 1.55238 2.76801 
v -4.39976 1.70239 2.79702 
v -4.44862 1.62954 2.7985 
v -4.51932 1.5803 2.80638 
v -4.58769 1.53268 2.814 
v -4.58769 1.53268 2.814 
v -4.46346 1.82698 2.71542 
v -4.52558 1.85071 2.75863 
v -4.53958 1.85579 2.83642 
v -4.50482 1.83924 2.90321 
v -4.37955 1.78703 2.87669 
v -4.36553 1.78195 2.7989 
v -4.40029 1.79849 2.7321 
v -4.46346 1.82698 2.71542 
v -4.8427 2.32179 3.14698 
v -4.82808 2.33556 3.084 
v -4.83158 2.29203 3.08391 
v -4.85223 2.26807 3.13879 
v -4.88438 2.2567 2.88506 
v -4.86599 2.32841 2.93019 
v -4.86089 2.3456 2.81564 
v -4.89757 2.27625 2.76967 
v -4.79564 2.34756 2.74434 
v -4.68435 2.31194 2.72515 
v -4.74771 2.21085 2.66979 
v -4.84078 2.26979 2.69337 
v -4.52866 2.27806 2.7768 
v -4.54384 2.16803 2.73296 
v -4.37198 2.16147 2.86304 
v -4.32282 1.93195 2.91826 
v -4.31054 1.94223 2.80507 
v -4.55794 2.13088 3.37722 
v -4.46004 1.97296 3.37249 
v -4.38171 2.15708 3.2537 
v -4.73582 2.11806 3.32189 
v -4.81838 2.18374 3.28358 
v -4.81194 2.11593 3.24635 
v -4.76423 2.07727 3.26651 
v -4.58223 1.90568 3.14319 
v -4.72883 2.14624 2.68716 
v -4.58122 2.10678 2.73095 
v -4.34396 1.93998 3.28793 
v -4.57654 1.93862 2.75872 
v -4.59253 1.92122 2.85639 
v -4.55328 1.95296 3.34408 
v -4.61079 1.91083 3.28413 
v -4.63028 2.05826 2.78621 
v -4.58122 2.10678 2.73095 
v -4.61712 2.01347 2.76986 
v -4.76848 2.08136 3.1455 
v -4.84559 2.18263 3.1359 
v -4.67074 2.0397 3.28757 
v -4.64383 2.06097 3.34081 
v -4.65297 2.0303 3.05309 
v -4.62243 2.01624 3.14655 
v -4.77095 2.10439 3.07652 
v -4.73058 2.09379 2.78178 
v -4.65559 2.03263 2.87961 
v -4.76859 2.07544 2.85718 
v -4.3285 1.93747 3.1743 
v -4.27041 1.92401 3.05548 
v -4.31988 2.15183 3.05643 
v -4.59096 2.47004 2.8482 
v -4.50233 2.47221 2.86333 
v -4.51098 2.39218 2.82983 
v -4.62364 2.40699 2.7919 
v -4.43642 2.46913 2.92558 
v -4.39405 2.4638 2.99092 
v -4.37462 2.3776 2.97627 
v -4.41762 2.37785 2.90381 
v -4.35362 2.37356 3.06067 
v -4.37635 2.4584 3.06695 
v -4.38092 2.45185 3.15465 
v -4.36876 2.3671 3.15968 
v -4.5125 2.44799 3.3051 
v -4.50608 2.35815 3.33416 
v -4.39312 2.36034 3.23029 
v -4.40897 2.44936 3.22076 
v -4.72028 2.4367 3.25775 
v -4.74506 2.36553 3.28163 
v -4.6372 2.35981 3.31611 
v -4.63508 2.43762 3.28594 
v -4.81986 2.37792 3.08437 
v -4.82807 2.37243 3.14364 
v -4.79878 2.44013 3.14366 
v -4.79845 2.44207 3.0864 
v -4.83187 2.39354 2.961 
v -4.7692 2.45484 2.95276 
v -4.82261 2.41295 2.86403 
v -4.70561 2.47002 2.85931 
v -4.7489 2.42332 2.79775 
v -4.58423 1.88281 3.0429 
v -4.56704 1.91039 2.95576 
v -4.38014 1.95826 2.72641 
v -4.48789 1.97266 2.7184 
v -4.79845 2.44207 3.0864 
v -4.81986 2.37792 3.08437 
v -4.83158 2.29203 3.08391 
v -4.82808 2.33556 3.084 
v -4.88438 2.2567 2.88506 
v -4.86206 2.16424 2.91425 
v -4.85237 2.19597 3.03519 
v -4.83158 2.29203 3.08391 
v -4.76413 2.07698 2.99769 
v -4.62104 2.01248 2.96853 
v -4.63893 1.99117 2.86905 
v -4.60957 1.97472 2.96272 
v -4.63373 1.97242 3.04845 
v -4.61723 1.97462 3.14502 
v -4.65549 1.9903 3.286 
v -4.82722 2.18508 3.07966 
v -4.72883 2.14624 2.68716 
v -4.55328 1.95296 3.34408 
v -4.48789 1.97266 2.7184 
v -4.85223 2.26807 3.13879 
v -4.34924 2.15523 3.16683 
v -4.33527 2.1584 2.95168 
v -4.64383 2.06097 3.34081 
v -4.69306 2.2055 3.33874 
v -4.73582 2.11806 3.32189 
v -4.7982 2.27514 3.2921 
v -4.81838 2.18374 3.28358 
v -4.55448 3.09405 3.14733 
v -4.58075 3.17804 3.11609 
v -4.59766 3.16382 3.22337 
v -4.56895 3.08019 3.24225 
v -4.47664 2.90932 3.23246 
v -4.46147 2.91631 3.13948 
v -4.63455 3.1419 3.3098 
v -4.70184 3.10096 3.36347 
v -4.79732 3.04719 3.38923 
v -4.90696 3.00303 3.3328 
v -4.66696 2.70328 2.80374 
v -4.55981 2.72397 2.82746 
v -4.48417 2.73449 2.90047 
v -4.43477 2.73575 3.00739 
v -4.42653 2.72712 3.20699 
v -4.41507 2.73429 3.11144 
v -4.46069 2.71598 3.28202 
v -4.55613 2.68708 3.36386 
v -4.6814 2.65118 3.36747 
v -4.78975 2.63272 3.32029 
v -4.8824 2.6151 3.1854 
v -4.89884 2.61337 3.11143 
v -4.86293 2.64282 2.9381 
v -4.77755 2.68029 2.8426 
v -4.86293 2.64282 2.9381 
v -4.91501 2.76739 2.94035 
v -4.94346 2.90547 2.94815 
v -4.96471 2.97727 2.9152 
v -5.0014 3.12281 2.88852 
v -5.02363 3.18042 2.83529 
v -5.05551 3.20389 2.79241 
v -5.03894 3.19622 2.80598 
v -5.07355 3.2069 2.78332 
v -5.09232 3.19059 2.76097 
v -5.09233 3.75582 3.27834 
v -4.9626 3.71448 3.28062 
v -4.82919 3.64894 3.29593 
v -4.75399 3.57563 3.29913 
v -4.68627 3.46891 3.3035 
v -4.65999 3.29107 3.32415 
v -4.63455 3.1419 3.3098 
v -4.60454 3.05826 3.31869 
v -4.51213 2.89323 3.30733 
v -4.46069 2.71598 3.28202 
v -5.09229 3.28487 3.33817 
v -5.07334 3.26274 3.31095 
v -5.06003 3.24176 3.29535 
v -5.0447 3.21086 3.29626 
v -5.03072 3.17941 3.29728 
v -5.01045 3.10434 3.29498 
v -4.97637 2.9634 3.27639 
v -4.9534 2.89283 3.28537 
v -4.90606 2.73761 3.29277 
v -4.86426 2.617 3.26696 
v -4.78553 2.438 3.20682 
v -4.82353 2.36638 3.20901 
v -4.84521 2.30662 3.21644 
v -4.8614 2.24164 3.19932 
v -4.8614 2.24164 3.19932 
v -4.7319 2.55787 2.85235 
v -4.62261 2.56717 2.82968 
v -4.80456 2.53341 2.94665 
v -4.83659 2.51369 3.09682 
v -4.80456 2.53341 2.94665 
v -4.82616 2.51328 3.16104 
v -4.81465 2.51283 3.23187 
v -4.74554 2.51862 3.28379 
v -4.65437 2.52656 3.3199 
v -4.53067 2.54756 3.32957 
v -4.43051 2.5604 3.24627 
v -4.43051 2.5604 3.24627 
v -4.39991 2.56649 3.17645 
v -4.39248 2.5733 3.08548 
v -4.411 2.57706 2.99778 
v -4.4563 2.57964 2.91512 
v -4.52627 2.57706 2.84839 
v -4.70561 2.47002 2.85931 
v -4.59096 2.47004 2.8482 
v -4.7692 2.45484 2.95276 
v -4.79845 2.44207 3.0864 
v -4.7692 2.45484 2.95276 
v -4.79878 2.44013 3.14366 
v -4.78553 2.438 3.20682 
v -4.72028 2.4367 3.25775 
v -4.63508 2.43762 3.28594 
v -4.5125 2.44799 3.3051 
v -4.40897 2.44936 3.22076 
v -4.40897 2.44936 3.22076 
v -4.38092 2.45185 3.15465 
v -4.37635 2.4584 3.06695 
v -4.39405 2.4638 2.99092 
v -4.43642 2.46913 2.92558 
v -4.50233 2.47221 2.86333 
v -4.57216 1.50531 3.09714 
v -4.56088 1.48765 3.04073 
v -4.57212 1.50504 2.98421 
v -4.59928 1.54729 2.96067 
v -4.59928 1.54729 2.96067 
v -4.59935 1.54768 3.12038 
v -4.59935 1.54768 3.12038 
v -4.78553 2.438 3.20682 
v -4.81465 2.51283 3.23187 
v -4.86426 2.617 3.26696 
v -4.90606 2.73761 3.29277 
v -4.9534 2.89283 3.28537 
v -4.97637 2.9634 3.27639 
v -5.01045 3.10434 3.29498 
v -5.03072 3.17941 3.29728 
v -5.0447 3.21086 3.29626 
v -5.06003 3.24176 3.29535 
v -5.07334 3.26274 3.31095 
v -5.09229 3.28487 3.33817 
v -5.09233 3.30573 2.66865 
v -5.09232 3.19059 2.76097 
v -5.09232 3.49515 3.00369 
v -5.09232 3.19059 2.76097 
v -5.09232 3.13757 3.04776 
v -5.09232 3.49515 3.00369 
v -5.09231 3.19741 3.24371 
v -5.09229 3.28487 3.33817 
v -5.09232 3.49515 3.00369 
v -5.09233 3.38076 3.36723 
v -5.09231 3.48541 3.37548 
v -5.09232 3.49515 3.00369 
v -5.09232 3.6337 3.36233 
v -5.09233 3.75582 3.27834 
v -5.09232 3.49515 3.00369 
v -5.09232 3.8453 3.15726 
v -5.09231 3.85192 3.0031 
v -5.09232 3.49515 3.00369 
v -5.09232 3.82466 2.87251 
v -5.09232 3.74361 2.73947 
v -5.09233 3.61549 2.65985 
v -5.09234 3.48541 2.63071 
v -5.09232 3.49515 3.00369 
v -5.09231 3.48541 3.37548 
v -5.09234 3.48541 2.63071 
v -5.09233 3.30573 2.66865 
v -5.09232 3.49515 3.00369 
v -5.09233 3.75582 3.27834 
v -5.09232 3.8453 3.15726 
v -5.09232 3.49515 3.00369 
v -5.09231 3.85192 3.0031 
v -5.09232 3.82466 2.87251 
v -5.09232 3.49515 3.00369 
v -5.09229 3.28487 3.33817 
v -5.09233 3.38076 3.36723 
v -5.09232 3.49515 3.00369 
v -5.09232 3.74361 2.73947 
v -5.09233 3.61549 2.65985 
v -5.09232 3.49515 3.00369 
v -5.09232 3.13757 3.04776 
v -5.09231 3.19741 3.24371 
v -5.09232 3.49515 3.00369 

vn 0.267717 0.362205 -0.889764 
vn 0.220472 -0.0393701 -0.976378 
vn 0.275591 -0.023622 -0.96063 
vn 0.267717 0.362205 -0.889764 
vn 0.291339 -0.456693 -0.84252 
vn 0.480315 -0.409449 -0.771654 
vn 0.299213 -0.952756 -0.0314961 
vn 0.700787 -0.622047 -0.354331 
vn 0.393701 -0.787402 -0.472441 
vn -0.23622 -0.834646 0.503937 
vn -0.110236 -0.858268 0.503937 
vn 0.0314961 -0.0314961 1 
vn 0.173228 -0.0472441 0.984252 
vn 0.370079 -0.244094 0.897638 
vn 0.0944882 -0.259843 0.96063 
vn 0.259843 0.685039 0.677165 
vn 0.244094 0.685039 0.685039 
vn 0.149606 0.322835 0.937008 
vn 0.110236 0.322835 0.937008 
vn 0.433071 0.905512 -0.015748 
vn 0.385827 0.92126 -0.0472441 
vn 0.362205 0.88189 0.307087 
vn 0.401575 0.866142 0.291339 
vn 0.354331 0.874016 -0.330709 
vn 0.401575 0.866142 -0.307087 
vn 0.346457 0.669291 -0.661417 
vn 0.314961 0.677165 -0.669291 
vn -0.0393701 -0.11811 -0.992126 
vn -0.480315 -0.259843 -0.84252 
vn -0.409449 -0.354331 -0.84252 
vn 0.0393701 -0.244094 -0.968504 
vn -0.96063 -0.275591 -0.023622 
vn -0.771654 -0.370079 -0.519685 
vn -0.80315 -0.299213 -0.519685 
vn -0.968504 -0.259843 -0.00787402 
vn -0.952756 -0.228346 0.204724 
vn -0.937008 -0.23622 0.244094 
vn 0.96063 0.15748 -0.228346 
vn 0.913386 0.330709 -0.244094 
vn 0.80315 0.244094 -0.535433 
vn 0.850394 0.0629921 -0.519685 
vn 0.496063 0.0944882 -0.866142 
vn 0.543307 -0.0787402 -0.834646 
vn 0.11811 -0.275591 -0.952756 
vn -0.307087 -0.440945 -0.84252 
vn -0.0629921 -0.590551 -0.80315 
vn 0.244094 -0.314961 -0.913386 
vn -0.811024 -0.582677 -0.023622 
vn -0.456693 -0.740157 -0.496063 
vn -0.716535 -0.464567 -0.519685 
vn -0.944882 -0.330709 -0.0314961 
vn -0.889764 -0.417323 0.204724 
vn -0.944882 -0.267717 0.188976 
vn -0.102362 -0.0314961 0.992126 
vn -0.110236 0 0.992126 
vn -0.417323 -0.141732 0.897638 
vn -0.448819 -0.149606 0.88189 
vn 0.755906 0.141732 0.645669 
vn 0.685039 0.299213 0.661417 
vn 0.291339 0.165354 0.944882 
vn 0.354331 0.0866142 0.929134 
vn 0.984252 0.165354 0.023622 
vn 0.937008 0.354331 0.015748 
vn 0.897638 0.362205 0.251969 
vn 0.952756 0.173228 0.259843 
vn 0.92126 0.307087 -0.228346 
vn 0.968504 0.133858 -0.212598 
vn 0.850394 0.0551181 -0.527559 
vn 0.811024 0.181102 -0.551181 
vn 0.551181 -0.0866142 -0.826772 
vn 0.566929 -0.0393701 -0.818898 
vn -0.110236 0.023622 -0.992126 
vn -0.543307 -0.11811 -0.834646 
vn -0.826772 -0.23622 -0.511811 
vn -0.944882 -0.322835 0 
vn -0.913386 -0.330709 0.251969 
vn -0.11811 -0.125984 0.984252 
vn -0.141732 0.023622 0.992126 
vn -0.511811 -0.110236 0.850394 
vn -0.456693 -0.220472 0.866142 
vn 0.724409 0.23622 0.645669 
vn 0.669291 0.330709 0.669291 
vn 0.362205 0.204724 0.905512 
vn 0.393701 0.0787402 0.913386 
vn 0.897638 0.362205 -0.267717 
vn 0.76378 0.322835 -0.559055 
vn 0.433071 0.204724 -0.874016 
vn 0.110236 -0.527559 -0.84252 
vn 0.251969 -0.133858 -0.96063 
vn 0.307087 -0.23622 -0.92126 
vn 0.0787402 -0.574803 -0.811024 
vn 0.165354 -0.858268 -0.488189 
vn 0 -0.874016 -0.480315 
vn -0.0629921 -1 -0.00787402 
vn -0.448819 -0.826772 0.338583 
vn -0.102362 -0.00787402 0.992126 
vn -0.102362 -0.015748 0.992126 
vn -0.267717 -0.220472 0.937008 
vn -0.370079 -0.181102 0.913386 
vn 0.574803 0.472441 0.669291 
vn 0.409449 0.614173 0.677165 
vn 0.149606 0.275591 0.952756 
vn 0.244094 0.212598 0.944882 
vn 0.795276 0.606299 0.023622 
vn 0.614173 0.787402 0.015748 
vn 0.574803 0.779528 0.267717 
vn 0.755906 0.598425 0.251969 
vn 0.606299 0.748031 -0.259843 
vn 0.80315 0.551181 -0.23622 
vn 0.716535 0.377953 -0.590551 
vn 0.527559 0.559055 -0.637795 
vn 0.401575 0.259843 -0.874016 
vn 0.535433 0.110236 -0.834646 
vn -0.464567 0.299213 -0.826772 
vn -0.425197 0.409449 -0.811024 
vn 0.165354 0.0393701 -0.984252 
vn 0.228346 0.015748 -0.976378 
vn -0.566929 -0.354331 -0.740157 
vn -0.472441 0.228346 -0.850394 
vn 0.291339 -0.023622 -0.96063 
vn 0.11811 -0.590551 -0.80315 
vn -0.299213 -0.952756 -0.0944882 
vn -0.897638 -0.314961 -0.314961 
vn -0.566929 -0.354331 -0.740157 
vn 0.559055 -0.543307 -0.622047 
vn 0.779528 -0.409449 -0.464567 
vn 0.84252 -0.370079 -0.385827 
vn 0.551181 -0.779528 -0.307087 
vn 0.551181 -0.779528 -0.307087 
vn 0.11811 -0.590551 -0.80315 
vn 0.779528 -0.409449 -0.464567 
vn 0.559055 -0.543307 -0.622047 
vn 0.401575 -0.905512 -0.102362 
vn 0.685039 -0.692913 0.212598 
vn 0.84252 -0.370079 -0.385827 
vn 0.779528 -0.511811 0.354331 
vn 0.488189 -0.850394 0.204724 
vn 0.551181 -0.779528 -0.307087 
vn -0.0944882 -0.92126 0.377953 
vn 0.0551181 -0.708661 0.700787 
vn 0.19685 -0.456693 0.866142 
vn 0.023622 -0.818898 0.574803 
vn -0.645669 -0.440945 0.622047 
vn -0.590551 -0.346457 0.724409 
vn -0.582677 -0.606299 0.535433 
vn -0.535433 -0.228346 0.811024 
vn -0.929134 0.11811 0.346457 
vn -0.944882 0.0393701 0.330709 
vn -0.952756 -0.00787402 0.291339 
vn -0.889764 -0.425197 0.149606 
vn -0.889764 -0.425197 0.149606 
vn -0.944882 0.0393701 0.330709 
vn -0.929134 0.11811 0.346457 
vn -0.866142 0.440945 -0.244094 
vn -0.897638 0.299213 -0.314961 
vn -0.889764 -0.425197 0.149606 
vn -0.952756 -0.00787402 0.291339 
vn -0.92126 0.181102 -0.346457 
vn -0.897638 -0.314961 -0.314961 
vn 0.598425 -0.338583 0.724409 
vn -0.125984 -0.0551181 0.992126 
vn -0.0866142 -0.0866142 0.992126 
vn 0.496063 -0.527559 0.692913 
vn 0.401575 -0.622047 0.669291 
vn -0.11811 -0.133858 0.984252 
vn -0.574803 -0.401575 0.708661 
vn -0.850394 -0.527559 0 
vn -0.220472 -0.826772 0.519685 
vn -0.125984 -0.0551181 0.992126 
vn -0.748031 0.181102 0.645669 
vn -0.629921 0.385827 0.677165 
vn -0.0866142 -0.0866142 0.992126 
vn -0.11811 -0.133858 0.984252 
vn -0.637795 0.370079 0.669291 
vn -0.889764 -0.0393701 0.448819 
vn -0.96063 0.291339 0 
vn -0.811024 0.582677 0 
vn -0.826772 0.559055 0 
vn -1 0.0708661 0 
vn -0.708661 0.204724 -0.677165 
vn -0.622047 0.385827 -0.685039 
vn -0.637795 0.370079 -0.677165 
vn -0.889764 -0.0393701 -0.448819 
vn -0.0314961 -0.0393701 -1 
vn -0.0551181 -0.0944882 -0.992126 
vn -0.110236 -0.141732 -0.984252 
vn -0.574803 -0.401575 -0.708661 
vn 0.661417 -0.330709 -0.677165 
vn 0.527559 -0.527559 -0.669291 
vn -0.0551181 -0.0944882 -0.992126 
vn -0.0314961 -0.0393701 -1 
vn 0.409449 -0.629921 -0.661417 
vn -0.110236 -0.141732 -0.984252 
vn -0.220472 -0.826772 -0.519685 
vn 0.889764 -0.456693 0.015748 
vn 0.732283 -0.677165 0.015748 
vn 0.598425 -0.80315 0.00787402 
vn -0.0708661 -1 0.00787402 
vn -0.0393701 -0.968504 -0.244094 
vn -0.716535 -0.299213 -0.629921 
vn -0.92126 -0.385827 -0.0314961 
vn -0.779528 -0.433071 0.448819 
vn 0.165354 -0.984252 0.023622 
vn 0.598425 -0.283465 0.748031 
vn 0.165354 -0.984252 0.023622 
vn 0.944882 -0.338583 0.0314961 
vn 0.653543 -0.283465 -0.700787 
vn -0.0393701 -0.968504 -0.244094 
vn 0.267717 -0.259843 0.929134 
vn -0.551181 0.00787402 0.834646 
vn -0.543307 0.023622 0.84252 
vn 0.141732 -0.417323 0.897638 
vn 0.0472441 -0.503937 0.858268 
vn -0.566929 0 0.826772 
vn -0.834646 -0.330709 0.440945 
vn -0.440945 -0.755906 0.488189 
vn -0.834646 -0.330709 0.440945 
vn -0.755906 -0.598425 -0.259843 
vn -0.440945 -0.755906 0.488189 
vn -0.952756 0.188976 0.23622 
vn -0.874016 0.409449 0.275591 
vn -0.543307 0.023622 0.84252 
vn -0.551181 0.00787402 0.834646 
vn -0.566929 0 0.826772 
vn -0.866142 0.409449 0.267717 
vn -1 -0.0314961 0.0472441 
vn -0.834646 -0.330709 0.440945 
vn -0.874016 0.19685 -0.440945 
vn -0.755906 0.503937 -0.425197 
vn -0.748031 0.511811 -0.417323 
vn -0.905512 0.023622 -0.417323 
vn -0.346457 0.0393701 -0.937008 
vn -0.244094 0.228346 -0.944882 
vn -0.251969 0.23622 -0.937008 
vn -0.598425 -0.165354 -0.787402 
vn 0.433071 -0.228346 -0.874016 
vn 0.425197 -0.228346 -0.874016 
vn 0.377953 -0.275591 -0.88189 
vn -0.173228 -0.559055 -0.811024 
vn -0.173228 -0.559055 -0.811024 
vn 0.889764 -0.377953 -0.259843 
vn 0.779528 -0.551181 -0.299213 
vn 0.425197 -0.228346 -0.874016 
vn 0.433071 -0.228346 -0.874016 
vn 0.677165 -0.661417 -0.314961 
vn 0.0551181 -0.905512 -0.417323 
vn -0.173228 -0.559055 -0.811024 
vn 0.377953 -0.275591 -0.88189 
vn 0.0551181 -0.905512 -0.417323 
vn 0.826772 -0.385827 0.409449 
vn 0.677165 -0.622047 0.393701 
vn 0.551181 -0.755906 0.362205 
vn -0.0551181 -0.992126 0.11811 
vn -0.0551181 -0.992126 0.11811 
vn -0.433071 -0.338583 -0.834646 
vn -0.874016 -0.314961 -0.370079 
vn -0.944882 -0.204724 0.244094 
vn -0.535433 -0.141732 0.834646 
vn 0.259843 -0.204724 0.944882 
vn -0.535433 -0.141732 0.834646 
vn 0.834646 -0.338583 0.433071 
vn 0.866142 -0.440945 -0.228346 
vn 0.732283 -0.425197 0.527559 
vn 0.125984 -0.173228 0.976378 
vn 0.110236 -0.181102 0.976378 
vn 0.598425 -0.590551 0.535433 
vn 0.480315 -0.692913 0.535433 
vn 0.0551181 -0.220472 0.976378 
vn -0.448819 -0.440945 0.779528 
vn -0.149606 -0.858268 0.488189 
vn -0.448819 -0.440945 0.779528 
vn -0.866142 -0.496063 0.0866142 
vn -0.149606 -0.858268 0.488189 
vn 0.125984 -0.173228 0.976378 
vn -0.598425 0.15748 0.787402 
vn -0.488189 0.346457 0.80315 
vn 0.110236 -0.181102 0.976378 
vn 0.0551181 -0.220472 0.976378 
vn -0.503937 0.338583 0.795276 
vn -0.80315 -0.023622 0.598425 
vn -0.448819 -0.440945 0.779528 
vn -0.937008 0.314961 0.165354 
vn -0.779528 0.606299 0.165354 
vn -0.787402 0.598425 0.165354 
vn -0.976378 0.149606 0.15748 
vn -0.795276 0.283465 -0.543307 
vn -0.700787 0.464567 -0.543307 
vn -0.716535 0.456693 -0.527559 
vn -0.944882 0.0629921 -0.322835 
vn -0.188976 0.0393701 -0.984252 
vn -0.23622 0.00787402 -0.968504 
vn -0.283465 -0.0393701 -0.96063 
vn -0.692913 -0.299213 -0.653543 
vn -0.692913 -0.299213 -0.653543 
vn 0.519685 -0.299213 -0.80315 
vn 0.377953 -0.480315 -0.795276 
vn -0.23622 0.00787402 -0.968504 
vn -0.188976 0.0393701 -0.984252 
vn 0.259843 -0.582677 -0.771654 
vn -0.330709 -0.76378 -0.551181 
vn -0.692913 -0.299213 -0.653543 
vn -0.283465 -0.0393701 -0.96063 
vn -0.330709 -0.76378 -0.551181 
vn 0.866142 -0.472441 -0.165354 
vn 0.692913 -0.700787 -0.15748 
vn 0.551181 -0.818898 -0.149606 
vn -0.0944882 -0.992126 -0.0708661 
vn -0.0944882 -0.992126 -0.0708661 
vn -0.181102 -0.0314961 -0.984252 
vn -0.80315 -0.102362 -0.582677 
vn -0.96063 -0.267717 0.0787402 
vn -0.700787 -0.401575 0.590551 
vn 0.779528 -0.401575 0.488189 
vn 0.913386 -0.338583 -0.212598 
vn 0.527559 -0.165354 -0.834646 
vn -0.181102 -0.0314961 -0.984252 
vn -0.968504 0.228346 -0.0866142 
vn -0.976378 0.204724 0.00787402 
vn -1 0.023622 0.0708661 
vn -0.976378 0.0629921 -0.19685 
vn -0.96063 0.133858 0.244094 
vn -0.944882 0.299213 0.133858 
vn -0.787402 0.566929 -0.23622 
vn -0.84252 0.496063 -0.220472 
vn -0.283465 0.637795 -0.716535 
vn 0.19685 0.433071 -0.88189 
vn 0.188976 0.149606 -0.968504 
vn -0.338583 0.535433 -0.771654 
vn 0.472441 0.330709 -0.818898 
vn 0.314961 0.15748 -0.937008 
vn 0.826772 0.283465 -0.488189 
vn 0.976378 -0.110236 -0.173228 
vn 0.96063 0.015748 -0.267717 
vn 0.102362 0.0629921 0.992126 
vn 0.283465 -0.00787402 0.96063 
vn 0.811024 0.173228 0.559055 
vn -0.472441 -0.307087 0.826772 
vn -0.76378 -0.165354 0.622047 
vn -0.826772 -0.503937 0.267717 
vn -0.606299 -0.724409 0.322835 
vn -0.732283 -0.653543 -0.173228 
vn 0.251969 -0.559055 -0.787402 
vn -0.228346 -0.23622 -0.944882 
vn 0.866142 -0.0787402 0.496063 
vn -0.708661 -0.362205 -0.606299 
vn -0.818898 -0.574803 -0.0314961 
vn -0.456693 -0.267717 0.850394 
vn -0.834646 -0.472441 0.291339 
vn -0.614173 -0.559055 -0.551181 
vn -0.228346 -0.23622 -0.944882 
vn -0.795276 -0.228346 -0.566929 
vn -0.614173 -0.787402 -0.102362 
vn -0.929134 -0.354331 -0.133858 
vn -0.76378 -0.598425 0.251969 
vn -0.503937 -0.338583 0.795276 
vn -0.771654 -0.629921 -0.00787402 
vn -0.771654 -0.629921 -0.0393701 
vn -0.645669 -0.76378 0 
vn 0.0629921 -0.929134 -0.362205 
vn -0.716535 -0.692913 -0.110236 
vn -0.338583 -0.937008 0.0787402 
vn 0.937008 -0.149606 0.314961 
vn 1 -0.0393701 0.0393701 
vn 0.984252 0.149606 0.0393701 
vn 0.0866142 0.251969 -0.968504 
vn 0.464567 0.181102 -0.866142 
vn 0.472441 0.346457 -0.811024 
vn 0.165354 0.543307 -0.826772 
vn 0.76378 0.188976 -0.622047 
vn 0.905512 0.212598 -0.362205 
vn 0.913386 0.23622 -0.330709 
vn 0.748031 0.267717 -0.606299 
vn 0.984252 0.188976 -0.015748 
vn 0.976378 0.188976 -0.0551181 
vn 0.96063 0.149606 0.244094 
vn 0.952756 0.149606 0.259843 
vn 0.299213 0.0551181 0.952756 
vn 0.259843 0.228346 0.937008 
vn 0.80315 0.149606 0.574803 
vn 0.80315 0.110236 0.582677 
vn -0.472441 -0.015748 0.88189 
vn -0.464567 0.362205 0.811024 
vn -0.212598 0.291339 0.937008 
vn -0.212598 0 0.976378 
vn -0.929134 0.370079 0 
vn -0.944882 0.338583 0.00787402 
vn -0.992126 -0.00787402 0.0944882 
vn -1 0.023622 -0.0629921 
vn -0.850394 0.527559 0.0708661 
vn -0.897638 0.354331 -0.251969 
vn -0.677165 0.716535 -0.165354 
vn -0.433071 0.362205 -0.826772 
vn -0.251969 0.76378 -0.598425 
vn -0.76378 -0.645669 -0.0629921 
vn -0.732283 -0.677165 -0.0866142 
vn 0.496063 0.141732 -0.858268 
vn -0.181102 -0.0551181 -0.984252 
vn -1 0.023622 -0.0629921 
vn -0.929134 0.370079 0 
vn -1 0.023622 0.0708661 
vn -0.976378 0.204724 0.00787402 
vn -0.96063 0.133858 0.244094 
vn -0.80315 -0.417323 0.417323 
vn -0.889764 -0.362205 0.267717 
vn -1 0.023622 0.0708661 
vn -0.598425 -0.795276 0.11811 
vn -0.732283 -0.677165 0.023622 
vn -0.905512 -0.425197 -0.0393701 
vn -0.897638 -0.433071 -0.0472441 
vn -0.92126 -0.377953 -0.0551181 
vn -0.937008 -0.354331 -0.015748 
vn -0.897638 -0.377953 0.228346 
vn -0.937008 -0.354331 0.0314961 
vn 0.251969 -0.559055 -0.787402 
vn -0.456693 -0.267717 0.850394 
vn -0.181102 -0.0551181 -0.984252 
vn -0.976378 0.0629921 -0.19685 
vn 0.952756 0.102362 0.291339 
vn 0.944882 0.149606 -0.283465 
vn -0.503937 -0.338583 0.795276 
vn -0.283465 0.0944882 0.952756 
vn -0.472441 -0.307087 0.826772 
vn -0.566929 0.204724 0.795276 
vn -0.76378 -0.165354 0.622047 
vn 0.92126 0.385827 0.0314961 
vn 0.968504 0.23622 0.0314961 
vn 0.913386 0.259843 0.307087 
vn 0.858268 0.401575 0.330709 
vn 0.889764 0.322835 0.322835 
vn 0.937008 0.362205 0.00787402 
vn 0.724409 0.204724 0.653543 
vn 0.377953 0.141732 0.913386 
vn -0.125984 0.023622 0.992126 
vn -0.488189 -0.133858 0.858268 
vn -0.0393701 -0.102362 -0.992126 
vn 0.464567 0.0393701 -0.88189 
vn 0.795276 0.15748 -0.582677 
vn 0.929134 0.204724 -0.299213 
vn 0.944882 0.15748 0.283465 
vn 0.976378 0.19685 -0.023622 
vn 0.787402 0.0708661 0.614173 
vn 0.385827 -0.102362 0.913386 
vn -0.125984 -0.275591 0.952756 
vn -0.409449 -0.362205 0.84252 
vn -0.866142 -0.456693 0.204724 
vn -0.889764 -0.464567 -0.023622 
vn -0.787402 -0.370079 -0.488189 
vn -0.496063 -0.228346 -0.84252 
vn -0.787402 -0.370079 -0.488189 
vn -0.826772 -0.23622 -0.511811 
vn -0.80315 -0.299213 -0.519685 
vn -0.771654 -0.370079 -0.519685 
vn -0.716535 -0.464567 -0.519685 
vn -0.456693 -0.740157 -0.496063 
vn 0.165354 -0.858268 -0.488189 
vn 0 -0.874016 -0.480315 
vn 0.393701 -0.787402 -0.472441 
vn 0.700787 -0.622047 -0.354331 
vn 0.244094 0.685039 0.685039 
vn 0.259843 0.685039 0.677165 
vn 0.409449 0.614173 0.677165 
vn 0.574803 0.472441 0.669291 
vn 0.685039 0.299213 0.661417 
vn 0.755906 0.141732 0.645669 
vn 0.724409 0.204724 0.653543 
vn 0.669291 0.330709 0.669291 
vn 0.724409 0.23622 0.645669 
vn 0.787402 0.0708661 0.614173 
vn 0.307087 -0.543307 0.779528 
vn 0.0314961 -0.559055 0.826772 
vn -0.338583 -0.535433 0.771654 
vn -0.574803 -0.464567 0.677165 
vn -0.748031 -0.299213 0.590551 
vn -0.795276 -0.244094 0.559055 
vn -0.795276 -0.228346 0.559055 
vn -0.787402 -0.204724 0.582677 
vn -0.755906 -0.291339 0.582677 
vn -0.724409 -0.440945 0.527559 
vn -0.858268 0 0.511811 
vn -0.818898 0.409449 0.409449 
vn -0.905512 0.275591 0.322835 
vn -0.992126 -0.015748 0.133858 
vn -0.992126 -0.015748 0.133858 
vn -0.464567 -0.275591 -0.84252 
vn 0.00787402 -0.15748 -0.984252 
vn -0.795276 -0.401575 -0.448819 
vn -0.88189 -0.472441 -0.0629921 
vn -0.795276 -0.401575 -0.448819 
vn -0.874016 -0.456693 0.141732 
vn -0.740157 -0.464567 0.480315 
vn -0.409449 -0.417323 0.811024 
vn -0.15748 -0.346457 0.92126 
vn 0.338583 -0.188976 0.92126 
vn 0.795276 0.00787402 0.598425 
vn 0.795276 0.00787402 0.598425 
vn 0.96063 0.110236 0.251969 
vn 0.984252 0.149606 -0.0551181 
vn 0.929134 0.149606 -0.338583 
vn 0.787402 0.0944882 -0.606299 
vn 0.464567 -0.023622 -0.88189 
vn -0.433071 0.362205 -0.826772 
vn 0.0866142 0.251969 -0.968504 
vn -0.897638 0.354331 -0.251969 
vn -1 0.023622 -0.0629921 
vn -0.897638 0.354331 -0.251969 
vn -0.992126 -0.00787402 0.0944882 
vn -0.858268 0 0.511811 
vn -0.472441 -0.015748 0.88189 
vn -0.212598 0 0.976378 
vn 0.299213 0.0551181 0.952756 
vn 0.80315 0.110236 0.582677 
vn 0.80315 0.110236 0.582677 
vn 0.96063 0.149606 0.244094 
vn 0.976378 0.188976 -0.0551181 
vn 0.905512 0.212598 -0.362205 
vn 0.76378 0.188976 -0.622047 
vn 0.464567 0.181102 -0.866142 
vn -0.220472 -0.826772 0.519685 
vn -0.0708661 -1 0.00787402 
vn -0.220472 -0.826772 -0.519685 
vn -0.574803 -0.401575 -0.708661 
vn -0.574803 -0.401575 -0.708661 
vn -0.574803 -0.401575 0.708661 
vn -0.574803 -0.401575 0.708661 
vn -0.858268 0 0.511811 
vn -0.740157 -0.464567 0.480315 
vn -0.724409 -0.440945 0.527559 
vn -0.755906 -0.291339 0.582677 
vn -0.787402 -0.204724 0.582677 
vn -0.795276 -0.228346 0.559055 
vn -0.795276 -0.244094 0.559055 
vn -0.748031 -0.299213 0.590551 
vn -0.574803 -0.464567 0.677165 
vn -0.338583 -0.535433 0.771654 
vn 0.0314961 -0.559055 0.826772 
vn 0.307087 -0.543307 0.779528 
vn -1 0 0 
vn -1 0 0 
vn -1 0 0 
vn -1 0 0 
vn -1 0 0 
vn -1 0 0 
vn -1 0 0 
vn -1 0 0 
vn -1 0 0 
vn -1 0 0 
vn -1 0 0 
vn -1 0 0 
vn -1 0 0 
vn -1 0 0 
vn -1 0 0 
vn -1 0 0 
vn -1 0 0 
vn -1 0 0 
vn -1 0 0 
vn -1 0 0 
vn -1 0 0 
vn -1 0 0 
vn -1 0 0 
vn -1 0 0 
vn -1 0 0 
vn -1 0 0 
vn -1 0 0 
vn -1 0 0 
vn -1 0 0 
vn -1 0 0 
vn -1 0 0 
vn -1 0 0 
vn -1 0 0 
vn -1 0 0 
vn -1 0 0 
vn -1 0 0 
vn -1 0 0 
vn -1 0 0 
vn -1 0 0 
vn -1 0 0 
vn -1 0 0 
vn -1 0 0 

vt 0.25201 0.589267 
vt 0.25201 0.559944 
vt 0.26397 0.559944 
vt 0.26397 0.589267 
vt 0.25201 0.533275 
vt 0.26397 0.533275 
vt 0.26397 0.439566 
vt 0.26397 0.500381 
vt 0.25201 0.500381 
vt 0.26397 0.40149 
vt 0.260195 0.404432 
vt 0.25201 0.810666 
vt 0.26397 0.81067 
vt 0.26397 0.845137 
vt 0.25201 0.845138 
vt 0.25201 0.747841 
vt 0.26397 0.747841 
vt 0.26397 0.781727 
vt 0.25201 0.781727 
vt 0.25201 0.685349 
vt 0.26397 0.685349 
vt 0.26397 0.719156 
vt 0.25201 0.719156 
vt 0.26397 0.653808 
vt 0.25201 0.653808 
vt 0.25201 0.619005 
vt 0.26397 0.619005 
vt 0.201648 0.559944 
vt 0.201648 0.533275 
vt 0.20601 0.533275 
vt 0.20601 0.559944 
vt 0.20601 0.426841 
vt 0.20601 0.500381 
vt 0.201648 0.500381 
vt 0.201648 0.426841 
vt 0.20601 0.406029 
vt 0.201648 0.406029 
vt 0.20601 0.653808 
vt 0.201648 0.653808 
vt 0.201648 0.619005 
vt 0.20601 0.619005 
vt 0.201648 0.589267 
vt 0.20601 0.589267 
vt 0.217151 0.559944 
vt 0.217151 0.533275 
vt 0.225464 0.533275 
vt 0.225464 0.559944 
vt 0.225464 0.426841 
vt 0.225464 0.500381 
vt 0.217151 0.500381 
vt 0.217151 0.426841 
vt 0.225464 0.406029 
vt 0.217151 0.406029 
vt 0.217151 0.810657 
vt 0.225464 0.810653 
vt 0.225464 0.845141 
vt 0.217151 0.845141 
vt 0.217151 0.747841 
vt 0.225464 0.747841 
vt 0.225464 0.781727 
vt 0.217151 0.781727 
vt 0.217151 0.685349 
vt 0.225464 0.685349 
vt 0.225464 0.719156 
vt 0.217151 0.719156 
vt 0.225464 0.653808 
vt 0.217151 0.653808 
vt 0.217151 0.619005 
vt 0.225464 0.619005 
vt 0.217151 0.589267 
vt 0.225464 0.589267 
vt 0.192081 0.559944 
vt 0.192081 0.533275 
vt 0.192081 0.500381 
vt 0.192081 0.426841 
vt 0.192081 0.406029 
vt 0.192081 0.810661 
vt 0.201648 0.810657 
vt 0.201648 0.84514 
vt 0.192081 0.845141 
vt 0.192081 0.747841 
vt 0.201648 0.747841 
vt 0.201648 0.781727 
vt 0.192081 0.781727 
vt 0.192081 0.653808 
vt 0.192081 0.619005 
vt 0.192081 0.589267 
vt 0.240922 0.533275 
vt 0.240922 0.559944 
vt 0.232538 0.559944 
vt 0.232538 0.533275 
vt 0.240922 0.500381 
vt 0.232538 0.500381 
vt 0.232538 0.426841 
vt 0.232538 0.406029 
vt 0.232538 0.810653 
vt 0.240922 0.810659 
vt 0.240922 0.84514 
vt 0.232538 0.845141 
vt 0.232538 0.747841 
vt 0.240922 0.747841 
vt 0.240922 0.781727 
vt 0.232538 0.781727 
vt 0.232538 0.685349 
vt 0.240922 0.685349 
vt 0.240922 0.719156 
vt 0.232538 0.719156 
vt 0.240922 0.653808 
vt 0.232538 0.653808 
vt 0.232538 0.619005 
vt 0.240922 0.619005 
vt 0.240922 0.589267 
vt 0.232538 0.589267 
vt 0.406909 0.073722 
vt 0.404019 0.076268 
vt 0.402277 0.071708 
vt 0.405092 0.069579 
vt 0.410916 0.066826 
vt 0.408995 0.07027 
vt 0.407269 0.066884 
vt 0.409559 0.064653 
vt 0.386815 0.094372 
vt 0.387495 0.09093 
vt 0.389321 0.091659 
vt 0.401486 0.067619 
vt 0.403456 0.066204 
vt 0.405664 0.064288 
vt 0.407967 0.062881 
vt 0.388333 0.096428 
vt 0.389683 0.094075 
vt 0.384188 0.104109 
vt 0.383893 0.106595 
vt 0.379226 0.106021 
vt 0.380697 0.103475 
vt 0.385684 0.101012 
vt 0.383165 0.100311 
vt 0.385403 0.097587 
vt 0.387641 0.09813 
vt 0.376781 0.103711 
vt 0.378543 0.101121 
vt 0.381757 0.098673 
vt 0.384175 0.096274 
vt 0.375268 0.098948 
vt 0.378294 0.096633 
vt 0.383884 0.094159 
vt 0.381115 0.095617 
vt 0.374955 0.093783 
vt 0.378563 0.092876 
vt 0.381151 0.092971 
vt 0.383963 0.092048 
vt 0.385104 0.092062 
vt 0.410797 0.079468 
vt 0.408892 0.085264 
vt 0.406363 0.080266 
vt 0.408845 0.077021 
vt 0.413899 0.071482 
vt 0.412615 0.075501 
vt 0.410744 0.073158 
vt 0.41221 0.069033 
vt 0.362818 0.040615 
vt 0.359214 0.040916 
vt 0.359128 0.035297 
vt 0.362621 0.034615 
vt 0.362013 0.028827 
vt 0.358961 0.029531 
vt 0.352836 0.151085 
vt 0.355954 0.152161 
vt 0.352883 0.154548 
vt 0.354027 0.134206 
vt 0.357436 0.133106 
vt 0.35642 0.13839 
vt 0.352979 0.139201 
vt 0.352679 0.14454 
vt 0.355947 0.143535 
vt 0.35491 0.148071 
vt 0.361218 0.133344 
vt 0.360002 0.138567 
vt 0.358446 0.143914 
vt 0.357203 0.147893 
vt 0.3646 0.13598 
vt 0.362275 0.141554 
vt 0.360442 0.145772 
vt 0.358876 0.149989 
vt 0.366987 0.13988 
vt 0.364817 0.145043 
vt 0.36236 0.149351 
vt 0.358808 0.153962 
vt 0.370937 0.038303 
vt 0.369734 0.03266 
vt 0.373001 0.031255 
vt 0.374085 0.03682 
vt 0.368728 0.027193 
vt 0.371572 0.026141 
vt 0.357155 0.156618 
vt 0.366666 0.039541 
vt 0.366045 0.033762 
vt 0.36527 0.027999 
vt 0.354674 0.156854 
vt 0.368603 0.136205 
vt 0.366785 0.132167 
vt 0.362099 0.129467 
vt 0.357474 0.12888 
vt 0.354825 0.13031 
vt 0.363203 0.045895 
vt 0.358365 0.045533 
vt 0.367073 0.044714 
vt 0.371912 0.043297 
vt 0.375726 0.041221 
vt 0.349082 0.049864 
vt 0.34661 0.051593 
vt 0.345271 0.047653 
vt 0.347714 0.046074 
vt 0.346174 0.042628 
vt 0.344017 0.044152 
vt 0.342795 0.040005 
vt 0.344561 0.038361 
vt 0.339166 0.130264 
vt 0.340894 0.132334 
vt 0.337913 0.132181 
vt 0.347977 0.12323 
vt 0.345441 0.125352 
vt 0.343184 0.123859 
vt 0.345031 0.121464 
vt 0.341535 0.126202 
vt 0.343636 0.127448 
vt 0.341377 0.129642 
vt 0.339493 0.12895 
vt 0.350606 0.125477 
vt 0.347542 0.127483 
vt 0.34526 0.129118 
vt 0.342984 0.130694 
vt 0.351765 0.128179 
vt 0.348467 0.13005 
vt 0.346083 0.13106 
vt 0.343457 0.132595 
vt 0.352069 0.13141 
vt 0.348956 0.133096 
vt 0.346305 0.133952 
vt 0.343134 0.13514 
vt 0.342017 0.134851 
vt 0.35366 0.044933 
vt 0.351667 0.041845 
vt 0.353604 0.039541 
vt 0.355703 0.042769 
vt 0.350151 0.038752 
vt 0.348172 0.034904 
vt 0.349927 0.033527 
vt 0.351955 0.036686 
vt 0.339908 0.135525 
vt 0.351438 0.047317 
vt 0.349777 0.043921 
vt 0.34822 0.040702 
vt 0.346317 0.036582 
vt 0.338253 0.134334 
vt 0.354833 0.126868 
vt 0.353197 0.123809 
vt 0.350278 0.121326 
vt 0.346615 0.119226 
vt 0.350363 0.053539 
vt 0.347176 0.055439 
vt 0.353362 0.050836 
vt 0.355912 0.048073 
vt 0.380585 0.038274 
vt 0.377578 0.036765 
vt 0.379192 0.03221 
vt 0.382143 0.033831 
vt 0.383313 0.029093 
vt 0.380746 0.02793 
vt 0.382363 0.023958 
vt 0.384739 0.024531 
vt 0.377479 0.154544 
vt 0.380137 0.153189 
vt 0.378975 0.15727 
vt 0.371054 0.139733 
vt 0.373359 0.13715 
vt 0.374779 0.14248 
vt 0.372559 0.144929 
vt 0.37463 0.149339 
vt 0.37642 0.146926 
vt 0.377587 0.151084 
vt 0.376361 0.153612 
vt 0.375694 0.136234 
vt 0.377141 0.141081 
vt 0.378225 0.14574 
vt 0.379022 0.149558 
vt 0.378761 0.136914 
vt 0.380279 0.141651 
vt 0.380391 0.145829 
vt 0.381218 0.149963 
vt 0.382538 0.138155 
vt 0.383539 0.142647 
vt 0.383444 0.146851 
vt 0.383432 0.151237 
vt 0.382942 0.152617 
vt 0.387007 0.041081 
vt 0.387895 0.036221 
vt 0.391157 0.037332 
vt 0.390178 0.042484 
vt 0.388898 0.031499 
vt 0.389877 0.02695 
vt 0.392196 0.02839 
vt 0.391732 0.032704 
vt 0.38293 0.155688 
vt 0.383847 0.039693 
vt 0.384997 0.035081 
vt 0.38607 0.030091 
vt 0.387307 0.025451 
vt 0.381242 0.157601 
vt 0.382529 0.134356 
vt 0.378242 0.132641 
vt 0.374369 0.131853 
vt 0.370815 0.132727 
vt 0.378856 0.042799 
vt 0.38267 0.044355 
vt 0.386166 0.045829 
vt 0.389363 0.047393 
vt 0.339406 0.096416 
vt 0.338062 0.100192 
vt 0.336403 0.098331 
vt 0.337191 0.094373 
vt 0.40657 0.08996 
vt 0.403438 0.093966 
vt 0.40163 0.087821 
vt 0.404345 0.08369 
vt 0.398476 0.083511 
vt 0.393838 0.078782 
vt 0.398754 0.073325 
vt 0.401581 0.078845 
vt 0.387162 0.075378 
vt 0.38981 0.068659 
vt 0.379469 0.067362 
vt 0.375098 0.052631 
vt 0.380383 0.053521 
vt 0.350772 0.073477 
vt 0.352108 0.063065 
vt 0.361083 0.070911 
vt 0.353669 0.102884 
vt 0.356113 0.097456 
vt 0.357929 0.102284 
vt 0.356751 0.105266 
vt 0.358328 0.122599 
vt 0.398753 0.069026 
vt 0.392453 0.065027 
vt 0.357711 0.058259 
vt 0.376974 0.126592 
vt 0.373245 0.125421 
vt 0.348588 0.114085 
vt 0.352297 0.117884 
vt 0.377343 0.116857 
vt 0.382022 0.117835 
vt 0.377231 0.120246 
vt 0.361969 0.107123 
vt 0.362569 0.099377 
vt 0.354326 0.110444 
vt 0.351425 0.108188 
vt 0.365035 0.115847 
vt 0.360101 0.116246 
vt 0.365323 0.106527 
vt 0.378196 0.109834 
vt 0.373111 0.116314 
vt 0.375079 0.107514 
vt 0.362742 0.05609 
vt 0.368252 0.054284 
vt 0.370148 0.067759 
vt 0.387191 0.089158 
vt 0.383214 0.088007 
vt 0.384595 0.08281 
vt 0.389802 0.084806 
vt 0.379161 0.087551 
vt 0.375608 0.087346 
vt 0.37556 0.081585 
vt 0.37938 0.081411 
vt 0.371663 0.081915 
vt 0.372052 0.087534 
vt 0.368062 0.088068 
vt 0.367213 0.082678 
vt 0.358729 0.091183 
vt 0.357204 0.085745 
vt 0.363907 0.08323 
vt 0.364817 0.088868 
vt 0.349523 0.096301 
vt 0.347214 0.092281 
vt 0.351584 0.089055 
vt 0.353285 0.09396 
vt 0.339696 0.102024 
vt 0.341206 0.098811 
vt 0.343926 0.101866 
vt 0.342251 0.10472 
vt 0.40021 0.096863 
vt 0.395763 0.097491 
vt 0.398328 0.091617 
vt 0.392203 0.092039 
vt 0.394889 0.08788 
vt 0.36316 0.125593 
vt 0.368074 0.126253 
vt 0.385235 0.054914 
vt 0.382248 0.127271 
vt 0.398713 0.10472 
vt 0.40192 0.103854 
vt 0.405988 0.102555 
vt 0.40394 0.103189 
vt 0.371866 0.092596 
vt 0.372332 0.100057 
vt 0.367043 0.099242 
vt 0.364053 0.092369 
vt 0.368895 0.108193 
vt 0.368707 0.118361 
vt 0.373007 0.119531 
vt 0.368505 0.121076 
vt 0.364409 0.119811 
vt 0.359495 0.118676 
vt 0.353746 0.113469 
vt 0.365047 0.100165 
vt 0.384032 0.109835 
vt 0.347312 0.063222 
vt 0.39007 0.056383 
vt 0.361997 0.093516 
vt 0.365289 0.069317 
vt 0.375003 0.067495 
vt 0.345457 0.071575 
vt 0.346241 0.081239 
vt 0.342547 0.077436 
vt 0.343216 0.087991 
vt 0.340066 0.083632 
vt 0.201648 0.685349 
vt 0.20601 0.685349 
vt 0.20601 0.719156 
vt 0.201648 0.719156 
vt 0.192081 0.719156 
vt 0.192081 0.685349 
vt 0.20601 0.747841 
vt 0.20601 0.781727 
vt 0.20601 0.810656 
vt 0.20601 0.845141 
vt 0.183647 0.559944 
vt 0.183647 0.589267 
vt 0.183647 0.619005 
vt 0.183647 0.653808 
vt 0.183647 0.719156 
vt 0.183647 0.685349 
vt 0.183647 0.747841 
vt 0.183647 0.781727 
vt 0.183647 0.810651 
vt 0.183647 0.845141 
vt 0.183647 0.406029 
vt 0.183647 0.426841 
vt 0.183647 0.500381 
vt 0.183647 0.533275 
vt 0.183647 0.500379 
vt 0.192081 0.500379 
vt 0.201648 0.500379 
vt 0.20601 0.500379 
vt 0.217151 0.500379 
vt 0.225464 0.500379 
vt 0.240922 0.500379 
vt 0.232538 0.500379 
vt 0.25201 0.500379 
vt 0.26397 0.500379 
vt 0.26397 0.747842 
vt 0.25201 0.747842 
vt 0.240922 0.747842 
vt 0.232538 0.747842 
vt 0.225464 0.747842 
vt 0.217151 0.747842 
vt 0.20601 0.747842 
vt 0.201648 0.747842 
vt 0.192081 0.747842 
vt 0.183647 0.747842 
vt 0.26397 0.874006 
vt 0.25201 0.874006 
vt 0.240922 0.874006 
vt 0.232538 0.874006 
vt 0.225464 0.874006 
vt 0.217151 0.874006 
vt 0.20601 0.874006 
vt 0.201648 0.874006 
vt 0.192081 0.874006 
vt 0.183647 0.874006 
vt 0.346053 0.098933 
vt 0.343061 0.095635 
vt 0.340979 0.092625 
vt 0.338248 0.090291 
vt 0.359629 0.094342 
vt 0.174995 0.533275 
vt 0.174995 0.559944 
vt 0.174995 0.500379 
vt 0.174995 0.426841 
vt 0.174995 0.500381 
vt 0.174995 0.406029 
vt 0.174995 0.874006 
vt 0.174995 0.845141 
vt 0.174995 0.810643 
vt 0.174995 0.781727 
vt 0.174995 0.747841 
vt 0.174995 0.747842 
vt 0.174995 0.719156 
vt 0.174995 0.685349 
vt 0.174995 0.653808 
vt 0.174995 0.619005 
vt 0.174995 0.589267 
vt 0.169655 0.533275 
vt 0.169655 0.559944 
vt 0.169655 0.500379 
vt 0.169655 0.426841 
vt 0.169655 0.500381 
vt 0.169655 0.406029 
vt 0.169655 0.874006 
vt 0.169655 0.845141 
vt 0.169655 0.810637 
vt 0.169655 0.781727 
vt 0.169655 0.747841 
vt 0.169655 0.747842 
vt 0.169655 0.719156 
vt 0.169655 0.685349 
vt 0.169655 0.653808 
vt 0.169655 0.619005 
vt 0.169655 0.589267 
vt 0.361662 0.023604 
vt 0.364512 0.022594 
vt 0.367413 0.02206 
vt 0.370121 0.021697 
vt 0.359932 0.1532 
vt 0.35243 0.149521 
vt 0.359057 0.024762 
vt 0.169655 0.377377 
vt 0.174995 0.377377 
vt 0.183647 0.377377 
vt 0.192081 0.377377 
vt 0.201648 0.377377 
vt 0.20601 0.377377 
vt 0.217151 0.377377 
vt 0.225464 0.377377 
vt 0.232538 0.377377 
vt 0.240922 0.377377 
vt 0.25201 0.377377 
vt 0.26397 0.377377 
vt 0.183269 0.090849 
vt 0.193371 0.090849 
vt 0.170389 0.153838 
vt 0.193371 0.090849 
vt 0.193371 0.162731 
vt 0.170389 0.153838 
vt 0.193371 0.214232 
vt 0.183103 0.214232 
vt 0.170389 0.153838 
vt 0.176783 0.214232 
vt 0.16994 0.214232 
vt 0.170389 0.153838 
vt 0.1603 0.214232 
vt 0.146888 0.214232 
vt 0.170389 0.153838 
vt 0.146888 0.176055 
vt 0.146888 0.151784 
vt 0.170389 0.153838 
vt 0.146888 0.131411 
vt 0.146888 0.090849 
vt 0.163088 0.090849 
vt 0.171638 0.090849 
vt 0.170389 0.153838 
vt 0.16994 0.214232 
vt 0.171638 0.090849 
vt 0.183269 0.090849 
vt 0.170389 0.153838 
vt 0.146888 0.214232 
vt 0.146888 0.176055 
vt 0.170389 0.153838 
vt 0.146888 0.151784 
vt 0.146888 0.131411 
vt 0.170389 0.153838 
vt 0.183103 0.214232 
vt 0.176783 0.214232 
vt 0.170389 0.153838 
vt 0.146888 0.090849 
vt 0.163088 0.090849 
vt 0.170389 0.153838 
vt 0.193371 0.162731 
vt 0.193371 0.214232 
vt 0.170389 0.153838 

usemtl Npc1Mtl

f 3048/3048/3048 3049/3049/3049 3050/3050/3050 
f 3050/3050/3050 3051/3051/3051 3048/3048/3048 
f 3052/3052/3052 3053/3053/3053 3050/3050/3050 
f 3050/3050/3050 3049/3049/3049 3052/3052/3052 
f 3054/3054/3054 3055/3055/3055 3056/3056/3056 
f 3057/3057/3057 3054/3054/3054 3058/3058/3058 
f 3059/3059/3059 3060/3060/3060 3061/3061/3061 
f 3061/3061/3061 3062/3062/3062 3059/3059/3059 
f 3063/3063/3063 3064/3064/3064 3065/3065/3065 
f 3065/3065/3065 3066/3066/3066 3063/3063/3063 
f 3067/3067/3067 3068/3068/3068 3069/3069/3069 
f 3069/3069/3069 3070/3070/3070 3067/3067/3067 
f 3071/3071/3071 3072/3072/3072 3073/3073/3073 
f 3073/3073/3073 3074/3074/3074 3071/3071/3071 
f 3075/3075/3075 3076/3076/3076 3077/3077/3077 
f 3077/3077/3077 3078/3078/3078 3075/3075/3075 
f 3079/3079/3079 3080/3080/3080 3081/3081/3081 
f 3081/3081/3081 3082/3082/3082 3079/3079/3079 
f 3083/3083/3083 3079/3079/3079 3082/3082/3082 
f 3082/3082/3082 3084/3084/3084 3083/3083/3083 
f 3085/3085/3085 3086/3086/3086 3087/3087/3087 
f 3087/3087/3087 3088/3088/3088 3085/3085/3085 
f 3089/3089/3089 3075/3075/3075 3078/3078/3078 
f 3078/3078/3078 3090/3090/3090 3089/3089/3089 
f 3091/3091/3091 3092/3092/3092 3093/3093/3093 
f 3093/3093/3093 3094/3094/3094 3091/3091/3091 
f 3095/3095/3095 3096/3096/3096 3097/3097/3097 
f 3097/3097/3097 3098/3098/3098 3095/3095/3095 
f 3099/3099/3099 3095/3095/3095 3098/3098/3098 
f 3098/3098/3098 3100/3100/3100 3099/3099/3099 
f 3101/3101/3101 3102/3102/3102 3103/3103/3103 
f 3103/3103/3103 3104/3104/3104 3101/3101/3101 
f 3105/3105/3105 3106/3106/3106 3107/3107/3107 
f 3107/3107/3107 3108/3108/3108 3105/3105/3105 
f 3109/3109/3109 3110/3110/3110 3111/3111/3111 
f 3111/3111/3111 3112/3112/3112 3109/3109/3109 
f 3113/3113/3113 3114/3114/3114 3115/3115/3115 
f 3115/3115/3115 3116/3116/3116 3113/3113/3113 
f 3117/3117/3117 3091/3091/3091 3094/3094/3094 
f 3094/3094/3094 3118/3118/3118 3117/3117/3117 
f 3076/3076/3076 3075/3075/3075 3119/3119/3119 
f 3119/3119/3119 3120/3120/3120 3076/3076/3076 
f 3082/3082/3082 3081/3081/3081 3121/3121/3121 
f 3121/3121/3121 3122/3122/3122 3082/3082/3082 
f 3123/3123/3123 3084/3084/3084 3082/3082/3082 
f 3082/3082/3082 3122/3122/3122 3123/3123/3123 
f 3124/3124/3124 3125/3125/3125 3126/3126/3126 
f 3126/3126/3126 3127/3127/3127 3124/3124/3124 
f 3128/3128/3128 3129/3129/3129 3130/3130/3130 
f 3130/3130/3130 3131/3131/3131 3128/3128/3128 
f 3087/3087/3087 3086/3086/3086 3132/3132/3132 
f 3132/3132/3132 3133/3133/3133 3087/3087/3087 
f 3119/3119/3119 3075/3075/3075 3089/3089/3089 
f 3089/3089/3089 3134/3134/3134 3119/3119/3119 
f 3135/3135/3135 3136/3136/3136 3137/3137/3137 
f 3137/3137/3137 3138/3138/3138 3135/3135/3135 
f 3054/3054/3054 3139/3139/3139 3140/3140/3140 
f 3140/3140/3140 3141/3141/3141 3054/3054/3054 
f 3054/3054/3054 3141/3141/3141 3142/3142/3142 
f 3142/3142/3142 3058/3058/3058 3054/3054/3054 
f 3143/3143/3143 3144/3144/3144 3145/3145/3145 
f 3145/3145/3145 3146/3146/3146 3143/3143/3143 
f 3147/3147/3147 3148/3148/3148 3149/3149/3149 
f 3149/3149/3149 3150/3150/3150 3147/3147/3147 
f 3151/3151/3151 3152/3152/3152 3153/3153/3153 
f 3153/3153/3153 3154/3154/3154 3151/3151/3151 
f 3155/3155/3155 3156/3156/3156 3157/3157/3157 
f 3157/3157/3157 3158/3158/3158 3155/3155/3155 
f 3136/3136/3136 3159/3159/3159 3160/3160/3160 
f 3160/3160/3160 3137/3137/3137 3136/3136/3136 
f 3161/3161/3161 3162/3162/3162 3163/3163/3163 
f 3163/3163/3163 3164/3164/3164 3161/3161/3161 
f 3165/3165/3165 3166/3166/3166 3167/3167/3167 
f 3167/3167/3167 3168/3168/3168 3165/3165/3165 
f 3169/3169/3169 3170/3170/3170 3171/3171/3171 
f 3164/3164/3164 3163/3163/3163 3172/3172/3172 
f 3172/3172/3172 3173/3173/3173 3164/3164/3164 
f 3167/3167/3167 3174/3174/3174 3175/3175/3175 
f 3175/3175/3175 3168/3168/3168 3167/3167/3167 
f 3176/3176/3176 3169/3169/3169 3177/3177/3177 
f 3178/3178/3178 3179/3179/3179 3180/3180/3180 
f 3180/3180/3180 3181/3181/3181 3178/3178/3178 
f 3182/3182/3182 3183/3183/3183 3184/3184/3184 
f 3184/3184/3184 3185/3185/3185 3182/3182/3182 
f 3184/3184/3184 3169/3169/3169 3176/3176/3176 
f 3181/3181/3181 3180/3180/3180 3186/3186/3186 
f 3186/3186/3186 3187/3187/3187 3181/3181/3181 
f 3184/3184/3184 3183/3183/3183 3188/3188/3188 
f 3188/3188/3188 3189/3189/3189 3184/3184/3184 
f 3189/3189/3189 3169/3169/3169 3184/3184/3184 
f 3187/3187/3187 3186/3186/3186 3190/3190/3190 
f 3190/3190/3190 3191/3191/3191 3187/3187/3187 
f 3192/3192/3192 3189/3189/3189 3188/3188/3188 
f 3188/3188/3188 3193/3193/3193 3192/3192/3192 
f 3192/3192/3192 3169/3169/3169 3189/3189/3189 
f 3194/3194/3194 3195/3195/3195 3191/3191/3191 
f 3191/3191/3191 3190/3190/3190 3194/3194/3194 
f 3193/3193/3193 3196/3196/3196 3197/3197/3197 
f 3197/3197/3197 3192/3192/3192 3193/3193/3193 
f 3198/3198/3198 3169/3169/3169 3192/3192/3192 
f 3199/3199/3199 3200/3200/3200 3201/3201/3201 
f 3201/3201/3201 3202/3202/3202 3199/3199/3199 
f 3203/3203/3203 3204/3204/3204 3205/3205/3205 
f 3205/3205/3205 3206/3206/3206 3203/3203/3203 
f 3170/3170/3170 3169/3169/3169 3198/3198/3198 
f 3207/3207/3207 3208/3208/3208 3209/3209/3209 
f 3209/3209/3209 3210/3210/3210 3207/3207/3207 
f 3211/3211/3211 3210/3210/3210 3209/3209/3209 
f 3209/3209/3209 3212/3212/3212 3211/3211/3211 
f 3213/3213/3213 3214/3214/3214 3215/3215/3215 
f 3216/3216/3216 3217/3217/3217 3218/3218/3218 
f 3218/3218/3218 3219/3219/3219 3216/3216/3216 
f 3220/3220/3220 3219/3219/3219 3218/3218/3218 
f 3218/3218/3218 3221/3221/3221 3220/3220/3220 
f 3222/3222/3222 3214/3214/3214 3213/3213/3213 
f 3217/3217/3217 3223/3223/3223 3224/3224/3224 
f 3224/3224/3224 3218/3218/3218 3217/3217/3217 
f 3221/3221/3221 3218/3218/3218 3224/3224/3224 
f 3224/3224/3224 3225/3225/3225 3221/3221/3221 
f 3226/3226/3226 3214/3214/3214 3222/3222/3222 
f 3227/3227/3227 3228/3228/3228 3224/3224/3224 
f 3224/3224/3224 3223/3223/3223 3227/3227/3227 
f 3224/3224/3224 3228/3228/3228 3229/3229/3229 
f 3229/3229/3229 3225/3225/3225 3224/3224/3224 
f 3230/3230/3230 3214/3214/3214 3226/3226/3226 
f 3231/3231/3231 3232/3232/3232 3228/3228/3228 
f 3228/3228/3228 3227/3227/3227 3231/3231/3231 
f 3228/3228/3228 3232/3232/3232 3233/3233/3233 
f 3233/3233/3233 3229/3229/3229 3228/3228/3228 
f 3234/3234/3234 3214/3214/3214 3230/3230/3230 
f 3235/3235/3235 3236/3236/3236 3237/3237/3237 
f 3237/3237/3237 3238/3238/3238 3235/3235/3235 
f 3237/3237/3237 3236/3236/3236 3239/3239/3239 
f 3239/3239/3239 3240/3240/3240 3237/3237/3237 
f 3241/3241/3241 3214/3214/3214 3234/3234/3234 
f 3242/3242/3242 3243/3243/3243 3236/3236/3236 
f 3236/3236/3236 3235/3235/3235 3242/3242/3242 
f 3236/3236/3236 3243/3243/3243 3244/3244/3244 
f 3244/3244/3244 3239/3239/3239 3236/3236/3236 
f 3245/3245/3245 3214/3214/3214 3241/3241/3241 
f 3242/3242/3242 3207/3207/3207 3210/3210/3210 
f 3210/3210/3210 3243/3243/3243 3242/3242/3242 
f 3244/3244/3244 3243/3243/3243 3210/3210/3210 
f 3210/3210/3210 3211/3211/3211 3244/3244/3244 
f 3214/3214/3214 3245/3245/3245 3215/3215/3215 
f 3246/3246/3246 3231/3231/3231 3227/3227/3227 
f 3227/3227/3227 3247/3247/3247 3246/3246/3246 
f 3247/3247/3247 3227/3227/3227 3223/3223/3223 
f 3223/3223/3223 3248/3248/3248 3247/3247/3247 
f 3249/3249/3249 3248/3248/3248 3223/3223/3223 
f 3223/3223/3223 3217/3217/3217 3249/3249/3249 
f 3250/3250/3250 3249/3249/3249 3217/3217/3217 
f 3217/3217/3217 3216/3216/3216 3250/3250/3250 
f 3251/3251/3251 3252/3252/3252 3208/3208/3208 
f 3208/3208/3208 3207/3207/3207 3251/3251/3251 
f 3253/3253/3253 3251/3251/3251 3207/3207/3207 
f 3207/3207/3207 3242/3242/3242 3253/3253/3253 
f 3253/3253/3253 3242/3242/3242 3235/3235/3235 
f 3235/3235/3235 3254/3254/3254 3253/3253/3253 
f 3254/3254/3254 3235/3235/3235 3238/3238/3238 
f 3238/3238/3238 3255/3255/3255 3254/3254/3254 
f 3256/3256/3256 3257/3257/3257 3258/3258/3258 
f 3258/3258/3258 3259/3259/3259 3256/3256/3256 
f 3260/3260/3260 3261/3261/3261 3262/3262/3262 
f 3262/3262/3262 3263/3263/3263 3260/3260/3260 
f 3264/3264/3264 3265/3265/3265 3266/3266/3266 
f 3267/3267/3267 3268/3268/3268 3269/3269/3269 
f 3269/3269/3269 3270/3270/3270 3267/3267/3267 
f 3271/3271/3271 3272/3272/3272 3273/3273/3273 
f 3273/3273/3273 3274/3274/3274 3271/3271/3271 
f 3273/3273/3273 3265/3265/3265 3264/3264/3264 
f 3275/3275/3275 3276/3276/3276 3268/3268/3268 
f 3268/3268/3268 3267/3267/3267 3275/3275/3275 
f 3272/3272/3272 3277/3277/3277 3278/3278/3278 
f 3278/3278/3278 3273/3273/3273 3272/3272/3272 
f 3278/3278/3278 3265/3265/3265 3273/3273/3273 
f 3279/3279/3279 3280/3280/3280 3276/3276/3276 
f 3276/3276/3276 3275/3275/3275 3279/3279/3279 
f 3278/3278/3278 3277/3277/3277 3281/3281/3281 
f 3281/3281/3281 3282/3282/3282 3278/3278/3278 
f 3282/3282/3282 3265/3265/3265 3278/3278/3278 
f 3283/3283/3283 3284/3284/3284 3280/3280/3280 
f 3280/3280/3280 3279/3279/3279 3283/3283/3283 
f 3282/3282/3282 3281/3281/3281 3285/3285/3285 
f 3285/3285/3285 3286/3286/3286 3282/3282/3282 
f 3287/3287/3287 3265/3265/3265 3282/3282/3282 
f 3288/3288/3288 3289/3289/3289 3290/3290/3290 
f 3290/3290/3290 3291/3291/3291 3288/3288/3288 
f 3292/3292/3292 3293/3293/3293 3294/3294/3294 
f 3294/3294/3294 3295/3295/3295 3292/3292/3292 
f 3296/3296/3296 3265/3265/3265 3287/3287/3287 
f 3288/3288/3288 3297/3297/3297 3298/3298/3298 
f 3298/3298/3298 3289/3289/3289 3288/3288/3288 
f 3292/3292/3292 3299/3299/3299 3300/3300/3300 
f 3300/3300/3300 3293/3293/3293 3292/3292/3292 
f 3301/3301/3301 3265/3265/3265 3296/3296/3296 
f 3297/3297/3297 3256/3256/3256 3259/3259/3259 
f 3259/3259/3259 3298/3298/3298 3297/3297/3297 
f 3299/3299/3299 3260/3260/3260 3263/3263/3263 
f 3263/3263/3263 3300/3300/3300 3299/3299/3299 
f 3265/3265/3265 3301/3301/3301 3266/3266/3266 
f 3250/3250/3250 3283/3283/3283 3279/3279/3279 
f 3279/3279/3279 3302/3302/3302 3250/3250/3250 
f 3302/3302/3302 3279/3279/3279 3275/3275/3275 
f 3275/3275/3275 3303/3303/3303 3302/3302/3302 
f 3304/3304/3304 3303/3303/3303 3275/3275/3275 
f 3275/3275/3275 3267/3267/3267 3304/3304/3304 
f 3305/3305/3305 3304/3304/3304 3267/3267/3267 
f 3267/3267/3267 3270/3270/3270 3305/3305/3305 
f 3306/3306/3306 3307/3307/3307 3257/3257/3257 
f 3257/3257/3257 3256/3256/3256 3306/3306/3306 
f 3308/3308/3308 3306/3306/3306 3256/3256/3256 
f 3256/3256/3256 3297/3297/3297 3308/3308/3308 
f 3308/3308/3308 3297/3297/3297 3288/3288/3288 
f 3288/3288/3288 3309/3309/3309 3308/3308/3308 
f 3309/3309/3309 3288/3288/3288 3291/3291/3291 
f 3291/3291/3291 3252/3252/3252 3309/3309/3309 
f 3310/3310/3310 3311/3311/3311 3312/3312/3312 
f 3312/3312/3312 3313/3313/3313 3310/3310/3310 
f 3314/3314/3314 3315/3315/3315 3316/3316/3316 
f 3316/3316/3316 3317/3317/3317 3314/3314/3314 
f 3318/3318/3318 3319/3319/3319 3320/3320/3320 
f 3321/3321/3321 3322/3322/3322 3323/3323/3323 
f 3323/3323/3323 3324/3324/3324 3321/3321/3321 
f 3325/3325/3325 3326/3326/3326 3327/3327/3327 
f 3327/3327/3327 3328/3328/3328 3325/3325/3325 
f 3327/3327/3327 3319/3319/3319 3318/3318/3318 
f 3322/3322/3322 3329/3329/3329 3330/3330/3330 
f 3330/3330/3330 3323/3323/3323 3322/3322/3322 
f 3326/3326/3326 3331/3331/3331 3332/3332/3332 
f 3332/3332/3332 3327/3327/3327 3326/3326/3326 
f 3332/3332/3332 3319/3319/3319 3327/3327/3327 
f 3333/3333/3333 3334/3334/3334 3330/3330/3330 
f 3330/3330/3330 3329/3329/3329 3333/3333/3333 
f 3332/3332/3332 3331/3331/3331 3335/3335/3335 
f 3335/3335/3335 3336/3336/3336 3332/3332/3332 
f 3336/3336/3336 3319/3319/3319 3332/3332/3332 
f 3337/3337/3337 3338/3338/3338 3334/3334/3334 
f 3334/3334/3334 3333/3333/3333 3337/3337/3337 
f 3336/3336/3336 3335/3335/3335 3339/3339/3339 
f 3339/3339/3339 3340/3340/3340 3336/3336/3336 
f 3341/3341/3341 3319/3319/3319 3336/3336/3336 
f 3342/3342/3342 3343/3343/3343 3344/3344/3344 
f 3344/3344/3344 3345/3345/3345 3342/3342/3342 
f 3346/3346/3346 3347/3347/3347 3348/3348/3348 
f 3348/3348/3348 3349/3349/3349 3346/3346/3346 
f 3350/3350/3350 3319/3319/3319 3341/3341/3341 
f 3351/3351/3351 3352/3352/3352 3343/3343/3343 
f 3343/3343/3343 3342/3342/3342 3351/3351/3351 
f 3347/3347/3347 3346/3346/3346 3353/3353/3353 
f 3353/3353/3353 3354/3354/3354 3347/3347/3347 
f 3355/3355/3355 3319/3319/3319 3350/3350/3350 
f 3351/3351/3351 3310/3310/3310 3313/3313/3313 
f 3313/3313/3313 3352/3352/3352 3351/3351/3351 
f 3353/3353/3353 3314/3314/3314 3317/3317/3317 
f 3317/3317/3317 3354/3354/3354 3353/3353/3353 
f 3320/3320/3320 3319/3319/3319 3355/3355/3355 
f 3356/3356/3356 3337/3337/3337 3333/3333/3333 
f 3333/3333/3333 3357/3357/3357 3356/3356/3356 
f 3357/3357/3357 3333/3333/3333 3329/3329/3329 
f 3329/3329/3329 3358/3358/3358 3357/3357/3357 
f 3359/3359/3359 3358/3358/3358 3329/3329/3329 
f 3329/3329/3329 3322/3322/3322 3359/3359/3359 
f 3246/3246/3246 3359/3359/3359 3322/3322/3322 
f 3322/3322/3322 3321/3321/3321 3246/3246/3246 
f 3360/3360/3360 3255/3255/3255 3311/3311/3311 
f 3311/3311/3311 3310/3310/3310 3360/3360/3360 
f 3361/3361/3361 3360/3360/3360 3310/3310/3310 
f 3310/3310/3310 3351/3351/3351 3361/3361/3361 
f 3361/3361/3361 3351/3351/3351 3342/3342/3342 
f 3342/3342/3342 3362/3362/3362 3361/3361/3361 
f 3362/3362/3362 3342/3342/3342 3345/3345/3345 
f 3345/3345/3345 3363/3363/3363 3362/3362/3362 
f 3364/3364/3364 3365/3365/3365 3366/3366/3366 
f 3366/3366/3366 3367/3367/3367 3364/3364/3364 
f 3368/3368/3368 3369/3369/3369 3370/3370/3370 
f 3370/3370/3370 3371/3371/3371 3368/3368/3368 
f 3372/3372/3372 3373/3373/3373 3374/3374/3374 
f 3374/3374/3374 3375/3375/3375 3372/3372/3372 
f 3373/3373/3373 3376/3376/3376 3377/3377/3377 
f 3377/3377/3377 3374/3374/3374 3373/3373/3373 
f 3378/3378/3378 3379/3379/3379 3380/3380/3380 
f 3381/3381/3381 3382/3382/3382 3383/3383/3383 
f 3384/3384/3384 3385/3385/3385 3386/3386/3386 
f 3386/3386/3386 3387/3387/3387 3384/3384/3384 
f 3302/3302/3302 3388/3388/3388 3250/3250/3250 
f 3389/3389/3389 3374/3374/3374 3377/3377/3377 
f 3377/3377/3377 3390/3390/3390 3389/3389/3389 
f 3306/3306/3306 3308/3308/3308 3391/3391/3391 
f 3391/3391/3391 3382/3382/3382 3306/3306/3306 
f 3392/3392/3392 3357/3357/3357 3358/3358/3358 
f 3358/3358/3358 3393/3393/3393 3392/3392/3392 
f 3305/3305/3305 3394/3394/3394 3395/3395/3395 
f 3395/3395/3395 3304/3304/3304 3305/3305/3305 
f 3396/3396/3396 3397/3397/3397 3398/3398/3398 
f 3399/3399/3399 3387/3387/3387 3386/3386/3386 
f 3386/3386/3386 3400/3400/3400 3399/3399/3399 
f 3401/3401/3401 3402/3402/3402 3384/3384/3384 
f 3384/3384/3384 3387/3387/3387 3401/3401/3401 
f 3403/3403/3403 3404/3404/3404 3399/3399/3399 
f 3399/3399/3399 3405/3405/3405 3403/3403/3403 
f 3406/3406/3406 3396/3396/3396 3407/3407/3407 
f 3407/3407/3407 3408/3408/3408 3406/3406/3406 
f 3409/3409/3409 3410/3410/3410 3411/3411/3411 
f 3309/3309/3309 3409/3409/3409 3391/3391/3391 
f 3391/3391/3391 3308/3308/3308 3309/3309/3309 
f 3249/3249/3249 3250/3250/3250 3388/3388/3388 
f 3412/3412/3412 3413/3413/3413 3414/3414/3414 
f 3414/3414/3414 3415/3415/3415 3412/3412/3412 
f 3416/3416/3416 3417/3417/3417 3418/3418/3418 
f 3418/3418/3418 3419/3419/3419 3416/3416/3416 
f 3420/3420/3420 3421/3421/3421 3422/3422/3422 
f 3422/3422/3422 3423/3423/3423 3420/3420/3420 
f 3424/3424/3424 3425/3425/3425 3426/3426/3426 
f 3426/3426/3426 3427/3427/3427 3424/3424/3424 
f 3428/3428/3428 3429/3429/3429 3430/3430/3430 
f 3430/3430/3430 3431/3431/3431 3428/3428/3428 
f 3432/3432/3432 3433/3433/3433 3434/3434/3434 
f 3434/3434/3434 3435/3435/3435 3432/3432/3432 
f 3436/3436/3436 3437/3437/3437 3438/3438/3438 
f 3439/3439/3439 3412/3412/3412 3415/3415/3415 
f 3415/3415/3415 3440/3440/3440 3439/3439/3439 
f 3360/3360/3360 3361/3361/3361 3380/3380/3380 
f 3380/3380/3380 3379/3379/3379 3360/3360/3360 
f 3248/3248/3248 3441/3441/3441 3442/3442/3442 
f 3442/3442/3442 3247/3247/3247 3248/3248/3248 
f 3362/3362/3362 3443/3443/3443 3380/3380/3380 
f 3380/3380/3380 3361/3361/3361 3362/3362/3362 
f 3444/3444/3444 3356/3356/3356 3357/3357/3357 
f 3357/3357/3357 3392/3392/3392 3444/3444/3444 
f 3254/3254/3254 3379/3379/3379 3410/3410/3410 
f 3410/3410/3410 3253/3253/3253 3254/3254/3254 
f 3251/3251/3251 3409/3409/3409 3252/3252/3252 
f 3445/3445/3445 3437/3437/3437 3436/3436/3436 
f 3436/3436/3436 3446/3446/3446 3445/3445/3445 
f 3447/3447/3447 3448/3448/3448 3369/3369/3369 
f 3369/3369/3369 3368/3368/3368 3447/3447/3447 
f 3449/3449/3449 3450/3450/3450 3451/3451/3451 
f 3451/3451/3451 3452/3452/3452 3449/3449/3449 
f 3453/3453/3453 3451/3451/3451 3450/3450/3450 
f 3450/3450/3450 3408/3408/3408 3453/3453/3453 
f 3407/3407/3407 3454/3454/3454 3453/3453/3453 
f 3453/3453/3453 3408/3408/3408 3407/3407/3407 
f 3359/3359/3359 3442/3442/3442 3393/3393/3393 
f 3393/3393/3393 3358/3358/3358 3359/3359/3359 
f 3396/3396/3396 3398/3398/3398 3455/3455/3455 
f 3455/3455/3455 3407/3407/3407 3396/3396/3396 
f 3454/3454/3454 3407/3407/3407 3455/3455/3455 
f 3455/3455/3455 3456/3456/3456 3454/3454/3454 
f 3457/3457/3457 3403/3403/3403 3454/3454/3454 
f 3454/3454/3454 3456/3456/3456 3457/3457/3457 
f 3404/3404/3404 3458/3458/3458 3459/3459/3459 
f 3459/3459/3459 3401/3401/3401 3404/3404/3404 
f 3402/3402/3402 3401/3401/3401 3459/3459/3459 
f 3405/3405/3405 3399/3399/3399 3400/3400/3400 
f 3400/3400/3400 3460/3460/3460 3405/3405/3405 
f 3399/3399/3399 3404/3404/3404 3401/3401/3401 
f 3401/3401/3401 3387/3387/3387 3399/3399/3399 
f 3453/3453/3453 3454/3454/3454 3403/3403/3403 
f 3403/3403/3403 3405/3405/3405 3453/3453/3453 
f 3405/3405/3405 3460/3460/3460 3451/3451/3451 
f 3451/3451/3451 3453/3453/3453 3405/3405/3405 
f 3457/3457/3457 3458/3458/3458 3404/3404/3404 
f 3404/3404/3404 3403/3403/3403 3457/3457/3457 
f 3379/3379/3379 3255/3255/3255 3360/3360/3360 
f 3255/3255/3255 3379/3379/3379 3254/3254/3254 
f 3251/3251/3251 3253/3253/3253 3410/3410/3410 
f 3410/3410/3410 3409/3409/3409 3251/3251/3251 
f 3252/3252/3252 3409/3409/3409 3309/3309/3309 
f 3406/3406/3406 3461/3461/3461 3397/3397/3397 
f 3397/3397/3397 3396/3396/3396 3406/3406/3406 
f 3380/3380/3380 3443/3443/3443 3378/3378/3378 
f 3377/3377/3377 3376/3376/3376 3378/3378/3378 
f 3378/3378/3378 3443/3443/3443 3377/3377/3377 
f 3359/3359/3359 3246/3246/3246 3442/3442/3442 
f 3247/3247/3247 3442/3442/3442 3246/3246/3246 
f 3249/3249/3249 3388/3388/3388 3441/3441/3441 
f 3441/3441/3441 3248/3248/3248 3249/3249/3249 
f 3303/3303/3303 3304/3304/3304 3395/3395/3395 
f 3395/3395/3395 3388/3388/3388 3303/3303/3303 
f 3303/3303/3303 3388/3388/3388 3302/3302/3302 
f 3382/3382/3382 3462/3462/3462 3307/3307/3307 
f 3307/3307/3307 3306/3306/3306 3382/3382/3382 
f 3363/3363/3363 3463/3463/3463 3443/3443/3443 
f 3443/3443/3443 3362/3362/3362 3363/3363/3363 
f 3452/3452/3452 3451/3451/3451 3460/3460/3460 
f 3460/3460/3460 3400/3400/3400 3464/3464/3464 
f 3464/3464/3464 3452/3452/3452 3460/3460/3460 
f 3383/3383/3383 3382/3382/3382 3391/3391/3391 
f 3409/3409/3409 3383/3383/3383 3391/3391/3391 
f 3409/3409/3409 3411/3411/3411 3465/3465/3465 
f 3411/3411/3411 3410/3410/3410 3379/3379/3379 
f 3378/3378/3378 3466/3466/3466 3379/3379/3379 
f 3467/3467/3467 3381/3381/3381 3468/3468/3468 
f 3468/3468/3468 3469/3469/3469 3467/3467/3467 
f 3468/3468/3468 3470/3470/3470 3471/3471/3471 
f 3471/3471/3471 3469/3469/3469 3468/3468/3468 
f 3472/3472/3472 3473/3473/3473 3474/3474/3474 
f 3474/3474/3474 3475/3475/3475 3472/3472/3472 
f 3472/3472/3472 3475/3475/3475 3476/3476/3476 
f 3476/3476/3476 3477/3477/3477 3472/3472/3472 
f 3473/3473/3473 3109/3109/3109 3112/3112/3112 
f 3112/3112/3112 3474/3474/3474 3473/3473/3473 
f 3114/3114/3114 3085/3085/3085 3088/3088/3088 
f 3088/3088/3088 3115/3115/3115 3114/3114/3114 
f 3090/3090/3090 3078/3078/3078 3091/3091/3091 
f 3091/3091/3091 3117/3117/3117 3090/3090/3090 
f 3078/3078/3078 3077/3077/3077 3092/3092/3092 
f 3092/3092/3092 3091/3091/3091 3078/3078/3078 
f 3080/3080/3080 3079/3079/3079 3098/3098/3098 
f 3098/3098/3098 3097/3097/3097 3080/3080/3080 
f 3079/3079/3079 3083/3083/3083 3100/3100/3100 
f 3100/3100/3100 3098/3098/3098 3079/3079/3079 
f 3129/3129/3129 3478/3478/3478 3479/3479/3479 
f 3479/3479/3479 3130/3130/3130 3129/3129/3129 
f 3126/3126/3126 3125/3125/3125 3480/3480/3480 
f 3480/3480/3480 3481/3481/3481 3126/3126/3126 
f 3482/3482/3482 3119/3119/3119 3134/3134/3134 
f 3134/3134/3134 3483/3483/3483 3482/3482/3482 
f 3484/3484/3484 3133/3133/3133 3132/3132/3132 
f 3132/3132/3132 3485/3485/3485 3484/3484/3484 
f 3486/3486/3486 3487/3487/3487 3477/3477/3477 
f 3477/3477/3477 3476/3476/3476 3486/3486/3486 
f 3488/3488/3488 3128/3128/3128 3131/3131/3131 
f 3131/3131/3131 3489/3489/3489 3488/3488/3488 
f 3490/3490/3490 3124/3124/3124 3127/3127/3127 
f 3127/3127/3127 3491/3491/3491 3490/3490/3490 
f 3492/3492/3492 3123/3123/3123 3122/3122/3122 
f 3122/3122/3122 3493/3493/3493 3492/3492/3492 
f 3494/3494/3494 3493/3493/3493 3122/3122/3122 
f 3122/3122/3122 3121/3121/3121 3494/3494/3494 
f 3495/3495/3495 3120/3120/3120 3119/3119/3119 
f 3119/3119/3119 3482/3482/3482 3495/3495/3495 
f 3478/3478/3478 3105/3105/3105 3108/3108/3108 
f 3108/3108/3108 3479/3479/3479 3478/3478/3478 
f 3104/3104/3104 3481/3481/3481 3480/3480/3480 
f 3480/3480/3480 3101/3101/3101 3104/3104/3104 
f 3066/3066/3066 3065/3065/3065 3060/3060/3060 
f 3060/3060/3060 3059/3059/3059 3066/3066/3066 
f 3150/3150/3150 3149/3149/3149 3144/3144/3144 
f 3144/3144/3144 3143/3143/3143 3150/3150/3150 
f 3108/3108/3108 3107/3107/3107 3102/3102/3102 
f 3102/3102/3102 3101/3101/3101 3108/3108/3108 
f 3479/3479/3479 3108/3108/3108 3101/3101/3101 
f 3101/3101/3101 3480/3480/3480 3479/3479/3479 
f 3130/3130/3130 3479/3479/3479 3480/3480/3480 
f 3480/3480/3480 3125/3125/3125 3130/3130/3130 
f 3130/3130/3130 3125/3125/3125 3124/3124/3124 
f 3124/3124/3124 3131/3131/3131 3130/3130/3130 
f 3489/3489/3489 3131/3131/3131 3124/3124/3124 
f 3124/3124/3124 3490/3490/3490 3489/3489/3489 
f 3424/3424/3424 3431/3431/3431 3430/3430/3430 
f 3430/3430/3430 3425/3425/3425 3424/3424/3424 
f 3425/3425/3425 3430/3430/3430 3468/3468/3468 
f 3468/3468/3468 3381/3381/3381 3425/3425/3425 
f 3206/3206/3206 3205/3205/3205 3166/3166/3166 
f 3166/3166/3166 3165/3165/3165 3206/3206/3206 
f 3162/3162/3162 3161/3161/3161 3202/3202/3202 
f 3202/3202/3202 3201/3201/3201 3162/3162/3162 
f 3372/3372/3372 3375/3375/3375 3371/3371/3371 
f 3371/3371/3371 3370/3370/3370 3372/3372/3372 
f 3439/3439/3439 3440/3440/3440 3438/3438/3438 
f 3438/3438/3438 3437/3437/3437 3439/3439/3439 
f 3495/3495/3495 3496/3496/3496 3497/3497/3497 
f 3497/3497/3497 3120/3120/3120 3495/3495/3495 
f 3498/3498/3498 3076/3076/3076 3120/3120/3120 
f 3120/3120/3120 3497/3497/3497 3498/3498/3498 
f 3076/3076/3076 3498/3498/3498 3499/3499/3499 
f 3499/3499/3499 3077/3077/3077 3076/3076/3076 
f 3077/3077/3077 3499/3499/3499 3500/3500/3500 
f 3500/3500/3500 3092/3092/3092 3077/3077/3077 
f 3092/3092/3092 3500/3500/3500 3501/3501/3501 
f 3501/3501/3501 3093/3093/3093 3092/3092/3092 
f 3502/3502/3502 3135/3135/3135 3138/3138/3138 
f 3138/3138/3138 3503/3503/3503 3502/3502/3502 
f 3053/3053/3053 3052/3052/3052 3504/3504/3504 
f 3504/3504/3504 3505/3505/3505 3053/3053/3053 
f 3468/3468/3468 3430/3430/3430 3429/3429/3429 
f 3429/3429/3429 3470/3470/3470 3468/3468/3468 
f 3433/3433/3433 3432/3432/3432 3365/3365/3365 
f 3365/3365/3365 3364/3364/3364 3433/3433/3433 
f 3448/3448/3448 3446/3446/3446 3436/3436/3436 
f 3436/3436/3436 3369/3369/3369 3448/3448/3448 
f 3369/3369/3369 3436/3436/3436 3438/3438/3438 
f 3438/3438/3438 3370/3370/3370 3369/3369/3369 
f 3440/3440/3440 3372/3372/3372 3370/3370/3370 
f 3370/3370/3370 3438/3438/3438 3440/3440/3440 
f 3440/3440/3440 3415/3415/3415 3373/3373/3373 
f 3373/3373/3373 3372/3372/3372 3440/3440/3440 
f 3376/3376/3376 3373/3373/3373 3415/3415/3415 
f 3415/3415/3415 3414/3414/3414 3376/3376/3376 
f 3419/3419/3419 3418/3418/3418 3466/3466/3466 
f 3466/3466/3466 3378/3378/3378 3419/3419/3419 
f 3411/3411/3411 3420/3420/3420 3423/3423/3423 
f 3423/3423/3423 3465/3465/3465 3411/3411/3411 
f 3383/3383/3383 3426/3426/3426 3425/3425/3425 
f 3425/3425/3425 3381/3381/3381 3383/3383/3383 
f 3073/3073/3073 3048/3048/3048 3051/3051/3051 
f 3051/3051/3051 3074/3074/3074 3073/3073/3073 
f 3157/3157/3157 3160/3160/3160 3159/3159/3159 
f 3159/3159/3159 3158/3158/3158 3157/3157/3157 
f 3118/3118/3118 3116/3116/3116 3115/3115/3115 
f 3115/3115/3115 3117/3117/3117 3118/3118/3118 
f 3117/3117/3117 3115/3115/3115 3088/3088/3088 
f 3088/3088/3088 3090/3090/3090 3117/3117/3117 
f 3089/3089/3089 3090/3090/3090 3088/3088/3088 
f 3088/3088/3088 3087/3087/3087 3089/3089/3089 
f 3089/3089/3089 3087/3087/3087 3133/3133/3133 
f 3133/3133/3133 3134/3134/3134 3089/3089/3089 
f 3483/3483/3483 3134/3134/3134 3133/3133/3133 
f 3133/3133/3133 3484/3484/3484 3483/3483/3483 
f 3413/3413/3413 3416/3416/3416 3419/3419/3419 
f 3419/3419/3419 3414/3414/3414 3413/3413/3413 
f 3376/3376/3376 3414/3414/3414 3419/3419/3419 
f 3419/3419/3419 3378/3378/3378 3376/3376/3376 
f 3070/3070/3070 3069/3069/3069 3506/3506/3506 
f 3506/3506/3506 3507/3507/3507 3070/3070/3070 
f 3154/3154/3154 3153/3153/3153 3508/3508/3508 
f 3508/3508/3508 3509/3509/3509 3154/3154/3154 
f 3112/3112/3112 3111/3111/3111 3510/3510/3510 
f 3510/3510/3510 3511/3511/3511 3112/3112/3112 
f 3474/3474/3474 3112/3112/3112 3511/3511/3511 
f 3511/3511/3511 3512/3512/3512 3474/3474/3474 
f 3475/3475/3475 3474/3474/3474 3512/3512/3512 
f 3512/3512/3512 3513/3513/3513 3475/3475/3475 
f 3475/3475/3475 3513/3513/3513 3514/3514/3514 
f 3514/3514/3514 3476/3476/3476 3475/3475/3475 
f 3515/3515/3515 3486/3486/3486 3476/3476/3476 
f 3476/3476/3476 3514/3514/3514 3515/3515/3515 
f 3423/3423/3423 3422/3422/3422 3427/3427/3427 
f 3427/3427/3427 3426/3426/3426 3423/3423/3423 
f 3465/3465/3465 3423/3423/3423 3426/3426/3426 
f 3426/3426/3426 3383/3383/3383 3465/3465/3465 
f 3068/3068/3068 3067/3067/3067 3072/3072/3072 
f 3072/3072/3072 3071/3071/3071 3068/3068/3068 
f 3156/3156/3156 3155/3155/3155 3152/3152/3152 
f 3152/3152/3152 3151/3151/3151 3156/3156/3156 
f 3114/3114/3114 3113/3113/3113 3110/3110/3110 
f 3110/3110/3110 3109/3109/3109 3114/3114/3114 
f 3109/3109/3109 3473/3473/3473 3085/3085/3085 
f 3085/3085/3085 3114/3114/3114 3109/3109/3109 
f 3086/3086/3086 3085/3085/3085 3473/3473/3473 
f 3473/3473/3473 3472/3472/3472 3086/3086/3086 
f 3086/3086/3086 3472/3472/3472 3477/3477/3477 
f 3477/3477/3477 3132/3132/3132 3086/3086/3086 
f 3487/3487/3487 3485/3485/3485 3132/3132/3132 
f 3132/3132/3132 3477/3477/3477 3487/3487/3487 
f 3417/3417/3417 3421/3421/3421 3420/3420/3420 
f 3420/3420/3420 3418/3418/3418 3417/3417/3417 
f 3466/3466/3466 3418/3418/3418 3420/3420/3420 
f 3420/3420/3420 3411/3411/3411 3466/3466/3466 
f 3062/3062/3062 3061/3061/3061 3516/3516/3516 
f 3516/3516/3516 3517/3517/3517 3062/3062/3062 
f 3146/3146/3146 3145/3145/3145 3518/3518/3518 
f 3518/3518/3518 3519/3519/3519 3146/3146/3146 
f 3104/3104/3104 3103/3103/3103 3520/3520/3520 
f 3520/3520/3520 3521/3521/3521 3104/3104/3104 
f 3521/3521/3521 3522/3522/3522 3481/3481/3481 
f 3481/3481/3481 3104/3104/3104 3521/3521/3521 
f 3523/3523/3523 3126/3126/3126 3481/3481/3481 
f 3481/3481/3481 3522/3522/3522 3523/3523/3523 
f 3127/3127/3127 3126/3126/3126 3523/3523/3523 
f 3523/3523/3523 3524/3524/3524 3127/3127/3127 
f 3491/3491/3491 3127/3127/3127 3524/3524/3524 
f 3524/3524/3524 3525/3525/3525 3491/3491/3491 
f 3429/3429/3429 3428/3428/3428 3526/3526/3526 
f 3526/3526/3526 3527/3527/3527 3429/3429/3429 
f 3470/3470/3470 3429/3429/3429 3527/3527/3527 
f 3527/3527/3527 3528/3528/3528 3470/3470/3470 
f 3470/3470/3470 3528/3528/3528 3529/3529/3529 
f 3529/3529/3529 3471/3471/3471 3470/3470/3470 
f 3386/3386/3386 3385/3385/3385 3530/3530/3530 
f 3530/3530/3530 3400/3400/3400 3386/3386/3386 
f 3409/3409/3409 3465/3465/3465 3383/3383/3383 
f 3379/3379/3379 3466/3466/3466 3411/3411/3411 
f 3531/3531/3531 3495/3495/3495 3482/3482/3482 
f 3482/3482/3482 3532/3532/3532 3531/3531/3531 
f 3496/3496/3496 3495/3495/3495 3531/3531/3531 
f 3531/3531/3531 3533/3533/3533 3496/3496/3496 
f 3534/3534/3534 3493/3493/3493 3494/3494/3494 
f 3494/3494/3494 3535/3535/3535 3534/3534/3534 
f 3536/3536/3536 3492/3492/3492 3493/3493/3493 
f 3493/3493/3493 3534/3534/3534 3536/3536/3536 
f 3537/3537/3537 3538/3538/3538 3491/3491/3491 
f 3491/3491/3491 3525/3525/3525 3537/3537/3537 
f 3538/3538/3538 3539/3539/3539 3490/3490/3490 
f 3490/3490/3490 3491/3491/3491 3538/3538/3538 
f 3540/3540/3540 3489/3489/3489 3490/3490/3490 
f 3490/3490/3490 3539/3539/3539 3540/3540/3540 
f 3540/3540/3540 3541/3541/3541 3488/3488/3488 
f 3488/3488/3488 3489/3489/3489 3540/3540/3540 
f 3542/3542/3542 3543/3543/3543 3486/3486/3486 
f 3486/3486/3486 3515/3515/3515 3542/3542/3542 
f 3543/3543/3543 3544/3544/3544 3487/3487/3487 
f 3487/3487/3487 3486/3486/3486 3543/3543/3543 
f 3544/3544/3544 3545/3545/3545 3485/3485/3485 
f 3485/3485/3485 3487/3487/3487 3544/3544/3544 
f 3546/3546/3546 3484/3484/3484 3485/3485/3485 
f 3485/3485/3485 3545/3545/3545 3546/3546/3546 
f 3547/3547/3547 3483/3483/3483 3484/3484/3484 
f 3484/3484/3484 3546/3546/3546 3547/3547/3547 
f 3532/3532/3532 3482/3482/3482 3483/3483/3483 
f 3483/3483/3483 3547/3547/3547 3532/3532/3532 
f 3548/3548/3548 3531/3531/3531 3532/3532/3532 
f 3532/3532/3532 3549/3549/3549 3548/3548/3548 
f 3533/3533/3533 3531/3531/3531 3548/3548/3548 
f 3548/3548/3548 3550/3550/3550 3533/3533/3533 
f 3551/3551/3551 3534/3534/3534 3535/3535/3535 
f 3535/3535/3535 3552/3552/3552 3551/3551/3551 
f 3553/3553/3553 3536/3536/3536 3534/3534/3534 
f 3534/3534/3534 3551/3551/3551 3553/3553/3553 
f 3554/3554/3554 3555/3555/3555 3538/3538/3538 
f 3538/3538/3538 3537/3537/3537 3554/3554/3554 
f 3555/3555/3555 3556/3556/3556 3539/3539/3539 
f 3539/3539/3539 3538/3538/3538 3555/3555/3555 
f 3556/3556/3556 3557/3557/3557 3540/3540/3540 
f 3540/3540/3540 3539/3539/3539 3556/3556/3556 
f 3557/3557/3557 3558/3558/3558 3541/3541/3541 
f 3541/3541/3541 3540/3540/3540 3557/3557/3557 
f 3559/3559/3559 3560/3560/3560 3543/3543/3543 
f 3543/3543/3543 3542/3542/3542 3559/3559/3559 
f 3560/3560/3560 3561/3561/3561 3544/3544/3544 
f 3544/3544/3544 3543/3543/3543 3560/3560/3560 
f 3561/3561/3561 3562/3562/3562 3545/3545/3545 
f 3545/3545/3545 3544/3544/3544 3561/3561/3561 
f 3563/3563/3563 3546/3546/3546 3545/3545/3545 
f 3545/3545/3545 3562/3562/3562 3563/3563/3563 
f 3564/3564/3564 3547/3547/3547 3546/3546/3546 
f 3546/3546/3546 3563/3563/3563 3564/3564/3564 
f 3549/3549/3549 3532/3532/3532 3547/3547/3547 
f 3547/3547/3547 3564/3564/3564 3549/3549/3549 
f 3169/3169/3169 3171/3171/3171 3177/3177/3177 
f 3377/3377/3377 3443/3443/3443 3463/3463/3463 
f 3463/3463/3463 3390/3390/3390 3377/3377/3377 
f 3398/3398/3398 3397/3397/3397 3444/3444/3444 
f 3444/3444/3444 3392/3392/3392 3398/3398/3398 
f 3398/3398/3398 3392/3392/3392 3393/3393/3393 
f 3393/3393/3393 3455/3455/3455 3398/3398/3398 
f 3456/3456/3456 3455/3455/3455 3393/3393/3393 
f 3393/3393/3393 3442/3442/3442 3456/3456/3456 
f 3441/3441/3441 3457/3457/3457 3456/3456/3456 
f 3456/3456/3456 3442/3442/3442 3441/3441/3441 
f 3388/3388/3388 3458/3458/3458 3457/3457/3457 
f 3457/3457/3457 3441/3441/3441 3388/3388/3388 
f 3458/3458/3458 3388/3388/3388 3395/3395/3395 
f 3395/3395/3395 3459/3459/3459 3458/3458/3458 
f 3394/3394/3394 3402/3402/3402 3459/3459/3459 
f 3459/3459/3459 3395/3395/3395 3394/3394/3394 
f 3381/3381/3381 3467/3467/3467 3462/3462/3462 
f 3462/3462/3462 3382/3382/3382 3381/3381/3381 
f 3271/3271/3271 3269/3269/3269 3268/3268/3268 
f 3268/3268/3268 3272/3272/3272 3271/3271/3271 
f 3272/3272/3272 3268/3268/3268 3276/3276/3276 
f 3276/3276/3276 3277/3277/3277 3272/3272/3272 
f 3281/3281/3281 3277/3277/3277 3276/3276/3276 
f 3276/3276/3276 3280/3280/3280 3281/3281/3281 
f 3285/3285/3285 3281/3281/3281 3280/3280/3280 
f 3280/3280/3280 3284/3284/3284 3285/3285/3285 
f 3290/3290/3290 3289/3289/3289 3292/3292/3292 
f 3292/3292/3292 3295/3295/3295 3290/3290/3290 
f 3299/3299/3299 3292/3292/3292 3289/3289/3289 
f 3289/3289/3289 3298/3298/3298 3299/3299/3299 
f 3260/3260/3260 3299/3299/3299 3298/3298/3298 
f 3298/3298/3298 3259/3259/3259 3260/3260/3260 
f 3260/3260/3260 3259/3259/3259 3258/3258/3258 
f 3258/3258/3258 3261/3261/3261 3260/3260/3260 
f 3244/3244/3244 3211/3211/3211 3565/3565/3565 
f 3565/3565/3565 3566/3566/3566 3244/3244/3244 
f 3567/3567/3567 3239/3239/3239 3244/3244/3244 
f 3244/3244/3244 3566/3566/3566 3567/3567/3567 
f 3239/3239/3239 3567/3567/3567 3568/3568/3568 
f 3568/3568/3568 3240/3240/3240 3239/3239/3239 
f 3230/3230/3230 3229/3229/3229 3233/3233/3233 
f 3233/3233/3233 3569/3569/3569 3230/3230/3230 
f 3226/3226/3226 3225/3225/3225 3229/3229/3229 
f 3229/3229/3229 3230/3230/3230 3226/3226/3226 
f 3221/3221/3221 3225/3225/3225 3226/3226/3226 
f 3226/3226/3226 3222/3222/3222 3221/3221/3221 
f 3220/3220/3220 3221/3221/3221 3222/3222/3222 
f 3222/3222/3222 3570/3570/3570 3220/3220/3220 
f 3211/3211/3211 3212/3212/3212 3571/3571/3571 
f 3571/3571/3571 3565/3565/3565 3211/3211/3211 
f 3326/3326/3326 3323/3323/3323 3330/3330/3330 
f 3330/3330/3330 3331/3331/3331 3326/3326/3326 
f 3335/3335/3335 3331/3331/3331 3330/3330/3330 
f 3330/3330/3330 3334/3334/3334 3335/3335/3335 
f 3339/3339/3339 3335/3335/3335 3334/3334/3334 
f 3334/3334/3334 3338/3338/3338 3339/3339/3339 
f 3344/3344/3344 3343/3343/3343 3346/3346/3346 
f 3346/3346/3346 3349/3349/3349 3344/3344/3344 
f 3353/3353/3353 3346/3346/3346 3343/3343/3343 
f 3343/3343/3343 3352/3352/3352 3353/3353/3353 
f 3353/3353/3353 3352/3352/3352 3313/3313/3313 
f 3313/3313/3313 3314/3314/3314 3353/3353/3353 
f 3314/3314/3314 3313/3313/3313 3312/3312/3312 
f 3312/3312/3312 3315/3315/3315 3314/3314/3314 
f 3325/3325/3325 3324/3324/3324 3323/3323/3323 
f 3323/3323/3323 3326/3326/3326 3325/3325/3325 
f 3191/3191/3191 3195/3195/3195 3196/3196/3196 
f 3196/3196/3196 3193/3193/3193 3191/3191/3191 
f 3204/3204/3204 3199/3199/3199 3202/3202/3202 
f 3202/3202/3202 3205/3205/3205 3204/3204/3204 
f 3205/3205/3205 3202/3202/3202 3161/3161/3161 
f 3161/3161/3161 3166/3166/3166 3205/3205/3205 
f 3166/3166/3166 3161/3161/3161 3164/3164/3164 
f 3164/3164/3164 3167/3167/3167 3166/3166/3166 
f 3167/3167/3167 3164/3164/3164 3173/3173/3173 
f 3173/3173/3173 3174/3174/3174 3167/3167/3167 
f 3182/3182/3182 3178/3178/3178 3181/3181/3181 
f 3181/3181/3181 3183/3183/3183 3182/3182/3182 
f 3188/3188/3188 3183/3183/3183 3181/3181/3181 
f 3181/3181/3181 3187/3187/3187 3188/3188/3188 
f 3193/3193/3193 3188/3188/3188 3187/3187/3187 
f 3187/3187/3187 3191/3191/3191 3193/3193/3193 
f 3186/3186/3186 3408/3408/3408 3450/3450/3450 
f 3450/3450/3450 3190/3190/3190 3186/3186/3186 
f 3450/3450/3450 3449/3449/3449 3194/3194/3194 
f 3194/3194/3194 3190/3190/3190 3450/3450/3450 
f 3200/3200/3200 3368/3368/3368 3371/3371/3371 
f 3371/3371/3371 3201/3201/3201 3200/3200/3200 
f 3375/3375/3375 3162/3162/3162 3201/3201/3201 
f 3201/3201/3201 3371/3371/3371 3375/3375/3375 
f 3163/3163/3163 3162/3162/3162 3375/3375/3375 
f 3375/3375/3375 3374/3374/3374 3163/3163/3163 
f 3163/3163/3163 3374/3374/3374 3389/3389/3389 
f 3389/3389/3389 3172/3172/3172 3163/3163/3163 
f 3179/3179/3179 3461/3461/3461 3406/3406/3406 
f 3406/3406/3406 3180/3180/3180 3179/3179/3179 
f 3180/3180/3180 3406/3406/3406 3408/3408/3408 
f 3408/3408/3408 3186/3186/3186 3180/3180/3180 
f 3159/3159/3159 3136/3136/3136 3049/3049/3049 
f 3049/3049/3049 3048/3048/3048 3159/3159/3159 
f 3136/3136/3136 3135/3135/3135 3052/3052/3052 
f 3052/3052/3052 3049/3049/3049 3136/3136/3136 
f 3504/3504/3504 3052/3052/3052 3135/3135/3135 
f 3135/3135/3135 3502/3502/3502 3504/3504/3504 
f 3054/3054/3054 3056/3056/3056 3139/3139/3139 
f 3145/3145/3145 3062/3062/3062 3517/3517/3517 
f 3517/3517/3517 3518/3518/3518 3145/3145/3145 
f 3144/3144/3144 3059/3059/3059 3062/3062/3062 
f 3062/3062/3062 3145/3145/3145 3144/3144/3144 
f 3149/3149/3149 3066/3066/3066 3059/3059/3059 
f 3059/3059/3059 3144/3144/3144 3149/3149/3149 
f 3148/3148/3148 3063/3063/3063 3066/3066/3066 
f 3066/3066/3066 3149/3149/3149 3148/3148/3148 
f 3153/3153/3153 3070/3070/3070 3507/3507/3507 
f 3507/3507/3507 3508/3508/3508 3153/3153/3153 
f 3152/3152/3152 3067/3067/3067 3070/3070/3070 
f 3070/3070/3070 3153/3153/3153 3152/3152/3152 
f 3067/3067/3067 3152/3152/3152 3155/3155/3155 
f 3155/3155/3155 3072/3072/3072 3067/3067/3067 
f 3072/3072/3072 3155/3155/3155 3158/3158/3158 
f 3158/3158/3158 3073/3073/3073 3072/3072/3072 
f 3048/3048/3048 3073/3073/3073 3158/3158/3158 
f 3158/3158/3158 3159/3159/3159 3048/3048/3048 
f 3137/3137/3137 3160/3160/3160 3118/3118/3118 
f 3118/3118/3118 3094/3094/3094 3137/3137/3137 
f 3138/3138/3138 3137/3137/3137 3094/3094/3094 
f 3094/3094/3094 3093/3093/3093 3138/3138/3138 
f 3503/3503/3503 3138/3138/3138 3093/3093/3093 
f 3093/3093/3093 3501/3501/3501 3503/3503/3503 
f 3141/3141/3141 3140/3140/3140 3096/3096/3096 
f 3096/3096/3096 3095/3095/3095 3141/3141/3141 
f 3142/3142/3142 3141/3141/3141 3095/3095/3095 
f 3095/3095/3095 3099/3099/3099 3142/3142/3142 
f 3103/3103/3103 3146/3146/3146 3519/3519/3519 
f 3519/3519/3519 3520/3520/3520 3103/3103/3103 
f 3102/3102/3102 3143/3143/3143 3146/3146/3146 
f 3146/3146/3146 3103/3103/3103 3102/3102/3102 
f 3107/3107/3107 3150/3150/3150 3143/3143/3143 
f 3143/3143/3143 3102/3102/3102 3107/3107/3107 
f 3106/3106/3106 3147/3147/3147 3150/3150/3150 
f 3150/3150/3150 3107/3107/3107 3106/3106/3106 
f 3111/3111/3111 3154/3154/3154 3509/3509/3509 
f 3509/3509/3509 3510/3510/3510 3111/3111/3111 
f 3110/3110/3110 3151/3151/3151 3154/3154/3154 
f 3154/3154/3154 3111/3111/3111 3110/3110/3110 
f 3113/3113/3113 3156/3156/3156 3151/3151/3151 
f 3151/3151/3151 3110/3110/3110 3113/3113/3113 
f 3156/3156/3156 3113/3113/3113 3116/3116/3116 
f 3116/3116/3116 3157/3157/3157 3156/3156/3156 
f 3160/3160/3160 3157/3157/3157 3116/3116/3116 
f 3116/3116/3116 3118/3118/3118 3160/3160/3160 
f 3530/3530/3530 3464/3464/3464 3400/3400/3400 
f 3528/3528/3528 3364/3364/3364 3367/3367/3367 
f 3367/3367/3367 3529/3529/3529 3528/3528/3528 
f 3527/3527/3527 3433/3433/3433 3364/3364/3364 
f 3364/3364/3364 3528/3528/3528 3527/3527/3527 
f 3433/3433/3433 3527/3527/3527 3526/3526/3526 
f 3526/3526/3526 3434/3434/3434 3433/3433/3433 
f 3536/3536/3536 3553/3553/3553 3572/3572/3572 
f 3572/3572/3572 3573/3573/3573 3536/3536/3536 
f 3492/3492/3492 3536/3536/3536 3573/3573/3573 
f 3573/3573/3573 3574/3574/3574 3492/3492/3492 
f 3123/3123/3123 3492/3492/3492 3574/3574/3574 
f 3574/3574/3574 3575/3575/3575 3123/3123/3123 
f 3576/3576/3576 3084/3084/3084 3123/3123/3123 
f 3123/3123/3123 3575/3575/3575 3576/3576/3576 
f 3577/3577/3577 3083/3083/3083 3084/3084/3084 
f 3084/3084/3084 3576/3576/3576 3577/3577/3577 
f 3100/3100/3100 3083/3083/3083 3577/3577/3577 
f 3577/3577/3577 3578/3578/3578 3100/3100/3100 
f 3099/3099/3099 3100/3100/3100 3578/3578/3578 
f 3578/3578/3578 3579/3579/3579 3099/3099/3099 
f 3142/3142/3142 3099/3099/3099 3579/3579/3579 
f 3579/3579/3579 3580/3580/3580 3142/3142/3142 
f 3058/3058/3058 3142/3142/3142 3580/3580/3580 
f 3580/3580/3580 3581/3581/3581 3058/3058/3058 
f 3582/3582/3582 3058/3058/3058 3581/3581/3581 
f 3057/3057/3057 3058/3058/3058 3582/3582/3582 
f 3582/3582/3582 3583/3583/3583 3057/3057/3057 
f 3584/3584/3584 3585/3585/3585 3586/3586/3586 
f 3587/3587/3587 3588/3588/3588 3589/3589/3589 
f 3590/3590/3590 3591/3591/3591 3592/3592/3592 
f 3593/3593/3593 3594/3594/3594 3595/3595/3595 
f 3596/3596/3596 3597/3597/3597 3598/3598/3598 
f 3599/3599/3599 3600/3600/3600 3601/3601/3601 
f 3602/3602/3602 3603/3603/3603 3589/3589/3589 
f 3604/3604/3604 3605/3605/3605 3606/3606/3606 
f 3607/3607/3607 3596/3596/3596 3598/3598/3598 
f 3608/3608/3608 3609/3609/3609 3610/3610/3610 
f 3611/3611/3611 3612/3612/3612 3613/3613/3613 
f 3614/3614/3614 3615/3615/3615 3616/3616/3616 
f 3617/3617/3617 3618/3618/3618 3619/3619/3619 
f 3620/3620/3620 3621/3621/3621 3622/3622/3622 
f 3623/3623/3623 3624/3624/3624 3625/3625/3625 

g Npc4

v -6.90766 3.48541 2.63071 
v -6.98911 3.47192 2.64947 
v -7.01534 3.59326 2.68278 
v -6.90767 3.61549 2.65985 
v -6.90767 3.30573 2.66865 
v -6.95472 3.32039 2.69076 
v -6.90768 3.13757 3.04776 
v -6.92645 3.2069 2.78332 
v -6.90768 3.19059 2.76097 
v -6.90769 3.19741 3.24371 
v -6.92109 3.18449 3.22938 
v -6.90767 3.38076 3.36723 
v -6.90769 3.48541 3.37548 
v -6.97737 3.47325 3.36698 
v -6.94735 3.36693 3.34517 
v -6.90768 3.6337 3.36233 
v -6.90767 3.75582 3.27834 
v -7.0374 3.71448 3.28062 
v -7.00973 3.60704 3.35454 
v -6.90768 3.8453 3.15726 
v -6.90769 3.85192 3.0031 
v -7.05573 3.79111 3.01599 
v -7.05351 3.77642 3.16517 
v -6.90768 3.82466 2.87251 
v -6.90768 3.74361 2.73947 
v -7.0384 3.70431 2.76082 
v -7.05559 3.7742 2.89065 
v -7.2318 2.9962 2.81814 
v -7.21156 3.07001 2.79199 
v -7.11364 3.01597 2.83859 
v -7.13181 2.94554 2.86765 
v -6.99282 2.94756 3.10961 
v -7.01154 2.87632 3.1381 
v -7.05654 2.90547 2.94815 
v -7.03529 2.97727 2.9152 
v -7.00749 2.955 3.18899 
v -7.02822 2.88416 3.20815 
v -7.38999 3.06791 2.91551 
v -7.43246 3.08761 3.03783 
v -7.40772 3.17333 3.00797 
v -7.3678 3.15314 2.88717 
v -7.32373 3.03539 2.84247 
v -7.30084 3.11808 2.81528 
v -7.17668 3.21816 2.76824 
v -7.14654 3.32659 2.71559 
v -7.05335 3.23733 2.75761 
v -7.07718 3.16414 2.80888 
v -6.93158 3.15106 3.06695 
v -6.95546 3.08805 3.091 
v -6.9986 3.12281 2.88852 
v -6.97637 3.18042 2.83529 
v -6.94954 3.16423 3.19672 
v -6.9717 3.09569 3.18814 
v -7.03365 3.24369 3.34478 
v -7.11684 3.31329 3.38638 
v -7.16121 3.19136 3.38998 
v -7.05671 3.14107 3.34481 
v -7.23857 3.40031 3.35792 
v -7.31373 3.46891 3.3035 
v -7.34001 3.29107 3.32415 
v -7.26618 3.24881 3.371 
v -7.34846 3.49168 3.19837 
v -7.36181 3.50651 3.06798 
v -7.39561 3.32049 3.09457 
v -7.3774 3.30983 3.22168 
v -7.34537 3.29864 2.86656 
v -7.38495 3.31794 2.98688 
v -7.35058 3.49709 2.95262 
v -7.31091 3.4688 2.82377 
v -7.27187 3.26419 2.7946 
v -7.2368 3.4041 2.74829 
v -7.28218 2.85894 2.79688 
v -7.17809 2.81688 2.85135 
v -7.08499 2.76739 2.94035 
v -7.04753 2.72906 3.12628 
v -7.0696 2.73313 3.20545 
v -7.28906 2.79781 3.39947 
v -7.16857 2.76358 3.3433 
v -7.13949 2.92619 3.34633 
v -7.22934 2.95705 3.4135 
v -7.48787 2.89323 3.30733 
v -7.40581 2.84807 3.38071 
v -7.32836 2.9909 3.37498 
v -7.39546 3.05826 3.31869 
v -7.51911 2.91498 3.02502 
v -7.46902 2.90936 2.89875 
v -7.39305 2.8905 2.82447 
v -7.11186 3.39456 2.68781 
v -7.0733 3.44104 2.66322 
v -7.0053 3.30817 2.70292 
v -7.02952 3.27793 2.72823 
v -6.9218 3.16046 3.05581 
v -6.96106 3.19622 2.80598 
v -6.94449 3.20389 2.79241 
v -6.93777 3.18403 3.20578 
v -7.0857 3.38413 3.38004 
v -7.01173 3.28844 3.34583 
v -6.98925 3.32137 3.34668 
v -7.04899 3.43254 3.37427 
v -7.11517 3.55419 3.36255 
v -7.17081 3.64894 3.29593 
v -7.24601 3.57563 3.29913 
v -7.17762 3.49145 3.36015 
v -7.28642 3.62302 3.04833 
v -7.27875 3.6094 3.18914 
v -7.20346 3.69312 3.18133 
v -7.20641 3.70599 3.03087 
v -7.2458 3.57144 2.79761 
v -7.28243 3.61608 2.92787 
v -7.20875 3.70112 2.90563 
v -7.17298 3.6407 2.77348 
v -7.18262 3.48978 2.72074 
v -7.12608 3.54721 2.69558 
v -7.1872 2.16175 2.65347 
v -7.12487 2.20656 2.67833 
v -7.09293 2.13454 2.66364 
v -7.15376 2.09958 2.64252 
v -7.1293 2.03383 2.63755 
v -7.07822 2.05899 2.64928 
v -7.06444 1.98817 2.63582 
v -7.10637 1.9722 2.63289 
v -7.08128 1.95058 2.68837 
v -7.06444 1.98817 2.63582 
v -7.04013 1.99424 2.67074 
v -7.1892 2.07112 2.67982 
v -7.21907 2.11048 2.68366 
v -7.13656 1.96604 2.66577 
v -7.16667 2.01386 2.67469 
v -7.13656 1.96604 2.66577 
v -7.10637 1.9722 2.63289 
v -7.1892 2.07112 2.67982 
v -7.18103 2.05744 2.74924 
v -7.21426 2.07651 2.76628 
v -7.21907 2.11048 2.68366 
v -7.1325 1.96261 2.7184 
v -7.16062 2.00548 2.73544 
v -7.16667 2.01386 2.67469 
v -7.13656 1.96604 2.66577 
v -7.1351 2.06838 2.79749 
v -7.17247 2.07212 2.82874 
v -7.09658 1.96392 2.75272 
v -7.11986 2.01144 2.7765 
v -7.0783 2.09752 2.7963 
v -7.10952 2.13245 2.85805 
v -7.05612 1.97868 2.74861 
v -7.06685 2.03618 2.77169 
v -7.04874 2.1268 2.7663 
v -7.08099 2.19602 2.8276 
v -7.03625 1.99096 2.7211 
v -7.04229 2.05668 2.74297 
v -7.03625 1.99096 2.7211 
v -7.04874 2.1268 2.7663 
v -7.05137 2.1422 2.71339 
v -7.07534 2.21359 2.74198 
v -7.08099 2.19602 2.8276 
v -7.03625 1.99096 2.7211 
v -7.04013 1.99424 2.67074 
v -7.04557 2.06582 2.69138 
v -7.04229 2.05668 2.74297 
v -7.61829 1.70103 3.12814 
v -7.56914 1.61898 3.11714 
v -7.51305 1.65766 3.14859 
v -7.54878 1.7352 3.15303 
v -7.49448 1.55891 3.10657 
v -7.45366 1.59955 3.13368 
v -7.40065 1.54768 3.12038 
v -7.42784 1.50531 3.09714 
v -7.37942 1.54188 3.04051 
v -7.54878 1.7352 3.15303 
v -7.51305 1.65766 3.14859 
v -7.45706 1.69622 3.11674 
v -7.494 1.76718 3.11987 
v -7.45366 1.59955 3.13368 
v -7.40318 1.64682 3.1062 
v -7.37349 1.58994 3.09684 
v -7.43396 1.71206 3.04024 
v -7.46839 1.78072 3.04023 
v -7.38635 1.66347 3.04026 
v -7.36225 1.60732 3.04032 
v -7.45727 1.6959 2.96391 
v -7.49426 1.76686 2.96076 
v -7.40331 1.64652 2.97445 
v -7.37354 1.58966 2.98391 
v -7.51335 1.65721 2.93246 
v -7.55645 1.73373 2.92802 
v -7.45384 1.59913 2.94737 
v -7.40072 1.54729 2.96067 
v -7.61854 1.70072 2.96118 
v -7.55645 1.73373 2.92802 
v -7.51335 1.65721 2.93246 
v -7.56935 1.61865 2.96431 
v -7.45384 1.59913 2.94737 
v -7.4946 1.55862 2.97482 
v -7.42788 1.50504 2.98421 
v -7.59245 1.60282 3.04508 
v -7.64415 1.68717 3.04851 
v -7.51143 1.54196 3.04278 
v -7.43912 1.48765 3.04073 
v -7.56589 1.81076 2.9297 
v -7.50408 1.83351 2.9574 
v -7.47549 1.84489 3.04022 
v -7.50378 1.83379 3.12321 
v -7.54996 1.81006 3.15894 
v -7.64866 1.7795 3.13387 
v -7.54996 1.81006 3.15894 
v -7.67726 1.76811 3.05184 
v -7.64896 1.77921 2.95783 
v -7.56589 1.81076 2.9297 
v -7.51617 1.74366 3.33488 
v -7.48549 1.67999 3.32022 
v -7.43799 1.70805 3.3152 
v -7.46423 1.76735 3.32918 
v -7.37201 1.61694 3.26935 
v -7.40741 1.66582 3.29395 
v -7.44479 1.636 3.29676 
v -7.39767 1.58509 3.2696 
v -7.37201 1.61694 3.26935 
v -7.39767 1.58509 3.2696 
v -7.38177 1.60418 3.20921 
v -7.43799 1.70805 3.3152 
v -7.40948 1.73033 3.26816 
v -7.43263 1.78555 3.27452 
v -7.46423 1.76735 3.32918 
v -7.36035 1.64449 3.23804 
v -7.38199 1.69371 3.25155 
v -7.40741 1.66582 3.29395 
v -7.37201 1.61694 3.26935 
v -7.41666 1.73375 3.20665 
v -7.4391 1.78684 3.2103 
v -7.36953 1.65161 3.194 
v -7.3901 1.69885 3.19814 
v -7.45533 1.71634 3.16671 
v -7.48039 1.77101 3.16892 
v -7.39416 1.63413 3.16304 
v -7.42226 1.6814 3.16236 
v -7.50283 1.68827 3.17173 
v -7.53234 1.74732 3.17461 
v -7.41982 1.60227 3.16329 
v -7.46436 1.64841 3.16782 
v -7.41982 1.60227 3.16329 
v -7.56449 1.72967 3.22404 
v -7.53234 1.74732 3.17461 
v -7.50283 1.68827 3.17173 
v -7.53134 1.666 3.21877 
v -7.41982 1.60227 3.16329 
v -7.43148 1.57472 3.19461 
v -7.48506 1.6237 3.20757 
v -7.46436 1.64841 3.16782 
v -7.43148 1.57472 3.19461 
v -7.52416 1.66257 3.28027 
v -7.55803 1.72837 3.28826 
v -7.42231 1.5676 3.23864 
v -7.47695 1.61855 3.26098 
v -7.42231 1.5676 3.23864 
v -7.48572 1.82906 3.16346 
v -7.44162 1.8432 3.20639 
v -7.43593 1.84418 3.27351 
v -7.47106 1.82943 3.33802 
v -7.5353 1.81043 3.34443 
v -7.47106 1.82943 3.33802 
v -7.58033 1.79831 3.28898 
v -7.58602 1.79732 3.22186 
v -7.58831 1.7098 2.87164 
v -7.54137 1.63914 2.87017 
v -7.49802 1.6728 2.90993 
v -7.53953 1.73866 2.91307 
v -7.39139 1.58123 2.89464 
v -7.44381 1.62625 2.90216 
v -7.47477 1.5911 2.86828 
v -7.41036 1.54463 2.86646 
v -7.39139 1.58123 2.89464 
v -7.41036 1.54463 2.86646 
v -7.35942 1.5808 2.82842 
v -7.53953 1.73866 2.91307 
v -7.49802 1.6728 2.90993 
v -7.44673 1.71082 2.89449 
v -7.48251 1.77207 2.89703 
v -7.36651 1.62103 2.88205 
v -7.3987 1.67072 2.88969 
v -7.44381 1.62625 2.90216 
v -7.39139 1.58123 2.89464 
v -7.41753 1.73092 2.8329 
v -7.45061 1.79045 2.83292 
v -7.35029 1.64072 2.83605 
v -7.3761 1.69061 2.83603 
v -7.42753 1.72134 2.76123 
v -7.46256 1.78304 2.75829 
v -7.35225 1.62878 2.7836 
v -7.38201 1.67983 2.77413 
v -7.47087 1.68768 2.72147 
v -7.51133 1.75419 2.71687 
v -7.37121 1.59218 2.75541 
v -7.42021 1.63913 2.73872 
v -7.37121 1.59218 2.75541 
v -7.56836 1.72077 2.7329 
v -7.51133 1.75419 2.71687 
v -7.47087 1.68768 2.72147 
v -7.52218 1.64966 2.73691 
v -7.37121 1.59218 2.75541 
v -7.39609 1.55238 2.768 
v -7.45808 1.60021 2.75272 
v -7.42021 1.63913 2.73872 
v -7.39609 1.55238 2.768 
v -7.55138 1.62954 2.7985 
v -7.60024 1.70239 2.79702 
v -7.41231 1.53268 2.814 
v -7.48068 1.5803 2.80638 
v -7.41231 1.53268 2.814 
v -7.53654 1.82698 2.71542 
v -7.47442 1.85071 2.75863 
v -7.46042 1.85579 2.83642 
v -7.49518 1.83924 2.90321 
v -7.62045 1.78703 2.87669 
v -7.63447 1.78195 2.7989 
v -7.59971 1.79849 2.7321 
v -7.53654 1.82698 2.71542 
v -7.1573 2.32179 3.14698 
v -7.14777 2.26807 3.13879 
v -7.16842 2.29203 3.08391 
v -7.17192 2.33556 3.084 
v -7.11562 2.2567 2.88506 
v -7.10243 2.27625 2.76967 
v -7.13911 2.3456 2.81564 
v -7.13401 2.32841 2.93019 
v -7.20436 2.34756 2.74434 
v -7.15922 2.26979 2.69337 
v -7.25229 2.21085 2.66979 
v -7.31565 2.31194 2.72515 
v -7.45616 2.16803 2.73296 
v -7.47134 2.27806 2.7768 
v -7.62802 2.16147 2.86304 
v -7.68946 1.94223 2.80507 
v -7.67718 1.93195 2.91826 
v -7.44206 2.13088 3.37722 
v -7.61829 2.15708 3.2537 
v -7.53996 1.97296 3.37249 
v -7.18806 2.11593 3.24635 
v -7.18162 2.18374 3.28358 
v -7.26418 2.11806 3.32189 
v -7.23577 2.07727 3.26651 
v -7.41777 1.90568 3.14319 
v -7.27117 2.14624 2.68716 
v -7.41878 2.10678 2.73095 
v -7.65604 1.93998 3.28793 
v -7.42346 1.93862 2.75872 
v -7.40747 1.92122 2.85639 
v -7.38921 1.91083 3.28413 
v -7.44672 1.95296 3.34408 
v -7.36972 2.05826 2.78621 
v -7.38288 2.01347 2.76986 
v -7.41878 2.10678 2.73095 
v -7.23152 2.08136 3.1455 
v -7.15441 2.18263 3.1359 
v -7.35617 2.06097 3.34081 
v -7.32926 2.0397 3.28757 
v -7.37757 2.01624 3.14655 
v -7.34703 2.0303 3.05309 
v -7.22905 2.10439 3.07652 
v -7.26942 2.09379 2.78178 
v -7.23141 2.07544 2.85718 
v -7.34441 2.03263 2.87961 
v -7.6715 1.93747 3.1743 
v -7.68012 2.15183 3.05643 
v -7.72959 1.92401 3.05548 
v -7.40904 2.47004 2.8482 
v -7.37636 2.40699 2.7919 
v -7.48902 2.39218 2.82983 
v -7.49767 2.47221 2.86333 
v -7.56358 2.46913 2.92558 
v -7.58238 2.37785 2.90381 
v -7.62538 2.3776 2.97626 
v -7.60595 2.4638 2.99092 
v -7.61908 2.45185 3.15465 
v -7.62365 2.4584 3.06695 
v -7.64638 2.37356 3.06067 
v -7.63124 2.3671 3.15967 
v -7.60688 2.36034 3.23029 
v -7.49392 2.35815 3.33416 
v -7.4875 2.44799 3.3051 
v -7.59103 2.44936 3.22076 
v -7.3628 2.35981 3.31611 
v -7.25494 2.36553 3.28163 
v -7.27972 2.4367 3.25775 
v -7.36492 2.43762 3.28594 
v -7.20122 2.44013 3.14366 
v -7.17193 2.37243 3.14364 
v -7.18014 2.37792 3.08437 
v -7.20155 2.44207 3.0864 
v -7.16813 2.39354 2.961 
v -7.17739 2.41295 2.86403 
v -7.2308 2.45484 2.95276 
v -7.29439 2.47002 2.85931 
v -7.2511 2.42332 2.79775 
v -7.43296 1.91039 2.95576 
v -7.41577 1.88281 3.0429 
v -7.61986 1.95826 2.72641 
v -7.51211 1.97266 2.7184 
v -7.20155 2.44207 3.0864 
v -7.18014 2.37792 3.08437 
v -7.16842 2.29203 3.08391 
v -7.17192 2.33556 3.084 
v -7.14763 2.19597 3.03519 
v -7.13794 2.16424 2.91425 
v -7.11562 2.2567 2.88506 
v -7.16842 2.29203 3.08391 
v -7.23587 2.07698 2.99769 
v -7.37896 2.01248 2.96853 
v -7.36107 1.99117 2.86905 
v -7.39043 1.97472 2.96272 
v -7.36627 1.97242 3.04845 
v -7.34451 1.9903 3.286 
v -7.38277 1.97462 3.14502 
v -7.17278 2.18508 3.07966 
v -7.27117 2.14624 2.68716 
v -7.44672 1.95296 3.34408 
v -7.51211 1.97266 2.7184 
v -7.14777 2.26807 3.13879 
v -7.65076 2.15523 3.16683 
v -7.66473 2.1584 2.95168 
v -7.30694 2.2055 3.33874 
v -7.35617 2.06097 3.34081 
v -7.26418 2.11806 3.32189 
v -7.18162 2.18374 3.28358 
v -7.2018 2.27514 3.2921 
v -7.40234 3.16382 3.22337 
v -7.41925 3.17804 3.11609 
v -7.44552 3.09405 3.14733 
v -7.43105 3.08019 3.24225 
v -7.52336 2.90932 3.23246 
v -7.53853 2.91631 3.13948 
v -7.29816 3.10096 3.36347 
v -7.36545 3.1419 3.3098 
v -7.09304 3.00303 3.3328 
v -7.20268 3.04719 3.38923 
v -7.33304 2.70328 2.80374 
v -7.44019 2.72397 2.82746 
v -7.51583 2.73449 2.90047 
v -7.56523 2.73575 3.00739 
v -7.57347 2.72712 3.20699 
v -7.58493 2.73429 3.11144 
v -7.53931 2.71598 3.28202 
v -7.44387 2.68708 3.36386 
v -7.3186 2.65118 3.36747 
v -7.21025 2.63272 3.32029 
v -7.1176 2.6151 3.1854 
v -7.10116 2.61337 3.11143 
v -7.13707 2.64282 2.9381 
v -7.22245 2.68029 2.8426 
v -7.08499 2.76739 2.94035 
v -7.13707 2.64282 2.9381 
v -7.05654 2.90547 2.94815 
v -7.03529 2.97727 2.9152 
v -6.9986 3.12281 2.88852 
v -6.97637 3.18042 2.83529 
v -6.94449 3.20389 2.79241 
v -6.96106 3.19622 2.80598 
v -6.90768 3.19059 2.76097 
v -6.92645 3.2069 2.78332 
v -6.90767 3.75582 3.27834 
v -7.0374 3.71448 3.28062 
v -7.24601 3.57563 3.29913 
v -7.17081 3.64894 3.29593 
v -7.31373 3.46891 3.3035 
v -7.34001 3.29107 3.32415 
v -7.36545 3.1419 3.3098 
v -7.39546 3.05826 3.31869 
v -7.48787 2.89323 3.30733 
v -7.53931 2.71598 3.28202 
v -6.90771 3.28487 3.33817 
v -6.92666 3.26274 3.31095 
v -6.9553 3.21086 3.29626 
v -6.93997 3.24176 3.29535 
v -6.96928 3.17941 3.29728 
v -6.98955 3.10434 3.29498 
v -7.02363 2.9634 3.27639 
v -7.0466 2.89283 3.28537 
v -7.09394 2.73761 3.29277 
v -7.13574 2.617 3.26696 
v -7.17647 2.36638 3.20901 
v -7.21447 2.438 3.20682 
v -7.15479 2.30662 3.21644 
v -7.1386 2.24164 3.19932 
v -7.1386 2.24164 3.19932 
v -7.2681 2.55787 2.85235 
v -7.37739 2.56717 2.82968 
v -7.19544 2.53341 2.94665 
v -7.16341 2.51369 3.09682 
v -7.19544 2.53341 2.94665 
v -7.17384 2.51328 3.16104 
v -7.18535 2.51283 3.23187 
v -7.25446 2.51862 3.28379 
v -7.34563 2.52656 3.3199 
v -7.46933 2.54756 3.32957 
v -7.56949 2.5604 3.24627 
v -7.56949 2.5604 3.24627 
v -7.60009 2.56649 3.17645 
v -7.60752 2.5733 3.08548 
v -7.589 2.57706 2.99778 
v -7.5437 2.57964 2.91512 
v -7.47373 2.57706 2.84839 
v -7.29439 2.47002 2.85931 
v -7.40904 2.47004 2.8482 
v -7.2308 2.45484 2.95276 
v -7.20155 2.44207 3.0864 
v -7.2308 2.45484 2.95276 
v -7.20122 2.44013 3.14366 
v -7.21447 2.438 3.20682 
v -7.27972 2.4367 3.25775 
v -7.36492 2.43762 3.28594 
v -7.4875 2.44799 3.3051 
v -7.59103 2.44936 3.22076 
v -7.59103 2.44936 3.22076 
v -7.61908 2.45185 3.15465 
v -7.62365 2.4584 3.06695 
v -7.60595 2.4638 2.99092 
v -7.56358 2.46913 2.92558 
v -7.49767 2.47221 2.86333 
v -7.42784 1.50531 3.09714 
v -7.43912 1.48765 3.04073 
v -7.42788 1.50504 2.98421 
v -7.40072 1.54729 2.96067 
v -7.40072 1.54729 2.96067 
v -7.40065 1.54768 3.12038 
v -7.40065 1.54768 3.12038 
v -7.18535 2.51283 3.23187 
v -7.21447 2.438 3.20682 
v -7.13574 2.617 3.26696 
v -7.09394 2.73761 3.29277 
v -7.0466 2.89283 3.28537 
v -7.02363 2.9634 3.27639 
v -6.98955 3.10434 3.29498 
v -6.96928 3.17941 3.29728 
v -6.9553 3.21086 3.29626 
v -6.93997 3.24176 3.29535 
v -6.92666 3.26274 3.31095 
v -6.90771 3.28487 3.33817 
v -6.90767 3.30573 2.66865 
v -6.90768 3.49515 3.00369 
v -6.90768 3.19059 2.76097 
v -6.90768 3.19059 2.76097 
v -6.90768 3.49515 3.00369 
v -6.90768 3.13757 3.04776 
v -6.90769 3.19741 3.24371 
v -6.90768 3.49515 3.00369 
v -6.90771 3.28487 3.33817 
v -6.90767 3.38076 3.36723 
v -6.90768 3.49515 3.00369 
v -6.90769 3.48541 3.37548 
v -6.90768 3.6337 3.36233 
v -6.90768 3.49515 3.00369 
v -6.90767 3.75582 3.27834 
v -6.90768 3.8453 3.15726 
v -6.90768 3.49515 3.00369 
v -6.90769 3.85192 3.0031 
v -6.90768 3.82466 2.87251 
v -6.90768 3.74361 2.73947 
v -6.90767 3.61549 2.65985 
v -6.90768 3.49515 3.00369 
v -6.90766 3.48541 2.63071 
v -6.90769 3.48541 3.37548 
v -6.90766 3.48541 2.63071 
v -6.90768 3.49515 3.00369 
v -6.90767 3.30573 2.66865 
v -6.90767 3.75582 3.27834 
v -6.90768 3.49515 3.00369 
v -6.90768 3.8453 3.15726 
v -6.90769 3.85192 3.0031 
v -6.90768 3.49515 3.00369 
v -6.90768 3.82466 2.87251 
v -6.90771 3.28487 3.33817 
v -6.90768 3.49515 3.00369 
v -6.90767 3.38076 3.36723 
v -6.90768 3.74361 2.73947 
v -6.90768 3.49515 3.00369 
v -6.90767 3.61549 2.65985 
v -6.90768 3.13757 3.04776 
v -6.90768 3.49515 3.00369 
v -6.90769 3.19741 3.24371 

vn -0.275591 -0.023622 -0.96063 
vn -0.220472 -0.0393701 -0.976378 
vn -0.267717 0.362205 -0.889764 
vn -0.267717 0.362205 -0.889764 
vn -0.480315 -0.409449 -0.771654 
vn -0.291339 -0.456693 -0.84252 
vn -0.299213 -0.952756 -0.0314961 
vn -0.393701 -0.787402 -0.472441 
vn -0.700787 -0.622047 -0.354331 
vn 0.23622 -0.834646 0.503937 
vn 0.110236 -0.858268 0.503937 
vn -0.370079 -0.244094 0.897638 
vn -0.173228 -0.0472441 0.984252 
vn -0.0314961 -0.0314961 1 
vn -0.0944882 -0.259843 0.96063 
vn -0.149606 0.322835 0.937008 
vn -0.244094 0.685039 0.685039 
vn -0.259843 0.685039 0.677165 
vn -0.110236 0.322835 0.937008 
vn -0.362205 0.88189 0.307087 
vn -0.385827 0.92126 -0.0472441 
vn -0.433071 0.905512 -0.015748 
vn -0.401575 0.866142 0.291339 
vn -0.354331 0.874016 -0.330709 
vn -0.314961 0.677165 -0.669291 
vn -0.346457 0.669291 -0.661417 
vn -0.401575 0.866142 -0.307087 
vn 0.0393701 -0.11811 -0.992126 
vn -0.0393701 -0.244094 -0.968504 
vn 0.409449 -0.354331 -0.84252 
vn 0.480315 -0.259843 -0.84252 
vn 0.96063 -0.275591 -0.023622 
vn 0.968504 -0.259843 -0.00787402 
vn 0.80315 -0.299213 -0.519685 
vn 0.771654 -0.370079 -0.519685 
vn 0.952756 -0.228346 0.204724 
vn 0.937008 -0.23622 0.244094 
vn -0.80315 0.244094 -0.535433 
vn -0.913386 0.330709 -0.244094 
vn -0.96063 0.15748 -0.228346 
vn -0.850394 0.0629921 -0.519685 
vn -0.496063 0.0944882 -0.866142 
vn -0.543307 -0.0787402 -0.834646 
vn -0.11811 -0.275591 -0.952756 
vn -0.244094 -0.314961 -0.913386 
vn 0.0629921 -0.590551 -0.80315 
vn 0.307087 -0.440945 -0.84252 
vn 0.811024 -0.582677 -0.023622 
vn 0.944882 -0.330709 -0.0314961 
vn 0.716535 -0.464567 -0.519685 
vn 0.456693 -0.740157 -0.496063 
vn 0.889764 -0.417323 0.204724 
vn 0.944882 -0.267717 0.188976 
vn 0.417323 -0.141732 0.897638 
vn 0.110236 0 0.992126 
vn 0.102362 -0.0314961 0.992126 
vn 0.448819 -0.149606 0.88189 
vn -0.291339 0.165354 0.944882 
vn -0.685039 0.299213 0.661417 
vn -0.755906 0.141732 0.645669 
vn -0.354331 0.0866142 0.929134 
vn -0.897638 0.362205 0.251969 
vn -0.937008 0.354331 0.015748 
vn -0.984252 0.165354 0.023622 
vn -0.952756 0.173228 0.259843 
vn -0.850394 0.0551181 -0.527559 
vn -0.968504 0.133858 -0.212598 
vn -0.92126 0.307087 -0.228346 
vn -0.811024 0.181102 -0.551181 
vn -0.551181 -0.0866142 -0.826772 
vn -0.566929 -0.0393701 -0.818898 
vn 0.110236 0.023622 -0.992126 
vn 0.543307 -0.11811 -0.834646 
vn 0.826772 -0.23622 -0.511811 
vn 0.944882 -0.322835 0 
vn 0.913386 -0.330709 0.251969 
vn 0.11811 -0.125984 0.984252 
vn 0.456693 -0.220472 0.866142 
vn 0.511811 -0.110236 0.850394 
vn 0.141732 0.023622 0.992126 
vn -0.724409 0.23622 0.645669 
vn -0.393701 0.0787402 0.913386 
vn -0.362205 0.204724 0.905512 
vn -0.669291 0.330709 0.669291 
vn -0.897638 0.362205 -0.267717 
vn -0.76378 0.322835 -0.559055 
vn -0.433071 0.204724 -0.874016 
vn -0.307087 -0.23622 -0.92126 
vn -0.251969 -0.133858 -0.96063 
vn -0.110236 -0.527559 -0.84252 
vn -0.0787402 -0.574803 -0.811024 
vn 0.0629921 -1 -0.00787402 
vn 0 -0.874016 -0.480315 
vn -0.165354 -0.858268 -0.488189 
vn 0.448819 -0.826772 0.338583 
vn 0.102362 -0.00787402 0.992126 
vn 0.370079 -0.181102 0.913386 
vn 0.267717 -0.220472 0.937008 
vn 0.102362 -0.015748 0.992126 
vn -0.149606 0.275591 0.952756 
vn -0.409449 0.614173 0.677165 
vn -0.574803 0.472441 0.669291 
vn -0.244094 0.212598 0.944882 
vn -0.795276 0.606299 0.023622 
vn -0.755906 0.598425 0.251969 
vn -0.574803 0.779528 0.267717 
vn -0.614173 0.787402 0.015748 
vn -0.716535 0.377953 -0.590551 
vn -0.80315 0.551181 -0.23622 
vn -0.606299 0.748031 -0.259843 
vn -0.527559 0.559055 -0.637795 
vn -0.535433 0.110236 -0.834646 
vn -0.401575 0.259843 -0.874016 
vn -0.165354 0.0393701 -0.984252 
vn 0.425197 0.409449 -0.811024 
vn 0.464567 0.299213 -0.826772 
vn -0.228346 0.015748 -0.976378 
vn -0.291339 -0.023622 -0.96063 
vn 0.472441 0.228346 -0.850394 
vn 0.566929 -0.354331 -0.740157 
vn -0.11811 -0.590551 -0.80315 
vn 0.299213 -0.952756 -0.0944882 
vn 0.566929 -0.354331 -0.740157 
vn 0.897638 -0.314961 -0.314961 
vn -0.779528 -0.409449 -0.464567 
vn -0.559055 -0.543307 -0.622047 
vn -0.551181 -0.779528 -0.307087 
vn -0.84252 -0.370079 -0.385827 
vn -0.551181 -0.779528 -0.307087 
vn -0.11811 -0.590551 -0.80315 
vn -0.779528 -0.409449 -0.464567 
vn -0.685039 -0.692913 0.212598 
vn -0.401575 -0.905512 -0.102362 
vn -0.559055 -0.543307 -0.622047 
vn -0.488189 -0.850394 0.204724 
vn -0.779528 -0.511811 0.354331 
vn -0.84252 -0.370079 -0.385827 
vn -0.551181 -0.779528 -0.307087 
vn -0.0551181 -0.708661 0.700787 
vn 0.0944882 -0.92126 0.377953 
vn -0.023622 -0.818898 0.574803 
vn -0.19685 -0.456693 0.866142 
vn 0.590551 -0.346457 0.724409 
vn 0.645669 -0.440945 0.622047 
vn 0.582677 -0.606299 0.535433 
vn 0.535433 -0.228346 0.811024 
vn 0.944882 0.0393701 0.330709 
vn 0.929134 0.11811 0.346457 
vn 0.889764 -0.425197 0.149606 
vn 0.952756 -0.00787402 0.291339 
vn 0.889764 -0.425197 0.149606 
vn 0.944882 0.0393701 0.330709 
vn 0.897638 0.299213 -0.314961 
vn 0.866142 0.440945 -0.244094 
vn 0.929134 0.11811 0.346457 
vn 0.889764 -0.425197 0.149606 
vn 0.897638 -0.314961 -0.314961 
vn 0.92126 0.181102 -0.346457 
vn 0.952756 -0.00787402 0.291339 
vn -0.598425 -0.338583 0.724409 
vn -0.496063 -0.527559 0.692913 
vn 0.0866142 -0.0866142 0.992126 
vn 0.125984 -0.0551181 0.992126 
vn -0.401575 -0.622047 0.669291 
vn 0.11811 -0.133858 0.984252 
vn 0.574803 -0.401575 0.708661 
vn 0.220472 -0.826772 0.519685 
vn 0.850394 -0.527559 0 
vn 0.125984 -0.0551181 0.992126 
vn 0.0866142 -0.0866142 0.992126 
vn 0.629921 0.385827 0.677165 
vn 0.748031 0.181102 0.645669 
vn 0.11811 -0.133858 0.984252 
vn 0.637795 0.370079 0.669291 
vn 0.889764 -0.0393701 0.448819 
vn 0.811024 0.582677 0 
vn 0.96063 0.291339 0 
vn 0.826772 0.559055 0 
vn 1 0.0708661 0 
vn 0.622047 0.385827 -0.685039 
vn 0.708661 0.204724 -0.677165 
vn 0.637795 0.370079 -0.677165 
vn 0.889764 -0.0393701 -0.448819 
vn 0.0551181 -0.0944882 -0.992126 
vn 0.0314961 -0.0393701 -1 
vn 0.110236 -0.141732 -0.984252 
vn 0.574803 -0.401575 -0.708661 
vn -0.661417 -0.330709 -0.677165 
vn 0.0314961 -0.0393701 -1 
vn 0.0551181 -0.0944882 -0.992126 
vn -0.527559 -0.527559 -0.669291 
vn 0.110236 -0.141732 -0.984252 
vn -0.409449 -0.629921 -0.661417 
vn 0.220472 -0.826772 -0.519685 
vn -0.732283 -0.677165 0.015748 
vn -0.889764 -0.456693 0.015748 
vn -0.598425 -0.80315 0.00787402 
vn 0.0708661 -1 0.00787402 
vn 0.0393701 -0.968504 -0.244094 
vn 0.716535 -0.299213 -0.629921 
vn 0.92126 -0.385827 -0.0314961 
vn 0.779528 -0.433071 0.448819 
vn -0.165354 -0.984252 0.023622 
vn -0.598425 -0.283465 0.748031 
vn -0.165354 -0.984252 0.023622 
vn -0.944882 -0.338583 0.0314961 
vn -0.653543 -0.283465 -0.700787 
vn 0.0393701 -0.968504 -0.244094 
vn -0.267717 -0.259843 0.929134 
vn -0.141732 -0.417323 0.897638 
vn 0.543307 0.023622 0.84252 
vn 0.551181 0.00787402 0.834646 
vn 0.834646 -0.330709 0.440945 
vn 0.566929 0 0.826772 
vn -0.0472441 -0.503937 0.858268 
vn 0.440945 -0.755906 0.488189 
vn 0.834646 -0.330709 0.440945 
vn 0.440945 -0.755906 0.488189 
vn 0.755906 -0.598425 -0.259843 
vn 0.543307 0.023622 0.84252 
vn 0.874016 0.409449 0.275591 
vn 0.952756 0.188976 0.23622 
vn 0.551181 0.00787402 0.834646 
vn 1 -0.0314961 0.0472441 
vn 0.866142 0.409449 0.267717 
vn 0.566929 0 0.826772 
vn 0.834646 -0.330709 0.440945 
vn 0.755906 0.503937 -0.425197 
vn 0.874016 0.19685 -0.440945 
vn 0.905512 0.023622 -0.417323 
vn 0.748031 0.511811 -0.417323 
vn 0.244094 0.228346 -0.944882 
vn 0.346457 0.0393701 -0.937008 
vn 0.598425 -0.165354 -0.787402 
vn 0.251969 0.23622 -0.937008 
vn -0.425197 -0.228346 -0.874016 
vn -0.433071 -0.228346 -0.874016 
vn 0.173228 -0.559055 -0.811024 
vn -0.377953 -0.275591 -0.88189 
vn 0.173228 -0.559055 -0.811024 
vn -0.889764 -0.377953 -0.259843 
vn -0.433071 -0.228346 -0.874016 
vn -0.425197 -0.228346 -0.874016 
vn -0.779528 -0.551181 -0.299213 
vn 0.173228 -0.559055 -0.811024 
vn -0.0551181 -0.905512 -0.417323 
vn -0.677165 -0.661417 -0.314961 
vn -0.377953 -0.275591 -0.88189 
vn -0.0551181 -0.905512 -0.417323 
vn -0.677165 -0.622047 0.393701 
vn -0.826772 -0.385827 0.409449 
vn 0.0551181 -0.992126 0.11811 
vn -0.551181 -0.755906 0.362205 
vn 0.0551181 -0.992126 0.11811 
vn 0.433071 -0.338583 -0.834646 
vn 0.874016 -0.314961 -0.370079 
vn 0.944882 -0.204724 0.244094 
vn 0.535433 -0.141732 0.834646 
vn -0.259843 -0.204724 0.944882 
vn 0.535433 -0.141732 0.834646 
vn -0.834646 -0.338583 0.433071 
vn -0.866142 -0.440945 -0.228346 
vn -0.732283 -0.425197 0.527559 
vn -0.598425 -0.590551 0.535433 
vn -0.110236 -0.181102 0.976378 
vn -0.125984 -0.173228 0.976378 
vn 0.448819 -0.440945 0.779528 
vn -0.0551181 -0.220472 0.976378 
vn -0.480315 -0.692913 0.535433 
vn 0.149606 -0.858268 0.488189 
vn 0.448819 -0.440945 0.779528 
vn 0.149606 -0.858268 0.488189 
vn 0.866142 -0.496063 0.0866142 
vn -0.125984 -0.173228 0.976378 
vn -0.110236 -0.181102 0.976378 
vn 0.488189 0.346457 0.80315 
vn 0.598425 0.15748 0.787402 
vn 0.80315 -0.023622 0.598425 
vn 0.503937 0.338583 0.795276 
vn -0.0551181 -0.220472 0.976378 
vn 0.448819 -0.440945 0.779528 
vn 0.779528 0.606299 0.165354 
vn 0.937008 0.314961 0.165354 
vn 0.976378 0.149606 0.15748 
vn 0.787402 0.598425 0.165354 
vn 0.700787 0.464567 -0.543307 
vn 0.795276 0.283465 -0.543307 
vn 0.944882 0.0629921 -0.322835 
vn 0.716535 0.456693 -0.527559 
vn 0.23622 0.00787402 -0.968504 
vn 0.188976 0.0393701 -0.984252 
vn 0.692913 -0.299213 -0.653543 
vn 0.283465 -0.0393701 -0.96063 
vn 0.692913 -0.299213 -0.653543 
vn -0.519685 -0.299213 -0.80315 
vn 0.188976 0.0393701 -0.984252 
vn 0.23622 0.00787402 -0.968504 
vn -0.377953 -0.480315 -0.795276 
vn 0.692913 -0.299213 -0.653543 
vn 0.330709 -0.76378 -0.551181 
vn -0.259843 -0.582677 -0.771654 
vn 0.283465 -0.0393701 -0.96063 
vn 0.330709 -0.76378 -0.551181 
vn -0.692913 -0.700787 -0.15748 
vn -0.866142 -0.472441 -0.165354 
vn 0.0944882 -0.992126 -0.0708661 
vn -0.551181 -0.818898 -0.149606 
vn 0.0944882 -0.992126 -0.0708661 
vn 0.181102 -0.0314961 -0.984252 
vn 0.80315 -0.102362 -0.582677 
vn 0.96063 -0.267717 0.0787402 
vn 0.700787 -0.401575 0.590551 
vn -0.779528 -0.401575 0.488189 
vn -0.913386 -0.338583 -0.212598 
vn -0.527559 -0.165354 -0.834646 
vn 0.181102 -0.0314961 -0.984252 
vn 0.968504 0.228346 -0.0866142 
vn 0.976378 0.0629921 -0.19685 
vn 1 0.023622 0.0708661 
vn 0.976378 0.204724 0.00787402 
vn 0.96063 0.133858 0.244094 
vn 0.84252 0.496063 -0.220472 
vn 0.787402 0.566929 -0.23622 
vn 0.944882 0.299213 0.133858 
vn 0.283465 0.637795 -0.716535 
vn 0.338583 0.535433 -0.771654 
vn -0.188976 0.149606 -0.968504 
vn -0.19685 0.433071 -0.88189 
vn -0.314961 0.15748 -0.937008 
vn -0.472441 0.330709 -0.818898 
vn -0.826772 0.283465 -0.488189 
vn -0.96063 0.015748 -0.267717 
vn -0.976378 -0.110236 -0.173228 
vn -0.102362 0.0629921 0.992126 
vn -0.811024 0.173228 0.559055 
vn -0.283465 -0.00787402 0.96063 
vn 0.826772 -0.503937 0.267717 
vn 0.76378 -0.165354 0.622047 
vn 0.472441 -0.307087 0.826772 
vn 0.606299 -0.724409 0.322835 
vn 0.732283 -0.653543 -0.173228 
vn -0.251969 -0.559055 -0.787402 
vn 0.228346 -0.23622 -0.944882 
vn -0.866142 -0.0787402 0.496063 
vn 0.708661 -0.362205 -0.606299 
vn 0.818898 -0.574803 -0.0314961 
vn 0.834646 -0.472441 0.291339 
vn 0.456693 -0.267717 0.850394 
vn 0.614173 -0.559055 -0.551181 
vn 0.795276 -0.228346 -0.566929 
vn 0.228346 -0.23622 -0.944882 
vn 0.614173 -0.787402 -0.102362 
vn 0.929134 -0.354331 -0.133858 
vn 0.503937 -0.338583 0.795276 
vn 0.76378 -0.598425 0.251969 
vn 0.771654 -0.629921 -0.0393701 
vn 0.771654 -0.629921 -0.00787402 
vn 0.645669 -0.76378 0 
vn -0.0629921 -0.929134 -0.362205 
vn 0.338583 -0.937008 0.0787402 
vn 0.716535 -0.692913 -0.110236 
vn -0.937008 -0.149606 0.314961 
vn -0.984252 0.149606 0.0393701 
vn -1 -0.0393701 0.0393701 
vn -0.0866142 0.251969 -0.968504 
vn -0.165354 0.543307 -0.826772 
vn -0.472441 0.346457 -0.811024 
vn -0.464567 0.181102 -0.866142 
vn -0.76378 0.188976 -0.622047 
vn -0.748031 0.267717 -0.606299 
vn -0.913386 0.23622 -0.330709 
vn -0.905512 0.212598 -0.362205 
vn -0.96063 0.149606 0.244094 
vn -0.976378 0.188976 -0.0551181 
vn -0.984252 0.188976 -0.015748 
vn -0.952756 0.149606 0.259843 
vn -0.80315 0.149606 0.574803 
vn -0.259843 0.228346 0.937008 
vn -0.299213 0.0551181 0.952756 
vn -0.80315 0.110236 0.582677 
vn 0.212598 0.291339 0.937008 
vn 0.464567 0.362205 0.811024 
vn 0.472441 -0.015748 0.88189 
vn 0.212598 0 0.976378 
vn 0.992126 -0.00787402 0.0944882 
vn 0.944882 0.338583 0.00787402 
vn 0.929134 0.370079 0 
vn 1 0.023622 -0.0629921 
vn 0.850394 0.527559 0.0708661 
vn 0.677165 0.716535 -0.165354 
vn 0.897638 0.354331 -0.251969 
vn 0.433071 0.362205 -0.826772 
vn 0.251969 0.76378 -0.598425 
vn 0.732283 -0.677165 -0.0866142 
vn 0.76378 -0.645669 -0.0629921 
vn -0.496063 0.141732 -0.858268 
vn 0.181102 -0.0551181 -0.984252 
vn 1 0.023622 -0.0629921 
vn 0.929134 0.370079 0 
vn 1 0.023622 0.0708661 
vn 0.976378 0.204724 0.00787402 
vn 0.889764 -0.362205 0.267717 
vn 0.80315 -0.417323 0.417323 
vn 0.96063 0.133858 0.244094 
vn 1 0.023622 0.0708661 
vn 0.598425 -0.795276 0.11811 
vn 0.732283 -0.677165 0.023622 
vn 0.905512 -0.425197 -0.0393701 
vn 0.897638 -0.433071 -0.0472441 
vn 0.92126 -0.377953 -0.0551181 
vn 0.897638 -0.377953 0.228346 
vn 0.937008 -0.354331 -0.015748 
vn 0.937008 -0.354331 0.0314961 
vn -0.251969 -0.559055 -0.787402 
vn 0.456693 -0.267717 0.850394 
vn 0.181102 -0.0551181 -0.984252 
vn 0.976378 0.0629921 -0.19685 
vn -0.952756 0.102362 0.291339 
vn -0.944882 0.149606 -0.283465 
vn 0.283465 0.0944882 0.952756 
vn 0.503937 -0.338583 0.795276 
vn 0.472441 -0.307087 0.826772 
vn 0.76378 -0.165354 0.622047 
vn 0.566929 0.204724 0.795276 
vn -0.913386 0.259843 0.307087 
vn -0.968504 0.23622 0.0314961 
vn -0.92126 0.385827 0.0314961 
vn -0.858268 0.401575 0.330709 
vn -0.889764 0.322835 0.322835 
vn -0.937008 0.362205 0.00787402 
vn -0.377953 0.141732 0.913386 
vn -0.724409 0.204724 0.653543 
vn 0.488189 -0.133858 0.858268 
vn 0.125984 0.023622 0.992126 
vn 0.0393701 -0.102362 -0.992126 
vn -0.464567 0.0393701 -0.88189 
vn -0.795276 0.15748 -0.582677 
vn -0.929134 0.204724 -0.299213 
vn -0.944882 0.15748 0.283465 
vn -0.976378 0.19685 -0.023622 
vn -0.787402 0.0708661 0.614173 
vn -0.385827 -0.102362 0.913386 
vn 0.125984 -0.275591 0.952756 
vn 0.409449 -0.362205 0.84252 
vn 0.866142 -0.456693 0.204724 
vn 0.889764 -0.464567 -0.023622 
vn 0.787402 -0.370079 -0.488189 
vn 0.496063 -0.228346 -0.84252 
vn 0.826772 -0.23622 -0.511811 
vn 0.787402 -0.370079 -0.488189 
vn 0.80315 -0.299213 -0.519685 
vn 0.771654 -0.370079 -0.519685 
vn 0.716535 -0.464567 -0.519685 
vn 0.456693 -0.740157 -0.496063 
vn -0.165354 -0.858268 -0.488189 
vn 0 -0.874016 -0.480315 
vn -0.700787 -0.622047 -0.354331 
vn -0.393701 -0.787402 -0.472441 
vn -0.244094 0.685039 0.685039 
vn -0.259843 0.685039 0.677165 
vn -0.574803 0.472441 0.669291 
vn -0.409449 0.614173 0.677165 
vn -0.685039 0.299213 0.661417 
vn -0.755906 0.141732 0.645669 
vn -0.724409 0.204724 0.653543 
vn -0.669291 0.330709 0.669291 
vn -0.724409 0.23622 0.645669 
vn -0.787402 0.0708661 0.614173 
vn -0.307087 -0.543307 0.779528 
vn -0.0314961 -0.559055 0.826772 
vn 0.574803 -0.464567 0.677165 
vn 0.338583 -0.535433 0.771654 
vn 0.748031 -0.299213 0.590551 
vn 0.795276 -0.244094 0.559055 
vn 0.795276 -0.228346 0.559055 
vn 0.787402 -0.204724 0.582677 
vn 0.755906 -0.291339 0.582677 
vn 0.724409 -0.440945 0.527559 
vn 0.818898 0.409449 0.409449 
vn 0.858268 0 0.511811 
vn 0.905512 0.275591 0.322835 
vn 0.992126 -0.015748 0.133858 
vn 0.992126 -0.015748 0.133858 
vn 0.464567 -0.275591 -0.84252 
vn -0.00787402 -0.15748 -0.984252 
vn 0.795276 -0.401575 -0.448819 
vn 0.88189 -0.472441 -0.0629921 
vn 0.795276 -0.401575 -0.448819 
vn 0.874016 -0.456693 0.141732 
vn 0.740157 -0.464567 0.480315 
vn 0.409449 -0.417323 0.811024 
vn 0.15748 -0.346457 0.92126 
vn -0.338583 -0.188976 0.92126 
vn -0.795276 0.00787402 0.598425 
vn -0.795276 0.00787402 0.598425 
vn -0.96063 0.110236 0.251969 
vn -0.984252 0.149606 -0.0551181 
vn -0.929134 0.149606 -0.338583 
vn -0.787402 0.0944882 -0.606299 
vn -0.464567 -0.023622 -0.88189 
vn 0.433071 0.362205 -0.826772 
vn -0.0866142 0.251969 -0.968504 
vn 0.897638 0.354331 -0.251969 
vn 1 0.023622 -0.0629921 
vn 0.897638 0.354331 -0.251969 
vn 0.992126 -0.00787402 0.0944882 
vn 0.858268 0 0.511811 
vn 0.472441 -0.015748 0.88189 
vn 0.212598 0 0.976378 
vn -0.299213 0.0551181 0.952756 
vn -0.80315 0.110236 0.582677 
vn -0.80315 0.110236 0.582677 
vn -0.96063 0.149606 0.244094 
vn -0.976378 0.188976 -0.0551181 
vn -0.905512 0.212598 -0.362205 
vn -0.76378 0.188976 -0.622047 
vn -0.464567 0.181102 -0.866142 
vn 0.220472 -0.826772 0.519685 
vn 0.0708661 -1 0.00787402 
vn 0.220472 -0.826772 -0.519685 
vn 0.574803 -0.401575 -0.708661 
vn 0.574803 -0.401575 -0.708661 
vn 0.574803 -0.401575 0.708661 
vn 0.574803 -0.401575 0.708661 
vn 0.740157 -0.464567 0.480315 
vn 0.858268 0 0.511811 
vn 0.724409 -0.440945 0.527559 
vn 0.755906 -0.291339 0.582677 
vn 0.787402 -0.204724 0.582677 
vn 0.795276 -0.228346 0.559055 
vn 0.795276 -0.244094 0.559055 
vn 0.748031 -0.299213 0.590551 
vn 0.574803 -0.464567 0.677165 
vn 0.338583 -0.535433 0.771654 
vn -0.0314961 -0.559055 0.826772 
vn -0.307087 -0.543307 0.779528 
vn 1 0 0 
vn 1 0 0 
vn 1 0 0 
vn 1 0 0 
vn 1 0 0 
vn 1 0 0 
vn 1 0 0 
vn 1 0 0 
vn 1 0 0 
vn 1 0 0 
vn 1 0 0 
vn 1 0 0 
vn 1 0 0 
vn 1 0 0 
vn 1 0 0 
vn 1 0 0 
vn 1 0 0 
vn 1 0 0 
vn 1 0 0 
vn 1 0 0 
vn 1 0 0 
vn 1 0 0 
vn 1 0 0 
vn 1 0 0 
vn 1 0 0 
vn 1 0 0 
vn 1 0 0 
vn 1 0 0 
vn 1 0 0 
vn 1 0 0 
vn 1 0 0 
vn 1 0 0 
vn 1 0 0 
vn 1 0 0 
vn 1 0 0 
vn 1 0 0 
vn 1 0 0 
vn 1 0 0 
vn 1 0 0 
vn 1 0 0 
vn 1 0 0 
vn 1 0 0 

vt 0.410357 0.81565 
vt 0.398397 0.81565 
vt 0.398397 0.786327 
vt 0.410357 0.786327 
vt 0.410357 0.842319 
vt 0.398397 0.842319 
vt 0.410357 0.936028 
vt 0.398397 0.875213 
vt 0.410357 0.875213 
vt 0.410357 0.974104 
vt 0.406583 0.971161 
vt 0.410357 0.530456 
vt 0.410357 0.564923 
vt 0.398397 0.564928 
vt 0.398397 0.530455 
vt 0.410357 0.593867 
vt 0.410357 0.627753 
vt 0.398397 0.627753 
vt 0.398397 0.593867 
vt 0.410357 0.656438 
vt 0.410357 0.690244 
vt 0.398397 0.690244 
vt 0.398397 0.656438 
vt 0.410357 0.721786 
vt 0.410357 0.756589 
vt 0.398397 0.756589 
vt 0.398397 0.721786 
vt 0.348035 0.81565 
vt 0.352397 0.81565 
vt 0.352397 0.842319 
vt 0.348035 0.842319 
vt 0.352397 0.948753 
vt 0.348035 0.948753 
vt 0.348035 0.875213 
vt 0.352397 0.875213 
vt 0.352397 0.969565 
vt 0.348035 0.969565 
vt 0.348035 0.756589 
vt 0.348035 0.721786 
vt 0.352397 0.721786 
vt 0.352397 0.756589 
vt 0.348035 0.786327 
vt 0.352397 0.786327 
vt 0.363538 0.81565 
vt 0.371852 0.81565 
vt 0.371852 0.842319 
vt 0.363538 0.842319 
vt 0.371852 0.948753 
vt 0.363538 0.948753 
vt 0.363538 0.875213 
vt 0.371852 0.875213 
vt 0.371852 0.969565 
vt 0.363538 0.969565 
vt 0.371852 0.530453 
vt 0.371852 0.564941 
vt 0.363538 0.564937 
vt 0.363538 0.530453 
vt 0.371852 0.593867 
vt 0.371852 0.627753 
vt 0.363538 0.627753 
vt 0.363538 0.593867 
vt 0.371852 0.656438 
vt 0.371852 0.690244 
vt 0.363538 0.690244 
vt 0.363538 0.656438 
vt 0.363538 0.756589 
vt 0.363538 0.721786 
vt 0.371852 0.721786 
vt 0.371852 0.756589 
vt 0.363538 0.786327 
vt 0.371852 0.786327 
vt 0.338468 0.81565 
vt 0.338468 0.842319 
vt 0.338468 0.875213 
vt 0.338468 0.948753 
vt 0.338468 0.969565 
vt 0.338468 0.564933 
vt 0.338468 0.530453 
vt 0.348035 0.530453 
vt 0.348035 0.564937 
vt 0.338468 0.627753 
vt 0.338468 0.593867 
vt 0.348035 0.593867 
vt 0.348035 0.627753 
vt 0.338468 0.721786 
vt 0.338468 0.756589 
vt 0.338468 0.786327 
vt 0.378926 0.81565 
vt 0.387309 0.81565 
vt 0.387309 0.842319 
vt 0.378926 0.842319 
vt 0.378926 0.948753 
vt 0.378926 0.875213 
vt 0.387309 0.875213 
vt 0.378926 0.969565 
vt 0.378926 0.564941 
vt 0.378926 0.530453 
vt 0.387309 0.530454 
vt 0.387309 0.564934 
vt 0.387309 0.593867 
vt 0.387309 0.627753 
vt 0.378926 0.627753 
vt 0.378926 0.593867 
vt 0.378926 0.690244 
vt 0.378926 0.656438 
vt 0.387309 0.656438 
vt 0.387309 0.690244 
vt 0.378926 0.756589 
vt 0.378926 0.721786 
vt 0.387309 0.721786 
vt 0.387309 0.756589 
vt 0.378926 0.786327 
vt 0.387309 0.786327 
vt 0.42898 0.071708 
vt 0.427238 0.076268 
vt 0.424348 0.073722 
vt 0.426165 0.069579 
vt 0.423988 0.066884 
vt 0.422262 0.07027 
vt 0.420341 0.066826 
vt 0.421699 0.064653 
vt 0.444442 0.094372 
vt 0.441936 0.091659 
vt 0.443762 0.09093 
vt 0.427802 0.066204 
vt 0.429771 0.067619 
vt 0.42329 0.062881 
vt 0.425593 0.064288 
vt 0.442924 0.096428 
vt 0.441574 0.094075 
vt 0.447069 0.104109 
vt 0.45056 0.103475 
vt 0.452031 0.106021 
vt 0.447364 0.106595 
vt 0.445854 0.097587 
vt 0.448093 0.100311 
vt 0.445573 0.101012 
vt 0.443616 0.09813 
vt 0.452714 0.101121 
vt 0.454476 0.103711 
vt 0.447082 0.096274 
vt 0.4495 0.098673 
vt 0.452963 0.096633 
vt 0.455989 0.098948 
vt 0.447373 0.094159 
vt 0.450142 0.095617 
vt 0.452694 0.092876 
vt 0.456302 0.093783 
vt 0.447295 0.092048 
vt 0.450107 0.092971 
vt 0.446153 0.092062 
vt 0.42046 0.079468 
vt 0.422412 0.077021 
vt 0.424895 0.080266 
vt 0.422365 0.085264 
vt 0.417359 0.071482 
vt 0.419048 0.069033 
vt 0.420514 0.073158 
vt 0.418642 0.075501 
vt 0.468439 0.040615 
vt 0.468637 0.034615 
vt 0.472129 0.035297 
vt 0.472043 0.040916 
vt 0.469244 0.028827 
vt 0.472296 0.029531 
vt 0.478421 0.151085 
vt 0.478374 0.154548 
vt 0.475302 0.152161 
vt 0.47723 0.134206 
vt 0.478278 0.139201 
vt 0.474837 0.13839 
vt 0.473822 0.133106 
vt 0.478579 0.14454 
vt 0.47531 0.143535 
vt 0.476348 0.148071 
vt 0.471255 0.138567 
vt 0.470039 0.133344 
vt 0.472811 0.143914 
vt 0.474054 0.147893 
vt 0.468983 0.141554 
vt 0.466658 0.13598 
vt 0.470815 0.145772 
vt 0.472381 0.149989 
vt 0.46644 0.145043 
vt 0.46427 0.13988 
vt 0.468897 0.149351 
vt 0.472449 0.153962 
vt 0.460321 0.038303 
vt 0.457171 0.03682 
vt 0.458257 0.031255 
vt 0.461523 0.03266 
vt 0.459686 0.026141 
vt 0.46253 0.027193 
vt 0.474102 0.156618 
vt 0.465212 0.033762 
vt 0.464591 0.039541 
vt 0.465987 0.027999 
vt 0.476583 0.156854 
vt 0.462654 0.136205 
vt 0.464472 0.132167 
vt 0.469158 0.129467 
vt 0.473783 0.12888 
vt 0.476432 0.13031 
vt 0.468054 0.045895 
vt 0.472892 0.045533 
vt 0.464185 0.044714 
vt 0.459345 0.043297 
vt 0.455531 0.041221 
vt 0.482175 0.049864 
vt 0.483543 0.046074 
vt 0.485986 0.047653 
vt 0.484647 0.051593 
vt 0.488462 0.040005 
vt 0.48724 0.044152 
vt 0.485083 0.042628 
vt 0.486697 0.038361 
vt 0.492092 0.130264 
vt 0.493344 0.132181 
vt 0.490364 0.132334 
vt 0.488073 0.123859 
vt 0.485816 0.125352 
vt 0.483281 0.12323 
vt 0.486226 0.121464 
vt 0.489881 0.129642 
vt 0.487621 0.127448 
vt 0.489722 0.126202 
vt 0.491765 0.12895 
vt 0.483715 0.127483 
vt 0.480651 0.125477 
vt 0.488273 0.130694 
vt 0.485998 0.129118 
vt 0.48279 0.13005 
vt 0.479492 0.128179 
vt 0.4878 0.132595 
vt 0.485174 0.13106 
vt 0.482302 0.133096 
vt 0.479189 0.13141 
vt 0.488123 0.13514 
vt 0.484952 0.133952 
vt 0.48924 0.134851 
vt 0.477598 0.044933 
vt 0.475554 0.042769 
vt 0.477653 0.039541 
vt 0.479591 0.041845 
vt 0.481331 0.033527 
vt 0.483085 0.034904 
vt 0.481106 0.038752 
vt 0.479302 0.036686 
vt 0.491349 0.135525 
vt 0.48148 0.043921 
vt 0.479819 0.047317 
vt 0.48494 0.036582 
vt 0.483038 0.040702 
vt 0.493004 0.134334 
vt 0.476424 0.126868 
vt 0.47806 0.123809 
vt 0.48098 0.121326 
vt 0.484643 0.119226 
vt 0.480894 0.053539 
vt 0.484081 0.055439 
vt 0.477895 0.050836 
vt 0.475345 0.048073 
vt 0.450672 0.038274 
vt 0.449113 0.033831 
vt 0.452065 0.03221 
vt 0.453679 0.036765 
vt 0.448894 0.023958 
vt 0.450512 0.02793 
vt 0.447944 0.029093 
vt 0.446519 0.024531 
vt 0.453779 0.154544 
vt 0.452282 0.15727 
vt 0.45112 0.153189 
vt 0.460203 0.139733 
vt 0.458699 0.144929 
vt 0.456478 0.14248 
vt 0.457898 0.13715 
vt 0.453671 0.151084 
vt 0.454837 0.146926 
vt 0.456627 0.149339 
vt 0.454896 0.153612 
vt 0.454116 0.141081 
vt 0.455563 0.136234 
vt 0.452235 0.149558 
vt 0.453032 0.14574 
vt 0.450978 0.141651 
vt 0.452496 0.136914 
vt 0.450039 0.149963 
vt 0.450866 0.145829 
vt 0.447718 0.142647 
vt 0.448719 0.138155 
vt 0.447825 0.151237 
vt 0.447814 0.146851 
vt 0.448315 0.152617 
vt 0.44425 0.041081 
vt 0.441079 0.042484 
vt 0.4401 0.037332 
vt 0.443362 0.036221 
vt 0.439061 0.02839 
vt 0.44138 0.02695 
vt 0.442359 0.031499 
vt 0.439525 0.032704 
vt 0.448327 0.155688 
vt 0.44626 0.035081 
vt 0.44741 0.039693 
vt 0.44395 0.025451 
vt 0.445186 0.030091 
vt 0.450015 0.157601 
vt 0.448729 0.134356 
vt 0.453015 0.132641 
vt 0.456888 0.131853 
vt 0.460442 0.132727 
vt 0.452401 0.042799 
vt 0.448588 0.044355 
vt 0.445091 0.045829 
vt 0.441894 0.047393 
vt 0.491851 0.096416 
vt 0.494066 0.094373 
vt 0.494855 0.098331 
vt 0.493196 0.100192 
vt 0.424687 0.08996 
vt 0.426912 0.08369 
vt 0.429628 0.087821 
vt 0.427819 0.093966 
vt 0.43278 0.083511 
vt 0.429677 0.078845 
vt 0.432503 0.073325 
vt 0.43742 0.078782 
vt 0.441447 0.068659 
vt 0.444095 0.075378 
vt 0.451788 0.067362 
vt 0.450874 0.053521 
vt 0.45616 0.052631 
vt 0.480485 0.073477 
vt 0.470174 0.070911 
vt 0.47915 0.063065 
vt 0.473329 0.102284 
vt 0.475144 0.097456 
vt 0.477588 0.102884 
vt 0.474506 0.105266 
vt 0.472928 0.122599 
vt 0.432504 0.069026 
vt 0.438805 0.065027 
vt 0.473546 0.058259 
vt 0.454283 0.126592 
vt 0.458012 0.125421 
vt 0.47896 0.117884 
vt 0.482669 0.114085 
vt 0.453914 0.116857 
vt 0.454026 0.120246 
vt 0.449235 0.117835 
vt 0.469288 0.107123 
vt 0.468688 0.099377 
vt 0.479832 0.108188 
vt 0.476931 0.110444 
vt 0.471156 0.116246 
vt 0.466223 0.115847 
vt 0.465934 0.106527 
vt 0.453061 0.109834 
vt 0.456178 0.107514 
vt 0.458146 0.116314 
vt 0.468515 0.05609 
vt 0.461109 0.067759 
vt 0.463005 0.054284 
vt 0.444066 0.089158 
vt 0.441455 0.084806 
vt 0.446662 0.08281 
vt 0.448043 0.088007 
vt 0.452096 0.087551 
vt 0.451876 0.081411 
vt 0.455697 0.081585 
vt 0.45565 0.087346 
vt 0.463196 0.088068 
vt 0.459205 0.087534 
vt 0.459594 0.081915 
vt 0.464045 0.082678 
vt 0.467351 0.08323 
vt 0.474053 0.085745 
vt 0.472528 0.091183 
vt 0.46644 0.088868 
vt 0.479674 0.089055 
vt 0.484043 0.092281 
vt 0.481735 0.096301 
vt 0.477972 0.09396 
vt 0.487331 0.101866 
vt 0.490051 0.098811 
vt 0.491561 0.102024 
vt 0.489006 0.10472 
vt 0.431047 0.096863 
vt 0.432929 0.091617 
vt 0.435494 0.097491 
vt 0.439054 0.092039 
vt 0.436368 0.08788 
vt 0.463183 0.126253 
vt 0.468097 0.125593 
vt 0.446023 0.054914 
vt 0.449009 0.127271 
vt 0.432544 0.10472 
vt 0.429338 0.103854 
vt 0.42527 0.102555 
vt 0.427318 0.103189 
vt 0.464214 0.099242 
vt 0.458926 0.100057 
vt 0.459392 0.092596 
vt 0.467204 0.092369 
vt 0.462362 0.108193 
vt 0.462551 0.118361 
vt 0.45825 0.119531 
vt 0.462752 0.121076 
vt 0.466848 0.119811 
vt 0.477511 0.113469 
vt 0.471762 0.118676 
vt 0.46621 0.100165 
vt 0.447225 0.109835 
vt 0.483945 0.063222 
vt 0.441188 0.056383 
vt 0.46926 0.093516 
vt 0.465968 0.069317 
vt 0.456254 0.067495 
vt 0.485016 0.081239 
vt 0.485801 0.071575 
vt 0.48871 0.077436 
vt 0.491191 0.083632 
vt 0.488042 0.087991 
vt 0.352397 0.656438 
vt 0.352397 0.690244 
vt 0.348035 0.690244 
vt 0.348035 0.656438 
vt 0.338468 0.656438 
vt 0.338468 0.690244 
vt 0.352397 0.593867 
vt 0.352397 0.627753 
vt 0.352397 0.530452 
vt 0.352397 0.564938 
vt 0.330033 0.81565 
vt 0.330033 0.786327 
vt 0.330033 0.756589 
vt 0.330033 0.721786 
vt 0.330033 0.656438 
vt 0.330033 0.690244 
vt 0.330033 0.627753 
vt 0.330033 0.593867 
vt 0.330033 0.564942 
vt 0.330033 0.530453 
vt 0.330033 0.969565 
vt 0.330033 0.948753 
vt 0.330033 0.875213 
vt 0.330033 0.842319 
vt 0.338468 0.875215 
vt 0.330033 0.875215 
vt 0.348035 0.875215 
vt 0.352397 0.875215 
vt 0.363538 0.875215 
vt 0.371852 0.875215 
vt 0.387309 0.875215 
vt 0.378926 0.875215 
vt 0.410357 0.875215 
vt 0.398397 0.875215 
vt 0.410357 0.627751 
vt 0.398397 0.627751 
vt 0.378926 0.627751 
vt 0.387309 0.627751 
vt 0.371852 0.627751 
vt 0.363538 0.627751 
vt 0.352397 0.627751 
vt 0.348035 0.627751 
vt 0.338468 0.627751 
vt 0.330033 0.627751 
vt 0.410357 0.501588 
vt 0.398397 0.501588 
vt 0.378926 0.501588 
vt 0.387309 0.501588 
vt 0.371852 0.501588 
vt 0.363538 0.501588 
vt 0.352397 0.501588 
vt 0.348035 0.501588 
vt 0.338468 0.501588 
vt 0.330033 0.501588 
vt 0.488195 0.095635 
vt 0.485204 0.098933 
vt 0.490278 0.092625 
vt 0.49301 0.090291 
vt 0.471628 0.094342 
vt 0.321382 0.842319 
vt 0.321382 0.81565 
vt 0.321382 0.875215 
vt 0.321382 0.948753 
vt 0.321382 0.875213 
vt 0.321382 0.969565 
vt 0.321382 0.501588 
vt 0.321382 0.530453 
vt 0.321382 0.564951 
vt 0.321382 0.593867 
vt 0.321382 0.627753 
vt 0.321382 0.627751 
vt 0.321382 0.656438 
vt 0.321382 0.690244 
vt 0.321382 0.721786 
vt 0.321382 0.756589 
vt 0.321382 0.786327 
vt 0.316041 0.842319 
vt 0.316041 0.81565 
vt 0.316041 0.875215 
vt 0.316041 0.948753 
vt 0.316041 0.875213 
vt 0.316041 0.969565 
vt 0.316041 0.501588 
vt 0.316041 0.530453 
vt 0.316041 0.564957 
vt 0.316041 0.593867 
vt 0.316041 0.627753 
vt 0.316041 0.627751 
vt 0.316041 0.656438 
vt 0.316041 0.690244 
vt 0.316041 0.721786 
vt 0.316041 0.756589 
vt 0.316041 0.786327 
vt 0.469595 0.023604 
vt 0.466745 0.022594 
vt 0.463844 0.02206 
vt 0.461136 0.021697 
vt 0.471325 0.1532 
vt 0.478828 0.149521 
vt 0.4722 0.024762 
vt 0.321382 0.998217 
vt 0.316041 0.998217 
vt 0.330033 0.998217 
vt 0.338468 0.998217 
vt 0.348035 0.998217 
vt 0.352397 0.998217 
vt 0.363538 0.998217 
vt 0.371852 0.998217 
vt 0.378926 0.998217 
vt 0.387309 0.998217 
vt 0.398397 0.998217 
vt 0.410357 0.998217 
vt 0.67278 0.235197 
vt 0.68566 0.298186 
vt 0.662678 0.235197 
vt 0.662678 0.235197 
vt 0.68566 0.298186 
vt 0.662678 0.307079 
vt 0.662678 0.358579 
vt 0.68566 0.298186 
vt 0.672946 0.358579 
vt 0.679265 0.358579 
vt 0.68566 0.298186 
vt 0.686108 0.358579 
vt 0.695749 0.358579 
vt 0.68566 0.298186 
vt 0.709161 0.358579 
vt 0.709161 0.320402 
vt 0.68566 0.298186 
vt 0.709161 0.296131 
vt 0.709161 0.275758 
vt 0.709161 0.235197 
vt 0.69296 0.235197 
vt 0.68566 0.298186 
vt 0.684411 0.235197 
vt 0.686108 0.358579 
vt 0.684411 0.235197 
vt 0.68566 0.298186 
vt 0.67278 0.235197 
vt 0.709161 0.358579 
vt 0.68566 0.298186 
vt 0.709161 0.320402 
vt 0.709161 0.296131 
vt 0.68566 0.298186 
vt 0.709161 0.275758 
vt 0.672946 0.358579 
vt 0.68566 0.298186 
vt 0.679265 0.358579 
vt 0.709161 0.235197 
vt 0.68566 0.298186 
vt 0.69296 0.235197 
vt 0.662678 0.307079 
vt 0.68566 0.298186 
vt 0.662678 0.358579 

usemtl Npc1Mtl

f 3626/3626/3626 3627/3627/3627 3628/3628/3628 
f 3628/3628/3628 3629/3629/3629 3626/3626/3626 
f 3626/3626/3626 3630/3630/3630 3631/3631/3631 
f 3631/3631/3631 3627/3627/3627 3626/3626/3626 
f 3632/3632/3632 3633/3633/3633 3634/3634/3634 
f 3635/3635/3635 3636/3636/3636 3632/3632/3632 
f 3637/3637/3637 3638/3638/3638 3639/3639/3639 
f 3639/3639/3639 3640/3640/3640 3637/3637/3637 
f 3641/3641/3641 3642/3642/3642 3643/3643/3643 
f 3643/3643/3643 3644/3644/3644 3641/3641/3641 
f 3645/3645/3645 3646/3646/3646 3647/3647/3647 
f 3647/3647/3647 3648/3648/3648 3645/3645/3645 
f 3649/3649/3649 3650/3650/3650 3651/3651/3651 
f 3651/3651/3651 3652/3652/3652 3649/3649/3649 
f 3653/3653/3653 3654/3654/3654 3655/3655/3655 
f 3655/3655/3655 3656/3656/3656 3653/3653/3653 
f 3657/3657/3657 3658/3658/3658 3659/3659/3659 
f 3659/3659/3659 3660/3660/3660 3657/3657/3657 
f 3661/3661/3661 3662/3662/3662 3658/3658/3658 
f 3658/3658/3658 3657/3657/3657 3661/3661/3661 
f 3663/3663/3663 3664/3664/3664 3665/3665/3665 
f 3665/3665/3665 3666/3666/3666 3663/3663/3663 
f 3667/3667/3667 3668/3668/3668 3654/3654/3654 
f 3654/3654/3654 3653/3653/3653 3667/3667/3667 
f 3669/3669/3669 3670/3670/3670 3671/3671/3671 
f 3671/3671/3671 3672/3672/3672 3669/3669/3669 
f 3673/3673/3673 3674/3674/3674 3675/3675/3675 
f 3675/3675/3675 3676/3676/3676 3673/3673/3673 
f 3677/3677/3677 3678/3678/3678 3674/3674/3674 
f 3674/3674/3674 3673/3673/3673 3677/3677/3677 
f 3679/3679/3679 3680/3680/3680 3681/3681/3681 
f 3681/3681/3681 3682/3682/3682 3679/3679/3679 
f 3683/3683/3683 3684/3684/3684 3685/3685/3685 
f 3685/3685/3685 3686/3686/3686 3683/3683/3683 
f 3687/3687/3687 3688/3688/3688 3689/3689/3689 
f 3689/3689/3689 3690/3690/3690 3687/3687/3687 
f 3691/3691/3691 3692/3692/3692 3693/3693/3693 
f 3693/3693/3693 3694/3694/3694 3691/3691/3691 
f 3695/3695/3695 3696/3696/3696 3670/3670/3670 
f 3670/3670/3670 3669/3669/3669 3695/3695/3695 
f 3697/3697/3697 3653/3653/3653 3656/3656/3656 
f 3656/3656/3656 3698/3698/3698 3697/3697/3697 
f 3699/3699/3699 3659/3659/3659 3658/3658/3658 
f 3658/3658/3658 3700/3700/3700 3699/3699/3699 
f 3701/3701/3701 3700/3700/3700 3658/3658/3658 
f 3658/3658/3658 3662/3662/3662 3701/3701/3701 
f 3702/3702/3702 3703/3703/3703 3704/3704/3704 
f 3704/3704/3704 3705/3705/3705 3702/3702/3702 
f 3706/3706/3706 3707/3707/3707 3708/3708/3708 
f 3708/3708/3708 3709/3709/3709 3706/3706/3706 
f 3710/3710/3710 3664/3664/3664 3663/3663/3663 
f 3663/3663/3663 3711/3711/3711 3710/3710/3710 
f 3697/3697/3697 3712/3712/3712 3667/3667/3667 
f 3667/3667/3667 3653/3653/3653 3697/3697/3697 
f 3713/3713/3713 3714/3714/3714 3715/3715/3715 
f 3715/3715/3715 3716/3716/3716 3713/3713/3713 
f 3632/3632/3632 3717/3717/3717 3718/3718/3718 
f 3718/3718/3718 3719/3719/3719 3632/3632/3632 
f 3720/3720/3720 3717/3717/3717 3632/3632/3632 
f 3632/3632/3632 3636/3636/3636 3720/3720/3720 
f 3721/3721/3721 3722/3722/3722 3723/3723/3723 
f 3723/3723/3723 3724/3724/3724 3721/3721/3721 
f 3725/3725/3725 3726/3726/3726 3727/3727/3727 
f 3727/3727/3727 3728/3728/3728 3725/3725/3725 
f 3729/3729/3729 3730/3730/3730 3731/3731/3731 
f 3731/3731/3731 3732/3732/3732 3729/3729/3729 
f 3733/3733/3733 3734/3734/3734 3735/3735/3735 
f 3735/3735/3735 3736/3736/3736 3733/3733/3733 
f 3737/3737/3737 3738/3738/3738 3714/3714/3714 
f 3714/3714/3714 3713/3713/3713 3737/3737/3737 
f 3739/3739/3739 3740/3740/3740 3741/3741/3741 
f 3741/3741/3741 3742/3742/3742 3739/3739/3739 
f 3743/3743/3743 3744/3744/3744 3745/3745/3745 
f 3745/3745/3745 3746/3746/3746 3743/3743/3743 
f 3747/3747/3747 3748/3748/3748 3749/3749/3749 
f 3742/3742/3742 3750/3750/3750 3751/3751/3751 
f 3751/3751/3751 3739/3739/3739 3742/3742/3742 
f 3752/3752/3752 3753/3753/3753 3743/3743/3743 
f 3743/3743/3743 3746/3746/3746 3752/3752/3752 
f 3754/3754/3754 3755/3755/3755 3747/3747/3747 
f 3756/3756/3756 3757/3757/3757 3758/3758/3758 
f 3758/3758/3758 3759/3759/3759 3756/3756/3756 
f 3760/3760/3760 3761/3761/3761 3762/3762/3762 
f 3762/3762/3762 3763/3763/3763 3760/3760/3760 
f 3760/3760/3760 3754/3754/3754 3747/3747/3747 
f 3757/3757/3757 3764/3764/3764 3765/3765/3765 
f 3765/3765/3765 3758/3758/3758 3757/3757/3757 
f 3760/3760/3760 3766/3766/3766 3767/3767/3767 
f 3767/3767/3767 3761/3761/3761 3760/3760/3760 
f 3766/3766/3766 3760/3760/3760 3747/3747/3747 
f 3764/3764/3764 3768/3768/3768 3769/3769/3769 
f 3769/3769/3769 3765/3765/3765 3764/3764/3764 
f 3770/3770/3770 3771/3771/3771 3767/3767/3767 
f 3767/3767/3767 3766/3766/3766 3770/3770/3770 
f 3770/3770/3770 3766/3766/3766 3747/3747/3747 
f 3768/3768/3768 3772/3772/3772 3773/3773/3773 
f 3773/3773/3773 3769/3769/3769 3768/3768/3768 
f 3771/3771/3771 3770/3770/3770 3774/3774/3774 
f 3774/3774/3774 3775/3775/3775 3771/3771/3771 
f 3776/3776/3776 3770/3770/3770 3747/3747/3747 
f 3777/3777/3777 3778/3778/3778 3779/3779/3779 
f 3779/3779/3779 3780/3780/3780 3777/3777/3777 
f 3781/3781/3781 3782/3782/3782 3783/3783/3783 
f 3783/3783/3783 3784/3784/3784 3781/3781/3781 
f 3749/3749/3749 3776/3776/3776 3747/3747/3747 
f 3785/3785/3785 3786/3786/3786 3787/3787/3787 
f 3787/3787/3787 3788/3788/3788 3785/3785/3785 
f 3787/3787/3787 3786/3786/3786 3789/3789/3789 
f 3789/3789/3789 3790/3790/3790 3787/3787/3787 
f 3791/3791/3791 3792/3792/3792 3793/3793/3793 
f 3794/3794/3794 3795/3795/3795 3796/3796/3796 
f 3796/3796/3796 3797/3797/3797 3794/3794/3794 
f 3798/3798/3798 3799/3799/3799 3796/3796/3796 
f 3796/3796/3796 3795/3795/3795 3798/3798/3798 
f 3800/3800/3800 3791/3791/3791 3793/3793/3793 
f 3797/3797/3797 3796/3796/3796 3801/3801/3801 
f 3801/3801/3801 3802/3802/3802 3797/3797/3797 
f 3799/3799/3799 3803/3803/3803 3801/3801/3801 
f 3801/3801/3801 3796/3796/3796 3799/3799/3799 
f 3804/3804/3804 3800/3800/3800 3793/3793/3793 
f 3801/3801/3801 3805/3805/3805 3806/3806/3806 
f 3806/3806/3806 3802/3802/3802 3801/3801/3801 
f 3807/3807/3807 3805/3805/3805 3801/3801/3801 
f 3801/3801/3801 3803/3803/3803 3807/3807/3807 
f 3808/3808/3808 3804/3804/3804 3793/3793/3793 
f 3805/3805/3805 3809/3809/3809 3810/3810/3810 
f 3810/3810/3810 3806/3806/3806 3805/3805/3805 
f 3811/3811/3811 3809/3809/3809 3805/3805/3805 
f 3805/3805/3805 3807/3807/3807 3811/3811/3811 
f 3812/3812/3812 3808/3808/3808 3793/3793/3793 
f 3813/3813/3813 3814/3814/3814 3815/3815/3815 
f 3815/3815/3815 3816/3816/3816 3813/3813/3813 
f 3815/3815/3815 3817/3817/3817 3818/3818/3818 
f 3818/3818/3818 3816/3816/3816 3815/3815/3815 
f 3819/3819/3819 3812/3812/3812 3793/3793/3793 
f 3816/3816/3816 3820/3820/3820 3821/3821/3821 
f 3821/3821/3821 3813/3813/3813 3816/3816/3816 
f 3822/3822/3822 3820/3820/3820 3816/3816/3816 
f 3816/3816/3816 3818/3818/3818 3822/3822/3822 
f 3823/3823/3823 3819/3819/3819 3793/3793/3793 
f 3821/3821/3821 3820/3820/3820 3786/3786/3786 
f 3786/3786/3786 3785/3785/3785 3821/3821/3821 
f 3822/3822/3822 3789/3789/3789 3786/3786/3786 
f 3786/3786/3786 3820/3820/3820 3822/3822/3822 
f 3793/3793/3793 3792/3792/3792 3823/3823/3823 
f 3806/3806/3806 3810/3810/3810 3824/3824/3824 
f 3824/3824/3824 3825/3825/3825 3806/3806/3806 
f 3802/3802/3802 3806/3806/3806 3825/3825/3825 
f 3825/3825/3825 3826/3826/3826 3802/3802/3802 
f 3827/3827/3827 3797/3797/3797 3802/3802/3802 
f 3802/3802/3802 3826/3826/3826 3827/3827/3827 
f 3828/3828/3828 3794/3794/3794 3797/3797/3797 
f 3797/3797/3797 3827/3827/3827 3828/3828/3828 
f 3829/3829/3829 3785/3785/3785 3788/3788/3788 
f 3788/3788/3788 3830/3830/3830 3829/3829/3829 
f 3831/3831/3831 3821/3821/3821 3785/3785/3785 
f 3785/3785/3785 3829/3829/3829 3831/3831/3831 
f 3813/3813/3813 3821/3821/3821 3831/3831/3831 
f 3831/3831/3831 3832/3832/3832 3813/3813/3813 
f 3814/3814/3814 3813/3813/3813 3832/3832/3832 
f 3832/3832/3832 3833/3833/3833 3814/3814/3814 
f 3834/3834/3834 3835/3835/3835 3836/3836/3836 
f 3836/3836/3836 3837/3837/3837 3834/3834/3834 
f 3838/3838/3838 3839/3839/3839 3840/3840/3840 
f 3840/3840/3840 3841/3841/3841 3838/3838/3838 
f 3842/3842/3842 3843/3843/3843 3844/3844/3844 
f 3845/3845/3845 3846/3846/3846 3847/3847/3847 
f 3847/3847/3847 3848/3848/3848 3845/3845/3845 
f 3849/3849/3849 3850/3850/3850 3851/3851/3851 
f 3851/3851/3851 3852/3852/3852 3849/3849/3849 
f 3849/3849/3849 3842/3842/3842 3844/3844/3844 
f 3846/3846/3846 3853/3853/3853 3854/3854/3854 
f 3854/3854/3854 3847/3847/3847 3846/3846/3846 
f 3855/3855/3855 3856/3856/3856 3850/3850/3850 
f 3850/3850/3850 3849/3849/3849 3855/3855/3855 
f 3855/3855/3855 3849/3849/3849 3844/3844/3844 
f 3853/3853/3853 3857/3857/3857 3858/3858/3858 
f 3858/3858/3858 3854/3854/3854 3853/3853/3853 
f 3855/3855/3855 3859/3859/3859 3860/3860/3860 
f 3860/3860/3860 3856/3856/3856 3855/3855/3855 
f 3859/3859/3859 3855/3855/3855 3844/3844/3844 
f 3857/3857/3857 3861/3861/3861 3862/3862/3862 
f 3862/3862/3862 3858/3858/3858 3857/3857/3857 
f 3859/3859/3859 3863/3863/3863 3864/3864/3864 
f 3864/3864/3864 3860/3860/3860 3859/3859/3859 
f 3865/3865/3865 3859/3859/3859 3844/3844/3844 
f 3866/3866/3866 3867/3867/3867 3868/3868/3868 
f 3868/3868/3868 3869/3869/3869 3866/3866/3866 
f 3870/3870/3870 3871/3871/3871 3872/3872/3872 
f 3872/3872/3872 3873/3873/3873 3870/3870/3870 
f 3874/3874/3874 3865/3865/3865 3844/3844/3844 
f 3866/3866/3866 3869/3869/3869 3875/3875/3875 
f 3875/3875/3875 3876/3876/3876 3866/3866/3866 
f 3877/3877/3877 3878/3878/3878 3872/3872/3872 
f 3872/3872/3872 3871/3871/3871 3877/3877/3877 
f 3879/3879/3879 3874/3874/3874 3844/3844/3844 
f 3876/3876/3876 3875/3875/3875 3835/3835/3835 
f 3835/3835/3835 3834/3834/3834 3876/3876/3876 
f 3841/3841/3841 3840/3840/3840 3878/3878/3878 
f 3878/3878/3878 3877/3877/3877 3841/3841/3841 
f 3844/3844/3844 3843/3843/3843 3879/3879/3879 
f 3858/3858/3858 3862/3862/3862 3828/3828/3828 
f 3828/3828/3828 3880/3880/3880 3858/3858/3858 
f 3854/3854/3854 3858/3858/3858 3880/3880/3880 
f 3880/3880/3880 3881/3881/3881 3854/3854/3854 
f 3882/3882/3882 3847/3847/3847 3854/3854/3854 
f 3854/3854/3854 3881/3881/3881 3882/3882/3882 
f 3883/3883/3883 3848/3848/3848 3847/3847/3847 
f 3847/3847/3847 3882/3882/3882 3883/3883/3883 
f 3884/3884/3884 3834/3834/3834 3837/3837/3837 
f 3837/3837/3837 3885/3885/3885 3884/3884/3884 
f 3886/3886/3886 3876/3876/3876 3834/3834/3834 
f 3834/3834/3834 3884/3884/3884 3886/3886/3886 
f 3866/3866/3866 3876/3876/3876 3886/3886/3886 
f 3886/3886/3886 3887/3887/3887 3866/3866/3866 
f 3867/3867/3867 3866/3866/3866 3887/3887/3887 
f 3887/3887/3887 3830/3830/3830 3867/3867/3867 
f 3888/3888/3888 3889/3889/3889 3890/3890/3890 
f 3890/3890/3890 3891/3891/3891 3888/3888/3888 
f 3892/3892/3892 3893/3893/3893 3894/3894/3894 
f 3894/3894/3894 3895/3895/3895 3892/3892/3892 
f 3896/3896/3896 3897/3897/3897 3898/3898/3898 
f 3899/3899/3899 3900/3900/3900 3901/3901/3901 
f 3901/3901/3901 3902/3902/3902 3899/3899/3899 
f 3903/3903/3903 3904/3904/3904 3905/3905/3905 
f 3905/3905/3905 3906/3906/3906 3903/3903/3903 
f 3903/3903/3903 3896/3896/3896 3898/3898/3898 
f 3902/3902/3902 3901/3901/3901 3907/3907/3907 
f 3907/3907/3907 3908/3908/3908 3902/3902/3902 
f 3909/3909/3909 3910/3910/3910 3904/3904/3904 
f 3904/3904/3904 3903/3903/3903 3909/3909/3909 
f 3909/3909/3909 3903/3903/3903 3898/3898/3898 
f 3907/3907/3907 3911/3911/3911 3912/3912/3912 
f 3912/3912/3912 3908/3908/3908 3907/3907/3907 
f 3909/3909/3909 3913/3913/3913 3914/3914/3914 
f 3914/3914/3914 3910/3910/3910 3909/3909/3909 
f 3913/3913/3913 3909/3909/3909 3898/3898/3898 
f 3911/3911/3911 3915/3915/3915 3916/3916/3916 
f 3916/3916/3916 3912/3912/3912 3911/3911/3911 
f 3913/3913/3913 3917/3917/3917 3918/3918/3918 
f 3918/3918/3918 3914/3914/3914 3913/3913/3913 
f 3919/3919/3919 3913/3913/3913 3898/3898/3898 
f 3920/3920/3920 3921/3921/3921 3922/3922/3922 
f 3922/3922/3922 3923/3923/3923 3920/3920/3920 
f 3924/3924/3924 3925/3925/3925 3926/3926/3926 
f 3926/3926/3926 3927/3927/3927 3924/3924/3924 
f 3928/3928/3928 3919/3919/3919 3898/3898/3898 
f 3923/3923/3923 3929/3929/3929 3930/3930/3930 
f 3930/3930/3930 3920/3920/3920 3923/3923/3923 
f 3925/3925/3925 3931/3931/3931 3932/3932/3932 
f 3932/3932/3932 3926/3926/3926 3925/3925/3925 
f 3933/3933/3933 3928/3928/3928 3898/3898/3898 
f 3930/3930/3930 3929/3929/3929 3889/3889/3889 
f 3889/3889/3889 3888/3888/3888 3930/3930/3930 
f 3895/3895/3895 3894/3894/3894 3932/3932/3932 
f 3932/3932/3932 3931/3931/3931 3895/3895/3895 
f 3897/3897/3897 3933/3933/3933 3898/3898/3898 
f 3912/3912/3912 3916/3916/3916 3934/3934/3934 
f 3934/3934/3934 3935/3935/3935 3912/3912/3912 
f 3908/3908/3908 3912/3912/3912 3935/3935/3935 
f 3935/3935/3935 3936/3936/3936 3908/3908/3908 
f 3937/3937/3937 3902/3902/3902 3908/3908/3908 
f 3908/3908/3908 3936/3936/3936 3937/3937/3937 
f 3824/3824/3824 3899/3899/3899 3902/3902/3902 
f 3902/3902/3902 3937/3937/3937 3824/3824/3824 
f 3938/3938/3938 3888/3888/3888 3891/3891/3891 
f 3891/3891/3891 3833/3833/3833 3938/3938/3938 
f 3939/3939/3939 3930/3930/3930 3888/3888/3888 
f 3888/3888/3888 3938/3938/3938 3939/3939/3939 
f 3920/3920/3920 3930/3930/3930 3939/3939/3939 
f 3939/3939/3939 3940/3940/3940 3920/3920/3920 
f 3921/3921/3921 3920/3920/3920 3940/3940/3940 
f 3940/3940/3940 3941/3941/3941 3921/3921/3921 
f 3942/3942/3942 3943/3943/3943 3944/3944/3944 
f 3944/3944/3944 3945/3945/3945 3942/3942/3942 
f 3946/3946/3946 3947/3947/3947 3948/3948/3948 
f 3948/3948/3948 3949/3949/3949 3946/3946/3946 
f 3950/3950/3950 3951/3951/3951 3952/3952/3952 
f 3952/3952/3952 3953/3953/3953 3950/3950/3950 
f 3954/3954/3954 3955/3955/3955 3953/3953/3953 
f 3953/3953/3953 3952/3952/3952 3954/3954/3954 
f 3956/3956/3956 3957/3957/3957 3958/3958/3958 
f 3959/3959/3959 3960/3960/3960 3961/3961/3961 
f 3962/3962/3962 3963/3963/3963 3964/3964/3964 
f 3964/3964/3964 3965/3965/3965 3962/3962/3962 
f 3880/3880/3880 3828/3828/3828 3966/3966/3966 
f 3954/3954/3954 3952/3952/3952 3967/3967/3967 
f 3967/3967/3967 3968/3968/3968 3954/3954/3954 
f 3884/3884/3884 3961/3961/3961 3969/3969/3969 
f 3969/3969/3969 3886/3886/3886 3884/3884/3884 
f 3970/3970/3970 3971/3971/3971 3936/3936/3936 
f 3936/3936/3936 3935/3935/3935 3970/3970/3970 
f 3972/3972/3972 3973/3973/3973 3883/3883/3883 
f 3883/3883/3883 3882/3882/3882 3972/3972/3972 
f 3974/3974/3974 3975/3975/3975 3976/3976/3976 
f 3977/3977/3977 3978/3978/3978 3962/3962/3962 
f 3962/3962/3962 3965/3965/3965 3977/3977/3977 
f 3964/3964/3964 3979/3979/3979 3980/3980/3980 
f 3980/3980/3980 3965/3965/3965 3964/3964/3964 
f 3977/3977/3977 3981/3981/3981 3982/3982/3982 
f 3982/3982/3982 3983/3983/3983 3977/3977/3977 
f 3984/3984/3984 3985/3985/3985 3986/3986/3986 
f 3986/3986/3986 3974/3974/3974 3984/3984/3984 
f 3987/3987/3987 3988/3988/3988 3989/3989/3989 
f 3887/3887/3887 3886/3886/3886 3969/3969/3969 
f 3969/3969/3969 3987/3987/3987 3887/3887/3887 
f 3827/3827/3827 3966/3966/3966 3828/3828/3828 
f 3990/3990/3990 3991/3991/3991 3992/3992/3992 
f 3992/3992/3992 3993/3993/3993 3990/3990/3990 
f 3994/3994/3994 3995/3995/3995 3996/3996/3996 
f 3996/3996/3996 3997/3997/3997 3994/3994/3994 
f 3998/3998/3998 3999/3999/3999 4000/4000/4000 
f 4000/4000/4000 4001/4001/4001 3998/3998/3998 
f 4002/4002/4002 4003/4003/4003 4004/4004/4004 
f 4004/4004/4004 4005/4005/4005 4002/4002/4002 
f 4006/4006/4006 4007/4007/4007 4008/4008/4008 
f 4008/4008/4008 4009/4009/4009 4006/4006/4006 
f 4010/4010/4010 4011/4011/4011 4012/4012/4012 
f 4012/4012/4012 4013/4013/4013 4010/4010/4010 
f 4014/4014/4014 4015/4015/4015 4016/4016/4016 
f 4017/4017/4017 4018/4018/4018 3991/3991/3991 
f 3991/3991/3991 3990/3990/3990 4017/4017/4017 
f 3938/3938/3938 3958/3958/3958 3957/3957/3957 
f 3957/3957/3957 3939/3939/3939 3938/3938/3938 
f 4019/4019/4019 4020/4020/4020 3826/3826/3826 
f 3826/3826/3826 3825/3825/3825 4019/4019/4019 
f 3940/3940/3940 3939/3939/3939 3957/3957/3957 
f 3957/3957/3957 4021/4021/4021 3940/3940/3940 
f 3935/3935/3935 3934/3934/3934 4022/4022/4022 
f 4022/4022/4022 3970/3970/3970 3935/3935/3935 
f 3832/3832/3832 3831/3831/3831 3989/3989/3989 
f 3989/3989/3989 3958/3958/3958 3832/3832/3832 
f 3829/3829/3829 3830/3830/3830 3987/3987/3987 
f 4014/4014/4014 4016/4016/4016 4023/4023/4023 
f 4023/4023/4023 4024/4024/4024 4014/4014/4014 
f 4025/4025/4025 3946/3946/3946 3949/3949/3949 
f 3949/3949/3949 4026/4026/4026 4025/4025/4025 
f 4027/4027/4027 4028/4028/4028 4029/4029/4029 
f 4029/4029/4029 4030/4030/4030 4027/4027/4027 
f 4028/4028/4028 4027/4027/4027 4031/4031/4031 
f 4031/4031/4031 3985/3985/3985 4028/4028/4028 
f 4031/4031/4031 4032/4032/4032 3986/3986/3986 
f 3986/3986/3986 3985/3985/3985 4031/4031/4031 
f 3971/3971/3971 4019/4019/4019 3937/3937/3937 
f 3937/3937/3937 3936/3936/3936 3971/3971/3971 
f 3974/3974/3974 3986/3986/3986 4033/4033/4033 
f 4033/4033/4033 3975/3975/3975 3974/3974/3974 
f 4033/4033/4033 3986/3986/3986 4032/4032/4032 
f 4032/4032/4032 4034/4034/4034 4033/4033/4033 
f 4035/4035/4035 4034/4034/4034 4032/4032/4032 
f 4032/4032/4032 3982/3982/3982 4035/4035/4035 
f 4036/4036/4036 4037/4037/4037 3981/3981/3981 
f 3981/3981/3981 3980/3980/3980 4036/4036/4036 
f 3979/3979/3979 4036/4036/4036 3980/3980/3980 
f 3983/3983/3983 4038/4038/4038 3978/3978/3978 
f 3978/3978/3978 3977/3977/3977 3983/3983/3983 
f 3977/3977/3977 3965/3965/3965 3980/3980/3980 
f 3980/3980/3980 3981/3981/3981 3977/3977/3977 
f 4031/4031/4031 3983/3983/3983 3982/3982/3982 
f 3982/3982/3982 4032/4032/4032 4031/4031/4031 
f 4027/4027/4027 4038/4038/4038 3983/3983/3983 
f 3983/3983/3983 4031/4031/4031 4027/4027/4027 
f 4035/4035/4035 3982/3982/3982 3981/3981/3981 
f 3981/3981/3981 4037/4037/4037 4035/4035/4035 
f 3958/3958/3958 3938/3938/3938 3833/3833/3833 
f 3833/3833/3833 3832/3832/3832 3958/3958/3958 
f 3829/3829/3829 3987/3987/3987 3989/3989/3989 
f 3989/3989/3989 3831/3831/3831 3829/3829/3829 
f 3830/3830/3830 3887/3887/3887 3987/3987/3987 
f 3984/3984/3984 3974/3974/3974 3976/3976/3976 
f 3976/3976/3976 4039/4039/4039 3984/3984/3984 
f 3957/3957/3957 3956/3956/3956 4021/4021/4021 
f 3954/3954/3954 4021/4021/4021 3956/3956/3956 
f 3956/3956/3956 3955/3955/3955 3954/3954/3954 
f 3937/3937/3937 4019/4019/4019 3824/3824/3824 
f 3825/3825/3825 3824/3824/3824 4019/4019/4019 
f 3827/3827/3827 3826/3826/3826 4020/4020/4020 
f 4020/4020/4020 3966/3966/3966 3827/3827/3827 
f 3881/3881/3881 3966/3966/3966 3972/3972/3972 
f 3972/3972/3972 3882/3882/3882 3881/3881/3881 
f 3881/3881/3881 3880/3880/3880 3966/3966/3966 
f 3961/3961/3961 3884/3884/3884 3885/3885/3885 
f 3885/3885/3885 4040/4040/4040 3961/3961/3961 
f 4021/4021/4021 4041/4041/4041 3941/3941/3941 
f 3941/3941/3941 3940/3940/3940 4021/4021/4021 
f 4030/4030/4030 4038/4038/4038 4027/4027/4027 
f 4042/4042/4042 3978/3978/3978 4038/4038/4038 
f 4038/4038/4038 4030/4030/4030 4042/4042/4042 
f 3960/3960/3960 3969/3969/3969 3961/3961/3961 
f 3987/3987/3987 3969/3969/3969 3960/3960/3960 
f 3987/3987/3987 4043/4043/4043 3988/3988/3988 
f 3988/3988/3988 3958/3958/3958 3989/3989/3989 
f 3956/3956/3956 3958/3958/3958 4044/4044/4044 
f 4045/4045/4045 3959/3959/3959 4046/4046/4046 
f 4046/4046/4046 4047/4047/4047 4045/4045/4045 
f 4045/4045/4045 4047/4047/4047 4048/4048/4048 
f 4048/4048/4048 4049/4049/4049 4045/4045/4045 
f 4050/4050/4050 4051/4051/4051 4052/4052/4052 
f 4052/4052/4052 4053/4053/4053 4050/4050/4050 
f 4054/4054/4054 4053/4053/4053 4052/4052/4052 
f 4052/4052/4052 4055/4055/4055 4054/4054/4054 
f 3690/3690/3690 3689/3689/3689 4051/4051/4051 
f 4051/4051/4051 4050/4050/4050 3690/3690/3690 
f 3692/3692/3692 3691/3691/3691 3666/3666/3666 
f 3666/3666/3666 3665/3665/3665 3692/3692/3692 
f 3669/3669/3669 3654/3654/3654 3668/3668/3668 
f 3668/3668/3668 3695/3695/3695 3669/3669/3669 
f 3672/3672/3672 3655/3655/3655 3654/3654/3654 
f 3654/3654/3654 3669/3669/3669 3672/3672/3672 
f 3674/3674/3674 3657/3657/3657 3660/3660/3660 
f 3660/3660/3660 3675/3675/3675 3674/3674/3674 
f 3678/3678/3678 3661/3661/3661 3657/3657/3657 
f 3657/3657/3657 3674/3674/3674 3678/3678/3678 
f 4056/4056/4056 4057/4057/4057 3709/3709/3709 
f 3709/3709/3709 3708/3708/3708 4056/4056/4056 
f 3704/3704/3704 4058/4058/4058 4059/4059/4059 
f 4059/4059/4059 3705/3705/3705 3704/3704/3704 
f 3712/3712/3712 3697/3697/3697 4060/4060/4060 
f 4060/4060/4060 4061/4061/4061 3712/3712/3712 
f 3710/3710/3710 3711/3711/3711 4062/4062/4062 
f 4062/4062/4062 4063/4063/4063 3710/3710/3710 
f 4064/4064/4064 4054/4054/4054 4055/4055/4055 
f 4055/4055/4055 4065/4065/4065 4064/4064/4064 
f 3707/3707/3707 3706/3706/3706 4066/4066/4066 
f 4066/4066/4066 4067/4067/4067 3707/3707/3707 
f 3703/3703/3703 3702/3702/3702 4068/4068/4068 
f 4068/4068/4068 4069/4069/4069 3703/3703/3703 
f 3700/3700/3700 3701/3701/3701 4070/4070/4070 
f 4070/4070/4070 4071/4071/4071 3700/3700/3700 
f 4072/4072/4072 3699/3699/3699 3700/3700/3700 
f 3700/3700/3700 4071/4071/4071 4072/4072/4072 
f 3697/3697/3697 3698/3698/3698 4073/4073/4073 
f 4073/4073/4073 4060/4060/4060 3697/3697/3697 
f 3686/3686/3686 3685/3685/3685 4057/4057/4057 
f 4057/4057/4057 4056/4056/4056 3686/3686/3686 
f 3682/3682/3682 3681/3681/3681 4059/4059/4059 
f 4059/4059/4059 4058/4058/4058 3682/3682/3682 
f 3638/3638/3638 3641/3641/3641 3644/3644/3644 
f 3644/3644/3644 3639/3639/3639 3638/3638/3638 
f 3724/3724/3724 3725/3725/3725 3728/3728/3728 
f 3728/3728/3728 3721/3721/3721 3724/3724/3724 
f 3680/3680/3680 3683/3683/3683 3686/3686/3686 
f 3686/3686/3686 3681/3681/3681 3680/3680/3680 
f 3681/3681/3681 3686/3686/3686 4056/4056/4056 
f 4056/4056/4056 4059/4059/4059 3681/3681/3681 
f 4059/4059/4059 4056/4056/4056 3708/3708/3708 
f 3708/3708/3708 3705/3705/3705 4059/4059/4059 
f 3702/3702/3702 3705/3705/3705 3708/3708/3708 
f 3708/3708/3708 3707/3707/3707 3702/3702/3702 
f 3702/3702/3702 3707/3707/3707 4067/4067/4067 
f 4067/4067/4067 4068/4068/4068 3702/3702/3702 
f 4006/4006/4006 4009/4009/4009 4004/4004/4004 
f 4004/4004/4004 4003/4003/4003 4006/4006/4006 
f 4045/4045/4045 4006/4006/4006 4003/4003/4003 
f 4003/4003/4003 3959/3959/3959 4045/4045/4045 
f 3744/3744/3744 3783/3783/3783 3782/3782/3782 
f 3782/3782/3782 3745/3745/3745 3744/3744/3744 
f 3740/3740/3740 3779/3779/3779 3778/3778/3778 
f 3778/3778/3778 3741/3741/3741 3740/3740/3740 
f 3947/3947/3947 3951/3951/3951 3950/3950/3950 
f 3950/3950/3950 3948/3948/3948 3947/3947/3947 
f 4015/4015/4015 4018/4018/4018 4017/4017/4017 
f 4017/4017/4017 4016/4016/4016 4015/4015/4015 
f 4074/4074/4074 4075/4075/4075 4073/4073/4073 
f 4073/4073/4073 3698/3698/3698 4074/4074/4074 
f 3698/3698/3698 3656/3656/3656 4076/4076/4076 
f 4076/4076/4076 4074/4074/4074 3698/3698/3698 
f 4077/4077/4077 4076/4076/4076 3656/3656/3656 
f 3656/3656/3656 3655/3655/3655 4077/4077/4077 
f 4078/4078/4078 4077/4077/4077 3655/3655/3655 
f 3655/3655/3655 3672/3672/3672 4078/4078/4078 
f 4079/4079/4079 4078/4078/4078 3672/3672/3672 
f 3672/3672/3672 3671/3671/3671 4079/4079/4079 
f 3716/3716/3716 3715/3715/3715 4080/4080/4080 
f 4080/4080/4080 4081/4081/4081 3716/3716/3716 
f 3630/3630/3630 4082/4082/4082 4083/4083/4083 
f 4083/4083/4083 3631/3631/3631 3630/3630/3630 
f 4045/4045/4045 4049/4049/4049 4007/4007/4007 
f 4007/4007/4007 4006/4006/4006 4045/4045/4045 
f 4011/4011/4011 3942/3942/3942 3945/3945/3945 
f 3945/3945/3945 4012/4012/4012 4011/4011/4011 
f 4014/4014/4014 4024/4024/4024 4026/4026/4026 
f 4026/4026/4026 3949/3949/3949 4014/4014/4014 
f 4015/4015/4015 4014/4014/4014 3949/3949/3949 
f 3949/3949/3949 3948/3948/3948 4015/4015/4015 
f 3948/3948/3948 3950/3950/3950 4018/4018/4018 
f 4018/4018/4018 4015/4015/4015 3948/3948/3948 
f 4018/4018/4018 3950/3950/3950 3953/3953/3953 
f 3953/3953/3953 3991/3991/3991 4018/4018/4018 
f 3991/3991/3991 3953/3953/3953 3955/3955/3955 
f 3955/3955/3955 3992/3992/3992 3991/3991/3991 
f 3995/3995/3995 3956/3956/3956 4044/4044/4044 
f 4044/4044/4044 3996/3996/3996 3995/3995/3995 
f 4001/4001/4001 4000/4000/4000 3988/3988/3988 
f 3988/3988/3988 4043/4043/4043 4001/4001/4001 
f 4003/4003/4003 4002/4002/4002 3960/3960/3960 
f 3960/3960/3960 3959/3959/3959 4003/4003/4003 
f 3651/3651/3651 3650/3650/3650 3629/3629/3629 
f 3629/3629/3629 3628/3628/3628 3651/3651/3651 
f 3733/3733/3733 3736/3736/3736 3738/3738/3738 
f 3738/3738/3738 3737/3737/3737 3733/3733/3733 
f 3691/3691/3691 3694/3694/3694 3696/3696/3696 
f 3696/3696/3696 3695/3695/3695 3691/3691/3691 
f 3666/3666/3666 3691/3691/3691 3695/3695/3695 
f 3695/3695/3695 3668/3668/3668 3666/3666/3666 
f 3667/3667/3667 3663/3663/3663 3666/3666/3666 
f 3666/3666/3666 3668/3668/3668 3667/3667/3667 
f 3711/3711/3711 3663/3663/3663 3667/3667/3667 
f 3667/3667/3667 3712/3712/3712 3711/3711/3711 
f 4061/4061/4061 4062/4062/4062 3711/3711/3711 
f 3711/3711/3711 3712/3712/3712 4061/4061/4061 
f 3995/3995/3995 3994/3994/3994 3993/3993/3993 
f 3993/3993/3993 3992/3992/3992 3995/3995/3995 
f 3955/3955/3955 3956/3956/3956 3995/3995/3995 
f 3995/3995/3995 3992/3992/3992 3955/3955/3955 
f 4084/4084/4084 3645/3645/3645 3648/3648/3648 
f 3648/3648/3648 4085/4085/4085 4084/4084/4084 
f 3730/3730/3730 4086/4086/4086 4087/4087/4087 
f 4087/4087/4087 3731/3731/3731 3730/3730/3730 
f 4088/4088/4088 3687/3687/3687 3690/3690/3690 
f 3690/3690/3690 4089/4089/4089 4088/4088/4088 
f 4089/4089/4089 3690/3690/3690 4050/4050/4050 
f 4050/4050/4050 4090/4090/4090 4089/4089/4089 
f 4090/4090/4090 4050/4050/4050 4053/4053/4053 
f 4053/4053/4053 4091/4091/4091 4090/4090/4090 
f 4092/4092/4092 4091/4091/4091 4053/4053/4053 
f 4053/4053/4053 4054/4054/4054 4092/4092/4092 
f 4093/4093/4093 4092/4092/4092 4054/4054/4054 
f 4054/4054/4054 4064/4064/4064 4093/4093/4093 
f 4005/4005/4005 3998/3998/3998 4001/4001/4001 
f 4001/4001/4001 4002/4002/4002 4005/4005/4005 
f 4002/4002/4002 4001/4001/4001 4043/4043/4043 
f 4043/4043/4043 3960/3960/3960 4002/4002/4002 
f 3646/3646/3646 3649/3649/3649 3652/3652/3652 
f 3652/3652/3652 3647/3647/3647 3646/3646/3646 
f 3734/3734/3734 3729/3729/3729 3732/3732/3732 
f 3732/3732/3732 3735/3735/3735 3734/3734/3734 
f 3692/3692/3692 3689/3689/3689 3688/3688/3688 
f 3688/3688/3688 3693/3693/3693 3692/3692/3692 
f 3689/3689/3689 3692/3692/3692 3665/3665/3665 
f 3665/3665/3665 4051/4051/4051 3689/3689/3689 
f 3664/3664/3664 4052/4052/4052 4051/4051/4051 
f 4051/4051/4051 3665/3665/3665 3664/3664/3664 
f 4055/4055/4055 4052/4052/4052 3664/3664/3664 
f 3664/3664/3664 3710/3710/3710 4055/4055/4055 
f 4065/4065/4065 4055/4055/4055 3710/3710/3710 
f 3710/3710/3710 4063/4063/4063 4065/4065/4065 
f 4000/4000/4000 3999/3999/3999 3997/3997/3997 
f 3997/3997/3997 3996/3996/3996 4000/4000/4000 
f 4044/4044/4044 3988/3988/3988 4000/4000/4000 
f 4000/4000/4000 3996/3996/3996 4044/4044/4044 
f 4094/4094/4094 3637/3637/3637 3640/3640/3640 
f 3640/3640/3640 4095/4095/4095 4094/4094/4094 
f 3722/3722/3722 4096/4096/4096 4097/4097/4097 
f 4097/4097/4097 3723/3723/3723 3722/3722/3722 
f 4098/4098/4098 3679/3679/3679 3682/3682/3682 
f 3682/3682/3682 4099/4099/4099 4098/4098/4098 
f 4099/4099/4099 3682/3682/3682 4058/4058/4058 
f 4058/4058/4058 4100/4100/4100 4099/4099/4099 
f 4101/4101/4101 4100/4100/4100 4058/4058/4058 
f 4058/4058/4058 3704/3704/3704 4101/4101/4101 
f 3703/3703/3703 4102/4102/4102 4101/4101/4101 
f 4101/4101/4101 3704/3704/3704 3703/3703/3703 
f 4102/4102/4102 3703/3703/3703 4069/4069/4069 
f 4069/4069/4069 4103/4103/4103 4102/4102/4102 
f 4007/4007/4007 4104/4104/4104 4105/4105/4105 
f 4105/4105/4105 4008/4008/4008 4007/4007/4007 
f 4049/4049/4049 4106/4106/4106 4104/4104/4104 
f 4104/4104/4104 4007/4007/4007 4049/4049/4049 
f 4107/4107/4107 4106/4106/4106 4049/4049/4049 
f 4049/4049/4049 4048/4048/4048 4107/4107/4107 
f 3962/3962/3962 3978/3978/3978 4108/4108/4108 
f 4108/4108/4108 3963/3963/3963 3962/3962/3962 
f 3987/3987/3987 3960/3960/3960 4043/4043/4043 
f 3958/3958/3958 3988/3988/3988 4044/4044/4044 
f 4060/4060/4060 4073/4073/4073 4109/4109/4109 
f 4109/4109/4109 4110/4110/4110 4060/4060/4060 
f 4075/4075/4075 4111/4111/4111 4109/4109/4109 
f 4109/4109/4109 4073/4073/4073 4075/4075/4075 
f 4072/4072/4072 4071/4071/4071 4112/4112/4112 
f 4112/4112/4112 4113/4113/4113 4072/4072/4072 
f 4071/4071/4071 4070/4070/4070 4114/4114/4114 
f 4114/4114/4114 4112/4112/4112 4071/4071/4071 
f 4115/4115/4115 4103/4103/4103 4069/4069/4069 
f 4069/4069/4069 4116/4116/4116 4115/4115/4115 
f 4116/4116/4116 4069/4069/4069 4068/4068/4068 
f 4068/4068/4068 4117/4117/4117 4116/4116/4116 
f 4068/4068/4068 4067/4067/4067 4118/4118/4118 
f 4118/4118/4118 4117/4117/4117 4068/4068/4068 
f 4118/4118/4118 4067/4067/4067 4066/4066/4066 
f 4066/4066/4066 4119/4119/4119 4118/4118/4118 
f 4120/4120/4120 4093/4093/4093 4064/4064/4064 
f 4064/4064/4064 4121/4121/4121 4120/4120/4120 
f 4121/4121/4121 4064/4064/4064 4065/4065/4065 
f 4065/4065/4065 4122/4122/4122 4121/4121/4121 
f 4122/4122/4122 4065/4065/4065 4063/4063/4063 
f 4063/4063/4063 4123/4123/4123 4122/4122/4122 
f 4063/4063/4063 4062/4062/4062 4124/4124/4124 
f 4124/4124/4124 4123/4123/4123 4063/4063/4063 
f 4125/4125/4125 4124/4124/4124 4062/4062/4062 
f 4062/4062/4062 4061/4061/4061 4125/4125/4125 
f 4061/4061/4061 4060/4060/4060 4110/4110/4110 
f 4110/4110/4110 4125/4125/4125 4061/4061/4061 
f 4110/4110/4110 4109/4109/4109 4126/4126/4126 
f 4126/4126/4126 4127/4127/4127 4110/4110/4110 
f 4111/4111/4111 4128/4128/4128 4126/4126/4126 
f 4126/4126/4126 4109/4109/4109 4111/4111/4111 
f 4113/4113/4113 4112/4112/4112 4129/4129/4129 
f 4129/4129/4129 4130/4130/4130 4113/4113/4113 
f 4112/4112/4112 4114/4114/4114 4131/4131/4131 
f 4131/4131/4131 4129/4129/4129 4112/4112/4112 
f 4132/4132/4132 4115/4115/4115 4116/4116/4116 
f 4116/4116/4116 4133/4133/4133 4132/4132/4132 
f 4133/4133/4133 4116/4116/4116 4117/4117/4117 
f 4117/4117/4117 4134/4134/4134 4133/4133/4133 
f 4134/4134/4134 4117/4117/4117 4118/4118/4118 
f 4118/4118/4118 4135/4135/4135 4134/4134/4134 
f 4135/4135/4135 4118/4118/4118 4119/4119/4119 
f 4119/4119/4119 4136/4136/4136 4135/4135/4135 
f 4137/4137/4137 4120/4120/4120 4121/4121/4121 
f 4121/4121/4121 4138/4138/4138 4137/4137/4137 
f 4138/4138/4138 4121/4121/4121 4122/4122/4122 
f 4122/4122/4122 4139/4139/4139 4138/4138/4138 
f 4139/4139/4139 4122/4122/4122 4123/4123/4123 
f 4123/4123/4123 4140/4140/4140 4139/4139/4139 
f 4123/4123/4123 4124/4124/4124 4141/4141/4141 
f 4141/4141/4141 4140/4140/4140 4123/4123/4123 
f 4142/4142/4142 4141/4141/4141 4124/4124/4124 
f 4124/4124/4124 4125/4125/4125 4142/4142/4142 
f 4125/4125/4125 4110/4110/4110 4127/4127/4127 
f 4127/4127/4127 4142/4142/4142 4125/4125/4125 
f 3747/3747/3747 3755/3755/3755 3748/3748/3748 
f 4041/4041/4041 4021/4021/4021 3954/3954/3954 
f 3954/3954/3954 3968/3968/3968 4041/4041/4041 
f 3975/3975/3975 3970/3970/3970 4022/4022/4022 
f 4022/4022/4022 3976/3976/3976 3975/3975/3975 
f 3971/3971/3971 3970/3970/3970 3975/3975/3975 
f 3975/3975/3975 4033/4033/4033 3971/3971/3971 
f 3971/3971/3971 4033/4033/4033 4034/4034/4034 
f 4034/4034/4034 4019/4019/4019 3971/3971/3971 
f 4020/4020/4020 4019/4019/4019 4034/4034/4034 
f 4034/4034/4034 4035/4035/4035 4020/4020/4020 
f 4035/4035/4035 4037/4037/4037 3966/3966/3966 
f 3966/3966/3966 4020/4020/4020 4035/4035/4035 
f 3972/3972/3972 3966/3966/3966 4037/4037/4037 
f 4037/4037/4037 4036/4036/4036 3972/3972/3972 
f 3973/3973/3973 3972/3972/3972 4036/4036/4036 
f 4036/4036/4036 3979/3979/3979 3973/3973/3973 
f 3959/3959/3959 3961/3961/3961 4040/4040/4040 
f 4040/4040/4040 4046/4046/4046 3959/3959/3959 
f 3851/3851/3851 3850/3850/3850 3846/3846/3846 
f 3846/3846/3846 3845/3845/3845 3851/3851/3851 
f 3853/3853/3853 3846/3846/3846 3850/3850/3850 
f 3850/3850/3850 3856/3856/3856 3853/3853/3853 
f 3860/3860/3860 3857/3857/3857 3853/3853/3853 
f 3853/3853/3853 3856/3856/3856 3860/3860/3860 
f 3864/3864/3864 3861/3861/3861 3857/3857/3857 
f 3857/3857/3857 3860/3860/3860 3864/3864/3864 
f 3868/3868/3868 3873/3873/3873 3872/3872/3872 
f 3872/3872/3872 3869/3869/3869 3868/3868/3868 
f 3878/3878/3878 3875/3875/3875 3869/3869/3869 
f 3869/3869/3869 3872/3872/3872 3878/3878/3878 
f 3840/3840/3840 3835/3835/3835 3875/3875/3875 
f 3875/3875/3875 3878/3878/3878 3840/3840/3840 
f 3836/3836/3836 3835/3835/3835 3840/3840/3840 
f 3840/3840/3840 3839/3839/3839 3836/3836/3836 
f 4143/4143/4143 3789/3789/3789 3822/3822/3822 
f 3822/3822/3822 4144/4144/4144 4143/4143/4143 
f 4145/4145/4145 4144/4144/4144 3822/3822/3822 
f 3822/3822/3822 3818/3818/3818 4145/4145/4145 
f 4146/4146/4146 4145/4145/4145 3818/3818/3818 
f 3818/3818/3818 3817/3817/3817 4146/4146/4146 
f 3808/3808/3808 4147/4147/4147 3811/3811/3811 
f 3811/3811/3811 3807/3807/3807 3808/3808/3808 
f 3804/3804/3804 3808/3808/3808 3807/3807/3807 
f 3807/3807/3807 3803/3803/3803 3804/3804/3804 
f 3804/3804/3804 3803/3803/3803 3799/3799/3799 
f 3799/3799/3799 3800/3800/3800 3804/3804/3804 
f 3800/3800/3800 3799/3799/3799 3798/3798/3798 
f 3798/3798/3798 4148/4148/4148 3800/3800/3800 
f 4149/4149/4149 3790/3790/3790 3789/3789/3789 
f 3789/3789/3789 4143/4143/4143 4149/4149/4149 
f 3904/3904/3904 3910/3910/3910 3907/3907/3907 
f 3907/3907/3907 3901/3901/3901 3904/3904/3904 
f 3914/3914/3914 3911/3911/3911 3907/3907/3907 
f 3907/3907/3907 3910/3910/3910 3914/3914/3914 
f 3918/3918/3918 3915/3915/3915 3911/3911/3911 
f 3911/3911/3911 3914/3914/3914 3918/3918/3918 
f 3922/3922/3922 3927/3927/3927 3926/3926/3926 
f 3926/3926/3926 3923/3923/3923 3922/3922/3922 
f 3932/3932/3932 3929/3929/3929 3923/3923/3923 
f 3923/3923/3923 3926/3926/3926 3932/3932/3932 
f 3889/3889/3889 3929/3929/3929 3932/3932/3932 
f 3932/3932/3932 3894/3894/3894 3889/3889/3889 
f 3890/3890/3890 3889/3889/3889 3894/3894/3894 
f 3894/3894/3894 3893/3893/3893 3890/3890/3890 
f 3901/3901/3901 3900/3900/3900 3905/3905/3905 
f 3905/3905/3905 3904/3904/3904 3901/3901/3901 
f 3768/3768/3768 3771/3771/3771 3775/3775/3775 
f 3775/3775/3775 3772/3772/3772 3768/3768/3768 
f 3778/3778/3778 3777/3777/3777 3784/3784/3784 
f 3784/3784/3784 3783/3783/3783 3778/3778/3778 
f 3741/3741/3741 3778/3778/3778 3783/3783/3783 
f 3783/3783/3783 3744/3744/3744 3741/3741/3741 
f 3742/3742/3742 3741/3741/3741 3744/3744/3744 
f 3744/3744/3744 3743/3743/3743 3742/3742/3742 
f 3750/3750/3750 3742/3742/3742 3743/3743/3743 
f 3743/3743/3743 3753/3753/3753 3750/3750/3750 
f 3757/3757/3757 3756/3756/3756 3762/3762/3762 
f 3762/3762/3762 3761/3761/3761 3757/3757/3757 
f 3767/3767/3767 3764/3764/3764 3757/3757/3757 
f 3757/3757/3757 3761/3761/3761 3767/3767/3767 
f 3771/3771/3771 3768/3768/3768 3764/3764/3764 
f 3764/3764/3764 3767/3767/3767 3771/3771/3771 
f 3765/3765/3765 3769/3769/3769 4028/4028/4028 
f 4028/4028/4028 3985/3985/3985 3765/3765/3765 
f 4028/4028/4028 3769/3769/3769 3773/3773/3773 
f 3773/3773/3773 4029/4029/4029 4028/4028/4028 
f 3947/3947/3947 3946/3946/3946 3780/3780/3780 
f 3780/3780/3780 3779/3779/3779 3947/3947/3947 
f 3951/3951/3951 3947/3947/3947 3779/3779/3779 
f 3779/3779/3779 3740/3740/3740 3951/3951/3951 
f 3739/3739/3739 3952/3952/3952 3951/3951/3951 
f 3951/3951/3951 3740/3740/3740 3739/3739/3739 
f 3967/3967/3967 3952/3952/3952 3739/3739/3739 
f 3739/3739/3739 3751/3751/3751 3967/3967/3967 
f 3984/3984/3984 4039/4039/4039 3759/3759/3759 
f 3759/3759/3759 3758/3758/3758 3984/3984/3984 
f 3985/3985/3985 3984/3984/3984 3758/3758/3758 
f 3758/3758/3758 3765/3765/3765 3985/3985/3985 
f 3627/3627/3627 3714/3714/3714 3738/3738/3738 
f 3738/3738/3738 3628/3628/3628 3627/3627/3627 
f 3714/3714/3714 3627/3627/3627 3631/3631/3631 
f 3631/3631/3631 3715/3715/3715 3714/3714/3714 
f 4083/4083/4083 4080/4080/4080 3715/3715/3715 
f 3715/3715/3715 3631/3631/3631 4083/4083/4083 
f 3632/3632/3632 3719/3719/3719 3633/3633/3633 
f 4095/4095/4095 3640/3640/3640 3723/3723/3723 
f 3723/3723/3723 4097/4097/4097 4095/4095/4095 
f 3640/3640/3640 3639/3639/3639 3724/3724/3724 
f 3724/3724/3724 3723/3723/3723 3640/3640/3640 
f 3639/3639/3639 3644/3644/3644 3725/3725/3725 
f 3725/3725/3725 3724/3724/3724 3639/3639/3639 
f 3644/3644/3644 3643/3643/3643 3726/3726/3726 
f 3726/3726/3726 3725/3725/3725 3644/3644/3644 
f 4085/4085/4085 3648/3648/3648 3731/3731/3731 
f 3731/3731/3731 4087/4087/4087 4085/4085/4085 
f 3648/3648/3648 3647/3647/3647 3732/3732/3732 
f 3732/3732/3732 3731/3731/3731 3648/3648/3648 
f 3735/3735/3735 3732/3732/3732 3647/3647/3647 
f 3647/3647/3647 3652/3652/3652 3735/3735/3735 
f 3736/3736/3736 3735/3735/3735 3652/3652/3652 
f 3652/3652/3652 3651/3651/3651 3736/3736/3736 
f 3736/3736/3736 3651/3651/3651 3628/3628/3628 
f 3628/3628/3628 3738/3738/3738 3736/3736/3736 
f 3696/3696/3696 3737/3737/3737 3713/3713/3713 
f 3713/3713/3713 3670/3670/3670 3696/3696/3696 
f 3670/3670/3670 3713/3713/3713 3716/3716/3716 
f 3716/3716/3716 3671/3671/3671 3670/3670/3670 
f 3671/3671/3671 3716/3716/3716 4081/4081/4081 
f 4081/4081/4081 4079/4079/4079 3671/3671/3671 
f 3717/3717/3717 3673/3673/3673 3676/3676/3676 
f 3676/3676/3676 3718/3718/3718 3717/3717/3717 
f 3720/3720/3720 3677/3677/3677 3673/3673/3673 
f 3673/3673/3673 3717/3717/3717 3720/3720/3720 
f 3679/3679/3679 4098/4098/4098 4096/4096/4096 
f 4096/4096/4096 3722/3722/3722 3679/3679/3679 
f 3680/3680/3680 3679/3679/3679 3722/3722/3722 
f 3722/3722/3722 3721/3721/3721 3680/3680/3680 
f 3721/3721/3721 3728/3728/3728 3683/3683/3683 
f 3683/3683/3683 3680/3680/3680 3721/3721/3721 
f 3728/3728/3728 3727/3727/3727 3684/3684/3684 
f 3684/3684/3684 3683/3683/3683 3728/3728/3728 
f 3687/3687/3687 4088/4088/4088 4086/4086/4086 
f 4086/4086/4086 3730/3730/3730 3687/3687/3687 
f 3688/3688/3688 3687/3687/3687 3730/3730/3730 
f 3730/3730/3730 3729/3729/3729 3688/3688/3688 
f 3693/3693/3693 3688/3688/3688 3729/3729/3729 
f 3729/3729/3729 3734/3734/3734 3693/3693/3693 
f 3694/3694/3694 3693/3693/3693 3734/3734/3734 
f 3734/3734/3734 3733/3733/3733 3694/3694/3694 
f 3694/3694/3694 3733/3733/3733 3737/3737/3737 
f 3737/3737/3737 3696/3696/3696 3694/3694/3694 
f 4108/4108/4108 3978/3978/3978 4042/4042/4042 
f 4106/4106/4106 4107/4107/4107 3943/3943/3943 
f 3943/3943/3943 3942/3942/3942 4106/4106/4106 
f 4104/4104/4104 4106/4106/4106 3942/3942/3942 
f 3942/3942/3942 4011/4011/4011 4104/4104/4104 
f 4105/4105/4105 4104/4104/4104 4011/4011/4011 
f 4011/4011/4011 4010/4010/4010 4105/4105/4105 
f 4114/4114/4114 4150/4150/4150 4151/4151/4151 
f 4151/4151/4151 4131/4131/4131 4114/4114/4114 
f 4070/4070/4070 4152/4152/4152 4150/4150/4150 
f 4150/4150/4150 4114/4114/4114 4070/4070/4070 
f 3701/3701/3701 4153/4153/4153 4152/4152/4152 
f 4152/4152/4152 4070/4070/4070 3701/3701/3701 
f 3701/3701/3701 3662/3662/3662 4154/4154/4154 
f 4154/4154/4154 4153/4153/4153 3701/3701/3701 
f 4155/4155/4155 4154/4154/4154 3662/3662/3662 
f 3662/3662/3662 3661/3661/3661 4155/4155/4155 
f 3678/3678/3678 4156/4156/4156 4155/4155/4155 
f 4155/4155/4155 3661/3661/3661 3678/3678/3678 
f 4156/4156/4156 3678/3678/3678 3677/3677/3677 
f 3677/3677/3677 4157/4157/4157 4156/4156/4156 
f 4157/4157/4157 3677/3677/3677 3720/3720/3720 
f 3720/3720/3720 4158/4158/4158 4157/4157/4157 
f 4158/4158/4158 3720/3720/3720 3636/3636/3636 
f 3636/3636/3636 4159/4159/4159 4158/4158/4158 
f 4160/4160/4160 4159/4159/4159 3636/3636/3636 
f 4160/4160/4160 3636/3636/3636 3635/3635/3635 
f 3635/3635/3635 4161/4161/4161 4160/4160/4160 
f 4162/4162/4162 4163/4163/4163 4164/4164/4164 
f 4165/4165/4165 4166/4166/4166 4167/4167/4167 
f 4168/4168/4168 4169/4169/4169 4170/4170/4170 
f 4171/4171/4171 4172/4172/4172 4173/4173/4173 
f 4174/4174/4174 4175/4175/4175 4176/4176/4176 
f 4177/4177/4177 4178/4178/4178 4179/4179/4179 
f 4180/4180/4180 4166/4166/4166 4181/4181/4181 
f 4182/4182/4182 4183/4183/4183 4184/4184/4184 
f 4185/4185/4185 4175/4175/4175 4174/4174/4174 
f 4186/4186/4186 4187/4187/4187 4188/4188/4188 
f 4189/4189/4189 4190/4190/4190 4191/4191/4191 
f 4192/4192/4192 4193/4193/4193 4194/4194/4194 
f 4195/4195/4195 4196/4196/4196 4197/4197/4197 
f 4198/4198/4198 4199/4199/4199 4200/4200/4200 
f 4201/4201/4201 4202/4202/4202 4203/4203/4203 

g Npc5

v -5.34253 3.16486 3.32196 
v -5.20006 3.08715 3.19743 
v -5.17029 3.1585 3.21696 
v -5.17721 3.28705 3.33526 
v -5.45098 2.8994 3.27496 
v -5.48476 3.15364 3.34532 
v -5.58074 2.9016 3.2985 
v -5.79832 3.37093 3.46188 
v -5.79226 3.60338 3.51391 
v -6 3.62113 3.48723 
v -6 3.39173 3.43529 
v -5.4426 3.37907 3.43631 
v -5.32083 3.39549 3.42109 
v -5.31322 3.6013 3.45779 
v -5.42986 3.59971 3.47448 
v -5.35682 3.38555 2.51427 
v -5.20652 3.44867 2.59375 
v -5.1953 3.26609 2.64353 
v -5.32475 3.17077 2.58863 
v -6 3.11008 2.42694 
v -6 3.31298 2.41699 
v -5.81446 3.3031 2.40369 
v -5.79842 3.09757 2.41753 
v -5.66412 3.55139 2.48325 
v -5.64931 3.30888 2.42715 
v -5.81916 3.54201 2.46809 
v -5.16567 3.15803 2.80401 
v -5.1953 3.26609 2.64353 
v -5.09231 3.30573 2.66865 
v -5.09231 3.19059 2.76097 
v -5.30767 2.73039 2.83574 
v -5.2744 2.71853 3.00675 
v -5.25755 2.4247 3.02535 
v -5.30527 2.4514 2.82585 
v -5.40461 2.73128 2.66393 
v -5.39178 2.44346 2.6657 
v -5.35316 2.68791 3.17017 
v -5.34169 2.4088 3.19336 
v -5.48729 2.67922 3.26812 
v -5.4838 2.40728 3.28995 
v -5.34169 2.4088 3.19336 
v -5.35316 2.68791 3.17017 
v -5.60421 2.40705 3.31316 
v -5.60714 2.6795 3.29482 
v -6 3.16796 3.3522 
v -5.82247 3.15594 3.36719 
v -5.79081 2.41616 2.4723 
v -6 2.41659 2.45421 
v -6 2.69529 2.4454 
v -5.79934 2.69456 2.45469 
v -6 2.92015 2.43539 
v -5.80146 2.91599 2.44691 
v -5.09231 3.19741 3.24371 
v -5.09229 3.28487 3.33817 
v -5.19174 3.70771 3.36925 
v -5.17752 3.55487 3.41054 
v -5.09231 3.48541 3.37548 
v -5.09231 3.6337 3.36233 
v -5.21107 3.84044 2.84547 
v -5.09232 3.82466 2.87251 
v -5.09231 3.74361 2.73947 
v -5.20788 3.76153 2.69598 
v -5.09232 3.61549 2.65985 
v -5.09231 3.48541 2.63071 
v -5.20576 3.60201 2.62038 
v -5.09231 3.30573 2.66865 
v -6 2.40789 3.31575 
v -5.8724 2.40681 3.32794 
v -5.86838 2.67994 3.30304 
v -6 2.68012 3.2858 
v -6 2.93202 3.29148 
v -5.85299 2.91856 3.30993 
v -5.37853 3.76963 2.64435 
v -5.49977 3.75317 2.62092 
v -5.46822 3.86936 2.78621 
v -5.35129 3.85681 2.82534 
v -5.6221 3.10153 2.44512 
v -5.30529 3.781 3.3972 
v -5.17678 3.39498 3.39345 
v -5.80283 3.84925 3.46806 
v -6 3.84453 3.46488 
v -5.1787 3.07133 2.99935 
v -5.14504 3.12116 3.02181 
v -5.17029 3.1585 3.21696 
v -5.20006 3.08715 3.19743 
v -5.09231 3.19741 3.24371 
v -5.09232 3.13757 3.04776 
v -6 3.53792 2.46869 
v -5.46506 3.13194 2.49836 
v -5.48736 3.35133 2.47538 
v -5.27439 2.95112 2.83649 
v -5.36524 2.94488 2.64487 
v -5.37703 3.58071 2.55817 
v -5.50516 3.56762 2.52473 
v -6 3.69492 2.55443 
v -6 3.83702 2.63243 
v -5.82657 3.84841 2.64854 
v -5.83107 3.7111 2.56072 
v -5.65019 3.73276 2.59185 
v -5.58597 3.88034 2.73837 
v -5.57457 3.59774 3.49518 
v -5.58156 3.85234 3.42782 
v -5.59365 3.35871 3.45519 
v -5.6612 3.13973 3.3743 
v -5.74172 2.90433 3.32769 
v -5.75347 2.40676 3.34195 
v -5.75583 2.67985 3.32795 
v -5.22935 2.94534 2.99633 
v -5.21886 3.0802 2.82833 
v -5.29982 2.92876 3.17662 
v -5.29982 2.92876 3.17662 
v -5.77179 2.22249 2.46587 
v -6 2.22271 2.44117 
v -5.26213 2.2442 2.81864 
v -5.36158 2.23583 2.65561 
v -5.20933 2.22649 3.03967 
v -5.29071 2.21832 3.2143 
v -5.4606 2.21751 3.31529 
v -5.58325 2.21691 3.33514 
v -5.88231 2.2167 3.35377 
v -5.73541 2.21615 3.35977 
v -6 2.21717 3.34237 
v -5.63176 2.71421 2.52561 
v -5.62705 2.91736 2.49014 
v -5.61673 2.43256 2.54917 
v -5.6005 2.23106 2.5338 
v -5.32475 3.17077 2.58863 
v -5.49064 2.92514 2.56016 
v -5.36524 2.94488 2.64487 
v -5.42859 3.81284 3.41087 
v -5.3095 3.85355 3.31653 
v -5.39288 3.87596 3.32195 
v -5.19468 3.81594 3.29719 
v -5.09232 3.75582 3.27834 
v -5.40461 2.73128 2.66393 
v -5.50599 2.72366 2.6022 
v -5.39178 2.44346 2.6657 
v -5.49227 2.4386 2.61369 
v -5.46821 2.2337 2.59071 
v -5.36158 2.23583 2.65561 
v -5.09231 3.38076 3.36723 
v -5.75057 2.01198 2.45881 
v -6 2.01198 2.42687 
v -5.58028 2.01198 2.51693 
v -5.32416 2.01202 2.64455 
v -5.43847 2.012 2.57206 
v -5.21009 2.01183 2.81073 
v -5.32416 2.01202 2.64455 
v -5.15189 2.012 3.05539 
v -5.23184 2.01199 3.23728 
v -5.43236 2.01199 3.34309 
v -5.23184 2.01199 3.23728 
v -5.55846 2.01202 3.35926 
v -5.87945 2.01203 3.37925 
v -5.71489 2.01205 3.37932 
v -6 2.01202 3.3727 
v -5.49632 3.90376 3.32869 
v -5.66056 3.99024 3.36496 
v -5.84747 3.98836 3.43412 
v -6 3.98834 3.43555 
v -5.09231 3.38076 3.36723 
v -5.09231 3.49474 3.00309 
v -5.09231 3.48541 3.37548 
v -5.09231 3.6337 3.36233 
v -5.09231 3.49474 3.00309 
v -5.09232 3.75582 3.27834 
v -5.09232 3.8453 3.15726 
v -5.09231 3.49474 3.00309 
v -5.0923 3.85192 3.0031 
v -5.09232 3.82466 2.87251 
v -5.09231 3.49474 3.00309 
v -5.09231 3.74361 2.73947 
v -5.09232 3.61549 2.65985 
v -5.09231 3.49474 3.00309 
v -5.09231 3.48541 2.63071 
v -5.09231 3.30573 2.66865 
v -5.09231 3.19059 2.76097 
v -5.09232 3.13757 3.04776 
v -5.09231 3.49474 3.00309 
v -5.09231 3.19741 3.24371 
v -5.09232 3.75582 3.27834 
v -5.09231 3.49474 3.00309 
v -5.09232 3.8453 3.15726 
v -5.0923 3.85192 3.0031 
v -5.09231 3.49474 3.00309 
v -5.09232 3.82466 2.87251 
v -5.09231 3.74361 2.73947 
v -5.09231 3.49474 3.00309 
v -5.09232 3.61549 2.65985 
v -5.09231 3.19059 2.76097 
v -5.09231 3.49474 3.00309 
v -5.09232 3.13757 3.04776 
v -5.09231 3.48541 2.63071 
v -5.09231 3.48541 3.37548 
v -5.09231 3.49474 3.00309 
v -5.09231 3.6337 3.36233 
v -5.09231 3.19741 3.24371 
v -5.09231 3.49474 3.00309 
v -5.09229 3.28487 3.33817 
v -5.09229 3.28487 3.33817 
v -5.09231 3.49474 3.00309 
v -5.09231 3.38076 3.36723 
v -6 4.00905 3.39114 
v -6 3.99281 3.40641 
v -5.87062 3.99284 3.40445 
v -5.86596 4.00916 3.38524 
v -5.19881 3.85934 3.01385 
v -5.32085 3.88137 3.0176 
v -5.30435 3.89034 3.17799 
v -5.19597 3.86405 3.15743 
v -6 3.95228 2.64694 
v -5.84176 3.95853 2.6935 
v -5.82657 3.84841 2.64854 
v -6 3.83702 2.63243 
v -5.65695 3.98214 3.04006 
v -5.6717 4.00913 3.04623 
v -5.65627 4.00915 3.19447 
v -5.63898 3.99077 3.18972 
v -5.09232 3.8453 3.15726 
v -5.0923 3.85192 3.0031 
v -5.19468 3.81594 3.29719 
v -5.09232 3.75582 3.27834 
v -5.3095 3.85355 3.31653 
v -5.73361 4.00908 2.87 
v -5.71802 3.976 2.83968 
v -5.85829 3.9619 2.71846 
v -5.86142 4.01075 2.73705 
v -5.09232 3.82466 2.87251 
v -5.21107 3.84044 2.84547 
v -5.35129 3.85681 2.82534 
v -5.69527 3.99294 3.34221 
v -5.6972 4.0092 3.33682 
v -5.86596 4.00916 3.38524 
v -6 4.00918 3.04022 
v -6 4.00905 3.39114 
v -5.86142 4.01075 2.73705 
v -6 4.01075 2.68231 
v -5.6717 4.00913 3.04623 
v -5.65627 4.00915 3.19447 
v -5.73361 4.00908 2.87 
v -5.6972 4.0092 3.33682 
v -5.36947 3.90673 3.1841 
v -5.39288 3.87596 3.32195 
v -5.40246 3.89806 3.02402 
v -5.46822 3.86936 2.78621 
v -5.68345 3.97257 2.82171 
v -5.58597 3.88034 2.73837 
v -5.4764 3.91418 3.03269 
v -5.61564 3.98027 3.0387 
v -5.5952 3.98827 3.19957 
v -5.45026 3.92706 3.19167 
v -5.66056 3.99024 3.36496 
v -5.49632 3.90376 3.32869 
v -6 3.95529 2.67311 
v -6 4.01075 2.68231 
v -5.65695 3.98214 3.04006 
v -5.61564 3.98027 3.0387 
v -5.68345 3.97257 2.82171 
v -5.71802 3.976 2.83968 
v -5.63898 3.99077 3.18972 
v -5.5952 3.98827 3.19957 
v -5.69527 3.99294 3.34221 
v -5.66056 3.99024 3.36496 
v -5.87062 3.99284 3.40445 
v -5.84747 3.98836 3.43412 
v -6 3.99281 3.40641 
v -6 3.98834 3.43555 
v -6 3.95228 2.64694 
v -6 3.95529 2.67311 
v -5.85829 3.9619 2.71846 
v -5.84176 3.95853 2.6935 
v -5.15189 2.012 3.05539 
v -6 2.01199 2.90308 
v -5.21009 2.01183 2.81073 
v -5.58028 2.01198 2.51693 
v -6 2.01199 2.90308 
v -5.75057 2.01198 2.45881 
v -5.23184 2.01199 3.23728 
v -6 2.01199 2.90308 
v -5.15189 2.012 3.05539 
v -5.43236 2.01199 3.34309 
v -6 2.01199 2.90308 
v -5.23184 2.01199 3.23728 
v -5.55846 2.01202 3.35926 
v -6 2.01199 2.90308 
v -5.43236 2.01199 3.34309 
v -5.75057 2.01198 2.45881 
v -6 2.01199 2.90308 
v -6 2.01198 2.42687 
v -6 2.01202 3.3727 
v -6 2.01199 2.90308 
v -5.87945 2.01203 3.37925 
v -5.87945 2.01203 3.37925 
v -6 2.01199 2.90308 
v -5.71489 2.01205 3.37932 
v -5.43847 2.012 2.57206 
v -6 2.01199 2.90308 
v -5.58028 2.01198 2.51693 
v -5.21009 2.01183 2.81073 
v -6 2.01199 2.90308 
v -5.32416 2.01202 2.64455 
v -5.71489 2.01205 3.37932 
v -6 2.01199 2.90308 
v -5.55846 2.01202 3.35926 
v -5.32416 2.01202 2.64455 
v -6 2.01199 2.90308 
v -5.43847 2.012 2.57206 
v -6.65747 3.16486 3.32196 
v -6.82279 3.28705 3.33526 
v -6.82971 3.1585 3.21696 
v -6.79994 3.08715 3.19743 
v -6.54902 2.8994 3.27496 
v -6.41926 2.9016 3.2985 
v -6.51524 3.15364 3.34532 
v -6.20168 3.37093 3.46188 
v -6 3.39173 3.43529 
v -6 3.62113 3.48723 
v -6.20774 3.60338 3.51391 
v -6.57014 3.59971 3.47448 
v -6.68678 3.6013 3.45779 
v -6.67917 3.39549 3.42109 
v -6.5574 3.37907 3.43631 
v -6.67525 3.17077 2.58863 
v -6.8047 3.26609 2.64353 
v -6.79348 3.44867 2.59375 
v -6.64318 3.38555 2.51427 
v -6.18554 3.3031 2.40369 
v -6 3.31298 2.41699 
v -6 3.11008 2.42694 
v -6.20158 3.09757 2.41753 
v -6.13404 4.00916 3.38524 
v -6.12938 3.99284 3.40445 
v -6.35069 3.30888 2.42715 
v -6.33588 3.55139 2.48325 
v -6.18084 3.54201 2.46809 
v -6.90769 3.30573 2.66865 
v -6.83433 3.15803 2.80401 
v -6.90769 3.19059 2.76097 
v -6.67915 3.88137 3.0176 
v -6.80119 3.85934 3.01385 
v -6.80403 3.86405 3.15743 
v -6.69565 3.89034 3.17799 
v -6 3.83702 2.63243 
v -6.17343 3.84841 2.64854 
v -6.15824 3.95853 2.6935 
v -6 3.95228 2.64694 
v -6.69233 2.73039 2.83574 
v -6.69473 2.4514 2.82585 
v -6.74245 2.4247 3.02535 
v -6.7256 2.71853 3.00675 
v -6.59539 2.73128 2.66393 
v -6.60822 2.44346 2.6657 
v -6.65831 2.4088 3.19336 
v -6.64684 2.68791 3.17017 
v -6.5162 2.40728 3.28995 
v -6.51271 2.67922 3.26812 
v -6.64684 2.68791 3.17017 
v -6.65831 2.4088 3.19336 
v -6.39286 2.6795 3.29482 
v -6.39579 2.40705 3.31316 
v -6.34373 4.00915 3.19447 
v -6.3283 4.00913 3.04623 
v -6.34305 3.98214 3.04006 
v -6.36102 3.99077 3.18972 
v -6.17753 3.15594 3.36719 
v -6 3.16796 3.3522 
v -6.20919 2.41616 2.4723 
v -6.20066 2.69456 2.45469 
v -6 2.69529 2.4454 
v -6 2.41659 2.45421 
v -6.19854 2.91599 2.44691 
v -6 2.92015 2.43539 
v -6.90769 3.19741 3.24371 
v -6.90771 3.28487 3.33817 
v -6.80826 3.70771 3.36925 
v -6.90769 3.6337 3.36233 
v -6.90769 3.48541 3.37548 
v -6.82248 3.55487 3.41054 
v -6.9077 3.85192 3.0031 
v -6.90768 3.8453 3.15726 
v -6.78893 3.84044 2.84547 
v -6.79212 3.76153 2.69598 
v -6.90769 3.74361 2.73947 
v -6.90768 3.82466 2.87251 
v -6.90769 3.48541 2.63071 
v -6.90768 3.61549 2.65985 
v -6.79424 3.60201 2.62038 
v -6.90769 3.30573 2.66865 
v -6.13162 2.67994 3.30304 
v -6.1276 2.40681 3.32794 
v -6 2.40789 3.31575 
v -6 2.68012 3.2858 
v -6.14701 2.91856 3.30993 
v -6 2.93202 3.29148 
v -6.64871 3.85681 2.82534 
v -6.53178 3.86936 2.78621 
v -6.50023 3.75317 2.62092 
v -6.62147 3.76963 2.64435 
v -6.3779 3.10153 2.44512 
v -6.69471 3.781 3.3972 
v -6.82322 3.39498 3.39345 
v -6 3.84453 3.46488 
v -6.19717 3.84925 3.46806 
v -6.85496 3.12116 3.02181 
v -6.8213 3.07133 2.99935 
v -6.79994 3.08715 3.19743 
v -6.82971 3.1585 3.21696 
v -6.90769 3.19741 3.24371 
v -6.90768 3.13757 3.04776 
v -6.90768 3.75582 3.27834 
v -6.80532 3.81594 3.29719 
v -6.6905 3.85355 3.31653 
v -6 3.53792 2.46869 
v -6.53494 3.13194 2.49836 
v -6.51264 3.35133 2.47538 
v -6.72561 2.95112 2.83649 
v -6.63476 2.94488 2.64487 
v -6.62297 3.58071 2.55817 
v -6.49484 3.56762 2.52473 
v -6.14171 3.9619 2.71846 
v -6.28198 3.976 2.83968 
v -6.26639 4.00908 2.87 
v -6.13858 4.01075 2.73705 
v -6.78893 3.84044 2.84547 
v -6.90768 3.82466 2.87251 
v -6.64871 3.85681 2.82534 
v -6.16893 3.7111 2.56072 
v -6.17343 3.84841 2.64854 
v -6 3.83702 2.63243 
v -6 3.69492 2.55443 
v -6.41403 3.88034 2.73837 
v -6.34981 3.73276 2.59185 
v -6.3028 4.0092 3.33682 
v -6.30473 3.99294 3.34221 
v -6.41844 3.85234 3.42782 
v -6.42543 3.59774 3.49518 
v -6.40635 3.35871 3.45519 
v -6.3388 3.13973 3.3743 
v -6.25828 2.90433 3.32769 
v -6.24417 2.67985 3.32795 
v -6.24653 2.40676 3.34195 
v -6.13404 4.00916 3.38524 
v -6.13858 4.01075 2.73705 
v -6.3283 4.00913 3.04623 
v -6.34373 4.00915 3.19447 
v -6.26639 4.00908 2.87 
v -6.3028 4.0092 3.33682 
v -6.77065 2.94534 2.99633 
v -6.78114 3.0802 2.82833 
v -6.70018 2.92876 3.17662 
v -6.70018 2.92876 3.17662 
v -6 2.22271 2.44117 
v -6.22821 2.22249 2.46587 
v -6.63842 2.23583 2.65561 
v -6.73787 2.2442 2.81864 
v -6.79067 2.22649 3.03967 
v -6.70929 2.21832 3.2143 
v -6.70929 2.21832 3.2143 
v -6.5394 2.21751 3.31529 
v -6.41675 2.21691 3.33514 
v -6.26459 2.21615 3.35977 
v -6.11769 2.2167 3.35377 
v -6 2.21717 3.34237 
v -6.36824 2.71421 2.52561 
v -6.37295 2.91736 2.49014 
v -6.38327 2.43256 2.54917 
v -6.3995 2.23106 2.5338 
v -6.60712 3.87596 3.32195 
v -6.63053 3.90673 3.1841 
v -6.59754 3.89806 3.02402 
v -6.53178 3.86936 2.78621 
v -6.67525 3.17077 2.58863 
v -6.50936 2.92514 2.56016 
v -6.57141 3.81284 3.41087 
v -6.60712 3.87596 3.32195 
v -6.6905 3.85355 3.31653 
v -6.80532 3.81594 3.29719 
v -6.90768 3.75582 3.27834 
v -6.49401 2.72366 2.6022 
v -6.50773 2.4386 2.61369 
v -6.53179 2.2337 2.59071 
v -6.90769 3.38076 3.36723 
v -6 2.01198 2.42687 
v -6.24943 2.01198 2.45881 
v -6.41972 2.01198 2.51693 
v -6.56153 2.012 2.57206 
v -6.67584 2.01202 2.64455 
v -6.78991 2.01183 2.81073 
v -6.84811 2.012 3.05539 
v -6.76816 2.01199 3.23728 
v -6.76816 2.01199 3.23728 
v -6.56764 2.01199 3.34309 
v -6.44154 2.01202 3.35926 
v -6.28511 2.01205 3.37932 
v -6.12055 2.01203 3.37925 
v -6 2.01202 3.3727 
v -6.41403 3.88034 2.73837 
v -6.31655 3.97257 2.82171 
v -6.38436 3.98027 3.0387 
v -6.5236 3.91418 3.03269 
v -6.54974 3.92706 3.19167 
v -6.4048 3.98827 3.19957 
v -6.50368 3.90376 3.32869 
v -6.33944 3.99024 3.36496 
v -6.50368 3.90376 3.32869 
v -6.33944 3.99024 3.36496 
v -6.15253 3.98836 3.43412 
v -6 3.98834 3.43555 
v -6.34305 3.98214 3.04006 
v -6.28198 3.976 2.83968 
v -6.31655 3.97257 2.82171 
v -6.38436 3.98027 3.0387 
v -6.4048 3.98827 3.19957 
v -6.36102 3.99077 3.18972 
v -6.30473 3.99294 3.34221 
v -6.15253 3.98836 3.43412 
v -6.12938 3.99284 3.40445 
v -6 3.99281 3.40641 
v -6 3.98834 3.43555 
v -6 3.95228 2.64694 
v -6.15824 3.95853 2.6935 
v -6.14171 3.9619 2.71846 
v -6 3.95529 2.67311 
v -6.84811 2.012 3.05539 
v -6.78991 2.01183 2.81073 
v -6 2.01199 2.90308 
v -6.41972 2.01198 2.51693 
v -6.24943 2.01198 2.45881 
v -6 2.01199 2.90308 
v -6.76816 2.01199 3.23728 
v -6.84811 2.012 3.05539 
v -6 2.01199 2.90308 
v -6.56764 2.01199 3.34309 
v -6.76816 2.01199 3.23728 
v -6 2.01199 2.90308 
v -6.44154 2.01202 3.35926 
v -6.56764 2.01199 3.34309 
v -6 2.01199 2.90308 
v -6.24943 2.01198 2.45881 
v -6 2.01198 2.42687 
v -6 2.01199 2.90308 
v -6 2.01202 3.3727 
v -6.12055 2.01203 3.37925 
v -6 2.01199 2.90308 
v -6.12055 2.01203 3.37925 
v -6.28511 2.01205 3.37932 
v -6 2.01199 2.90308 
v -6.56153 2.012 2.57206 
v -6.41972 2.01198 2.51693 
v -6 2.01199 2.90308 
v -6.78991 2.01183 2.81073 
v -6.67584 2.01202 2.64455 
v -6 2.01199 2.90308 
v -6.28511 2.01205 3.37932 
v -6.44154 2.01202 3.35926 
v -6 2.01199 2.90308 
v -6.67584 2.01202 2.64455 
v -6.56153 2.012 2.57206 
v -6 2.01199 2.90308 
v -6.90769 3.38076 3.36723 
v -6.90769 3.48541 3.37548 
v -6.90769 3.49474 3.00309 
v -6.90769 3.6337 3.36233 
v -6.90768 3.75582 3.27834 
v -6.90769 3.49474 3.00309 
v -6.90768 3.8453 3.15726 
v -6.9077 3.85192 3.0031 
v -6.90769 3.49474 3.00309 
v -6.90768 3.82466 2.87251 
v -6.90769 3.74361 2.73947 
v -6.90769 3.49474 3.00309 
v -6.90768 3.61549 2.65985 
v -6.90769 3.48541 2.63071 
v -6.90769 3.49474 3.00309 
v -6.90769 3.30573 2.66865 
v -6.90769 3.19059 2.76097 
v -6.90768 3.13757 3.04776 
v -6.90769 3.19741 3.24371 
v -6.90769 3.49474 3.00309 
v -6.90768 3.75582 3.27834 
v -6.90768 3.8453 3.15726 
v -6.90769 3.49474 3.00309 
v -6.9077 3.85192 3.0031 
v -6.90768 3.82466 2.87251 
v -6.90769 3.49474 3.00309 
v -6.90769 3.74361 2.73947 
v -6.90768 3.61549 2.65985 
v -6.90769 3.49474 3.00309 
v -6.90769 3.19059 2.76097 
v -6.90768 3.13757 3.04776 
v -6.90769 3.49474 3.00309 
v -6.90769 3.48541 2.63071 
v -6.90769 3.48541 3.37548 
v -6.90769 3.6337 3.36233 
v -6.90769 3.49474 3.00309 
v -6.90769 3.19741 3.24371 
v -6.90771 3.28487 3.33817 
v -6.90769 3.49474 3.00309 
v -6.90771 3.28487 3.33817 
v -6.90769 3.38076 3.36723 
v -6.90769 3.49474 3.00309 
v -6 2.04367 3.32281 
v -6 1.84332 3.27567 
v -5.83652 1.84332 3.27567 
v -5.77228 2.04367 3.32281 
v -6 1.69666 3.1469 
v -5.88517 1.69666 3.1469 
v -6 1.64297 2.97101 
v -5.9103 1.64297 2.97101 
v -6 1.69666 2.7951 
v -5.89328 1.69666 2.80271 
v -6 1.84332 2.66634 
v -5.86583 1.84332 2.67394 
v -6 2.04367 2.6192 
v -5.83145 2.04367 2.62681 
v -5.83145 2.04367 2.62681 
v -5.77228 2.04367 3.32281 
v -5.83652 1.84332 3.27567 
v -5.86583 1.84332 2.67394 
v -5.88517 1.69666 3.1469 
v -5.89328 1.69666 2.80271 
v -5.9103 1.64297 2.97101 
v -6.22772 2.04367 3.32281 
v -6.16348 1.84332 3.27567 
v -6.11483 1.69666 3.1469 
v -6.0897 1.64297 2.97101 
v -6.10672 1.69666 2.80271 
v -6.13417 1.84332 2.67394 
v -6.16855 2.04367 2.62681 
v -6.22772 2.04367 3.32281 
v -6.16855 2.04367 2.62681 
v -6.13417 1.84332 2.67394 
v -6.16348 1.84332 3.27567 
v -6.11483 1.69666 3.1469 
v -6.10672 1.69666 2.80271 
v -6.0897 1.64297 2.97101 

vn 0.307087 -0.409449 0.858268 
vn 0.708661 -0.503937 0.496063 
vn 0.440945 -0.740157 0.511811 
vn 0.188976 -0.527559 0.826772 
vn 0.377953 -0.204724 0.905512 
vn 0.173228 -0.322835 0.929134 
vn 0.188976 -0.141732 0.968504 
vn -0.0629921 -0.291339 0.952756 
vn -0.00787402 -0.00787402 1 
vn 0 -0.0393701 1 
vn 0 -0.291339 0.952756 
vn 0.15748 -0.291339 0.944882 
vn 0.188976 -0.291339 0.937008 
vn 0.23622 0.0629921 0.968504 
vn 0.15748 0.0551181 0.984252 
vn 0.393701 0.023622 -0.92126 
vn 0.377953 -0.00787402 -0.929134 
vn 0.448819 -0.448819 -0.771654 
vn 0.629921 -0.314961 -0.708661 
vn 0 -0.0787402 -1 
vn 0 0.0944882 -0.992126 
vn 0.0393701 0.0944882 -0.992126 
vn 0.0708661 -0.102362 -0.992126 
vn 0.133858 0.370079 -0.92126 
vn 0.19685 0.0944882 -0.976378 
vn 0.0314961 0.370079 -0.929134 
vn 0.535433 -0.740157 -0.409449 
vn 0.448819 -0.448819 -0.771654 
vn 0.291339 -0.488189 -0.826772 
vn 0.291339 -0.850394 -0.433071 
vn 0.937008 -0.0708661 -0.346457 
vn 0.992126 -0.0708661 0.102362 
vn 0.976378 0.15748 0.125984 
vn 0.929134 0.110236 -0.354331 
vn 0.724409 -0.0866142 -0.685039 
vn 0.700787 0.0866142 -0.708661 
vn 0.771654 -0.0393701 0.637795 
vn 0.740157 0.15748 0.653543 
vn 0.393701 -0.00787402 0.92126 
vn 0.377953 0.125984 0.92126 
vn 0.740157 0.15748 0.653543 
vn 0.771654 -0.0393701 0.637795 
vn 0.188976 0.102362 0.976378 
vn 0.19685 0.015748 0.976378 
vn 0 -0.299213 0.952756 
vn -0.0944882 -0.291339 0.952756 
vn 0.23622 0.00787402 -0.968504 
vn 0 0.00787402 -1 
vn 0 -0.0393701 -1 
vn 0.212598 -0.0629921 -0.976378 
vn 0 -0.0708661 -1 
vn 0.141732 -0.110236 -0.984252 
vn 0.165354 -0.850394 0.503937 
vn 0.0629921 -0.559055 0.826772 
vn 0.409449 0.401575 0.818898 
vn 0.322835 0.0551181 0.944882 
vn 0.330709 0.0472441 0.944882 
vn 0.401575 0.354331 0.84252 
vn 0.220472 0.858268 -0.464567 
vn 0.259843 0.84252 -0.472441 
vn 0.299213 0.669291 -0.677165 
vn 0.267717 0.677165 -0.685039 
vn 0.299213 0.322835 -0.897638 
vn 0.314961 -0.015748 -0.952756 
vn 0.307087 0.314961 -0.897638 
vn 0.291339 -0.488189 -0.826772 
vn 0 0.11811 0.992126 
vn -0.110236 0.102362 0.984252 
vn -0.149606 0.0393701 0.992126 
vn 0 0.0393701 1 
vn 0 -0.125984 0.992126 
vn -0.133858 -0.110236 0.984252 
vn 0.188976 0.669291 -0.716535 
vn 0.149606 0.637795 -0.755906 
vn 0.141732 0.787402 -0.598425 
vn 0.149606 0.858268 -0.488189 
vn 0.267717 -0.149606 -0.952756 
vn 0.322835 0.488189 0.811024 
vn 0.212598 -0.267717 0.937008 
vn 0.0708661 0.251969 0.968504 
vn 0 0.181102 0.984252 
vn 0.874016 -0.488189 -0.015748 
vn 0.614173 -0.787402 0.015748 
vn 0.440945 -0.740157 0.511811 
vn 0.708661 -0.503937 0.496063 
vn 0.165354 -0.850394 0.503937 
vn 0.322835 -0.944882 0.0393701 
vn 0 0.362205 -0.929134 
vn 0.440945 -0.188976 -0.874016 
vn 0.307087 0.0708661 -0.944882 
vn 0.897638 -0.259843 -0.346457 
vn 0.732283 -0.244094 -0.637795 
vn 0.251969 0.322835 -0.913386 
vn 0.188976 0.346457 -0.92126 
vn 0 0.496063 -0.866142 
vn 0 0.393701 -0.92126 
vn 0.0787402 0.559055 -0.826772 
vn 0.0551181 0.527559 -0.850394 
vn 0.133858 0.582677 -0.80315 
vn 0.15748 0.669291 -0.724409 
vn 0.125984 0.0314961 0.992126 
vn 0.251969 0.456693 0.850394 
vn 0.0866142 -0.283465 0.952756 
vn 0.0551181 -0.299213 0.952756 
vn 0.015748 -0.11811 0.992126 
vn 0.0314961 0.0944882 0.992126 
vn 0.015748 0.023622 1 
vn 0.944882 -0.314961 0.023622 
vn 0.811024 -0.464567 -0.354331 
vn 0.755906 -0.314961 0.574803 
vn 0.755906 -0.314961 0.574803 
vn 0.23622 0.0708661 -0.968504 
vn 0 0.0551181 -1 
vn 0.905512 0.204724 -0.370079 
vn 0.692913 0.15748 -0.708661 
vn 0.96063 0.259843 0.110236 
vn 0.716535 0.244094 0.653543 
vn 0.330709 0.173228 0.929134 
vn 0.15748 0.133858 0.976378 
vn -0.0629921 0.125984 0.992126 
vn 0.0551181 0.11811 0.992126 
vn 0 0.133858 0.992126 
vn 0.425197 -0.0944882 -0.897638 
vn 0.354331 -0.188976 -0.913386 
vn 0.425197 0.0314961 -0.905512 
vn 0.377953 0.102362 -0.92126 
vn 0.629921 -0.314961 -0.708661 
vn 0.503937 -0.23622 -0.826772 
vn 0.732283 -0.244094 -0.637795 
vn 0.212598 0.535433 0.818898 
vn 0.338583 0.669291 0.661417 
vn 0.251969 0.740157 0.622047 
vn 0.433071 0.551181 0.716535 
vn 0.433071 0.511811 0.740157 
vn 0.724409 -0.0866142 -0.685039 
vn 0.503937 -0.102362 -0.858268 
vn 0.700787 0.0866142 -0.708661 
vn 0.472441 0.0551181 -0.88189 
vn 0.448819 0.125984 -0.88189 
vn 0.692913 0.15748 -0.708661 
vn 0.19685 -0.244094 0.952756 
vn 0.228346 0.0708661 -0.968504 
vn 0 0.0551181 -1 
vn 0.362205 0.102362 -0.929134 
vn 0.685039 0.165354 -0.708661 
vn 0.448819 0.125984 -0.88189 
vn 0.897638 0.212598 -0.385827 
vn 0.685039 0.165354 -0.708661 
vn 0.96063 0.267717 0.0944882 
vn 0.708661 0.251969 0.661417 
vn 0.314961 0.173228 0.929134 
vn 0.708661 0.251969 0.661417 
vn 0.141732 0.133858 0.984252 
vn -0.0472441 0.11811 0.992126 
vn 0.0629921 0.11811 0.992126 
vn 0 0.133858 0.992126 
vn 0.354331 0.661417 0.653543 
vn 0.346457 0.496063 0.795276 
vn 0.110236 0.314961 0.944882 
vn 0 0.732283 0.685039 
vn 1 0 0 
vn 1 0 0 
vn 1 0 0 
vn 1 0 0 
vn 1 0 0 
vn 1 0 0 
vn 1 0 0 
vn 1 0 0 
vn 1 0 0 
vn 1 0 0 
vn 1 0 0 
vn 1 0 0 
vn 1 0 0 
vn 1 0 0 
vn 1 0 0 
vn 1 0 0 
vn 1 0 0 
vn 1 0 0 
vn 1 0 0 
vn 1 0 0 
vn 1 0 0 
vn 1 0 0 
vn 1 0 0 
vn 1 0 0 
vn 1 0 0 
vn 1 0 0 
vn 1 0 0 
vn 1 0 0 
vn 1 0 0 
vn 1 0 0 
vn 1 0 0 
vn 1 0 0 
vn 1 0 0 
vn 1 0 0 
vn 1 0 0 
vn 1 0 0 
vn 1 0 0 
vn 1 0 0 
vn 1 0 0 
vn 1 0 0 
vn 1 0 0 
vn 1 0 0 
vn 0 0.724409 0.685039 
vn 0 0.724409 0.685039 
vn 0.133858 0.653543 0.740157 
vn 0.133858 0.653543 0.740157 
vn 0.149606 0.984252 -0.0866142 
vn 0.181102 0.976378 -0.110236 
vn 0.251969 0.96063 0.102362 
vn 0.251969 0.952756 0.173228 
vn 0 0.267717 -0.96063 
vn 0.244094 0.456693 -0.850394 
vn 0.244094 0.456693 -0.850394 
vn 0 0.393701 -0.92126 
vn 0.795276 0.574803 -0.188976 
vn 0.795276 0.574803 -0.188976 
vn 0.834646 0.543307 0.0866142 
vn 0.834646 0.543307 0.0866142 
vn 0.251969 0.944882 0.228346 
vn 0.11811 0.992126 -0.0787402 
vn 0.338583 0.874016 0.362205 
vn 0.354331 0.826772 0.433071 
vn 0.283465 0.92126 0.267717 
vn 0.700787 0.551181 -0.464567 
vn 0.700787 0.551181 -0.464567 
vn 0.464567 0.393701 -0.795276 
vn 0.464567 0.393701 -0.795276 
vn 0.110236 0.984252 -0.15748 
vn 0.133858 0.984252 -0.149606 
vn 0.15748 0.976378 -0.149606 
vn 0.590551 0.566929 0.574803 
vn 0.590551 0.566929 0.574803 
vn 0 1 0 
vn 0 1 0 
vn 0 1 0 
vn 0 1 0.00787402 
vn 0 1 0.00787402 
vn 0 1 0 
vn 0 1 0 
vn 0 1 0 
vn 0 1 0 
vn 0.244094 0.968504 0.0787402 
vn 0.259843 0.929134 0.251969 
vn 0.188976 0.976378 -0.133858 
vn 0.173228 0.968504 -0.165354 
vn 0.409449 0.76378 -0.488189 
vn 0.338583 0.858268 -0.393701 
vn 0.322835 0.937008 -0.15748 
vn 0.440945 0.88189 -0.173228 
vn 0.433071 0.897638 0.0551181 
vn 0.338583 0.937008 0.0629921 
vn 0.448819 0.866142 0.228346 
vn 0.354331 0.905512 0.23622 
vn 0 0.267717 -0.96063 
vn 0 0.267717 -0.96063 
vn 0.0551181 1 -0.0551181 
vn 0.0551181 1 -0.0551181 
vn 0.0393701 0.992126 -0.0944882 
vn 0.0393701 0.992126 -0.0944882 
vn 0.0629921 1 -0.023622 
vn 0.0629921 1 -0.023622 
vn 0.0472441 1 0.0551181 
vn 0.0472441 1 0.0551181 
vn 0.015748 0.992126 0.125984 
vn 0.015748 0.992126 0.125984 
vn 0 0.992126 0.149606 
vn 0 0.732283 0.685039 
vn 0 0.992126 -0.125984 
vn 0 0.992126 -0.125984 
vn 0.00787402 0.992126 -0.125984 
vn 0.00787402 0.992126 -0.125984 
vn 0 -1 0 
vn 0 -1 0 
vn 0 -1 0 
vn 0 -1 0 
vn 0 -1 0 
vn 0 -1 0 
vn 0 -1 0 
vn 0 -1 0 
vn 0 -1 0 
vn 0 -1 0 
vn 0 -1 0 
vn 0 -1 0 
vn 0 -1 0 
vn 0 -1 0 
vn 0 -1 0 
vn 0 -1 0 
vn 0 -1 0 
vn 0 -1 0 
vn 0 -1 0 
vn 0 -1 0 
vn 0 -1 0 
vn 0 -1 0 
vn 0 -1 0 
vn 0 -1 0 
vn 0 -1 0 
vn 0 -1 0 
vn 0 -1 0 
vn 0 -1 0 
vn 0 -1 0 
vn 0 -1 0 
vn 0 -1 0 
vn 0 -1 0 
vn 0 -1 0 
vn 0 -1 0 
vn 0 -1 0 
vn 0 -1 0 
vn -0.307087 -0.409449 0.858268 
vn -0.188976 -0.527559 0.826772 
vn -0.440945 -0.740157 0.511811 
vn -0.708661 -0.503937 0.496063 
vn -0.377953 -0.204724 0.905512 
vn -0.188976 -0.141732 0.968504 
vn -0.173228 -0.322835 0.929134 
vn 0.0629921 -0.291339 0.952756 
vn 0 -0.291339 0.952756 
vn 0 -0.0393701 1 
vn 0.00787402 -0.00787402 1 
vn -0.15748 0.0551181 0.984252 
vn -0.23622 0.0629921 0.968504 
vn -0.188976 -0.291339 0.937008 
vn -0.15748 -0.291339 0.944882 
vn -0.629921 -0.314961 -0.708661 
vn -0.448819 -0.448819 -0.771654 
vn -0.377953 -0.00787402 -0.929134 
vn -0.393701 0.023622 -0.92126 
vn -0.0393701 0.0944882 -0.992126 
vn 0 0.0944882 -0.992126 
vn 0 -0.0787402 -1 
vn -0.0708661 -0.102362 -0.992126 
vn -0.133858 0.653543 0.740157 
vn -0.133858 0.653543 0.740157 
vn -0.19685 0.0944882 -0.976378 
vn -0.133858 0.370079 -0.92126 
vn -0.0314961 0.370079 -0.929134 
vn -0.291339 -0.488189 -0.826772 
vn -0.535433 -0.740157 -0.409449 
vn -0.291339 -0.850394 -0.433071 
vn -0.181102 0.976378 -0.110236 
vn -0.149606 0.984252 -0.0866142 
vn -0.251969 0.952756 0.173228 
vn -0.251969 0.96063 0.102362 
vn 0 0.393701 -0.92126 
vn -0.165354 0.511811 -0.84252 
vn -0.244094 0.456693 -0.850394 
vn 0 0.267717 -0.96063 
vn -0.937008 -0.0708661 -0.346457 
vn -0.929134 0.110236 -0.354331 
vn -0.976378 0.15748 0.125984 
vn -0.992126 -0.0708661 0.102362 
vn -0.724409 -0.0866142 -0.685039 
vn -0.700787 0.0866142 -0.708661 
vn -0.740157 0.15748 0.653543 
vn -0.771654 -0.0393701 0.637795 
vn -0.377953 0.125984 0.92126 
vn -0.393701 -0.00787402 0.92126 
vn -0.771654 -0.0393701 0.637795 
vn -0.740157 0.15748 0.653543 
vn -0.19685 0.015748 0.976378 
vn -0.188976 0.102362 0.976378 
vn -0.834646 0.543307 0.0866142 
vn -0.795276 0.574803 -0.188976 
vn -0.795276 0.574803 -0.188976 
vn -0.834646 0.543307 0.0866142 
vn 0.0944882 -0.291339 0.952756 
vn 0 -0.299213 0.952756 
vn -0.23622 0.00787402 -0.968504 
vn -0.212598 -0.0629921 -0.976378 
vn 0 -0.0393701 -1 
vn 0 0.00787402 -1 
vn -0.141732 -0.110236 -0.984252 
vn 0 -0.0708661 -1 
vn -0.165354 -0.850394 0.503937 
vn -0.0629921 -0.559055 0.826772 
vn -0.409449 0.401575 0.818898 
vn -0.401575 0.354331 0.84252 
vn -0.330709 0.0472441 0.944882 
vn -0.322835 0.0551181 0.944882 
vn -0.11811 0.992126 -0.0787402 
vn -0.251969 0.944882 0.228346 
vn -0.181102 0.937008 -0.307087 
vn -0.267717 0.677165 -0.685039 
vn -0.299213 0.669291 -0.677165 
vn -0.188976 0.929134 -0.322835 
vn -0.314961 -0.015748 -0.952756 
vn -0.299213 0.322835 -0.897638 
vn -0.307087 0.314961 -0.897638 
vn -0.291339 -0.488189 -0.826772 
vn 0.149606 0.0393701 0.992126 
vn 0.110236 0.102362 0.984252 
vn 0 0.11811 0.992126 
vn 0 0.0393701 1 
vn 0.133858 -0.110236 0.984252 
vn 0 -0.125984 0.992126 
vn -0.15748 0.937008 -0.322835 
vn -0.165354 0.905512 -0.393701 
vn -0.149606 0.637795 -0.755906 
vn -0.188976 0.669291 -0.716535 
vn -0.267717 -0.149606 -0.952756 
vn -0.322835 0.488189 0.811024 
vn -0.212598 -0.267717 0.937008 
vn 0 0.181102 0.984252 
vn -0.0708661 0.251969 0.968504 
vn -0.614173 -0.787402 0.015748 
vn -0.874016 -0.488189 -0.015748 
vn -0.708661 -0.503937 0.496063 
vn -0.440945 -0.740157 0.511811 
vn -0.165354 -0.850394 0.503937 
vn -0.322835 -0.944882 0.0393701 
vn -0.401575 0.685039 0.606299 
vn -0.393701 0.732283 0.551181 
vn -0.322835 0.818898 0.480315 
vn 0 0.362205 -0.929134 
vn -0.440945 -0.188976 -0.874016 
vn -0.307087 0.0708661 -0.944882 
vn -0.897638 -0.259843 -0.346457 
vn -0.732283 -0.244094 -0.637795 
vn -0.251969 0.322835 -0.913386 
vn -0.188976 0.346457 -0.92126 
vn -0.464567 0.393701 -0.795276 
vn -0.700787 0.551181 -0.464567 
vn -0.700787 0.551181 -0.464567 
vn -0.464567 0.393701 -0.795276 
vn -0.181102 0.937008 -0.307087 
vn -0.188976 0.929134 -0.322835 
vn -0.15748 0.937008 -0.322835 
vn -0.0551181 0.527559 -0.850394 
vn -0.165354 0.511811 -0.84252 
vn 0 0.393701 -0.92126 
vn 0 0.496063 -0.866142 
vn -0.267717 0.795276 -0.543307 
vn -0.133858 0.582677 -0.80315 
vn -0.590551 0.566929 0.574803 
vn -0.590551 0.566929 0.574803 
vn -0.251969 0.456693 0.850394 
vn -0.125984 0.0314961 0.992126 
vn -0.0866142 -0.283465 0.952756 
vn -0.0551181 -0.299213 0.952756 
vn -0.015748 -0.11811 0.992126 
vn -0.015748 0.023622 1 
vn -0.0314961 0.0944882 0.992126 
vn 0 1 0 
vn 0 1 0.00787402 
vn 0 1 0 
vn 0 1 0 
vn 0 1 0 
vn 0 1 0 
vn -0.944882 -0.314961 0.023622 
vn -0.811024 -0.464567 -0.354331 
vn -0.755906 -0.314961 0.574803 
vn -0.755906 -0.314961 0.574803 
vn 0 0.0551181 -1 
vn -0.23622 0.0708661 -0.968504 
vn -0.692913 0.15748 -0.708661 
vn -0.905512 0.204724 -0.370079 
vn -0.96063 0.259843 0.110236 
vn -0.716535 0.244094 0.653543 
vn -0.716535 0.244094 0.653543 
vn -0.330709 0.173228 0.929134 
vn -0.15748 0.133858 0.976378 
vn -0.0551181 0.11811 0.992126 
vn 0.0629921 0.125984 0.992126 
vn 0 0.133858 0.992126 
vn -0.425197 -0.0944882 -0.897638 
vn -0.354331 -0.188976 -0.913386 
vn -0.425197 0.0314961 -0.905512 
vn -0.377953 0.102362 -0.92126 
vn -0.259843 0.850394 0.448819 
vn -0.244094 0.968504 0.0787402 
vn -0.188976 0.976378 -0.133858 
vn -0.165354 0.905512 -0.393701 
vn -0.629921 -0.314961 -0.708661 
vn -0.503937 -0.23622 -0.826772 
vn -0.212598 0.535433 0.818898 
vn -0.259843 0.850394 0.448819 
vn -0.322835 0.818898 0.480315 
vn -0.393701 0.732283 0.551181 
vn -0.401575 0.685039 0.606299 
vn -0.503937 -0.102362 -0.858268 
vn -0.472441 0.0551181 -0.88189 
vn -0.448819 0.125984 -0.88189 
vn -0.19685 -0.244094 0.952756 
vn 0 0.0551181 -1 
vn -0.228346 0.0708661 -0.968504 
vn -0.362205 0.102362 -0.929134 
vn -0.448819 0.125984 -0.88189 
vn -0.685039 0.165354 -0.708661 
vn -0.897638 0.212598 -0.385827 
vn -0.96063 0.267717 0.0944882 
vn -0.708661 0.251969 0.661417 
vn -0.708661 0.251969 0.661417 
vn -0.314961 0.173228 0.929134 
vn -0.141732 0.133858 0.984252 
vn -0.0629921 0.11811 0.992126 
vn 0.0472441 0.11811 0.992126 
vn 0 0.133858 0.992126 
vn -0.267717 0.795276 -0.543307 
vn -0.409449 0.76378 -0.488189 
vn -0.440945 0.88189 -0.173228 
vn -0.322835 0.937008 -0.15748 
vn -0.338583 0.937008 0.0629921 
vn -0.433071 0.897638 0.0551181 
vn -0.370079 0.811024 0.464567 
vn -0.275591 0.858268 0.425197 
vn -0.370079 0.811024 0.464567 
vn -0.275591 0.858268 0.425197 
vn -0.0787402 0.779528 0.629921 
vn 0 0.732283 0.685039 
vn -0.0551181 1 -0.0551181 
vn -0.0393701 0.992126 -0.0944882 
vn -0.0393701 0.992126 -0.0944882 
vn -0.0551181 1 -0.0551181 
vn -0.0629921 1 -0.023622 
vn -0.0629921 1 -0.023622 
vn -0.0472441 1 0.0551181 
vn -0.0787402 0.779528 0.629921 
vn -0.015748 0.992126 0.125984 
vn 0 0.992126 0.149606 
vn 0 0.732283 0.685039 
vn 0 0.992126 -0.125984 
vn -0.00787402 0.992126 -0.125984 
vn -0.00787402 0.992126 -0.125984 
vn 0 0.992126 -0.125984 
vn 0 -1 0 
vn 0 -1 0 
vn 0 -1 0 
vn 0 -1 0 
vn 0 -1 0 
vn 0 -1 0 
vn 0 -1 0 
vn 0 -1 0 
vn 0 -1 0 
vn 0 -1 0 
vn 0 -1 0 
vn 0 -1 0 
vn 0 -1 0 
vn 0 -1 0 
vn 0 -1 0 
vn 0 -1 0 
vn 0 -1 0 
vn 0 -1 0 
vn 0 -1 0 
vn 0 -1 0 
vn 0 -1 0 
vn 0 -1 0 
vn 0 -1 0 
vn 0 -1 0 
vn 0 -1 0 
vn 0 -1 0 
vn 0 -1 0 
vn 0 -1 0 
vn 0 -1 0 
vn 0 -1 0 
vn 0 -1 0 
vn 0 -1 0 
vn 0 -1 0 
vn 0 -1 0 
vn 0 -1 0 
vn 0 -1 0 
vn -1 0 0 
vn -1 0 0 
vn -1 0 0 
vn -1 0 0 
vn -1 0 0 
vn -1 0 0 
vn -1 0 0 
vn -1 0 0 
vn -1 0 0 
vn -1 0 0 
vn -1 0 0 
vn -1 0 0 
vn -1 0 0 
vn -1 0 0 
vn -1 0 0 
vn -1 0 0 
vn -1 0 0 
vn -1 0 0 
vn -1 0 0 
vn -1 0 0 
vn -1 0 0 
vn -1 0 0 
vn -1 0 0 
vn -1 0 0 
vn -1 0 0 
vn -1 0 0 
vn -1 0 0 
vn -1 0 0 
vn -1 0 0 
vn -1 0 0 
vn -1 0 0 
vn -1 0 0 
vn -1 0 0 
vn -1 0 0 
vn -1 0 0 
vn -1 0 0 
vn -1 0 0 
vn -1 0 0 
vn -1 0 0 
vn -1 0 0 
vn -1 0 0 
vn -1 0 0 
vn 0 -0.228346 0.976378 
vn 0 -0.456693 0.889764 
vn 0 -0.417323 0.905512 
vn 0 -0.228346 0.976378 
vn 0 -0.84252 0.543307 
vn 0 -0.818898 0.566929 
vn 0 -1 0 
vn 0 -1 0 
vn 0 -0.834646 -0.551181 
vn 0.0393701 -0.834646 -0.551181 
vn 0 -0.456693 -0.889764 
vn 0.0472441 -0.448819 -0.889764 
vn 0 -0.228346 -0.976378 
vn 0.0472441 -0.228346 -0.968504 
vn 0.976378 -0.204724 -0.0551181 
vn 0.952756 -0.283465 -0.0787402 
vn 0.96063 -0.275591 -0.0629921 
vn 0.976378 -0.19685 -0.0393701 
vn 0.96063 -0.275591 -0.0393701 
vn 0.976378 -0.220472 -0.023622 
vn 0.929134 -0.362205 -0.023622 
vn 0 -0.228346 0.976378 
vn 0 -0.417323 0.905512 
vn 0 -0.818898 0.566929 
vn 0 -1 0 
vn -0.0393701 -0.834646 -0.551181 
vn -0.0472441 -0.448819 -0.889764 
vn -0.0472441 -0.228346 -0.968504 
vn -0.96063 -0.267717 -0.0551181 
vn -0.976378 -0.188976 -0.0866142 
vn -0.976378 -0.212598 -0.0629921 
vn -0.952756 -0.291339 -0.0472441 
vn -0.96063 -0.275591 -0.0393701 
vn -0.976378 -0.220472 -0.023622 
vn -0.929134 -0.362205 -0.023622 

vt 0.078126 0.276668 
vt 0.0742027 0.242569 
vt 0.0775148 0.242862 
vt 0.0843938 0.263582 
vt 0.06525 0.283329 
vt 0.077472 0.299676 
vt 0.06525 0.309456 
vt 0.0888352 0.347678 
vt 0.100076 0.347405 
vt 0.100732 0.376079 
vt 0.089478 0.376079 
vt 0.0888592 0.297148 
vt 0.089682 0.278827 
vt 0.0995093 0.279535 
vt 0.099465 0.296244 
vt 0.0894188 0.852028 
vt 0.0929692 0.865048 
vt 0.0839385 0.871366 
vt 0.0781605 0.868326 
vt 0.0755063 0.750095 
vt 0.085149 0.750094 
vt 0.0846675 0.777452 
vt 0.0750495 0.779271 
vt 0.0975173 0.805365 
vt 0.0851827 0.807908 
vt 0.0971393 0.776644 
vt 0.0799395 0.163578 
vt 0.0839385 0.129137 
vt 0.087633 0.13093 
vt 0.0839977 0.16504 
vt 0.05469 0.163578 
vt 0.05469 0.207635 
vt 0.041769 0.211383 
vt 0.041769 0.163578 
vt 0.05469 0.12838 
vt 0.041769 0.12838 
vt 0.05469 0.252063 
vt 0.041769 0.254774 
vt 0.05469 0.287283 
vt 0.041769 0.288124 
vt 0.041769 0.254766 
vt 0.05469 0.252083 
vt 0.041769 0.310352 
vt 0.05469 0.311517 
vt 0.0783645 0.376079 
vt 0.0778358 0.350787 
vt 0.041769 0.781774 
vt 0.041769 0.750095 
vt 0.05469 0.750095 
vt 0.05469 0.780302 
vt 0.06525 0.750095 
vt 0.06525 0.779744 
vt 0.082656 0.241161 
vt 0.0867517 0.252034 
vt 0.105138 0.266073 
vt 0.097617 0.265748 
vt 0.0961718 0.252062 
vt 0.103098 0.252062 
vt 0.117247 0.865307 
vt 0.117247 0.873159 
vt 0.109979 0.873159 
vt 0.109578 0.864388 
vt 0.101732 0.873159 
vt 0.0951398 0.873159 
vt 0.100124 0.863533 
vt 0.0877147 0.873159 
vt 0.041769 0.376079 
vt 0.041769 0.359137 
vt 0.05469 0.358147 
vt 0.05469 0.376079 
vt 0.06525 0.376079 
vt 0.06525 0.355375 
vt 0.109426 0.848393 
vt 0.108987 0.833711 
vt 0.117247 0.839701 
vt 0.117247 0.852803 
vt 0.0755438 0.811283 
vt 0.108228 0.27828 
vt 0.090084 0.265179 
vt 0.111675 0.348835 
vt 0.111342 0.376079 
vt 0.0755115 0.207258 
vt 0.0782858 0.211181 
vt 0.0775148 0.242872 
vt 0.074205 0.242594 
vt 0.082677 0.241153 
vt 0.0811462 0.216471 
vt 0.0969915 0.750095 
vt 0.0772335 0.841064 
vt 0.0874845 0.835852 
vt 0.06525 0.163578 
vt 0.06525 0.12838 
vt 0.0989677 0.848116 
vt 0.0983633 0.832301 
vt 0.107047 0.750095 
vt 0.117247 0.750095 
vt 0.117247 0.775971 
vt 0.107528 0.775462 
vt 0.108328 0.807755 
vt 0.117247 0.816791 
vt 0.099426 0.320044 
vt 0.111778 0.319692 
vt 0.087924 0.321799 
vt 0.0768218 0.327633 
vt 0.06525 0.334185 
vt 0.041769 0.337294 
vt 0.05469 0.336586 
vt 0.06525 0.206177 
vt 0.0754028 0.163578 
vt 0.06525 0.24798 
vt 0.06525 0.247952 
vt 0.0327533 0.783897 
vt 0.0327533 0.750095 
vt 0.0327533 0.163578 
vt 0.0327533 0.12838 
vt 0.0327533 0.214368 
vt 0.0327533 0.253722 
vt 0.0327533 0.286928 
vt 0.0327533 0.308733 
vt 0.0327533 0.360967 
vt 0.0327533 0.335533 
vt 0.0327533 0.376079 
vt 0.05469 0.813289 
vt 0.06525 0.81245 
vt 0.041769 0.815938 
vt 0.0327533 0.817264 
vt 0.0780457 0.12838 
vt 0.06525 0.841224 
vt 0.06525 0.871591 
vt 0.10986 0.294304 
vt 0.117247 0.274256 
vt 0.117247 0.290705 
vt 0.117247 0.263923 
vt 0.117247 0.252062 
vt 0.05469 0.871591 
vt 0.05469 0.841296 
vt 0.041769 0.871591 
vt 0.041769 0.843121 
vt 0.0327533 0.844902 
vt 0.0327533 0.871591 
vt 0.09129 0.252062 
vt 0.02328 0.786312 
vt 0.02328 0.750095 
vt 0.02328 0.819175 
vt 0.023265 0.871591 
vt 0.02328 0.84792 
vt 0.023265 0.163578 
vt 0.023265 0.12838 
vt 0.023265 0.217483 
vt 0.023265 0.252379 
vt 0.023265 0.285289 
vt 0.023265 0.252416 
vt 0.023265 0.306625 
vt 0.023265 0.360842 
vt 0.023265 0.33345 
vt 0.023265 0.376079 
vt 0.117247 0.304534 
vt 0.117247 0.329052 
vt 0.117247 0.355526 
vt 0.117247 0.376079 
vt 0.0912983 0.252062 
vt 0.098082 0.21006 
vt 0.0961875 0.252062 
vt 0.103122 0.252062 
vt 0.098082 0.21006 
vt 0.117247 0.252062 
vt 0.117247 0.217502 
vt 0.098082 0.21006 
vt 0.117247 0.209769 
vt 0.117247 0.13093 
vt 0.098082 0.21006 
vt 0.109965 0.13093 
vt 0.101754 0.13093 
vt 0.098082 0.21006 
vt 0.0951458 0.13093 
vt 0.0876323 0.13093 
vt 0.0839857 0.165027 
vt 0.081144 0.216468 
vt 0.098082 0.21006 
vt 0.082677 0.241153 
vt 0.117247 0.252062 
vt 0.098082 0.21006 
vt 0.117247 0.217502 
vt 0.117247 0.209769 
vt 0.098082 0.21006 
vt 0.117247 0.13093 
vt 0.109965 0.13093 
vt 0.098082 0.21006 
vt 0.101754 0.13093 
vt 0.0839857 0.165027 
vt 0.098082 0.21006 
vt 0.081144 0.216468 
vt 0.0951458 0.13093 
vt 0.0961875 0.252062 
vt 0.098082 0.21006 
vt 0.103122 0.252062 
vt 0.082677 0.241153 
vt 0.098082 0.21006 
vt 0.0867593 0.251974 
vt 0.0867593 0.251974 
vt 0.098082 0.21006 
vt 0.0912983 0.252062 
vt 0.249143 0.146825 
vt 0.249143 0.150153 
vt 0.234068 0.149171 
vt 0.233767 0.145406 
vt 0.151922 0.284281 
vt 0.158195 0.284814 
vt 0.15736 0.325076 
vt 0.151892 0.321803 
vt 0.193508 0.247629 
vt 0.185324 0.247629 
vt 0.182933 0.234959 
vt 0.193505 0.234959 
vt 0.206974 0.088591 
vt 0.210286 0.090258 
vt 0.20907 0.114119 
vt 0.206212 0.113546 
vt 0.14685 0.321467 
vt 0.14685 0.28312 
vt 0.152066 0.358577 
vt 0.14685 0.358577 
vt 0.157111 0.358577 
vt 0.218134 0.061949 
vt 0.214835 0.056005 
vt 0.232171 0.03491 
vt 0.234214 0.042487 
vt 0.14685 0.234959 
vt 0.152039 0.234959 
vt 0.157633 0.234959 
vt 0.214205 0.13706 
vt 0.215582 0.134907 
vt 0.233767 0.145406 
vt 0.249143 0.089038 
vt 0.249143 0.146825 
vt 0.234214 0.042487 
vt 0.249143 0.035752 
vt 0.210286 0.090258 
vt 0.20907 0.114119 
vt 0.218134 0.061949 
vt 0.215582 0.134907 
vt 0.161213 0.326173 
vt 0.162075 0.358577 
vt 0.162923 0.285546 
vt 0.164791 0.234959 
vt 0.177458 0.247629 
vt 0.172642 0.234959 
vt 0.168097 0.286487 
vt 0.174161 0.287857 
vt 0.173828 0.32917 
vt 0.166868 0.327545 
vt 0.176742 0.358577 
vt 0.169092 0.358577 
vt 0.249143 0.027682 
vt 0.249143 0.035752 
vt 0.176533 0.288708 
vt 0.174161 0.287857 
vt 0.177458 0.247629 
vt 0.179213 0.251647 
vt 0.175431 0.32776 
vt 0.173828 0.32917 
vt 0.178462 0.346232 
vt 0.176742 0.358577 
vt 0.187503 0.355121 
vt 0.186399 0.358577 
vt 0.193525 0.355228 
vt 0.193525 0.358577 
vt 0.193508 0.247629 
vt 0.193508 0.251647 
vt 0.186119 0.251647 
vt 0.185324 0.247629 
vt 0.245892 0.277037 
vt 0.292711 0.296779 
vt 0.245892 0.308744 
vt 0.269374 0.358493 
vt 0.292711 0.296779 
vt 0.278708 0.358493 
vt 0.245892 0.253467 
vt 0.292711 0.296779 
vt 0.245892 0.277037 
vt 0.245892 0.235061 
vt 0.292711 0.296779 
vt 0.245892 0.253467 
vt 0.268178 0.235061 
vt 0.292711 0.296779 
vt 0.245892 0.235061 
vt 0.278708 0.358493 
vt 0.292711 0.296779 
vt 0.292711 0.358493 
vt 0.292711 0.235061 
vt 0.292711 0.296779 
vt 0.285775 0.235061 
vt 0.285775 0.235061 
vt 0.292711 0.296779 
vt 0.276754 0.235061 
vt 0.2616 0.358493 
vt 0.292711 0.296779 
vt 0.269374 0.358493 
vt 0.245892 0.308744 
vt 0.292711 0.296779 
vt 0.245892 0.358493 
vt 0.276754 0.235061 
vt 0.292711 0.296779 
vt 0.268178 0.235061 
vt 0.245892 0.358493 
vt 0.292711 0.296779 
vt 0.2616 0.358493 
vt 0.078126 0.475399 
vt 0.0843938 0.488486 
vt 0.0775148 0.509206 
vt 0.0742027 0.509499 
vt 0.06525 0.468739 
vt 0.06525 0.442612 
vt 0.077472 0.452391 
vt 0.0888352 0.40439 
vt 0.089478 0.375988 
vt 0.100732 0.375988 
vt 0.100076 0.404663 
vt 0.099465 0.455824 
vt 0.0995093 0.472532 
vt 0.089682 0.47324 
vt 0.0888592 0.454919 
vt 0.0781605 0.631904 
vt 0.0839385 0.626359 
vt 0.0929692 0.635182 
vt 0.0894188 0.648202 
vt 0.0846675 0.722778 
vt 0.085149 0.750135 
vt 0.0755063 0.750135 
vt 0.0750495 0.720959 
vt 0.265917 0.145406 
vt 0.265615 0.149171 
vt 0.0851827 0.692322 
vt 0.0975173 0.694865 
vt 0.0971393 0.723586 
vt 0.087633 0.625172 
vt 0.0799395 0.58849 
vt 0.0839977 0.587027 
vt 0.228761 0.284814 
vt 0.234893 0.284281 
vt 0.23494 0.321803 
vt 0.229594 0.325076 
vt 0.193521 0.234959 
vt 0.204093 0.234959 
vt 0.201703 0.247629 
vt 0.193518 0.247629 
vt 0.05469 0.58849 
vt 0.041769 0.58849 
vt 0.041769 0.540685 
vt 0.05469 0.544432 
vt 0.05469 0.627117 
vt 0.041769 0.627117 
vt 0.041769 0.497294 
vt 0.05469 0.500005 
vt 0.041769 0.463943 
vt 0.05469 0.464785 
vt 0.05469 0.499984 
vt 0.041769 0.497302 
vt 0.05469 0.44055 
vt 0.041769 0.441715 
vt 0.290613 0.114119 
vt 0.289396 0.090258 
vt 0.29271 0.088591 
vt 0.293472 0.113546 
vt 0.0778358 0.401281 
vt 0.0783645 0.375988 
vt 0.041769 0.718456 
vt 0.05469 0.719928 
vt 0.05469 0.750135 
vt 0.041769 0.750135 
vt 0.06525 0.720486 
vt 0.06525 0.750135 
vt 0.082656 0.510907 
vt 0.0867517 0.500033 
vt 0.105138 0.485994 
vt 0.103098 0.500005 
vt 0.0961718 0.500005 
vt 0.097617 0.486319 
vt 0.240176 0.28312 
vt 0.240176 0.321467 
vt 0.117247 0.634923 
vt 0.109578 0.635842 
vt 0.109979 0.625172 
vt 0.117247 0.625172 
vt 0.0951398 0.625172 
vt 0.101732 0.625172 
vt 0.100124 0.636697 
vt 0.0877147 0.625172 
vt 0.05469 0.393921 
vt 0.041769 0.39293 
vt 0.041769 0.375988 
vt 0.05469 0.375988 
vt 0.06525 0.396693 
vt 0.06525 0.375988 
vt 0.117247 0.647427 
vt 0.117247 0.660529 
vt 0.108987 0.666519 
vt 0.109426 0.651837 
vt 0.0755438 0.688947 
vt 0.108228 0.473788 
vt 0.090084 0.486888 
vt 0.111342 0.375988 
vt 0.111675 0.403232 
vt 0.0782858 0.540887 
vt 0.0755115 0.54481 
vt 0.074205 0.509473 
vt 0.0775148 0.509196 
vt 0.082677 0.510915 
vt 0.0811462 0.535597 
vt 0.240176 0.358577 
vt 0.235176 0.358577 
vt 0.229842 0.358577 
vt 0.0969915 0.750135 
vt 0.0772335 0.659166 
vt 0.0874845 0.664378 
vt 0.06525 0.58849 
vt 0.06525 0.629047 
vt 0.0989677 0.652114 
vt 0.0983633 0.667929 
vt 0.267512 0.03491 
vt 0.284848 0.056005 
vt 0.281549 0.061949 
vt 0.265469 0.042487 
vt 0.234705 0.234959 
vt 0.240176 0.234959 
vt 0.229321 0.234959 
vt 0.107528 0.724768 
vt 0.117247 0.724259 
vt 0.117247 0.750135 
vt 0.107047 0.750135 
vt 0.117247 0.683439 
vt 0.108328 0.692475 
vt 0.284102 0.134907 
vt 0.285479 0.13706 
vt 0.111778 0.432376 
vt 0.099426 0.432024 
vt 0.087924 0.430268 
vt 0.0768218 0.424435 
vt 0.06525 0.417882 
vt 0.05469 0.415481 
vt 0.041769 0.414773 
vt 0.265917 0.145406 
vt 0.265469 0.042487 
vt 0.289396 0.090258 
vt 0.290613 0.114119 
vt 0.281549 0.061949 
vt 0.284102 0.134907 
vt 0.06525 0.54589 
vt 0.0754028 0.58849 
vt 0.06525 0.504088 
vt 0.06525 0.504115 
vt 0.0327533 0.750135 
vt 0.0327533 0.716333 
vt 0.0327533 0.627117 
vt 0.0327533 0.58849 
vt 0.0327533 0.5377 
vt 0.0327533 0.498346 
vt 0.0327533 0.498345 
vt 0.0327533 0.46514 
vt 0.0327533 0.443334 
vt 0.0327533 0.416535 
vt 0.0327533 0.3911 
vt 0.0327533 0.375988 
vt 0.05469 0.686942 
vt 0.06525 0.68778 
vt 0.041769 0.684292 
vt 0.0327533 0.682966 
vt 0.224891 0.358577 
vt 0.225751 0.326173 
vt 0.224045 0.285546 
vt 0.222181 0.234959 
vt 0.0780457 0.631904 
vt 0.06525 0.659006 
vt 0.10986 0.457764 
vt 0.117247 0.461362 
vt 0.117247 0.477812 
vt 0.117247 0.488144 
vt 0.117247 0.500005 
vt 0.05469 0.658934 
vt 0.041769 0.657109 
vt 0.0327533 0.655328 
vt 0.09129 0.500005 
vt 0.02328 0.750135 
vt 0.02328 0.713918 
vt 0.02328 0.681055 
vt 0.02328 0.65231 
vt 0.023265 0.627117 
vt 0.023265 0.58849 
vt 0.023265 0.534585 
vt 0.023265 0.499688 
vt 0.023265 0.499652 
vt 0.023265 0.466778 
vt 0.023265 0.445443 
vt 0.023265 0.418617 
vt 0.023265 0.391226 
vt 0.023265 0.375988 
vt 0.214346 0.234959 
vt 0.209568 0.247629 
vt 0.212865 0.287857 
vt 0.218881 0.286487 
vt 0.220106 0.327545 
vt 0.213766 0.32917 
vt 0.217888 0.358577 
vt 0.210284 0.358577 
vt 0.117247 0.447533 
vt 0.117247 0.423015 
vt 0.117247 0.396541 
vt 0.117247 0.375988 
vt 0.210493 0.288708 
vt 0.207813 0.251647 
vt 0.209568 0.247629 
vt 0.212865 0.287857 
vt 0.213766 0.32917 
vt 0.211595 0.32776 
vt 0.208565 0.346232 
vt 0.200627 0.358577 
vt 0.199523 0.355121 
vt 0.193502 0.355228 
vt 0.193501 0.358577 
vt 0.193518 0.247629 
vt 0.201703 0.247629 
vt 0.200907 0.251647 
vt 0.193518 0.251647 
vt 0.339476 0.277037 
vt 0.339476 0.308744 
vt 0.292656 0.296779 
vt 0.315993 0.358493 
vt 0.306659 0.358493 
vt 0.292656 0.296779 
vt 0.339476 0.253467 
vt 0.339476 0.277037 
vt 0.292656 0.296779 
vt 0.339476 0.235061 
vt 0.339476 0.253467 
vt 0.292656 0.296779 
vt 0.317189 0.235061 
vt 0.339476 0.235061 
vt 0.292656 0.296779 
vt 0.306659 0.358493 
vt 0.292656 0.358493 
vt 0.292656 0.296779 
vt 0.292656 0.235061 
vt 0.299592 0.235061 
vt 0.292656 0.296779 
vt 0.299592 0.235061 
vt 0.308614 0.235061 
vt 0.292656 0.296779 
vt 0.323768 0.358493 
vt 0.315993 0.358493 
vt 0.292656 0.296779 
vt 0.339476 0.308744 
vt 0.339476 0.358493 
vt 0.292656 0.296779 
vt 0.308614 0.235061 
vt 0.317189 0.235061 
vt 0.292656 0.296779 
vt 0.339476 0.358493 
vt 0.323768 0.358493 
vt 0.292656 0.296779 
vt 0.0912983 0.500005 
vt 0.0961875 0.500005 
vt 0.098082 0.542008 
vt 0.103122 0.500005 
vt 0.117247 0.500005 
vt 0.098082 0.542008 
vt 0.117247 0.534565 
vt 0.117247 0.542298 
vt 0.098082 0.542008 
vt 0.117247 0.625172 
vt 0.109965 0.625172 
vt 0.098082 0.542008 
vt 0.101754 0.625172 
vt 0.0951458 0.625172 
vt 0.098082 0.542008 
vt 0.0876323 0.625172 
vt 0.0839857 0.58704 
vt 0.081144 0.5356 
vt 0.082677 0.510915 
vt 0.098082 0.542008 
vt 0.117247 0.500005 
vt 0.117247 0.534565 
vt 0.098082 0.542008 
vt 0.117247 0.542298 
vt 0.117247 0.625172 
vt 0.098082 0.542008 
vt 0.109965 0.625172 
vt 0.101754 0.625172 
vt 0.098082 0.542008 
vt 0.0839857 0.58704 
vt 0.081144 0.5356 
vt 0.098082 0.542008 
vt 0.0951458 0.625172 
vt 0.0961875 0.500005 
vt 0.103122 0.500005 
vt 0.098082 0.542008 
vt 0.082677 0.510915 
vt 0.0867593 0.500093 
vt 0.098082 0.542008 
vt 0.0867593 0.500093 
vt 0.0912983 0.500005 
vt 0.098082 0.542008 
vt 0.563118 0.597402 
vt 0.563118 0.613693 
vt 0.553029 0.613633 
vt 0.548947 0.597402 
vt 0.563118 0.629801 
vt 0.556097 0.629749 
vt 0.563118 0.644921 
vt 0.557644 0.644951 
vt 0.563118 0.65999 
vt 0.556497 0.659557 
vt 0.563118 0.675984 
vt 0.554743 0.675678 
vt 0.563118 0.692445 
vt 0.552532 0.692445 
vt 0.539092 0.664269 
vt 0.539092 0.624171 
vt 0.548219 0.627178 
vt 0.548219 0.661762 
vt 0.555001 0.634772 
vt 0.555001 0.654534 
vt 0.557689 0.644947 
vt 0.578252 0.597402 
vt 0.574051 0.613723 
vt 0.570865 0.629865 
vt 0.569213 0.645014 
vt 0.570251 0.659595 
vt 0.571948 0.675716 
vt 0.574132 0.692445 
vt 0.587789 0.624171 
vt 0.587789 0.664269 
vt 0.578661 0.661762 
vt 0.578661 0.627178 
vt 0.571879 0.634772 
vt 0.571879 0.654534 
vt 0.569192 0.644947 

usemtl Npc1Mtl

f 4204/4204/4204 4205/4205/4205 4206/4206/4206 
f 4206/4206/4206 4207/4207/4207 4204/4204/4204 
f 4208/4208/4208 4204/4204/4204 4209/4209/4209 
f 4209/4209/4209 4210/4210/4210 4208/4208/4208 
f 4211/4211/4211 4212/4212/4212 4213/4213/4213 
f 4213/4213/4213 4214/4214/4214 4211/4211/4211 
f 4215/4215/4215 4216/4216/4216 4217/4217/4217 
f 4217/4217/4217 4218/4218/4218 4215/4215/4215 
f 4219/4219/4219 4220/4220/4220 4221/4221/4221 
f 4221/4221/4221 4222/4222/4222 4219/4219/4219 
f 4223/4223/4223 4224/4224/4224 4225/4225/4225 
f 4225/4225/4225 4226/4226/4226 4223/4223/4223 
f 4227/4227/4227 4228/4228/4228 4225/4225/4225 
f 4225/4225/4225 4229/4229/4229 4227/4227/4227 
f 4230/4230/4230 4231/4231/4231 4232/4232/4232 
f 4232/4232/4232 4233/4233/4233 4230/4230/4230 
f 4234/4234/4234 4235/4235/4235 4236/4236/4236 
f 4236/4236/4236 4237/4237/4237 4234/4234/4234 
f 4238/4238/4238 4234/4234/4234 4237/4237/4237 
f 4237/4237/4237 4239/4239/4239 4238/4238/4238 
f 4240/4240/4240 4241/4241/4241 4236/4236/4236 
f 4236/4236/4236 4235/4235/4235 4240/4240/4240 
f 4242/4242/4242 4243/4243/4243 4244/4244/4244 
f 4244/4244/4244 4245/4245/4245 4242/4242/4242 
f 4246/4246/4246 4243/4243/4243 4242/4242/4242 
f 4242/4242/4242 4247/4247/4247 4246/4246/4246 
f 4209/4209/4209 4204/4204/4204 4216/4216/4216 
f 4216/4216/4216 4215/4215/4215 4209/4209/4209 
f 4214/4214/4214 4248/4248/4248 4249/4249/4249 
f 4249/4249/4249 4211/4211/4211 4214/4214/4214 
f 4250/4250/4250 4251/4251/4251 4252/4252/4252 
f 4252/4252/4252 4253/4253/4253 4250/4250/4250 
f 4252/4252/4252 4254/4254/4254 4255/4255/4255 
f 4255/4255/4255 4253/4253/4253 4252/4252/4252 
f 4256/4256/4256 4257/4257/4257 4207/4207/4207 
f 4207/4207/4207 4206/4206/4206 4256/4256/4256 
f 4258/4258/4258 4259/4259/4259 4260/4260/4260 
f 4260/4260/4260 4261/4261/4261 4258/4258/4258 
f 4262/4262/4262 4263/4263/4263 4264/4264/4264 
f 4264/4264/4264 4265/4265/4265 4262/4262/4262 
f 4266/4266/4266 4267/4267/4267 4220/4220/4220 
f 4220/4220/4220 4268/4268/4268 4266/4266/4266 
f 4221/4221/4221 4220/4220/4220 4267/4267/4267 
f 4267/4267/4267 4269/4269/4269 4221/4221/4221 
f 4270/4270/4270 4271/4271/4271 4272/4272/4272 
f 4272/4272/4272 4273/4273/4273 4270/4270/4270 
f 4274/4274/4274 4275/4275/4275 4249/4249/4249 
f 4249/4249/4249 4248/4248/4248 4274/4274/4274 
f 4276/4276/4276 4277/4277/4277 4278/4278/4278 
f 4278/4278/4278 4279/4279/4279 4276/4276/4276 
f 4228/4228/4228 4280/4280/4280 4226/4226/4226 
f 4226/4226/4226 4225/4225/4225 4228/4228/4228 
f 4217/4217/4217 4259/4259/4259 4258/4258/4258 
f 4258/4258/4258 4281/4281/4281 4217/4217/4217 
f 4216/4216/4216 4204/4204/4204 4207/4207/4207 
f 4207/4207/4207 4282/4282/4282 4216/4216/4216 
f 4283/4283/4283 4284/4284/4284 4213/4213/4213 
f 4213/4213/4213 4212/4212/4212 4283/4283/4283 
f 4285/4285/4285 4286/4286/4286 4287/4287/4287 
f 4287/4287/4287 4288/4288/4288 4285/4285/4285 
f 4289/4289/4289 4287/4287/4287 4286/4286/4286 
f 4286/4286/4286 4290/4290/4290 4289/4289/4289 
f 4225/4225/4225 4224/4224/4224 4291/4291/4291 
f 4291/4291/4291 4229/4229/4229 4225/4225/4225 
f 4219/4219/4219 4222/4222/4222 4292/4292/4292 
f 4292/4292/4292 4293/4293/4293 4219/4219/4219 
f 4294/4294/4294 4234/4234/4234 4238/4238/4238 
f 4238/4238/4238 4295/4295/4295 4294/4294/4294 
f 4219/4219/4219 4296/4296/4296 4268/4268/4268 
f 4268/4268/4268 4220/4220/4220 4219/4219/4219 
f 4296/4296/4296 4219/4219/4219 4293/4293/4293 
f 4293/4293/4293 4297/4297/4297 4296/4296/4296 
f 4276/4276/4276 4279/4279/4279 4262/4262/4262 
f 4262/4262/4262 4265/4265/4265 4276/4276/4276 
f 4298/4298/4298 4299/4299/4299 4300/4300/4300 
f 4300/4300/4300 4301/4301/4301 4298/4298/4298 
f 4302/4302/4302 4301/4301/4301 4300/4300/4300 
f 4300/4300/4300 4303/4303/4303 4302/4302/4302 
f 4283/4283/4283 4212/4212/4212 4304/4304/4304 
f 4304/4304/4304 4305/4305/4305 4283/4283/4283 
f 4304/4304/4304 4212/4212/4212 4211/4211/4211 
f 4211/4211/4211 4306/4306/4306 4304/4304/4304 
f 4306/4306/4306 4211/4211/4211 4249/4249/4249 
f 4249/4249/4249 4307/4307/4307 4306/4306/4306 
f 4307/4307/4307 4249/4249/4249 4275/4275/4275 
f 4275/4275/4275 4308/4308/4308 4307/4307/4307 
f 4309/4309/4309 4310/4310/4310 4272/4272/4272 
f 4272/4272/4272 4271/4271/4271 4309/4309/4309 
f 4264/4264/4264 4266/4266/4266 4268/4268/4268 
f 4268/4268/4268 4265/4265/4265 4264/4264/4264 
f 4276/4276/4276 4265/4265/4265 4268/4268/4268 
f 4268/4268/4268 4296/4296/4296 4276/4276/4276 
f 4296/4296/4296 4297/4297/4297 4277/4277/4277 
f 4277/4277/4277 4276/4276/4276 4296/4296/4296 
f 4302/4302/4302 4227/4227/4227 4229/4229/4229 
f 4229/4229/4229 4301/4301/4301 4302/4302/4302 
f 4301/4301/4301 4229/4229/4229 4291/4291/4291 
f 4291/4291/4291 4298/4298/4298 4301/4301/4301 
f 4234/4234/4234 4294/4294/4294 4311/4311/4311 
f 4311/4311/4311 4235/4235/4235 4234/4234/4234 
f 4312/4312/4312 4230/4230/4230 4286/4286/4286 
f 4286/4286/4286 4285/4285/4285 4312/4312/4312 
f 4290/4290/4290 4286/4286/4286 4230/4230/4230 
f 4230/4230/4230 4233/4233/4233 4290/4290/4290 
f 4240/4240/4240 4235/4235/4235 4311/4311/4311 
f 4311/4311/4311 4313/4313/4313 4240/4240/4240 
f 4242/4242/4242 4245/4245/4245 4314/4314/4314 
f 4314/4314/4314 4208/4208/4208 4242/4242/4242 
f 4242/4242/4242 4208/4208/4208 4210/4210/4210 
f 4210/4210/4210 4247/4247/4247 4242/4242/4242 
f 4275/4275/4275 4272/4272/4272 4310/4310/4310 
f 4310/4310/4310 4308/4308/4308 4275/4275/4275 
f 4274/4274/4274 4273/4273/4273 4272/4272/4272 
f 4272/4272/4272 4275/4275/4275 4274/4274/4274 
f 4250/4250/4250 4315/4315/4315 4316/4316/4316 
f 4316/4316/4316 4251/4251/4251 4250/4250/4250 
f 4237/4237/4237 4317/4317/4317 4318/4318/4318 
f 4318/4318/4318 4239/4239/4239 4237/4237/4237 
f 4319/4319/4319 4317/4317/4317 4237/4237/4237 
f 4237/4237/4237 4236/4236/4236 4319/4319/4319 
f 4320/4320/4320 4319/4319/4319 4236/4236/4236 
f 4236/4236/4236 4241/4241/4241 4320/4320/4320 
f 4321/4321/4321 4320/4320/4320 4244/4244/4244 
f 4244/4244/4244 4243/4243/4243 4321/4321/4321 
f 4246/4246/4246 4322/4322/4322 4321/4321/4321 
f 4321/4321/4321 4243/4243/4243 4246/4246/4246 
f 4309/4309/4309 4271/4271/4271 4323/4323/4323 
f 4323/4323/4323 4324/4324/4324 4309/4309/4309 
f 4323/4323/4323 4271/4271/4271 4270/4270/4270 
f 4270/4270/4270 4325/4325/4325 4323/4323/4323 
f 4326/4326/4326 4253/4253/4253 4255/4255/4255 
f 4255/4255/4255 4327/4327/4327 4326/4326/4326 
f 4250/4250/4250 4253/4253/4253 4326/4326/4326 
f 4326/4326/4326 4328/4328/4328 4250/4250/4250 
f 4329/4329/4329 4315/4315/4315 4250/4250/4250 
f 4250/4250/4250 4328/4328/4328 4329/4329/4329 
f 4312/4312/4312 4330/4330/4330 4231/4231/4231 
f 4231/4231/4231 4230/4230/4230 4312/4312/4312 
f 4331/4331/4331 4292/4292/4292 4222/4222/4222 
f 4222/4222/4222 4332/4332/4332 4331/4331/4331 
f 4280/4280/4280 4327/4327/4327 4255/4255/4255 
f 4255/4255/4255 4226/4226/4226 4280/4280/4280 
f 4254/4254/4254 4223/4223/4223 4226/4226/4226 
f 4226/4226/4226 4255/4255/4255 4254/4254/4254 
f 4217/4217/4217 4281/4281/4281 4333/4333/4333 
f 4333/4333/4333 4218/4218/4218 4217/4217/4217 
f 4281/4281/4281 4334/4334/4334 4335/4335/4335 
f 4335/4335/4335 4333/4333/4333 4281/4281/4281 
f 4334/4334/4334 4281/4281/4281 4258/4258/4258 
f 4258/4258/4258 4336/4336/4336 4334/4334/4334 
f 4258/4258/4258 4261/4261/4261 4337/4337/4337 
f 4337/4337/4337 4336/4336/4336 4258/4258/4258 
f 4338/4338/4338 4339/4339/4339 4331/4331/4331 
f 4331/4331/4331 4332/4332/4332 4338/4338/4338 
f 4340/4340/4340 4341/4341/4341 4339/4339/4339 
f 4339/4339/4339 4338/4338/4338 4340/4340/4340 
f 4342/4342/4342 4341/4341/4341 4340/4340/4340 
f 4340/4340/4340 4343/4343/4343 4342/4342/4342 
f 4294/4294/4294 4295/4295/4295 4330/4330/4330 
f 4330/4330/4330 4312/4312/4312 4294/4294/4294 
f 4285/4285/4285 4311/4311/4311 4294/4294/4294 
f 4294/4294/4294 4312/4312/4312 4285/4285/4285 
f 4288/4288/4288 4313/4313/4313 4311/4311/4311 
f 4311/4311/4311 4285/4285/4285 4288/4288/4288 
f 4314/4314/4314 4205/4205/4205 4204/4204/4204 
f 4204/4204/4204 4208/4208/4208 4314/4314/4314 
f 4257/4257/4257 4344/4344/4344 4282/4282/4282 
f 4282/4282/4282 4207/4207/4207 4257/4257/4257 
f 4259/4259/4259 4217/4217/4217 4216/4216/4216 
f 4216/4216/4216 4282/4282/4282 4259/4259/4259 
f 4260/4260/4260 4259/4259/4259 4282/4282/4282 
f 4282/4282/4282 4344/4344/4344 4260/4260/4260 
f 4345/4345/4345 4346/4346/4346 4316/4316/4316 
f 4316/4316/4316 4315/4315/4315 4345/4345/4345 
f 4329/4329/4329 4347/4347/4347 4345/4345/4345 
f 4345/4345/4345 4315/4315/4315 4329/4329/4329 
f 4343/4343/4343 4348/4348/4348 4349/4349/4349 
f 4349/4349/4349 4342/4342/4342 4343/4343/4343 
f 4318/4318/4318 4317/4317/4317 4350/4350/4350 
f 4350/4350/4350 4351/4351/4351 4318/4318/4318 
f 4319/4319/4319 4352/4352/4352 4350/4350/4350 
f 4350/4350/4350 4317/4317/4317 4319/4319/4319 
f 4353/4353/4353 4352/4352/4352 4319/4319/4319 
f 4319/4319/4319 4320/4320/4320 4353/4353/4353 
f 4320/4320/4320 4321/4321/4321 4354/4354/4354 
f 4354/4354/4354 4355/4355/4355 4320/4320/4320 
f 4354/4354/4354 4321/4321/4321 4322/4322/4322 
f 4322/4322/4322 4356/4356/4356 4354/4354/4354 
f 4324/4324/4324 4323/4323/4323 4357/4357/4357 
f 4357/4357/4357 4358/4358/4358 4324/4324/4324 
f 4357/4357/4357 4323/4323/4323 4325/4325/4325 
f 4325/4325/4325 4359/4359/4359 4357/4357/4357 
f 4360/4360/4360 4361/4361/4361 4305/4305/4305 
f 4361/4361/4361 4362/4362/4362 4283/4283/4283 
f 4283/4283/4283 4305/4305/4305 4361/4361/4361 
f 4363/4363/4363 4284/4284/4284 4283/4283/4283 
f 4283/4283/4283 4362/4362/4362 4363/4363/4363 
f 4356/4356/4356 4322/4322/4322 4324/4324/4324 
f 4324/4324/4324 4358/4358/4358 4356/4356/4356 
f 4324/4324/4324 4322/4322/4322 4246/4246/4246 
f 4246/4246/4246 4309/4309/4309 4324/4324/4324 
f 4246/4246/4246 4247/4247/4247 4310/4310/4310 
f 4310/4310/4310 4309/4309/4309 4246/4246/4246 
f 4210/4210/4210 4308/4308/4308 4310/4310/4310 
f 4310/4310/4310 4247/4247/4247 4210/4210/4210 
f 4209/4209/4209 4307/4307/4307 4308/4308/4308 
f 4308/4308/4308 4210/4210/4210 4209/4209/4209 
f 4215/4215/4215 4306/4306/4306 4307/4307/4307 
f 4307/4307/4307 4209/4209/4209 4215/4215/4215 
f 4218/4218/4218 4304/4304/4304 4306/4306/4306 
f 4306/4306/4306 4215/4215/4215 4218/4218/4218 
f 4333/4333/4333 4305/4305/4305 4304/4304/4304 
f 4304/4304/4304 4218/4218/4218 4333/4333/4333 
f 4335/4335/4335 4360/4360/4360 4305/4305/4305 
f 4305/4305/4305 4333/4333/4333 4335/4335/4335 
f 4302/4302/4302 4303/4303/4303 4278/4278/4278 
f 4278/4278/4278 4277/4277/4277 4302/4302/4302 
f 4227/4227/4227 4302/4302/4302 4277/4277/4277 
f 4277/4277/4277 4297/4297/4297 4227/4227/4227 
f 4293/4293/4293 4228/4228/4228 4227/4227/4227 
f 4227/4227/4227 4297/4297/4297 4293/4293/4293 
f 4293/4293/4293 4292/4292/4292 4280/4280/4280 
f 4280/4280/4280 4228/4228/4228 4293/4293/4293 
f 4327/4327/4327 4280/4280/4280 4292/4292/4292 
f 4292/4292/4292 4331/4331/4331 4327/4327/4327 
f 4327/4327/4327 4331/4331/4331 4339/4339/4339 
f 4339/4339/4339 4326/4326/4326 4327/4327/4327 
f 4341/4341/4341 4328/4328/4328 4326/4326/4326 
f 4326/4326/4326 4339/4339/4339 4341/4341/4341 
f 4342/4342/4342 4329/4329/4329 4328/4328/4328 
f 4328/4328/4328 4341/4341/4341 4342/4342/4342 
f 4329/4329/4329 4342/4342/4342 4349/4349/4349 
f 4349/4349/4349 4347/4347/4347 4329/4329/4329 
f 4364/4364/4364 4365/4365/4365 4366/4366/4366 
f 4367/4367/4367 4368/4368/4368 4369/4369/4369 
f 4370/4370/4370 4371/4371/4371 4372/4372/4372 
f 4373/4373/4373 4374/4374/4374 4375/4375/4375 
f 4376/4376/4376 4377/4377/4377 4378/4378/4378 
f 4379/4379/4379 4365/4365/4365 4380/4380/4380 
f 4381/4381/4381 4382/4382/4382 4383/4383/4383 
f 4384/4384/4384 4385/4385/4385 4386/4386/4386 
f 4387/4387/4387 4388/4388/4388 4389/4389/4389 
f 4390/4390/4390 4391/4391/4391 4392/4392/4392 
f 4393/4393/4393 4394/4394/4394 4395/4395/4395 
f 4396/4396/4396 4365/4365/4365 4379/4379/4379 
f 4397/4397/4397 4398/4398/4398 4399/4399/4399 
f 4400/4400/4400 4401/4401/4401 4402/4402/4402 
f 4403/4403/4403 4404/4404/4404 4405/4405/4405 
f 4406/4406/4406 4407/4407/4407 4408/4408/4408 
f 4408/4408/4408 4409/4409/4409 4406/4406/4406 
f 4410/4410/4410 4411/4411/4411 4412/4412/4412 
f 4412/4412/4412 4413/4413/4413 4410/4410/4410 
f 4414/4414/4414 4415/4415/4415 4416/4416/4416 
f 4416/4416/4416 4417/4417/4417 4414/4414/4414 
f 4418/4418/4418 4419/4419/4419 4420/4420/4420 
f 4420/4420/4420 4421/4421/4421 4418/4418/4418 
f 4410/4410/4410 4413/4413/4413 4422/4422/4422 
f 4422/4422/4422 4423/4423/4423 4410/4410/4410 
f 4424/4424/4424 4425/4425/4425 4422/4422/4422 
f 4422/4422/4422 4413/4413/4413 4424/4424/4424 
f 4413/4413/4413 4412/4412/4412 4426/4426/4426 
f 4426/4426/4426 4424/4424/4424 4413/4413/4413 
f 4427/4427/4427 4428/4428/4428 4429/4429/4429 
f 4429/4429/4429 4430/4430/4430 4427/4427/4427 
f 4431/4431/4431 4432/4432/4432 4410/4410/4410 
f 4410/4410/4410 4423/4423/4423 4431/4431/4431 
f 4432/4432/4432 4433/4433/4433 4411/4411/4411 
f 4411/4411/4411 4410/4410/4410 4432/4432/4432 
f 4427/4427/4427 4419/4419/4419 4418/4418/4418 
f 4418/4418/4418 4428/4428/4428 4427/4427/4427 
f 4409/4409/4409 4408/4408/4408 4434/4434/4434 
f 4434/4434/4434 4435/4435/4435 4409/4409/4409 
f 4434/4434/4434 4421/4421/4421 4420/4420/4420 
f 4420/4420/4420 4435/4435/4435 4434/4434/4434 
f 4436/4436/4436 4437/4437/4437 4438/4438/4438 
f 4437/4437/4437 4439/4439/4439 4440/4440/4440 
f 4441/4441/4441 4437/4437/4437 4442/4442/4442 
f 4439/4439/4439 4437/4437/4437 4443/4443/4443 
f 4443/4443/4443 4437/4437/4437 4441/4441/4441 
f 4444/4444/4444 4437/4437/4437 4436/4436/4436 
f 4442/4442/4442 4437/4437/4437 4444/4444/4444 
f 4426/4426/4426 4412/4412/4412 4445/4445/4445 
f 4445/4445/4445 4446/4446/4446 4426/4426/4426 
f 4447/4447/4447 4445/4445/4445 4412/4412/4412 
f 4412/4412/4412 4411/4411/4411 4447/4447/4447 
f 4448/4448/4448 4447/4447/4447 4411/4411/4411 
f 4411/4411/4411 4433/4433/4433 4448/4448/4448 
f 4449/4449/4449 4450/4450/4450 4416/4416/4416 
f 4416/4416/4416 4415/4415/4415 4449/4449/4449 
f 4451/4451/4451 4450/4450/4450 4449/4449/4449 
f 4449/4449/4449 4452/4452/4452 4451/4451/4451 
f 4452/4452/4452 4453/4453/4453 4454/4454/4454 
f 4454/4454/4454 4451/4451/4451 4452/4452/4452 
f 4453/4453/4453 4455/4455/4455 4456/4456/4456 
f 4456/4456/4456 4454/4454/4454 4453/4453/4453 
f 4429/4429/4429 4457/4457/4457 4458/4458/4458 
f 4458/4458/4458 4430/4430/4430 4429/4429/4429 
f 4459/4459/4459 4460/4460/4460 4461/4461/4461 
f 4461/4461/4461 4462/4462/4462 4459/4459/4459 
f 4460/4460/4460 4459/4459/4459 4463/4463/4463 
f 4463/4463/4463 4464/4464/4464 4460/4460/4460 
f 4465/4465/4465 4466/4466/4466 4464/4464/4464 
f 4464/4464/4464 4463/4463/4463 4465/4465/4465 
f 4466/4466/4466 4465/4465/4465 4467/4467/4467 
f 4467/4467/4467 4468/4468/4468 4466/4466/4466 
f 4469/4469/4469 4470/4470/4470 4468/4468/4468 
f 4468/4468/4468 4467/4467/4467 4469/4469/4469 
f 4471/4471/4471 4472/4472/4472 4473/4473/4473 
f 4473/4473/4473 4474/4474/4474 4471/4471/4471 
f 4461/4461/4461 4474/4474/4474 4473/4473/4473 
f 4473/4473/4473 4462/4462/4462 4461/4461/4461 
f 4454/4454/4454 4456/4456/4456 4446/4446/4446 
f 4446/4446/4446 4445/4445/4445 4454/4454/4454 
f 4454/4454/4454 4445/4445/4445 4447/4447/4447 
f 4447/4447/4447 4451/4451/4451 4454/4454/4454 
f 4450/4450/4450 4451/4451/4451 4447/4447/4447 
f 4447/4447/4447 4448/4448/4448 4450/4450/4450 
f 4475/4475/4475 4476/4476/4476 4477/4477/4477 
f 4478/4478/4478 4479/4479/4479 4480/4480/4480 
f 4481/4481/4481 4482/4482/4482 4483/4483/4483 
f 4484/4484/4484 4485/4485/4485 4486/4486/4486 
f 4487/4487/4487 4488/4488/4488 4489/4489/4489 
f 4490/4490/4490 4491/4491/4491 4492/4492/4492 
f 4493/4493/4493 4494/4494/4494 4495/4495/4495 
f 4496/4496/4496 4497/4497/4497 4498/4498/4498 
f 4499/4499/4499 4500/4500/4500 4501/4501/4501 
f 4502/4502/4502 4503/4503/4503 4504/4504/4504 
f 4505/4505/4505 4506/4506/4506 4507/4507/4507 
f 4508/4508/4508 4509/4509/4509 4510/4510/4510 
f 4511/4511/4511 4512/4512/4512 4513/4513/4513 
f 4513/4513/4513 4514/4514/4514 4511/4511/4511 
f 4515/4515/4515 4516/4516/4516 4517/4517/4517 
f 4517/4517/4517 4511/4511/4511 4515/4515/4515 
f 4518/4518/4518 4519/4519/4519 4520/4520/4520 
f 4520/4520/4520 4521/4521/4521 4518/4518/4518 
f 4522/4522/4522 4523/4523/4523 4524/4524/4524 
f 4524/4524/4524 4525/4525/4525 4522/4522/4522 
f 4526/4526/4526 4527/4527/4527 4528/4528/4528 
f 4528/4528/4528 4529/4529/4529 4526/4526/4526 
f 4530/4530/4530 4531/4531/4531 4532/4532/4532 
f 4532/4532/4532 4533/4533/4533 4530/4530/4530 
f 4406/4406/4406 4534/4534/4534 4535/4535/4535 
f 4535/4535/4535 4407/4407/4407 4406/4406/4406 
f 4536/4536/4536 4537/4537/4537 4538/4538/4538 
f 4538/4538/4538 4530/4530/4530 4536/4536/4536 
f 4539/4539/4539 4527/4527/4527 4540/4540/4540 
f 4540/4540/4540 4541/4541/4541 4539/4539/4539 
f 4542/4542/4542 4543/4543/4543 4544/4544/4544 
f 4544/4544/4544 4545/4545/4545 4542/4542/4542 
f 4546/4546/4546 4547/4547/4547 4548/4548/4548 
f 4548/4548/4548 4549/4549/4549 4546/4546/4546 
f 4550/4550/4550 4551/4551/4551 4552/4552/4552 
f 4552/4552/4552 4553/4553/4553 4550/4550/4550 
f 4551/4551/4551 4550/4550/4550 4554/4554/4554 
f 4554/4554/4554 4555/4555/4555 4551/4551/4551 
f 4556/4556/4556 4557/4557/4557 4553/4553/4553 
f 4553/4553/4553 4552/4552/4552 4556/4556/4556 
f 4558/4558/4558 4559/4559/4559 4560/4560/4560 
f 4560/4560/4560 4561/4561/4561 4558/4558/4558 
f 4562/4562/4562 4559/4559/4559 4558/4558/4558 
f 4558/4558/4558 4563/4563/4563 4562/4562/4562 
f 4511/4511/4511 4517/4517/4517 4525/4525/4525 
f 4525/4525/4525 4524/4524/4524 4511/4511/4511 
f 4564/4564/4564 4565/4565/4565 4566/4566/4566 
f 4566/4566/4566 4567/4567/4567 4564/4564/4564 
f 4568/4568/4568 4569/4569/4569 4519/4519/4519 
f 4519/4519/4519 4518/4518/4518 4568/4568/4568 
f 4570/4570/4570 4571/4571/4571 4572/4572/4572 
f 4572/4572/4572 4573/4573/4573 4570/4570/4570 
f 4572/4572/4572 4571/4571/4571 4574/4574/4574 
f 4574/4574/4574 4575/4575/4575 4572/4572/4572 
f 4576/4576/4576 4513/4513/4513 4512/4512/4512 
f 4512/4512/4512 4577/4577/4577 4576/4576/4576 
f 4578/4578/4578 4579/4579/4579 4580/4580/4580 
f 4580/4580/4580 4581/4581/4581 4578/4578/4578 
f 4582/4582/4582 4583/4583/4583 4544/4544/4544 
f 4544/4544/4544 4543/4543/4543 4582/4582/4582 
f 4584/4584/4584 4585/4585/4585 4586/4586/4586 
f 4586/4586/4586 4587/4587/4587 4584/4584/4584 
f 4528/4528/4528 4588/4588/4588 4589/4589/4589 
f 4589/4589/4589 4590/4590/4590 4528/4528/4528 
f 4527/4527/4527 4591/4591/4591 4588/4588/4588 
f 4588/4588/4588 4528/4528/4528 4527/4527/4527 
f 4592/4592/4592 4593/4593/4593 4594/4594/4594 
f 4594/4594/4594 4595/4595/4595 4592/4592/4592 
f 4568/4568/4568 4596/4596/4596 4597/4597/4597 
f 4597/4597/4597 4569/4569/4569 4568/4568/4568 
f 4598/4598/4598 4599/4599/4599 4600/4600/4600 
f 4600/4600/4600 4601/4601/4601 4598/4598/4598 
f 4533/4533/4533 4602/4602/4602 4536/4536/4536 
f 4536/4536/4536 4530/4530/4530 4533/4533/4533 
f 4578/4578/4578 4581/4581/4581 4523/4523/4523 
f 4523/4523/4523 4603/4603/4603 4578/4578/4578 
f 4604/4604/4604 4512/4512/4512 4511/4511/4511 
f 4511/4511/4511 4524/4524/4524 4604/4604/4604 
f 4521/4521/4521 4520/4520/4520 4605/4605/4605 
f 4605/4605/4605 4606/4606/4606 4521/4521/4521 
f 4607/4607/4607 4608/4608/4608 4609/4609/4609 
f 4609/4609/4609 4610/4610/4610 4607/4607/4607 
f 4611/4611/4611 4612/4612/4612 4607/4607/4607 
f 4607/4607/4607 4610/4610/4610 4611/4611/4611 
f 4583/4583/4583 4613/4613/4613 4614/4614/4614 
f 4614/4614/4614 4544/4544/4544 4583/4583/4583 
f 4615/4615/4615 4545/4545/4545 4544/4544/4544 
f 4544/4544/4544 4614/4614/4614 4615/4615/4615 
f 4616/4616/4616 4531/4531/4531 4530/4530/4530 
f 4530/4530/4530 4538/4538/4538 4616/4616/4616 
f 4617/4617/4617 4526/4526/4526 4529/4529/4529 
f 4529/4529/4529 4618/4618/4618 4617/4617/4617 
f 4619/4619/4619 4620/4620/4620 4554/4554/4554 
f 4554/4554/4554 4550/4550/4550 4619/4619/4619 
f 4590/4590/4590 4621/4621/4621 4529/4529/4529 
f 4529/4529/4529 4528/4528/4528 4590/4590/4590 
f 4618/4618/4618 4529/4529/4529 4621/4621/4621 
f 4621/4621/4621 4622/4622/4622 4618/4618/4618 
f 4601/4601/4601 4585/4585/4585 4584/4584/4584 
f 4584/4584/4584 4598/4598/4598 4601/4601/4601 
f 4623/4623/4623 4624/4624/4624 4625/4625/4625 
f 4625/4625/4625 4626/4626/4626 4623/4623/4623 
f 4627/4627/4627 4628/4628/4628 4582/4582/4582 
f 4582/4582/4582 4543/4543/4543 4627/4627/4627 
f 4627/4627/4627 4543/4543/4543 4542/4542/4542 
f 4542/4542/4542 4629/4629/4629 4627/4627/4627 
f 4624/4624/4624 4566/4566/4566 4565/4565/4565 
f 4565/4565/4565 4625/4625/4625 4624/4624/4624 
f 4630/4630/4630 4631/4631/4631 4632/4632/4632 
f 4632/4632/4632 4633/4633/4633 4630/4630/4630 
f 4634/4634/4634 4631/4631/4631 4630/4630/4630 
f 4630/4630/4630 4635/4635/4635 4634/4634/4634 
f 4534/4534/4534 4636/4636/4636 4637/4637/4637 
f 4637/4637/4637 4535/4535/4535 4534/4534/4534 
f 4638/4638/4638 4639/4639/4639 4521/4521/4521 
f 4521/4521/4521 4606/4606/4606 4638/4638/4638 
f 4521/4521/4521 4639/4639/4639 4640/4640/4640 
f 4640/4640/4640 4518/4518/4518 4521/4521/4521 
f 4641/4641/4641 4568/4568/4568 4518/4518/4518 
f 4518/4518/4518 4640/4640/4640 4641/4641/4641 
f 4596/4596/4596 4568/4568/4568 4641/4641/4641 
f 4641/4641/4641 4642/4642/4642 4596/4596/4596 
f 4592/4592/4592 4643/4643/4643 4644/4644/4644 
f 4644/4644/4644 4593/4593/4593 4592/4592/4592 
f 4585/4585/4585 4590/4590/4590 4589/4589/4589 
f 4589/4589/4589 4586/4586/4586 4585/4585/4585 
f 4621/4621/4621 4590/4590/4590 4585/4585/4585 
f 4585/4585/4585 4601/4601/4601 4621/4621/4621 
f 4601/4601/4601 4600/4600/4600 4622/4622/4622 
f 4622/4622/4622 4621/4621/4621 4601/4601/4601 
f 4537/4537/4537 4635/4635/4635 4630/4630/4630 
f 4630/4630/4630 4538/4538/4538 4537/4537/4537 
f 4630/4630/4630 4633/4633/4633 4616/4616/4616 
f 4616/4616/4616 4538/4538/4538 4630/4630/4630 
f 4637/4637/4637 4636/4636/4636 4564/4564/4564 
f 4564/4564/4564 4567/4567/4567 4637/4637/4637 
f 4645/4645/4645 4438/4438/4438 4437/4437/4437 
f 4437/4437/4437 4440/4440/4440 4646/4646/4646 
f 4647/4647/4647 4648/4648/4648 4437/4437/4437 
f 4646/4646/4646 4649/4649/4649 4437/4437/4437 
f 4649/4649/4649 4647/4647/4647 4437/4437/4437 
f 4650/4650/4650 4645/4645/4645 4437/4437/4437 
f 4648/4648/4648 4650/4650/4650 4437/4437/4437 
f 4619/4619/4619 4550/4550/4550 4553/4553/4553 
f 4553/4553/4553 4651/4651/4651 4619/4619/4619 
f 4608/4608/4608 4607/4607/4607 4540/4540/4540 
f 4540/4540/4540 4652/4652/4652 4608/4608/4608 
f 4612/4612/4612 4541/4541/4541 4540/4540/4540 
f 4540/4540/4540 4607/4607/4607 4612/4612/4612 
f 4557/4557/4557 4653/4653/4653 4651/4651/4651 
f 4651/4651/4651 4553/4553/4553 4557/4557/4557 
f 4654/4654/4654 4560/4560/4560 4559/4559/4559 
f 4559/4559/4559 4515/4515/4515 4654/4654/4654 
f 4515/4515/4515 4559/4559/4559 4562/4562/4562 
f 4562/4562/4562 4516/4516/4516 4515/4515/4515 
f 4642/4642/4642 4643/4643/4643 4592/4592/4592 
f 4592/4592/4592 4596/4596/4596 4642/4642/4642 
f 4596/4596/4596 4592/4592/4592 4595/4595/4595 
f 4595/4595/4595 4597/4597/4597 4596/4596/4596 
f 4655/4655/4655 4656/4656/4656 4570/4570/4570 
f 4570/4570/4570 4573/4573/4573 4655/4655/4655 
f 4657/4657/4657 4658/4658/4658 4551/4551/4551 
f 4551/4551/4551 4555/4555/4555 4657/4657/4657 
f 4552/4552/4552 4551/4551/4551 4658/4658/4658 
f 4658/4658/4658 4659/4659/4659 4552/4552/4552 
f 4556/4556/4556 4552/4552/4552 4659/4659/4659 
f 4659/4659/4659 4660/4660/4660 4556/4556/4556 
f 4558/4558/4558 4561/4561/4561 4661/4661/4661 
f 4661/4661/4661 4662/4662/4662 4558/4558/4558 
f 4563/4563/4563 4558/4558/4558 4662/4662/4662 
f 4662/4662/4662 4663/4663/4663 4563/4563/4563 
f 4664/4664/4664 4665/4665/4665 4593/4593/4593 
f 4593/4593/4593 4644/4644/4644 4664/4664/4664 
f 4666/4666/4666 4594/4594/4594 4593/4593/4593 
f 4593/4593/4593 4665/4665/4665 4666/4666/4666 
f 4571/4571/4571 4667/4667/4667 4668/4668/4668 
f 4668/4668/4668 4574/4574/4574 4571/4571/4571 
f 4570/4570/4570 4669/4669/4669 4667/4667/4667 
f 4667/4667/4667 4571/4571/4571 4570/4570/4570 
f 4570/4570/4570 4656/4656/4656 4670/4670/4670 
f 4670/4670/4670 4669/4669/4669 4570/4570/4570 
f 4615/4615/4615 4671/4671/4671 4672/4672/4672 
f 4672/4672/4672 4545/4545/4545 4615/4615/4615 
f 4542/4542/4542 4545/4545/4545 4672/4672/4672 
f 4672/4672/4672 4673/4673/4673 4542/4542/4542 
f 4629/4629/4629 4542/4542/4542 4673/4673/4673 
f 4673/4673/4673 4674/4674/4674 4629/4629/4629 
f 4652/4652/4652 4540/4540/4540 4527/4527/4527 
f 4527/4527/4527 4675/4675/4675 4652/4652/4652 
f 4617/4617/4617 4676/4676/4676 4620/4620/4620 
f 4620/4620/4620 4526/4526/4526 4617/4617/4617 
f 4602/4602/4602 4533/4533/4533 4574/4574/4574 
f 4574/4574/4574 4668/4668/4668 4602/4602/4602 
f 4575/4575/4575 4574/4574/4574 4533/4533/4533 
f 4533/4533/4533 4532/4532/4532 4575/4575/4575 
f 4677/4677/4677 4603/4603/4603 4523/4523/4523 
f 4523/4523/4523 4522/4522/4522 4677/4677/4677 
f 4603/4603/4603 4677/4677/4677 4678/4678/4678 
f 4678/4678/4678 4679/4679/4679 4603/4603/4603 
f 4679/4679/4679 4680/4680/4680 4578/4578/4578 
f 4578/4578/4578 4603/4603/4603 4679/4679/4679 
f 4579/4579/4579 4578/4578/4578 4680/4680/4680 
f 4680/4680/4680 4681/4681/4681 4579/4579/4579 
f 4682/4682/4682 4554/4554/4554 4620/4620/4620 
f 4620/4620/4620 4676/4676/4676 4682/4682/4682 
f 4554/4554/4554 4682/4682/4682 4683/4683/4683 
f 4683/4683/4683 4555/4555/4555 4554/4554/4554 
f 4657/4657/4657 4555/4555/4555 4683/4683/4683 
f 4683/4683/4683 4684/4684/4684 4657/4657/4657 
f 4652/4652/4652 4675/4675/4675 4620/4620/4620 
f 4620/4620/4620 4619/4619/4619 4652/4652/4652 
f 4619/4619/4619 4651/4651/4651 4608/4608/4608 
f 4608/4608/4608 4652/4652/4652 4619/4619/4619 
f 4608/4608/4608 4651/4651/4651 4653/4653/4653 
f 4653/4653/4653 4609/4609/4609 4608/4608/4608 
f 4515/4515/4515 4511/4511/4511 4514/4514/4514 
f 4514/4514/4514 4654/4654/4654 4515/4515/4515 
f 4577/4577/4577 4512/4512/4512 4604/4604/4604 
f 4604/4604/4604 4685/4685/4685 4577/4577/4577 
f 4523/4523/4523 4581/4581/4581 4604/4604/4604 
f 4604/4604/4604 4524/4524/4524 4523/4523/4523 
f 4581/4581/4581 4580/4580/4580 4685/4685/4685 
f 4685/4685/4685 4604/4604/4604 4581/4581/4581 
f 4656/4656/4656 4655/4655/4655 4686/4686/4686 
f 4686/4686/4686 4687/4687/4687 4656/4656/4656 
f 4688/4688/4688 4670/4670/4670 4656/4656/4656 
f 4656/4656/4656 4687/4687/4687 4688/4688/4688 
f 4689/4689/4689 4690/4690/4690 4657/4657/4657 
f 4657/4657/4657 4684/4684/4684 4689/4689/4689 
f 4658/4658/4658 4657/4657/4657 4690/4690/4690 
f 4690/4690/4690 4691/4691/4691 4658/4658/4658 
f 4691/4691/4691 4692/4692/4692 4659/4659/4659 
f 4659/4659/4659 4658/4658/4658 4691/4691/4691 
f 4660/4660/4660 4659/4659/4659 4692/4692/4692 
f 4692/4692/4692 4693/4693/4693 4660/4660/4660 
f 4694/4694/4694 4695/4695/4695 4662/4662/4662 
f 4662/4662/4662 4661/4661/4661 4694/4694/4694 
f 4663/4663/4663 4662/4662/4662 4695/4695/4695 
f 4695/4695/4695 4696/4696/4696 4663/4663/4663 
f 4664/4664/4664 4697/4697/4697 4698/4698/4698 
f 4698/4698/4698 4665/4665/4665 4664/4664/4664 
f 4698/4698/4698 4699/4699/4699 4666/4666/4666 
f 4666/4666/4666 4665/4665/4665 4698/4698/4698 
f 4548/4548/4548 4547/4547/4547 4700/4700/4700 
f 4700/4700/4700 4701/4701/4701 4548/4548/4548 
f 4702/4702/4702 4701/4701/4701 4700/4700/4700 
f 4700/4700/4700 4703/4703/4703 4702/4702/4702 
f 4704/4704/4704 4705/4705/4705 4702/4702/4702 
f 4702/4702/4702 4703/4703/4703 4704/4704/4704 
f 4705/4705/4705 4704/4704/4704 4706/4706/4706 
f 4706/4706/4706 4707/4707/4707 4705/4705/4705 
f 4708/4708/4708 4638/4638/4638 4709/4709/4709 
f 4709/4709/4709 4638/4638/4638 4606/4606/4606 
f 4606/4606/4606 4710/4710/4710 4709/4709/4709 
f 4605/4605/4605 4711/4711/4711 4710/4710/4710 
f 4710/4710/4710 4606/4606/4606 4605/4605/4605 
f 4457/4457/4457 4623/4623/4623 4626/4626/4626 
f 4626/4626/4626 4458/4458/4458 4457/4457/4457 
f 4712/4712/4712 4713/4713/4713 4714/4714/4714 
f 4714/4714/4714 4715/4715/4715 4712/4712/4712 
f 4712/4712/4712 4715/4715/4715 4716/4716/4716 
f 4716/4716/4716 4717/4717/4717 4712/4712/4712 
f 4718/4718/4718 4717/4717/4717 4716/4716/4716 
f 4716/4716/4716 4707/4707/4707 4718/4718/4718 
f 4718/4718/4718 4707/4707/4707 4719/4719/4719 
f 4719/4719/4719 4720/4720/4720 4718/4718/4718 
f 4721/4721/4721 4720/4720/4720 4719/4719/4719 
f 4719/4719/4719 4722/4722/4722 4721/4721/4721 
f 4723/4723/4723 4724/4724/4724 4725/4725/4725 
f 4725/4725/4725 4726/4726/4726 4723/4723/4723 
f 4713/4713/4713 4725/4725/4725 4724/4724/4724 
f 4724/4724/4724 4714/4714/4714 4713/4713/4713 
f 4696/4696/4696 4697/4697/4697 4664/4664/4664 
f 4664/4664/4664 4663/4663/4663 4696/4696/4696 
f 4563/4563/4563 4663/4663/4663 4664/4664/4664 
f 4664/4664/4664 4644/4644/4644 4563/4563/4563 
f 4644/4644/4644 4643/4643/4643 4562/4562/4562 
f 4562/4562/4562 4563/4563/4563 4644/4644/4644 
f 4642/4642/4642 4516/4516/4516 4562/4562/4562 
f 4562/4562/4562 4643/4643/4643 4642/4642/4642 
f 4642/4642/4642 4641/4641/4641 4517/4517/4517 
f 4517/4517/4517 4516/4516/4516 4642/4642/4642 
f 4517/4517/4517 4641/4641/4641 4640/4640/4640 
f 4640/4640/4640 4525/4525/4525 4517/4517/4517 
f 4525/4525/4525 4640/4640/4640 4639/4639/4639 
f 4639/4639/4639 4522/4522/4522 4525/4525/4525 
f 4639/4639/4639 4638/4638/4638 4677/4677/4677 
f 4677/4677/4677 4522/4522/4522 4639/4639/4639 
f 4708/4708/4708 4678/4678/4678 4677/4677/4677 
f 4677/4677/4677 4638/4638/4638 4708/4708/4708 
f 4706/4706/4706 4704/4704/4704 4672/4672/4672 
f 4672/4672/4672 4671/4671/4671 4706/4706/4706 
f 4672/4672/4672 4704/4704/4704 4703/4703/4703 
f 4703/4703/4703 4673/4673/4673 4672/4672/4672 
f 4673/4673/4673 4703/4703/4703 4700/4700/4700 
f 4700/4700/4700 4674/4674/4674 4673/4673/4673 
f 4599/4599/4599 4634/4634/4634 4635/4635/4635 
f 4635/4635/4635 4600/4600/4600 4599/4599/4599 
f 4600/4600/4600 4635/4635/4635 4537/4537/4537 
f 4537/4537/4537 4622/4622/4622 4600/4600/4600 
f 4622/4622/4622 4537/4537/4537 4536/4536/4536 
f 4536/4536/4536 4618/4618/4618 4622/4622/4622 
f 4536/4536/4536 4602/4602/4602 4617/4617/4617 
f 4617/4617/4617 4618/4618/4618 4536/4536/4536 
f 4617/4617/4617 4602/4602/4602 4668/4668/4668 
f 4668/4668/4668 4676/4676/4676 4617/4617/4617 
f 4667/4667/4667 4682/4682/4682 4676/4676/4676 
f 4676/4676/4676 4668/4668/4668 4667/4667/4667 
f 4682/4682/4682 4667/4667/4667 4669/4669/4669 
f 4669/4669/4669 4683/4683/4683 4682/4682/4682 
f 4684/4684/4684 4683/4683/4683 4669/4669/4669 
f 4669/4669/4669 4670/4670/4670 4684/4684/4684 
f 4670/4670/4670 4688/4688/4688 4689/4689/4689 
f 4689/4689/4689 4684/4684/4684 4670/4670/4670 
f 4727/4727/4727 4728/4728/4728 4729/4729/4729 
f 4730/4730/4730 4731/4731/4731 4732/4732/4732 
f 4733/4733/4733 4734/4734/4734 4735/4735/4735 
f 4736/4736/4736 4737/4737/4737 4738/4738/4738 
f 4739/4739/4739 4740/4740/4740 4741/4741/4741 
f 4742/4742/4742 4743/4743/4743 4744/4744/4744 
f 4745/4745/4745 4746/4746/4746 4747/4747/4747 
f 4748/4748/4748 4749/4749/4749 4750/4750/4750 
f 4751/4751/4751 4752/4752/4752 4753/4753/4753 
f 4754/4754/4754 4755/4755/4755 4756/4756/4756 
f 4757/4757/4757 4758/4758/4758 4759/4759/4759 
f 4760/4760/4760 4761/4761/4761 4762/4762/4762 
f 4763/4763/4763 4764/4764/4764 4765/4765/4765 
f 4766/4766/4766 4767/4767/4767 4768/4768/4768 
f 4769/4769/4769 4770/4770/4770 4771/4771/4771 
f 4772/4772/4772 4773/4773/4773 4774/4774/4774 
f 4775/4775/4775 4776/4776/4776 4777/4777/4777 
f 4778/4778/4778 4779/4779/4779 4765/4765/4765 
f 4780/4780/4780 4781/4781/4781 4782/4782/4782 
f 4783/4783/4783 4784/4784/4784 4785/4785/4785 
f 4786/4786/4786 4787/4787/4787 4788/4788/4788 
f 4789/4789/4789 4790/4790/4790 4791/4791/4791 
f 4792/4792/4792 4793/4793/4793 4794/4794/4794 
f 4795/4795/4795 4778/4778/4778 4765/4765/4765 
f 4796/4796/4796 4797/4797/4797 4798/4798/4798 
f 4799/4799/4799 4800/4800/4800 4801/4801/4801 
f 4802/4802/4802 4803/4803/4803 4804/4804/4804 
f 4805/4805/4805 4806/4806/4806 4807/4807/4807 
f 4807/4807/4807 4808/4808/4808 4805/4805/4805 
f 4806/4806/4806 4809/4809/4809 4810/4810/4810 
f 4810/4810/4810 4807/4807/4807 4806/4806/4806 
f 4810/4810/4810 4809/4809/4809 4811/4811/4811 
f 4811/4811/4811 4812/4812/4812 4810/4810/4810 
f 4812/4812/4812 4811/4811/4811 4813/4813/4813 
f 4813/4813/4813 4814/4814/4814 4812/4812/4812 
f 4814/4814/4814 4813/4813/4813 4815/4815/4815 
f 4815/4815/4815 4816/4816/4816 4814/4814/4814 
f 4815/4815/4815 4817/4817/4817 4818/4818/4818 
f 4818/4818/4818 4816/4816/4816 4815/4815/4815 
f 4819/4819/4819 4820/4820/4820 4821/4821/4821 
f 4821/4821/4821 4822/4822/4822 4819/4819/4819 
f 4823/4823/4823 4824/4824/4824 4822/4822/4822 
f 4822/4822/4822 4821/4821/4821 4823/4823/4823 
f 4824/4824/4824 4823/4823/4823 4825/4825/4825 
f 4805/4805/4805 4826/4826/4826 4827/4827/4827 
f 4827/4827/4827 4806/4806/4806 4805/4805/4805 
f 4828/4828/4828 4809/4809/4809 4806/4806/4806 
f 4806/4806/4806 4827/4827/4827 4828/4828/4828 
f 4828/4828/4828 4829/4829/4829 4811/4811/4811 
f 4811/4811/4811 4809/4809/4809 4828/4828/4828 
f 4829/4829/4829 4830/4830/4830 4813/4813/4813 
f 4813/4813/4813 4811/4811/4811 4829/4829/4829 
f 4830/4830/4830 4831/4831/4831 4815/4815/4815 
f 4815/4815/4815 4813/4813/4813 4830/4830/4830 
f 4832/4832/4832 4817/4817/4817 4815/4815/4815 
f 4815/4815/4815 4831/4831/4831 4832/4832/4832 
f 4833/4833/4833 4834/4834/4834 4835/4835/4835 
f 4835/4835/4835 4836/4836/4836 4833/4833/4833 
f 4837/4837/4837 4836/4836/4836 4835/4835/4835 
f 4835/4835/4835 4838/4838/4838 4837/4837/4837 
f 4838/4838/4838 4839/4839/4839 4837/4837/4837 

g Npc6

v -5.7061 3.92167 3.2939 
v -5.78744 3.89879 3.21256 
v -5.75376 3.89879 3.17242 
v -5.65952 3.92167 3.2384 
v -5.63714 3.98683 3.36286 
v -5.57964 3.98683 3.29434 
v -5.59106 4.08436 3.40894 
v -5.52626 4.08436 3.33172 
v -5.57488 4.19939 3.42512 
v -5.50752 4.19939 3.34484 
v -5.57488 4.80061 3.42512 
v -5.50752 4.80061 3.34484 
v -5.59106 4.91564 3.40894 
v -5.52626 4.91564 3.33172 
v -5.63714 5.01317 3.36286 
v -5.57964 5.01317 3.29434 
v -5.7061 5.07833 3.2939 
v -5.65952 5.07833 3.2384 
v -5.78744 5.10121 3.21256 
v -5.75376 5.10121 3.17242 
v -5.72756 3.89879 3.12704 
v -5.6233 3.92167 3.17566 
v -5.53491 3.98683 3.21687 
v -5.47585 4.08436 3.24441 
v -5.45512 4.19939 3.25408 
v -5.45512 4.80061 3.25408 
v -5.47585 4.91564 3.24441 
v -5.53491 5.01317 3.21687 
v -5.6233 5.07833 3.17566 
v -5.72756 5.10121 3.12704 
v -5.70964 3.89879 3.0778 
v -5.59852 3.92167 3.10758 
v -5.50432 3.98683 3.13282 
v -5.44138 4.08436 3.14968 
v -5.41927 4.19939 3.15561 
v -5.41927 4.80061 3.15561 
v -5.44138 4.91564 3.14968 
v -5.50432 5.01317 3.13282 
v -5.59852 5.07833 3.10758 
v -5.70964 5.10121 3.0778 
v -5.70054 3.89879 3.0262 
v -5.58594 3.92167 3.03623 
v -5.48879 3.98683 3.04473 
v -5.42387 4.08436 3.0504 
v -5.40108 4.19939 3.0524 
v -5.40108 4.80061 3.0524 
v -5.42387 4.91564 3.0504 
v -5.48879 5.01317 3.04473 
v -5.58594 5.07833 3.03623 
v -5.70054 5.10121 3.0262 
v -5.70054 3.89879 2.9738 
v -5.58594 3.92167 2.96377 
v -5.48879 3.98683 2.95527 
v -5.42387 4.08436 2.9496 
v -5.40108 4.19939 2.9476 
v -5.40108 4.80061 2.9476 
v -5.42387 4.91564 2.9496 
v -5.48879 5.01317 2.95527 
v -5.58594 5.07833 2.96377 
v -5.70054 5.10121 2.9738 
v -5.70964 3.89879 2.9222 
v -5.59852 3.92167 2.89242 
v -5.50432 3.98683 2.86718 
v -5.44138 4.08436 2.85032 
v -5.41927 4.19939 2.84439 
v -5.41927 4.80061 2.84439 
v -5.44138 4.91564 2.85032 
v -5.50432 5.01317 2.86718 
v -5.59852 5.07833 2.89242 
v -5.70964 5.10121 2.9222 
v -5.72756 3.89879 2.87296 
v -5.6233 3.92167 2.82434 
v -5.53491 3.98683 2.78313 
v -5.47585 4.08436 2.75559 
v -5.45512 4.19939 2.74592 
v -5.45512 4.80061 2.74592 
v -5.47585 4.91564 2.75559 
v -5.53491 5.01317 2.78313 
v -5.6233 5.07833 2.82434 
v -5.72756 5.10121 2.87296 
v -5.75376 3.89879 2.82758 
v -5.65952 3.92167 2.7616 
v -5.57964 3.98683 2.70566 
v -5.52626 4.08436 2.66828 
v -5.50752 4.19939 2.65516 
v -5.50752 4.80061 2.65516 
v -5.52626 4.91564 2.66828 
v -5.57964 5.01317 2.70566 
v -5.65952 5.07833 2.7616 
v -5.75376 5.10121 2.82758 
v -5.78744 3.89879 2.78744 
v -5.7061 3.92167 2.7061 
v -5.63714 3.98683 2.63714 
v -5.59106 4.08436 2.59106 
v -5.57488 4.19939 2.57488 
v -5.57488 4.80061 2.57488 
v -5.59106 4.91564 2.59106 
v -5.63714 5.01317 2.63714 
v -5.7061 5.07833 2.7061 
v -5.78744 5.10121 2.78744 
v -6 5.10121 3 
v -5.78744 5.10121 2.78744 
v -5.81545 5.10121 2.76272 
v -5.85401 5.10121 2.73722 
v -5.90494 5.10121 2.71482 
v -5.9668 5.10121 2.70123 
v -6.0332 5.10121 2.70123 
v -6.09506 5.10121 2.71482 
v -6.14599 5.10121 2.73722 
v -6.18455 5.10121 2.76272 
v -6.21256 5.10121 2.78744 
v -6.23728 5.10121 2.81545 
v -6.26278 5.10121 2.85401 
v -6.28518 5.10121 2.90494 
v -6.29877 5.10121 2.9668 
v -6.29877 5.10121 3.0332 
v -6.28518 5.10121 3.09506 
v -6.26278 5.10121 3.14599 
v -6.23728 5.10121 3.18455 
v -6.21256 5.10121 3.21256 
v -6.18455 5.10121 3.23728 
v -6.14599 5.10121 3.26278 
v -6.09506 5.10121 3.28518 
v -6.0332 5.10121 3.29877 
v -5.9668 5.10121 3.29877 
v -5.90494 5.10121 3.28518 
v -5.85401 5.10121 3.26278 
v -5.81545 5.10121 3.23728 
v -5.78744 5.10121 3.21256 
v -5.75376 5.10121 3.17242 
v -5.72756 5.10121 3.12704 
v -5.70964 5.10121 3.0778 
v -5.70054 5.10121 3.0262 
v -5.70054 5.10121 2.9738 
v -5.70964 5.10121 2.9222 
v -5.72756 5.10121 2.87296 
v -5.75376 5.10121 2.82758 
v -6.2939 3.92167 3.2939 
v -6.21256 3.89879 3.21256 
v -6.17242 3.89879 3.24624 
v -6.2384 3.92167 3.34047 
v -6.36286 3.98683 3.36286 
v -6.29434 3.98683 3.42036 
v -6.40894 4.08436 3.40894 
v -6.33172 4.08436 3.47374 
v -6.42512 4.19939 3.42512 
v -6.34484 4.19939 3.49248 
v -6.42512 4.80061 3.42512 
v -6.34484 4.80061 3.49248 
v -6.40894 4.91564 3.40894 
v -6.33172 4.91564 3.47374 
v -6.36286 5.01317 3.36286 
v -6.29434 5.01317 3.42036 
v -6.2939 5.07833 3.2939 
v -6.2384 5.07833 3.34047 
v -6.21256 5.10121 3.21256 
v -6.18455 5.10121 3.23728 
v -6.12704 3.89879 3.27244 
v -6.17566 3.92167 3.3767 
v -6.21687 3.98683 3.46509 
v -6.24441 4.08436 3.52415 
v -6.25408 4.19939 3.54488 
v -6.25408 4.80061 3.54488 
v -6.24441 4.91564 3.52415 
v -6.21687 5.01317 3.46509 
v -6.17566 5.07833 3.3767 
v -6.14599 5.10121 3.26278 
v -6.0778 3.89879 3.29036 
v -6.10758 3.92167 3.40148 
v -6.13282 3.98683 3.49568 
v -6.14968 4.08436 3.55862 
v -6.15561 4.19939 3.58073 
v -6.15561 4.80061 3.58073 
v -6.14968 4.91564 3.55862 
v -6.13282 5.01317 3.49568 
v -6.10758 5.07833 3.40148 
v -6.09506 5.10121 3.28518 
v -6.0262 3.89879 3.29946 
v -6.03623 3.92167 3.41406 
v -6.04473 3.98683 3.51121 
v -6.0504 4.08436 3.57613 
v -6.0524 4.19939 3.59892 
v -6.0524 4.80061 3.59892 
v -6.0504 4.91564 3.57613 
v -6.04473 5.01317 3.51121 
v -6.03623 5.07833 3.41406 
v -6.0332 5.10121 3.29877 
v -5.9738 3.89879 3.29946 
v -5.96377 3.92167 3.41406 
v -5.95527 3.98683 3.51121 
v -5.9496 4.08436 3.57613 
v -5.9476 4.19939 3.59892 
v -5.9476 4.80061 3.59892 
v -5.9496 4.91564 3.57613 
v -5.95527 5.01317 3.51121 
v -5.96377 5.07833 3.41406 
v -5.9668 5.10121 3.29877 
v -5.9222 3.89879 3.29036 
v -5.89242 3.92167 3.40148 
v -5.86718 3.98683 3.49568 
v -5.85032 4.08436 3.55862 
v -5.84439 4.19939 3.58073 
v -5.84439 4.80061 3.58073 
v -5.85032 4.91564 3.55862 
v -5.86718 5.01317 3.49568 
v -5.89242 5.07833 3.40148 
v -5.90494 5.10121 3.28518 
v -5.87296 3.89879 3.27244 
v -5.82434 3.92167 3.3767 
v -5.78313 3.98683 3.46509 
v -5.75559 4.08436 3.52415 
v -5.74592 4.19939 3.54488 
v -5.74592 4.80061 3.54488 
v -5.75559 4.91564 3.52415 
v -5.78313 5.01317 3.46509 
v -5.82434 5.07833 3.3767 
v -5.85401 5.10121 3.26278 
v -5.82758 3.89879 3.24624 
v -5.7616 3.92167 3.34047 
v -5.70566 3.98683 3.42036 
v -5.66828 4.08436 3.47374 
v -5.65516 4.19939 3.49248 
v -5.65516 4.80061 3.49248 
v -5.66828 4.91564 3.47374 
v -5.70566 5.01317 3.42036 
v -5.7616 5.07833 3.34047 
v -5.81545 5.10121 3.23728 
v -6.2939 3.92167 2.7061 
v -6.21256 3.89879 2.78744 
v -6.24624 3.89879 2.82758 
v -6.34048 3.92167 2.7616 
v -6.36286 3.98683 2.63714 
v -6.42036 3.98683 2.70566 
v -6.40894 4.08436 2.59106 
v -6.47374 4.08436 2.66828 
v -6.42512 4.19939 2.57488 
v -6.49248 4.19939 2.65516 
v -6.42512 4.80061 2.57488 
v -6.49248 4.80061 2.65516 
v -6.40894 4.91564 2.59106 
v -6.47374 4.91564 2.66828 
v -6.36286 5.01317 2.63714 
v -6.42036 5.01317 2.70566 
v -6.2939 5.07833 2.7061 
v -6.34048 5.07833 2.7616 
v -6.21256 5.10121 2.78744 
v -6.23728 5.10121 2.81545 
v -6.27244 3.89879 2.87296 
v -6.3767 3.92167 2.82434 
v -6.46509 3.98683 2.78313 
v -6.52415 4.08436 2.75559 
v -6.54488 4.19939 2.74592 
v -6.54488 4.80061 2.74592 
v -6.52415 4.91564 2.75559 
v -6.46509 5.01317 2.78313 
v -6.3767 5.07833 2.82434 
v -6.26278 5.10121 2.85401 
v -6.29036 3.89879 2.9222 
v -6.40148 3.92167 2.89242 
v -6.49568 3.98683 2.86718 
v -6.55862 4.08436 2.85032 
v -6.58073 4.19939 2.84439 
v -6.58073 4.80061 2.84439 
v -6.55862 4.91564 2.85032 
v -6.49568 5.01317 2.86718 
v -6.40148 5.07833 2.89242 
v -6.28518 5.10121 2.90494 
v -6.29946 3.89879 2.9738 
v -6.41406 3.92167 2.96377 
v -6.51121 3.98683 2.95527 
v -6.57613 4.08436 2.9496 
v -6.59892 4.19939 2.9476 
v -6.59892 4.80061 2.9476 
v -6.57613 4.91564 2.9496 
v -6.51121 5.01317 2.95527 
v -6.41406 5.07833 2.96377 
v -6.29877 5.10121 2.9668 
v -6.29946 3.89879 3.0262 
v -6.41406 3.92167 3.03623 
v -6.51121 3.98683 3.04473 
v -6.57613 4.08436 3.0504 
v -6.59892 4.19939 3.0524 
v -6.59892 4.80061 3.0524 
v -6.57613 4.91564 3.0504 
v -6.51121 5.01317 3.04473 
v -6.41406 5.07833 3.03623 
v -6.29877 5.10121 3.0332 
v -6.29036 3.89879 3.0778 
v -6.40148 3.92167 3.10758 
v -6.49568 3.98683 3.13282 
v -6.55862 4.08436 3.14968 
v -6.58073 4.19939 3.15561 
v -6.58073 4.80061 3.15561 
v -6.55862 4.91564 3.14968 
v -6.49568 5.01317 3.13282 
v -6.40148 5.07833 3.10758 
v -6.28518 5.10121 3.09506 
v -6.27244 3.89879 3.12704 
v -6.3767 3.92167 3.17566 
v -6.46509 3.98683 3.21687 
v -6.52415 4.08436 3.24441 
v -6.54488 4.19939 3.25408 
v -6.54488 4.80061 3.25408 
v -6.52415 4.91564 3.24441 
v -6.46509 5.01317 3.21687 
v -6.3767 5.07833 3.17566 
v -6.26278 5.10121 3.14599 
v -6.24624 3.89879 3.17242 
v -6.34048 3.92167 3.2384 
v -6.42036 3.98683 3.29434 
v -6.47374 4.08436 3.33172 
v -6.49248 4.19939 3.34484 
v -6.49248 4.80061 3.34484 
v -6.47374 4.91564 3.33172 
v -6.42036 5.01317 3.29434 
v -6.34048 5.07833 3.2384 
v -6.23728 5.10121 3.18455 
v -6.24624 3.89879 2.82758 
v -6.21256 3.89879 2.78744 
v -6.18455 3.89879 2.76272 
v -6.16533 3.89879 2.83468 
v -6.27244 3.89879 2.87296 
v -6.19025 3.89879 2.8641 
v -6.29036 3.89879 2.9222 
v -6.2149 3.89879 2.9079 
v -6.29946 3.89879 2.9738 
v -6.23145 3.89879 2.96693 
v -6.29946 3.89879 3.0262 
v -6.23145 3.89879 3.03307 
v -6.29036 3.89879 3.0778 
v -6.2149 3.89879 3.0921 
v -6.27244 3.89879 3.12704 
v -6.19025 3.89879 3.1359 
v -6.24624 3.89879 3.17242 
v -6.16533 3.89879 3.16532 
v -6.21256 3.89879 3.21256 
v -6.17242 3.89879 3.24624 
v -6.14599 3.89879 2.73722 
v -6.1359 3.89879 2.80975 
v -6.11809 3.89879 2.88191 
v -6.1432 3.89879 2.91408 
v -6.16376 3.89879 2.96725 
v -6.16376 3.89879 3.03275 
v -6.1432 3.89879 3.08592 
v -6.11809 3.89879 3.11809 
v -6.1359 3.89879 3.19025 
v -6.12704 3.89879 3.27244 
v -6.09506 3.89879 2.71482 
v -6.0921 3.89879 2.7851 
v -6.08592 3.89879 2.8568 
v -6.07085 3.89879 2.92915 
v -6.09506 3.89879 2.96831 
v -6.09506 3.89879 3.03169 
v -6.07085 3.89879 3.07085 
v -6.08592 3.89879 3.1432 
v -6.0921 3.89879 3.2149 
v -6.0778 3.89879 3.29036 
v -6.0332 3.89879 2.70123 
v -6.03306 3.89879 2.76855 
v -6.03275 3.89879 2.83624 
v -6.03169 3.89879 2.90494 
v -6.02362 3.89879 2.97638 
v -6.02362 3.89879 3.02362 
v -6.03169 3.89879 3.09506 
v -6.03275 3.89879 3.16376 
v -6.03306 3.89879 3.23145 
v -6.0262 3.89879 3.29946 
v -5.9668 3.89879 2.70123 
v -5.96694 3.89879 2.76855 
v -5.96725 3.89879 2.83624 
v -5.96831 3.89879 2.90494 
v -5.97638 3.89879 2.97638 
v -5.97638 3.89879 3.02362 
v -5.96831 3.89879 3.09506 
v -5.96725 3.89879 3.16376 
v -5.96694 3.89879 3.23145 
v -5.9738 3.89879 3.29946 
v -5.90494 3.89879 2.71482 
v -5.9079 3.89879 2.7851 
v -5.91408 3.89879 2.8568 
v -5.92915 3.89879 2.92915 
v -5.90494 3.89879 2.96831 
v -5.90494 3.89879 3.03169 
v -5.92915 3.89879 3.07085 
v -5.91408 3.89879 3.1432 
v -5.9079 3.89879 3.2149 
v -5.9222 3.89879 3.29036 
v -5.85401 3.89879 2.73722 
v -5.8641 3.89879 2.80975 
v -5.88191 3.89879 2.88191 
v -5.8568 3.89879 2.91408 
v -5.83624 3.89879 2.96725 
v -5.83624 3.89879 3.03275 
v -5.8568 3.89879 3.08592 
v -5.88191 3.89879 3.11809 
v -5.8641 3.89879 3.19025 
v -5.87296 3.89879 3.27244 
v -5.81545 3.89879 2.76272 
v -5.83467 3.89879 2.83468 
v -5.80975 3.89879 2.8641 
v -5.7851 3.89879 2.9079 
v -5.76855 3.89879 2.96693 
v -5.76855 3.89879 3.03307 
v -5.7851 3.89879 3.0921 
v -5.80975 3.89879 3.1359 
v -5.83467 3.89879 3.16532 
v -5.82758 3.89879 3.24624 
v -5.78744 3.89879 2.78744 
v -5.75376 3.89879 2.82758 
v -5.72756 3.89879 2.87296 
v -5.70964 3.89879 2.9222 
v -5.70054 3.89879 2.9738 
v -5.70054 3.89879 3.0262 
v -5.70964 3.89879 3.0778 
v -5.72756 3.89879 3.12704 
v -5.75376 3.89879 3.17242 
v -5.78744 3.89879 3.21256 
v -5.7061 3.92167 2.7061 
v -5.78744 3.89879 2.78744 
v -5.81545 3.89879 2.76272 
v -5.7616 3.92167 2.65953 
v -5.63714 3.98683 2.63714 
v -5.70566 3.98683 2.57964 
v -5.59106 4.08436 2.59106 
v -5.66828 4.08436 2.52626 
v -5.57488 4.19939 2.57488 
v -5.65516 4.19939 2.50752 
v -5.57488 4.80061 2.57488 
v -5.65516 4.80061 2.50752 
v -5.59106 4.91564 2.59106 
v -5.66828 4.91564 2.52626 
v -5.63714 5.01317 2.63714 
v -5.70566 5.01317 2.57964 
v -5.7061 5.07833 2.7061 
v -5.7616 5.07833 2.65953 
v -5.78744 5.10121 2.78744 
v -5.81545 5.10121 2.76272 
v -5.85401 3.89879 2.73722 
v -5.82434 3.92167 2.6233 
v -5.78313 3.98683 2.53491 
v -5.75559 4.08436 2.47585 
v -5.74592 4.19939 2.45512 
v -5.74592 4.80061 2.45512 
v -5.75559 4.91564 2.47585 
v -5.78313 5.01317 2.53491 
v -5.82434 5.07833 2.6233 
v -5.85401 5.10121 2.73722 
v -5.90494 3.89879 2.71482 
v -5.89242 3.92167 2.59852 
v -5.86718 3.98683 2.50432 
v -5.85032 4.08436 2.44138 
v -5.84439 4.19939 2.41927 
v -5.84439 4.80061 2.41927 
v -5.85032 4.91564 2.44138 
v -5.86718 5.01317 2.50432 
v -5.89242 5.07833 2.59852 
v -5.90494 5.10121 2.71482 
v -5.9668 3.89879 2.70123 
v -5.96377 3.92167 2.58594 
v -5.95527 3.98683 2.48879 
v -5.9496 4.08436 2.42387 
v -5.9476 4.19939 2.40108 
v -5.9476 4.80061 2.40108 
v -5.9496 4.91564 2.42387 
v -5.95527 5.01317 2.48879 
v -5.96377 5.07833 2.58594 
v -5.9668 5.10121 2.70123 
v -6.0332 3.89879 2.70123 
v -6.03623 3.92167 2.58594 
v -6.04473 3.98683 2.48879 
v -6.0504 4.08436 2.42387 
v -6.0524 4.19939 2.40108 
v -6.0524 4.80061 2.40108 
v -6.0504 4.91564 2.42387 
v -6.04473 5.01317 2.48879 
v -6.03623 5.07833 2.58594 
v -6.0332 5.10121 2.70123 
v -6.09506 3.89879 2.71482 
v -6.10758 3.92167 2.59852 
v -6.13282 3.98683 2.50432 
v -6.14968 4.08436 2.44138 
v -6.15561 4.19939 2.41927 
v -6.15561 4.80061 2.41927 
v -6.14968 4.91564 2.44138 
v -6.13282 5.01317 2.50432 
v -6.10758 5.07833 2.59852 
v -6.09506 5.10121 2.71482 
v -6.14599 3.89879 2.73722 
v -6.17566 3.92167 2.6233 
v -6.21687 3.98683 2.53491 
v -6.24441 4.08436 2.47585 
v -6.25408 4.19939 2.45512 
v -6.25408 4.80061 2.45512 
v -6.24441 4.91564 2.47585 
v -6.21687 5.01317 2.53491 
v -6.17566 5.07833 2.6233 
v -6.14599 5.10121 2.73722 
v -6.18455 3.89879 2.76272 
v -6.2384 3.92167 2.65953 
v -6.29434 3.98683 2.57964 
v -6.33172 4.08436 2.52626 
v -6.34484 4.19939 2.50752 
v -6.34484 4.80061 2.50752 
v -6.33172 4.91564 2.52626 
v -6.29434 5.01317 2.57964 
v -6.2384 5.07833 2.65953 
v -6.18455 5.10121 2.76272 
v -6.21256 3.89879 2.78744 
v -6.2939 3.92167 2.7061 
v -6.36286 3.98683 2.63714 
v -6.40894 4.08436 2.59106 
v -6.42512 4.19939 2.57488 
v -6.42512 4.80061 2.57488 
v -6.40894 4.91564 2.59106 
v -6.36286 5.01317 2.63714 
v -6.2939 5.07833 2.7061 
v -6.21256 5.10121 2.78744 

vn 0.267717 -0.92126 0.267717 
vn 0 -1 0 
vn 0 -1 0 
vn 0.314961 -0.92126 0.220472 
vn 0.503937 -0.708661 0.503937 
vn 0.582677 -0.708661 0.409449 
vn 0.653543 -0.385827 0.653543 
vn 0.755906 -0.385827 0.527559 
vn 0.708661 0 0.708661 
vn 0.818898 0 0.574803 
vn 0.708661 0 0.708661 
vn 0.818898 0 0.574803 
vn 0.653543 0.385827 0.653543 
vn 0.755906 0.385827 0.527559 
vn 0.503937 0.708661 0.503937 
vn 0.582677 0.708661 0.409449 
vn 0.267717 0.92126 0.267717 
vn 0.314961 0.92126 0.220472 
vn 0 1 0 
vn 0 1 0 
vn 0 -1 0 
vn 0.346457 -0.92126 0.165354 
vn 0.637795 -0.708661 0.299213 
vn 0.834646 -0.385827 0.393701 
vn 0.905512 0 0.425197 
vn 0.905512 0 0.425197 
vn 0.834646 0.385827 0.393701 
vn 0.637795 0.708661 0.299213 
vn 0.346457 0.92126 0.165354 
vn 0 1 0 
vn 0 -1 0 
vn 0.370079 -0.92126 0.102362 
vn 0.685039 -0.708661 0.181102 
vn 0.889764 -0.385827 0.23622 
vn 0.968504 0 0.259843 
vn 0.968504 0 0.259843 
vn 0.889764 0.385827 0.23622 
vn 0.685039 0.708661 0.181102 
vn 0.370079 0.92126 0.102362 
vn 0 1 0 
vn 0 -1 0 
vn 0.377953 -0.92126 0.0314961 
vn 0.700787 -0.708661 0.0629921 
vn 0.92126 -0.385827 0.0787402 
vn 1 0 0.0866142 
vn 1 0 0.0866142 
vn 0.92126 0.385827 0.0787402 
vn 0.700787 0.708661 0.0629921 
vn 0.377953 0.92126 0.0314961 
vn 0 1 0 
vn 0 -1 0 
vn 0.377953 -0.92126 -0.0314961 
vn 0.700787 -0.708661 -0.0629921 
vn 0.92126 -0.385827 -0.0787402 
vn 1 0 -0.0866142 
vn 1 0 -0.0866142 
vn 0.92126 0.385827 -0.0787402 
vn 0.700787 0.708661 -0.0629921 
vn 0.377953 0.92126 -0.0314961 
vn 0 1 0 
vn 0 -1 0 
vn 0.370079 -0.92126 -0.102362 
vn 0.685039 -0.708661 -0.181102 
vn 0.889764 -0.385827 -0.23622 
vn 0.968504 0 -0.259843 
vn 0.968504 0 -0.259843 
vn 0.889764 0.385827 -0.23622 
vn 0.685039 0.708661 -0.181102 
vn 0.370079 0.92126 -0.102362 
vn 0 1 0 
vn 0 -1 0 
vn 0.346457 -0.92126 -0.165354 
vn 0.637795 -0.708661 -0.299213 
vn 0.834646 -0.385827 -0.393701 
vn 0.905512 0 -0.425197 
vn 0.905512 0 -0.425197 
vn 0.834646 0.385827 -0.393701 
vn 0.637795 0.708661 -0.299213 
vn 0.346457 0.92126 -0.165354 
vn 0 1 0 
vn 0 -1 0 
vn 0.314961 -0.92126 -0.220472 
vn 0.582677 -0.708661 -0.409449 
vn 0.755906 -0.385827 -0.527559 
vn 0.818898 0 -0.574803 
vn 0.818898 0 -0.574803 
vn 0.755906 0.385827 -0.527559 
vn 0.582677 0.708661 -0.409449 
vn 0.314961 0.92126 -0.220472 
vn 0 1 0 
vn 0 -1 0 
vn 0.267717 -0.92126 -0.267717 
vn 0.503937 -0.708661 -0.496063 
vn 0.653543 -0.385827 -0.653543 
vn 0.708661 0 -0.708661 
vn 0.708661 0 -0.708661 
vn 0.653543 0.385827 -0.653543 
vn 0.503937 0.708661 -0.496063 
vn 0.267717 0.92126 -0.267717 
vn 0 1 0 
vn 0 1 0 
vn 0 1 0 
vn 0 1 0 
vn 0 1 0 
vn 0 1 0 
vn 0 1 0 
vn 0 1 0 
vn 0 1 0 
vn 0 1 0 
vn 0 1 0 
vn 0 1 0 
vn 0 1 0 
vn 0 1 0 
vn 0 1 0 
vn 0 1 0 
vn 0 1 0 
vn 0 1 0 
vn 0 1 0 
vn 0 1 0 
vn 0 1 0 
vn 0 1 0 
vn 0 1 0 
vn 0 1 0 
vn 0 1 0 
vn 0 1 0 
vn 0 1 0 
vn 0 1 0 
vn 0 1 0 
vn 0 1 0 
vn 0 1 0 
vn 0 1 0 
vn 0 1 0 
vn 0 1 0 
vn 0 1 0 
vn 0 1 0 
vn 0 1 0 
vn 0 1 0 
vn -0.267717 -0.92126 0.267717 
vn 0 -1 0 
vn 0 -1 0 
vn -0.220472 -0.92126 0.314961 
vn -0.496063 -0.708661 0.503937 
vn -0.409449 -0.708661 0.582677 
vn -0.653543 -0.385827 0.653543 
vn -0.527559 -0.385827 0.755906 
vn -0.708661 0 0.708661 
vn -0.574803 0 0.818898 
vn -0.708661 0 0.708661 
vn -0.574803 0 0.818898 
vn -0.653543 0.385827 0.653543 
vn -0.527559 0.385827 0.755906 
vn -0.496063 0.708661 0.503937 
vn -0.409449 0.708661 0.582677 
vn -0.267717 0.92126 0.267717 
vn -0.220472 0.92126 0.314961 
vn 0 1 0 
vn 0 1 0 
vn 0 -1 0 
vn -0.165354 -0.92126 0.346457 
vn -0.299213 -0.708661 0.637795 
vn -0.393701 -0.385827 0.834646 
vn -0.425197 0 0.905512 
vn -0.425197 0 0.905512 
vn -0.393701 0.385827 0.834646 
vn -0.299213 0.708661 0.637795 
vn -0.165354 0.92126 0.346457 
vn 0 1 0 
vn 0 -1 0 
vn -0.102362 -0.92126 0.370079 
vn -0.181102 -0.708661 0.685039 
vn -0.23622 -0.385827 0.889764 
vn -0.259843 0 0.968504 
vn -0.259843 0 0.968504 
vn -0.23622 0.385827 0.889764 
vn -0.181102 0.708661 0.685039 
vn -0.102362 0.92126 0.370079 
vn 0 1 0 
vn 0 -1 0 
vn -0.0314961 -0.92126 0.377953 
vn -0.0629921 -0.708661 0.700787 
vn -0.0787402 -0.385827 0.92126 
vn -0.0866142 0 1 
vn -0.0866142 0 1 
vn -0.0787402 0.385827 0.92126 
vn -0.0629921 0.708661 0.700787 
vn -0.0314961 0.92126 0.377953 
vn 0 1 0 
vn 0 -1 0 
vn 0.0314961 -0.92126 0.377953 
vn 0.0629921 -0.708661 0.700787 
vn 0.0787402 -0.385827 0.92126 
vn 0.0866142 0 1 
vn 0.0866142 0 1 
vn 0.0787402 0.385827 0.92126 
vn 0.0629921 0.708661 0.700787 
vn 0.0314961 0.92126 0.377953 
vn 0 1 0 
vn 0 -1 0 
vn 0.102362 -0.92126 0.370079 
vn 0.181102 -0.708661 0.685039 
vn 0.23622 -0.385827 0.889764 
vn 0.259843 0 0.968504 
vn 0.259843 0 0.968504 
vn 0.23622 0.385827 0.889764 
vn 0.181102 0.708661 0.685039 
vn 0.102362 0.92126 0.370079 
vn 0 1 0 
vn 0 -1 0 
vn 0.165354 -0.92126 0.346457 
vn 0.299213 -0.708661 0.637795 
vn 0.393701 -0.385827 0.834646 
vn 0.425197 0 0.905512 
vn 0.425197 0 0.905512 
vn 0.393701 0.385827 0.834646 
vn 0.299213 0.708661 0.637795 
vn 0.165354 0.92126 0.346457 
vn 0 1 0 
vn 0 -1 0 
vn 0.220472 -0.92126 0.314961 
vn 0.409449 -0.708661 0.582677 
vn 0.527559 -0.385827 0.755906 
vn 0.574803 0 0.818898 
vn 0.574803 0 0.818898 
vn 0.527559 0.385827 0.755906 
vn 0.409449 0.708661 0.582677 
vn 0.220472 0.92126 0.314961 
vn 0 1 0 
vn -0.267717 -0.92126 -0.267717 
vn 0 -1 0 
vn 0 -1 0 
vn -0.314961 -0.92126 -0.220472 
vn -0.496063 -0.708661 -0.496063 
vn -0.582677 -0.708661 -0.409449 
vn -0.653543 -0.385827 -0.653543 
vn -0.755906 -0.385827 -0.527559 
vn -0.708661 0 -0.708661 
vn -0.818898 0 -0.574803 
vn -0.708661 0 -0.708661 
vn -0.818898 0 -0.574803 
vn -0.653543 0.385827 -0.653543 
vn -0.755906 0.385827 -0.527559 
vn -0.496063 0.708661 -0.496063 
vn -0.582677 0.708661 -0.409449 
vn -0.267717 0.92126 -0.267717 
vn -0.314961 0.92126 -0.220472 
vn 0 1 0 
vn 0 1 0 
vn 0 -1 0 
vn -0.346457 -0.92126 -0.165354 
vn -0.637795 -0.708661 -0.299213 
vn -0.834646 -0.385827 -0.393701 
vn -0.905512 0 -0.425197 
vn -0.905512 0 -0.425197 
vn -0.834646 0.385827 -0.393701 
vn -0.637795 0.708661 -0.299213 
vn -0.346457 0.92126 -0.165354 
vn 0 1 0 
vn 0 -1 0 
vn -0.370079 -0.92126 -0.102362 
vn -0.685039 -0.708661 -0.181102 
vn -0.889764 -0.385827 -0.23622 
vn -0.968504 0 -0.259843 
vn -0.968504 0 -0.259843 
vn -0.889764 0.385827 -0.23622 
vn -0.685039 0.708661 -0.181102 
vn -0.370079 0.92126 -0.102362 
vn 0 1 0 
vn 0 -1 0 
vn -0.377953 -0.92126 -0.0314961 
vn -0.700787 -0.708661 -0.0629921 
vn -0.92126 -0.385827 -0.0787402 
vn -1 0 -0.0866142 
vn -1 0 -0.0866142 
vn -0.92126 0.385827 -0.0787402 
vn -0.700787 0.708661 -0.0629921 
vn -0.377953 0.92126 -0.0314961 
vn 0 1 0 
vn 0 -1 0 
vn -0.377953 -0.92126 0.0314961 
vn -0.700787 -0.708661 0.0629921 
vn -0.92126 -0.385827 0.0787402 
vn -1 0 0.0866142 
vn -1 0 0.0866142 
vn -0.92126 0.385827 0.0787402 
vn -0.700787 0.708661 0.0629921 
vn -0.377953 0.92126 0.0314961 
vn 0 1 0 
vn 0 -1 0 
vn -0.370079 -0.92126 0.102362 
vn -0.685039 -0.708661 0.181102 
vn -0.889764 -0.385827 0.23622 
vn -0.968504 0 0.259843 
vn -0.968504 0 0.259843 
vn -0.889764 0.385827 0.23622 
vn -0.685039 0.708661 0.181102 
vn -0.370079 0.92126 0.102362 
vn 0 1 0 
vn 0 -1 0 
vn -0.346457 -0.92126 0.165354 
vn -0.637795 -0.708661 0.299213 
vn -0.834646 -0.385827 0.393701 
vn -0.905512 0 0.425197 
vn -0.905512 0 0.425197 
vn -0.834646 0.385827 0.393701 
vn -0.637795 0.708661 0.299213 
vn -0.346457 0.92126 0.165354 
vn 0 1 0 
vn 0 -1 0 
vn -0.314961 -0.92126 0.220472 
vn -0.582677 -0.708661 0.409449 
vn -0.755906 -0.385827 0.527559 
vn -0.818898 0 0.574803 
vn -0.818898 0 0.574803 
vn -0.755906 0.385827 0.527559 
vn -0.582677 0.708661 0.409449 
vn -0.314961 0.92126 0.220472 
vn 0 1 0 
vn 0 -1 0 
vn 0 -1 0 
vn 0 -1 0 
vn 0 -1 0 
vn 0 -1 0 
vn 0 -1 0 
vn 0 -1 0 
vn 0 -1 0 
vn 0 -1 0 
vn 0 -1 0 
vn 0 -1 0 
vn 0 -1 0 
vn 0 -1 0 
vn 0 -1 0 
vn 0 -1 0 
vn 0 -1 0 
vn 0 -1 0 
vn 0 -1 0 
vn 0 -1 0 
vn 0 -1 0 
vn 0 -1 0 
vn 0 -1 0 
vn 0 -1 0 
vn 0 -1 0 
vn 0 -1 0 
vn 0 -1 0 
vn 0 -1 0 
vn 0 -1 0 
vn 0 -1 0 
vn 0 -1 0 
vn 0 -1 0 
vn 0 -1 0 
vn 0 -1 0 
vn 0 -1 0 
vn 0 -1 0 
vn 0 -1 0 
vn 0 -1 0 
vn 0 -1 0 
vn 0 -1 0 
vn 0 -1 0 
vn 0 -1 0 
vn 0 -1 0 
vn 0 -1 0 
vn 0 -1 0 
vn 0 -1 0 
vn 0 -1 0 
vn 0 -1 0 
vn 0 -1 0 
vn 0 -1 0 
vn 0 -1 0 
vn 0 -1 0 
vn 0 -1 0 
vn 0 -1 0 
vn 0 -1 0 
vn 0 -1 0 
vn 0 -1 0 
vn 0 -1 0 
vn 0 -1 0 
vn 0 -1 0 
vn 0 -1 0 
vn 0 -1 0 
vn 0 -1 0 
vn 0 -1 0 
vn 0 -1 0 
vn 0 -1 0 
vn 0 -1 0 
vn 0 -1 0 
vn 0 -1 0 
vn 0 -1 0 
vn 0 -1 0 
vn 0 -1 0 
vn 0 -1 0 
vn 0 -1 0 
vn 0 -1 0 
vn 0 -1 0 
vn 0 -1 0 
vn 0 -1 0 
vn 0 -1 0 
vn 0 -1 0 
vn 0 -1 0 
vn 0 -1 0 
vn 0 -1 0 
vn 0 -1 0 
vn 0 -1 0 
vn 0 -1 0 
vn 0 -1 0 
vn 0 -1 0 
vn 0 -1 0 
vn 0 -1 0 
vn 0 -1 0 
vn 0 -1 0 
vn 0 -1 0 
vn 0 -1 0 
vn 0 -1 0 
vn 0 -1 0 
vn 0 -1 0 
vn 0 -1 0 
vn 0 -1 0 
vn 0 -1 0 
vn 0 -1 0 
vn 0.267717 -0.92126 -0.267717 
vn 0 -1 0 
vn 0 -1 0 
vn 0.220472 -0.92126 -0.314961 
vn 0.503937 -0.708661 -0.496063 
vn 0.409449 -0.708661 -0.582677 
vn 0.653543 -0.385827 -0.653543 
vn 0.527559 -0.385827 -0.755906 
vn 0.708661 0 -0.708661 
vn 0.574803 0 -0.818898 
vn 0.708661 0 -0.708661 
vn 0.574803 0 -0.818898 
vn 0.653543 0.385827 -0.653543 
vn 0.527559 0.385827 -0.755906 
vn 0.503937 0.708661 -0.496063 
vn 0.409449 0.708661 -0.582677 
vn 0.267717 0.92126 -0.267717 
vn 0.220472 0.92126 -0.314961 
vn 0 1 0 
vn 0 1 0 
vn 0 -1 0 
vn 0.165354 -0.92126 -0.346457 
vn 0.299213 -0.708661 -0.637795 
vn 0.393701 -0.385827 -0.834646 
vn 0.425197 0 -0.905512 
vn 0.425197 0 -0.905512 
vn 0.393701 0.385827 -0.834646 
vn 0.299213 0.708661 -0.637795 
vn 0.165354 0.92126 -0.346457 
vn 0 1 0 
vn 0 -1 0 
vn 0.102362 -0.92126 -0.370079 
vn 0.181102 -0.708661 -0.685039 
vn 0.23622 -0.385827 -0.889764 
vn 0.259843 0 -0.968504 
vn 0.259843 0 -0.968504 
vn 0.23622 0.385827 -0.889764 
vn 0.181102 0.708661 -0.685039 
vn 0.102362 0.92126 -0.370079 
vn 0 1 0 
vn 0 -1 0 
vn 0.0314961 -0.92126 -0.377953 
vn 0.0629921 -0.708661 -0.700787 
vn 0.0787402 -0.385827 -0.92126 
vn 0.0866142 0 -1 
vn 0.0866142 0 -1 
vn 0.0787402 0.385827 -0.92126 
vn 0.0629921 0.708661 -0.700787 
vn 0.0314961 0.92126 -0.377953 
vn 0 1 0 
vn 0 -1 0 
vn -0.0314961 -0.92126 -0.377953 
vn -0.0629921 -0.708661 -0.700787 
vn -0.0787402 -0.385827 -0.92126 
vn -0.0866142 0 -1 
vn -0.0866142 0 -1 
vn -0.0787402 0.385827 -0.92126 
vn -0.0629921 0.708661 -0.700787 
vn -0.0314961 0.92126 -0.377953 
vn 0 1 0 
vn 0 -1 0 
vn -0.102362 -0.92126 -0.370079 
vn -0.181102 -0.708661 -0.685039 
vn -0.23622 -0.385827 -0.889764 
vn -0.259843 0 -0.968504 
vn -0.259843 0 -0.968504 
vn -0.23622 0.385827 -0.889764 
vn -0.181102 0.708661 -0.685039 
vn -0.102362 0.92126 -0.370079 
vn 0 1 0 
vn 0 -1 0 
vn -0.165354 -0.92126 -0.346457 
vn -0.299213 -0.708661 -0.637795 
vn -0.393701 -0.385827 -0.834646 
vn -0.425197 0 -0.905512 
vn -0.425197 0 -0.905512 
vn -0.393701 0.385827 -0.834646 
vn -0.299213 0.708661 -0.637795 
vn -0.165354 0.92126 -0.346457 
vn 0 1 0 
vn 0 -1 0 
vn -0.220472 -0.92126 -0.314961 
vn -0.409449 -0.708661 -0.582677 
vn -0.527559 -0.385827 -0.755906 
vn -0.574803 0 -0.818898 
vn -0.574803 0 -0.818898 
vn -0.527559 0.385827 -0.755906 
vn -0.409449 0.708661 -0.582677 
vn -0.220472 0.92126 -0.314961 
vn 0 1 0 
vn 0 -1 0 
vn -0.267717 -0.92126 -0.267717 
vn -0.496063 -0.708661 -0.496063 
vn -0.653543 -0.385827 -0.653543 
vn -0.708661 0 -0.708661 
vn -0.708661 0 -0.708661 
vn -0.653543 0.385827 -0.653543 
vn -0.496063 0.708661 -0.496063 
vn -0.267717 0.92126 -0.267717 
vn 0 1 0 

vt 0.880859 0.984375 
vt 0.880859 0.984375 
vt 0.880859 0.984375 
vt 0.880859 0.984375 
vt 0.880859 0.984375 
vt 0.880859 0.984375 
vt 0.880859 0.984375 
vt 0.880859 0.984375 
vt 0.880859 0.984375 
vt 0.880859 0.984375 
vt 0.880859 0.984375 
vt 0.880859 0.984375 
vt 0.880859 0.984375 
vt 0.880859 0.984375 
vt 0.880859 0.984375 
vt 0.880859 0.984375 
vt 0.880859 0.984375 
vt 0.880859 0.984375 
vt 0.880859 0.984375 
vt 0.880859 0.984375 
vt 0.880859 0.984375 
vt 0.880859 0.984375 
vt 0.880859 0.984375 
vt 0.880859 0.984375 
vt 0.880859 0.984375 
vt 0.880859 0.984375 
vt 0.880859 0.984375 
vt 0.880859 0.984375 
vt 0.880859 0.984375 
vt 0.880859 0.984375 
vt 0.880859 0.984375 
vt 0.880859 0.984375 
vt 0.880859 0.984375 
vt 0.880859 0.984375 
vt 0.880859 0.984375 
vt 0.880859 0.984375 
vt 0.880859 0.984375 
vt 0.880859 0.984375 
vt 0.880859 0.984375 
vt 0.880859 0.984375 
vt 0.880859 0.984375 
vt 0.880859 0.984375 
vt 0.880859 0.984375 
vt 0.880859 0.984375 
vt 0.880859 0.984375 
vt 0.880859 0.984375 
vt 0.880859 0.984375 
vt 0.880859 0.984375 
vt 0.880859 0.984375 
vt 0.880859 0.984375 
vt 0.880859 0.984375 
vt 0.880859 0.984375 
vt 0.880859 0.984375 
vt 0.880859 0.984375 
vt 0.880859 0.984375 
vt 0.880859 0.984375 
vt 0.880859 0.984375 
vt 0.880859 0.984375 
vt 0.880859 0.984375 
vt 0.880859 0.984375 
vt 0.880859 0.984375 
vt 0.880859 0.984375 
vt 0.880859 0.984375 
vt 0.880859 0.984375 
vt 0.880859 0.984375 
vt 0.880859 0.984375 
vt 0.880859 0.984375 
vt 0.880859 0.984375 
vt 0.880859 0.984375 
vt 0.880859 0.984375 
vt 0.880859 0.984375 
vt 0.880859 0.984375 
vt 0.880859 0.984375 
vt 0.880859 0.984375 
vt 0.880859 0.984375 
vt 0.880859 0.984375 
vt 0.880859 0.984375 
vt 0.880859 0.984375 
vt 0.880859 0.984375 
vt 0.880859 0.984375 
vt 0.880859 0.984375 
vt 0.880859 0.984375 
vt 0.880859 0.984375 
vt 0.880859 0.984375 
vt 0.880859 0.984375 
vt 0.880859 0.984375 
vt 0.880859 0.984375 
vt 0.880859 0.984375 
vt 0.880859 0.984375 
vt 0.880859 0.984375 
vt 0.880859 0.984375 
vt 0.880859 0.984375 
vt 0.880859 0.984375 
vt 0.880859 0.984375 
vt 0.880859 0.984375 
vt 0.880859 0.984375 
vt 0.880859 0.984375 
vt 0.880859 0.984375 
vt 0.880859 0.984375 
vt 0.880859 0.984375 
vt 0.880859 0.984375 
vt 0.880859 0.984375 
vt 0.880859 0.984375 
vt 0.880859 0.984375 
vt 0.880859 0.984375 
vt 0.880859 0.984375 
vt 0.880859 0.984375 
vt 0.880859 0.984375 
vt 0.880859 0.984375 
vt 0.880859 0.984375 
vt 0.880859 0.984375 
vt 0.880859 0.984375 
vt 0.880859 0.984375 
vt 0.880859 0.984375 
vt 0.880859 0.984375 
vt 0.880859 0.984375 
vt 0.880859 0.984375 
vt 0.880859 0.984375 
vt 0.880859 0.984375 
vt 0.880859 0.984375 
vt 0.880859 0.984375 
vt 0.880859 0.984375 
vt 0.880859 0.984375 
vt 0.880859 0.984375 
vt 0.880859 0.984375 
vt 0.880859 0.984375 
vt 0.880859 0.984375 
vt 0.880859 0.984375 
vt 0.880859 0.984375 
vt 0.880859 0.984375 
vt 0.880859 0.984375 
vt 0.880859 0.984375 
vt 0.880859 0.984375 
vt 0.880859 0.984375 
vt 0.880859 0.984375 
vt 0.880859 0.984375 
vt 0.880859 0.984375 
vt 0.880859 0.984375 
vt 0.880859 0.984375 
vt 0.880859 0.984375 
vt 0.880859 0.984375 
vt 0.880859 0.984375 
vt 0.880859 0.984375 
vt 0.880859 0.984375 
vt 0.880859 0.984375 
vt 0.880859 0.984375 
vt 0.880859 0.984375 
vt 0.880859 0.984375 
vt 0.880859 0.984375 
vt 0.880859 0.984375 
vt 0.880859 0.984375 
vt 0.880859 0.984375 
vt 0.880859 0.984375 
vt 0.880859 0.984375 
vt 0.880859 0.984375 
vt 0.880859 0.984375 
vt 0.880859 0.984375 
vt 0.880859 0.984375 
vt 0.880859 0.984375 
vt 0.880859 0.984375 
vt 0.880859 0.984375 
vt 0.880859 0.984375 
vt 0.880859 0.984375 
vt 0.880859 0.984375 
vt 0.880859 0.984375 
vt 0.880859 0.984375 
vt 0.880859 0.984375 
vt 0.880859 0.984375 
vt 0.880859 0.984375 
vt 0.880859 0.984375 
vt 0.880859 0.984375 
vt 0.880859 0.984375 
vt 0.880859 0.984375 
vt 0.880859 0.984375 
vt 0.880859 0.984375 
vt 0.880859 0.984375 
vt 0.880859 0.984375 
vt 0.880859 0.984375 
vt 0.880859 0.984375 
vt 0.880859 0.984375 
vt 0.880859 0.984375 
vt 0.880859 0.984375 
vt 0.880859 0.984375 
vt 0.880859 0.984375 
vt 0.880859 0.984375 
vt 0.880859 0.984375 
vt 0.880859 0.984375 
vt 0.880859 0.984375 
vt 0.880859 0.984375 
vt 0.880859 0.984375 
vt 0.880859 0.984375 
vt 0.880859 0.984375 
vt 0.880859 0.984375 
vt 0.880859 0.984375 
vt 0.880859 0.984375 
vt 0.880859 0.984375 
vt 0.880859 0.984375 
vt 0.880859 0.984375 
vt 0.880859 0.984375 
vt 0.880859 0.984375 
vt 0.880859 0.984375 
vt 0.880859 0.984375 
vt 0.880859 0.984375 
vt 0.880859 0.984375 
vt 0.880859 0.984375 
vt 0.880859 0.984375 
vt 0.880859 0.984375 
vt 0.880859 0.984375 
vt 0.880859 0.984375 
vt 0.880859 0.984375 
vt 0.880859 0.984375 
vt 0.880859 0.984375 
vt 0.880859 0.984375 
vt 0.880859 0.984375 
vt 0.880859 0.984375 
vt 0.880859 0.984375 
vt 0.880859 0.984375 
vt 0.880859 0.984375 
vt 0.880859 0.984375 
vt 0.880859 0.984375 
vt 0.880859 0.984375 
vt 0.880859 0.984375 
vt 0.880859 0.984375 
vt 0.880859 0.984375 
vt 0.880859 0.984375 
vt 0.880859 0.984375 
vt 0.880859 0.984375 
vt 0.880859 0.984375 
vt 0.880859 0.984375 
vt 0.880859 0.984375 
vt 0.880859 0.984375 
vt 0.880859 0.984375 
vt 0.880859 0.984375 
vt 0.880859 0.984375 
vt 0.880859 0.984375 
vt 0.880859 0.984375 
vt 0.880859 0.984375 
vt 0.880859 0.984375 
vt 0.880859 0.984375 
vt 0.880859 0.984375 
vt 0.880859 0.984375 
vt 0.880859 0.984375 
vt 0.880859 0.984375 
vt 0.880859 0.984375 
vt 0.880859 0.984375 
vt 0.880859 0.984375 
vt 0.880859 0.984375 
vt 0.880859 0.984375 
vt 0.880859 0.984375 
vt 0.880859 0.984375 
vt 0.880859 0.984375 
vt 0.880859 0.984375 
vt 0.880859 0.984375 
vt 0.880859 0.984375 
vt 0.880859 0.984375 
vt 0.880859 0.984375 
vt 0.880859 0.984375 
vt 0.880859 0.984375 
vt 0.880859 0.984375 
vt 0.880859 0.984375 
vt 0.880859 0.984375 
vt 0.880859 0.984375 
vt 0.880859 0.984375 
vt 0.880859 0.984375 
vt 0.880859 0.984375 
vt 0.880859 0.984375 
vt 0.880859 0.984375 
vt 0.880859 0.984375 
vt 0.880859 0.984375 
vt 0.880859 0.984375 
vt 0.880859 0.984375 
vt 0.880859 0.984375 
vt 0.880859 0.984375 
vt 0.880859 0.984375 
vt 0.880859 0.984375 
vt 0.880859 0.984375 
vt 0.880859 0.984375 
vt 0.880859 0.984375 
vt 0.880859 0.984375 
vt 0.880859 0.984375 
vt 0.880859 0.984375 
vt 0.880859 0.984375 
vt 0.880859 0.984375 
vt 0.880859 0.984375 
vt 0.880859 0.984375 
vt 0.880859 0.984375 
vt 0.880859 0.984375 
vt 0.880859 0.984375 
vt 0.880859 0.984375 
vt 0.880859 0.984375 
vt 0.880859 0.984375 
vt 0.880859 0.984375 
vt 0.880859 0.984375 
vt 0.880859 0.984375 
vt 0.880859 0.984375 
vt 0.880859 0.984375 
vt 0.880859 0.984375 
vt 0.880859 0.984375 
vt 0.880859 0.984375 
vt 0.880859 0.984375 
vt 0.880859 0.984375 
vt 0.880859 0.984375 
vt 0.880859 0.984375 
vt 0.880859 0.984375 
vt 0.880859 0.984375 
vt 0.880859 0.984375 
vt 0.880859 0.984375 
vt 0.880859 0.984375 
vt 0.880859 0.984375 
vt 0.880859 0.984375 
vt 0.880859 0.984375 
vt 0.880859 0.984375 
vt 0.880859 0.984375 
vt 0.880859 0.984375 
vt 0.880859 0.984375 
vt 0.880859 0.984375 
vt 0.880859 0.984375 
vt 0.880859 0.984375 
vt 0.880859 0.984375 
vt 0.880859 0.984375 
vt 0.880859 0.984375 
vt 0.880859 0.984375 
vt 0.880859 0.984375 
vt 0.880859 0.984375 
vt 0.880859 0.984375 
vt 0.880859 0.984375 
vt 0.880859 0.984375 
vt 0.880859 0.984375 
vt 0.880859 0.984375 
vt 0.880859 0.984375 
vt 0.880859 0.984375 
vt 0.880859 0.984375 
vt 0.880859 0.984375 
vt 0.880859 0.984375 
vt 0.880859 0.984375 
vt 0.880859 0.984375 
vt 0.880859 0.984375 
vt 0.880859 0.984375 
vt 0.880859 0.984375 
vt 0.880859 0.984375 
vt 0.880859 0.984375 
vt 0.880859 0.984375 
vt 0.880859 0.984375 
vt 0.880859 0.984375 
vt 0.880859 0.984375 
vt 0.880859 0.984375 
vt 0.880859 0.984375 
vt 0.880859 0.984375 
vt 0.880859 0.984375 
vt 0.880859 0.984375 
vt 0.880859 0.984375 
vt 0.880859 0.984375 
vt 0.880859 0.984375 
vt 0.880859 0.984375 
vt 0.880859 0.984375 
vt 0.880859 0.984375 
vt 0.880859 0.984375 
vt 0.880859 0.984375 
vt 0.880859 0.984375 
vt 0.880859 0.984375 
vt 0.880859 0.984375 
vt 0.880859 0.984375 
vt 0.880859 0.984375 
vt 0.880859 0.984375 
vt 0.880859 0.984375 
vt 0.880859 0.984375 
vt 0.880859 0.984375 
vt 0.880859 0.984375 
vt 0.880859 0.984375 
vt 0.880859 0.984375 
vt 0.880859 0.984375 
vt 0.880859 0.984375 
vt 0.880859 0.984375 
vt 0.880859 0.984375 
vt 0.880859 0.984375 
vt 0.880859 0.984375 
vt 0.880859 0.984375 
vt 0.880859 0.984375 
vt 0.880859 0.984375 
vt 0.880859 0.984375 
vt 0.880859 0.984375 
vt 0.880859 0.984375 
vt 0.880859 0.984375 
vt 0.880859 0.984375 
vt 0.880859 0.984375 
vt 0.880859 0.984375 
vt 0.880859 0.984375 
vt 0.880859 0.984375 
vt 0.880859 0.984375 
vt 0.880859 0.984375 
vt 0.880859 0.984375 
vt 0.880859 0.984375 
vt 0.880859 0.984375 
vt 0.880859 0.984375 
vt 0.880859 0.984375 
vt 0.880859 0.984375 
vt 0.880859 0.984375 
vt 0.880859 0.984375 
vt 0.880859 0.984375 
vt 0.880859 0.984375 
vt 0.880859 0.984375 
vt 0.880859 0.984375 
vt 0.880859 0.984375 
vt 0.880859 0.984375 
vt 0.880859 0.984375 
vt 0.880859 0.984375 
vt 0.880859 0.984375 
vt 0.880859 0.984375 
vt 0.880859 0.984375 
vt 0.880859 0.984375 
vt 0.880859 0.984375 
vt 0.880859 0.984375 
vt 0.880859 0.984375 
vt 0.880859 0.984375 
vt 0.880859 0.984375 
vt 0.880859 0.984375 
vt 0.880859 0.984375 
vt 0.909811 0.769788 
vt 0.917475 0.765625 
vt 0.921256 0.765625 
vt 0.91504 0.769788 
vt 0.903314 0.781643 
vt 0.90977 0.781643 
vt 0.898973 0.799384 
vt 0.906249 0.799384 
vt 0.897449 0.820313 
vt 0.905012 0.820313 
vt 0.897449 0.929688 
vt 0.905012 0.929688 
vt 0.898973 0.950616 
vt 0.906249 0.950616 
vt 0.903314 0.968357 
vt 0.90977 0.968357 
vt 0.909811 0.980212 
vt 0.91504 0.980212 
vt 0.917475 0.984375 
vt 0.921256 0.984375 
vt 0.925531 0.765625 
vt 0.920951 0.769788 
vt 0.917068 0.781643 
vt 0.914474 0.799384 
vt 0.913563 0.820313 
vt 0.913563 0.929688 
vt 0.914474 0.950616 
vt 0.917068 0.968357 
vt 0.920951 0.980212 
vt 0.925531 0.984375 
vt 0.93017 0.765625 
vt 0.927365 0.769788 
vt 0.924987 0.781643 
vt 0.923398 0.799384 
vt 0.92284 0.820313 
vt 0.92284 0.929688 
vt 0.923398 0.950616 
vt 0.924987 0.968357 
vt 0.927365 0.980212 
vt 0.93017 0.984375 
vt 0.935032 0.765625 
vt 0.934087 0.769788 
vt 0.933286 0.781643 
vt 0.932751 0.799384 
vt 0.932563 0.820313 
vt 0.932563 0.929688 
vt 0.932751 0.950616 
vt 0.933286 0.968357 
vt 0.934087 0.980212 
vt 0.935032 0.984375 
vt 0.939968 0.765625 
vt 0.940913 0.769788 
vt 0.941714 0.781643 
vt 0.942249 0.799384 
vt 0.942437 0.820313 
vt 0.942437 0.929688 
vt 0.942249 0.950616 
vt 0.941714 0.968357 
vt 0.940913 0.980212 
vt 0.939968 0.984375 
vt 0.94483 0.765625 
vt 0.947635 0.769788 
vt 0.950013 0.781643 
vt 0.951602 0.799384 
vt 0.95216 0.820313 
vt 0.95216 0.929688 
vt 0.951602 0.950616 
vt 0.950013 0.968357 
vt 0.947635 0.980212 
vt 0.94483 0.984375 
vt 0.949469 0.765625 
vt 0.954049 0.769788 
vt 0.957932 0.781643 
vt 0.960526 0.799384 
vt 0.961437 0.820313 
vt 0.961437 0.929688 
vt 0.960526 0.950616 
vt 0.957932 0.968357 
vt 0.954049 0.980212 
vt 0.949469 0.984375 
vt 0.953744 0.765625 
vt 0.95996 0.769788 
vt 0.96523 0.781643 
vt 0.968751 0.799384 
vt 0.969988 0.820313 
vt 0.969988 0.929688 
vt 0.968751 0.950616 
vt 0.96523 0.968357 
vt 0.95996 0.980212 
vt 0.953744 0.984375 
vt 0.957525 0.765625 
vt 0.965189 0.769788 
vt 0.971686 0.781643 
vt 0.976027 0.799384 
vt 0.977551 0.820313 
vt 0.977551 0.929688 
vt 0.976027 0.950616 
vt 0.971686 0.968357 
vt 0.965189 0.980212 
vt 0.957525 0.984375 

usemtl Npc1Mtl

f 4840/4840/4840 4841/4841/4841 4842/4842/4842 
f 4842/4842/4842 4843/4843/4843 4840/4840/4840 
f 4844/4844/4844 4840/4840/4840 4843/4843/4843 
f 4843/4843/4843 4845/4845/4845 4844/4844/4844 
f 4846/4846/4846 4844/4844/4844 4845/4845/4845 
f 4845/4845/4845 4847/4847/4847 4846/4846/4846 
f 4848/4848/4848 4846/4846/4846 4847/4847/4847 
f 4847/4847/4847 4849/4849/4849 4848/4848/4848 
f 4850/4850/4850 4848/4848/4848 4849/4849/4849 
f 4849/4849/4849 4851/4851/4851 4850/4850/4850 
f 4852/4852/4852 4850/4850/4850 4851/4851/4851 
f 4851/4851/4851 4853/4853/4853 4852/4852/4852 
f 4854/4854/4854 4852/4852/4852 4853/4853/4853 
f 4853/4853/4853 4855/4855/4855 4854/4854/4854 
f 4856/4856/4856 4854/4854/4854 4855/4855/4855 
f 4855/4855/4855 4857/4857/4857 4856/4856/4856 
f 4858/4858/4858 4856/4856/4856 4857/4857/4857 
f 4857/4857/4857 4859/4859/4859 4858/4858/4858 
f 4843/4843/4843 4842/4842/4842 4860/4860/4860 
f 4860/4860/4860 4861/4861/4861 4843/4843/4843 
f 4845/4845/4845 4843/4843/4843 4861/4861/4861 
f 4861/4861/4861 4862/4862/4862 4845/4845/4845 
f 4847/4847/4847 4845/4845/4845 4862/4862/4862 
f 4862/4862/4862 4863/4863/4863 4847/4847/4847 
f 4849/4849/4849 4847/4847/4847 4863/4863/4863 
f 4863/4863/4863 4864/4864/4864 4849/4849/4849 
f 4851/4851/4851 4849/4849/4849 4864/4864/4864 
f 4864/4864/4864 4865/4865/4865 4851/4851/4851 
f 4853/4853/4853 4851/4851/4851 4865/4865/4865 
f 4865/4865/4865 4866/4866/4866 4853/4853/4853 
f 4855/4855/4855 4853/4853/4853 4866/4866/4866 
f 4866/4866/4866 4867/4867/4867 4855/4855/4855 
f 4857/4857/4857 4855/4855/4855 4867/4867/4867 
f 4867/4867/4867 4868/4868/4868 4857/4857/4857 
f 4859/4859/4859 4857/4857/4857 4868/4868/4868 
f 4868/4868/4868 4869/4869/4869 4859/4859/4859 
f 4861/4861/4861 4860/4860/4860 4870/4870/4870 
f 4870/4870/4870 4871/4871/4871 4861/4861/4861 
f 4862/4862/4862 4861/4861/4861 4871/4871/4871 
f 4871/4871/4871 4872/4872/4872 4862/4862/4862 
f 4863/4863/4863 4862/4862/4862 4872/4872/4872 
f 4872/4872/4872 4873/4873/4873 4863/4863/4863 
f 4864/4864/4864 4863/4863/4863 4873/4873/4873 
f 4873/4873/4873 4874/4874/4874 4864/4864/4864 
f 4865/4865/4865 4864/4864/4864 4874/4874/4874 
f 4874/4874/4874 4875/4875/4875 4865/4865/4865 
f 4866/4866/4866 4865/4865/4865 4875/4875/4875 
f 4875/4875/4875 4876/4876/4876 4866/4866/4866 
f 4867/4867/4867 4866/4866/4866 4876/4876/4876 
f 4876/4876/4876 4877/4877/4877 4867/4867/4867 
f 4868/4868/4868 4867/4867/4867 4877/4877/4877 
f 4877/4877/4877 4878/4878/4878 4868/4868/4868 
f 4869/4869/4869 4868/4868/4868 4878/4878/4878 
f 4878/4878/4878 4879/4879/4879 4869/4869/4869 
f 4871/4871/4871 4870/4870/4870 4880/4880/4880 
f 4880/4880/4880 4881/4881/4881 4871/4871/4871 
f 4872/4872/4872 4871/4871/4871 4881/4881/4881 
f 4881/4881/4881 4882/4882/4882 4872/4872/4872 
f 4873/4873/4873 4872/4872/4872 4882/4882/4882 
f 4882/4882/4882 4883/4883/4883 4873/4873/4873 
f 4874/4874/4874 4873/4873/4873 4883/4883/4883 
f 4883/4883/4883 4884/4884/4884 4874/4874/4874 
f 4875/4875/4875 4874/4874/4874 4884/4884/4884 
f 4884/4884/4884 4885/4885/4885 4875/4875/4875 
f 4876/4876/4876 4875/4875/4875 4885/4885/4885 
f 4885/4885/4885 4886/4886/4886 4876/4876/4876 
f 4877/4877/4877 4876/4876/4876 4886/4886/4886 
f 4886/4886/4886 4887/4887/4887 4877/4877/4877 
f 4878/4878/4878 4877/4877/4877 4887/4887/4887 
f 4887/4887/4887 4888/4888/4888 4878/4878/4878 
f 4879/4879/4879 4878/4878/4878 4888/4888/4888 
f 4888/4888/4888 4889/4889/4889 4879/4879/4879 
f 4881/4881/4881 4880/4880/4880 4890/4890/4890 
f 4890/4890/4890 4891/4891/4891 4881/4881/4881 
f 4882/4882/4882 4881/4881/4881 4891/4891/4891 
f 4891/4891/4891 4892/4892/4892 4882/4882/4882 
f 4883/4883/4883 4882/4882/4882 4892/4892/4892 
f 4892/4892/4892 4893/4893/4893 4883/4883/4883 
f 4884/4884/4884 4883/4883/4883 4893/4893/4893 
f 4893/4893/4893 4894/4894/4894 4884/4884/4884 
f 4885/4885/4885 4884/4884/4884 4894/4894/4894 
f 4894/4894/4894 4895/4895/4895 4885/4885/4885 
f 4886/4886/4886 4885/4885/4885 4895/4895/4895 
f 4895/4895/4895 4896/4896/4896 4886/4886/4886 
f 4887/4887/4887 4886/4886/4886 4896/4896/4896 
f 4896/4896/4896 4897/4897/4897 4887/4887/4887 
f 4888/4888/4888 4887/4887/4887 4897/4897/4897 
f 4897/4897/4897 4898/4898/4898 4888/4888/4888 
f 4889/4889/4889 4888/4888/4888 4898/4898/4898 
f 4898/4898/4898 4899/4899/4899 4889/4889/4889 
f 4891/4891/4891 4890/4890/4890 4900/4900/4900 
f 4900/4900/4900 4901/4901/4901 4891/4891/4891 
f 4892/4892/4892 4891/4891/4891 4901/4901/4901 
f 4901/4901/4901 4902/4902/4902 4892/4892/4892 
f 4893/4893/4893 4892/4892/4892 4902/4902/4902 
f 4902/4902/4902 4903/4903/4903 4893/4893/4893 
f 4894/4894/4894 4893/4893/4893 4903/4903/4903 
f 4903/4903/4903 4904/4904/4904 4894/4894/4894 
f 4895/4895/4895 4894/4894/4894 4904/4904/4904 
f 4904/4904/4904 4905/4905/4905 4895/4895/4895 
f 4896/4896/4896 4895/4895/4895 4905/4905/4905 
f 4905/4905/4905 4906/4906/4906 4896/4896/4896 
f 4897/4897/4897 4896/4896/4896 4906/4906/4906 
f 4906/4906/4906 4907/4907/4907 4897/4897/4897 
f 4898/4898/4898 4897/4897/4897 4907/4907/4907 
f 4907/4907/4907 4908/4908/4908 4898/4898/4898 
f 4899/4899/4899 4898/4898/4898 4908/4908/4908 
f 4908/4908/4908 4909/4909/4909 4899/4899/4899 
f 4901/4901/4901 4900/4900/4900 4910/4910/4910 
f 4910/4910/4910 4911/4911/4911 4901/4901/4901 
f 4902/4902/4902 4901/4901/4901 4911/4911/4911 
f 4911/4911/4911 4912/4912/4912 4902/4902/4902 
f 4903/4903/4903 4902/4902/4902 4912/4912/4912 
f 4912/4912/4912 4913/4913/4913 4903/4903/4903 
f 4904/4904/4904 4903/4903/4903 4913/4913/4913 
f 4913/4913/4913 4914/4914/4914 4904/4904/4904 
f 4905/4905/4905 4904/4904/4904 4914/4914/4914 
f 4914/4914/4914 4915/4915/4915 4905/4905/4905 
f 4906/4906/4906 4905/4905/4905 4915/4915/4915 
f 4915/4915/4915 4916/4916/4916 4906/4906/4906 
f 4907/4907/4907 4906/4906/4906 4916/4916/4916 
f 4916/4916/4916 4917/4917/4917 4907/4907/4907 
f 4908/4908/4908 4907/4907/4907 4917/4917/4917 
f 4917/4917/4917 4918/4918/4918 4908/4908/4908 
f 4909/4909/4909 4908/4908/4908 4918/4918/4918 
f 4918/4918/4918 4919/4919/4919 4909/4909/4909 
f 4911/4911/4911 4910/4910/4910 4920/4920/4920 
f 4920/4920/4920 4921/4921/4921 4911/4911/4911 
f 4912/4912/4912 4911/4911/4911 4921/4921/4921 
f 4921/4921/4921 4922/4922/4922 4912/4912/4912 
f 4913/4913/4913 4912/4912/4912 4922/4922/4922 
f 4922/4922/4922 4923/4923/4923 4913/4913/4913 
f 4914/4914/4914 4913/4913/4913 4923/4923/4923 
f 4923/4923/4923 4924/4924/4924 4914/4914/4914 
f 4915/4915/4915 4914/4914/4914 4924/4924/4924 
f 4924/4924/4924 4925/4925/4925 4915/4915/4915 
f 4916/4916/4916 4915/4915/4915 4925/4925/4925 
f 4925/4925/4925 4926/4926/4926 4916/4916/4916 
f 4917/4917/4917 4916/4916/4916 4926/4926/4926 
f 4926/4926/4926 4927/4927/4927 4917/4917/4917 
f 4918/4918/4918 4917/4917/4917 4927/4927/4927 
f 4927/4927/4927 4928/4928/4928 4918/4918/4918 
f 4919/4919/4919 4918/4918/4918 4928/4928/4928 
f 4928/4928/4928 4929/4929/4929 4919/4919/4919 
f 4921/4921/4921 4920/4920/4920 4930/4930/4930 
f 4930/4930/4930 4931/4931/4931 4921/4921/4921 
f 4922/4922/4922 4921/4921/4921 4931/4931/4931 
f 4931/4931/4931 4932/4932/4932 4922/4922/4922 
f 4923/4923/4923 4922/4922/4922 4932/4932/4932 
f 4932/4932/4932 4933/4933/4933 4923/4923/4923 
f 4924/4924/4924 4923/4923/4923 4933/4933/4933 
f 4933/4933/4933 4934/4934/4934 4924/4924/4924 
f 4925/4925/4925 4924/4924/4924 4934/4934/4934 
f 4934/4934/4934 4935/4935/4935 4925/4925/4925 
f 4926/4926/4926 4925/4925/4925 4935/4935/4935 
f 4935/4935/4935 4936/4936/4936 4926/4926/4926 
f 4927/4927/4927 4926/4926/4926 4936/4936/4936 
f 4936/4936/4936 4937/4937/4937 4927/4927/4927 
f 4928/4928/4928 4927/4927/4927 4937/4937/4937 
f 4937/4937/4937 4938/4938/4938 4928/4928/4928 
f 4929/4929/4929 4928/4928/4928 4938/4938/4938 
f 4938/4938/4938 4939/4939/4939 4929/4929/4929 
f 4940/4940/4940 4941/4941/4941 4942/4942/4942 
f 4940/4940/4940 4942/4942/4942 4943/4943/4943 
f 4940/4940/4940 4943/4943/4943 4944/4944/4944 
f 4940/4940/4940 4944/4944/4944 4945/4945/4945 
f 4940/4940/4940 4945/4945/4945 4946/4946/4946 
f 4940/4940/4940 4946/4946/4946 4947/4947/4947 
f 4940/4940/4940 4947/4947/4947 4948/4948/4948 
f 4940/4940/4940 4948/4948/4948 4949/4949/4949 
f 4940/4940/4940 4949/4949/4949 4950/4950/4950 
f 4940/4940/4940 4950/4950/4950 4951/4951/4951 
f 4940/4940/4940 4951/4951/4951 4952/4952/4952 
f 4940/4940/4940 4952/4952/4952 4953/4953/4953 
f 4940/4940/4940 4953/4953/4953 4954/4954/4954 
f 4940/4940/4940 4954/4954/4954 4955/4955/4955 
f 4940/4940/4940 4955/4955/4955 4956/4956/4956 
f 4940/4940/4940 4956/4956/4956 4957/4957/4957 
f 4940/4940/4940 4957/4957/4957 4958/4958/4958 
f 4940/4940/4940 4958/4958/4958 4959/4959/4959 
f 4940/4940/4940 4959/4959/4959 4960/4960/4960 
f 4940/4940/4940 4960/4960/4960 4961/4961/4961 
f 4940/4940/4940 4961/4961/4961 4962/4962/4962 
f 4940/4940/4940 4962/4962/4962 4963/4963/4963 
f 4940/4940/4940 4963/4963/4963 4964/4964/4964 
f 4940/4940/4940 4964/4964/4964 4965/4965/4965 
f 4940/4940/4940 4965/4965/4965 4966/4966/4966 
f 4940/4940/4940 4966/4966/4966 4967/4967/4967 
f 4940/4940/4940 4967/4967/4967 4968/4968/4968 
f 4940/4940/4940 4968/4968/4968 4969/4969/4969 
f 4940/4940/4940 4969/4969/4969 4970/4970/4970 
f 4940/4940/4940 4970/4970/4970 4971/4971/4971 
f 4940/4940/4940 4971/4971/4971 4972/4972/4972 
f 4940/4940/4940 4972/4972/4972 4973/4973/4973 
f 4940/4940/4940 4973/4973/4973 4974/4974/4974 
f 4940/4940/4940 4974/4974/4974 4975/4975/4975 
f 4940/4940/4940 4975/4975/4975 4976/4976/4976 
f 4940/4940/4940 4976/4976/4976 4941/4941/4941 
f 4977/4977/4977 4978/4978/4978 4979/4979/4979 
f 4979/4979/4979 4980/4980/4980 4977/4977/4977 
f 4981/4981/4981 4977/4977/4977 4980/4980/4980 
f 4980/4980/4980 4982/4982/4982 4981/4981/4981 
f 4983/4983/4983 4981/4981/4981 4982/4982/4982 
f 4982/4982/4982 4984/4984/4984 4983/4983/4983 
f 4985/4985/4985 4983/4983/4983 4984/4984/4984 
f 4984/4984/4984 4986/4986/4986 4985/4985/4985 
f 4987/4987/4987 4985/4985/4985 4986/4986/4986 
f 4986/4986/4986 4988/4988/4988 4987/4987/4987 
f 4989/4989/4989 4987/4987/4987 4988/4988/4988 
f 4988/4988/4988 4990/4990/4990 4989/4989/4989 
f 4991/4991/4991 4989/4989/4989 4990/4990/4990 
f 4990/4990/4990 4992/4992/4992 4991/4991/4991 
f 4993/4993/4993 4991/4991/4991 4992/4992/4992 
f 4992/4992/4992 4994/4994/4994 4993/4993/4993 
f 4995/4995/4995 4993/4993/4993 4994/4994/4994 
f 4994/4994/4994 4996/4996/4996 4995/4995/4995 
f 4980/4980/4980 4979/4979/4979 4997/4997/4997 
f 4997/4997/4997 4998/4998/4998 4980/4980/4980 
f 4982/4982/4982 4980/4980/4980 4998/4998/4998 
f 4998/4998/4998 4999/4999/4999 4982/4982/4982 
f 4984/4984/4984 4982/4982/4982 4999/4999/4999 
f 4999/4999/4999 5000/5000/5000 4984/4984/4984 
f 4986/4986/4986 4984/4984/4984 5000/5000/5000 
f 5000/5000/5000 5001/5001/5001 4986/4986/4986 
f 4988/4988/4988 4986/4986/4986 5001/5001/5001 
f 5001/5001/5001 5002/5002/5002 4988/4988/4988 
f 4990/4990/4990 4988/4988/4988 5002/5002/5002 
f 5002/5002/5002 5003/5003/5003 4990/4990/4990 
f 4992/4992/4992 4990/4990/4990 5003/5003/5003 
f 5003/5003/5003 5004/5004/5004 4992/4992/4992 
f 4994/4994/4994 4992/4992/4992 5004/5004/5004 
f 5004/5004/5004 5005/5005/5005 4994/4994/4994 
f 4996/4996/4996 4994/4994/4994 5005/5005/5005 
f 5005/5005/5005 5006/5006/5006 4996/4996/4996 
f 4998/4998/4998 4997/4997/4997 5007/5007/5007 
f 5007/5007/5007 5008/5008/5008 4998/4998/4998 
f 4999/4999/4999 4998/4998/4998 5008/5008/5008 
f 5008/5008/5008 5009/5009/5009 4999/4999/4999 
f 5000/5000/5000 4999/4999/4999 5009/5009/5009 
f 5009/5009/5009 5010/5010/5010 5000/5000/5000 
f 5001/5001/5001 5000/5000/5000 5010/5010/5010 
f 5010/5010/5010 5011/5011/5011 5001/5001/5001 
f 5002/5002/5002 5001/5001/5001 5011/5011/5011 
f 5011/5011/5011 5012/5012/5012 5002/5002/5002 
f 5003/5003/5003 5002/5002/5002 5012/5012/5012 
f 5012/5012/5012 5013/5013/5013 5003/5003/5003 
f 5004/5004/5004 5003/5003/5003 5013/5013/5013 
f 5013/5013/5013 5014/5014/5014 5004/5004/5004 
f 5005/5005/5005 5004/5004/5004 5014/5014/5014 
f 5014/5014/5014 5015/5015/5015 5005/5005/5005 
f 5006/5006/5006 5005/5005/5005 5015/5015/5015 
f 5015/5015/5015 5016/5016/5016 5006/5006/5006 
f 5008/5008/5008 5007/5007/5007 5017/5017/5017 
f 5017/5017/5017 5018/5018/5018 5008/5008/5008 
f 5009/5009/5009 5008/5008/5008 5018/5018/5018 
f 5018/5018/5018 5019/5019/5019 5009/5009/5009 
f 5010/5010/5010 5009/5009/5009 5019/5019/5019 
f 5019/5019/5019 5020/5020/5020 5010/5010/5010 
f 5011/5011/5011 5010/5010/5010 5020/5020/5020 
f 5020/5020/5020 5021/5021/5021 5011/5011/5011 
f 5012/5012/5012 5011/5011/5011 5021/5021/5021 
f 5021/5021/5021 5022/5022/5022 5012/5012/5012 
f 5013/5013/5013 5012/5012/5012 5022/5022/5022 
f 5022/5022/5022 5023/5023/5023 5013/5013/5013 
f 5014/5014/5014 5013/5013/5013 5023/5023/5023 
f 5023/5023/5023 5024/5024/5024 5014/5014/5014 
f 5015/5015/5015 5014/5014/5014 5024/5024/5024 
f 5024/5024/5024 5025/5025/5025 5015/5015/5015 
f 5016/5016/5016 5015/5015/5015 5025/5025/5025 
f 5025/5025/5025 5026/5026/5026 5016/5016/5016 
f 5018/5018/5018 5017/5017/5017 5027/5027/5027 
f 5027/5027/5027 5028/5028/5028 5018/5018/5018 
f 5019/5019/5019 5018/5018/5018 5028/5028/5028 
f 5028/5028/5028 5029/5029/5029 5019/5019/5019 
f 5020/5020/5020 5019/5019/5019 5029/5029/5029 
f 5029/5029/5029 5030/5030/5030 5020/5020/5020 
f 5021/5021/5021 5020/5020/5020 5030/5030/5030 
f 5030/5030/5030 5031/5031/5031 5021/5021/5021 
f 5022/5022/5022 5021/5021/5021 5031/5031/5031 
f 5031/5031/5031 5032/5032/5032 5022/5022/5022 
f 5023/5023/5023 5022/5022/5022 5032/5032/5032 
f 5032/5032/5032 5033/5033/5033 5023/5023/5023 
f 5024/5024/5024 5023/5023/5023 5033/5033/5033 
f 5033/5033/5033 5034/5034/5034 5024/5024/5024 
f 5025/5025/5025 5024/5024/5024 5034/5034/5034 
f 5034/5034/5034 5035/5035/5035 5025/5025/5025 
f 5026/5026/5026 5025/5025/5025 5035/5035/5035 
f 5035/5035/5035 5036/5036/5036 5026/5026/5026 
f 5028/5028/5028 5027/5027/5027 5037/5037/5037 
f 5037/5037/5037 5038/5038/5038 5028/5028/5028 
f 5029/5029/5029 5028/5028/5028 5038/5038/5038 
f 5038/5038/5038 5039/5039/5039 5029/5029/5029 
f 5030/5030/5030 5029/5029/5029 5039/5039/5039 
f 5039/5039/5039 5040/5040/5040 5030/5030/5030 
f 5031/5031/5031 5030/5030/5030 5040/5040/5040 
f 5040/5040/5040 5041/5041/5041 5031/5031/5031 
f 5032/5032/5032 5031/5031/5031 5041/5041/5041 
f 5041/5041/5041 5042/5042/5042 5032/5032/5032 
f 5033/5033/5033 5032/5032/5032 5042/5042/5042 
f 5042/5042/5042 5043/5043/5043 5033/5033/5033 
f 5034/5034/5034 5033/5033/5033 5043/5043/5043 
f 5043/5043/5043 5044/5044/5044 5034/5034/5034 
f 5035/5035/5035 5034/5034/5034 5044/5044/5044 
f 5044/5044/5044 5045/5045/5045 5035/5035/5035 
f 5036/5036/5036 5035/5035/5035 5045/5045/5045 
f 5045/5045/5045 5046/5046/5046 5036/5036/5036 
f 5038/5038/5038 5037/5037/5037 5047/5047/5047 
f 5047/5047/5047 5048/5048/5048 5038/5038/5038 
f 5039/5039/5039 5038/5038/5038 5048/5048/5048 
f 5048/5048/5048 5049/5049/5049 5039/5039/5039 
f 5040/5040/5040 5039/5039/5039 5049/5049/5049 
f 5049/5049/5049 5050/5050/5050 5040/5040/5040 
f 5041/5041/5041 5040/5040/5040 5050/5050/5050 
f 5050/5050/5050 5051/5051/5051 5041/5041/5041 
f 5042/5042/5042 5041/5041/5041 5051/5051/5051 
f 5051/5051/5051 5052/5052/5052 5042/5042/5042 
f 5043/5043/5043 5042/5042/5042 5052/5052/5052 
f 5052/5052/5052 5053/5053/5053 5043/5043/5043 
f 5044/5044/5044 5043/5043/5043 5053/5053/5053 
f 5053/5053/5053 5054/5054/5054 5044/5044/5044 
f 5045/5045/5045 5044/5044/5044 5054/5054/5054 
f 5054/5054/5054 5055/5055/5055 5045/5045/5045 
f 5046/5046/5046 5045/5045/5045 5055/5055/5055 
f 5055/5055/5055 5056/5056/5056 5046/5046/5046 
f 5048/5048/5048 5047/5047/5047 5057/5057/5057 
f 5057/5057/5057 5058/5058/5058 5048/5048/5048 
f 5049/5049/5049 5048/5048/5048 5058/5058/5058 
f 5058/5058/5058 5059/5059/5059 5049/5049/5049 
f 5050/5050/5050 5049/5049/5049 5059/5059/5059 
f 5059/5059/5059 5060/5060/5060 5050/5050/5050 
f 5051/5051/5051 5050/5050/5050 5060/5060/5060 
f 5060/5060/5060 5061/5061/5061 5051/5051/5051 
f 5052/5052/5052 5051/5051/5051 5061/5061/5061 
f 5061/5061/5061 5062/5062/5062 5052/5052/5052 
f 5053/5053/5053 5052/5052/5052 5062/5062/5062 
f 5062/5062/5062 5063/5063/5063 5053/5053/5053 
f 5054/5054/5054 5053/5053/5053 5063/5063/5063 
f 5063/5063/5063 5064/5064/5064 5054/5054/5054 
f 5055/5055/5055 5054/5054/5054 5064/5064/5064 
f 5064/5064/5064 5065/5065/5065 5055/5055/5055 
f 5056/5056/5056 5055/5055/5055 5065/5065/5065 
f 5065/5065/5065 5066/5066/5066 5056/5056/5056 
f 5058/5058/5058 5057/5057/5057 4841/4841/4841 
f 4841/4841/4841 4840/4840/4840 5058/5058/5058 
f 5059/5059/5059 5058/5058/5058 4840/4840/4840 
f 4840/4840/4840 4844/4844/4844 5059/5059/5059 
f 5060/5060/5060 5059/5059/5059 4844/4844/4844 
f 4844/4844/4844 4846/4846/4846 5060/5060/5060 
f 5061/5061/5061 5060/5060/5060 4846/4846/4846 
f 4846/4846/4846 4848/4848/4848 5061/5061/5061 
f 5062/5062/5062 5061/5061/5061 4848/4848/4848 
f 4848/4848/4848 4850/4850/4850 5062/5062/5062 
f 5063/5063/5063 5062/5062/5062 4850/4850/4850 
f 4850/4850/4850 4852/4852/4852 5063/5063/5063 
f 5064/5064/5064 5063/5063/5063 4852/4852/4852 
f 4852/4852/4852 4854/4854/4854 5064/5064/5064 
f 5065/5065/5065 5064/5064/5064 4854/4854/4854 
f 4854/4854/4854 4856/4856/4856 5065/5065/5065 
f 5066/5066/5066 5065/5065/5065 4856/4856/4856 
f 4856/4856/4856 4858/4858/4858 5066/5066/5066 
f 5067/5067/5067 5068/5068/5068 5069/5069/5069 
f 5069/5069/5069 5070/5070/5070 5067/5067/5067 
f 5071/5071/5071 5067/5067/5067 5070/5070/5070 
f 5070/5070/5070 5072/5072/5072 5071/5071/5071 
f 5073/5073/5073 5071/5071/5071 5072/5072/5072 
f 5072/5072/5072 5074/5074/5074 5073/5073/5073 
f 5075/5075/5075 5073/5073/5073 5074/5074/5074 
f 5074/5074/5074 5076/5076/5076 5075/5075/5075 
f 5077/5077/5077 5075/5075/5075 5076/5076/5076 
f 5076/5076/5076 5078/5078/5078 5077/5077/5077 
f 5079/5079/5079 5077/5077/5077 5078/5078/5078 
f 5078/5078/5078 5080/5080/5080 5079/5079/5079 
f 5081/5081/5081 5079/5079/5079 5080/5080/5080 
f 5080/5080/5080 5082/5082/5082 5081/5081/5081 
f 5083/5083/5083 5081/5081/5081 5082/5082/5082 
f 5082/5082/5082 5084/5084/5084 5083/5083/5083 
f 5085/5085/5085 5083/5083/5083 5084/5084/5084 
f 5084/5084/5084 5086/5086/5086 5085/5085/5085 
f 5070/5070/5070 5069/5069/5069 5087/5087/5087 
f 5087/5087/5087 5088/5088/5088 5070/5070/5070 
f 5072/5072/5072 5070/5070/5070 5088/5088/5088 
f 5088/5088/5088 5089/5089/5089 5072/5072/5072 
f 5074/5074/5074 5072/5072/5072 5089/5089/5089 
f 5089/5089/5089 5090/5090/5090 5074/5074/5074 
f 5076/5076/5076 5074/5074/5074 5090/5090/5090 
f 5090/5090/5090 5091/5091/5091 5076/5076/5076 
f 5078/5078/5078 5076/5076/5076 5091/5091/5091 
f 5091/5091/5091 5092/5092/5092 5078/5078/5078 
f 5080/5080/5080 5078/5078/5078 5092/5092/5092 
f 5092/5092/5092 5093/5093/5093 5080/5080/5080 
f 5082/5082/5082 5080/5080/5080 5093/5093/5093 
f 5093/5093/5093 5094/5094/5094 5082/5082/5082 
f 5084/5084/5084 5082/5082/5082 5094/5094/5094 
f 5094/5094/5094 5095/5095/5095 5084/5084/5084 
f 5086/5086/5086 5084/5084/5084 5095/5095/5095 
f 5095/5095/5095 5096/5096/5096 5086/5086/5086 
f 5088/5088/5088 5087/5087/5087 5097/5097/5097 
f 5097/5097/5097 5098/5098/5098 5088/5088/5088 
f 5089/5089/5089 5088/5088/5088 5098/5098/5098 
f 5098/5098/5098 5099/5099/5099 5089/5089/5089 
f 5090/5090/5090 5089/5089/5089 5099/5099/5099 
f 5099/5099/5099 5100/5100/5100 5090/5090/5090 
f 5091/5091/5091 5090/5090/5090 5100/5100/5100 
f 5100/5100/5100 5101/5101/5101 5091/5091/5091 
f 5092/5092/5092 5091/5091/5091 5101/5101/5101 
f 5101/5101/5101 5102/5102/5102 5092/5092/5092 
f 5093/5093/5093 5092/5092/5092 5102/5102/5102 
f 5102/5102/5102 5103/5103/5103 5093/5093/5093 
f 5094/5094/5094 5093/5093/5093 5103/5103/5103 
f 5103/5103/5103 5104/5104/5104 5094/5094/5094 
f 5095/5095/5095 5094/5094/5094 5104/5104/5104 
f 5104/5104/5104 5105/5105/5105 5095/5095/5095 
f 5096/5096/5096 5095/5095/5095 5105/5105/5105 
f 5105/5105/5105 5106/5106/5106 5096/5096/5096 
f 5098/5098/5098 5097/5097/5097 5107/5107/5107 
f 5107/5107/5107 5108/5108/5108 5098/5098/5098 
f 5099/5099/5099 5098/5098/5098 5108/5108/5108 
f 5108/5108/5108 5109/5109/5109 5099/5099/5099 
f 5100/5100/5100 5099/5099/5099 5109/5109/5109 
f 5109/5109/5109 5110/5110/5110 5100/5100/5100 
f 5101/5101/5101 5100/5100/5100 5110/5110/5110 
f 5110/5110/5110 5111/5111/5111 5101/5101/5101 
f 5102/5102/5102 5101/5101/5101 5111/5111/5111 
f 5111/5111/5111 5112/5112/5112 5102/5102/5102 
f 5103/5103/5103 5102/5102/5102 5112/5112/5112 
f 5112/5112/5112 5113/5113/5113 5103/5103/5103 
f 5104/5104/5104 5103/5103/5103 5113/5113/5113 
f 5113/5113/5113 5114/5114/5114 5104/5104/5104 
f 5105/5105/5105 5104/5104/5104 5114/5114/5114 
f 5114/5114/5114 5115/5115/5115 5105/5105/5105 
f 5106/5106/5106 5105/5105/5105 5115/5115/5115 
f 5115/5115/5115 5116/5116/5116 5106/5106/5106 
f 5108/5108/5108 5107/5107/5107 5117/5117/5117 
f 5117/5117/5117 5118/5118/5118 5108/5108/5108 
f 5109/5109/5109 5108/5108/5108 5118/5118/5118 
f 5118/5118/5118 5119/5119/5119 5109/5109/5109 
f 5110/5110/5110 5109/5109/5109 5119/5119/5119 
f 5119/5119/5119 5120/5120/5120 5110/5110/5110 
f 5111/5111/5111 5110/5110/5110 5120/5120/5120 
f 5120/5120/5120 5121/5121/5121 5111/5111/5111 
f 5112/5112/5112 5111/5111/5111 5121/5121/5121 
f 5121/5121/5121 5122/5122/5122 5112/5112/5112 
f 5113/5113/5113 5112/5112/5112 5122/5122/5122 
f 5122/5122/5122 5123/5123/5123 5113/5113/5113 
f 5114/5114/5114 5113/5113/5113 5123/5123/5123 
f 5123/5123/5123 5124/5124/5124 5114/5114/5114 
f 5115/5115/5115 5114/5114/5114 5124/5124/5124 
f 5124/5124/5124 5125/5125/5125 5115/5115/5115 
f 5116/5116/5116 5115/5115/5115 5125/5125/5125 
f 5125/5125/5125 5126/5126/5126 5116/5116/5116 
f 5118/5118/5118 5117/5117/5117 5127/5127/5127 
f 5127/5127/5127 5128/5128/5128 5118/5118/5118 
f 5119/5119/5119 5118/5118/5118 5128/5128/5128 
f 5128/5128/5128 5129/5129/5129 5119/5119/5119 
f 5120/5120/5120 5119/5119/5119 5129/5129/5129 
f 5129/5129/5129 5130/5130/5130 5120/5120/5120 
f 5121/5121/5121 5120/5120/5120 5130/5130/5130 
f 5130/5130/5130 5131/5131/5131 5121/5121/5121 
f 5122/5122/5122 5121/5121/5121 5131/5131/5131 
f 5131/5131/5131 5132/5132/5132 5122/5122/5122 
f 5123/5123/5123 5122/5122/5122 5132/5132/5132 
f 5132/5132/5132 5133/5133/5133 5123/5123/5123 
f 5124/5124/5124 5123/5123/5123 5133/5133/5133 
f 5133/5133/5133 5134/5134/5134 5124/5124/5124 
f 5125/5125/5125 5124/5124/5124 5134/5134/5134 
f 5134/5134/5134 5135/5135/5135 5125/5125/5125 
f 5126/5126/5126 5125/5125/5125 5135/5135/5135 
f 5135/5135/5135 5136/5136/5136 5126/5126/5126 
f 5128/5128/5128 5127/5127/5127 5137/5137/5137 
f 5137/5137/5137 5138/5138/5138 5128/5128/5128 
f 5129/5129/5129 5128/5128/5128 5138/5138/5138 
f 5138/5138/5138 5139/5139/5139 5129/5129/5129 
f 5130/5130/5130 5129/5129/5129 5139/5139/5139 
f 5139/5139/5139 5140/5140/5140 5130/5130/5130 
f 5131/5131/5131 5130/5130/5130 5140/5140/5140 
f 5140/5140/5140 5141/5141/5141 5131/5131/5131 
f 5132/5132/5132 5131/5131/5131 5141/5141/5141 
f 5141/5141/5141 5142/5142/5142 5132/5132/5132 
f 5133/5133/5133 5132/5132/5132 5142/5142/5142 
f 5142/5142/5142 5143/5143/5143 5133/5133/5133 
f 5134/5134/5134 5133/5133/5133 5143/5143/5143 
f 5143/5143/5143 5144/5144/5144 5134/5134/5134 
f 5135/5135/5135 5134/5134/5134 5144/5144/5144 
f 5144/5144/5144 5145/5145/5145 5135/5135/5135 
f 5136/5136/5136 5135/5135/5135 5145/5145/5145 
f 5145/5145/5145 5146/5146/5146 5136/5136/5136 
f 5138/5138/5138 5137/5137/5137 5147/5147/5147 
f 5147/5147/5147 5148/5148/5148 5138/5138/5138 
f 5139/5139/5139 5138/5138/5138 5148/5148/5148 
f 5148/5148/5148 5149/5149/5149 5139/5139/5139 
f 5140/5140/5140 5139/5139/5139 5149/5149/5149 
f 5149/5149/5149 5150/5150/5150 5140/5140/5140 
f 5141/5141/5141 5140/5140/5140 5150/5150/5150 
f 5150/5150/5150 5151/5151/5151 5141/5141/5141 
f 5142/5142/5142 5141/5141/5141 5151/5151/5151 
f 5151/5151/5151 5152/5152/5152 5142/5142/5142 
f 5143/5143/5143 5142/5142/5142 5152/5152/5152 
f 5152/5152/5152 5153/5153/5153 5143/5143/5143 
f 5144/5144/5144 5143/5143/5143 5153/5153/5153 
f 5153/5153/5153 5154/5154/5154 5144/5144/5144 
f 5145/5145/5145 5144/5144/5144 5154/5154/5154 
f 5154/5154/5154 5155/5155/5155 5145/5145/5145 
f 5146/5146/5146 5145/5145/5145 5155/5155/5155 
f 5155/5155/5155 5156/5156/5156 5146/5146/5146 
f 5148/5148/5148 5147/5147/5147 4978/4978/4978 
f 4978/4978/4978 4977/4977/4977 5148/5148/5148 
f 5149/5149/5149 5148/5148/5148 4977/4977/4977 
f 4977/4977/4977 4981/4981/4981 5149/5149/5149 
f 5150/5150/5150 5149/5149/5149 4981/4981/4981 
f 4981/4981/4981 4983/4983/4983 5150/5150/5150 
f 5151/5151/5151 5150/5150/5150 4983/4983/4983 
f 4983/4983/4983 4985/4985/4985 5151/5151/5151 
f 5152/5152/5152 5151/5151/5151 4985/4985/4985 
f 4985/4985/4985 4987/4987/4987 5152/5152/5152 
f 5153/5153/5153 5152/5152/5152 4987/4987/4987 
f 4987/4987/4987 4989/4989/4989 5153/5153/5153 
f 5154/5154/5154 5153/5153/5153 4989/4989/4989 
f 4989/4989/4989 4991/4991/4991 5154/5154/5154 
f 5155/5155/5155 5154/5154/5154 4991/4991/4991 
f 4991/4991/4991 4993/4993/4993 5155/5155/5155 
f 5156/5156/5156 5155/5155/5155 4993/4993/4993 
f 4993/4993/4993 4995/4995/4995 5156/5156/5156 
f 5157/5157/5157 5158/5158/5158 5159/5159/5159 
f 5159/5159/5159 5160/5160/5160 5157/5157/5157 
f 5161/5161/5161 5157/5157/5157 5160/5160/5160 
f 5160/5160/5160 5162/5162/5162 5161/5161/5161 
f 5163/5163/5163 5161/5161/5161 5162/5162/5162 
f 5162/5162/5162 5164/5164/5164 5163/5163/5163 
f 5165/5165/5165 5163/5163/5163 5164/5164/5164 
f 5164/5164/5164 5166/5166/5166 5165/5165/5165 
f 5167/5167/5167 5165/5165/5165 5166/5166/5166 
f 5166/5166/5166 5168/5168/5168 5167/5167/5167 
f 5169/5169/5169 5167/5167/5167 5168/5168/5168 
f 5168/5168/5168 5170/5170/5170 5169/5169/5169 
f 5171/5171/5171 5169/5169/5169 5170/5170/5170 
f 5170/5170/5170 5172/5172/5172 5171/5171/5171 
f 5173/5173/5173 5171/5171/5171 5172/5172/5172 
f 5172/5172/5172 5174/5174/5174 5173/5173/5173 
f 5175/5175/5175 5173/5173/5173 5174/5174/5174 
f 5174/5174/5174 5176/5176/5176 5175/5175/5175 
f 5160/5160/5160 5159/5159/5159 5177/5177/5177 
f 5177/5177/5177 5178/5178/5178 5160/5160/5160 
f 5162/5162/5162 5160/5160/5160 5178/5178/5178 
f 5178/5178/5178 5179/5179/5179 5162/5162/5162 
f 5164/5164/5164 5162/5162/5162 5179/5179/5179 
f 5179/5179/5179 5180/5180/5180 5164/5164/5164 
f 5166/5166/5166 5164/5164/5164 5180/5180/5180 
f 5180/5180/5180 5181/5181/5181 5166/5166/5166 
f 5168/5168/5168 5166/5166/5166 5181/5181/5181 
f 5181/5181/5181 5182/5182/5182 5168/5168/5168 
f 5170/5170/5170 5168/5168/5168 5182/5182/5182 
f 5182/5182/5182 5183/5183/5183 5170/5170/5170 
f 5172/5172/5172 5170/5170/5170 5183/5183/5183 
f 5183/5183/5183 5184/5184/5184 5172/5172/5172 
f 5174/5174/5174 5172/5172/5172 5184/5184/5184 
f 5184/5184/5184 5185/5185/5185 5174/5174/5174 
f 5176/5176/5176 5174/5174/5174 5185/5185/5185 
f 5185/5185/5185 5186/5186/5186 5176/5176/5176 
f 5178/5178/5178 5177/5177/5177 5187/5187/5187 
f 5187/5187/5187 5188/5188/5188 5178/5178/5178 
f 5179/5179/5179 5178/5178/5178 5188/5188/5188 
f 5188/5188/5188 5189/5189/5189 5179/5179/5179 
f 5180/5180/5180 5179/5179/5179 5189/5189/5189 
f 5189/5189/5189 5190/5190/5190 5180/5180/5180 
f 5181/5181/5181 5180/5180/5180 5190/5190/5190 
f 5190/5190/5190 5191/5191/5191 5181/5181/5181 
f 5182/5182/5182 5181/5181/5181 5191/5191/5191 
f 5191/5191/5191 5192/5192/5192 5182/5182/5182 
f 5183/5183/5183 5182/5182/5182 5192/5192/5192 
f 5192/5192/5192 5193/5193/5193 5183/5183/5183 
f 5184/5184/5184 5183/5183/5183 5193/5193/5193 
f 5193/5193/5193 5194/5194/5194 5184/5184/5184 
f 5185/5185/5185 5184/5184/5184 5194/5194/5194 
f 5194/5194/5194 5195/5195/5195 5185/5185/5185 
f 5186/5186/5186 5185/5185/5185 5195/5195/5195 
f 5195/5195/5195 5196/5196/5196 5186/5186/5186 
f 5188/5188/5188 5187/5187/5187 5197/5197/5197 
f 5197/5197/5197 5198/5198/5198 5188/5188/5188 
f 5189/5189/5189 5188/5188/5188 5198/5198/5198 
f 5198/5198/5198 5199/5199/5199 5189/5189/5189 
f 5190/5190/5190 5189/5189/5189 5199/5199/5199 
f 5199/5199/5199 5200/5200/5200 5190/5190/5190 
f 5191/5191/5191 5190/5190/5190 5200/5200/5200 
f 5200/5200/5200 5201/5201/5201 5191/5191/5191 
f 5192/5192/5192 5191/5191/5191 5201/5201/5201 
f 5201/5201/5201 5202/5202/5202 5192/5192/5192 
f 5193/5193/5193 5192/5192/5192 5202/5202/5202 
f 5202/5202/5202 5203/5203/5203 5193/5193/5193 
f 5194/5194/5194 5193/5193/5193 5203/5203/5203 
f 5203/5203/5203 5204/5204/5204 5194/5194/5194 
f 5195/5195/5195 5194/5194/5194 5204/5204/5204 
f 5204/5204/5204 5205/5205/5205 5195/5195/5195 
f 5196/5196/5196 5195/5195/5195 5205/5205/5205 
f 5205/5205/5205 5206/5206/5206 5196/5196/5196 
f 5198/5198/5198 5197/5197/5197 5207/5207/5207 
f 5207/5207/5207 5208/5208/5208 5198/5198/5198 
f 5199/5199/5199 5198/5198/5198 5208/5208/5208 
f 5208/5208/5208 5209/5209/5209 5199/5199/5199 
f 5200/5200/5200 5199/5199/5199 5209/5209/5209 
f 5209/5209/5209 5210/5210/5210 5200/5200/5200 
f 5201/5201/5201 5200/5200/5200 5210/5210/5210 
f 5210/5210/5210 5211/5211/5211 5201/5201/5201 
f 5202/5202/5202 5201/5201/5201 5211/5211/5211 
f 5211/5211/5211 5212/5212/5212 5202/5202/5202 
f 5203/5203/5203 5202/5202/5202 5212/5212/5212 
f 5212/5212/5212 5213/5213/5213 5203/5203/5203 
f 5204/5204/5204 5203/5203/5203 5213/5213/5213 
f 5213/5213/5213 5214/5214/5214 5204/5204/5204 
f 5205/5205/5205 5204/5204/5204 5214/5214/5214 
f 5214/5214/5214 5215/5215/5215 5205/5205/5205 
f 5206/5206/5206 5205/5205/5205 5215/5215/5215 
f 5215/5215/5215 5216/5216/5216 5206/5206/5206 
f 5208/5208/5208 5207/5207/5207 5217/5217/5217 
f 5217/5217/5217 5218/5218/5218 5208/5208/5208 
f 5209/5209/5209 5208/5208/5208 5218/5218/5218 
f 5218/5218/5218 5219/5219/5219 5209/5209/5209 
f 5210/5210/5210 5209/5209/5209 5219/5219/5219 
f 5219/5219/5219 5220/5220/5220 5210/5210/5210 
f 5211/5211/5211 5210/5210/5210 5220/5220/5220 
f 5220/5220/5220 5221/5221/5221 5211/5211/5211 
f 5212/5212/5212 5211/5211/5211 5221/5221/5221 
f 5221/5221/5221 5222/5222/5222 5212/5212/5212 
f 5213/5213/5213 5212/5212/5212 5222/5222/5222 
f 5222/5222/5222 5223/5223/5223 5213/5213/5213 
f 5214/5214/5214 5213/5213/5213 5223/5223/5223 
f 5223/5223/5223 5224/5224/5224 5214/5214/5214 
f 5215/5215/5215 5214/5214/5214 5224/5224/5224 
f 5224/5224/5224 5225/5225/5225 5215/5215/5215 
f 5216/5216/5216 5215/5215/5215 5225/5225/5225 
f 5225/5225/5225 5226/5226/5226 5216/5216/5216 
f 5218/5218/5218 5217/5217/5217 5227/5227/5227 
f 5227/5227/5227 5228/5228/5228 5218/5218/5218 
f 5219/5219/5219 5218/5218/5218 5228/5228/5228 
f 5228/5228/5228 5229/5229/5229 5219/5219/5219 
f 5220/5220/5220 5219/5219/5219 5229/5229/5229 
f 5229/5229/5229 5230/5230/5230 5220/5220/5220 
f 5221/5221/5221 5220/5220/5220 5230/5230/5230 
f 5230/5230/5230 5231/5231/5231 5221/5221/5221 
f 5222/5222/5222 5221/5221/5221 5231/5231/5231 
f 5231/5231/5231 5232/5232/5232 5222/5222/5222 
f 5223/5223/5223 5222/5222/5222 5232/5232/5232 
f 5232/5232/5232 5233/5233/5233 5223/5223/5223 
f 5224/5224/5224 5223/5223/5223 5233/5233/5233 
f 5233/5233/5233 5234/5234/5234 5224/5224/5224 
f 5225/5225/5225 5224/5224/5224 5234/5234/5234 
f 5234/5234/5234 5235/5235/5235 5225/5225/5225 
f 5226/5226/5226 5225/5225/5225 5235/5235/5235 
f 5235/5235/5235 5236/5236/5236 5226/5226/5226 
f 5228/5228/5228 5227/5227/5227 5237/5237/5237 
f 5237/5237/5237 5238/5238/5238 5228/5228/5228 
f 5229/5229/5229 5228/5228/5228 5238/5238/5238 
f 5238/5238/5238 5239/5239/5239 5229/5229/5229 
f 5230/5230/5230 5229/5229/5229 5239/5239/5239 
f 5239/5239/5239 5240/5240/5240 5230/5230/5230 
f 5231/5231/5231 5230/5230/5230 5240/5240/5240 
f 5240/5240/5240 5241/5241/5241 5231/5231/5231 
f 5232/5232/5232 5231/5231/5231 5241/5241/5241 
f 5241/5241/5241 5242/5242/5242 5232/5232/5232 
f 5233/5233/5233 5232/5232/5232 5242/5242/5242 
f 5242/5242/5242 5243/5243/5243 5233/5233/5233 
f 5234/5234/5234 5233/5233/5233 5243/5243/5243 
f 5243/5243/5243 5244/5244/5244 5234/5234/5234 
f 5235/5235/5235 5234/5234/5234 5244/5244/5244 
f 5244/5244/5244 5245/5245/5245 5235/5235/5235 
f 5236/5236/5236 5235/5235/5235 5245/5245/5245 
f 5245/5245/5245 5246/5246/5246 5236/5236/5236 
f 5238/5238/5238 5237/5237/5237 5247/5247/5247 
f 5247/5247/5247 5248/5248/5248 5238/5238/5238 
f 5239/5239/5239 5238/5238/5238 5248/5248/5248 
f 5248/5248/5248 5249/5249/5249 5239/5239/5239 
f 5240/5240/5240 5239/5239/5239 5249/5249/5249 
f 5249/5249/5249 5250/5250/5250 5240/5240/5240 
f 5241/5241/5241 5240/5240/5240 5250/5250/5250 
f 5250/5250/5250 5251/5251/5251 5241/5241/5241 
f 5242/5242/5242 5241/5241/5241 5251/5251/5251 
f 5251/5251/5251 5252/5252/5252 5242/5242/5242 
f 5243/5243/5243 5242/5242/5242 5252/5252/5252 
f 5252/5252/5252 5253/5253/5253 5243/5243/5243 
f 5244/5244/5244 5243/5243/5243 5253/5253/5253 
f 5253/5253/5253 5254/5254/5254 5244/5244/5244 
f 5245/5245/5245 5244/5244/5244 5254/5254/5254 
f 5254/5254/5254 5255/5255/5255 5245/5245/5245 
f 5246/5246/5246 5245/5245/5245 5255/5255/5255 
f 5255/5255/5255 5256/5256/5256 5246/5246/5246 
f 5257/5257/5257 5258/5258/5258 5259/5259/5259 
f 5259/5259/5259 5260/5260/5260 5257/5257/5257 
f 5261/5261/5261 5257/5257/5257 5260/5260/5260 
f 5260/5260/5260 5262/5262/5262 5261/5261/5261 
f 5263/5263/5263 5261/5261/5261 5262/5262/5262 
f 5262/5262/5262 5264/5264/5264 5263/5263/5263 
f 5265/5265/5265 5263/5263/5263 5264/5264/5264 
f 5264/5264/5264 5266/5266/5266 5265/5265/5265 
f 5267/5267/5267 5265/5265/5265 5266/5266/5266 
f 5266/5266/5266 5268/5268/5268 5267/5267/5267 
f 5269/5269/5269 5267/5267/5267 5268/5268/5268 
f 5268/5268/5268 5270/5270/5270 5269/5269/5269 
f 5271/5271/5271 5269/5269/5269 5270/5270/5270 
f 5270/5270/5270 5272/5272/5272 5271/5271/5271 
f 5273/5273/5273 5271/5271/5271 5272/5272/5272 
f 5272/5272/5272 5274/5274/5274 5273/5273/5273 
f 5275/5275/5275 5273/5273/5273 5274/5274/5274 
f 5274/5274/5274 5276/5276/5276 5275/5275/5275 
f 5260/5260/5260 5259/5259/5259 5277/5277/5277 
f 5277/5277/5277 5278/5278/5278 5260/5260/5260 
f 5262/5262/5262 5260/5260/5260 5278/5278/5278 
f 5278/5278/5278 5279/5279/5279 5262/5262/5262 
f 5264/5264/5264 5262/5262/5262 5279/5279/5279 
f 5279/5279/5279 5280/5280/5280 5264/5264/5264 
f 5266/5266/5266 5264/5264/5264 5280/5280/5280 
f 5280/5280/5280 5281/5281/5281 5266/5266/5266 
f 5268/5268/5268 5266/5266/5266 5281/5281/5281 
f 5281/5281/5281 5282/5282/5282 5268/5268/5268 
f 5270/5270/5270 5268/5268/5268 5282/5282/5282 
f 5282/5282/5282 5283/5283/5283 5270/5270/5270 
f 5272/5272/5272 5270/5270/5270 5283/5283/5283 
f 5283/5283/5283 5284/5284/5284 5272/5272/5272 
f 5274/5274/5274 5272/5272/5272 5284/5284/5284 
f 5284/5284/5284 5285/5285/5285 5274/5274/5274 
f 5276/5276/5276 5274/5274/5274 5285/5285/5285 
f 5285/5285/5285 5286/5286/5286 5276/5276/5276 
f 5278/5278/5278 5277/5277/5277 5287/5287/5287 
f 5287/5287/5287 5288/5288/5288 5278/5278/5278 
f 5279/5279/5279 5278/5278/5278 5288/5288/5288 
f 5288/5288/5288 5289/5289/5289 5279/5279/5279 
f 5280/5280/5280 5279/5279/5279 5289/5289/5289 
f 5289/5289/5289 5290/5290/5290 5280/5280/5280 
f 5281/5281/5281 5280/5280/5280 5290/5290/5290 
f 5290/5290/5290 5291/5291/5291 5281/5281/5281 
f 5282/5282/5282 5281/5281/5281 5291/5291/5291 
f 5291/5291/5291 5292/5292/5292 5282/5282/5282 
f 5283/5283/5283 5282/5282/5282 5292/5292/5292 
f 5292/5292/5292 5293/5293/5293 5283/5283/5283 
f 5284/5284/5284 5283/5283/5283 5293/5293/5293 
f 5293/5293/5293 5294/5294/5294 5284/5284/5284 
f 5285/5285/5285 5284/5284/5284 5294/5294/5294 
f 5294/5294/5294 5295/5295/5295 5285/5285/5285 
f 5286/5286/5286 5285/5285/5285 5295/5295/5295 
f 5295/5295/5295 5296/5296/5296 5286/5286/5286 
f 5288/5288/5288 5287/5287/5287 5297/5297/5297 
f 5297/5297/5297 5298/5298/5298 5288/5288/5288 
f 5289/5289/5289 5288/5288/5288 5298/5298/5298 
f 5298/5298/5298 5299/5299/5299 5289/5289/5289 
f 5290/5290/5290 5289/5289/5289 5299/5299/5299 
f 5299/5299/5299 5300/5300/5300 5290/5290/5290 
f 5291/5291/5291 5290/5290/5290 5300/5300/5300 
f 5300/5300/5300 5301/5301/5301 5291/5291/5291 
f 5292/5292/5292 5291/5291/5291 5301/5301/5301 
f 5301/5301/5301 5302/5302/5302 5292/5292/5292 
f 5293/5293/5293 5292/5292/5292 5302/5302/5302 
f 5302/5302/5302 5303/5303/5303 5293/5293/5293 
f 5294/5294/5294 5293/5293/5293 5303/5303/5303 
f 5303/5303/5303 5304/5304/5304 5294/5294/5294 
f 5295/5295/5295 5294/5294/5294 5304/5304/5304 
f 5304/5304/5304 5305/5305/5305 5295/5295/5295 
f 5296/5296/5296 5295/5295/5295 5305/5305/5305 
f 5305/5305/5305 5306/5306/5306 5296/5296/5296 
f 5298/5298/5298 5297/5297/5297 5307/5307/5307 
f 5307/5307/5307 5308/5308/5308 5298/5298/5298 
f 5299/5299/5299 5298/5298/5298 5308/5308/5308 
f 5308/5308/5308 5309/5309/5309 5299/5299/5299 
f 5300/5300/5300 5299/5299/5299 5309/5309/5309 
f 5309/5309/5309 5310/5310/5310 5300/5300/5300 
f 5301/5301/5301 5300/5300/5300 5310/5310/5310 
f 5310/5310/5310 5311/5311/5311 5301/5301/5301 
f 5302/5302/5302 5301/5301/5301 5311/5311/5311 
f 5311/5311/5311 5312/5312/5312 5302/5302/5302 
f 5303/5303/5303 5302/5302/5302 5312/5312/5312 
f 5312/5312/5312 5313/5313/5313 5303/5303/5303 
f 5304/5304/5304 5303/5303/5303 5313/5313/5313 
f 5313/5313/5313 5314/5314/5314 5304/5304/5304 
f 5305/5305/5305 5304/5304/5304 5314/5314/5314 
f 5314/5314/5314 5315/5315/5315 5305/5305/5305 
f 5306/5306/5306 5305/5305/5305 5315/5315/5315 
f 5315/5315/5315 5316/5316/5316 5306/5306/5306 
f 5308/5308/5308 5307/5307/5307 5317/5317/5317 
f 5317/5317/5317 5318/5318/5318 5308/5308/5308 
f 5309/5309/5309 5308/5308/5308 5318/5318/5318 
f 5318/5318/5318 5319/5319/5319 5309/5309/5309 
f 5310/5310/5310 5309/5309/5309 5319/5319/5319 
f 5319/5319/5319 5320/5320/5320 5310/5310/5310 
f 5311/5311/5311 5310/5310/5310 5320/5320/5320 
f 5320/5320/5320 5321/5321/5321 5311/5311/5311 
f 5312/5312/5312 5311/5311/5311 5321/5321/5321 
f 5321/5321/5321 5322/5322/5322 5312/5312/5312 
f 5313/5313/5313 5312/5312/5312 5322/5322/5322 
f 5322/5322/5322 5323/5323/5323 5313/5313/5313 
f 5314/5314/5314 5313/5313/5313 5323/5323/5323 
f 5323/5323/5323 5324/5324/5324 5314/5314/5314 
f 5315/5315/5315 5314/5314/5314 5324/5324/5324 
f 5324/5324/5324 5325/5325/5325 5315/5315/5315 
f 5316/5316/5316 5315/5315/5315 5325/5325/5325 
f 5325/5325/5325 5326/5326/5326 5316/5316/5316 
f 5318/5318/5318 5317/5317/5317 5327/5327/5327 
f 5327/5327/5327 5328/5328/5328 5318/5318/5318 
f 5319/5319/5319 5318/5318/5318 5328/5328/5328 
f 5328/5328/5328 5329/5329/5329 5319/5319/5319 
f 5320/5320/5320 5319/5319/5319 5329/5329/5329 
f 5329/5329/5329 5330/5330/5330 5320/5320/5320 
f 5321/5321/5321 5320/5320/5320 5330/5330/5330 
f 5330/5330/5330 5331/5331/5331 5321/5321/5321 
f 5322/5322/5322 5321/5321/5321 5331/5331/5331 
f 5331/5331/5331 5332/5332/5332 5322/5322/5322 
f 5323/5323/5323 5322/5322/5322 5332/5332/5332 
f 5332/5332/5332 5333/5333/5333 5323/5323/5323 
f 5324/5324/5324 5323/5323/5323 5333/5333/5333 
f 5333/5333/5333 5334/5334/5334 5324/5324/5324 
f 5325/5325/5325 5324/5324/5324 5334/5334/5334 
f 5334/5334/5334 5335/5335/5335 5325/5325/5325 
f 5326/5326/5326 5325/5325/5325 5335/5335/5335 
f 5335/5335/5335 5336/5336/5336 5326/5326/5326 
f 5328/5328/5328 5327/5327/5327 5337/5337/5337 
f 5337/5337/5337 5338/5338/5338 5328/5328/5328 
f 5329/5329/5329 5328/5328/5328 5338/5338/5338 
f 5338/5338/5338 5339/5339/5339 5329/5329/5329 
f 5330/5330/5330 5329/5329/5329 5339/5339/5339 
f 5339/5339/5339 5340/5340/5340 5330/5330/5330 
f 5331/5331/5331 5330/5330/5330 5340/5340/5340 
f 5340/5340/5340 5341/5341/5341 5331/5331/5331 
f 5332/5332/5332 5331/5331/5331 5341/5341/5341 
f 5341/5341/5341 5342/5342/5342 5332/5332/5332 
f 5333/5333/5333 5332/5332/5332 5342/5342/5342 
f 5342/5342/5342 5343/5343/5343 5333/5333/5333 
f 5334/5334/5334 5333/5333/5333 5343/5343/5343 
f 5343/5343/5343 5344/5344/5344 5334/5334/5334 
f 5335/5335/5335 5334/5334/5334 5344/5344/5344 
f 5344/5344/5344 5345/5345/5345 5335/5335/5335 
f 5336/5336/5336 5335/5335/5335 5345/5345/5345 
f 5345/5345/5345 5346/5346/5346 5336/5336/5336 
f 5338/5338/5338 5337/5337/5337 5347/5347/5347 
f 5347/5347/5347 5348/5348/5348 5338/5338/5338 
f 5339/5339/5339 5338/5338/5338 5348/5348/5348 
f 5348/5348/5348 5349/5349/5349 5339/5339/5339 
f 5340/5340/5340 5339/5339/5339 5349/5349/5349 
f 5349/5349/5349 5350/5350/5350 5340/5340/5340 
f 5341/5341/5341 5340/5340/5340 5350/5350/5350 
f 5350/5350/5350 5351/5351/5351 5341/5341/5341 
f 5342/5342/5342 5341/5341/5341 5351/5351/5351 
f 5351/5351/5351 5352/5352/5352 5342/5342/5342 
f 5343/5343/5343 5342/5342/5342 5352/5352/5352 
f 5352/5352/5352 5353/5353/5353 5343/5343/5343 
f 5344/5344/5344 5343/5343/5343 5353/5353/5353 
f 5353/5353/5353 5354/5354/5354 5344/5344/5344 
f 5345/5345/5345 5344/5344/5344 5354/5354/5354 
f 5354/5354/5354 5355/5355/5355 5345/5345/5345 
f 5346/5346/5346 5345/5345/5345 5355/5355/5355 
f 5355/5355/5355 5356/5356/5356 5346/5346/5346 

