# This file is brought to you by Roblox Corporation
# Generated by Roblox Studio

mtllib 3.mtl

g Thumbnailwings1

v -4.20633 1.40834 -0.399923 
v -4.15358 1.4971 -0.620484 
v -4.00042 1.87488 -0.269388 
v -4.00042 1.87488 -0.269388 
v -4.0188 1.78978 -0.062887 
v -4.20633 1.40834 -0.399923 
v -4.32218 1.08863 -0.765854 
v -4.22784 1.19244 -1.00987 
v -4.15358 1.4971 -0.620484 
v -4.15358 1.4971 -0.620484 
v -4.20633 1.40834 -0.399923 
v -4.32218 1.08863 -0.765854 
v -4.33681 0.765887 -1.36226 
v -4.20518 0.904072 -1.51329 
v -4.22784 1.19244 -1.00987 
v -4.22784 1.19244 -1.00987 
v -4.32218 1.08863 -0.765854 
v -4.33681 0.765887 -1.36226 
v -4.14672 0.503822 -2.05801 
v -4.02188 0.656432 -2.10128 
v -4.20518 0.904072 -1.51329 
v -4.20518 0.904072 -1.51329 
v -4.33681 0.765887 -1.36226 
v -4.14672 0.503822 -2.05801 
v -3.74475 0.297622 -2.71672 
v -3.68004 0.438807 -2.66799 
v -4.02188 0.656432 -2.10128 
v -4.02188 0.656432 -2.10128 
v -4.14672 0.503822 -2.05801 
v -3.74475 0.297622 -2.71672 
v -3.68004 0.438807 -2.66799 
v -3.36911 0.308577 -3.01652 
v -3.42649 0.460122 -2.92195 
v -3.42649 0.460122 -2.92195 
v -3.67084 0.607252 -2.61959 
v -3.68004 0.438807 -2.66799 
v -4.0188 1.78978 -0.062887 
v -4.00042 1.87488 -0.269388 
v -3.92609 1.97302 -0.06342 
v -3.92609 1.97302 -0.06342 
v -3.91644 1.92759 0.114348 
v -4.0188 1.78978 -0.062887 
v -1.32885 1.36047 0.862273 
v -1.63431 1.25996 1.06061 
v -1.60854 1.53051 1.01377 
v -1.60854 1.53051 1.01377 
v -1.3191 1.58602 0.844388 
v -1.32885 1.36047 0.862273 
v -1.92599 0.652892 1.64542 
v -1.66659 0.619442 1.26437 
v -1.64848 0.439657 1.35329 
v -1.64848 0.439657 1.35329 
v -1.98282 0.417192 1.80112 
v -1.92599 0.652892 1.64542 
v -2.49146 0.779757 1.70684 
v -1.92599 0.652892 1.64542 
v -1.98282 0.417192 1.80112 
v -1.98282 0.417192 1.80112 
v -2.66693 0.533212 1.83607 
v -2.49146 0.779757 1.70684 
v -3.0011 1.08107 1.48932 
v -3.28858 0.847857 1.50109 
v -3.64164 1.51395 0.891783 
v -3.64164 1.51395 0.891783 
v -3.32264 1.71196 1.04426 
v -3.0011 1.08107 1.48932 
v -3.0011 1.08107 1.48932 
v -2.49146 0.779757 1.70684 
v -2.66693 0.533212 1.83607 
v -2.66693 0.533212 1.83607 
v -3.28858 0.847857 1.50109 
v -3.0011 1.08107 1.48932 
v -1.3191 1.58602 0.844388 
v -1.25497 1.70313 0.693573 
v -1.25914 1.54655 0.689258 
v -1.25914 1.54655 0.689258 
v -1.32885 1.36047 0.862273 
v -1.3191 1.58602 0.844388 
v -1.15884 1.55707 0.435143 
v -1.15712 1.67161 0.448114 
v -1.07899 1.60481 0.210518 
v -1.07899 1.60481 0.210518 
v -1.07836 1.52457 0.210989 
v -1.15884 1.55707 0.435143 
v -1.15712 1.67161 0.448114 
v -1.15884 1.55707 0.435143 
v -1.25914 1.54655 0.689258 
v -1.25914 1.54655 0.689258 
v -1.25497 1.70313 0.693573 
v -1.15712 1.67161 0.448114 
v -3.76701 1.81195 0.527483 
v -3.8082 2.09462 0.175328 
v -3.51631 2.49456 0.460019 
v -3.64164 1.51395 0.891783 
v -3.76701 1.81195 0.527483 
v -3.51631 2.49456 0.460019 
v -3.32264 1.71196 1.04426 
v -3.64164 1.51395 0.891783 
v -3.51631 2.49456 0.460019 
v -2.88696 2.00513 1.18426 
v -3.32264 1.71196 1.04426 
v -3.51631 2.49456 0.460019 
v -3.51631 2.49456 0.460019 
v -3.1248 2.96884 0.728673 
v -2.88696 2.00513 1.18426 
v -2.61463 1.42425 1.45716 
v -3.0011 1.08107 1.48932 
v -3.32264 1.71196 1.04426 
v -3.32264 1.71196 1.04426 
v -2.88696 2.00513 1.18426 
v -2.61463 1.42425 1.45716 
v -2.49146 0.779757 1.70684 
v -3.0011 1.08107 1.48932 
v -2.61463 1.42425 1.45716 
v -2.61463 1.42425 1.45716 
v -2.2452 1.15156 1.55191 
v -2.49146 0.779757 1.70684 
v -2.2452 1.15156 1.55191 
v -1.84219 1.01071 1.47401 
v -1.92599 0.652892 1.64542 
v -1.92599 0.652892 1.64542 
v -2.49146 0.779757 1.70684 
v -2.2452 1.15156 1.55191 
v -1.84219 1.01071 1.47401 
v -1.65771 0.930047 1.15512 
v -1.66659 0.619442 1.26437 
v -1.66659 0.619442 1.26437 
v -1.92599 0.652892 1.64542 
v -1.84219 1.01071 1.47401 
v -2.4174 2.32205 1.22416 
v -2.88696 2.00513 1.18426 
v -3.1248 2.96884 0.728673 
v -3.1248 2.96884 0.728673 
v -2.64207 3.36894 0.950984 
v -2.4174 2.32205 1.22416 
v -2.21783 1.80673 1.36032 
v -2.61463 1.42425 1.45716 
v -2.88696 2.00513 1.18426 
v -2.88696 2.00513 1.18426 
v -2.4174 2.32205 1.22416 
v -2.21783 1.80673 1.36032 
v -2.61463 1.42425 1.45716 
v -2.21783 1.80673 1.36032 
v -1.98882 1.5725 1.37653 
v -1.98882 1.5725 1.37653 
v -2.2452 1.15156 1.55191 
v -2.61463 1.42425 1.45716 
v -1.98882 1.5725 1.37653 
v -1.74495 1.41848 1.30923 
v -1.84219 1.01071 1.47401 
v -1.84219 1.01071 1.47401 
v -2.2452 1.15156 1.55191 
v -1.98882 1.5725 1.37653 
v -1.74495 1.41848 1.30923 
v -1.63431 1.25996 1.06061 
v -1.65771 0.930047 1.15512 
v -1.65771 0.930047 1.15512 
v -1.84219 1.01071 1.47401 
v -1.74495 1.41848 1.30923 
v -1.99274 2.61008 1.15941 
v -2.4174 2.32205 1.22416 
v -2.64207 3.36894 0.950984 
v -2.64207 3.36894 0.950984 
v -2.17534 3.82616 1.01575 
v -1.99274 2.61008 1.15941 
v -1.86782 2.18391 1.21116 
v -2.21783 1.80673 1.36032 
v -2.4174 2.32205 1.22416 
v -2.4174 2.32205 1.22416 
v -1.99274 2.61008 1.15941 
v -1.86782 2.18391 1.21116 
v -2.21783 1.80673 1.36032 
v -1.86782 2.18391 1.21116 
v -1.75605 1.99649 1.20206 
v -1.75605 1.99649 1.20206 
v -1.98882 1.5725 1.37653 
v -2.21783 1.80673 1.36032 
v -1.64951 1.83361 1.17605 
v -1.74495 1.41848 1.30923 
v -1.98882 1.5725 1.37653 
v -1.98882 1.5725 1.37653 
v -1.75605 1.99649 1.20206 
v -1.64951 1.83361 1.17605 
v -1.74495 1.41848 1.30923 
v -1.64951 1.83361 1.17605 
v -1.60854 1.53051 1.01377 
v -1.60854 1.53051 1.01377 
v -1.63431 1.25996 1.06061 
v -1.74495 1.41848 1.30923 
v -4.02188 0.656432 -2.10128 
v -3.68004 0.438807 -2.66799 
v -3.67084 0.607252 -2.61959 
v -3.67084 0.607252 -2.61959 
v -3.95853 0.846737 -2.11438 
v -4.02188 0.656432 -2.10128 
v -4.02188 0.656432 -2.10128 
v -3.95853 0.846737 -2.11438 
v -4.12198 1.07536 -1.62522 
v -4.12198 1.07536 -1.62522 
v -4.20518 0.904072 -1.51329 
v -4.02188 0.656432 -2.10128 
v -4.20518 0.904072 -1.51329 
v -4.12198 1.07536 -1.62522 
v -4.1615 1.3258 -1.2224 
v -4.1615 1.3258 -1.2224 
v -4.22784 1.19244 -1.00987 
v -4.20518 0.904072 -1.51329 
v -4.22784 1.19244 -1.00987 
v -4.1615 1.3258 -1.2224 
v -4.13102 1.60938 -0.815737 
v -4.13102 1.60938 -0.815737 
v -4.15358 1.4971 -0.620484 
v -4.22784 1.19244 -1.00987 
v -4.15358 1.4971 -0.620484 
v -4.13102 1.60938 -0.815737 
v -4.00753 1.99108 -0.452881 
v -4.00753 1.99108 -0.452881 
v -4.00042 1.87488 -0.269388 
v -4.15358 1.4971 -0.620484 
v -3.93466 2.16768 -0.302414 
v -3.92609 1.97302 -0.06342 
v -4.00042 1.87488 -0.269388 
v -4.00042 1.87488 -0.269388 
v -4.00753 1.99108 -0.452881 
v -3.93466 2.16768 -0.302414 
v -3.51631 2.49456 0.460019 
v -3.8082 2.09462 0.175328 
v -3.82979 2.39102 -0.121016 
v -3.82979 2.39102 -0.121016 
v -3.55491 2.93533 0.194999 
v -3.51631 2.49456 0.460019 
v -3.1248 2.96884 0.728673 
v -3.51631 2.49456 0.460019 
v -3.55491 2.93533 0.194999 
v -3.55491 2.93533 0.194999 
v -3.19537 3.54189 0.508343 
v -3.1248 2.96884 0.728673 
v -2.64207 3.36894 0.950984 
v -3.1248 2.96884 0.728673 
v -3.19537 3.54189 0.508343 
v -3.19537 3.54189 0.508343 
v -2.69282 3.97589 0.860888 
v -2.64207 3.36894 0.950984 
v -2.17534 3.82616 1.01575 
v -2.64207 3.36894 0.950984 
v -2.69282 3.97589 0.860888 
v -2.69282 3.97589 0.860888 
v -2.36308 4.0842 0.989794 
v -2.17534 3.82616 1.01575 
v -4.00605 2.50013 -0.00177652 
v -3.71588 3.1006 0.289279 
v -3.55491 2.93533 0.194999 
v -3.55491 2.93533 0.194999 
v -3.82979 2.39102 -0.121016 
v -4.00605 2.50013 -0.00177652 
v -4.19366 2.09774 -0.325568 
v -4.11587 2.27537 -0.178809 
v -3.93466 2.16768 -0.302414 
v -3.93466 2.16768 -0.302414 
v -4.00753 1.99108 -0.452881 
v -4.19366 2.09774 -0.325568 
v -4.33923 1.69424 -0.682776 
v -4.19366 2.09774 -0.325568 
v -4.00753 1.99108 -0.452881 
v -4.00753 1.99108 -0.452881 
v -4.13102 1.60938 -0.815737 
v -4.33923 1.69424 -0.682776 
v -4.381 1.42802 -1.1017 
v -4.33923 1.69424 -0.682776 
v -4.13102 1.60938 -0.815737 
v -4.13102 1.60938 -0.815737 
v -4.1615 1.3258 -1.2224 
v -4.381 1.42802 -1.1017 
v -4.36305 1.19197 -1.49082 
v -4.381 1.42802 -1.1017 
v -4.1615 1.3258 -1.2224 
v -4.1615 1.3258 -1.2224 
v -4.12198 1.07536 -1.62522 
v -4.36305 1.19197 -1.49082 
v -4.22253 0.971527 -2.00317 
v -4.36305 1.19197 -1.49082 
v -4.12198 1.07536 -1.62522 
v -4.12198 1.07536 -1.62522 
v -3.95853 0.846737 -2.11438 
v -4.22253 0.971527 -2.00317 
v -3.94594 0.719292 -2.56627 
v -4.22253 0.971527 -2.00317 
v -3.95853 0.846737 -2.11438 
v -3.95853 0.846737 -2.11438 
v -3.67084 0.607252 -2.61959 
v -3.94594 0.719292 -2.56627 
v -3.81456 0.626747 -2.7613 
v -3.94594 0.719292 -2.56627 
v -3.67084 0.607252 -2.61959 
v -3.67084 0.607252 -2.61959 
v -3.42649 0.460122 -2.92195 
v -3.81456 0.626747 -2.7613 
v -3.09672 0.266162 -3.46586 
v -3.81456 0.626747 -2.7613 
v -3.42649 0.460122 -2.92195 
v -3.42649 0.460122 -2.92195 
v -2.9442 0.219402 -3.35332 
v -3.09672 0.266162 -3.46586 
v -3.04777 0.196537 -3.30124 
v -3.25644 0.251767 -3.3833 
v -3.09672 0.266162 -3.46586 
v -3.09672 0.266162 -3.46586 
v -2.9442 0.219402 -3.35332 
v -3.04777 0.196537 -3.30124 
v -3.42064 0.221662 -3.04535 
v -3.70481 0.273782 -3.05184 
v -3.42675 0.233632 -3.28359 
v -3.42675 0.233632 -3.28359 
v -3.17686 0.173727 -3.24635 
v -3.42064 0.221662 -3.04535 
v -4.14672 0.503822 -2.05801 
v -4.45297 0.528517 -1.92511 
v -4.02532 0.320177 -2.71181 
v -4.02532 0.320177 -2.71181 
v -3.74475 0.297622 -2.71672 
v -4.14672 0.503822 -2.05801 
v -4.33681 0.765887 -1.36226 
v -4.61401 0.796657 -1.11992 
v -4.45297 0.528517 -1.92511 
v -4.45297 0.528517 -1.92511 
v -4.14672 0.503822 -2.05801 
v -4.33681 0.765887 -1.36226 
v -4.32218 1.08863 -0.765854 
v -4.5422 1.13385 -0.46482 
v -4.61401 0.796657 -1.11992 
v -4.61401 0.796657 -1.11992 
v -4.33681 0.765887 -1.36226 
v -4.32218 1.08863 -0.765854 
v -4.20633 1.40834 -0.399923 
v -4.39286 1.46459 -0.142081 
v -4.5422 1.13385 -0.46482 
v -4.5422 1.13385 -0.46482 
v -4.32218 1.08863 -0.765854 
v -4.20633 1.40834 -0.399923 
v -4.0188 1.78978 -0.062887 
v -4.17444 1.90388 0.137599 
v -4.39286 1.46459 -0.142081 
v -4.39286 1.46459 -0.142081 
v -4.20633 1.40834 -0.399923 
v -4.0188 1.78978 -0.062887 
v -3.91644 1.92759 0.114348 
v -4.05072 1.98516 0.403063 
v -4.17444 1.90388 0.137599 
v -4.17444 1.90388 0.137599 
v -4.0188 1.78978 -0.062887 
v -3.91644 1.92759 0.114348 
v -3.64164 1.51395 0.891783 
v -3.77711 1.55221 1.11094 
v -3.88981 1.85502 0.793439 
v -3.88981 1.85502 0.793439 
v -3.76701 1.81195 0.527483 
v -3.64164 1.51395 0.891783 
v -3.28858 0.847857 1.50109 
v -3.37909 0.854067 1.76122 
v -3.77711 1.55221 1.11094 
v -3.77711 1.55221 1.11094 
v -3.64164 1.51395 0.891783 
v -3.28858 0.847857 1.50109 
v -2.66693 0.533212 1.83607 
v -2.66083 0.550902 2.11391 
v -3.37909 0.854067 1.76122 
v -3.37909 0.854067 1.76122 
v -3.28858 0.847857 1.50109 
v -2.66693 0.533212 1.83607 
v -1.98282 0.417192 1.80112 
v -1.91753 0.447122 2.05173 
v -2.66083 0.550902 2.11391 
v -2.66083 0.550902 2.11391 
v -2.66693 0.533212 1.83607 
v -1.98282 0.417192 1.80112 
v -1.98282 0.417192 1.80112 
v -1.64848 0.439657 1.35329 
v -1.59183 0.481042 1.56753 
v -1.59183 0.481042 1.56753 
v -1.91753 0.447122 2.05173 
v -1.98282 0.417192 1.80112 
v -1.2356 0.769592 1.1392 
v -1.59183 0.481042 1.56753 
v -1.64848 0.439657 1.35329 
v -1.64848 0.439657 1.35329 
v -1.30798 0.738822 1.00377 
v -1.2356 0.769592 1.1392 
v -1.23651 1.15622 0.757228 
v -1.18053 1.2705 0.865919 
v -1.2356 0.769592 1.1392 
v -1.2356 0.769592 1.1392 
v -1.30798 0.738822 1.00377 
v -1.23651 1.15622 0.757228 
v -1.23651 1.15622 0.757228 
v -1.14164 1.25558 0.477764 
v -1.10055 1.31753 0.589859 
v -1.10055 1.31753 0.589859 
v -1.18053 1.2705 0.865919 
v -1.23651 1.15622 0.757228 
v -1.04112 1.34256 0.308984 
v -1.10055 1.31753 0.589859 
v -1.14164 1.25558 0.477764 
v -1.14164 1.25558 0.477764 
v -1.07232 1.28109 0.241428 
v -1.04112 1.34256 0.308984 
v -1.07899 1.60481 0.210518 
v -1.05113 1.68236 0.279598 
v -1.04869 1.59681 0.287058 
v -1.04869 1.59681 0.287058 
v -1.07836 1.52457 0.210989 
v -1.07899 1.60481 0.210518 
v -1.15712 1.67161 0.448114 
v -1.12257 1.77039 0.562618 
v -1.05113 1.68236 0.279598 
v -1.05113 1.68236 0.279598 
v -1.07899 1.60481 0.210518 
v -1.15712 1.67161 0.448114 
v -1.25497 1.70313 0.693573 
v -1.20818 1.84658 0.803954 
v -1.12257 1.77039 0.562618 
v -1.12257 1.77039 0.562618 
v -1.15712 1.67161 0.448114 
v -1.25497 1.70313 0.693573 
v -1.2615 1.73201 0.951519 
v -1.20818 1.84658 0.803954 
v -1.25497 1.70313 0.693573 
v -1.25497 1.70313 0.693573 
v -1.3191 1.58602 0.844388 
v -1.2615 1.73201 0.951519 
v -1.60854 1.53051 1.01377 
v -1.57198 1.64366 1.19392 
v -1.2615 1.73201 0.951519 
v -1.2615 1.73201 0.951519 
v -1.3191 1.58602 0.844388 
v -1.60854 1.53051 1.01377 
v -1.64951 1.83361 1.17605 
v -1.60763 2.02431 1.34583 
v -1.57198 1.64366 1.19392 
v -1.57198 1.64366 1.19392 
v -1.60854 1.53051 1.01377 
v -1.64951 1.83361 1.17605 
v -1.75605 1.99649 1.20206 
v -1.67162 2.17552 1.34928 
v -1.60763 2.02431 1.34583 
v -1.60763 2.02431 1.34583 
v -1.64951 1.83361 1.17605 
v -1.75605 1.99649 1.20206 
v -1.86782 2.18391 1.21116 
v -1.76875 2.33613 1.365 
v -1.67162 2.17552 1.34928 
v -1.67162 2.17552 1.34928 
v -1.75605 1.99649 1.20206 
v -1.86782 2.18391 1.21116 
v -1.99274 2.61008 1.15941 
v -1.88018 2.68903 1.33168 
v -1.76875 2.33613 1.365 
v -1.76875 2.33613 1.365 
v -1.86782 2.18391 1.21116 
v -1.99274 2.61008 1.15941 
v -2.17534 3.82616 1.01575 
v -2.09919 4.04353 1.183 
v -1.88018 2.68903 1.33168 
v -1.88018 2.68903 1.33168 
v -1.99274 2.61008 1.15941 
v -2.17534 3.82616 1.01575 
v -2.36308 4.0842 0.989794 
v -2.3588 4.30133 1.15783 
v -2.09919 4.04353 1.183 
v -2.09919 4.04353 1.183 
v -2.17534 3.82616 1.01575 
v -2.36308 4.0842 0.989794 
v -2.75629 4.22877 1.02071 
v -2.3588 4.30133 1.15783 
v -2.36308 4.0842 0.989794 
v -2.36308 4.0842 0.989794 
v -2.69282 3.97589 0.860888 
v -2.75629 4.22877 1.02071 
v -3.33634 3.7871 0.599308 
v -2.75629 4.22877 1.02071 
v -2.69282 3.97589 0.860888 
v -2.69282 3.97589 0.860888 
v -3.19537 3.54189 0.508343 
v -3.33634 3.7871 0.599308 
v -3.71588 3.1006 0.289279 
v -3.33634 3.7871 0.599308 
v -3.19537 3.54189 0.508343 
v -3.19537 3.54189 0.508343 
v -3.55491 2.93533 0.194999 
v -3.71588 3.1006 0.289279 
v -3.74475 0.297622 -2.71672 
v -4.02532 0.320177 -2.71181 
v -3.70481 0.273782 -3.05184 
v -3.70481 0.273782 -3.05184 
v -3.42064 0.221662 -3.04535 
v -3.74475 0.297622 -2.71672 
v -3.17686 0.173727 -3.24635 
v -3.42675 0.233632 -3.28359 
v -3.25644 0.251767 -3.3833 
v -3.25644 0.251767 -3.3833 
v -3.04777 0.196537 -3.30124 
v -3.17686 0.173727 -3.24635 
v -3.74475 0.297622 -2.71672 
v -3.42064 0.221662 -3.04535 
v -3.36911 0.308577 -3.01652 
v -3.36911 0.308577 -3.01652 
v -3.68004 0.438807 -2.66799 
v -3.74475 0.297622 -2.71672 
v -3.36911 0.308577 -3.01652 
v -3.42064 0.221662 -3.04535 
v -3.17686 0.173727 -3.24635 
v -3.17686 0.173727 -3.24635 
v -3.04777 0.196537 -3.30124 
v -3.36911 0.308577 -3.01652 
v -3.36911 0.308577 -3.01652 
v -3.04777 0.196537 -3.30124 
v -2.9442 0.219402 -3.35332 
v -2.9442 0.219402 -3.35332 
v -3.42649 0.460122 -2.92195 
v -3.36911 0.308577 -3.01652 
v -1.07836 1.52457 0.210989 
v -1.04869 1.59681 0.287058 
v -1.04577 1.49643 0.295758 
v -1.04577 1.49643 0.295758 
v -1.07644 1.42484 0.217299 
v -1.07836 1.52457 0.210989 
v -1.15603 1.42911 0.438393 
v -1.15884 1.55707 0.435143 
v -1.07836 1.52457 0.210989 
v -1.07836 1.52457 0.210989 
v -1.07644 1.42484 0.217299 
v -1.15603 1.42911 0.438393 
v -1.25914 1.54655 0.689258 
v -1.15884 1.55707 0.435143 
v -1.15603 1.42911 0.438393 
v -1.15603 1.42911 0.438393 
v -1.25659 1.3762 0.702744 
v -1.25914 1.54655 0.689258 
v -1.32885 1.36047 0.862273 
v -1.25914 1.54655 0.689258 
v -1.25659 1.3762 0.702744 
v -1.25659 1.3762 0.702744 
v -1.32953 1.10904 0.901209 
v -1.32885 1.36047 0.862273 
v -1.32953 1.10904 0.901209 
v -1.65771 0.930047 1.15512 
v -1.63431 1.25996 1.06061 
v -1.63431 1.25996 1.06061 
v -1.32885 1.36047 0.862273 
v -1.32953 1.10904 0.901209 
v -1.07644 1.42484 0.217299 
v -1.04577 1.49643 0.295758 
v -1.04277 1.39653 0.304358 
v -1.04277 1.39653 0.304358 
v -1.07459 1.32961 0.230218 
v -1.07644 1.42484 0.217299 
v -1.07459 1.32961 0.230218 
v -1.15037 1.31231 0.453569 
v -1.15603 1.42911 0.438393 
v -1.15603 1.42911 0.438393 
v -1.07644 1.42484 0.217299 
v -1.07459 1.32961 0.230218 
v -1.25659 1.3762 0.702744 
v -1.15603 1.42911 0.438393 
v -1.15037 1.31231 0.453569 
v -1.15037 1.31231 0.453569 
v -1.24904 1.22165 0.728078 
v -1.25659 1.3762 0.702744 
v -1.32953 1.10904 0.901209 
v -1.25659 1.3762 0.702744 
v -1.24904 1.22165 0.728078 
v -1.24904 1.22165 0.728078 
v -1.3227 0.871827 0.953058 
v -1.32953 1.10904 0.901209 
v -1.3227 0.871827 0.953058 
v -1.66659 0.619442 1.26437 
v -1.65771 0.930047 1.15512 
v -1.65771 0.930047 1.15512 
v -1.32953 1.10904 0.901209 
v -1.3227 0.871827 0.953058 
v -1.07459 1.32961 0.230218 
v -1.04277 1.39653 0.304358 
v -1.04112 1.34256 0.308984 
v -1.04112 1.34256 0.308984 
v -1.07232 1.28109 0.241428 
v -1.07459 1.32961 0.230218 
v -1.07232 1.28109 0.241428 
v -1.14164 1.25558 0.477764 
v -1.15037 1.31231 0.453569 
v -1.15037 1.31231 0.453569 
v -1.07459 1.32961 0.230218 
v -1.07232 1.28109 0.241428 
v -1.14164 1.25558 0.477764 
v -1.23651 1.15622 0.757228 
v -1.24904 1.22165 0.728078 
v -1.24904 1.22165 0.728078 
v -1.15037 1.31231 0.453569 
v -1.14164 1.25558 0.477764 
v -1.3227 0.871827 0.953058 
v -1.24904 1.22165 0.728078 
v -1.23651 1.15622 0.757228 
v -1.23651 1.15622 0.757228 
v -1.30798 0.738822 1.00377 
v -1.3227 0.871827 0.953058 
v -1.30798 0.738822 1.00377 
v -1.64848 0.439657 1.35329 
v -1.66659 0.619442 1.26437 
v -1.66659 0.619442 1.26437 
v -1.3227 0.871827 0.953058 
v -1.30798 0.738822 1.00377 
v -4.37575 2.0517 0.220968 
v -4.5818 1.67746 -0.138608 
v -4.56003 1.56834 0.0548035 
v -4.56003 1.56834 0.0548035 
v -4.32743 1.9482 0.399454 
v -4.37575 2.0517 0.220968 
v -4.5818 1.67746 -0.138608 
v -4.71381 1.37605 -0.552652 
v -4.72566 1.25086 -0.326979 
v -4.72566 1.25086 -0.326979 
v -4.56003 1.56834 0.0548035 
v -4.5818 1.67746 -0.138608 
v -4.71381 1.37605 -0.552652 
v -4.76178 1.0917 -1.10671 
v -4.81686 0.931452 -0.972852 
v -4.81686 0.931452 -0.972852 
v -4.72566 1.25086 -0.326979 
v -4.71381 1.37605 -0.552652 
v -4.76178 1.0917 -1.10671 
v -4.65341 0.849557 -1.77876 
v -4.70683 0.674212 -1.75426 
v -4.70683 0.674212 -1.75426 
v -4.81686 0.931452 -0.972852 
v -4.76178 1.0917 -1.10671 
v -4.70683 0.674212 -1.75426 
v -4.65341 0.849557 -1.77876 
v -4.37211 0.638442 -2.45403 
v -4.37211 0.638442 -2.45403 
v -4.36806 0.474552 -2.52591 
v -4.70683 0.674212 -1.75426 
v -4.37211 0.638442 -2.45403 
v -4.28619 0.787547 -2.43192 
v -4.05578 0.641527 -2.79786 
v -4.05578 0.641527 -2.79786 
v -4.06609 0.506627 -2.89281 
v -4.37211 0.638442 -2.45403 
v -4.26921 2.14888 0.440688 
v -4.37575 2.0517 0.220968 
v -4.32743 1.9482 0.399454 
v -4.32743 1.9482 0.399454 
v -4.20255 2.08717 0.588603 
v -4.26921 2.14888 0.440688 
v -3.4247 1.89817 1.65509 
v -3.77531 1.67407 1.42532 
v -3.27819 1.01017 2.05363 
v -3.27819 1.01017 2.05363 
v -2.9623 1.2718 2.1149 
v -3.4247 1.89817 1.65509 
v -1.02592 1.73973 0.420753 
v -1.0744 1.81945 0.686334 
v -1.05896 1.73158 0.715183 
v -1.05896 1.73158 0.715183 
v -1.02066 1.66795 0.433878 
v -1.02592 1.73973 0.420753 
v -1.52615 1.6851 1.40806 
v -1.54686 1.99007 1.58415 
v -1.5959 1.60586 1.80537 
v -1.5959 1.60586 1.80537 
v -1.51949 1.44385 1.53082 
v -1.52615 1.6851 1.40806 
v -2.34866 0.971412 2.29449 
v -2.54427 0.696197 2.35275 
v -1.79879 0.578517 2.25185 
v -1.79879 0.578517 2.25185 
v -1.72456 0.843217 2.16873 
v -2.34866 0.971412 2.29449 
v -2.54427 0.696197 2.35275 
v -2.34866 0.971412 2.29449 
v -2.9623 1.2718 2.1149 
v -2.9623 1.2718 2.1149 
v -3.27819 1.01017 2.05363 
v -2.54427 0.696197 2.35275 
v -1.17618 1.54018 1.16977 
v -1.19772 1.73728 1.10419 
v -1.52615 1.6851 1.40806 
v -1.52615 1.6851 1.40806 
v -1.51949 1.44385 1.53082 
v -1.17618 1.54018 1.16977 
v -1.19772 1.73728 1.10419 
v -1.17618 1.54018 1.16977 
v -1.12884 1.72447 0.986423 
v -1.12884 1.72447 0.986423 
v -1.14887 1.85312 0.945294 
v -1.19772 1.73728 1.10419 
v -1.14887 1.85312 0.945294 
v -1.12884 1.72447 0.986423 
v -1.05896 1.73158 0.715183 
v -1.05896 1.73158 0.715183 
v -1.0744 1.81945 0.686334 
v -1.14887 1.85312 0.945294 
v -3.77889 2.66985 0.981284 
v -3.4247 1.89817 1.65509 
v -2.93211 2.19666 1.79 
v -2.93211 2.19666 1.79 
v -3.33844 3.13618 1.22424 
v -3.77889 2.66985 0.981284 
v -2.93211 2.19666 1.79 
v -3.4247 1.89817 1.65509 
v -2.9623 1.2718 2.1149 
v -2.9623 1.2718 2.1149 
v -2.54688 1.6214 2.06883 
v -2.93211 2.19666 1.79 
v -2.34866 0.971412 2.29449 
v -2.10372 1.34988 2.13262 
v -2.54688 1.6214 2.06883 
v -2.54688 1.6214 2.06883 
v -2.9623 1.2718 2.1149 
v -2.34866 0.971412 2.29449 
v -2.10372 1.34988 2.13262 
v -2.34866 0.971412 2.29449 
v -1.72456 0.843217 2.16873 
v -1.72456 0.843217 2.16873 
v -1.65748 1.20836 2.00731 
v -2.10372 1.34988 2.13262 
v -2.93211 2.19666 1.79 
v -2.54688 1.6214 2.06883 
v -2.13834 1.99269 1.90217 
v -2.13834 1.99269 1.90217 
v -2.4142 2.50242 1.76558 
v -2.93211 2.19666 1.79 
v -2.10372 1.34988 2.13262 
v -1.86684 1.75979 1.89934 
v -2.13834 1.99269 1.90217 
v -2.13834 1.99269 1.90217 
v -2.54688 1.6214 2.06883 
v -2.10372 1.34988 2.13262 
v -1.86684 1.75979 1.89934 
v -2.10372 1.34988 2.13262 
v -1.65748 1.20836 2.00731 
v -1.65748 1.20836 2.00731 
v -1.5959 1.60586 1.80537 
v -1.86684 1.75979 1.89934 
v -2.4142 2.50242 1.76558 
v -2.13834 1.99269 1.90217 
v -1.79926 2.33845 1.63581 
v -1.79926 2.33845 1.63581 
v -1.96538 2.76036 1.58552 
v -2.4142 2.50242 1.76558 
v -2.13834 1.99269 1.90217 
v -1.86684 1.75979 1.89934 
v -1.66819 2.15225 1.61907 
v -1.66819 2.15225 1.61907 
v -1.79926 2.33845 1.63581 
v -2.13834 1.99269 1.90217 
v -1.86684 1.75979 1.89934 
v -1.5959 1.60586 1.80537 
v -1.54686 1.99007 1.58415 
v -1.54686 1.99007 1.58415 
v -1.66819 2.15225 1.61907 
v -1.86684 1.75979 1.89934 
v -3.98175 1.97481 1.0459 
v -3.77531 1.67407 1.42532 
v -3.4247 1.89817 1.65509 
v -4.11171 2.26949 0.692678 
v -3.98175 1.97481 1.0459 
v -3.4247 1.89817 1.65509 
v -3.77889 2.66985 0.981284 
v -4.11171 2.26949 0.692678 
v -3.4247 1.89817 1.65509 
v -2.4142 2.50242 1.76558 
v -2.79035 3.52136 1.40583 
v -3.33844 3.13618 1.22424 
v -3.33844 3.13618 1.22424 
v -2.93211 2.19666 1.79 
v -2.4142 2.50242 1.76558 
v -2.79035 3.52136 1.40583 
v -2.4142 2.50242 1.76558 
v -1.96538 2.76036 1.58552 
v -1.96538 2.76036 1.58552 
v -2.27348 3.95045 1.39129 
v -2.79035 3.52136 1.40583 
v -4.52546 1.02138 -1.84351 
v -4.28619 0.787547 -2.43192 
v -4.37211 0.638442 -2.45403 
v -4.37211 0.638442 -2.45403 
v -4.65341 0.849557 -1.77876 
v -4.52546 1.02138 -1.84351 
v -4.63437 1.24501 -1.2912 
v -4.52546 1.02138 -1.84351 
v -4.65341 0.849557 -1.77876 
v -4.65341 0.849557 -1.77876 
v -4.76178 1.0917 -1.10671 
v -4.63437 1.24501 -1.2912 
v -4.62532 1.49191 -0.850247 
v -4.63437 1.24501 -1.2912 
v -4.76178 1.0917 -1.10671 
v -4.76178 1.0917 -1.10671 
v -4.71381 1.37605 -0.552652 
v -4.62532 1.49191 -0.850247 
v -4.54302 1.77176 -0.415185 
v -4.62532 1.49191 -0.850247 
v -4.71381 1.37605 -0.552652 
v -4.71381 1.37605 -0.552652 
v -4.5818 1.67746 -0.138608 
v -4.54302 1.77176 -0.415185 
v -4.37215 2.14946 -0.042663 
v -4.54302 1.77176 -0.415185 
v -4.5818 1.67746 -0.138608 
v -4.5818 1.67746 -0.138608 
v -4.37575 2.0517 0.220968 
v -4.37215 2.14946 -0.042663 
v -4.27983 2.32412 0.108513 
v -4.37215 2.14946 -0.042663 
v -4.37575 2.0517 0.220968 
v -4.37575 2.0517 0.220968 
v -4.26921 2.14888 0.440688 
v -4.27983 2.32412 0.108513 
v -3.77889 2.66985 0.981284 
v -3.8409 3.08181 0.582149 
v -4.15163 2.54472 0.287969 
v -4.15163 2.54472 0.287969 
v -4.11171 2.26949 0.692678 
v -3.77889 2.66985 0.981284 
v -3.33844 3.13618 1.22424 
v -3.45234 3.67656 0.858668 
v -3.8409 3.08181 0.582149 
v -3.8409 3.08181 0.582149 
v -3.77889 2.66985 0.981284 
v -3.33844 3.13618 1.22424 
v -2.79035 3.52136 1.40583 
v -2.89501 4.09596 1.19782 
v -3.45234 3.67656 0.858668 
v -3.45234 3.67656 0.858668 
v -3.33844 3.13618 1.22424 
v -2.79035 3.52136 1.40583 
v -2.27348 3.95045 1.39129 
v -2.51023 4.19451 1.31967 
v -2.89501 4.09596 1.19782 
v -2.89501 4.09596 1.19782 
v -2.79035 3.52136 1.40583 
v -2.27348 3.95045 1.39129 
v -4.15163 2.54472 0.287969 
v -3.8409 3.08181 0.582149 
v -3.71588 3.1006 0.289279 
v -3.71588 3.1006 0.289279 
v -4.00605 2.50013 -0.00177652 
v -4.15163 2.54472 0.287969 
v -4.37215 2.14946 -0.042663 
v -4.27983 2.32412 0.108513 
v -4.11587 2.27537 -0.178809 
v -4.11587 2.27537 -0.178809 
v -4.19366 2.09774 -0.325568 
v -4.37215 2.14946 -0.042663 
v -4.54302 1.77176 -0.415185 
v -4.37215 2.14946 -0.042663 
v -4.19366 2.09774 -0.325568 
v -4.19366 2.09774 -0.325568 
v -4.33923 1.69424 -0.682776 
v -4.54302 1.77176 -0.415185 
v -4.62532 1.49191 -0.850247 
v -4.54302 1.77176 -0.415185 
v -4.33923 1.69424 -0.682776 
v -4.33923 1.69424 -0.682776 
v -4.381 1.42802 -1.1017 
v -4.62532 1.49191 -0.850247 
v -4.63437 1.24501 -1.2912 
v -4.62532 1.49191 -0.850247 
v -4.381 1.42802 -1.1017 
v -4.381 1.42802 -1.1017 
v -4.36305 1.19197 -1.49082 
v -4.63437 1.24501 -1.2912 
v -4.52546 1.02138 -1.84351 
v -4.63437 1.24501 -1.2912 
v -4.36305 1.19197 -1.49082 
v -4.36305 1.19197 -1.49082 
v -4.22253 0.971527 -2.00317 
v -4.52546 1.02138 -1.84351 
v -4.28619 0.787547 -2.43192 
v -4.52546 1.02138 -1.84351 
v -4.22253 0.971527 -2.00317 
v -4.22253 0.971527 -2.00317 
v -3.94594 0.719292 -2.56627 
v -4.28619 0.787547 -2.43192 
v -4.05578 0.641527 -2.79786 
v -4.28619 0.787547 -2.43192 
v -3.94594 0.719292 -2.56627 
v -3.94594 0.719292 -2.56627 
v -3.81456 0.626747 -2.7613 
v -4.05578 0.641527 -2.79786 
v -3.56692 0.399007 -3.33795 
v -4.05578 0.641527 -2.79786 
v -3.81456 0.626747 -2.7613 
v -3.81456 0.626747 -2.7613 
v -3.09672 0.266162 -3.46586 
v -3.56692 0.399007 -3.33795 
v -3.56692 0.399007 -3.33795 
v -3.09672 0.266162 -3.46586 
v -3.25644 0.251767 -3.3833 
v -3.25644 0.251767 -3.3833 
v -3.69221 0.380402 -3.26424 
v -3.56692 0.399007 -3.33795 
v -3.79325 0.347772 -3.19031 
v -3.42675 0.233632 -3.28359 
v -3.70481 0.273782 -3.05184 
v -3.70481 0.273782 -3.05184 
v -4.05875 0.400982 -2.93189 
v -3.79325 0.347772 -3.19031 
v -4.36806 0.474552 -2.52591 
v -4.02532 0.320177 -2.71181 
v -4.45297 0.528517 -1.92511 
v -4.45297 0.528517 -1.92511 
v -4.70683 0.674212 -1.75426 
v -4.36806 0.474552 -2.52591 
v -4.70683 0.674212 -1.75426 
v -4.45297 0.528517 -1.92511 
v -4.61401 0.796657 -1.11992 
v -4.61401 0.796657 -1.11992 
v -4.81686 0.931452 -0.972852 
v -4.70683 0.674212 -1.75426 
v -4.81686 0.931452 -0.972852 
v -4.61401 0.796657 -1.11992 
v -4.5422 1.13385 -0.46482 
v -4.5422 1.13385 -0.46482 
v -4.72566 1.25086 -0.326979 
v -4.81686 0.931452 -0.972852 
v -4.72566 1.25086 -0.326979 
v -4.5422 1.13385 -0.46482 
v -4.39286 1.46459 -0.142081 
v -4.39286 1.46459 -0.142081 
v -4.56003 1.56834 0.0548035 
v -4.72566 1.25086 -0.326979 
v -4.56003 1.56834 0.0548035 
v -4.39286 1.46459 -0.142081 
v -4.17444 1.90388 0.137599 
v -4.17444 1.90388 0.137599 
v -4.32743 1.9482 0.399454 
v -4.56003 1.56834 0.0548035 
v -4.32743 1.9482 0.399454 
v -4.17444 1.90388 0.137599 
v -4.05072 1.98516 0.403063 
v -4.05072 1.98516 0.403063 
v -4.20255 2.08717 0.588603 
v -4.32743 1.9482 0.399454 
v -3.98175 1.97481 1.0459 
v -3.88981 1.85502 0.793439 
v -3.77711 1.55221 1.11094 
v -3.77711 1.55221 1.11094 
v -3.77531 1.67407 1.42532 
v -3.98175 1.97481 1.0459 
v -3.77531 1.67407 1.42532 
v -3.77711 1.55221 1.11094 
v -3.37909 0.854067 1.76122 
v -3.37909 0.854067 1.76122 
v -3.27819 1.01017 2.05363 
v -3.77531 1.67407 1.42532 
v -3.27819 1.01017 2.05363 
v -3.37909 0.854067 1.76122 
v -2.66083 0.550902 2.11391 
v -2.66083 0.550902 2.11391 
v -2.54427 0.696197 2.35275 
v -3.27819 1.01017 2.05363 
v -2.54427 0.696197 2.35275 
v -2.66083 0.550902 2.11391 
v -1.91753 0.447122 2.05173 
v -1.91753 0.447122 2.05173 
v -1.79879 0.578517 2.25185 
v -2.54427 0.696197 2.35275 
v -1.91753 0.447122 2.05173 
v -1.59183 0.481042 1.56753 
v -1.50573 0.593847 1.74929 
v -1.50573 0.593847 1.74929 
v -1.79879 0.578517 2.25185 
v -1.91753 0.447122 2.05173 
v -1.50573 0.593847 1.74929 
v -1.59183 0.481042 1.56753 
v -1.2356 0.769592 1.1392 
v -1.2356 0.769592 1.1392 
v -1.13476 1.14878 1.08322 
v -1.50573 0.593847 1.74929 
v -1.13476 1.14878 1.08322 
v -1.2356 0.769592 1.1392 
v -1.18053 1.2705 0.865919 
v -1.18053 1.2705 0.865919 
v -1.11546 1.3076 1.00715 
v -1.13476 1.14878 1.08322 
v -1.18053 1.2705 0.865919 
v -1.10055 1.31753 0.589859 
v -1.05088 1.40432 0.714134 
v -1.05088 1.40432 0.714134 
v -1.11546 1.3076 1.00715 
v -1.18053 1.2705 0.865919 
v -1.10055 1.31753 0.589859 
v -1.04112 1.34256 0.308984 
v -1.0135 1.41663 0.450879 
v -1.0135 1.41663 0.450879 
v -1.05088 1.40432 0.714134 
v -1.10055 1.31753 0.589859 
v -1.02066 1.66795 0.433878 
v -1.04869 1.59681 0.287058 
v -1.05113 1.68236 0.279598 
v -1.05113 1.68236 0.279598 
v -1.02592 1.73973 0.420753 
v -1.02066 1.66795 0.433878 
v -1.02592 1.73973 0.420753 
v -1.05113 1.68236 0.279598 
v -1.12257 1.77039 0.562618 
v -1.12257 1.77039 0.562618 
v -1.0744 1.81945 0.686334 
v -1.02592 1.73973 0.420753 
v -1.0744 1.81945 0.686334 
v -1.12257 1.77039 0.562618 
v -1.20818 1.84658 0.803954 
v -1.20818 1.84658 0.803954 
v -1.14887 1.85312 0.945294 
v -1.0744 1.81945 0.686334 
v -1.14887 1.85312 0.945294 
v -1.20818 1.84658 0.803954 
v -1.2615 1.73201 0.951519 
v -1.2615 1.73201 0.951519 
v -1.19772 1.73728 1.10419 
v -1.14887 1.85312 0.945294 
v -1.19772 1.73728 1.10419 
v -1.2615 1.73201 0.951519 
v -1.57198 1.64366 1.19392 
v -1.57198 1.64366 1.19392 
v -1.52615 1.6851 1.40806 
v -1.19772 1.73728 1.10419 
v -1.52615 1.6851 1.40806 
v -1.57198 1.64366 1.19392 
v -1.60763 2.02431 1.34583 
v -1.60763 2.02431 1.34583 
v -1.54686 1.99007 1.58415 
v -1.52615 1.6851 1.40806 
v -1.66819 2.15225 1.61907 
v -1.54686 1.99007 1.58415 
v -1.60763 2.02431 1.34583 
v -1.60763 2.02431 1.34583 
v -1.67162 2.17552 1.34928 
v -1.66819 2.15225 1.61907 
v -1.66819 2.15225 1.61907 
v -1.67162 2.17552 1.34928 
v -1.76875 2.33613 1.365 
v -1.76875 2.33613 1.365 
v -1.79926 2.33845 1.63581 
v -1.66819 2.15225 1.61907 
v -1.79926 2.33845 1.63581 
v -1.76875 2.33613 1.365 
v -1.88018 2.68903 1.33168 
v -1.88018 2.68903 1.33168 
v -1.96538 2.76036 1.58552 
v -1.79926 2.33845 1.63581 
v -2.27348 3.95045 1.39129 
v -1.96538 2.76036 1.58552 
v -1.88018 2.68903 1.33168 
v -1.88018 2.68903 1.33168 
v -2.09919 4.04353 1.183 
v -2.27348 3.95045 1.39129 
v -2.27348 3.95045 1.39129 
v -2.09919 4.04353 1.183 
v -2.3588 4.30133 1.15783 
v -2.3588 4.30133 1.15783 
v -2.51023 4.19451 1.31967 
v -2.27348 3.95045 1.39129 
v -2.51023 4.19451 1.31967 
v -2.3588 4.30133 1.15783 
v -2.75629 4.22877 1.02071 
v -2.75629 4.22877 1.02071 
v -2.89501 4.09596 1.19782 
v -2.51023 4.19451 1.31967 
v -2.89501 4.09596 1.19782 
v -2.75629 4.22877 1.02071 
v -3.33634 3.7871 0.599308 
v -3.33634 3.7871 0.599308 
v -3.45234 3.67656 0.858668 
v -2.89501 4.09596 1.19782 
v -3.45234 3.67656 0.858668 
v -3.33634 3.7871 0.599308 
v -3.71588 3.1006 0.289279 
v -3.71588 3.1006 0.289279 
v -3.8409 3.08181 0.582149 
v -3.45234 3.67656 0.858668 
v -4.05875 0.400982 -2.93189 
v -3.70481 0.273782 -3.05184 
v -4.02532 0.320177 -2.71181 
v -4.02532 0.320177 -2.71181 
v -4.36806 0.474552 -2.52591 
v -4.05875 0.400982 -2.93189 
v -3.69221 0.380402 -3.26424 
v -3.25644 0.251767 -3.3833 
v -3.42675 0.233632 -3.28359 
v -3.42675 0.233632 -3.28359 
v -3.79325 0.347772 -3.19031 
v -3.69221 0.380402 -3.26424 
v -4.36806 0.474552 -2.52591 
v -4.37211 0.638442 -2.45403 
v -4.06609 0.506627 -2.89281 
v -4.06609 0.506627 -2.89281 
v -4.05875 0.400982 -2.93189 
v -4.36806 0.474552 -2.52591 
v -4.06609 0.506627 -2.89281 
v -3.69221 0.380402 -3.26424 
v -3.79325 0.347772 -3.19031 
v -3.79325 0.347772 -3.19031 
v -4.05875 0.400982 -2.93189 
v -4.06609 0.506627 -2.89281 
v -4.05578 0.641527 -2.79786 
v -3.56692 0.399007 -3.33795 
v -3.69221 0.380402 -3.26424 
v -3.69221 0.380402 -3.26424 
v -4.06609 0.506627 -2.89281 
v -4.05578 0.641527 -2.79786 
v -1.01593 1.57101 0.443893 
v -1.04577 1.49643 0.295758 
v -1.04869 1.59681 0.287058 
v -1.04869 1.59681 0.287058 
v -1.02066 1.66795 0.433878 
v -1.01593 1.57101 0.443893 
v -1.02066 1.66795 0.433878 
v -1.05896 1.73158 0.715183 
v -1.0488 1.61156 0.729888 
v -1.0488 1.61156 0.729888 
v -1.01593 1.57101 0.443893 
v -1.02066 1.66795 0.433878 
v -1.12884 1.72447 0.986423 
v -1.11472 1.56266 1.01256 
v -1.0488 1.61156 0.729888 
v -1.0488 1.61156 0.729888 
v -1.05896 1.73158 0.715183 
v -1.12884 1.72447 0.986423 
v -1.17618 1.54018 1.16977 
v -1.13478 1.55437 1.02449 
v -1.11472 1.56266 1.01256 
v -1.11472 1.56266 1.01256 
v -1.12884 1.72447 0.986423 
v -1.17618 1.54018 1.16977 
v -1.13478 1.55437 1.02449 
v -1.17618 1.54018 1.16977 
v -1.51949 1.44385 1.53082 
v -1.51949 1.44385 1.53082 
v -1.51435 1.12318 1.65071 
v -1.13478 1.55437 1.02449 
v -1.01314 1.47338 0.452618 
v -1.04277 1.39653 0.304358 
v -1.04577 1.49643 0.295758 
v -1.04577 1.49643 0.295758 
v -1.01593 1.57101 0.443893 
v -1.01314 1.47338 0.452618 
v -1.01593 1.57101 0.443893 
v -1.0488 1.61156 0.729888 
v -1.04479 1.48743 0.732353 
v -1.04479 1.48743 0.732353 
v -1.01314 1.47338 0.452618 
v -1.01593 1.57101 0.443893 
v -1.11472 1.56266 1.01256 
v -1.1081 1.40051 1.02398 
v -1.04479 1.48743 0.732353 
v -1.04479 1.48743 0.732353 
v -1.0488 1.61156 0.729888 
v -1.11472 1.56266 1.01256 
v -1.13478 1.55437 1.02449 
v -1.12854 1.30952 1.07804 
v -1.1081 1.40051 1.02398 
v -1.1081 1.40051 1.02398 
v -1.11472 1.56266 1.01256 
v -1.13478 1.55437 1.02449 
v -1.12854 1.30952 1.07804 
v -1.13478 1.55437 1.02449 
v -1.51435 1.12318 1.65071 
v -1.51435 1.12318 1.65071 
v -1.50791 0.804587 1.74055 
v -1.12854 1.30952 1.07804 
v -1.0135 1.41663 0.450879 
v -1.04112 1.34256 0.308984 
v -1.04277 1.39653 0.304358 
v -1.04277 1.39653 0.304358 
v -1.01314 1.47338 0.452618 
v -1.0135 1.41663 0.450879 
v -1.05088 1.40432 0.714134 
v -1.0135 1.41663 0.450879 
v -1.01314 1.47338 0.452618 
v -1.01314 1.47338 0.452618 
v -1.04479 1.48743 0.732353 
v -1.05088 1.40432 0.714134 
v -1.1081 1.40051 1.02398 
v -1.11546 1.3076 1.00715 
v -1.05088 1.40432 0.714134 
v -1.05088 1.40432 0.714134 
v -1.04479 1.48743 0.732353 
v -1.1081 1.40051 1.02398 
v -1.12854 1.30952 1.07804 
v -1.13476 1.14878 1.08322 
v -1.11546 1.3076 1.00715 
v -1.11546 1.3076 1.00715 
v -1.1081 1.40051 1.02398 
v -1.12854 1.30952 1.07804 
v -1.13476 1.14878 1.08322 
v -1.12854 1.30952 1.07804 
v -1.50791 0.804587 1.74055 
v -1.50791 0.804587 1.74055 
v -1.50573 0.593847 1.74929 
v -1.13476 1.14878 1.08322 
v -1.50791 0.804587 1.74055 
v -1.51435 1.12318 1.65071 
v -1.65748 1.20836 2.00731 
v -1.65748 1.20836 2.00731 
v -1.72456 0.843217 2.16873 
v -1.50791 0.804587 1.74055 
v -1.51435 1.12318 1.65071 
v -1.51949 1.44385 1.53082 
v -1.5959 1.60586 1.80537 
v -1.5959 1.60586 1.80537 
v -1.65748 1.20836 2.00731 
v -1.51435 1.12318 1.65071 
v -1.50573 0.593847 1.74929 
v -1.50791 0.804587 1.74055 
v -1.72456 0.843217 2.16873 
v -1.72456 0.843217 2.16873 
v -1.79879 0.578517 2.25185 
v -1.50573 0.593847 1.74929 
v -3.91644 1.92759 0.114348 
v -3.92609 1.97302 -0.06342 
v -3.8082 2.09462 0.175328 
v -3.8082 2.09462 0.175328 
v -3.76701 1.81195 0.527483 
v -3.91644 1.92759 0.114348 
v -3.76701 1.81195 0.527483 
v -3.88981 1.85502 0.793439 
v -4.05072 1.98516 0.403063 
v -4.05072 1.98516 0.403063 
v -3.91644 1.92759 0.114348 
v -3.76701 1.81195 0.527483 
v -4.20255 2.08717 0.588603 
v -4.05072 1.98516 0.403063 
v -3.88981 1.85502 0.793439 
v -3.88981 1.85502 0.793439 
v -3.98175 1.97481 1.0459 
v -4.20255 2.08717 0.588603 
v -4.11171 2.26949 0.692678 
v -4.26921 2.14888 0.440688 
v -4.20255 2.08717 0.588603 
v -4.20255 2.08717 0.588603 
v -3.98175 1.97481 1.0459 
v -4.11171 2.26949 0.692678 
v -4.15163 2.54472 0.287969 
v -4.27983 2.32412 0.108513 
v -4.26921 2.14888 0.440688 
v -4.26921 2.14888 0.440688 
v -4.11171 2.26949 0.692678 
v -4.15163 2.54472 0.287969 
v -4.27983 2.32412 0.108513 
v -4.15163 2.54472 0.287969 
v -4.00605 2.50013 -0.00177652 
v -4.00605 2.50013 -0.00177652 
v -4.11587 2.27537 -0.178809 
v -4.27983 2.32412 0.108513 
v -4.11587 2.27537 -0.178809 
v -4.00605 2.50013 -0.00177652 
v -3.82979 2.39102 -0.121016 
v -3.82979 2.39102 -0.121016 
v -3.93466 2.16768 -0.302414 
v -4.11587 2.27537 -0.178809 
v -3.92609 1.97302 -0.06342 
v -3.93466 2.16768 -0.302414 
v -3.82979 2.39102 -0.121016 
v -3.82979 2.39102 -0.121016 
v -3.8082 2.09462 0.175328 
v -3.92609 1.97302 -0.06342 
v -3.81665 2.13035 0.619723 
v -3.57008 2.23266 0.992419 
v -3.65494 1.77214 0.799584 
v -3.65494 1.77214 0.799584 
v -3.8463 1.78677 0.500389 
v -3.81665 2.13035 0.619723 
v -3.81128 1.43825 0.784889 
v -4.00452 1.47721 0.423878 
v -3.8463 1.78677 0.500389 
v -3.8463 1.78677 0.500389 
v -3.65494 1.77214 0.799584 
v -3.81128 1.43825 0.784889 
v -4.04394 1.05867 0.675704 
v -4.14847 1.20247 0.336294 
v -4.00452 1.47721 0.423878 
v -4.00452 1.47721 0.423878 
v -3.81128 1.43825 0.784889 
v -4.04394 1.05867 0.675704 
v -4.29328 0.714132 0.459514 
v -4.31058 0.928477 0.172884 
v -4.14847 1.20247 0.336294 
v -4.14847 1.20247 0.336294 
v -4.04394 1.05867 0.675704 
v -4.29328 0.714132 0.459514 
v -4.29328 0.714132 0.459514 
v -4.51227 0.423092 0.161138 
v -4.46806 0.648942 -0.0243315 
v -4.46806 0.648942 -0.0243315 
v -4.31058 0.928477 0.172884 
v -4.29328 0.714132 0.459514 
v -4.56143 0.479762 -0.163102 
v -4.46806 0.648942 -0.0243315 
v -4.51227 0.423092 0.161138 
v -4.51227 0.423092 0.161138 
v -4.61575 0.294607 -0.0569565 
v -4.56143 0.479762 -0.163102 
v -3.8463 1.78677 0.500389 
v -3.96974 1.84003 0.675033 
v -3.81665 2.13035 0.619723 
v -4.13008 1.54401 0.595803 
v -3.96974 1.84003 0.675033 
v -3.8463 1.78677 0.500389 
v -3.8463 1.78677 0.500389 
v -4.00452 1.47721 0.423878 
v -4.13008 1.54401 0.595803 
v -4.26682 1.28723 0.521068 
v -4.13008 1.54401 0.595803 
v -4.00452 1.47721 0.423878 
v -4.00452 1.47721 0.423878 
v -4.14847 1.20247 0.336294 
v -4.26682 1.28723 0.521068 
v -4.43571 1.01941 0.357309 
v -4.26682 1.28723 0.521068 
v -4.14847 1.20247 0.336294 
v -4.14847 1.20247 0.336294 
v -4.31058 0.928477 0.172884 
v -4.43571 1.01941 0.357309 
v -4.60901 0.726032 0.155693 
v -4.43571 1.01941 0.357309 
v -4.31058 0.928477 0.172884 
v -4.31058 0.928477 0.172884 
v -4.46806 0.648942 -0.0243315 
v -4.60901 0.726032 0.155693 
v -4.66714 0.621947 0.0786335 
v -4.60901 0.726032 0.155693 
v -4.46806 0.648942 -0.0243315 
v -4.46806 0.648942 -0.0243315 
v -4.56143 0.479762 -0.163102 
v -4.66714 0.621947 0.0786335 
v -4.8734 0.226022 -0.279744 
v -4.66714 0.621947 0.0786335 
v -4.56143 0.479762 -0.163102 
v -4.56143 0.479762 -0.163102 
v -4.69796 0.215617 -0.395218 
v -4.8734 0.226022 -0.279744 
v -4.8734 0.226022 -0.279744 
v -4.69796 0.215617 -0.395218 
v -4.68146 0.213762 -0.208437 
v -4.68146 0.213762 -0.208437 
v -4.83327 0.247932 -0.0278065 
v -4.8734 0.226022 -0.279744 
v -4.61575 0.294607 -0.0569565 
v -4.76529 0.326662 0.157664 
v -4.83327 0.247932 -0.0278065 
v -4.83327 0.247932 -0.0278065 
v -4.68146 0.213762 -0.208437 
v -4.61575 0.294607 -0.0569565 
v -4.29328 0.714132 0.459514 
v -4.39247 0.740917 0.732103 
v -4.65807 0.431827 0.392479 
v -4.65807 0.431827 0.392479 
v -4.51227 0.423092 0.161138 
v -4.29328 0.714132 0.459514 
v -4.04394 1.05867 0.675704 
v -4.09955 1.10483 0.963253 
v -4.39247 0.740917 0.732103 
v -4.39247 0.740917 0.732103 
v -4.29328 0.714132 0.459514 
v -4.04394 1.05867 0.675704 
v -3.81128 1.43825 0.784889 
v -3.84168 1.50447 1.06265 
v -4.09955 1.10483 0.963253 
v -4.09955 1.10483 0.963253 
v -4.04394 1.05867 0.675704 
v -3.81128 1.43825 0.784889 
v -3.65494 1.77214 0.799584 
v -3.70832 1.83381 1.03957 
v -3.84168 1.50447 1.06265 
v -3.84168 1.50447 1.06265 
v -3.81128 1.43825 0.784889 
v -3.65494 1.77214 0.799584 
v -3.57008 2.23266 0.992419 
v -3.70832 1.83381 1.03957 
v -3.65494 1.77214 0.799584 
v -4.51227 0.423092 0.161138 
v -4.65807 0.431827 0.392479 
v -4.76529 0.326662 0.157664 
v -4.76529 0.326662 0.157664 
v -4.61575 0.294607 -0.0569565 
v -4.51227 0.423092 0.161138 
v -4.68146 0.213762 -0.208437 
v -4.69796 0.215617 -0.395218 
v -4.56143 0.479762 -0.163102 
v -4.56143 0.479762 -0.163102 
v -4.61575 0.294607 -0.0569565 
v -4.68146 0.213762 -0.208437 
v -4.54101 1.06591 0.624074 
v -4.72386 0.786657 0.427284 
v -4.74244 0.561107 0.633924 
v -4.74244 0.561107 0.633924 
v -4.4819 0.851992 0.934418 
v -4.54101 1.06591 0.624074 
v -4.35655 1.33892 0.782493 
v -4.54101 1.06591 0.624074 
v -4.4819 0.851992 0.934418 
v -4.4819 0.851992 0.934418 
v -4.19978 1.19549 1.14216 
v -4.35655 1.33892 0.782493 
v -4.20082 1.6124 0.860103 
v -4.35655 1.33892 0.782493 
v -4.19978 1.19549 1.14216 
v -4.19978 1.19549 1.14216 
v -3.94977 1.57345 1.23575 
v -4.20082 1.6124 0.860103 
v -4.03288 1.92016 0.923319 
v -4.20082 1.6124 0.860103 
v -3.94977 1.57345 1.23575 
v -3.94977 1.57345 1.23575 
v -3.79219 1.90558 1.23405 
v -4.03288 1.92016 0.923319 
v -3.57008 2.23266 0.992419 
v -3.81665 2.13035 0.619723 
v -4.03288 1.92016 0.923319 
v -4.03288 1.92016 0.923319 
v -3.79219 1.90558 1.23405 
v -3.57008 2.23266 0.992419 
v -4.03288 1.92016 0.923319 
v -3.81665 2.13035 0.619723 
v -3.96974 1.84003 0.675033 
v -4.20082 1.6124 0.860103 
v -4.03288 1.92016 0.923319 
v -3.96974 1.84003 0.675033 
v -3.96974 1.84003 0.675033 
v -4.13008 1.54401 0.595803 
v -4.20082 1.6124 0.860103 
v -4.35655 1.33892 0.782493 
v -4.20082 1.6124 0.860103 
v -4.13008 1.54401 0.595803 
v -4.13008 1.54401 0.595803 
v -4.26682 1.28723 0.521068 
v -4.35655 1.33892 0.782493 
v -4.54101 1.06591 0.624074 
v -4.35655 1.33892 0.782493 
v -4.26682 1.28723 0.521068 
v -4.26682 1.28723 0.521068 
v -4.43571 1.01941 0.357309 
v -4.54101 1.06591 0.624074 
v -4.72386 0.786657 0.427284 
v -4.54101 1.06591 0.624074 
v -4.43571 1.01941 0.357309 
v -4.43571 1.01941 0.357309 
v -4.60901 0.726032 0.155693 
v -4.72386 0.786657 0.427284 
v -4.83019 0.615132 0.278759 
v -4.72386 0.786657 0.427284 
v -4.60901 0.726032 0.155693 
v -4.60901 0.726032 0.155693 
v -4.66714 0.621947 0.0786335 
v -4.83019 0.615132 0.278759 
v -4.98 0.343967 0.0187435 
v -4.83019 0.615132 0.278759 
v -4.66714 0.621947 0.0786335 
v -4.66714 0.621947 0.0786335 
v -4.8734 0.226022 -0.279744 
v -4.98 0.343967 0.0187435 
v -4.94172 0.341982 0.217638 
v -4.83327 0.247932 -0.0278065 
v -4.76529 0.326662 0.157664 
v -4.76529 0.326662 0.157664 
v -4.87053 0.430142 0.400133 
v -4.94172 0.341982 0.217638 
v -4.74244 0.561107 0.633924 
v -4.65807 0.431827 0.392479 
v -4.39247 0.740917 0.732103 
v -4.39247 0.740917 0.732103 
v -4.4819 0.851992 0.934418 
v -4.74244 0.561107 0.633924 
v -4.4819 0.851992 0.934418 
v -4.39247 0.740917 0.732103 
v -4.09955 1.10483 0.963253 
v -4.09955 1.10483 0.963253 
v -4.19978 1.19549 1.14216 
v -4.4819 0.851992 0.934418 
v -4.19978 1.19549 1.14216 
v -4.09955 1.10483 0.963253 
v -3.84168 1.50447 1.06265 
v -3.84168 1.50447 1.06265 
v -3.94977 1.57345 1.23575 
v -4.19978 1.19549 1.14216 
v -3.94977 1.57345 1.23575 
v -3.84168 1.50447 1.06265 
v -3.70832 1.83381 1.03957 
v -3.70832 1.83381 1.03957 
v -3.79219 1.90558 1.23405 
v -3.94977 1.57345 1.23575 
v -3.57008 2.23266 0.992419 
v -3.79219 1.90558 1.23405 
v -3.70832 1.83381 1.03957 
v -4.87053 0.430142 0.400133 
v -4.76529 0.326662 0.157664 
v -4.65807 0.431827 0.392479 
v -4.65807 0.431827 0.392479 
v -4.74244 0.561107 0.633924 
v -4.87053 0.430142 0.400133 
v -4.83327 0.247932 -0.0278065 
v -4.94172 0.341982 0.217638 
v -4.98 0.343967 0.0187435 
v -4.98 0.343967 0.0187435 
v -4.8734 0.226022 -0.279744 
v -4.83327 0.247932 -0.0278065 
v -4.74244 0.561107 0.633924 
v -4.72386 0.786657 0.427284 
v -4.83019 0.615132 0.278759 
v -4.83019 0.615132 0.278759 
v -4.87053 0.430142 0.400133 
v -4.74244 0.561107 0.633924 
v -4.94172 0.341982 0.217638 
v -4.87053 0.430142 0.400133 
v -4.83019 0.615132 0.278759 
v -4.83019 0.615132 0.278759 
v -4.98 0.343967 0.0187435 
v -4.94172 0.341982 0.217638 
v -4.02601 2.20615 0.264449 
v -3.81665 2.13035 0.619723 
v -3.96612 1.59916 0.320498 
v -3.96612 1.59916 0.320498 
v -4.06231 1.69735 -0.0996025 
v -4.02601 2.20615 0.264449 
v -4.16398 1.2308 0.159728 
v -4.21835 1.36096 -0.339423 
v -4.06231 1.69735 -0.0996025 
v -4.06231 1.69735 -0.0996025 
v -3.96612 1.59916 0.320498 
v -4.16398 1.2308 0.159728 
v -4.39357 0.830782 -0.1887 
v -4.33742 1.06395 -0.593665 
v -4.21835 1.36096 -0.339423 
v -4.21835 1.36096 -0.339423 
v -4.16398 1.2308 0.159728 
v -4.39357 0.830782 -0.1887 
v -4.55146 0.482742 -0.694963 
v -4.41723 0.778457 -0.960148 
v -4.33742 1.06395 -0.593665 
v -4.33742 1.06395 -0.593665 
v -4.39357 0.830782 -0.1887 
v -4.55146 0.482742 -0.694963 
v -4.58152 0.198437 -1.28151 
v -4.4427 0.486807 -1.37816 
v -4.41723 0.778457 -0.960148 
v -4.41723 0.778457 -0.960148 
v -4.55146 0.482742 -0.694963 
v -4.58152 0.198437 -1.28151 
v -4.42574 0.311022 -1.65648 
v -4.4427 0.486807 -1.37816 
v -4.58152 0.198437 -1.28151 
v -4.58152 0.198437 -1.28151 
v -4.52414 0.0820475 -1.64533 
v -4.42574 0.311022 -1.65648 
v -4.06231 1.69735 -0.0996025 
v -4.24063 1.7683 0.0717235 
v -4.02601 2.20615 0.264449 
v -4.40353 1.44852 -0.175061 
v -4.24063 1.7683 0.0717235 
v -4.06231 1.69735 -0.0996025 
v -4.06231 1.69735 -0.0996025 
v -4.21835 1.36096 -0.339423 
v -4.40353 1.44852 -0.175061 
v -4.52694 1.16973 -0.411386 
v -4.40353 1.44852 -0.175061 
v -4.21835 1.36096 -0.339423 
v -4.21835 1.36096 -0.339423 
v -4.33742 1.06395 -0.593665 
v -4.52694 1.16973 -0.411386 
v -4.62351 0.891397 -0.786905 
v -4.52694 1.16973 -0.411386 
v -4.33742 1.06395 -0.593665 
v -4.33742 1.06395 -0.593665 
v -4.41723 0.778457 -0.960148 
v -4.62351 0.891397 -0.786905 
v -4.67203 0.584092 -1.23405 
v -4.62351 0.891397 -0.786905 
v -4.41723 0.778457 -0.960148 
v -4.41723 0.778457 -0.960148 
v -4.4427 0.486807 -1.37816 
v -4.67203 0.584092 -1.23405 
v -4.6732 0.474497 -1.40014 
v -4.67203 0.584092 -1.23405 
v -4.4427 0.486807 -1.37816 
v -4.4427 0.486807 -1.37816 
v -4.42574 0.311022 -1.65648 
v -4.6732 0.474497 -1.40014 
v -4.56724 0.0597224 -2.10209 
v -4.6732 0.474497 -1.40014 
v -4.42574 0.311022 -1.65648 
v -4.42574 0.311022 -1.65648 
v -4.34789 0.0351675 -2.10501 
v -4.56724 0.0597224 -2.10209 
v -4.56724 0.0597224 -2.10209 
v -4.34789 0.0351675 -2.10501 
v -4.46712 0.0100025 -1.88991 
v -4.46712 0.0100025 -1.88991 
v -4.71333 0.0550225 -1.7872 
v -4.56724 0.0597224 -2.10209 
v -4.52414 0.0820475 -1.64533 
v -4.78566 0.122182 -1.49934 
v -4.71333 0.0550225 -1.7872 
v -4.71333 0.0550225 -1.7872 
v -4.46712 0.0100025 -1.88991 
v -4.52414 0.0820475 -1.64533 
v -4.55146 0.482742 -0.694963 
v -4.77427 0.508632 -0.431603 
v -4.84127 0.210487 -1.11635 
v -4.84127 0.210487 -1.11635 
v -4.58152 0.198437 -1.28151 
v -4.55146 0.482742 -0.694963 
v -4.39357 0.830782 -0.1887 
v -4.55755 0.873217 0.133824 
v -4.77427 0.508632 -0.431603 
v -4.77427 0.508632 -0.431603 
v -4.55146 0.482742 -0.694963 
v -4.39357 0.830782 -0.1887 
v -4.16398 1.2308 0.159728 
v -4.27634 1.29352 0.493148 
v -4.55755 0.873217 0.133824 
v -4.55755 0.873217 0.133824 
v -4.39357 0.830782 -0.1887 
v -4.16398 1.2308 0.159728 
v -3.96612 1.59916 0.320498 
v -4.08067 1.66358 0.599939 
v -4.27634 1.29352 0.493148 
v -4.27634 1.29352 0.493148 
v -4.16398 1.2308 0.159728 
v -3.96612 1.59916 0.320498 
v -3.81665 2.13035 0.619723 
v -4.08067 1.66358 0.599939 
v -3.96612 1.59916 0.320498 
v -4.58152 0.198437 -1.28151 
v -4.84127 0.210487 -1.11635 
v -4.78566 0.122182 -1.49934 
v -4.78566 0.122182 -1.49934 
v -4.52414 0.0820475 -1.64533 
v -4.58152 0.198437 -1.28151 
v -4.46712 0.0100025 -1.88991 
v -4.34789 0.0351675 -2.10501 
v -4.42574 0.311022 -1.65648 
v -4.42574 0.311022 -1.65648 
v -4.52414 0.0820475 -1.64533 
v -4.46712 0.0100025 -1.88991 
v -4.84558 0.941472 -0.523642 
v -4.92208 0.650842 -0.975399 
v -5.04834 0.361292 -0.848897 
v -5.04834 0.361292 -0.848897 
v -4.9429 0.644682 -0.21326 
v -4.84558 0.941472 -0.523642 
v -4.7168 1.22528 -0.136295 
v -4.84558 0.941472 -0.523642 
v -4.9429 0.644682 -0.21326 
v -4.9429 0.644682 -0.21326 
v -4.71258 0.991252 0.317549 
v -4.7168 1.22528 -0.136295 
v -4.56245 1.52056 0.122844 
v -4.7168 1.22528 -0.136295 
v -4.71258 0.991252 0.317549 
v -4.71258 0.991252 0.317549 
v -4.42973 1.38938 0.667308 
v -4.56245 1.52056 0.122844 
v -4.37254 1.85455 0.360524 
v -4.56245 1.52056 0.122844 
v -4.42973 1.38938 0.667308 
v -4.42973 1.38938 0.667308 
v -4.20752 1.75576 0.815833 
v -4.37254 1.85455 0.360524 
v -3.81665 2.13035 0.619723 
v -4.02601 2.20615 0.264449 
v -4.37254 1.85455 0.360524 
v -4.37254 1.85455 0.360524 
v -4.20752 1.75576 0.815833 
v -3.81665 2.13035 0.619723 
v -4.37254 1.85455 0.360524 
v -4.02601 2.20615 0.264449 
v -4.24063 1.7683 0.0717235 
v -4.56245 1.52056 0.122844 
v -4.37254 1.85455 0.360524 
v -4.24063 1.7683 0.0717235 
v -4.24063 1.7683 0.0717235 
v -4.40353 1.44852 -0.175061 
v -4.56245 1.52056 0.122844 
v -4.7168 1.22528 -0.136295 
v -4.56245 1.52056 0.122844 
v -4.40353 1.44852 -0.175061 
v -4.40353 1.44852 -0.175061 
v -4.52694 1.16973 -0.411386 
v -4.7168 1.22528 -0.136295 
v -4.84558 0.941472 -0.523642 
v -4.7168 1.22528 -0.136295 
v -4.52694 1.16973 -0.411386 
v -4.52694 1.16973 -0.411386 
v -4.62351 0.891397 -0.786905 
v -4.84558 0.941472 -0.523642 
v -4.92208 0.650842 -0.975399 
v -4.84558 0.941472 -0.523642 
v -4.62351 0.891397 -0.786905 
v -4.62351 0.891397 -0.786905 
v -4.67203 0.584092 -1.23405 
v -4.92208 0.650842 -0.975399 
v -4.92843 0.472787 -1.28784 
v -4.92208 0.650842 -0.975399 
v -4.67203 0.584092 -1.23405 
v -4.67203 0.584092 -1.23405 
v -4.6732 0.474497 -1.40014 
v -4.92843 0.472787 -1.28784 
v -4.86983 0.189437 -1.80366 
v -4.92843 0.472787 -1.28784 
v -4.6732 0.474497 -1.40014 
v -4.6732 0.474497 -1.40014 
v -4.56724 0.0597224 -2.10209 
v -4.86983 0.189437 -1.80366 
v -4.96743 0.162837 -1.55575 
v -4.71333 0.0550225 -1.7872 
v -4.78566 0.122182 -1.49934 
v -4.78566 0.122182 -1.49934 
v -5.02528 0.242837 -1.26077 
v -4.96743 0.162837 -1.55575 
v -5.04834 0.361292 -0.848897 
v -4.84127 0.210487 -1.11635 
v -4.77427 0.508632 -0.431603 
v -4.77427 0.508632 -0.431603 
v -4.9429 0.644682 -0.21326 
v -5.04834 0.361292 -0.848897 
v -4.9429 0.644682 -0.21326 
v -4.77427 0.508632 -0.431603 
v -4.55755 0.873217 0.133824 
v -4.55755 0.873217 0.133824 
v -4.71258 0.991252 0.317549 
v -4.9429 0.644682 -0.21326 
v -4.71258 0.991252 0.317549 
v -4.55755 0.873217 0.133824 
v -4.27634 1.29352 0.493148 
v -4.27634 1.29352 0.493148 
v -4.42973 1.38938 0.667308 
v -4.71258 0.991252 0.317549 
v -4.42973 1.38938 0.667308 
v -4.27634 1.29352 0.493148 
v -4.08067 1.66358 0.599939 
v -4.08067 1.66358 0.599939 
v -4.20752 1.75576 0.815833 
v -4.42973 1.38938 0.667308 
v -3.81665 2.13035 0.619723 
v -4.20752 1.75576 0.815833 
v -4.08067 1.66358 0.599939 
v -5.02528 0.242837 -1.26077 
v -4.78566 0.122182 -1.49934 
v -4.84127 0.210487 -1.11635 
v -4.84127 0.210487 -1.11635 
v -5.04834 0.361292 -0.848897 
v -5.02528 0.242837 -1.26077 
v -4.71333 0.0550225 -1.7872 
v -4.96743 0.162837 -1.55575 
v -4.86983 0.189437 -1.80366 
v -4.86983 0.189437 -1.80366 
v -4.56724 0.0597224 -2.10209 
v -4.71333 0.0550225 -1.7872 
v -5.04834 0.361292 -0.848897 
v -4.92208 0.650842 -0.975399 
v -4.92843 0.472787 -1.28784 
v -4.92843 0.472787 -1.28784 
v -5.02528 0.242837 -1.26077 
v -5.04834 0.361292 -0.848897 
v -4.96743 0.162837 -1.55575 
v -5.02528 0.242837 -1.26077 
v -4.92843 0.472787 -1.28784 
v -4.92843 0.472787 -1.28784 
v -4.86983 0.189437 -1.80366 
v -4.96743 0.162837 -1.55575 
v -3.51463 2.31338 1.07355 
v -3.27121 2.34263 1.25927 
v -3.34023 1.93842 1.13211 
v -3.34023 1.93842 1.13211 
v -3.55903 1.92668 0.938539 
v -3.51463 2.31338 1.07355 
v -3.45628 1.64249 1.16764 
v -3.6912 1.65104 0.931708 
v -3.55903 1.92668 0.938539 
v -3.55903 1.92668 0.938539 
v -3.34023 1.93842 1.13211 
v -3.45628 1.64249 1.16764 
v -3.65017 1.29975 1.15692 
v -3.81571 1.40547 0.916384 
v -3.6912 1.65104 0.931708 
v -3.6912 1.65104 0.931708 
v -3.45628 1.64249 1.16764 
v -3.65017 1.29975 1.15692 
v -3.88233 0.983742 1.07887 
v -3.97321 1.15698 0.853984 
v -3.81571 1.40547 0.916384 
v -3.81571 1.40547 0.916384 
v -3.65017 1.29975 1.15692 
v -3.88233 0.983742 1.07887 
v -3.88233 0.983742 1.07887 
v -4.11579 0.713602 0.940413 
v -4.13726 0.903157 0.772779 
v -4.13726 0.903157 0.772779 
v -3.97321 1.15698 0.853984 
v -3.88233 0.983742 1.07887 
v -4.24187 0.749117 0.712744 
v -4.13726 0.903157 0.772779 
v -4.11579 0.713602 0.940413 
v -4.11579 0.713602 0.940413 
v -4.24924 0.591477 0.822659 
v -4.24187 0.749117 0.712744 
v -3.55903 1.92668 0.938539 
v -3.64167 1.97098 1.10703 
v -3.51463 2.31338 1.07355 
v -3.77445 1.7069 1.0989 
v -3.64167 1.97098 1.10703 
v -3.55903 1.92668 0.938539 
v -3.55903 1.92668 0.938539 
v -3.6912 1.65104 0.931708 
v -3.77445 1.7069 1.0989 
v -3.88882 1.47783 1.09131 
v -3.77445 1.7069 1.0989 
v -3.6912 1.65104 0.931708 
v -3.6912 1.65104 0.931708 
v -3.81571 1.40547 0.916384 
v -3.88882 1.47783 1.09131 
v -4.0488 1.23487 1.03038 
v -3.88882 1.47783 1.09131 
v -3.81571 1.40547 0.916384 
v -3.81571 1.40547 0.916384 
v -3.97321 1.15698 0.853984 
v -4.0488 1.23487 1.03038 
v -4.22208 0.969002 0.951949 
v -4.0488 1.23487 1.03038 
v -3.97321 1.15698 0.853984 
v -3.97321 1.15698 0.853984 
v -4.13726 0.903157 0.772779 
v -4.22208 0.969002 0.951949 
v -4.28299 0.874737 0.921098 
v -4.22208 0.969002 0.951949 
v -4.13726 0.903157 0.772779 
v -4.13726 0.903157 0.772779 
v -4.24187 0.749117 0.712744 
v -4.28299 0.874737 0.921098 
v -4.52533 0.514947 0.761608 
v -4.28299 0.874737 0.921098 
v -4.24187 0.749117 0.712744 
v -4.24187 0.749117 0.712744 
v -4.40563 0.508692 0.611228 
v -4.52533 0.514947 0.761608 
v -4.52533 0.514947 0.761608 
v -4.40563 0.508692 0.611228 
v -4.33992 0.514197 0.740939 
v -4.33992 0.514197 0.740939 
v -4.42562 0.543332 0.928509 
v -4.52533 0.514947 0.761608 
v -4.24924 0.591477 0.822659 
v -4.32716 0.619437 1.03497 
v -4.42562 0.543332 0.928509 
v -4.42562 0.543332 0.928509 
v -4.33992 0.514197 0.740939 
v -4.24924 0.591477 0.822659 
v -3.88233 0.983742 1.07887 
v -3.91668 1.00923 1.32062 
v -4.18931 0.721352 1.16593 
v -4.18931 0.721352 1.16593 
v -4.11579 0.713602 0.940413 
v -3.88233 0.983742 1.07887 
v -3.65017 1.29975 1.15692 
v -3.65356 1.34387 1.39872 
v -3.91668 1.00923 1.32062 
v -3.91668 1.00923 1.32062 
v -3.88233 0.983742 1.07887 
v -3.65017 1.29975 1.15692 
v -3.45628 1.64249 1.16764 
v -3.44636 1.70498 1.3966 
v -3.65356 1.34387 1.39872 
v -3.65356 1.34387 1.39872 
v -3.65017 1.29975 1.15692 
v -3.45628 1.64249 1.16764 
v -3.34023 1.93842 1.13211 
v -3.35755 1.99489 1.33738 
v -3.44636 1.70498 1.3966 
v -3.44636 1.70498 1.3966 
v -3.45628 1.64249 1.16764 
v -3.34023 1.93842 1.13211 
v -3.27121 2.34263 1.25927 
v -3.35755 1.99489 1.33738 
v -3.34023 1.93842 1.13211 
v -4.11579 0.713602 0.940413 
v -4.18931 0.721352 1.16593 
v -4.32716 0.619437 1.03497 
v -4.32716 0.619437 1.03497 
v -4.24924 0.591477 0.822659 
v -4.11579 0.713602 0.940413 
v -4.33992 0.514197 0.740939 
v -4.40563 0.508692 0.611228 
v -4.24187 0.749117 0.712744 
v -4.24187 0.749117 0.712744 
v -4.24924 0.591477 0.822659 
v -4.33992 0.514197 0.740939 
v -3.9647 1.10472 1.50296 
v -4.08949 1.27729 1.26822 
v -4.26488 1.0238 1.19441 
v -4.26488 1.0238 1.19441 
v -4.21969 0.834807 1.37286 
v -3.9647 1.10472 1.50296 
v -3.92268 1.52486 1.32103 
v -4.08949 1.27729 1.26822 
v -3.9647 1.10472 1.50296 
v -3.9647 1.10472 1.50296 
v -3.71837 1.4197 1.56752 
v -3.92268 1.52486 1.32103 
v -3.79605 1.76927 1.32548 
v -3.92268 1.52486 1.32103 
v -3.71837 1.4197 1.56752 
v -3.71837 1.4197 1.56752 
v -3.52094 1.76091 1.56273 
v -3.79605 1.76927 1.32548 
v -3.66357 2.04332 1.31941 
v -3.79605 1.76927 1.32548 
v -3.52094 1.76091 1.56273 
v -3.52094 1.76091 1.56273 
v -3.41061 2.05527 1.51395 
v -3.66357 2.04332 1.31941 
v -3.27121 2.34263 1.25927 
v -3.51463 2.31338 1.07355 
v -3.66357 2.04332 1.31941 
v -3.66357 2.04332 1.31941 
v -3.41061 2.05527 1.51395 
v -3.27121 2.34263 1.25927 
v -3.66357 2.04332 1.31941 
v -3.51463 2.31338 1.07355 
v -3.64167 1.97098 1.10703 
v -3.79605 1.76927 1.32548 
v -3.66357 2.04332 1.31941 
v -3.64167 1.97098 1.10703 
v -3.64167 1.97098 1.10703 
v -3.77445 1.7069 1.0989 
v -3.79605 1.76927 1.32548 
v -3.92268 1.52486 1.32103 
v -3.79605 1.76927 1.32548 
v -3.77445 1.7069 1.0989 
v -3.77445 1.7069 1.0989 
v -3.88882 1.47783 1.09131 
v -3.92268 1.52486 1.32103 
v -4.08949 1.27729 1.26822 
v -3.92268 1.52486 1.32103 
v -3.88882 1.47783 1.09131 
v -3.88882 1.47783 1.09131 
v -4.0488 1.23487 1.03038 
v -4.08949 1.27729 1.26822 
v -4.26488 1.0238 1.19441 
v -4.08949 1.27729 1.26822 
v -4.0488 1.23487 1.03038 
v -4.0488 1.23487 1.03038 
v -4.22208 0.969002 0.951949 
v -4.26488 1.0238 1.19441 
v -4.3757 0.867762 1.13078 
v -4.26488 1.0238 1.19441 
v -4.22208 0.969002 0.951949 
v -4.22208 0.969002 0.951949 
v -4.28299 0.874737 0.921098 
v -4.3757 0.867762 1.13078 
v -4.54615 0.621282 1.01255 
v -4.3757 0.867762 1.13078 
v -4.28299 0.874737 0.921098 
v -4.28299 0.874737 0.921098 
v -4.52533 0.514947 0.761608 
v -4.54615 0.621282 1.01255 
v -4.46441 0.626802 1.14532 
v -4.42562 0.543332 0.928509 
v -4.32716 0.619437 1.03497 
v -4.32716 0.619437 1.03497 
v -4.36834 0.710517 1.24945 
v -4.46441 0.626802 1.14532 
v -4.21969 0.834807 1.37286 
v -4.18931 0.721352 1.16593 
v -3.91668 1.00923 1.32062 
v -3.91668 1.00923 1.32062 
v -3.9647 1.10472 1.50296 
v -4.21969 0.834807 1.37286 
v -3.9647 1.10472 1.50296 
v -3.91668 1.00923 1.32062 
v -3.65356 1.34387 1.39872 
v -3.65356 1.34387 1.39872 
v -3.71837 1.4197 1.56752 
v -3.9647 1.10472 1.50296 
v -3.71837 1.4197 1.56752 
v -3.65356 1.34387 1.39872 
v -3.44636 1.70498 1.3966 
v -3.44636 1.70498 1.3966 
v -3.52094 1.76091 1.56273 
v -3.71837 1.4197 1.56752 
v -3.52094 1.76091 1.56273 
v -3.44636 1.70498 1.3966 
v -3.35755 1.99489 1.33738 
v -3.35755 1.99489 1.33738 
v -3.41061 2.05527 1.51395 
v -3.52094 1.76091 1.56273 
v -3.27121 2.34263 1.25927 
v -3.41061 2.05527 1.51395 
v -3.35755 1.99489 1.33738 
v -4.36834 0.710517 1.24945 
v -4.32716 0.619437 1.03497 
v -4.18931 0.721352 1.16593 
v -4.18931 0.721352 1.16593 
v -4.21969 0.834807 1.37286 
v -4.36834 0.710517 1.24945 
v -4.42562 0.543332 0.928509 
v -4.46441 0.626802 1.14532 
v -4.54615 0.621282 1.01255 
v -4.54615 0.621282 1.01255 
v -4.52533 0.514947 0.761608 
v -4.42562 0.543332 0.928509 
v -4.21969 0.834807 1.37286 
v -4.26488 1.0238 1.19441 
v -4.3757 0.867762 1.13078 
v -4.3757 0.867762 1.13078 
v -4.36834 0.710517 1.24945 
v -4.21969 0.834807 1.37286 
v -4.46441 0.626802 1.14532 
v -4.36834 0.710517 1.24945 
v -4.3757 0.867762 1.13078 
v -4.3757 0.867762 1.13078 
v -4.54615 0.621282 1.01255 
v -4.46441 0.626802 1.14532 
v -3.1157 2.34946 1.35197 
v -2.85631 2.37521 1.45759 
v -2.93462 1.97624 1.35367 
v -2.93462 1.97624 1.35367 
v -3.17318 1.96821 1.23602 
v -3.1157 2.34946 1.35197 
v -3.03888 1.68457 1.41377 
v -3.2998 1.69729 1.26208 
v -3.17318 1.96821 1.23602 
v -3.17318 1.96821 1.23602 
v -2.93462 1.97624 1.35367 
v -3.03888 1.68457 1.41377 
v -3.22397 1.34737 1.45287 
v -3.42073 1.45574 1.27933 
v -3.2998 1.69729 1.26208 
v -3.2998 1.69729 1.26208 
v -3.03888 1.68457 1.41377 
v -3.22397 1.34737 1.45287 
v -3.22397 1.34737 1.45287 
v -3.4566 1.03716 1.44202 
v -3.58143 1.21171 1.2633 
v -3.58143 1.21171 1.2633 
v -3.42073 1.45574 1.27933 
v -3.22397 1.34737 1.45287 
v -3.4566 1.03716 1.44202 
v -3.70197 0.772567 1.37782 
v -3.75224 0.962322 1.23261 
v -3.75224 0.962322 1.23261 
v -3.58143 1.21171 1.2633 
v -3.4566 1.03716 1.44202 
v -3.86311 0.810982 1.20595 
v -3.75224 0.962322 1.23261 
v -3.70197 0.772567 1.37782 
v -3.70197 0.772567 1.37782 
v -3.85008 0.653587 1.30674 
v -3.86311 0.810982 1.20595 
v -3.17318 1.96821 1.23602 
v -3.23005 2.01298 1.41217 
v -3.1157 2.34946 1.35197 
v -3.35697 1.75353 1.43766 
v -3.23005 2.01298 1.41217 
v -3.17318 1.96821 1.23602 
v -3.17318 1.96821 1.23602 
v -3.2998 1.69729 1.26208 
v -3.35697 1.75353 1.43766 
v -3.46643 1.52821 1.45966 
v -3.35697 1.75353 1.43766 
v -3.2998 1.69729 1.26208 
v -3.2998 1.69729 1.26208 
v -3.42073 1.45574 1.27933 
v -3.46643 1.52821 1.45966 
v -3.6284 1.28968 1.44569 
v -3.46643 1.52821 1.45966 
v -3.42073 1.45574 1.27933 
v -3.42073 1.45574 1.27933 
v -3.58143 1.21171 1.2633 
v -3.6284 1.28968 1.44569 
v -3.80651 1.02843 1.42 
v -3.6284 1.28968 1.44569 
v -3.58143 1.21171 1.2633 
v -3.58143 1.21171 1.2633 
v -3.75224 0.962322 1.23261 
v -3.80651 1.02843 1.42 
v -3.86986 0.935737 1.40816 
v -3.80651 1.02843 1.42 
v -3.75224 0.962322 1.23261 
v -3.75224 0.962322 1.23261 
v -3.86311 0.810982 1.20595 
v -3.86986 0.935737 1.40816 
v -4.12975 0.581967 1.32844 
v -3.86986 0.935737 1.40816 
v -3.86311 0.810982 1.20595 
v -3.86311 0.810982 1.20595 
v -4.03887 0.574632 1.15784 
v -4.12975 0.581967 1.32844 
v -4.12975 0.581967 1.32844 
v -4.03887 0.574632 1.15784 
v -3.95181 0.578417 1.2572 
v -3.95181 0.578417 1.2572 
v -4.00395 0.607992 1.45287 
v -4.12975 0.581967 1.32844 
v -3.85008 0.653587 1.30674 
v -3.89132 0.681862 1.52316 
v -4.00395 0.607992 1.45287 
v -4.00395 0.607992 1.45287 
v -3.95181 0.578417 1.2572 
v -3.85008 0.653587 1.30674 
v -3.4566 1.03716 1.44202 
v -3.45472 1.06252 1.67456 
v -3.7379 0.780747 1.60551 
v -3.7379 0.780747 1.60551 
v -3.70197 0.772567 1.37782 
v -3.4566 1.03716 1.44202 
v -3.22397 1.34737 1.45287 
v -3.19479 1.39091 1.67756 
v -3.45472 1.06252 1.67456 
v -3.45472 1.06252 1.67456 
v -3.4566 1.03716 1.44202 
v -3.22397 1.34737 1.45287 
v -3.03888 1.68457 1.41377 
v -3.00041 1.74626 1.62312 
v -3.19479 1.39091 1.67756 
v -3.19479 1.39091 1.67756 
v -3.22397 1.34737 1.45287 
v -3.03888 1.68457 1.41377 
v -2.93462 1.97624 1.35367 
v -2.92569 2.03239 1.54791 
v -3.00041 1.74626 1.62312 
v -3.00041 1.74626 1.62312 
v -3.03888 1.68457 1.41377 
v -2.93462 1.97624 1.35367 
v -2.85631 2.37521 1.45759 
v -2.92569 2.03239 1.54791 
v -2.93462 1.97624 1.35367 
v -3.70197 0.772567 1.37782 
v -3.7379 0.780747 1.60551 
v -3.89132 0.681862 1.52316 
v -3.89132 0.681862 1.52316 
v -3.85008 0.653587 1.30674 
v -3.70197 0.772567 1.37782 
v -4.03887 0.574632 1.15784 
v -3.86311 0.810982 1.20595 
v -3.85008 0.653587 1.30674 
v -3.85008 0.653587 1.30674 
v -3.95181 0.578417 1.2572 
v -4.03887 0.574632 1.15784 
v -3.47511 1.15818 1.85867 
v -3.63153 1.33201 1.67655 
v -3.80957 1.08297 1.65558 
v -3.80957 1.08297 1.65558 
v -3.73606 0.893847 1.80687 
v -3.47511 1.15818 1.85867 
v -3.46562 1.57511 1.68133 
v -3.63153 1.33201 1.67655 
v -3.47511 1.15818 1.85867 
v -3.47511 1.15818 1.85867 
v -3.23429 1.46737 1.85381 
v -3.46562 1.57511 1.68133 
v -3.34576 1.81549 1.65304 
v -3.46562 1.57511 1.68133 
v -3.23429 1.46737 1.85381 
v -3.23429 1.46737 1.85381 
v -3.05036 1.80307 1.79911 
v -3.34576 1.81549 1.65304 
v -3.22212 2.08484 1.61443 
v -3.34576 1.81549 1.65304 
v -3.05036 1.80307 1.79911 
v -3.05036 1.80307 1.79911 
v -2.95435 2.09321 1.72727 
v -3.22212 2.08484 1.61443 
v -3.1157 2.34946 1.35197 
v -3.22212 2.08484 1.61443 
v -2.95435 2.09321 1.72727 
v -2.95435 2.09321 1.72727 
v -2.85631 2.37521 1.45759 
v -3.1157 2.34946 1.35197 
v -3.22212 2.08484 1.61443 
v -3.1157 2.34946 1.35197 
v -3.23005 2.01298 1.41217 
v -3.34576 1.81549 1.65304 
v -3.22212 2.08484 1.61443 
v -3.23005 2.01298 1.41217 
v -3.23005 2.01298 1.41217 
v -3.35697 1.75353 1.43766 
v -3.34576 1.81549 1.65304 
v -3.46562 1.57511 1.68133 
v -3.34576 1.81549 1.65304 
v -3.35697 1.75353 1.43766 
v -3.35697 1.75353 1.43766 
v -3.46643 1.52821 1.45966 
v -3.46562 1.57511 1.68133 
v -3.63153 1.33201 1.67655 
v -3.46562 1.57511 1.68133 
v -3.46643 1.52821 1.45966 
v -3.46643 1.52821 1.45966 
v -3.6284 1.28968 1.44569 
v -3.63153 1.33201 1.67655 
v -3.80957 1.08297 1.65558 
v -3.63153 1.33201 1.67655 
v -3.6284 1.28968 1.44569 
v -3.6284 1.28968 1.44569 
v -3.80651 1.02843 1.42 
v -3.80957 1.08297 1.65558 
v -3.92531 0.929647 1.62711 
v -3.80957 1.08297 1.65558 
v -3.80651 1.02843 1.42 
v -3.80651 1.02843 1.42 
v -3.86986 0.935737 1.40816 
v -3.92531 0.929647 1.62711 
v -4.10767 0.687282 1.56519 
v -3.92531 0.929647 1.62711 
v -3.86986 0.935737 1.40816 
v -3.86986 0.935737 1.40816 
v -4.12975 0.581967 1.32844 
v -4.10767 0.687282 1.56519 
v -4.00617 0.691107 1.66418 
v -4.00395 0.607992 1.45287 
v -3.89132 0.681862 1.52316 
v -3.89132 0.681862 1.52316 
v -3.89726 0.772707 1.73364 
v -4.00617 0.691107 1.66418 
v -3.73606 0.893847 1.80687 
v -3.7379 0.780747 1.60551 
v -3.45472 1.06252 1.67456 
v -3.45472 1.06252 1.67456 
v -3.47511 1.15818 1.85867 
v -3.73606 0.893847 1.80687 
v -3.47511 1.15818 1.85867 
v -3.45472 1.06252 1.67456 
v -3.19479 1.39091 1.67756 
v -3.19479 1.39091 1.67756 
v -3.23429 1.46737 1.85381 
v -3.47511 1.15818 1.85867 
v -3.23429 1.46737 1.85381 
v -3.19479 1.39091 1.67756 
v -3.00041 1.74626 1.62312 
v -3.00041 1.74626 1.62312 
v -3.05036 1.80307 1.79911 
v -3.23429 1.46737 1.85381 
v -3.05036 1.80307 1.79911 
v -3.00041 1.74626 1.62312 
v -2.92569 2.03239 1.54791 
v -2.92569 2.03239 1.54791 
v -2.95435 2.09321 1.72727 
v -3.05036 1.80307 1.79911 
v -2.85631 2.37521 1.45759 
v -2.95435 2.09321 1.72727 
v -2.92569 2.03239 1.54791 
v -3.89726 0.772707 1.73364 
v -3.89132 0.681862 1.52316 
v -3.7379 0.780747 1.60551 
v -3.7379 0.780747 1.60551 
v -3.73606 0.893847 1.80687 
v -3.89726 0.772707 1.73364 
v -4.00395 0.607992 1.45287 
v -4.00617 0.691107 1.66418 
v -4.10767 0.687282 1.56519 
v -4.10767 0.687282 1.56519 
v -4.12975 0.581967 1.32844 
v -4.00395 0.607992 1.45287 
v -3.73606 0.893847 1.80687 
v -3.80957 1.08297 1.65558 
v -3.92531 0.929647 1.62711 
v -3.92531 0.929647 1.62711 
v -3.89726 0.772707 1.73364 
v -3.73606 0.893847 1.80687 
v -4.00617 0.691107 1.66418 
v -3.89726 0.772707 1.73364 
v -3.92531 0.929647 1.62711 
v -3.92531 0.929647 1.62711 
v -4.10767 0.687282 1.56519 
v -4.00617 0.691107 1.66418 
v -4.36053 1.53348 -0.096308 
v -4.38568 1.14812 -0.303144 
v -4.36452 1.24439 -0.591582 
v -4.47238 0.946042 -0.498451 
v -4.41889 1.06551 -0.813745 
v -4.36452 1.24439 -0.591582 
v -4.36452 1.24439 -0.591582 
v -4.38568 1.14812 -0.303144 
v -4.47238 0.946042 -0.498451 
v -4.53985 0.737012 -0.825375 
v -4.44914 0.908397 -1.03411 
v -4.41889 1.06551 -0.813745 
v -4.41889 1.06551 -0.813745 
v -4.47238 0.946042 -0.498451 
v -4.53985 0.737012 -0.825375 
v -4.5432 0.565417 -1.22266 
v -4.44336 0.764157 -1.31584 
v -4.44914 0.908397 -1.03411 
v -4.44914 0.908397 -1.03411 
v -4.53985 0.737012 -0.825375 
v -4.5432 0.565417 -1.22266 
v -4.5432 0.565417 -1.22266 
v -4.47494 0.433372 -1.63107 
v -4.40395 0.617188 -1.6211 
v -4.40395 0.617188 -1.6211 
v -4.44336 0.764157 -1.31584 
v -4.5432 0.565417 -1.22266 
v -4.36158 0.529442 -1.81687 
v -4.40395 0.617188 -1.6211 
v -4.47494 0.433372 -1.63107 
v -4.47494 0.433372 -1.63107 
v -4.40078 0.387082 -1.86223 
v -4.36158 0.529442 -1.81687 
v -4.36452 1.24439 -0.591582 
v -4.48543 1.29239 -0.498427 
v -4.36053 1.53348 -0.096308 
v -4.54219 1.12332 -0.724054 
v -4.48543 1.29239 -0.498427 
v -4.36452 1.24439 -0.591582 
v -4.36452 1.24439 -0.591582 
v -4.41889 1.06551 -0.813745 
v -4.54219 1.12332 -0.724054 
v -4.57723 0.975187 -0.930501 
v -4.54219 1.12332 -0.724054 
v -4.41889 1.06551 -0.813745 
v -4.41889 1.06551 -0.813745 
v -4.44914 0.908397 -1.03411 
v -4.57723 0.975187 -0.930501 
v -4.5792 0.835067 -1.21607 
v -4.57723 0.975187 -0.930501 
v -4.44914 0.908397 -1.03411 
v -4.44914 0.908397 -1.03411 
v -4.44336 0.764157 -1.31584 
v -4.5792 0.835067 -1.21607 
v -4.54842 0.679457 -1.54048 
v -4.5792 0.835067 -1.21607 
v -4.44336 0.764157 -1.31584 
v -4.44336 0.764157 -1.31584 
v -4.40395 0.617188 -1.6211 
v -4.54842 0.679457 -1.54048 
v -4.52868 0.623692 -1.65786 
v -4.54842 0.679457 -1.54048 
v -4.40395 0.617188 -1.6211 
v -4.40395 0.617188 -1.6211 
v -4.36158 0.529442 -1.81687 
v -4.52868 0.623692 -1.65786 
v -4.39258 0.414712 -2.13451 
v -4.52868 0.623692 -1.65786 
v -4.36158 0.529442 -1.81687 
v -4.36158 0.529442 -1.81687 
v -4.26908 0.391147 -2.12659 
v -4.39258 0.414712 -2.13451 
v -4.39258 0.414712 -2.13451 
v -4.26908 0.391147 -2.12659 
v -4.34498 0.360037 -2.01454 
v -4.34498 0.360037 -2.01454 
v -4.49113 0.390762 -1.96773 
v -4.39258 0.414712 -2.13451 
v -4.40078 0.387082 -1.86223 
v -4.55959 0.413572 -1.79646 
v -4.49113 0.390762 -1.96773 
v -4.49113 0.390762 -1.96773 
v -4.34498 0.360037 -2.01454 
v -4.40078 0.387082 -1.86223 
v -4.5432 0.565417 -1.22266 
v -4.70158 0.579097 -1.09698 
v -4.63515 0.443112 -1.56487 
v -4.63515 0.443112 -1.56487 
v -4.47494 0.433372 -1.63107 
v -4.5432 0.565417 -1.22266 
v -4.53985 0.737012 -0.825375 
v -4.68118 0.757252 -0.652592 
v -4.70158 0.579097 -1.09698 
v -4.70158 0.579097 -1.09698 
v -4.5432 0.565417 -1.22266 
v -4.53985 0.737012 -0.825375 
v -4.47238 0.946042 -0.498451 
v -4.59023 0.977087 -0.301885 
v -4.68118 0.757252 -0.652592 
v -4.68118 0.757252 -0.652592 
v -4.53985 0.737012 -0.825375 
v -4.47238 0.946042 -0.498451 
v -4.38568 1.14812 -0.303144 
v -4.49411 1.18437 -0.136652 
v -4.59023 0.977087 -0.301885 
v -4.59023 0.977087 -0.301885 
v -4.47238 0.946042 -0.498451 
v -4.38568 1.14812 -0.303144 
v -4.36053 1.53348 -0.096308 
v -4.49411 1.18437 -0.136652 
v -4.38568 1.14812 -0.303144 
v -4.47494 0.433372 -1.63107 
v -4.63515 0.443112 -1.56487 
v -4.55959 0.413572 -1.79646 
v -4.55959 0.413572 -1.79646 
v -4.40078 0.387082 -1.86223 
v -4.47494 0.433372 -1.63107 
v -4.34498 0.360037 -2.01454 
v -4.26908 0.391147 -2.12659 
v -4.36158 0.529442 -1.81687 
v -4.36158 0.529442 -1.81687 
v -4.40078 0.387082 -1.86223 
v -4.34498 0.360037 -2.01454 
v -4.82623 0.664032 -0.975426 
v -4.73321 0.863477 -1.08273 
v -4.71394 0.717137 -1.40789 
v -4.71394 0.717137 -1.40789 
v -4.78559 0.532807 -1.41186 
v -4.82623 0.664032 -0.975426 
v -4.71843 1.00685 -0.785681 
v -4.73321 0.863477 -1.08273 
v -4.82623 0.664032 -0.975426 
v -4.82623 0.664032 -0.975426 
v -4.79293 0.834697 -0.557041 
v -4.71843 1.00685 -0.785681 
v -4.67134 1.16326 -0.556338 
v -4.71843 1.00685 -0.785681 
v -4.79293 0.834697 -0.557041 
v -4.79293 0.834697 -0.557041 
v -4.69926 1.04295 -0.21789 
v -4.67134 1.16326 -0.556338 
v -4.59942 1.34135 -0.327049 
v -4.67134 1.16326 -0.556338 
v -4.69926 1.04295 -0.21789 
v -4.69926 1.04295 -0.21789 
v -4.59655 1.24453 -0.0188615 
v -4.59942 1.34135 -0.327049 
v -4.36053 1.53348 -0.096308 
v -4.59942 1.34135 -0.327049 
v -4.59655 1.24453 -0.0188615 
v -4.59942 1.34135 -0.327049 
v -4.36053 1.53348 -0.096308 
v -4.48543 1.29239 -0.498427 
v -4.67134 1.16326 -0.556338 
v -4.59942 1.34135 -0.327049 
v -4.48543 1.29239 -0.498427 
v -4.48543 1.29239 -0.498427 
v -4.54219 1.12332 -0.724054 
v -4.67134 1.16326 -0.556338 
v -4.71843 1.00685 -0.785681 
v -4.67134 1.16326 -0.556338 
v -4.54219 1.12332 -0.724054 
v -4.54219 1.12332 -0.724054 
v -4.57723 0.975187 -0.930501 
v -4.71843 1.00685 -0.785681 
v -4.73321 0.863477 -1.08273 
v -4.71843 1.00685 -0.785681 
v -4.57723 0.975187 -0.930501 
v -4.57723 0.975187 -0.930501 
v -4.5792 0.835067 -1.21607 
v -4.73321 0.863477 -1.08273 
v -4.71394 0.717137 -1.40789 
v -4.73321 0.863477 -1.08273 
v -4.5792 0.835067 -1.21607 
v -4.5792 0.835067 -1.21607 
v -4.54842 0.679457 -1.54048 
v -4.71394 0.717137 -1.40789 
v -4.67827 0.628097 -1.62146 
v -4.71394 0.717137 -1.40789 
v -4.54842 0.679457 -1.54048 
v -4.54842 0.679457 -1.54048 
v -4.52868 0.623692 -1.65786 
v -4.67827 0.628097 -1.62146 
v -4.58663 0.485477 -1.96444 
v -4.67827 0.628097 -1.62146 
v -4.52868 0.623692 -1.65786 
v -4.52868 0.623692 -1.65786 
v -4.39258 0.414712 -2.13451 
v -4.58663 0.485477 -1.96444 
v -4.65615 0.453602 -1.84112 
v -4.49113 0.390762 -1.96773 
v -4.55959 0.413572 -1.79646 
v -4.55959 0.413572 -1.79646 
v -4.72035 0.485422 -1.66549 
v -4.65615 0.453602 -1.84112 
v -4.78559 0.532807 -1.41186 
v -4.63515 0.443112 -1.56487 
v -4.70158 0.579097 -1.09698 
v -4.70158 0.579097 -1.09698 
v -4.82623 0.664032 -0.975426 
v -4.78559 0.532807 -1.41186 
v -4.82623 0.664032 -0.975426 
v -4.70158 0.579097 -1.09698 
v -4.68118 0.757252 -0.652592 
v -4.68118 0.757252 -0.652592 
v -4.79293 0.834697 -0.557041 
v -4.82623 0.664032 -0.975426 
v -4.79293 0.834697 -0.557041 
v -4.68118 0.757252 -0.652592 
v -4.59023 0.977087 -0.301885 
v -4.59023 0.977087 -0.301885 
v -4.69926 1.04295 -0.21789 
v -4.79293 0.834697 -0.557041 
v -4.69926 1.04295 -0.21789 
v -4.59023 0.977087 -0.301885 
v -4.49411 1.18437 -0.136652 
v -4.49411 1.18437 -0.136652 
v -4.59655 1.24453 -0.0188615 
v -4.69926 1.04295 -0.21789 
v -4.36053 1.53348 -0.096308 
v -4.59655 1.24453 -0.0188615 
v -4.49411 1.18437 -0.136652 
v -4.72035 0.485422 -1.66549 
v -4.55959 0.413572 -1.79646 
v -4.63515 0.443112 -1.56487 
v -4.63515 0.443112 -1.56487 
v -4.78559 0.532807 -1.41186 
v -4.72035 0.485422 -1.66549 
v -4.49113 0.390762 -1.96773 
v -4.65615 0.453602 -1.84112 
v -4.58663 0.485477 -1.96444 
v -4.58663 0.485477 -1.96444 
v -4.39258 0.414712 -2.13451 
v -4.49113 0.390762 -1.96773 
v -4.78559 0.532807 -1.41186 
v -4.71394 0.717137 -1.40789 
v -4.67827 0.628097 -1.62146 
v -4.67827 0.628097 -1.62146 
v -4.72035 0.485422 -1.66549 
v -4.78559 0.532807 -1.41186 
v -4.65615 0.453602 -1.84112 
v -4.72035 0.485422 -1.66549 
v -4.67827 0.628097 -1.62146 
v -4.67827 0.628097 -1.62146 
v -4.58663 0.485477 -1.96444 
v -4.65615 0.453602 -1.84112 
v -4.99443 -0.273412 -0.819117 
v -5.04798 -0.380923 -0.433905 
v -5.0575 -0.468318 -0.958233 
v -5.0575 -0.468318 -0.958233 
v -5.02453 -0.436228 -1.0972 
v -4.99443 -0.273412 -0.819117 
v -4.3305 0.546762 0.869738 
v -4.59761 0.545577 0.194028 
v -4.07199 1.29703 0.750893 
v -4.07199 1.29703 0.750893 
v -3.86257 1.20229 1.11332 
v -4.3305 0.546762 0.869738 
v -4.59761 0.545577 0.194028 
v -4.3305 0.546762 0.869738 
v -4.67237 0.0631474 0.581738 
v -4.67237 0.0631474 0.581738 
v -4.85046 0.0899774 -0.240467 
v -4.59761 0.545577 0.194028 
v -4.85046 0.0899774 -0.240467 
v -4.67237 0.0631474 0.581738 
v -4.94589 -0.250013 0.0542235 
v -4.94589 -0.250013 0.0542235 
v -4.95661 -0.149093 -0.614064 
v -4.85046 0.0899774 -0.240467 
v -4.95661 -0.149093 -0.614064 
v -4.94589 -0.250013 0.0542235 
v -5.04798 -0.380923 -0.433905 
v -5.04798 -0.380923 -0.433905 
v -4.99443 -0.273412 -0.819117 
v -4.95661 -0.149093 -0.614064 
v -5.2099 -0.190778 -0.55831 
v -5.25822 -0.353528 -0.846394 
v -5.28218 -0.385683 -0.698735 
v -5.28218 -0.385683 -0.698735 
v -5.23678 -0.298362 -0.15148 
v -5.2099 -0.190778 -0.55831 
v -4.2493 1.272 0.966473 
v -4.7394 0.627622 0.474273 
v -4.41436 0.628807 1.16636 
v -4.41436 0.628807 1.16636 
v -4.00968 1.17933 1.35496 
v -4.2493 1.272 0.966473 
v -4.7394 0.627622 0.474273 
v -5.02539 0.172412 0.0364585 
v -4.78228 0.145622 0.885883 
v -4.78228 0.145622 0.885883 
v -4.41436 0.628807 1.16636 
v -4.7394 0.627622 0.474273 
v -5.02539 0.172412 0.0364585 
v -5.15814 -0.0665176 -0.346797 
v -5.09852 -0.167448 0.351903 
v -5.09852 -0.167448 0.351903 
v -4.78228 0.145622 0.885883 
v -5.02539 0.172412 0.0364585 
v -5.15814 -0.0665176 -0.346797 
v -5.2099 -0.190778 -0.55831 
v -5.23678 -0.298362 -0.15148 
v -5.23678 -0.298362 -0.15148 
v -5.09852 -0.167448 0.351903 
v -5.15814 -0.0665176 -0.346797 
v -5.28218 -0.385683 -0.698735 
v -5.0575 -0.468318 -0.958233 
v -5.04798 -0.380923 -0.433905 
v -5.04798 -0.380923 -0.433905 
v -5.23678 -0.298362 -0.15148 
v -5.28218 -0.385683 -0.698735 
v -5.25822 -0.353528 -0.846394 
v -5.02453 -0.436228 -1.0972 
v -5.0575 -0.468318 -0.958233 
v -5.0575 -0.468318 -0.958233 
v -5.28218 -0.385683 -0.698735 
v -5.25822 -0.353528 -0.846394 
v -5.25822 -0.353528 -0.846394 
v -5.2099 -0.190778 -0.55831 
v -4.99443 -0.273412 -0.819117 
v -4.99443 -0.273412 -0.819117 
v -5.02453 -0.436228 -1.0972 
v -5.25822 -0.353528 -0.846394 
v -4.41436 0.628807 1.16636 
v -4.3305 0.546762 0.869738 
v -3.86257 1.20229 1.11332 
v -3.86257 1.20229 1.11332 
v -4.00968 1.17933 1.35496 
v -4.41436 0.628807 1.16636 
v -4.7394 0.627622 0.474273 
v -4.2493 1.272 0.966473 
v -4.07199 1.29703 0.750893 
v -4.07199 1.29703 0.750893 
v -4.59761 0.545577 0.194028 
v -4.7394 0.627622 0.474273 
v -4.2493 1.272 0.966473 
v -4.00968 1.17933 1.35496 
v -3.86257 1.20229 1.11332 
v -3.86257 1.20229 1.11332 
v -4.07199 1.29703 0.750893 
v -4.2493 1.272 0.966473 
v -4.78228 0.145622 0.885883 
v -4.67237 0.0631474 0.581738 
v -4.3305 0.546762 0.869738 
v -4.3305 0.546762 0.869738 
v -4.41436 0.628807 1.16636 
v -4.78228 0.145622 0.885883 
v -5.02539 0.172412 0.0364585 
v -4.7394 0.627622 0.474273 
v -4.59761 0.545577 0.194028 
v -4.59761 0.545577 0.194028 
v -4.85046 0.0899774 -0.240467 
v -5.02539 0.172412 0.0364585 
v -5.09852 -0.167448 0.351903 
v -4.94589 -0.250013 0.0542235 
v -4.67237 0.0631474 0.581738 
v -4.67237 0.0631474 0.581738 
v -4.78228 0.145622 0.885883 
v -5.09852 -0.167448 0.351903 
v -5.15814 -0.0665176 -0.346797 
v -5.02539 0.172412 0.0364585 
v -4.85046 0.0899774 -0.240467 
v -4.85046 0.0899774 -0.240467 
v -4.95661 -0.149093 -0.614064 
v -5.15814 -0.0665176 -0.346797 
v -5.23678 -0.298362 -0.15148 
v -5.04798 -0.380923 -0.433905 
v -4.94589 -0.250013 0.0542235 
v -4.94589 -0.250013 0.0542235 
v -5.09852 -0.167448 0.351903 
v -5.23678 -0.298362 -0.15148 
v -5.2099 -0.190778 -0.55831 
v -5.15814 -0.0665176 -0.346797 
v -4.95661 -0.149093 -0.614064 
v -4.95661 -0.149093 -0.614064 
v -4.99443 -0.273412 -0.819117 
v -5.2099 -0.190778 -0.55831 
v -4.73369 -0.0251225 -1.68817 
v -4.88799 -0.163152 -1.36442 
v -4.72939 -0.213403 -1.9002 
v -4.72939 -0.213403 -1.9002 
v -4.65982 -0.170948 -2.014 
v -4.73369 -0.0251225 -1.68817 
v -3.90899 1.92772 0.611653 
v -4.53111 0.643227 0.353173 
v -4.6427 0.716602 -0.373103 
v -4.6427 0.716602 -0.373103 
v -4.53111 0.643227 0.353173 
v -4.81866 0.195587 -0.135836 
v -4.81866 0.195587 -0.135836 
v -4.77926 0.297562 -0.981014 
v -4.6427 0.716602 -0.373103 
v -4.77926 0.297562 -0.981014 
v -4.81866 0.195587 -0.135836 
v -4.93958 -0.0699725 -0.819506 
v -4.93958 -0.0699725 -0.819506 
v -4.76728 0.0856974 -1.44198 
v -4.77926 0.297562 -0.981014 
v -4.76728 0.0856974 -1.44198 
v -4.93958 -0.0699725 -0.819506 
v -4.88799 -0.163152 -1.36442 
v -4.88799 -0.163152 -1.36442 
v -4.73369 -0.0251225 -1.68817 
v -4.76728 0.0856974 -1.44198 
v -5.00251 0.0585924 -1.48589 
v -4.94675 -0.0868025 -1.83077 
v -5.01019 -0.129622 -1.70691 
v -5.01019 -0.129622 -1.70691 
v -5.13775 -0.0801826 -1.13641 
v -5.00251 0.0585924 -1.48589 
v -4.3316 1.30969 0.817143 
v -4.82714 0.798637 -0.118993 
v -4.65974 0.724862 0.635743 
v -4.82714 0.798637 -0.118993 
v -5.00494 0.380402 -0.744743 
v -4.98541 0.277747 0.142923 
v -4.98541 0.277747 0.142923 
v -4.65974 0.724862 0.635743 
v -4.82714 0.798637 -0.118993 
v -5.00494 0.380402 -0.744743 
v -5.02166 0.169097 -1.22675 
v -5.15455 0.0125475 -0.563579 
v -5.15455 0.0125475 -0.563579 
v -4.98541 0.277747 0.142923 
v -5.00494 0.380402 -0.744743 
v -5.02166 0.169097 -1.22675 
v -5.00251 0.0585924 -1.48589 
v -5.13775 -0.0801826 -1.13641 
v -5.13775 -0.0801826 -1.13641 
v -5.15455 0.0125475 -0.563579 
v -5.02166 0.169097 -1.22675 
v -5.01019 -0.129622 -1.70691 
v -4.72939 -0.213403 -1.9002 
v -4.88799 -0.163152 -1.36442 
v -4.88799 -0.163152 -1.36442 
v -5.13775 -0.0801826 -1.13641 
v -5.01019 -0.129622 -1.70691 
v -4.94675 -0.0868025 -1.83077 
v -4.65982 -0.170948 -2.014 
v -4.72939 -0.213403 -1.9002 
v -4.72939 -0.213403 -1.9002 
v -5.01019 -0.129622 -1.70691 
v -4.94675 -0.0868025 -1.83077 
v -4.94675 -0.0868025 -1.83077 
v -5.00251 0.0585924 -1.48589 
v -4.73369 -0.0251225 -1.68817 
v -4.73369 -0.0251225 -1.68817 
v -4.65982 -0.170948 -2.014 
v -4.94675 -0.0868025 -1.83077 
v -4.3316 1.30969 0.817143 
v -4.65974 0.724862 0.635743 
v -4.53111 0.643227 0.353173 
v -4.53111 0.643227 0.353173 
v -3.90899 1.92772 0.611653 
v -4.3316 1.30969 0.817143 
v -4.3316 1.30969 0.817143 
v -3.90899 1.92772 0.611653 
v -4.6427 0.716602 -0.373103 
v -4.6427 0.716602 -0.373103 
v -4.82714 0.798637 -0.118993 
v -4.3316 1.30969 0.817143 
v -4.98541 0.277747 0.142923 
v -4.81866 0.195587 -0.135836 
v -4.53111 0.643227 0.353173 
v -4.53111 0.643227 0.353173 
v -4.65974 0.724862 0.635743 
v -4.98541 0.277747 0.142923 
v -5.00494 0.380402 -0.744743 
v -4.82714 0.798637 -0.118993 
v -4.6427 0.716602 -0.373103 
v -4.6427 0.716602 -0.373103 
v -4.77926 0.297562 -0.981014 
v -5.00494 0.380402 -0.744743 
v -5.15455 0.0125475 -0.563579 
v -4.93958 -0.0699725 -0.819506 
v -4.81866 0.195587 -0.135836 
v -4.81866 0.195587 -0.135836 
v -4.98541 0.277747 0.142923 
v -5.15455 0.0125475 -0.563579 
v -5.02166 0.169097 -1.22675 
v -5.00494 0.380402 -0.744743 
v -4.77926 0.297562 -0.981014 
v -4.77926 0.297562 -0.981014 
v -4.76728 0.0856974 -1.44198 
v -5.02166 0.169097 -1.22675 
v -5.13775 -0.0801826 -1.13641 
v -4.88799 -0.163152 -1.36442 
v -4.93958 -0.0699725 -0.819506 
v -4.93958 -0.0699725 -0.819506 
v -5.15455 0.0125475 -0.563579 
v -5.13775 -0.0801826 -1.13641 
v -5.00251 0.0585924 -1.48589 
v -5.02166 0.169097 -1.22675 
v -4.76728 0.0856974 -1.44198 
v -4.76728 0.0856974 -1.44198 
v -4.73369 -0.0251225 -1.68817 
v -5.00251 0.0585924 -1.48589 
v -4.85606 -0.172462 0.455248 
v -4.75362 -0.260698 0.797089 
v -4.95511 -0.370288 0.410758 
v -4.95511 -0.370288 0.410758 
v -4.98272 -0.344872 0.282529 
v -4.85606 -0.172462 0.455248 
v -3.78773 0.732842 1.4257 
v -4.21331 0.687752 0.979133 
v -3.6453 1.47499 1.182 
v -3.6453 1.47499 1.182 
v -3.36598 1.41309 1.41723 
v -3.78773 0.732842 1.4257 
v -4.21331 0.687752 0.979133 
v -3.78773 0.732842 1.4257 
v -4.12586 0.231042 1.37512 
v -4.12586 0.231042 1.37512 
v -4.54385 0.213327 0.790784 
v -4.21331 0.687752 0.979133 
v -4.54385 0.213327 0.790784 
v -4.12586 0.231042 1.37512 
v -4.50397 -0.108108 1.11298 
v -4.50397 -0.108108 1.11298 
v -4.75349 -0.0406425 0.577909 
v -4.54385 0.213327 0.790784 
v -4.75349 -0.0406425 0.577909 
v -4.50397 -0.108108 1.11298 
v -4.75362 -0.260698 0.797089 
v -4.75362 -0.260698 0.797089 
v -4.85606 -0.172462 0.455248 
v -4.75349 -0.0406425 0.577909 
v -4.97483 -0.0897326 0.768358 
v -5.11567 -0.262048 0.596524 
v -5.07761 -0.287418 0.728634 
v -5.07761 -0.287418 0.728634 
v -4.84313 -0.177803 1.11886 
v -4.97483 -0.0897326 0.768358 
v -3.77286 1.44427 1.44153 
v -4.28446 0.769527 1.2756 
v -3.8115 0.814622 1.71911 
v -3.8115 0.814622 1.71911 
v -3.46254 1.38428 1.69069 
v -3.77286 1.44427 1.44153 
v -4.28446 0.769527 1.2756 
v -4.63332 0.295747 1.09888 
v -4.15858 0.313577 1.6846 
v -4.15858 0.313577 1.6846 
v -3.8115 0.814622 1.71911 
v -4.28446 0.769527 1.2756 
v -4.63332 0.295747 1.09888 
v -4.86184 0.0419974 0.889758 
v -4.56427 -0.0252626 1.43307 
v -4.56427 -0.0252626 1.43307 
v -4.15858 0.313577 1.6846 
v -4.63332 0.295747 1.09888 
v -4.86184 0.0419974 0.889758 
v -4.97483 -0.0897326 0.768358 
v -4.84313 -0.177803 1.11886 
v -4.84313 -0.177803 1.11886 
v -4.56427 -0.0252626 1.43307 
v -4.86184 0.0419974 0.889758 
v -5.07761 -0.287418 0.728634 
v -4.95511 -0.370288 0.410758 
v -4.75362 -0.260698 0.797089 
v -4.75362 -0.260698 0.797089 
v -4.84313 -0.177803 1.11886 
v -5.07761 -0.287418 0.728634 
v -5.11567 -0.262048 0.596524 
v -4.98272 -0.344872 0.282529 
v -4.95511 -0.370288 0.410758 
v -4.95511 -0.370288 0.410758 
v -5.07761 -0.287418 0.728634 
v -5.11567 -0.262048 0.596524 
v -5.11567 -0.262048 0.596524 
v -4.97483 -0.0897326 0.768358 
v -4.85606 -0.172462 0.455248 
v -4.85606 -0.172462 0.455248 
v -4.98272 -0.344872 0.282529 
v -5.11567 -0.262048 0.596524 
v -3.46254 1.38428 1.69069 
v -3.8115 0.814622 1.71911 
v -3.78773 0.732842 1.4257 
v -3.78773 0.732842 1.4257 
v -3.36598 1.41309 1.41723 
v -3.46254 1.38428 1.69069 
v -4.28446 0.769527 1.2756 
v -3.77286 1.44427 1.44153 
v -3.6453 1.47499 1.182 
v -3.6453 1.47499 1.182 
v -4.21331 0.687752 0.979133 
v -4.28446 0.769527 1.2756 
v -3.77286 1.44427 1.44153 
v -3.46254 1.38428 1.69069 
v -3.36598 1.41309 1.41723 
v -3.36598 1.41309 1.41723 
v -3.6453 1.47499 1.182 
v -3.77286 1.44427 1.44153 
v -4.15858 0.313577 1.6846 
v -4.12586 0.231042 1.37512 
v -3.78773 0.732842 1.4257 
v -3.78773 0.732842 1.4257 
v -3.8115 0.814622 1.71911 
v -4.15858 0.313577 1.6846 
v -4.63332 0.295747 1.09888 
v -4.28446 0.769527 1.2756 
v -4.21331 0.687752 0.979133 
v -4.21331 0.687752 0.979133 
v -4.54385 0.213327 0.790784 
v -4.63332 0.295747 1.09888 
v -4.56427 -0.0252626 1.43307 
v -4.50397 -0.108108 1.11298 
v -4.12586 0.231042 1.37512 
v -4.12586 0.231042 1.37512 
v -4.15858 0.313577 1.6846 
v -4.56427 -0.0252626 1.43307 
v -4.86184 0.0419974 0.889758 
v -4.63332 0.295747 1.09888 
v -4.54385 0.213327 0.790784 
v -4.54385 0.213327 0.790784 
v -4.75349 -0.0406425 0.577909 
v -4.86184 0.0419974 0.889758 
v -4.84313 -0.177803 1.11886 
v -4.75362 -0.260698 0.797089 
v -4.50397 -0.108108 1.11298 
v -4.50397 -0.108108 1.11298 
v -4.56427 -0.0252626 1.43307 
v -4.84313 -0.177803 1.11886 
v -4.97483 -0.0897326 0.768358 
v -4.86184 0.0419974 0.889758 
v -4.75349 -0.0406425 0.577909 
v -4.75349 -0.0406425 0.577909 
v -4.85606 -0.172462 0.455248 
v -4.97483 -0.0897326 0.768358 
v -4.44258 -0.195637 1.2426 
v -4.26331 -0.271258 1.53001 
v -4.53674 -0.394537 1.24493 
v -4.53674 -0.394537 1.24493 
v -4.59457 -0.373518 1.13485 
v -4.44258 -0.195637 1.2426 
v -3.28055 0.758222 1.80113 
v -3.76636 0.685487 1.49798 
v -3.23071 1.48757 1.51884 
v -3.23071 1.48757 1.51884 
v -2.92096 1.44764 1.67558 
v -3.28055 0.758222 1.80113 
v -3.76636 0.685487 1.49798 
v -3.28055 0.758222 1.80113 
v -3.57907 0.248232 1.85937 
v -3.57907 0.248232 1.85937 
v -4.09251 0.202467 1.43713 
v -3.76636 0.685487 1.49798 
v -4.09251 0.202467 1.43713 
v -3.57907 0.248232 1.85937 
v -3.96801 -0.105653 1.73829 
v -3.96801 -0.105653 1.73829 
v -4.32426 -0.0596275 1.31628 
v -4.09251 0.202467 1.43713 
v -4.32426 -0.0596275 1.31628 
v -3.96801 -0.105653 1.73829 
v -4.26331 -0.271258 1.53001 
v -4.26331 -0.271258 1.53001 
v -4.44258 -0.195637 1.2426 
v -4.32426 -0.0596275 1.31628 
v -4.49403 -0.113098 1.56043 
v -4.65672 -0.290888 1.45682 
v -4.58866 -0.311833 1.56818 
v -4.58866 -0.311833 1.56818 
v -4.28655 -0.188513 1.84961 
v -4.49403 -0.113098 1.56043 
v -3.31094 1.45492 1.79514 
v -3.78624 0.767118 1.79067 
v -3.25952 0.839877 2.08277 
v -3.25952 0.839877 2.08277 
v -2.97034 1.4167 1.95881 
v -3.31094 1.45492 1.79514 
v -3.78624 0.767118 1.79067 
v -4.12255 0.284717 1.74404 
v -3.55932 0.330602 2.15672 
v -3.55932 0.330602 2.15672 
v -3.25952 0.839877 2.08277 
v -3.78624 0.767118 1.79067 
v -4.12255 0.284717 1.74404 
v -4.36798 0.0228324 1.63061 
v -3.96747 -0.0229576 2.05037 
v -3.96747 -0.0229576 2.05037 
v -3.55932 0.330602 2.15672 
v -4.12255 0.284717 1.74404 
v -4.36798 0.0228324 1.63061 
v -4.49403 -0.113098 1.56043 
v -4.28655 -0.188513 1.84961 
v -4.28655 -0.188513 1.84961 
v -3.96747 -0.0229576 2.05037 
v -4.36798 0.0228324 1.63061 
v -4.58866 -0.311833 1.56818 
v -4.53674 -0.394537 1.24493 
v -4.26331 -0.271258 1.53001 
v -4.26331 -0.271258 1.53001 
v -4.28655 -0.188513 1.84961 
v -4.58866 -0.311833 1.56818 
v -4.65672 -0.290888 1.45682 
v -4.59457 -0.373518 1.13485 
v -4.53674 -0.394537 1.24493 
v -4.53674 -0.394537 1.24493 
v -4.58866 -0.311833 1.56818 
v -4.65672 -0.290888 1.45682 
v -4.65672 -0.290888 1.45682 
v -4.49403 -0.113098 1.56043 
v -4.44258 -0.195637 1.2426 
v -4.44258 -0.195637 1.2426 
v -4.59457 -0.373518 1.13485 
v -4.65672 -0.290888 1.45682 
v -2.97034 1.4167 1.95881 
v -3.25952 0.839877 2.08277 
v -3.28055 0.758222 1.80113 
v -3.28055 0.758222 1.80113 
v -2.92096 1.44764 1.67558 
v -2.97034 1.4167 1.95881 
v -3.31094 1.45492 1.79514 
v -3.23071 1.48757 1.51884 
v -3.76636 0.685487 1.49798 
v -3.76636 0.685487 1.49798 
v -3.78624 0.767118 1.79067 
v -3.31094 1.45492 1.79514 
v -3.31094 1.45492 1.79514 
v -2.97034 1.4167 1.95881 
v -2.92096 1.44764 1.67558 
v -2.92096 1.44764 1.67558 
v -3.23071 1.48757 1.51884 
v -3.31094 1.45492 1.79514 
v -3.55932 0.330602 2.15672 
v -3.57907 0.248232 1.85937 
v -3.28055 0.758222 1.80113 
v -3.28055 0.758222 1.80113 
v -3.25952 0.839877 2.08277 
v -3.55932 0.330602 2.15672 
v -4.12255 0.284717 1.74404 
v -3.78624 0.767118 1.79067 
v -3.76636 0.685487 1.49798 
v -3.76636 0.685487 1.49798 
v -4.09251 0.202467 1.43713 
v -4.12255 0.284717 1.74404 
v -3.96747 -0.0229576 2.05037 
v -3.96801 -0.105653 1.73829 
v -3.57907 0.248232 1.85937 
v -3.57907 0.248232 1.85937 
v -3.55932 0.330602 2.15672 
v -3.96747 -0.0229576 2.05037 
v -4.36798 0.0228324 1.63061 
v -4.12255 0.284717 1.74404 
v -4.09251 0.202467 1.43713 
v -4.09251 0.202467 1.43713 
v -4.32426 -0.0596275 1.31628 
v -4.36798 0.0228324 1.63061 
v -4.28655 -0.188513 1.84961 
v -4.26331 -0.271258 1.53001 
v -3.96801 -0.105653 1.73829 
v -3.96801 -0.105653 1.73829 
v -3.96747 -0.0229576 2.05037 
v -4.28655 -0.188513 1.84961 
v -4.49403 -0.113098 1.56043 
v -4.36798 0.0228324 1.63061 
v -4.32426 -0.0596275 1.31628 
v -4.32426 -0.0596275 1.31628 
v -4.44258 -0.195637 1.2426 
v -4.49403 -0.113098 1.56043 
v -3.78104 0.00724244 1.81773 
v -3.56292 -0.0741575 2.00689 
v -3.86856 -0.190113 1.85056 
v -3.86856 -0.190113 1.85056 
v -3.94399 -0.167103 1.77505 
v -3.78104 0.00724244 1.81773 
v -2.63048 0.931832 1.92183 
v -3.11154 0.872392 1.81629 
v -2.62107 1.65993 1.66132 
v -2.62107 1.65993 1.66132 
v -2.32699 1.61164 1.6952 
v -2.63048 0.931832 1.92183 
v -3.11154 0.872392 1.81629 
v -2.63048 0.931832 1.92183 
v -2.88921 0.428707 2.07049 
v -2.88921 0.428707 2.07049 
v -3.42114 0.397077 1.87042 
v -3.11154 0.872392 1.81629 
v -3.42114 0.397077 1.87042 
v -2.88921 0.428707 2.07049 
v -3.25817 0.0840374 2.0914 
v -3.25817 0.0840374 2.0914 
v -3.65714 0.140482 1.84227 
v -3.42114 0.397077 1.87042 
v -3.65714 0.140482 1.84227 
v -3.25817 0.0840374 2.0914 
v -3.56292 -0.0741575 2.00689 
v -3.56292 -0.0741575 2.00689 
v -3.78104 0.00724244 1.81773 
v -3.65714 0.140482 1.84227 
v -3.7695 0.0898274 2.12336 
v -3.9395 -0.0843725 2.08723 
v -3.85547 -0.107337 2.16157 
v -3.85547 -0.107337 2.16157 
v -3.52823 0.00854242 2.30809 
v -3.7695 0.0898274 2.12336 
v -2.65656 1.62905 1.94085 
v -3.0841 0.953827 2.09102 
v -2.5743 1.01312 2.17923 
v -2.5743 1.01312 2.17923 
v -2.33687 1.58222 1.9754 
v -2.65656 1.62905 1.94085 
v -3.0841 0.953827 2.09102 
v -3.39653 0.479237 2.16081 
v -2.82806 0.510772 2.34269 
v -2.82806 0.510772 2.34269 
v -2.5743 1.01312 2.17923 
v -3.0841 0.953827 2.09102 
v -3.39653 0.479237 2.16081 
v -3.64072 0.222937 2.14277 
v -3.20709 0.166562 2.38077 
v -3.20709 0.166562 2.38077 
v -2.82806 0.510772 2.34269 
v -3.39653 0.479237 2.16081 
v -3.64072 0.222937 2.14277 
v -3.7695 0.0898274 2.12336 
v -3.52823 0.00854242 2.30809 
v -3.52823 0.00854242 2.30809 
v -3.20709 0.166562 2.38077 
v -3.64072 0.222937 2.14277 
v -3.85547 -0.107337 2.16157 
v -3.86856 -0.190113 1.85056 
v -3.56292 -0.0741575 2.00689 
v -3.56292 -0.0741575 2.00689 
v -3.52823 0.00854242 2.30809 
v -3.85547 -0.107337 2.16157 
v -3.9395 -0.0843725 2.08723 
v -3.94399 -0.167103 1.77505 
v -3.86856 -0.190113 1.85056 
v -3.86856 -0.190113 1.85056 
v -3.85547 -0.107337 2.16157 
v -3.9395 -0.0843725 2.08723 
v -3.9395 -0.0843725 2.08723 
v -3.7695 0.0898274 2.12336 
v -3.78104 0.00724244 1.81773 
v -3.78104 0.00724244 1.81773 
v -3.94399 -0.167103 1.77505 
v -3.9395 -0.0843725 2.08723 
v -2.33687 1.58222 1.9754 
v -2.5743 1.01312 2.17923 
v -2.63048 0.931832 1.92183 
v -2.63048 0.931832 1.92183 
v -2.32699 1.61164 1.6952 
v -2.33687 1.58222 1.9754 
v -2.65656 1.62905 1.94085 
v -2.62107 1.65993 1.66132 
v -3.11154 0.872392 1.81629 
v -3.11154 0.872392 1.81629 
v -3.0841 0.953827 2.09102 
v -2.65656 1.62905 1.94085 
v -2.65656 1.62905 1.94085 
v -2.33687 1.58222 1.9754 
v -2.32699 1.61164 1.6952 
v -2.32699 1.61164 1.6952 
v -2.62107 1.65993 1.66132 
v -2.65656 1.62905 1.94085 
v -2.82806 0.510772 2.34269 
v -2.88921 0.428707 2.07049 
v -2.63048 0.931832 1.92183 
v -2.63048 0.931832 1.92183 
v -2.5743 1.01312 2.17923 
v -2.82806 0.510772 2.34269 
v -3.39653 0.479237 2.16081 
v -3.0841 0.953827 2.09102 
v -3.11154 0.872392 1.81629 
v -3.11154 0.872392 1.81629 
v -3.42114 0.397077 1.87042 
v -3.39653 0.479237 2.16081 
v -3.20709 0.166562 2.38077 
v -3.25817 0.0840374 2.0914 
v -2.88921 0.428707 2.07049 
v -2.88921 0.428707 2.07049 
v -2.82806 0.510772 2.34269 
v -3.20709 0.166562 2.38077 
v -3.64072 0.222937 2.14277 
v -3.39653 0.479237 2.16081 
v -3.42114 0.397077 1.87042 
v -3.42114 0.397077 1.87042 
v -3.65714 0.140482 1.84227 
v -3.64072 0.222937 2.14277 
v -3.52823 0.00854242 2.30809 
v -3.56292 -0.0741575 2.00689 
v -3.25817 0.0840374 2.0914 
v -3.25817 0.0840374 2.0914 
v -3.20709 0.166562 2.38077 
v -3.52823 0.00854242 2.30809 
v -3.7695 0.0898274 2.12336 
v -3.64072 0.222937 2.14277 
v -3.65714 0.140482 1.84227 
v -3.65714 0.140482 1.84227 
v -3.78104 0.00724244 1.81773 
v -3.7695 0.0898274 2.12336 
v 2.15715 1.97845 -0.269388 
v 2.32293 1.60604 -0.620483 
v 2.37863 1.5191 -0.399922 
v 2.37863 1.5191 -0.399922 
v 2.17838 1.89401 -0.062886 
v 2.15715 1.97845 -0.269388 
v 2.32293 1.60604 -0.620483 
v 2.40739 1.30404 -1.00987 
v 2.50517 1.20347 -0.765854 
v 2.50517 1.20347 -0.765854 
v 2.37863 1.5191 -0.399922 
v 2.32293 1.60604 -0.620483 
v 2.40739 1.30404 -1.00987 
v 2.39444 1.01508 -1.51329 
v 2.53064 0.881397 -1.36226 
v 2.53064 0.881397 -1.36226 
v 2.50517 1.20347 -0.765854 
v 2.40739 1.30404 -1.00987 
v 2.39444 1.01508 -1.51329 
v 2.21957 0.761412 -2.10128 
v 2.34947 0.613082 -2.058 
v 2.34947 0.613082 -2.058 
v 2.53064 0.881397 -1.36226 
v 2.39444 1.01508 -1.51329 
v 2.21957 0.761412 -2.10128 
v 1.88525 0.532412 -2.66799 
v 1.95466 0.393482 -2.71672 
v 1.95466 0.393482 -2.71672 
v 2.34947 0.613082 -2.058 
v 2.21957 0.761412 -2.10128 
v 1.88525 0.532412 -2.66799 
v 1.87039 0.700457 -2.61959 
v 1.63112 0.545187 -2.92194 
v 1.63112 0.545187 -2.92194 
v 1.57887 0.391802 -3.01652 
v 1.88525 0.532412 -2.66799 
v 2.07956 2.07403 -0.063419 
v 2.15715 1.97845 -0.269388 
v 2.17838 1.89401 -0.062886 
v 2.17838 1.89401 -0.062886 
v 2.07144 2.0283 0.114353 
v 2.07956 2.07403 -0.063419 
v -0.145199 0.464942 1.35329 
v -0.133139 0.645232 1.26437 
v 0.124981 0.687392 1.64542 
v 0.124981 0.687392 1.64542 
v 0.189711 0.453737 1.80112 
v -0.145199 0.464942 1.35329 
v 0.685871 0.833197 1.70684 
v 0.869536 0.592692 1.83608 
v 0.189711 0.453737 1.80112 
v 0.189711 0.453737 1.80112 
v 0.124981 0.687392 1.64542 
v 0.685871 0.833197 1.70684 
v 1.81071 1.60566 0.891783 
v 1.48025 0.928067 1.50109 
v 1.18508 1.15148 1.48932 
v 1.18508 1.15148 1.48932 
v 1.48523 1.79282 1.04427 
v 1.81071 1.60566 0.891783 
v 0.869536 0.592692 1.83608 
v 0.685871 0.833197 1.70684 
v 1.18508 1.15148 1.48932 
v 1.18508 1.15148 1.48932 
v 1.48025 0.928067 1.50109 
v 0.869536 0.592692 1.83608 
v -0.495616 1.37448 0.862273 
v -0.512945 1.59958 0.844388 
v -0.221804 1.55383 1.01377 
v -0.221804 1.55383 1.01377 
v -0.186944 1.2843 1.06061 
v -0.495616 1.37448 0.862273 
v -0.512945 1.59958 0.844388 
v -0.495616 1.37448 0.862273 
v -0.57154 1.55811 0.689258 
v -0.57154 1.55811 0.689258 
v -0.580977 1.71447 0.693573 
v -0.512945 1.59958 0.844388 
v -0.75355 1.61028 0.210518 
v -0.677712 1.67967 0.448114 
v -0.672142 1.56526 0.435143 
v -0.672142 1.56526 0.435143 
v -0.751485 1.53007 0.210989 
v -0.75355 1.61028 0.210518 
v -0.57154 1.55811 0.689258 
v -0.672142 1.56526 0.435143 
v -0.677712 1.67967 0.448114 
v -0.677712 1.67967 0.448114 
v -0.580977 1.71447 0.693573 
v -0.57154 1.55811 0.689258 
v 1.65247 2.58149 0.460019 
v 1.95765 2.1916 0.175328 
v 1.92598 1.9077 0.527483 
v 1.65247 2.58149 0.460019 
v 1.92598 1.9077 0.527483 
v 1.81071 1.60566 0.891783 
v 1.48523 1.79282 1.04427 
v 1.65247 2.58149 0.460019 
v 1.81071 1.60566 0.891783 
v 1.03994 2.07118 1.18426 
v 1.24524 3.04234 0.728673 
v 1.65247 2.58149 0.460019 
v 1.65247 2.58149 0.460019 
v 1.48523 1.79282 1.04427 
v 1.03994 2.07118 1.18426 
v 1.48523 1.79282 1.04427 
v 1.18508 1.15148 1.48932 
v 0.787291 1.48147 1.45716 
v 0.787291 1.48147 1.45716 
v 1.03994 2.07118 1.18426 
v 1.48523 1.79282 1.04427 
v 0.685871 0.833197 1.70684 
v 0.427246 1.19651 1.55191 
v 0.787291 1.48147 1.45716 
v 0.787291 1.48147 1.45716 
v 1.18508 1.15148 1.48932 
v 0.685871 0.833197 1.70684 
v 0.427246 1.19651 1.55191 
v 0.685871 0.833197 1.70684 
v 0.124981 0.687392 1.64542 
v 0.124981 0.687392 1.64542 
v 0.0291907 1.04219 1.47401 
v 0.427246 1.19651 1.55191 
v -0.133139 0.645232 1.26437 
v -0.152464 0.955367 1.15512 
v 0.0291907 1.04219 1.47401 
v 0.0291907 1.04219 1.47401 
v 0.124981 0.687392 1.64542 
v -0.133139 0.645232 1.26437 
v 0.559981 2.37213 1.22416 
v 0.749321 3.42598 0.950984 
v 1.24524 3.04234 0.728673 
v 1.24524 3.04234 0.728673 
v 1.03994 2.07118 1.18426 
v 0.559981 2.37213 1.22416 
v 1.03994 2.07118 1.18426 
v 0.787291 1.48147 1.45716 
v 0.377856 1.85039 1.36032 
v 0.377856 1.85039 1.36032 
v 0.559981 2.37213 1.22416 
v 1.03994 2.07118 1.18426 
v 0.156851 1.60859 1.37653 
v 0.377856 1.85039 1.36032 
v 0.787291 1.48147 1.45716 
v 0.787291 1.48147 1.45716 
v 0.427246 1.19651 1.55191 
v 0.156851 1.60859 1.37653 
v 0.156851 1.60859 1.37653 
v 0.427246 1.19651 1.55191 
v 0.0291907 1.04219 1.47401 
v 0.0291907 1.04219 1.47401 
v -0.0816993 1.44646 1.30923 
v 0.156851 1.60859 1.37653 
v -0.152464 0.955367 1.15512 
v -0.186944 1.2843 1.06061 
v -0.0816993 1.44646 1.30923 
v -0.0816993 1.44646 1.30923 
v 0.0291907 1.04219 1.47401 
v -0.152464 0.955367 1.15512 
v 0.125871 2.64572 1.15941 
v 0.267481 3.86725 1.01575 
v 0.749321 3.42598 0.950984 
v 0.749321 3.42598 0.950984 
v 0.559981 2.37213 1.22416 
v 0.125871 2.64572 1.15941 
v 0.0153556 2.21558 1.21116 
v 0.125871 2.64572 1.15941 
v 0.559981 2.37213 1.22416 
v 0.559981 2.37213 1.22416 
v 0.377856 1.85039 1.36032 
v 0.0153556 2.21558 1.21116 
v 0.377856 1.85039 1.36032 
v 0.156851 1.60859 1.37653 
v -0.0900443 2.02452 1.20206 
v -0.0900443 2.02452 1.20206 
v 0.0153556 2.21558 1.21116 
v 0.377856 1.85039 1.36032 
v -0.191044 1.85814 1.17605 
v -0.0900443 2.02452 1.20206 
v 0.156851 1.60859 1.37653 
v 0.156851 1.60859 1.37653 
v -0.0816993 1.44646 1.30923 
v -0.191044 1.85814 1.17605 
v -0.0816993 1.44646 1.30923 
v -0.186944 1.2843 1.06061 
v -0.221804 1.55383 1.01377 
v -0.221804 1.55383 1.01377 
v -0.191044 1.85814 1.17605 
v -0.0816993 1.44646 1.30923 
v 2.21957 0.761412 -2.10128 
v 2.14986 0.949477 -2.11438 
v 1.87039 0.700457 -2.61959 
v 1.87039 0.700457 -2.61959 
v 1.88525 0.532412 -2.66799 
v 2.21957 0.761412 -2.10128 
v 2.30553 1.18347 -1.62522 
v 2.14986 0.949477 -2.11438 
v 2.21957 0.761412 -2.10128 
v 2.21957 0.761412 -2.10128 
v 2.39444 1.01508 -1.51329 
v 2.30553 1.18347 -1.62522 
v 2.3366 1.4351 -1.2224 
v 2.30553 1.18347 -1.62522 
v 2.39444 1.01508 -1.51329 
v 2.39444 1.01508 -1.51329 
v 2.40739 1.30404 -1.00987 
v 2.3366 1.4351 -1.2224 
v 2.2966 1.71749 -0.815737 
v 2.3366 1.4351 -1.2224 
v 2.40739 1.30404 -1.00987 
v 2.40739 1.30404 -1.00987 
v 2.32293 1.60604 -0.620483 
v 2.2966 1.71749 -0.815737 
v 2.16035 2.09482 -0.452881 
v 2.2966 1.71749 -0.815737 
v 2.32293 1.60604 -0.620483 
v 2.32293 1.60604 -0.620483 
v 2.15715 1.97845 -0.269388 
v 2.16035 2.09482 -0.452881 
v 2.08158 2.26887 -0.302413 
v 2.16035 2.09482 -0.452881 
v 2.15715 1.97845 -0.269388 
v 2.15715 1.97845 -0.269388 
v 2.07956 2.07403 -0.063419 
v 2.08158 2.26887 -0.302413 
v 1.65247 2.58149 0.460019 
v 1.67622 3.02332 0.195004 
v 1.96925 2.48856 -0.121015 
v 1.96925 2.48856 -0.121015 
v 1.95765 2.1916 0.175328 
v 1.65247 2.58149 0.460019 
v 1.24524 3.04234 0.728673 
v 1.29649 3.61744 0.508348 
v 1.67622 3.02332 0.195004 
v 1.67622 3.02332 0.195004 
v 1.65247 2.58149 0.460019 
v 1.24524 3.04234 0.728673 
v 0.749321 3.42598 0.950984 
v 0.779631 4.0343 0.860888 
v 1.29649 3.61744 0.508348 
v 1.29649 3.61744 0.508348 
v 1.24524 3.04234 0.728673 
v 0.749321 3.42598 0.950984 
v 0.267481 3.86725 1.01575 
v 0.446436 4.13146 0.989794 
v 0.779631 4.0343 0.860888 
v 0.779631 4.0343 0.860888 
v 0.749321 3.42598 0.950984 
v 0.267481 3.86725 1.01575 
v 1.67622 3.02332 0.195004 
v 1.83154 3.19391 0.289279 
v 2.14174 2.60353 -0.00177652 
v 2.14174 2.60353 -0.00177652 
v 1.96925 2.48856 -0.121015 
v 1.67622 3.02332 0.195004 
v 2.08158 2.26887 -0.302413 
v 2.25906 2.38259 -0.178807 
v 2.34278 2.20768 -0.325567 
v 2.34278 2.20768 -0.325567 
v 2.16035 2.09482 -0.452881 
v 2.08158 2.26887 -0.302413 
v 2.16035 2.09482 -0.452881 
v 2.34278 2.20768 -0.325567 
v 2.50184 1.8093 -0.682775 
v 2.50184 1.8093 -0.682775 
v 2.2966 1.71749 -0.815737 
v 2.16035 2.09482 -0.452881 
v 2.2966 1.71749 -0.815737 
v 2.50184 1.8093 -0.682775 
v 2.55254 1.54464 -1.1017 
v 2.55254 1.54464 -1.1017 
v 2.3366 1.4351 -1.2224 
v 2.2966 1.71749 -0.815737 
v 2.3366 1.4351 -1.2224 
v 2.55254 1.54464 -1.1017 
v 2.54254 1.30813 -1.49082 
v 2.54254 1.30813 -1.49082 
v 2.30553 1.18347 -1.62522 
v 2.3366 1.4351 -1.2224 
v 2.30553 1.18347 -1.62522 
v 2.54254 1.30813 -1.49082 
v 2.40952 1.08307 -2.00317 
v 2.40952 1.08307 -2.00317 
v 2.14986 0.949477 -2.11438 
v 2.30553 1.18347 -1.62522 
v 2.14986 0.949477 -2.11438 
v 2.40952 1.08307 -2.00317 
v 2.14156 0.821682 -2.56627 
v 2.14156 0.821682 -2.56627 
v 1.87039 0.700457 -2.61959 
v 2.14986 0.949477 -2.11438 
v 1.87039 0.700457 -2.61959 
v 2.14156 0.821682 -2.56627 
v 2.01336 0.724772 -2.7613 
v 2.01336 0.724772 -2.7613 
v 1.63112 0.545187 -2.92194 
v 1.87039 0.700457 -2.61959 
v 1.63112 0.545187 -2.92194 
v 2.01336 0.724772 -2.7613 
v 1.30806 0.340247 -3.46586 
v 1.30806 0.340247 -3.46586 
v 1.15719 0.288382 -3.35332 
v 1.63112 0.545187 -2.92194 
v 1.26148 0.269017 -3.30124 
v 1.15719 0.288382 -3.35332 
v 1.30806 0.340247 -3.46586 
v 1.30806 0.340247 -3.46586 
v 1.46818 0.331232 -3.38329 
v 1.26148 0.269017 -3.30124 
v 1.63329 0.306667 -3.04535 
v 1.39126 0.250562 -3.24635 
v 1.639 0.318837 -3.28359 
v 1.639 0.318837 -3.28359 
v 1.91555 0.368312 -3.05184 
v 1.63329 0.306667 -3.04535 
v 2.34947 0.613082 -2.058 
v 1.95466 0.393482 -2.71672 
v 2.23432 0.425462 -2.71181 
v 2.23432 0.425462 -2.71181 
v 2.65472 0.648067 -1.92511 
v 2.34947 0.613082 -2.058 
v 2.53064 0.881397 -1.36226 
v 2.34947 0.613082 -2.058 
v 2.65472 0.648067 -1.92511 
v 2.65472 0.648067 -1.92511 
v 2.80665 0.921472 -1.11992 
v 2.53064 0.881397 -1.36226 
v 2.50517 1.20347 -0.765854 
v 2.53064 0.881397 -1.36226 
v 2.80665 0.921472 -1.11992 
v 2.80665 0.921472 -1.11992 
v 2.72354 1.25605 -0.464819 
v 2.50517 1.20347 -0.765854 
v 2.37863 1.5191 -0.399922 
v 2.50517 1.20347 -0.765854 
v 2.72354 1.25605 -0.464819 
v 2.72354 1.25605 -0.464819 
v 2.56316 1.58159 -0.142081 
v 2.37863 1.5191 -0.399922 
v 2.17838 1.89401 -0.062886 
v 2.37863 1.5191 -0.399922 
v 2.56316 1.58159 -0.142081 
v 2.56316 1.58159 -0.142081 
v 2.33009 2.01329 0.137599 
v 2.17838 1.89401 -0.062886 
v 2.07144 2.0283 0.114353 
v 2.17838 1.89401 -0.062886 
v 2.33009 2.01329 0.137599 
v 2.33009 2.01329 0.137599 
v 2.20371 2.09036 0.403063 
v 2.07144 2.0283 0.114353 
v 1.81071 1.60566 0.891783 
v 1.92598 1.9077 0.527483 
v 2.04727 1.95488 0.793439 
v 2.04727 1.95488 0.793439 
v 1.94481 1.64845 1.11094 
v 1.81071 1.60566 0.891783 
v 1.94481 1.64845 1.11094 
v 1.57049 0.937322 1.76122 
v 1.48025 0.928067 1.50109 
v 1.48025 0.928067 1.50109 
v 1.81071 1.60566 0.891783 
v 1.94481 1.64845 1.11094 
v 1.57049 0.937322 1.76122 
v 0.862836 0.610167 2.11391 
v 0.869536 0.592692 1.83608 
v 0.869536 0.592692 1.83608 
v 1.48025 0.928067 1.50109 
v 1.57049 0.937322 1.76122 
v 0.862836 0.610167 2.11391 
v 0.123446 0.481452 2.05173 
v 0.189711 0.453737 1.80112 
v 0.189711 0.453737 1.80112 
v 0.869536 0.592692 1.83608 
v 0.862836 0.610167 2.11391 
v 0.189711 0.453737 1.80112 
v 0.123446 0.481452 2.05173 
v -0.203209 0.504402 1.56753 
v -0.203209 0.504402 1.56753 
v -0.145199 0.464942 1.35329 
v 0.189711 0.453737 1.80112 
v -0.145199 0.464942 1.35329 
v -0.203209 0.504402 1.56753 
v -0.568939 0.780807 1.1392 
v -0.568939 0.780807 1.1392 
v -0.495568 0.752482 1.00377 
v -0.145199 0.464942 1.35329 
v -0.581039 1.16724 0.757228 
v -0.495568 0.752482 1.00377 
v -0.568939 0.780807 1.1392 
v -0.568939 0.780807 1.1392 
v -0.640823 1.27958 0.865919 
v -0.581039 1.16724 0.757228 
v -0.581039 1.16724 0.757228 
v -0.640823 1.27958 0.865919 
v -0.722338 1.3239 0.589859 
v -0.722338 1.3239 0.589859 
v -0.679188 1.26336 0.477764 
v -0.581039 1.16724 0.757228 
v -0.679188 1.26336 0.477764 
v -0.722338 1.3239 0.589859 
v -0.782578 1.34691 0.308984 
v -0.782578 1.34691 0.308984 
v -0.749331 1.28653 0.241428 
v -0.679188 1.26336 0.477764 
v -0.75355 1.61028 0.210518 
v -0.751485 1.53007 0.210989 
v -0.783561 1.60127 0.287058 
v -0.783561 1.60127 0.287058 
v -0.784002 1.68686 0.279598 
v -0.75355 1.61028 0.210518 
v -0.784002 1.68686 0.279598 
v -0.715568 1.77724 0.562618 
v -0.677712 1.67967 0.448114 
v -0.677712 1.67967 0.448114 
v -0.75355 1.61028 0.210518 
v -0.784002 1.68686 0.279598 
v -0.580977 1.71447 0.693573 
v -0.677712 1.67967 0.448114 
v -0.715568 1.77724 0.562618 
v -0.715568 1.77724 0.562618 
v -0.63257 1.85626 0.803954 
v -0.580977 1.71447 0.693573 
v -0.580977 1.71447 0.693573 
v -0.63257 1.85626 0.803954 
v -0.575428 1.74355 0.951519 
v -0.575428 1.74355 0.951519 
v -0.512945 1.59958 0.844388 
v -0.580977 1.71447 0.693573 
v -0.221804 1.55383 1.01377 
v -0.512945 1.59958 0.844388 
v -0.575428 1.74355 0.951519 
v -0.575428 1.74355 0.951519 
v -0.262149 1.66569 1.19392 
v -0.221804 1.55383 1.01377 
v -0.262149 1.66569 1.19392 
v -0.239324 2.04733 1.34583 
v -0.191044 1.85814 1.17605 
v -0.191044 1.85814 1.17605 
v -0.221804 1.55383 1.01377 
v -0.262149 1.66569 1.19392 
v -0.239324 2.04733 1.34583 
v -0.180444 2.2006 1.34928 
v -0.0900443 2.02452 1.20206 
v -0.0900443 2.02452 1.20206 
v -0.191044 1.85814 1.17605 
v -0.239324 2.04733 1.34583 
v -0.180444 2.2006 1.34928 
v -0.0887793 2.36438 1.365 
v 0.0153556 2.21558 1.21116 
v 0.0153556 2.21558 1.21116 
v -0.0900443 2.02452 1.20206 
v -0.180444 2.2006 1.34928 
v -0.0887793 2.36438 1.365 
v 0.0107257 2.72084 1.33168 
v 0.125871 2.64572 1.15941 
v 0.125871 2.64572 1.15941 
v 0.0153556 2.21558 1.21116 
v -0.0887793 2.36438 1.365 
v 0.0107257 2.72084 1.33168 
v 0.184061 4.08194 1.183 
v 0.267481 3.86725 1.01575 
v 0.267481 3.86725 1.01575 
v 0.125871 2.64572 1.15941 
v 0.0107257 2.72084 1.33168 
v 0.446436 4.13146 0.989794 
v 0.267481 3.86725 1.01575 
v 0.184061 4.08194 1.183 
v 0.184061 4.08194 1.183 
v 0.434851 4.34832 1.15783 
v 0.446436 4.13146 0.989794 
v 0.446436 4.13146 0.989794 
v 0.434851 4.34832 1.15783 
v 0.834556 4.28917 1.02071 
v 0.834556 4.28917 1.02071 
v 0.779631 4.0343 0.860888 
v 0.446436 4.13146 0.989794 
v 0.779631 4.0343 0.860888 
v 0.834556 4.28917 1.02071 
v 1.42913 3.86725 0.599313 
v 1.42913 3.86725 0.599313 
v 1.29649 3.61744 0.508348 
v 0.779631 4.0343 0.860888 
v 1.29649 3.61744 0.508348 
v 1.42913 3.86725 0.599313 
v 1.83154 3.19391 0.289279 
v 1.83154 3.19391 0.289279 
v 1.67622 3.02332 0.195004 
v 1.29649 3.61744 0.508348 
v 1.95466 0.393482 -2.71672 
v 1.63329 0.306667 -3.04535 
v 1.91555 0.368312 -3.05184 
v 1.91555 0.368312 -3.05184 
v 2.23432 0.425462 -2.71181 
v 1.95466 0.393482 -2.71672 
v 1.39126 0.250562 -3.24635 
v 1.26148 0.269017 -3.30124 
v 1.46818 0.331232 -3.38329 
v 1.46818 0.331232 -3.38329 
v 1.639 0.318837 -3.28359 
v 1.39126 0.250562 -3.24635 
v 1.95466 0.393482 -2.71672 
v 1.88525 0.532412 -2.66799 
v 1.57887 0.391802 -3.01652 
v 1.57887 0.391802 -3.01652 
v 1.63329 0.306667 -3.04535 
v 1.95466 0.393482 -2.71672 
v 1.57887 0.391802 -3.01652 
v 1.26148 0.269017 -3.30124 
v 1.39126 0.250562 -3.24635 
v 1.39126 0.250562 -3.24635 
v 1.63329 0.306667 -3.04535 
v 1.57887 0.391802 -3.01652 
v 1.15719 0.288382 -3.35332 
v 1.26148 0.269017 -3.30124 
v 1.57887 0.391802 -3.01652 
v 1.57887 0.391802 -3.01652 
v 1.63112 0.545187 -2.92194 
v 1.15719 0.288382 -3.35332 
v -0.751485 1.53007 0.210989 
v -0.750053 1.43033 0.217299 
v -0.783113 1.50085 0.295758 
v -0.783113 1.50085 0.295758 
v -0.783561 1.60127 0.287058 
v -0.751485 1.53007 0.210989 
v -0.751485 1.53007 0.210989 
v -0.672142 1.56526 0.435143 
v -0.670647 1.43728 0.438393 
v -0.670647 1.43728 0.438393 
v -0.750053 1.43033 0.217299 
v -0.751485 1.53007 0.210989 
v -0.57154 1.55811 0.689258 
v -0.568366 1.38778 0.702744 
v -0.670647 1.43728 0.438393 
v -0.670647 1.43728 0.438393 
v -0.672142 1.56526 0.435143 
v -0.57154 1.55811 0.689258 
v -0.495616 1.37448 0.862273 
v -0.486479 1.12322 0.901209 
v -0.568366 1.38778 0.702744 
v -0.568366 1.38778 0.702744 
v -0.57154 1.55811 0.689258 
v -0.495616 1.37448 0.862273 
v -0.486479 1.12322 0.901209 
v -0.495616 1.37448 0.862273 
v -0.186944 1.2843 1.06061 
v -0.186944 1.2843 1.06061 
v -0.152464 0.955367 1.15512 
v -0.486479 1.12322 0.901209 
v -0.750053 1.43033 0.217299 
v -0.748698 1.33509 0.230218 
v -0.782744 1.4009 0.304358 
v -0.782744 1.4009 0.304358 
v -0.783113 1.50085 0.295758 
v -0.750053 1.43033 0.217299 
v -0.748698 1.33509 0.230218 
v -0.750053 1.43033 0.217299 
v -0.670647 1.43728 0.438393 
v -0.670647 1.43728 0.438393 
v -0.672376 1.32035 0.453569 
v -0.748698 1.33509 0.230218 
v -0.568366 1.38778 0.702744 
v -0.570713 1.23306 0.728078 
v -0.672376 1.32035 0.453569 
v -0.672376 1.32035 0.453569 
v -0.670647 1.43728 0.438393 
v -0.568366 1.38778 0.702744 
v -0.486479 1.12322 0.901209 
v -0.485325 0.885912 0.953058 
v -0.570713 1.23306 0.728078 
v -0.570713 1.23306 0.728078 
v -0.568366 1.38778 0.702744 
v -0.486479 1.12322 0.901209 
v -0.485325 0.885912 0.953058 
v -0.486479 1.12322 0.901209 
v -0.152464 0.955367 1.15512 
v -0.152464 0.955367 1.15512 
v -0.133139 0.645232 1.26437 
v -0.485325 0.885912 0.953058 
v -0.748698 1.33509 0.230218 
v -0.749331 1.28653 0.241428 
v -0.782578 1.34691 0.308984 
v -0.782578 1.34691 0.308984 
v -0.782744 1.4009 0.304358 
v -0.748698 1.33509 0.230218 
v -0.749331 1.28653 0.241428 
v -0.748698 1.33509 0.230218 
v -0.672376 1.32035 0.453569 
v -0.672376 1.32035 0.453569 
v -0.679188 1.26336 0.477764 
v -0.749331 1.28653 0.241428 
v -0.570713 1.23306 0.728078 
v -0.581039 1.16724 0.757228 
v -0.679188 1.26336 0.477764 
v -0.679188 1.26336 0.477764 
v -0.672376 1.32035 0.453569 
v -0.570713 1.23306 0.728078 
v -0.485325 0.885912 0.953058 
v -0.495568 0.752482 1.00377 
v -0.581039 1.16724 0.757228 
v -0.581039 1.16724 0.757228 
v -0.570713 1.23306 0.728078 
v -0.485325 0.885912 0.953058 
v -0.495568 0.752482 1.00377 
v -0.485325 0.885912 0.953058 
v -0.133139 0.645232 1.26437 
v -0.133139 0.645232 1.26437 
v -0.145199 0.464942 1.35329 
v -0.495568 0.752482 1.00377 
v 2.72675 1.6909 0.0548035 
v 2.74484 1.8007 -0.138607 
v 2.52632 2.16779 0.220968 
v 2.52632 2.16779 0.220968 
v 2.48151 2.06273 0.399458 
v 2.72675 1.6909 0.0548035 
v 2.90296 1.37917 -0.326977 
v 2.88691 1.50389 -0.552651 
v 2.74484 1.8007 -0.138607 
v 2.74484 1.8007 -0.138607 
v 2.72675 1.6909 0.0548035 
v 2.90296 1.37917 -0.326977 
v 3.00485 1.06301 -0.972851 
v 2.94442 1.22132 -1.10671 
v 2.88691 1.50389 -0.552651 
v 2.88691 1.50389 -0.552651 
v 2.90296 1.37917 -0.326977 
v 3.00485 1.06301 -0.972851 
v 2.90353 0.802217 -1.75426 
v 2.84425 0.975667 -1.77876 
v 2.94442 1.22132 -1.10671 
v 2.94442 1.22132 -1.10671 
v 3.00485 1.06301 -0.972851 
v 2.90353 0.802217 -1.75426 
v 2.90353 0.802217 -1.75426 
v 2.57168 0.591277 -2.52591 
v 2.57021 0.755212 -2.45403 
v 2.57021 0.755212 -2.45403 
v 2.84425 0.975667 -1.77876 
v 2.90353 0.802217 -1.75426 
v 2.57021 0.755212 -2.45403 
v 2.26879 0.613177 -2.8928 
v 2.25395 0.747657 -2.79786 
v 2.25395 0.747657 -2.79786 
v 2.47932 0.901342 -2.43192 
v 2.57021 0.755212 -2.45403 
v 2.48151 2.06273 0.399458 
v 2.52632 2.16779 0.220968 
v 2.41657 2.26133 0.440688 
v 2.41657 2.26133 0.440688 
v 2.35202 2.19742 0.588603 
v 2.48151 2.06273 0.399458 
v 1.58097 1.98236 1.65509 
v 1.13989 1.3408 2.1149 
v 1.4644 1.08994 2.05363 
v 1.4644 1.08994 2.05363 
v 1.93892 1.77018 1.42532 
v 1.58097 1.98236 1.65509 
v -0.777835 1.73631 0.715183 
v -0.76536 1.82465 0.686334 
v -0.811128 1.74335 0.420753 
v -0.811128 1.74335 0.420753 
v -0.813976 1.67143 0.433878 
v -0.777835 1.73631 0.715183 
v -0.236969 1.62871 1.80537 
v -0.298904 2.01106 1.58415 
v -0.309339 1.70557 1.40806 
v -0.309339 1.70557 1.40806 
v -0.307884 1.46423 1.53082 
v -0.236969 1.62871 1.80537 
v -0.309339 1.70557 1.40806 
v -0.639347 1.74667 1.10419 
v -0.654247 1.54895 1.16977 
v -0.654247 1.54895 1.16977 
v -0.307884 1.46423 1.53082 
v -0.309339 1.70557 1.40806 
v 0.536706 1.01994 2.29449 
v -0.0827343 0.870832 2.16873 
v 0.000350654 0.608777 2.25185 
v 0.000350654 0.608777 2.25185 
v 0.741461 0.751462 2.35275 
v 0.536706 1.01994 2.29449 
v 0.741461 0.751462 2.35275 
v 1.4644 1.08994 2.05363 
v 1.13989 1.3408 2.1149 
v 1.13989 1.3408 2.1149 
v 0.536706 1.01994 2.29449 
v 0.741461 0.751462 2.35275 
v -0.639347 1.74667 1.10419 
v -0.692065 1.8608 0.945294 
v -0.707753 1.73155 0.986423 
v -0.707753 1.73155 0.986423 
v -0.654247 1.54895 1.16977 
v -0.639347 1.74667 1.10419 
v -0.692065 1.8608 0.945294 
v -0.76536 1.82465 0.686334 
v -0.777835 1.73631 0.715183 
v -0.777835 1.73631 0.715183 
v -0.707753 1.73155 0.986423 
v -0.692065 1.8608 0.945294 
v 1.07862 2.26412 1.79 
v 1.58097 1.98236 1.65509 
v 1.90901 2.76552 0.981284 
v 1.90901 2.76552 0.981284 
v 1.45313 3.21678 1.22425 
v 1.07862 2.26412 1.79 
v 1.07862 2.26412 1.79 
v 0.712951 1.67623 2.06883 
v 1.13989 1.3408 2.1149 
v 1.13989 1.3408 2.1149 
v 1.58097 1.98236 1.65509 
v 1.07862 2.26412 1.79 
v 0.712951 1.67623 2.06883 
v 0.279171 1.38996 2.13262 
v 0.536706 1.01994 2.29449 
v 0.536706 1.01994 2.29449 
v 1.13989 1.3408 2.1149 
v 0.712951 1.67623 2.06883 
v 0.279171 1.38996 2.13262 
v -0.162049 1.23352 2.00731 
v -0.0827343 0.870832 2.16873 
v -0.0827343 0.870832 2.16873 
v 0.536706 1.01994 2.29449 
v 0.279171 1.38996 2.13262 
v 0.292156 2.03357 1.90217 
v 0.712951 1.67623 2.06883 
v 1.07862 2.26412 1.79 
v 1.07862 2.26412 1.79 
v 0.550716 2.55229 1.76558 
v 0.292156 2.03357 1.90217 
v 0.292156 2.03357 1.90217 
v 0.0286457 1.79167 1.89934 
v 0.279171 1.38996 2.13262 
v 0.279171 1.38996 2.13262 
v 0.712951 1.67623 2.06883 
v 0.292156 2.03357 1.90217 
v 0.0286457 1.79167 1.89934 
v -0.236969 1.62871 1.80537 
v -0.162049 1.23352 2.00731 
v -0.162049 1.23352 2.00731 
v 0.279171 1.38996 2.13262 
v 0.0286457 1.79167 1.89934 
v -0.0583593 2.36774 1.63581 
v 0.292156 2.03357 1.90217 
v 0.550716 2.55229 1.76558 
v 0.550716 2.55229 1.76558 
v 0.0934756 2.79499 1.58552 
v -0.0583593 2.36774 1.63581 
v 0.292156 2.03357 1.90217 
v -0.0583593 2.36774 1.63581 
v -0.183094 2.17723 1.61907 
v -0.183094 2.17723 1.61907 
v 0.0286457 1.79167 1.89934 
v 0.292156 2.03357 1.90217 
v -0.298904 2.01106 1.58415 
v -0.236969 1.62871 1.80537 
v 0.0286457 1.79167 1.89934 
v 0.0286457 1.79167 1.89934 
v -0.183094 2.17723 1.61907 
v -0.298904 2.01106 1.58415 
v 1.58097 1.98236 1.65509 
v 1.93892 1.77018 1.42532 
v 2.13513 2.0777 1.0459 
v 1.58097 1.98236 1.65509 
v 2.13513 2.0777 1.0459 
v 2.2551 2.37658 0.692678 
v 1.90901 2.76552 0.981284 
v 1.58097 1.98236 1.65509 
v 2.2551 2.37658 0.692678 
v 0.550716 2.55229 1.76558 
v 1.07862 2.26412 1.79 
v 1.45313 3.21678 1.22425 
v 1.45313 3.21678 1.22425 
v 0.892386 3.5833 1.40583 
v 0.550716 2.55229 1.76558 
v 0.0934756 2.79499 1.58552 
v 0.550716 2.55229 1.76558 
v 0.892386 3.5833 1.40583 
v 0.892386 3.5833 1.40583 
v 0.361381 3.99476 1.39129 
v 0.0934756 2.79499 1.58552 
v 2.57021 0.755212 -2.45403 
v 2.47932 0.901342 -2.43192 
v 2.7106 1.14308 -1.84351 
v 2.7106 1.14308 -1.84351 
v 2.84425 0.975667 -1.77876 
v 2.57021 0.755212 -2.45403 
v 2.84425 0.975667 -1.77876 
v 2.7106 1.14308 -1.84351 
v 2.81192 1.37026 -1.2912 
v 2.81192 1.37026 -1.2912 
v 2.94442 1.22132 -1.10671 
v 2.84425 0.975667 -1.77876 
v 2.94442 1.22132 -1.10671 
v 2.81192 1.37026 -1.2912 
v 2.79458 1.61671 -0.850245 
v 2.79458 1.61671 -0.850245 
v 2.88691 1.50389 -0.552651 
v 2.94442 1.22132 -1.10671 
v 2.88691 1.50389 -0.552651 
v 2.79458 1.61671 -0.850245 
v 2.70291 1.89363 -0.415183 
v 2.70291 1.89363 -0.415183 
v 2.74484 1.8007 -0.138607 
v 2.88691 1.50389 -0.552651 
v 2.74484 1.8007 -0.138607 
v 2.70291 1.89363 -0.415183 
v 2.51943 2.26538 -0.0426625 
v 2.51943 2.26538 -0.0426625 
v 2.52632 2.16779 0.220968 
v 2.74484 1.8007 -0.138607 
v 2.52632 2.16779 0.220968 
v 2.51943 2.26538 -0.0426625 
v 2.42129 2.43683 0.108513 
v 2.42129 2.43683 0.108513 
v 2.41657 2.26133 0.440688 
v 2.52632 2.16779 0.220968 
v 1.90901 2.76552 0.981284 
v 2.2551 2.37658 0.692678 
v 2.28575 2.65299 0.287969 
v 2.28575 2.65299 0.287969 
v 1.95713 3.17933 0.582153 
v 1.90901 2.76552 0.981284 
v 1.45313 3.21678 1.22425 
v 1.90901 2.76552 0.981284 
v 1.95713 3.17933 0.582153 
v 1.95713 3.17933 0.582153 
v 1.54879 3.76068 0.858668 
v 1.45313 3.21678 1.22425 
v 0.892386 3.5833 1.40583 
v 1.45313 3.21678 1.22425 
v 1.54879 3.76068 0.858668 
v 1.54879 3.76068 0.858668 
v 0.977661 4.1611 1.19782 
v 0.892386 3.5833 1.40583 
v 0.361381 3.99476 1.39129 
v 0.892386 3.5833 1.40583 
v 0.977661 4.1611 1.19782 
v 0.977661 4.1611 1.19782 
v 0.589791 4.24665 1.31967 
v 0.361381 3.99476 1.39129 
v 2.28575 2.65299 0.287969 
v 2.14174 2.60353 -0.00177652 
v 1.83154 3.19391 0.289279 
v 1.83154 3.19391 0.289279 
v 1.95713 3.17933 0.582153 
v 2.28575 2.65299 0.287969 
v 2.51943 2.26538 -0.0426625 
v 2.34278 2.20768 -0.325567 
v 2.25906 2.38259 -0.178807 
v 2.25906 2.38259 -0.178807 
v 2.42129 2.43683 0.108513 
v 2.51943 2.26538 -0.0426625 
v 2.70291 1.89363 -0.415183 
v 2.50184 1.8093 -0.682775 
v 2.34278 2.20768 -0.325567 
v 2.34278 2.20768 -0.325567 
v 2.51943 2.26538 -0.0426625 
v 2.70291 1.89363 -0.415183 
v 2.79458 1.61671 -0.850245 
v 2.55254 1.54464 -1.1017 
v 2.50184 1.8093 -0.682775 
v 2.50184 1.8093 -0.682775 
v 2.70291 1.89363 -0.415183 
v 2.79458 1.61671 -0.850245 
v 2.81192 1.37026 -1.2912 
v 2.54254 1.30813 -1.49082 
v 2.55254 1.54464 -1.1017 
v 2.55254 1.54464 -1.1017 
v 2.79458 1.61671 -0.850245 
v 2.81192 1.37026 -1.2912 
v 2.7106 1.14308 -1.84351 
v 2.40952 1.08307 -2.00317 
v 2.54254 1.30813 -1.49082 
v 2.54254 1.30813 -1.49082 
v 2.81192 1.37026 -1.2912 
v 2.7106 1.14308 -1.84351 
v 2.47932 0.901342 -2.43192 
v 2.14156 0.821682 -2.56627 
v 2.40952 1.08307 -2.00317 
v 2.40952 1.08307 -2.00317 
v 2.7106 1.14308 -1.84351 
v 2.47932 0.901342 -2.43192 
v 2.25395 0.747657 -2.79786 
v 2.01336 0.724772 -2.7613 
v 2.14156 0.821682 -2.56627 
v 2.14156 0.821682 -2.56627 
v 2.47932 0.901342 -2.43192 
v 2.25395 0.747657 -2.79786 
v 1.77353 0.488832 -3.33795 
v 1.30806 0.340247 -3.46586 
v 2.01336 0.724772 -2.7613 
v 2.01336 0.724772 -2.7613 
v 2.25395 0.747657 -2.79786 
v 1.77353 0.488832 -3.33795 
v 1.46818 0.331232 -3.38329 
v 1.30806 0.340247 -3.46586 
v 1.77353 0.488832 -3.33795 
v 1.77353 0.488832 -3.33795 
v 1.89937 0.474452 -3.26424 
v 1.46818 0.331232 -3.38329 
v 1.91555 0.368312 -3.05184 
v 1.639 0.318837 -3.28359 
v 2.00145 0.445237 -3.19031 
v 2.00145 0.445237 -3.19031 
v 2.26501 0.507347 -2.93188 
v 1.91555 0.368312 -3.05184 
v 2.65472 0.648067 -1.92511 
v 2.23432 0.425462 -2.71181 
v 2.57168 0.591277 -2.52591 
v 2.57168 0.591277 -2.52591 
v 2.90353 0.802217 -1.75426 
v 2.65472 0.648067 -1.92511 
v 2.80665 0.921472 -1.11992 
v 2.65472 0.648067 -1.92511 
v 2.90353 0.802217 -1.75426 
v 2.90353 0.802217 -1.75426 
v 3.00485 1.06301 -0.972851 
v 2.80665 0.921472 -1.11992 
v 2.72354 1.25605 -0.464819 
v 2.80665 0.921472 -1.11992 
v 3.00485 1.06301 -0.972851 
v 3.00485 1.06301 -0.972851 
v 2.90296 1.37917 -0.326977 
v 2.72354 1.25605 -0.464819 
v 2.56316 1.58159 -0.142081 
v 2.72354 1.25605 -0.464819 
v 2.90296 1.37917 -0.326977 
v 2.90296 1.37917 -0.326977 
v 2.72675 1.6909 0.0548035 
v 2.56316 1.58159 -0.142081 
v 2.33009 2.01329 0.137599 
v 2.56316 1.58159 -0.142081 
v 2.72675 1.6909 0.0548035 
v 2.72675 1.6909 0.0548035 
v 2.48151 2.06273 0.399458 
v 2.33009 2.01329 0.137599 
v 2.20371 2.09036 0.403063 
v 2.33009 2.01329 0.137599 
v 2.48151 2.06273 0.399458 
v 2.48151 2.06273 0.399458 
v 2.35202 2.19742 0.588603 
v 2.20371 2.09036 0.403063 
v 1.94481 1.64845 1.11094 
v 2.04727 1.95488 0.793439 
v 2.13513 2.0777 1.0459 
v 2.13513 2.0777 1.0459 
v 1.93892 1.77018 1.42532 
v 1.94481 1.64845 1.11094 
v 1.57049 0.937322 1.76122 
v 1.94481 1.64845 1.11094 
v 1.93892 1.77018 1.42532 
v 1.93892 1.77018 1.42532 
v 1.4644 1.08994 2.05363 
v 1.57049 0.937322 1.76122 
v 0.862836 0.610167 2.11391 
v 1.57049 0.937322 1.76122 
v 1.4644 1.08994 2.05363 
v 1.4644 1.08994 2.05363 
v 0.741461 0.751462 2.35275 
v 0.862836 0.610167 2.11391 
v 0.123446 0.481452 2.05173 
v 0.862836 0.610167 2.11391 
v 0.741461 0.751462 2.35275 
v 0.741461 0.751462 2.35275 
v 0.000350654 0.608777 2.25185 
v 0.123446 0.481452 2.05173 
v -0.293054 0.614242 1.74929 
v -0.203209 0.504402 1.56753 
v 0.123446 0.481452 2.05173 
v 0.123446 0.481452 2.05173 
v 0.000350654 0.608777 2.25185 
v -0.293054 0.614242 1.74929 
v -0.568939 0.780807 1.1392 
v -0.203209 0.504402 1.56753 
v -0.293054 0.614242 1.74929 
v -0.293054 0.614242 1.74929 
v -0.68248 1.15639 1.08322 
v -0.568939 0.780807 1.1392 
v -0.640823 1.27958 0.865919 
v -0.568939 0.780807 1.1392 
v -0.68248 1.15639 1.08322 
v -0.68248 1.15639 1.08322 
v -0.707111 1.31447 1.00715 
v -0.640823 1.27958 0.865919 
v -0.774901 1.40896 0.714134 
v -0.722338 1.3239 0.589859 
v -0.640823 1.27958 0.865919 
v -0.640823 1.27958 0.865919 
v -0.707111 1.31447 1.00715 
v -0.774901 1.40896 0.714134 
v -0.812671 1.42001 0.450879 
v -0.782578 1.34691 0.308984 
v -0.722338 1.3239 0.589859 
v -0.722338 1.3239 0.589859 
v -0.774901 1.40896 0.714134 
v -0.812671 1.42001 0.450879 
v -0.784002 1.68686 0.279598 
v -0.783561 1.60127 0.287058 
v -0.813976 1.67143 0.433878 
v -0.813976 1.67143 0.433878 
v -0.811128 1.74335 0.420753 
v -0.784002 1.68686 0.279598 
v -0.715568 1.77724 0.562618 
v -0.784002 1.68686 0.279598 
v -0.811128 1.74335 0.420753 
v -0.811128 1.74335 0.420753 
v -0.76536 1.82465 0.686334 
v -0.715568 1.77724 0.562618 
v -0.63257 1.85626 0.803954 
v -0.715568 1.77724 0.562618 
v -0.76536 1.82465 0.686334 
v -0.76536 1.82465 0.686334 
v -0.692065 1.8608 0.945294 
v -0.63257 1.85626 0.803954 
v -0.575428 1.74355 0.951519 
v -0.63257 1.85626 0.803954 
v -0.692065 1.8608 0.945294 
v -0.692065 1.8608 0.945294 
v -0.639347 1.74667 1.10419 
v -0.575428 1.74355 0.951519 
v -0.639347 1.74667 1.10419 
v -0.309339 1.70557 1.40806 
v -0.262149 1.66569 1.19392 
v -0.262149 1.66569 1.19392 
v -0.575428 1.74355 0.951519 
v -0.639347 1.74667 1.10419 
v -0.239324 2.04733 1.34583 
v -0.262149 1.66569 1.19392 
v -0.309339 1.70557 1.40806 
v -0.309339 1.70557 1.40806 
v -0.298904 2.01106 1.58415 
v -0.239324 2.04733 1.34583 
v -0.183094 2.17723 1.61907 
v -0.180444 2.2006 1.34928 
v -0.239324 2.04733 1.34583 
v -0.239324 2.04733 1.34583 
v -0.298904 2.01106 1.58415 
v -0.183094 2.17723 1.61907 
v -0.0887793 2.36438 1.365 
v -0.180444 2.2006 1.34928 
v -0.183094 2.17723 1.61907 
v -0.183094 2.17723 1.61907 
v -0.0583593 2.36774 1.63581 
v -0.0887793 2.36438 1.365 
v 0.0107257 2.72084 1.33168 
v -0.0887793 2.36438 1.365 
v -0.0583593 2.36774 1.63581 
v -0.0583593 2.36774 1.63581 
v 0.0934756 2.79499 1.58552 
v 0.0107257 2.72084 1.33168 
v 0.361381 3.99476 1.39129 
v 0.184061 4.08194 1.183 
v 0.0107257 2.72084 1.33168 
v 0.0107257 2.72084 1.33168 
v 0.0934756 2.79499 1.58552 
v 0.361381 3.99476 1.39129 
v 0.434851 4.34832 1.15783 
v 0.184061 4.08194 1.183 
v 0.361381 3.99476 1.39129 
v 0.361381 3.99476 1.39129 
v 0.589791 4.24665 1.31967 
v 0.434851 4.34832 1.15783 
v 0.834556 4.28917 1.02071 
v 0.434851 4.34832 1.15783 
v 0.589791 4.24665 1.31967 
v 0.589791 4.24665 1.31967 
v 0.977661 4.1611 1.19782 
v 0.834556 4.28917 1.02071 
v 1.42913 3.86725 0.599313 
v 0.834556 4.28917 1.02071 
v 0.977661 4.1611 1.19782 
v 0.977661 4.1611 1.19782 
v 1.54879 3.76068 0.858668 
v 1.42913 3.86725 0.599313 
v 1.83154 3.19391 0.289279 
v 1.42913 3.86725 0.599313 
v 1.54879 3.76068 0.858668 
v 1.54879 3.76068 0.858668 
v 1.95713 3.17933 0.582153 
v 1.83154 3.19391 0.289279 
v 2.23432 0.425462 -2.71181 
v 1.91555 0.368312 -3.05184 
v 2.26501 0.507347 -2.93188 
v 2.26501 0.507347 -2.93188 
v 2.57168 0.591277 -2.52591 
v 2.23432 0.425462 -2.71181 
v 1.639 0.318837 -3.28359 
v 1.46818 0.331232 -3.38329 
v 1.89937 0.474452 -3.26424 
v 1.89937 0.474452 -3.26424 
v 2.00145 0.445237 -3.19031 
v 1.639 0.318837 -3.28359 
v 2.57168 0.591277 -2.52591 
v 2.26501 0.507347 -2.93188 
v 2.26879 0.613177 -2.8928 
v 2.26879 0.613177 -2.8928 
v 2.57021 0.755212 -2.45403 
v 2.57168 0.591277 -2.52591 
v 2.26879 0.613177 -2.8928 
v 2.26501 0.507347 -2.93188 
v 2.00145 0.445237 -3.19031 
v 2.00145 0.445237 -3.19031 
v 1.89937 0.474452 -3.26424 
v 2.26879 0.613177 -2.8928 
v 2.25395 0.747657 -2.79786 
v 2.26879 0.613177 -2.8928 
v 1.89937 0.474452 -3.26424 
v 1.89937 0.474452 -3.26424 
v 1.77353 0.488832 -3.33795 
v 2.25395 0.747657 -2.79786 
v -0.783561 1.60127 0.287058 
v -0.783113 1.50085 0.295758 
v -0.815438 1.57439 0.443893 
v -0.815438 1.57439 0.443893 
v -0.813976 1.67143 0.433878 
v -0.783561 1.60127 0.287058 
v -0.783956 1.61602 0.729888 
v -0.777835 1.73631 0.715183 
v -0.813976 1.67143 0.433878 
v -0.813976 1.67143 0.433878 
v -0.815438 1.57439 0.443893 
v -0.783956 1.61602 0.729888 
v -0.783956 1.61602 0.729888 
v -0.716422 1.56936 1.01256 
v -0.707753 1.73155 0.986423 
v -0.707753 1.73155 0.986423 
v -0.777835 1.73631 0.715183 
v -0.783956 1.61602 0.729888 
v -0.654247 1.54895 1.16977 
v -0.707753 1.73155 0.986423 
v -0.716422 1.56936 1.01256 
v -0.716422 1.56936 1.01256 
v -0.663128 1.3059 1.2224 
v -0.654247 1.54895 1.16977 
v -0.307884 1.46423 1.53082 
v -0.654247 1.54895 1.16977 
v -0.663128 1.3059 1.2224 
v -0.663128 1.3059 1.2224 
v -0.302244 1.14357 1.65071 
v -0.307884 1.46423 1.53082 
v -0.783113 1.50085 0.295758 
v -0.782744 1.4009 0.304358 
v -0.814946 1.47671 0.452618 
v -0.814946 1.47671 0.452618 
v -0.815438 1.57439 0.443893 
v -0.783113 1.50085 0.295758 
v -0.78379 1.49182 0.732353 
v -0.783956 1.61602 0.729888 
v -0.815438 1.57439 0.443893 
v -0.815438 1.57439 0.443893 
v -0.814946 1.47671 0.452618 
v -0.78379 1.49182 0.732353 
v -0.78379 1.49182 0.732353 
v -0.717586 1.40708 1.02398 
v -0.716422 1.56936 1.01256 
v -0.716422 1.56936 1.01256 
v -0.783956 1.61602 0.729888 
v -0.78379 1.49182 0.732353 
v -0.663128 1.3059 1.2224 
v -0.716422 1.56936 1.01256 
v -0.717586 1.40708 1.02398 
v -0.717586 1.40708 1.02398 
v -0.694101 1.31682 1.07804 
v -0.663128 1.3059 1.2224 
v -0.302244 1.14357 1.65071 
v -0.663128 1.3059 1.2224 
v -0.694101 1.31682 1.07804 
v -0.694101 1.31682 1.07804 
v -0.297964 0.824937 1.74055 
v -0.302244 1.14357 1.65071 
v -0.782744 1.4009 0.304358 
v -0.782578 1.34691 0.308984 
v -0.812671 1.42001 0.450879 
v -0.812671 1.42001 0.450879 
v -0.814946 1.47671 0.452618 
v -0.782744 1.4009 0.304358 
v -0.774901 1.40896 0.714134 
v -0.78379 1.49182 0.732353 
v -0.814946 1.47671 0.452618 
v -0.814946 1.47671 0.452618 
v -0.812671 1.42001 0.450879 
v -0.774901 1.40896 0.714134 
v -0.774901 1.40896 0.714134 
v -0.707111 1.31447 1.00715 
v -0.717586 1.40708 1.02398 
v -0.717586 1.40708 1.02398 
v -0.78379 1.49182 0.732353 
v -0.774901 1.40896 0.714134 
v -0.694101 1.31682 1.07804 
v -0.717586 1.40708 1.02398 
v -0.707111 1.31447 1.00715 
v -0.707111 1.31447 1.00715 
v -0.68248 1.15639 1.08322 
v -0.694101 1.31682 1.07804 
v -0.68248 1.15639 1.08322 
v -0.293054 0.614242 1.74929 
v -0.297964 0.824937 1.74055 
v -0.297964 0.824937 1.74055 
v -0.694101 1.31682 1.07804 
v -0.68248 1.15639 1.08322 
v -0.162049 1.23352 2.00731 
v -0.302244 1.14357 1.65071 
v -0.297964 0.824937 1.74055 
v -0.297964 0.824937 1.74055 
v -0.0827343 0.870832 2.16873 
v -0.162049 1.23352 2.00731 
v -0.236969 1.62871 1.80537 
v -0.307884 1.46423 1.53082 
v -0.302244 1.14357 1.65071 
v -0.302244 1.14357 1.65071 
v -0.162049 1.23352 2.00731 
v -0.236969 1.62871 1.80537 
v -0.0827343 0.870832 2.16873 
v -0.297964 0.824937 1.74055 
v -0.293054 0.614242 1.74929 
v -0.293054 0.614242 1.74929 
v 0.000350654 0.608777 2.25185 
v -0.0827343 0.870832 2.16873 
v 1.95765 2.1916 0.175328 
v 2.07956 2.07403 -0.063419 
v 2.07144 2.0283 0.114353 
v 2.07144 2.0283 0.114353 
v 1.92598 1.9077 0.527483 
v 1.95765 2.1916 0.175328 
v 1.92598 1.9077 0.527483 
v 2.07144 2.0283 0.114353 
v 2.20371 2.09036 0.403063 
v 2.20371 2.09036 0.403063 
v 2.04727 1.95488 0.793439 
v 1.92598 1.9077 0.527483 
v 2.04727 1.95488 0.793439 
v 2.20371 2.09036 0.403063 
v 2.35202 2.19742 0.588603 
v 2.35202 2.19742 0.588603 
v 2.13513 2.0777 1.0459 
v 2.04727 1.95488 0.793439 
v 2.35202 2.19742 0.588603 
v 2.41657 2.26133 0.440688 
v 2.2551 2.37658 0.692678 
v 2.2551 2.37658 0.692678 
v 2.13513 2.0777 1.0459 
v 2.35202 2.19742 0.588603 
v 2.41657 2.26133 0.440688 
v 2.42129 2.43683 0.108513 
v 2.28575 2.65299 0.287969 
v 2.28575 2.65299 0.287969 
v 2.2551 2.37658 0.692678 
v 2.41657 2.26133 0.440688 
v 2.14174 2.60353 -0.00177652 
v 2.28575 2.65299 0.287969 
v 2.42129 2.43683 0.108513 
v 2.42129 2.43683 0.108513 
v 2.25906 2.38259 -0.178807 
v 2.14174 2.60353 -0.00177652 
v 1.96925 2.48856 -0.121015 
v 2.14174 2.60353 -0.00177652 
v 2.25906 2.38259 -0.178807 
v 2.25906 2.38259 -0.178807 
v 2.08158 2.26887 -0.302413 
v 1.96925 2.48856 -0.121015 
v 1.96925 2.48856 -0.121015 
v 2.08158 2.26887 -0.302413 
v 2.07956 2.07403 -0.063419 
v 2.07956 2.07403 -0.063419 
v 1.95765 2.1916 0.175328 
v 1.96925 2.48856 -0.121015 
v 1.96489 2.22759 0.619728 
v 2.00607 1.8852 0.500389 
v 1.81532 1.86415 0.799584 
v 1.81532 1.86415 0.799584 
v 1.71502 2.32156 0.992424 
v 1.96489 2.22759 0.619728 
v 2.00607 1.8852 0.500389 
v 2.17461 1.58114 0.423878 
v 1.9828 1.53571 0.784889 
v 1.9828 1.53571 0.784889 
v 1.81532 1.86415 0.799584 
v 2.00607 1.8852 0.500389 
v 2.17461 1.58114 0.423878 
v 2.32773 1.3114 0.336294 
v 2.22809 1.16416 0.675704 
v 2.22809 1.16416 0.675704 
v 1.9828 1.53571 0.784889 
v 2.17461 1.58114 0.423878 
v 2.32773 1.3114 0.336294 
v 2.49895 1.04301 0.172884 
v 2.48887 0.828207 0.459514 
v 2.48887 0.828207 0.459514 
v 2.22809 1.16416 0.675704 
v 2.32773 1.3114 0.336294 
v 2.48887 0.828207 0.459514 
v 2.49895 1.04301 0.172884 
v 2.66575 0.768932 -0.0243315 
v 2.66575 0.768932 -0.0243315 
v 2.71753 0.544697 0.161138 
v 2.48887 0.828207 0.459514 
v 2.76476 0.602987 -0.163101 
v 2.82527 0.419762 -0.056955 
v 2.71753 0.544697 0.161138 
v 2.71753 0.544697 0.161138 
v 2.66575 0.768932 -0.0243315 
v 2.76476 0.602987 -0.163101 
v 2.00607 1.8852 0.500389 
v 1.96489 2.22759 0.619728 
v 2.12765 1.94259 0.675033 
v 2.00607 1.8852 0.500389 
v 2.12765 1.94259 0.675033 
v 2.29786 1.65213 0.595809 
v 2.29786 1.65213 0.595809 
v 2.17461 1.58114 0.423878 
v 2.00607 1.8852 0.500389 
v 2.17461 1.58114 0.423878 
v 2.29786 1.65213 0.595809 
v 2.44315 1.40009 0.521068 
v 2.44315 1.40009 0.521068 
v 2.32773 1.3114 0.336294 
v 2.17461 1.58114 0.423878 
v 2.32773 1.3114 0.336294 
v 2.44315 1.40009 0.521068 
v 2.62096 1.1381 0.357314 
v 2.62096 1.1381 0.357314 
v 2.49895 1.04301 0.172884 
v 2.32773 1.3114 0.336294 
v 2.49895 1.04301 0.172884 
v 2.62096 1.1381 0.357314 
v 2.80402 0.850717 0.155698 
v 2.80402 0.850717 0.155698 
v 2.66575 0.768932 -0.0243315 
v 2.49895 1.04301 0.172884 
v 2.66575 0.768932 -0.0243315 
v 2.80402 0.850717 0.155698 
v 2.86563 0.748647 0.0786335 
v 2.86563 0.748647 0.0786335 
v 2.76476 0.602987 -0.163101 
v 2.66575 0.768932 -0.0243315 
v 2.76476 0.602987 -0.163101 
v 2.86563 0.748647 0.0786335 
v 3.08508 0.359882 -0.279743 
v 3.08508 0.359882 -0.279743 
v 2.91009 0.343582 -0.395218 
v 2.76476 0.602987 -0.163101 
v 3.08508 0.359882 -0.279743 
v 3.04424 0.380432 -0.0278065 
v 2.89366 0.341172 -0.208436 
v 2.89366 0.341172 -0.208436 
v 2.91009 0.343582 -0.395218 
v 3.08508 0.359882 -0.279743 
v 2.82527 0.419762 -0.056955 
v 2.89366 0.341172 -0.208436 
v 3.04424 0.380432 -0.0278065 
v 3.04424 0.380432 -0.0278065 
v 2.97365 0.456832 0.157664 
v 2.82527 0.419762 -0.056955 
v 2.48887 0.828207 0.459514 
v 2.71753 0.544697 0.161138 
v 2.86296 0.558327 0.392479 
v 2.86296 0.558327 0.392479 
v 2.58711 0.858312 0.732103 
v 2.48887 0.828207 0.459514 
v 2.22809 1.16416 0.675704 
v 2.48887 0.828207 0.459514 
v 2.58711 0.858312 0.732103 
v 2.58711 0.858312 0.732103 
v 2.28212 1.21217 0.963253 
v 2.22809 1.16416 0.675704 
v 1.9828 1.53571 0.784889 
v 2.22809 1.16416 0.675704 
v 2.28212 1.21217 0.963253 
v 2.28212 1.21217 0.963253 
v 2.01095 1.60291 1.06266 
v 1.9828 1.53571 0.784889 
v 1.81532 1.86415 0.799584 
v 1.9828 1.53571 0.784889 
v 2.01095 1.60291 1.06266 
v 2.01095 1.60291 1.06266 
v 1.86659 1.92758 1.03957 
v 1.81532 1.86415 0.799584 
v 1.71502 2.32156 0.992424 
v 1.81532 1.86415 0.799584 
v 1.86659 1.92758 1.03957 
v 2.71753 0.544697 0.161138 
v 2.82527 0.419762 -0.056955 
v 2.97365 0.456832 0.157664 
v 2.97365 0.456832 0.157664 
v 2.86296 0.558327 0.392479 
v 2.71753 0.544697 0.161138 
v 2.89366 0.341172 -0.208436 
v 2.82527 0.419762 -0.056955 
v 2.76476 0.602987 -0.163101 
v 2.76476 0.602987 -0.163101 
v 2.91009 0.343582 -0.395218 
v 2.89366 0.341172 -0.208436 
v 2.94292 0.690372 0.633924 
v 2.91677 0.915172 0.427284 
v 2.72464 1.18811 0.624074 
v 2.72464 1.18811 0.624074 
v 2.67276 0.972332 0.934423 
v 2.94292 0.690372 0.633924 
v 2.67276 0.972332 0.934423 
v 2.72464 1.18811 0.624074 
v 2.5311 1.45477 0.782493 
v 2.5311 1.45477 0.782493 
v 2.37924 1.30615 1.14216 
v 2.67276 0.972332 0.934423 
v 2.37924 1.30615 1.14216 
v 2.5311 1.45477 0.782493 
v 2.36626 1.72285 0.860108 
v 2.36626 1.72285 0.860108 
v 2.11667 1.67548 1.23575 
v 2.37924 1.30615 1.14216 
v 2.11667 1.67548 1.23575 
v 2.36626 1.72285 0.860108 
v 2.18807 2.0248 0.923319 
v 2.18807 2.0248 0.923319 
v 1.948 2.00213 1.23405 
v 2.11667 1.67548 1.23575 
v 1.71502 2.32156 0.992424 
v 1.948 2.00213 1.23405 
v 2.18807 2.0248 0.923319 
v 2.18807 2.0248 0.923319 
v 1.96489 2.22759 0.619728 
v 1.71502 2.32156 0.992424 
v 2.18807 2.0248 0.923319 
v 2.12765 1.94259 0.675033 
v 1.96489 2.22759 0.619728 
v 2.36626 1.72285 0.860108 
v 2.29786 1.65213 0.595809 
v 2.12765 1.94259 0.675033 
v 2.12765 1.94259 0.675033 
v 2.18807 2.0248 0.923319 
v 2.36626 1.72285 0.860108 
v 2.5311 1.45477 0.782493 
v 2.44315 1.40009 0.521068 
v 2.29786 1.65213 0.595809 
v 2.29786 1.65213 0.595809 
v 2.36626 1.72285 0.860108 
v 2.5311 1.45477 0.782493 
v 2.72464 1.18811 0.624074 
v 2.62096 1.1381 0.357314 
v 2.44315 1.40009 0.521068 
v 2.44315 1.40009 0.521068 
v 2.5311 1.45477 0.782493 
v 2.72464 1.18811 0.624074 
v 2.91677 0.915172 0.427284 
v 2.80402 0.850717 0.155698 
v 2.62096 1.1381 0.357314 
v 2.62096 1.1381 0.357314 
v 2.72464 1.18811 0.624074 
v 2.91677 0.915172 0.427284 
v 3.02881 0.747317 0.278759 
v 2.86563 0.748647 0.0786335 
v 2.80402 0.850717 0.155698 
v 2.80402 0.850717 0.155698 
v 2.91677 0.915172 0.427284 
v 3.02881 0.747317 0.278759 
v 3.18765 0.481342 0.0187435 
v 3.08508 0.359882 -0.279743 
v 2.86563 0.748647 0.0786335 
v 2.86563 0.748647 0.0786335 
v 3.02881 0.747317 0.278759 
v 3.18765 0.481342 0.0187435 
v 2.97365 0.456832 0.157664 
v 3.04424 0.380432 -0.0278065 
v 3.14947 0.478072 0.217638 
v 3.14947 0.478072 0.217638 
v 3.07535 0.563792 0.400133 
v 2.97365 0.456832 0.157664 
v 2.58711 0.858312 0.732103 
v 2.86296 0.558327 0.392479 
v 2.94292 0.690372 0.633924 
v 2.94292 0.690372 0.633924 
v 2.67276 0.972332 0.934423 
v 2.58711 0.858312 0.732103 
v 2.28212 1.21217 0.963253 
v 2.58711 0.858312 0.732103 
v 2.67276 0.972332 0.934423 
v 2.67276 0.972332 0.934423 
v 2.37924 1.30615 1.14216 
v 2.28212 1.21217 0.963253 
v 2.01095 1.60291 1.06266 
v 2.28212 1.21217 0.963253 
v 2.37924 1.30615 1.14216 
v 2.37924 1.30615 1.14216 
v 2.11667 1.67548 1.23575 
v 2.01095 1.60291 1.06266 
v 1.86659 1.92758 1.03957 
v 2.01095 1.60291 1.06266 
v 2.11667 1.67548 1.23575 
v 2.11667 1.67548 1.23575 
v 1.948 2.00213 1.23405 
v 1.86659 1.92758 1.03957 
v 1.71502 2.32156 0.992424 
v 1.86659 1.92758 1.03957 
v 1.948 2.00213 1.23405 
v 2.86296 0.558327 0.392479 
v 2.97365 0.456832 0.157664 
v 3.07535 0.563792 0.400133 
v 3.07535 0.563792 0.400133 
v 2.94292 0.690372 0.633924 
v 2.86296 0.558327 0.392479 
v 3.18765 0.481342 0.0187435 
v 3.14947 0.478072 0.217638 
v 3.04424 0.380432 -0.0278065 
v 3.04424 0.380432 -0.0278065 
v 3.08508 0.359882 -0.279743 
v 3.18765 0.481342 0.0187435 
v 3.02881 0.747317 0.278759 
v 2.91677 0.915172 0.427284 
v 2.94292 0.690372 0.633924 
v 2.94292 0.690372 0.633924 
v 3.07535 0.563792 0.400133 
v 3.02881 0.747317 0.278759 
v 3.02881 0.747317 0.278759 
v 3.07535 0.563792 0.400133 
v 3.14947 0.478072 0.217638 
v 3.14947 0.478072 0.217638 
v 3.18765 0.481342 0.0187435 
v 3.02881 0.747317 0.278759 
v 2.17158 2.31039 0.264449 
v 2.22497 1.8031 -0.0996015 
v 2.13214 1.70173 0.320498 
v 2.13214 1.70173 0.320498 
v 1.96489 2.22759 0.619728 
v 2.17158 2.31039 0.264449 
v 2.22497 1.8031 -0.0996015 
v 2.39223 1.47215 -0.339422 
v 2.34227 1.34023 0.159728 
v 2.34227 1.34023 0.159728 
v 2.13214 1.70173 0.320498 
v 2.22497 1.8031 -0.0996015 
v 2.39223 1.47215 -0.339422 
v 2.52123 1.17932 -0.593664 
v 2.58518 0.948167 -0.1887 
v 2.58518 0.948167 -0.1887 
v 2.34227 1.34023 0.159728 
v 2.39223 1.47215 -0.339422 
v 2.52123 1.17932 -0.593664 
v 2.6106 0.896662 -0.960147 
v 2.7547 0.605632 -0.694961 
v 2.7547 0.605632 -0.694961 
v 2.58518 0.948167 -0.1887 
v 2.52123 1.17932 -0.593664 
v 2.6106 0.896662 -0.960147 
v 2.64586 0.606037 -1.37815 
v 2.7943 0.322497 -1.2815 
v 2.7943 0.322497 -1.2815 
v 2.7547 0.605632 -0.694961 
v 2.6106 0.896662 -0.960147 
v 2.63482 0.429782 -1.65648 
v 2.74087 0.204242 -1.64533 
v 2.7943 0.322497 -1.2815 
v 2.7943 0.322497 -1.2815 
v 2.64586 0.606037 -1.37815 
v 2.63482 0.429782 -1.65648 
v 2.22497 1.8031 -0.0996015 
v 2.17158 2.31039 0.264449 
v 2.4008 1.88 0.0717235 
v 2.22497 1.8031 -0.0996015 
v 2.4008 1.88 0.0717235 
v 2.57437 1.56589 -0.17506 
v 2.57437 1.56589 -0.17506 
v 2.39223 1.47215 -0.339422 
v 2.22497 1.8031 -0.0996015 
v 2.39223 1.47215 -0.339422 
v 2.57437 1.56589 -0.17506 
v 2.70708 1.29141 -0.411385 
v 2.70708 1.29141 -0.411385 
v 2.52123 1.17932 -0.593664 
v 2.39223 1.47215 -0.339422 
v 2.52123 1.17932 -0.593664 
v 2.70708 1.29141 -0.411385 
v 2.81296 1.01648 -0.786903 
v 2.81296 1.01648 -0.786903 
v 2.6106 0.896662 -0.960147 
v 2.52123 1.17932 -0.593664 
v 2.6106 0.896662 -0.960147 
v 2.81296 1.01648 -0.786903 
v 2.87178 0.710977 -1.23405 
v 2.87178 0.710977 -1.23405 
v 2.64586 0.606037 -1.37815 
v 2.6106 0.896662 -0.960147 
v 2.64586 0.606037 -1.37815 
v 2.87178 0.710977 -1.23405 
v 2.87664 0.601482 -1.40014 
v 2.87664 0.601482 -1.40014 
v 2.63482 0.429782 -1.65648 
v 2.64586 0.606037 -1.37815 
v 2.63482 0.429782 -1.65648 
v 2.87664 0.601482 -1.40014 
v 2.78469 0.183382 -2.10209 
v 2.78469 0.183382 -2.10209 
v 2.56629 0.151462 -2.10501 
v 2.63482 0.429782 -1.65648 
v 2.78469 0.183382 -2.10209 
v 2.93085 0.183597 -1.7872 
v 2.68629 0.130322 -1.88991 
v 2.68629 0.130322 -1.88991 
v 2.56629 0.151462 -2.10501 
v 2.78469 0.183382 -2.10209 
v 2.74087 0.204242 -1.64533 
v 2.68629 0.130322 -1.88991 
v 2.93085 0.183597 -1.7872 
v 2.93085 0.183597 -1.7872 
v 3.00089 0.253152 -1.49934 
v 2.74087 0.204242 -1.64533 
v 2.7547 0.605632 -0.694961 
v 2.7943 0.322497 -1.2815 
v 3.0535 0.343277 -1.11635 
v 3.0535 0.343277 -1.11635 
v 2.9765 0.638997 -0.431601 
v 2.7547 0.605632 -0.694961 
v 2.58518 0.948167 -0.1887 
v 2.7547 0.605632 -0.694961 
v 2.9765 0.638997 -0.431601 
v 2.9765 0.638997 -0.431601 
v 2.74765 0.996087 0.133824 
v 2.58518 0.948167 -0.1887 
v 2.34227 1.34023 0.159728 
v 2.58518 0.948167 -0.1887 
v 2.74765 0.996087 0.133824 
v 2.74765 0.996087 0.133824 
v 2.45246 1.4067 0.493148 
v 2.34227 1.34023 0.159728 
v 2.13214 1.70173 0.320498 
v 2.34227 1.34023 0.159728 
v 2.45246 1.4067 0.493148 
v 2.45246 1.4067 0.493148 
v 2.24446 1.76997 0.599944 
v 2.13214 1.70173 0.320498 
v 1.96489 2.22759 0.619728 
v 2.13214 1.70173 0.320498 
v 2.24446 1.76997 0.599944 
v 2.7943 0.322497 -1.2815 
v 2.74087 0.204242 -1.64533 
v 3.00089 0.253152 -1.49934 
v 3.00089 0.253152 -1.49934 
v 3.0535 0.343277 -1.11635 
v 2.7943 0.322497 -1.2815 
v 2.68629 0.130322 -1.88991 
v 2.74087 0.204242 -1.64533 
v 2.63482 0.429782 -1.65648 
v 2.63482 0.429782 -1.65648 
v 2.56629 0.151462 -2.10501 
v 2.68629 0.130322 -1.88991 
v 3.25538 0.500962 -0.848895 
v 3.11945 0.786097 -0.975397 
v 3.03322 1.07399 -0.523641 
v 3.03322 1.07399 -0.523641 
v 3.14047 0.780642 -0.213258 
v 3.25538 0.500962 -0.848895 
v 3.14047 0.780642 -0.213258 
v 3.03322 1.07399 -0.523641 
v 2.89497 1.35331 -0.136294 
v 2.89497 1.35331 -0.136294 
v 2.89862 1.11927 0.317549 
v 3.14047 0.780642 -0.213258 
v 2.89862 1.11927 0.317549 
v 2.89497 1.35331 -0.136294 
v 2.73077 1.64323 0.122844 
v 2.73077 1.64323 0.122844 
v 2.60254 1.50766 0.667308 
v 2.89862 1.11927 0.317549 
v 2.60254 1.50766 0.667308 
v 2.73077 1.64323 0.122844 
v 2.52974 1.97065 0.360524 
v 2.52974 1.97065 0.360524 
v 2.36813 1.86637 0.815838 
v 2.60254 1.50766 0.667308 
v 1.96489 2.22759 0.619728 
v 2.36813 1.86637 0.815838 
v 2.52974 1.97065 0.360524 
v 2.52974 1.97065 0.360524 
v 2.17158 2.31039 0.264449 
v 1.96489 2.22759 0.619728 
v 2.52974 1.97065 0.360524 
v 2.4008 1.88 0.0717235 
v 2.17158 2.31039 0.264449 
v 2.73077 1.64323 0.122844 
v 2.57437 1.56589 -0.17506 
v 2.4008 1.88 0.0717235 
v 2.4008 1.88 0.0717235 
v 2.52974 1.97065 0.360524 
v 2.73077 1.64323 0.122844 
v 2.89497 1.35331 -0.136294 
v 2.70708 1.29141 -0.411385 
v 2.57437 1.56589 -0.17506 
v 2.57437 1.56589 -0.17506 
v 2.73077 1.64323 0.122844 
v 2.89497 1.35331 -0.136294 
v 3.03322 1.07399 -0.523641 
v 2.81296 1.01648 -0.786903 
v 2.70708 1.29141 -0.411385 
v 2.70708 1.29141 -0.411385 
v 2.89497 1.35331 -0.136294 
v 3.03322 1.07399 -0.523641 
v 3.11945 0.786097 -0.975397 
v 2.87178 0.710977 -1.23405 
v 2.81296 1.01648 -0.786903 
v 2.81296 1.01648 -0.786903 
v 3.03322 1.07399 -0.523641 
v 3.11945 0.786097 -0.975397 
v 3.13179 0.608357 -1.28784 
v 2.87664 0.601482 -1.40014 
v 2.87178 0.710977 -1.23405 
v 2.87178 0.710977 -1.23405 
v 3.11945 0.786097 -0.975397 
v 3.13179 0.608357 -1.28784 
v 3.08275 0.323197 -1.80366 
v 2.78469 0.183382 -2.10209 
v 2.87664 0.601482 -1.40014 
v 2.87664 0.601482 -1.40014 
v 3.13179 0.608357 -1.28784 
v 3.08275 0.323197 -1.80366 
v 3.00089 0.253152 -1.49934 
v 2.93085 0.183597 -1.7872 
v 3.18119 0.299897 -1.55574 
v 3.18119 0.299897 -1.55574 
v 3.23631 0.381797 -1.26077 
v 3.00089 0.253152 -1.49934 
v 2.9765 0.638997 -0.431601 
v 3.0535 0.343277 -1.11635 
v 3.25538 0.500962 -0.848895 
v 3.25538 0.500962 -0.848895 
v 3.14047 0.780642 -0.213258 
v 2.9765 0.638997 -0.431601 
v 2.74765 0.996087 0.133824 
v 2.9765 0.638997 -0.431601 
v 3.14047 0.780642 -0.213258 
v 3.14047 0.780642 -0.213258 
v 2.89862 1.11927 0.317549 
v 2.74765 0.996087 0.133824 
v 2.45246 1.4067 0.493148 
v 2.74765 0.996087 0.133824 
v 2.89862 1.11927 0.317549 
v 2.89862 1.11927 0.317549 
v 2.60254 1.50766 0.667308 
v 2.45246 1.4067 0.493148 
v 2.24446 1.76997 0.599944 
v 2.45246 1.4067 0.493148 
v 2.60254 1.50766 0.667308 
v 2.60254 1.50766 0.667308 
v 2.36813 1.86637 0.815838 
v 2.24446 1.76997 0.599944 
v 1.96489 2.22759 0.619728 
v 2.24446 1.76997 0.599944 
v 2.36813 1.86637 0.815838 
v 3.0535 0.343277 -1.11635 
v 3.00089 0.253152 -1.49934 
v 3.23631 0.381797 -1.26077 
v 3.23631 0.381797 -1.26077 
v 3.25538 0.500962 -0.848895 
v 3.0535 0.343277 -1.11635 
v 3.08275 0.323197 -1.80366 
v 3.18119 0.299897 -1.55574 
v 2.93085 0.183597 -1.7872 
v 2.93085 0.183597 -1.7872 
v 2.78469 0.183382 -2.10209 
v 3.08275 0.323197 -1.80366 
v 3.13179 0.608357 -1.28784 
v 3.11945 0.786097 -0.975397 
v 3.25538 0.500962 -0.848895 
v 3.25538 0.500962 -0.848895 
v 3.23631 0.381797 -1.26077 
v 3.13179 0.608357 -1.28784 
v 3.13179 0.608357 -1.28784 
v 3.23631 0.381797 -1.26077 
v 3.18119 0.299897 -1.55574 
v 3.18119 0.299897 -1.55574 
v 3.08275 0.323197 -1.80366 
v 3.13179 0.608357 -1.28784 
v 1.65689 2.40036 1.07355 
v 1.71426 2.01537 0.938539 
v 1.49519 2.01975 1.13212 
v 1.49519 2.01975 1.13212 
v 1.41262 2.42141 1.25927 
v 1.65689 2.40036 1.07355 
v 1.71426 2.01537 0.938539 
v 1.85563 1.74434 0.931708 
v 1.62113 1.72789 1.16764 
v 1.62113 1.72789 1.16764 
v 1.49519 2.01975 1.13212 
v 1.71426 2.01537 0.938539 
v 1.85563 1.74434 0.931708 
v 1.98833 1.50309 0.916389 
v 1.82643 1.39187 1.15692 
v 1.82643 1.39187 1.15692 
v 1.62113 1.72789 1.16764 
v 1.85563 1.74434 0.931708 
v 1.98833 1.50309 0.916389 
v 2.1541 1.26004 0.853984 
v 2.0691 1.08385 1.07887 
v 2.0691 1.08385 1.07887 
v 1.82643 1.39187 1.15692 
v 1.98833 1.50309 0.916389 
v 2.0691 1.08385 1.07887 
v 2.1541 1.26004 0.853984 
v 2.32659 1.01188 0.772779 
v 2.32659 1.01188 0.772779 
v 2.3115 0.821707 0.940413 
v 2.0691 1.08385 1.07887 
v 2.43632 0.861442 0.712744 
v 2.44898 0.704142 0.822664 
v 2.3115 0.821707 0.940413 
v 2.3115 0.821707 0.940413 
v 2.32659 1.01188 0.772779 
v 2.43632 0.861442 0.712744 
v 1.71426 2.01537 0.938539 
v 1.65689 2.40036 1.07355 
v 1.79537 2.06243 1.10703 
v 1.71426 2.01537 0.938539 
v 1.79537 2.06243 1.10703 
v 1.93695 1.80296 1.0989 
v 1.93695 1.80296 1.0989 
v 1.85563 1.74434 0.931708 
v 1.71426 2.01537 0.938539 
v 1.85563 1.74434 0.931708 
v 1.93695 1.80296 1.0989 
v 2.05896 1.57787 1.09131 
v 2.05896 1.57787 1.09131 
v 1.98833 1.50309 0.916389 
v 1.85563 1.74434 0.931708 
v 1.98833 1.50309 0.916389 
v 2.05896 1.57787 1.09131 
v 2.22702 1.34042 1.03038 
v 2.22702 1.34042 1.03038 
v 2.1541 1.26004 0.853984 
v 1.98833 1.50309 0.916389 
v 2.1541 1.26004 0.853984 
v 2.22702 1.34042 1.03038 
v 2.40914 1.08054 0.951954 
v 2.40914 1.08054 0.951954 
v 2.32659 1.01188 0.772779 
v 2.1541 1.26004 0.853984 
v 2.32659 1.01188 0.772779 
v 2.40914 1.08054 0.951954 
v 2.47319 0.988372 0.921103 
v 2.47319 0.988372 0.921103 
v 2.43632 0.861442 0.712744 
v 2.32659 1.01188 0.772779 
v 2.43632 0.861442 0.712744 
v 2.47319 0.988372 0.921103 
v 2.72749 0.636942 0.761608 
v 2.72749 0.636942 0.761608 
v 2.60808 0.626662 0.611228 
v 2.43632 0.861442 0.712744 
v 2.72749 0.636942 0.761608 
v 2.62689 0.661952 0.928514 
v 2.54221 0.629952 0.740939 
v 2.54221 0.629952 0.740939 
v 2.60808 0.626662 0.611228 
v 2.72749 0.636942 0.761608 
v 2.44898 0.704142 0.822664 
v 2.54221 0.629952 0.740939 
v 2.62689 0.661952 0.928514 
v 2.62689 0.661952 0.928514 
v 2.52592 0.734702 1.03497 
v 2.44898 0.704142 0.822664 
v 2.0691 1.08385 1.07887 
v 2.3115 0.821707 0.940413 
v 2.38472 0.831927 1.16594 
v 2.38472 0.831927 1.16594 
v 2.10257 1.11047 1.32062 
v 2.0691 1.08385 1.07887 
v 1.82643 1.39187 1.15692 
v 2.0691 1.08385 1.07887 
v 2.10257 1.11047 1.32062 
v 2.10257 1.11047 1.32062 
v 1.82834 1.43607 1.39872 
v 1.82643 1.39187 1.15692 
v 1.62113 1.72789 1.16764 
v 1.82643 1.39187 1.15692 
v 1.82834 1.43607 1.39872 
v 1.82834 1.43607 1.39872 
v 1.60911 1.79001 1.3966 
v 1.62113 1.72789 1.16764 
v 1.49519 2.01975 1.13212 
v 1.62113 1.72789 1.16764 
v 1.60911 1.79001 1.3966 
v 1.60911 1.79001 1.3966 
v 1.5106 2.07677 1.33738 
v 1.49519 2.01975 1.13212 
v 1.41262 2.42141 1.25927 
v 1.49519 2.01975 1.13212 
v 1.5106 2.07677 1.33738 
v 2.3115 0.821707 0.940413 
v 2.44898 0.704142 0.822664 
v 2.52592 0.734702 1.03497 
v 2.52592 0.734702 1.03497 
v 2.38472 0.831927 1.16594 
v 2.3115 0.821707 0.940413 
v 2.54221 0.629952 0.740939 
v 2.44898 0.704142 0.822664 
v 2.43632 0.861442 0.712744 
v 2.43632 0.861442 0.712744 
v 2.60808 0.626662 0.611228 
v 2.54221 0.629952 0.740939 
v 2.14735 1.20752 1.50296 
v 2.41127 0.946337 1.37286 
v 2.45008 1.13675 1.19441 
v 2.45008 1.13675 1.19441 
v 2.26626 1.3842 1.26822 
v 2.14735 1.20752 1.50296 
v 2.14735 1.20752 1.50296 
v 2.26626 1.3842 1.26822 
v 2.09122 1.62602 1.32103 
v 2.09122 1.62602 1.32103 
v 1.89057 1.51404 1.56753 
v 2.14735 1.20752 1.50296 
v 1.89057 1.51404 1.56753 
v 2.09122 1.62602 1.32103 
v 1.95644 1.86603 1.32548 
v 1.95644 1.86603 1.32548 
v 1.68177 1.84842 1.56273 
v 1.89057 1.51404 1.56753 
v 1.68177 1.84842 1.56273 
v 1.95644 1.86603 1.32548 
v 1.81483 2.13547 1.31942 
v 1.81483 2.13547 1.31942 
v 1.5616 2.1389 1.51395 
v 1.68177 1.84842 1.56273 
v 1.41262 2.42141 1.25927 
v 1.5616 2.1389 1.51395 
v 1.81483 2.13547 1.31942 
v 1.81483 2.13547 1.31942 
v 1.65689 2.40036 1.07355 
v 1.41262 2.42141 1.25927 
v 1.81483 2.13547 1.31942 
v 1.79537 2.06243 1.10703 
v 1.65689 2.40036 1.07355 
v 1.95644 1.86603 1.32548 
v 1.93695 1.80296 1.0989 
v 1.79537 2.06243 1.10703 
v 1.79537 2.06243 1.10703 
v 1.81483 2.13547 1.31942 
v 1.95644 1.86603 1.32548 
v 2.09122 1.62602 1.32103 
v 2.05896 1.57787 1.09131 
v 1.93695 1.80296 1.0989 
v 1.93695 1.80296 1.0989 
v 1.95644 1.86603 1.32548 
v 2.09122 1.62602 1.32103 
v 2.26626 1.3842 1.26822 
v 2.22702 1.34042 1.03038 
v 2.05896 1.57787 1.09131 
v 2.05896 1.57787 1.09131 
v 2.09122 1.62602 1.32103 
v 2.26626 1.3842 1.26822 
v 2.45008 1.13675 1.19441 
v 2.40914 1.08054 0.951954 
v 2.22702 1.34042 1.03038 
v 2.22702 1.34042 1.03038 
v 2.26626 1.3842 1.26822 
v 2.45008 1.13675 1.19441 
v 2.56608 0.984517 1.13078 
v 2.47319 0.988372 0.921103 
v 2.40914 1.08054 0.951954 
v 2.40914 1.08054 0.951954 
v 2.45008 1.13675 1.19441 
v 2.56608 0.984517 1.13078 
v 2.74472 0.743917 1.01255 
v 2.72749 0.636942 0.761608 
v 2.47319 0.988372 0.921103 
v 2.47319 0.988372 0.921103 
v 2.56608 0.984517 1.13078 
v 2.74472 0.743917 1.01255 
v 2.52592 0.734702 1.03497 
v 2.62689 0.661952 0.928514 
v 2.66284 0.746682 1.14532 
v 2.66284 0.746682 1.14532 
v 2.56401 0.827117 1.24945 
v 2.52592 0.734702 1.03497 
v 2.10257 1.11047 1.32062 
v 2.38472 0.831927 1.16594 
v 2.41127 0.946337 1.37286 
v 2.41127 0.946337 1.37286 
v 2.14735 1.20752 1.50296 
v 2.10257 1.11047 1.32062 
v 1.82834 1.43607 1.39872 
v 2.10257 1.11047 1.32062 
v 2.14735 1.20752 1.50296 
v 2.14735 1.20752 1.50296 
v 1.89057 1.51404 1.56753 
v 1.82834 1.43607 1.39872 
v 1.60911 1.79001 1.3966 
v 1.82834 1.43607 1.39872 
v 1.89057 1.51404 1.56753 
v 1.89057 1.51404 1.56753 
v 1.68177 1.84842 1.56273 
v 1.60911 1.79001 1.3966 
v 1.5106 2.07677 1.33738 
v 1.60911 1.79001 1.3966 
v 1.68177 1.84842 1.56273 
v 1.68177 1.84842 1.56273 
v 1.5616 2.1389 1.51395 
v 1.5106 2.07677 1.33738 
v 1.41262 2.42141 1.25927 
v 1.5106 2.07677 1.33738 
v 1.5616 2.1389 1.51395 
v 2.38472 0.831927 1.16594 
v 2.52592 0.734702 1.03497 
v 2.56401 0.827117 1.24945 
v 2.56401 0.827117 1.24945 
v 2.41127 0.946337 1.37286 
v 2.38472 0.831927 1.16594 
v 2.74472 0.743917 1.01255 
v 2.66284 0.746682 1.14532 
v 2.62689 0.661952 0.928514 
v 2.62689 0.661952 0.928514 
v 2.72749 0.636942 0.761608 
v 2.74472 0.743917 1.01255 
v 2.56608 0.984517 1.13078 
v 2.45008 1.13675 1.19441 
v 2.41127 0.946337 1.37286 
v 2.41127 0.946337 1.37286 
v 2.56401 0.827117 1.24945 
v 2.56608 0.984517 1.13078 
v 2.56608 0.984517 1.13078 
v 2.56401 0.827117 1.24945 
v 2.66284 0.746682 1.14532 
v 2.66284 0.746682 1.14532 
v 2.74472 0.743917 1.01255 
v 2.56608 0.984517 1.13078 
v 1.25696 2.42301 1.35197 
v 1.32723 2.04391 1.23602 
v 1.08854 2.04391 1.35368 
v 1.08854 2.04391 1.35368 
v 0.996851 2.44001 1.45759 
v 1.25696 2.42301 1.35197 
v 1.32723 2.04391 1.23602 
v 1.46289 1.7774 1.26208 
v 1.20255 1.75591 1.41377 
v 1.20255 1.75591 1.41377 
v 1.08854 2.04391 1.35368 
v 1.32723 2.04391 1.23602 
v 1.46289 1.7774 1.26208 
v 1.59188 1.54005 1.27933 
v 1.39888 1.42512 1.45287 
v 1.39888 1.42512 1.45287 
v 1.20255 1.75591 1.41377 
v 1.46289 1.7774 1.26208 
v 1.39888 1.42512 1.45287 
v 1.59188 1.54005 1.27933 
v 1.7607 1.30157 1.26331 
v 1.7607 1.30157 1.26331 
v 1.64181 1.12291 1.44202 
v 1.39888 1.42512 1.45287 
v 1.64181 1.12291 1.44202 
v 1.7607 1.30157 1.26331 
v 1.9398 1.05806 1.23261 
v 1.9398 1.05806 1.23261 
v 1.89594 0.866722 1.37782 
v 1.64181 1.12291 1.44202 
v 2.0557 0.910537 1.20595 
v 2.04797 0.752792 1.30674 
v 1.89594 0.866722 1.37782 
v 1.89594 0.866722 1.37782 
v 1.9398 1.05806 1.23261 
v 2.0557 0.910537 1.20595 
v 1.32723 2.04391 1.23602 
v 1.25696 2.42301 1.35197 
v 1.38256 2.09056 1.41217 
v 1.32723 2.04391 1.23602 
v 1.38256 2.09056 1.41217 
v 1.51814 1.83553 1.43766 
v 1.51814 1.83553 1.43766 
v 1.46289 1.7774 1.26208 
v 1.32723 2.04391 1.23602 
v 1.46289 1.7774 1.26208 
v 1.51814 1.83553 1.43766 
v 1.63512 1.61402 1.45966 
v 1.63512 1.61402 1.45966 
v 1.59188 1.54005 1.27933 
v 1.46289 1.7774 1.26208 
v 1.59188 1.54005 1.27933 
v 1.63512 1.61402 1.45966 
v 1.80502 1.38107 1.44569 
v 1.80502 1.38107 1.44569 
v 1.7607 1.30157 1.26331 
v 1.59188 1.54005 1.27933 
v 1.7607 1.30157 1.26331 
v 1.80502 1.38107 1.44569 
v 1.99181 1.12596 1.42 
v 1.99181 1.12596 1.42 
v 1.9398 1.05806 1.23261 
v 1.7607 1.30157 1.26331 
v 1.9398 1.05806 1.23261 
v 1.99181 1.12596 1.42 
v 2.05824 1.03544 1.40816 
v 2.05824 1.03544 1.40816 
v 2.0557 0.910537 1.20595 
v 1.9398 1.05806 1.23261 
v 2.0557 0.910537 1.20595 
v 2.05824 1.03544 1.40816 
v 2.32989 0.690617 1.32844 
v 2.32989 0.690617 1.32844 
v 2.2393 0.680232 1.15784 
v 2.0557 0.910537 1.20595 
v 2.32989 0.690617 1.32844 
v 2.20328 0.712392 1.45287 
v 2.15216 0.681082 1.2572 
v 2.15216 0.681082 1.2572 
v 2.2393 0.680232 1.15784 
v 2.32989 0.690617 1.32844 
v 2.04797 0.752792 1.30674 
v 2.15216 0.681082 1.2572 
v 2.20328 0.712392 1.45287 
v 2.20328 0.712392 1.45287 
v 2.08823 0.782437 1.52316 
v 2.04797 0.752792 1.30674 
v 1.64181 1.12291 1.44202 
v 1.89594 0.866722 1.37782 
v 1.93157 0.876107 1.60551 
v 1.93157 0.876107 1.60551 
v 1.63907 1.14819 1.67456 
v 1.64181 1.12291 1.44202 
v 1.39888 1.42512 1.45287 
v 1.64181 1.12291 1.44202 
v 1.63907 1.14819 1.67456 
v 1.63907 1.14819 1.67456 
v 1.36825 1.46766 1.67756 
v 1.39888 1.42512 1.45287 
v 1.20255 1.75591 1.41377 
v 1.39888 1.42512 1.45287 
v 1.36825 1.46766 1.67756 
v 1.36825 1.46766 1.67756 
v 1.16203 1.81627 1.62312 
v 1.20255 1.75591 1.41377 
v 1.08854 2.04391 1.35368 
v 1.20255 1.75591 1.41377 
v 1.16203 1.81627 1.62312 
v 1.16203 1.81627 1.62312 
v 1.07772 2.09973 1.54791 
v 1.08854 2.04391 1.35368 
v 0.996851 2.44001 1.45759 
v 1.08854 2.04391 1.35368 
v 1.07772 2.09973 1.54791 
v 1.89594 0.866722 1.37782 
v 2.04797 0.752792 1.30674 
v 2.08823 0.782437 1.52316 
v 2.08823 0.782437 1.52316 
v 1.93157 0.876107 1.60551 
v 1.89594 0.866722 1.37782 
v 2.04797 0.752792 1.30674 
v 2.0557 0.910537 1.20595 
v 2.2393 0.680232 1.15784 
v 2.2393 0.680232 1.15784 
v 2.15216 0.681082 1.2572 
v 2.04797 0.752792 1.30674 
v 1.65624 1.24449 1.85867 
v 1.92593 0.989082 1.80687 
v 1.99303 1.18057 1.65559 
v 1.99303 1.18057 1.65559 
v 1.80672 1.42348 1.67655 
v 1.65624 1.24449 1.85867 
v 1.65624 1.24449 1.85867 
v 1.80672 1.42348 1.67655 
v 1.63273 1.66086 1.68133 
v 1.63273 1.66086 1.68133 
v 1.40515 1.5454 1.85382 
v 1.65624 1.24449 1.85867 
v 1.40515 1.5454 1.85382 
v 1.63273 1.66086 1.68133 
v 1.50486 1.89708 1.65304 
v 1.50486 1.89708 1.65304 
v 1.21004 1.87473 1.79911 
v 1.40515 1.5454 1.85382 
v 1.21004 1.87473 1.79911 
v 1.50486 1.89708 1.65304 
v 1.37222 2.16211 1.61443 
v 1.37222 2.16211 1.61443 
v 1.10433 2.16148 1.72727 
v 1.21004 1.87473 1.79911 
v 1.10433 2.16148 1.72727 
v 1.37222 2.16211 1.61443 
v 1.25696 2.42301 1.35197 
v 1.25696 2.42301 1.35197 
v 0.996851 2.44001 1.45759 
v 1.10433 2.16148 1.72727 
v 1.37222 2.16211 1.61443 
v 1.38256 2.09056 1.41217 
v 1.25696 2.42301 1.35197 
v 1.50486 1.89708 1.65304 
v 1.51814 1.83553 1.43766 
v 1.38256 2.09056 1.41217 
v 1.38256 2.09056 1.41217 
v 1.37222 2.16211 1.61443 
v 1.50486 1.89708 1.65304 
v 1.63273 1.66086 1.68133 
v 1.63512 1.61402 1.45966 
v 1.51814 1.83553 1.43766 
v 1.51814 1.83553 1.43766 
v 1.50486 1.89708 1.65304 
v 1.63273 1.66086 1.68133 
v 1.80672 1.42348 1.67655 
v 1.80502 1.38107 1.44569 
v 1.63512 1.61402 1.45966 
v 1.63512 1.61402 1.45966 
v 1.63273 1.66086 1.68133 
v 1.80672 1.42348 1.67655 
v 1.99303 1.18057 1.65559 
v 1.99181 1.12596 1.42 
v 1.80502 1.38107 1.44569 
v 1.80502 1.38107 1.44569 
v 1.80672 1.42348 1.67655 
v 1.99303 1.18057 1.65559 
v 2.11387 1.03123 1.62711 
v 2.05824 1.03544 1.40816 
v 1.99181 1.12596 1.42 
v 1.99181 1.12596 1.42 
v 1.99303 1.18057 1.65559 
v 2.11387 1.03123 1.62711 
v 2.30427 0.795132 1.56519 
v 2.32989 0.690617 1.32844 
v 2.05824 1.03544 1.40816 
v 2.05824 1.03544 1.40816 
v 2.11387 1.03123 1.62711 
v 2.30427 0.795132 1.56519 
v 2.08823 0.782437 1.52316 
v 2.20328 0.712392 1.45287 
v 2.20271 0.795537 1.66418 
v 2.20271 0.795537 1.66418 
v 2.09111 0.873432 1.73364 
v 2.08823 0.782437 1.52316 
v 1.63907 1.14819 1.67456 
v 1.93157 0.876107 1.60551 
v 1.92593 0.989082 1.80687 
v 1.92593 0.989082 1.80687 
v 1.65624 1.24449 1.85867 
v 1.63907 1.14819 1.67456 
v 1.36825 1.46766 1.67756 
v 1.63907 1.14819 1.67456 
v 1.65624 1.24449 1.85867 
v 1.65624 1.24449 1.85867 
v 1.40515 1.5454 1.85382 
v 1.36825 1.46766 1.67756 
v 1.16203 1.81627 1.62312 
v 1.36825 1.46766 1.67756 
v 1.40515 1.5454 1.85382 
v 1.40515 1.5454 1.85382 
v 1.21004 1.87473 1.79911 
v 1.16203 1.81627 1.62312 
v 1.07772 2.09973 1.54791 
v 1.16203 1.81627 1.62312 
v 1.21004 1.87473 1.79911 
v 1.21004 1.87473 1.79911 
v 1.10433 2.16148 1.72727 
v 1.07772 2.09973 1.54791 
v 0.996851 2.44001 1.45759 
v 1.07772 2.09973 1.54791 
v 1.10433 2.16148 1.72727 
v 1.93157 0.876107 1.60551 
v 2.08823 0.782437 1.52316 
v 2.09111 0.873432 1.73364 
v 2.09111 0.873432 1.73364 
v 1.92593 0.989082 1.80687 
v 1.93157 0.876107 1.60551 
v 2.30427 0.795132 1.56519 
v 2.20271 0.795537 1.66418 
v 2.20328 0.712392 1.45287 
v 2.20328 0.712392 1.45287 
v 2.32989 0.690617 1.32844 
v 2.30427 0.795132 1.56519 
v 2.11387 1.03123 1.62711 
v 1.99303 1.18057 1.65559 
v 1.92593 0.989082 1.80687 
v 1.92593 0.989082 1.80687 
v 2.09111 0.873432 1.73364 
v 2.11387 1.03123 1.62711 
v 2.11387 1.03123 1.62711 
v 2.09111 0.873432 1.73364 
v 2.20271 0.795537 1.66418 
v 2.20271 0.795537 1.66418 
v 2.30427 0.795132 1.56519 
v 2.11387 1.03123 1.62711 
v 2.52853 1.64936 -0.0963075 
v 2.54225 1.36056 -0.591581 
v 2.56663 1.26506 -0.303142 
v 2.54225 1.36056 -0.591581 
v 2.6026 1.18361 -0.813745 
v 2.66007 1.06601 -0.49845 
v 2.66007 1.06601 -0.49845 
v 2.56663 1.26506 -0.303142 
v 2.54225 1.36056 -0.591581 
v 2.6026 1.18361 -0.813745 
v 2.63812 1.0276 -1.03411 
v 2.73454 0.859362 -0.825374 
v 2.73454 0.859362 -0.825374 
v 2.66007 1.06601 -0.49845 
v 2.6026 1.18361 -0.813745 
v 2.63812 1.0276 -1.03411 
v 2.63719 0.883252 -1.31583 
v 2.74366 0.687982 -1.22266 
v 2.74366 0.687982 -1.22266 
v 2.73454 0.859362 -0.825374 
v 2.63812 1.0276 -1.03411 
v 2.74366 0.687982 -1.22266 
v 2.63719 0.883252 -1.31583 
v 2.60275 0.735037 -1.6211 
v 2.60275 0.735037 -1.6211 
v 2.67988 0.553717 -1.63107 
v 2.74366 0.687982 -1.22266 
v 2.56335 0.645917 -1.81687 
v 2.60732 0.504957 -1.86223 
v 2.67988 0.553717 -1.63107 
v 2.67988 0.553717 -1.63107 
v 2.60275 0.735037 -1.6211 
v 2.56335 0.645917 -1.81687 
v 2.54225 1.36056 -0.591581 
v 2.52853 1.64936 -0.0963075 
v 2.66147 1.41259 -0.498426 
v 2.54225 1.36056 -0.591581 
v 2.66147 1.41259 -0.498426 
v 2.72389 1.24553 -0.724052 
v 2.72389 1.24553 -0.724052 
v 2.6026 1.18361 -0.813745 
v 2.54225 1.36056 -0.591581 
v 2.6026 1.18361 -0.813745 
v 2.72389 1.24553 -0.724052 
v 2.76389 1.09866 -0.930499 
v 2.76389 1.09866 -0.930499 
v 2.63812 1.0276 -1.03411 
v 2.6026 1.18361 -0.813745 
v 2.63812 1.0276 -1.03411 
v 2.76389 1.09866 -0.930499 
v 2.77057 0.958692 -1.21607 
v 2.77057 0.958692 -1.21607 
v 2.63719 0.883252 -1.31583 
v 2.63812 1.0276 -1.03411 
v 2.63719 0.883252 -1.31583 
v 2.77057 0.958692 -1.21607 
v 2.74504 0.802132 -1.54048 
v 2.74504 0.802132 -1.54048 
v 2.60275 0.735037 -1.6211 
v 2.63719 0.883252 -1.31583 
v 2.60275 0.735037 -1.6211 
v 2.74504 0.802132 -1.54048 
v 2.72718 0.745732 -1.65786 
v 2.72718 0.745732 -1.65786 
v 2.56335 0.645917 -1.81687 
v 2.60275 0.735037 -1.6211 
v 2.56335 0.645917 -1.81687 
v 2.72718 0.745732 -1.65786 
v 2.59819 0.532297 -2.1345 
v 2.59819 0.532297 -2.1345 
v 2.47556 0.504592 -2.12659 
v 2.56335 0.645917 -1.81687 
v 2.59819 0.532297 -2.1345 
v 2.6975 0.511672 -1.96773 
v 2.55246 0.476052 -2.01454 
v 2.55246 0.476052 -2.01454 
v 2.47556 0.504592 -2.12659 
v 2.59819 0.532297 -2.1345 
v 2.60732 0.504957 -1.86223 
v 2.55246 0.476052 -2.01454 
v 2.6975 0.511672 -1.96773 
v 2.6975 0.511672 -1.96773 
v 2.76514 0.536772 -1.79646 
v 2.60732 0.504957 -1.86223 
v 2.74366 0.687982 -1.22266 
v 2.67988 0.553717 -1.63107 
v 2.83967 0.568837 -1.56487 
v 2.83967 0.568837 -1.56487 
v 2.90149 0.706982 -1.09698 
v 2.74366 0.687982 -1.22266 
v 2.73454 0.859362 -0.825374 
v 2.74366 0.687982 -1.22266 
v 2.90149 0.706982 -1.09698 
v 2.90149 0.706982 -1.09698 
v 2.87511 0.884347 -0.652591 
v 2.73454 0.859362 -0.825374 
v 2.66007 1.06601 -0.49845 
v 2.73454 0.859362 -0.825374 
v 2.87511 0.884347 -0.652591 
v 2.87511 0.884347 -0.652591 
v 2.77681 1.101 -0.301884 
v 2.66007 1.06601 -0.49845 
v 2.56663 1.26506 -0.303142 
v 2.66007 1.06601 -0.49845 
v 2.77681 1.101 -0.301884 
v 2.77681 1.101 -0.301884 
v 2.67378 1.30494 -0.136651 
v 2.56663 1.26506 -0.303142 
v 2.52853 1.64936 -0.0963075 
v 2.56663 1.26506 -0.303142 
v 2.67378 1.30494 -0.136651 
v 2.67988 0.553717 -1.63107 
v 2.60732 0.504957 -1.86223 
v 2.76514 0.536772 -1.79646 
v 2.76514 0.536772 -1.79646 
v 2.83967 0.568837 -1.56487 
v 2.67988 0.553717 -1.63107 
v 2.55246 0.476052 -2.01454 
v 2.60732 0.504957 -1.86223 
v 2.56335 0.645917 -1.81687 
v 2.56335 0.645917 -1.81687 
v 2.47556 0.504592 -2.12659 
v 2.55246 0.476052 -2.01454 
v 3.02321 0.796057 -0.975425 
v 2.987 0.663542 -1.41186 
v 2.9092 0.845357 -1.40789 
v 2.9092 0.845357 -1.40789 
v 2.92353 0.992262 -1.08273 
v 3.02321 0.796057 -0.975425 
v 3.02321 0.796057 -0.975425 
v 2.92353 0.992262 -1.08273 
v 2.90394 1.13506 -0.78568 
v 2.90394 1.13506 -0.78568 
v 2.98419 0.965507 -0.55704 
v 3.02321 0.796057 -0.975425 
v 2.98419 0.965507 -0.55704 
v 2.90394 1.13506 -0.78568 
v 2.85162 1.28979 -0.556337 
v 2.85162 1.28979 -0.556337 
v 2.88357 1.17049 -0.217888 
v 2.98419 0.965507 -0.55704 
v 2.88357 1.17049 -0.217888 
v 2.85162 1.28979 -0.556337 
v 2.77375 1.46537 -0.327048 
v 2.77375 1.46537 -0.327048 
v 2.77414 1.3685 -0.0188615 
v 2.88357 1.17049 -0.217888 
v 2.52853 1.64936 -0.0963075 
v 2.77414 1.3685 -0.0188615 
v 2.77375 1.46537 -0.327048 
v 2.77375 1.46537 -0.327048 
v 2.66147 1.41259 -0.498426 
v 2.52853 1.64936 -0.0963075 
v 2.85162 1.28979 -0.556337 
v 2.72389 1.24553 -0.724052 
v 2.66147 1.41259 -0.498426 
v 2.66147 1.41259 -0.498426 
v 2.77375 1.46537 -0.327048 
v 2.85162 1.28979 -0.556337 
v 2.90394 1.13506 -0.78568 
v 2.76389 1.09866 -0.930499 
v 2.72389 1.24553 -0.724052 
v 2.72389 1.24553 -0.724052 
v 2.85162 1.28979 -0.556337 
v 2.90394 1.13506 -0.78568 
v 2.92353 0.992262 -1.08273 
v 2.77057 0.958692 -1.21607 
v 2.76389 1.09866 -0.930499 
v 2.76389 1.09866 -0.930499 
v 2.90394 1.13506 -0.78568 
v 2.92353 0.992262 -1.08273 
v 2.9092 0.845357 -1.40789 
v 2.74504 0.802132 -1.54048 
v 2.77057 0.958692 -1.21607 
v 2.77057 0.958692 -1.21607 
v 2.92353 0.992262 -1.08273 
v 2.9092 0.845357 -1.40789 
v 2.87654 0.755167 -1.62145 
v 2.72718 0.745732 -1.65786 
v 2.74504 0.802132 -1.54048 
v 2.74504 0.802132 -1.54048 
v 2.9092 0.845357 -1.40789 
v 2.87654 0.755167 -1.62145 
v 2.78975 0.609547 -1.96444 
v 2.59819 0.532297 -2.1345 
v 2.72718 0.745732 -1.65786 
v 2.72718 0.745732 -1.65786 
v 2.87654 0.755167 -1.62145 
v 2.78975 0.609547 -1.96444 
v 2.76514 0.536772 -1.79646 
v 2.6975 0.511672 -1.96773 
v 2.86031 0.580027 -1.84112 
v 2.86031 0.580027 -1.84112 
v 2.9234 0.613987 -1.66549 
v 2.76514 0.536772 -1.79646 
v 2.90149 0.706982 -1.09698 
v 2.83967 0.568837 -1.56487 
v 2.987 0.663542 -1.41186 
v 2.987 0.663542 -1.41186 
v 3.02321 0.796057 -0.975425 
v 2.90149 0.706982 -1.09698 
v 2.87511 0.884347 -0.652591 
v 2.90149 0.706982 -1.09698 
v 3.02321 0.796057 -0.975425 
v 3.02321 0.796057 -0.975425 
v 2.98419 0.965507 -0.55704 
v 2.87511 0.884347 -0.652591 
v 2.77681 1.101 -0.301884 
v 2.87511 0.884347 -0.652591 
v 2.98419 0.965507 -0.55704 
v 2.98419 0.965507 -0.55704 
v 2.88357 1.17049 -0.217888 
v 2.77681 1.101 -0.301884 
v 2.67378 1.30494 -0.136651 
v 2.77681 1.101 -0.301884 
v 2.88357 1.17049 -0.217888 
v 2.88357 1.17049 -0.217888 
v 2.77414 1.3685 -0.0188615 
v 2.67378 1.30494 -0.136651 
v 2.52853 1.64936 -0.0963075 
v 2.67378 1.30494 -0.136651 
v 2.77414 1.3685 -0.0188615 
v 2.83967 0.568837 -1.56487 
v 2.76514 0.536772 -1.79646 
v 2.9234 0.613987 -1.66549 
v 2.9234 0.613987 -1.66549 
v 2.987 0.663542 -1.41186 
v 2.83967 0.568837 -1.56487 
v 2.78975 0.609547 -1.96444 
v 2.86031 0.580027 -1.84112 
v 2.6975 0.511672 -1.96773 
v 2.6975 0.511672 -1.96773 
v 2.59819 0.532297 -2.1345 
v 2.78975 0.609547 -1.96444 
v 2.87654 0.755167 -1.62145 
v 2.9092 0.845357 -1.40789 
v 2.987 0.663542 -1.41186 
v 2.987 0.663542 -1.41186 
v 2.9234 0.613987 -1.66549 
v 2.87654 0.755167 -1.62145 
v 2.87654 0.755167 -1.62145 
v 2.9234 0.613987 -1.66549 
v 2.86031 0.580027 -1.84112 
v 2.86031 0.580027 -1.84112 
v 2.78975 0.609547 -1.96444 
v 2.87654 0.755167 -1.62145 
v 3.22284 -0.135203 -0.819116 
v 3.2584 -0.296908 -1.09719 
v 3.29243 -0.327873 -0.958232 
v 3.29243 -0.327873 -0.958232 
v 3.27997 -0.240853 -0.433904 
v 3.22284 -0.135203 -0.819116 
v 2.24811 1.40333 0.750893 
v 2.7987 0.669982 0.194028 
v 2.5317 0.662182 0.869738 
v 2.5317 0.662182 0.869738 
v 2.04199 1.3016 1.11333 
v 2.24811 1.40333 0.750893 
v 2.7987 0.669982 0.194028 
v 3.06673 0.223142 -0.240465 
v 2.88965 0.190337 0.581738 
v 2.88965 0.190337 0.581738 
v 2.5317 0.662182 0.869738 
v 2.7987 0.669982 0.194028 
v 3.06673 0.223142 -0.240465 
v 3.18086 -0.0122225 -0.614062 
v 3.17354 -0.113448 0.0542235 
v 3.17354 -0.113448 0.0542235 
v 2.88965 0.190337 0.581738 
v 3.06673 0.223142 -0.240465 
v 3.18086 -0.0122225 -0.614062 
v 3.22284 -0.135203 -0.819116 
v 3.27997 -0.240853 -0.433904 
v 3.27997 -0.240853 -0.433904 
v 3.17354 -0.113448 0.0542235 
v 3.18086 -0.0122225 -0.614062 
v 3.43542 -0.0453676 -0.558308 
v 3.4659 -0.151988 -0.151479 
v 3.51421 -0.237728 -0.698734 
v 3.51421 -0.237728 -0.698734 
v 3.48918 -0.206403 -0.846393 
v 3.43542 -0.0453676 -0.558308 
v 2.61276 0.747002 1.16636 
v 2.93765 0.756747 0.474273 
v 2.42616 1.38428 0.966473 
v 2.42616 1.38428 0.966473 
v 2.18979 1.28361 1.35496 
v 2.61276 0.747002 1.16636 
v 2.93765 0.756747 0.474273 
v 2.61276 0.747002 1.16636 
v 2.99672 0.276467 0.885883 
v 2.99672 0.276467 0.885883 
v 3.23879 0.311412 0.0364585 
v 2.93765 0.756747 0.474273 
v 3.23879 0.311412 0.0364585 
v 2.99672 0.276467 0.885883 
v 3.32331 -0.0257976 0.351903 
v 3.32331 -0.0257976 0.351903 
v 3.3795 0.0770824 -0.346795 
v 3.23879 0.311412 0.0364585 
v 3.3795 0.0770824 -0.346795 
v 3.32331 -0.0257976 0.351903 
v 3.4659 -0.151988 -0.151479 
v 3.4659 -0.151988 -0.151479 
v 3.43542 -0.0453676 -0.558308 
v 3.3795 0.0770824 -0.346795 
v 3.27997 -0.240853 -0.433904 
v 3.29243 -0.327873 -0.958232 
v 3.51421 -0.237728 -0.698734 
v 3.51421 -0.237728 -0.698734 
v 3.4659 -0.151988 -0.151479 
v 3.27997 -0.240853 -0.433904 
v 3.29243 -0.327873 -0.958232 
v 3.2584 -0.296908 -1.09719 
v 3.48918 -0.206403 -0.846393 
v 3.48918 -0.206403 -0.846393 
v 3.51421 -0.237728 -0.698734 
v 3.29243 -0.327873 -0.958232 
v 3.48918 -0.206403 -0.846393 
v 3.2584 -0.296908 -1.09719 
v 3.22284 -0.135203 -0.819116 
v 3.22284 -0.135203 -0.819116 
v 3.43542 -0.0453676 -0.558308 
v 3.48918 -0.206403 -0.846393 
v 2.04199 1.3016 1.11333 
v 2.5317 0.662182 0.869738 
v 2.61276 0.747002 1.16636 
v 2.61276 0.747002 1.16636 
v 2.18979 1.28361 1.35496 
v 2.04199 1.3016 1.11333 
v 2.93765 0.756747 0.474273 
v 2.7987 0.669982 0.194028 
v 2.24811 1.40333 0.750893 
v 2.24811 1.40333 0.750893 
v 2.42616 1.38428 0.966473 
v 2.93765 0.756747 0.474273 
v 2.42616 1.38428 0.966473 
v 2.24811 1.40333 0.750893 
v 2.04199 1.3016 1.11333 
v 2.04199 1.3016 1.11333 
v 2.18979 1.28361 1.35496 
v 2.42616 1.38428 0.966473 
v 2.5317 0.662182 0.869738 
v 2.88965 0.190337 0.581738 
v 2.99672 0.276467 0.885883 
v 2.99672 0.276467 0.885883 
v 2.61276 0.747002 1.16636 
v 2.5317 0.662182 0.869738 
v 3.23879 0.311412 0.0364585 
v 3.06673 0.223142 -0.240465 
v 2.7987 0.669982 0.194028 
v 2.7987 0.669982 0.194028 
v 2.93765 0.756747 0.474273 
v 3.23879 0.311412 0.0364585 
v 2.88965 0.190337 0.581738 
v 3.17354 -0.113448 0.0542235 
v 3.32331 -0.0257976 0.351903 
v 3.32331 -0.0257976 0.351903 
v 2.99672 0.276467 0.885883 
v 2.88965 0.190337 0.581738 
v 3.3795 0.0770824 -0.346795 
v 3.18086 -0.0122225 -0.614062 
v 3.06673 0.223142 -0.240465 
v 3.06673 0.223142 -0.240465 
v 3.23879 0.311412 0.0364585 
v 3.3795 0.0770824 -0.346795 
v 3.17354 -0.113448 0.0542235 
v 3.27997 -0.240853 -0.433904 
v 3.4659 -0.151988 -0.151479 
v 3.4659 -0.151988 -0.151479 
v 3.32331 -0.0257976 0.351903 
v 3.17354 -0.113448 0.0542235 
v 3.43542 -0.0453676 -0.558308 
v 3.22284 -0.135203 -0.819116 
v 3.18086 -0.0122225 -0.614062 
v 3.18086 -0.0122225 -0.614062 
v 3.3795 0.0770824 -0.346795 
v 3.43542 -0.0453676 -0.558308 
v 2.9539 0.104182 -1.68817 
v 2.88498 -0.0440476 -2.014 
v 2.95594 -0.0841327 -1.90019 
v 2.95594 -0.0841327 -1.90019 
v 3.11275 -0.0285826 -1.36441 
v 2.9539 0.104182 -1.68817 
v 2.06399 2.02818 0.611653 
v 2.83801 0.842422 -0.373102 
v 2.72896 0.765342 0.353173 
v 2.83801 0.842422 -0.373102 
v 2.98859 0.428217 -0.981012 
v 3.0314 0.327622 -0.135835 
v 3.0314 0.327622 -0.135835 
v 2.72896 0.765342 0.353173 
v 2.83801 0.842422 -0.373102 
v 2.98859 0.428217 -0.981012 
v 2.98374 0.216067 -1.44198 
v 3.16118 0.0662824 -0.819504 
v 3.16118 0.0662824 -0.819504 
v 3.0314 0.327622 -0.135835 
v 2.98859 0.428217 -0.981012 
v 2.98374 0.216067 -1.44198 
v 2.9539 0.104182 -1.68817 
v 3.11275 -0.0285826 -1.36441 
v 3.11275 -0.0285826 -1.36441 
v 3.16118 0.0662824 -0.819504 
v 2.98374 0.216067 -1.44198 
v 3.21975 0.196887 -1.48589 
v 3.35958 0.0627425 -1.13641 
v 3.23376 0.00904238 -1.70691 
v 3.23376 0.00904238 -1.70691 
v 3.16891 0.0496974 -1.83077 
v 3.21975 0.196887 -1.48589 
v 2.50715 1.42471 0.817143 
v 2.85477 0.851257 0.635743 
v 3.01959 0.930617 -0.118991 
v 3.01959 0.930617 -0.118991 
v 2.85477 0.851257 0.635743 
v 3.19529 0.415342 0.142923 
v 3.19529 0.415342 0.142923 
v 3.21136 0.518597 -0.744741 
v 3.01959 0.930617 -0.118991 
v 3.21136 0.518597 -0.744741 
v 3.19529 0.415342 0.142923 
v 3.37326 0.155987 -0.563578 
v 3.37326 0.155987 -0.563578 
v 3.23518 0.307977 -1.22675 
v 3.21136 0.518597 -0.744741 
v 3.23518 0.307977 -1.22675 
v 3.37326 0.155987 -0.563578 
v 3.35958 0.0627425 -1.13641 
v 3.35958 0.0627425 -1.13641 
v 3.21975 0.196887 -1.48589 
v 3.23518 0.307977 -1.22675 
v 3.11275 -0.0285826 -1.36441 
v 2.95594 -0.0841327 -1.90019 
v 3.23376 0.00904238 -1.70691 
v 3.23376 0.00904238 -1.70691 
v 3.35958 0.0627425 -1.13641 
v 3.11275 -0.0285826 -1.36441 
v 2.95594 -0.0841327 -1.90019 
v 2.88498 -0.0440476 -2.014 
v 3.16891 0.0496974 -1.83077 
v 3.16891 0.0496974 -1.83077 
v 3.23376 0.00904238 -1.70691 
v 2.95594 -0.0841327 -1.90019 
v 3.16891 0.0496974 -1.83077 
v 2.88498 -0.0440476 -2.014 
v 2.9539 0.104182 -1.68817 
v 2.9539 0.104182 -1.68817 
v 3.21975 0.196887 -1.48589 
v 3.16891 0.0496974 -1.83077 
v 2.50715 1.42471 0.817143 
v 2.06399 2.02818 0.611653 
v 2.72896 0.765342 0.353173 
v 2.72896 0.765342 0.353173 
v 2.85477 0.851257 0.635743 
v 2.50715 1.42471 0.817143 
v 2.83801 0.842422 -0.373102 
v 2.06399 2.02818 0.611653 
v 2.50715 1.42471 0.817143 
v 2.50715 1.42471 0.817143 
v 3.01959 0.930617 -0.118991 
v 2.83801 0.842422 -0.373102 
v 2.72896 0.765342 0.353173 
v 3.0314 0.327622 -0.135835 
v 3.19529 0.415342 0.142923 
v 3.19529 0.415342 0.142923 
v 2.85477 0.851257 0.635743 
v 2.72896 0.765342 0.353173 
v 3.21136 0.518597 -0.744741 
v 2.98859 0.428217 -0.981012 
v 2.83801 0.842422 -0.373102 
v 2.83801 0.842422 -0.373102 
v 3.01959 0.930617 -0.118991 
v 3.21136 0.518597 -0.744741 
v 3.0314 0.327622 -0.135835 
v 3.16118 0.0662824 -0.819504 
v 3.37326 0.155987 -0.563578 
v 3.37326 0.155987 -0.563578 
v 3.19529 0.415342 0.142923 
v 3.0314 0.327622 -0.135835 
v 3.23518 0.307977 -1.22675 
v 2.98374 0.216067 -1.44198 
v 2.98859 0.428217 -0.981012 
v 2.98859 0.428217 -0.981012 
v 3.21136 0.518597 -0.744741 
v 3.23518 0.307977 -1.22675 
v 3.16118 0.0662824 -0.819504 
v 3.11275 -0.0285826 -1.36441 
v 3.35958 0.0627425 -1.13641 
v 3.35958 0.0627425 -1.13641 
v 3.37326 0.155987 -0.563578 
v 3.16118 0.0662824 -0.819504 
v 3.21975 0.196887 -1.48589 
v 2.9539 0.104182 -1.68817 
v 2.98374 0.216067 -1.44198 
v 2.98374 0.216067 -1.44198 
v 3.23518 0.307977 -1.22675 
v 3.21975 0.196887 -1.48589 
v 3.08116 -0.0389626 0.455248 
v 3.21354 -0.207013 0.282529 
v 3.1868 -0.233343 0.410758 
v 3.1868 -0.233343 0.410758 
v 2.98174 -0.130588 0.797094 
v 3.08116 -0.0389626 0.455248 
v 1.81568 1.56685 1.182 
v 2.40984 0.799152 0.979133 
v 1.98298 0.829902 1.4257 
v 1.98298 0.829902 1.4257 
v 1.53859 1.49558 1.41723 
v 1.81568 1.56685 1.182 
v 2.40984 0.799152 0.979133 
v 2.75614 0.336112 0.790789 
v 2.33779 0.339757 1.37512 
v 2.33779 0.339757 1.37512 
v 1.98298 0.829902 1.4257 
v 2.40984 0.799152 0.979133 
v 2.75614 0.336112 0.790789 
v 2.97421 0.0893325 0.577914 
v 2.7271 0.0135175 1.11298 
v 2.7271 0.0135175 1.11298 
v 2.33779 0.339757 1.37512 
v 2.75614 0.336112 0.790789 
v 2.97421 0.0893325 0.577914 
v 3.08116 -0.0389626 0.455248 
v 2.98174 -0.130588 0.797094 
v 2.98174 -0.130588 0.797094 
v 2.7271 0.0135175 1.11298 
v 2.97421 0.0893325 0.577914 
v 3.19707 0.0477175 0.768358 
v 3.06841 -0.0447326 1.11886 
v 3.30644 -0.146398 0.728634 
v 3.30644 -0.146398 0.728634 
v 3.34364 -0.119763 0.596524 
v 3.19707 0.0477175 0.768358 
v 2.00399 0.912437 1.71911 
v 2.4782 0.883272 1.2756 
v 1.9442 1.54043 1.44153 
v 1.9442 1.54043 1.44153 
v 1.63607 1.47004 1.69069 
v 2.00399 0.912437 1.71911 
v 2.4782 0.883272 1.2756 
v 2.00399 0.912437 1.71911 
v 2.36772 0.423347 1.6846 
v 2.36772 0.423347 1.6846 
v 2.8428 0.421497 1.09888 
v 2.4782 0.883272 1.2756 
v 2.8428 0.421497 1.09888 
v 2.36772 0.423347 1.6846 
v 2.78458 0.0983474 1.43307 
v 2.78458 0.0983474 1.43307 
v 3.07972 0.175572 0.889763 
v 2.8428 0.421497 1.09888 
v 3.07972 0.175572 0.889763 
v 2.78458 0.0983474 1.43307 
v 3.06841 -0.0447326 1.11886 
v 3.06841 -0.0447326 1.11886 
v 3.19707 0.0477175 0.768358 
v 3.07972 0.175572 0.889763 
v 2.98174 -0.130588 0.797094 
v 3.1868 -0.233343 0.410758 
v 3.30644 -0.146398 0.728634 
v 3.30644 -0.146398 0.728634 
v 3.06841 -0.0447326 1.11886 
v 2.98174 -0.130588 0.797094 
v 3.1868 -0.233343 0.410758 
v 3.21354 -0.207013 0.282529 
v 3.34364 -0.119763 0.596524 
v 3.34364 -0.119763 0.596524 
v 3.30644 -0.146398 0.728634 
v 3.1868 -0.233343 0.410758 
v 3.34364 -0.119763 0.596524 
v 3.21354 -0.207013 0.282529 
v 3.08116 -0.0389626 0.455248 
v 3.08116 -0.0389626 0.455248 
v 3.19707 0.0477175 0.768358 
v 3.34364 -0.119763 0.596524 
v 1.63607 1.47004 1.69069 
v 1.53859 1.49558 1.41723 
v 1.98298 0.829902 1.4257 
v 1.98298 0.829902 1.4257 
v 2.00399 0.912437 1.71911 
v 1.63607 1.47004 1.69069 
v 2.4782 0.883272 1.2756 
v 2.40984 0.799152 0.979133 
v 1.81568 1.56685 1.182 
v 1.81568 1.56685 1.182 
v 1.9442 1.54043 1.44153 
v 2.4782 0.883272 1.2756 
v 1.9442 1.54043 1.44153 
v 1.81568 1.56685 1.182 
v 1.53859 1.49558 1.41723 
v 1.53859 1.49558 1.41723 
v 1.63607 1.47004 1.69069 
v 1.9442 1.54043 1.44153 
v 1.98298 0.829902 1.4257 
v 2.33779 0.339757 1.37512 
v 2.36772 0.423347 1.6846 
v 2.36772 0.423347 1.6846 
v 2.00399 0.912437 1.71911 
v 1.98298 0.829902 1.4257 
v 2.8428 0.421497 1.09888 
v 2.75614 0.336112 0.790789 
v 2.40984 0.799152 0.979133 
v 2.40984 0.799152 0.979133 
v 2.4782 0.883272 1.2756 
v 2.8428 0.421497 1.09888 
v 2.33779 0.339757 1.37512 
v 2.7271 0.0135175 1.11298 
v 2.78458 0.0983474 1.43307 
v 2.78458 0.0983474 1.43307 
v 2.36772 0.423347 1.6846 
v 2.33779 0.339757 1.37512 
v 3.07972 0.175572 0.889763 
v 2.97421 0.0893325 0.577914 
v 2.75614 0.336112 0.790789 
v 2.75614 0.336112 0.790789 
v 2.8428 0.421497 1.09888 
v 3.07972 0.175572 0.889763 
v 2.7271 0.0135175 1.11298 
v 2.98174 -0.130588 0.797094 
v 3.06841 -0.0447326 1.11886 
v 3.06841 -0.0447326 1.11886 
v 2.78458 0.0983474 1.43307 
v 2.7271 0.0135175 1.11298 
v 3.19707 0.0477175 0.768358 
v 3.08116 -0.0389626 0.455248 
v 2.97421 0.0893325 0.577914 
v 2.97421 0.0893325 0.577914 
v 3.07972 0.175572 0.889763 
v 3.19707 0.0477175 0.768358 
v 2.66869 -0.0760276 1.2426 
v 2.82657 -0.248698 1.13485 
v 2.76949 -0.271652 1.24493 
v 2.76949 -0.271652 1.24493 
v 2.49207 -0.157633 1.53001 
v 2.66869 -0.0760276 1.2426 
v 1.4009 1.56547 1.51884 
v 1.96322 0.781857 1.49798 
v 1.47524 0.838212 1.80114 
v 1.47524 0.838212 1.80114 
v 1.09266 1.51514 1.67558 
v 1.4009 1.56547 1.51884 
v 1.96322 0.781857 1.49798 
v 2.30542 0.310082 1.43713 
v 1.79074 0.338552 1.85937 
v 1.79074 0.338552 1.85937 
v 1.47524 0.838212 1.80114 
v 1.96322 0.781857 1.49798 
v 2.30542 0.310082 1.43713 
v 2.54586 0.0559274 1.31628 
v 2.19136 -0.00205255 1.73829 
v 2.19136 -0.00205255 1.73829 
v 1.79074 0.338552 1.85937 
v 2.30542 0.310082 1.43713 
v 2.54586 0.0559274 1.31628 
v 2.66869 -0.0760276 1.2426 
v 2.49207 -0.157633 1.53001 
v 2.49207 -0.157633 1.53001 
v 2.19136 -0.00205255 1.73829 
v 2.54586 0.0559274 1.31628 
v 2.71733 0.00819743 1.56043 
v 2.51251 -0.0741525 1.84961 
v 2.81859 -0.187248 1.56818 
v 2.81859 -0.187248 1.56818 
v 2.88591 -0.164022 1.45682 
v 2.71733 0.00819743 1.56043 
v 1.45148 0.919117 2.08277 
v 1.98034 0.864112 1.79067 
v 1.48218 1.53554 1.79514 
v 1.48218 1.53554 1.79514 
v 1.14306 1.48589 1.95881 
v 1.45148 0.919117 2.08277 
v 1.98034 0.864112 1.79067 
v 1.45148 0.919117 2.08277 
v 1.76823 0.420212 2.15672 
v 1.76823 0.420212 2.15672 
v 2.33268 0.393292 1.74404 
v 1.98034 0.864112 1.79067 
v 2.33268 0.393292 1.74404 
v 1.76823 0.420212 2.15672 
v 2.18804 0.0805725 2.05037 
v 2.18804 0.0805725 2.05037 
v 2.58679 0.139807 1.63061 
v 2.33268 0.393292 1.74404 
v 2.58679 0.139807 1.63061 
v 2.18804 0.0805725 2.05037 
v 2.51251 -0.0741525 1.84961 
v 2.51251 -0.0741525 1.84961 
v 2.71733 0.00819743 1.56043 
v 2.58679 0.139807 1.63061 
v 2.49207 -0.157633 1.53001 
v 2.76949 -0.271652 1.24493 
v 2.81859 -0.187248 1.56818 
v 2.81859 -0.187248 1.56818 
v 2.51251 -0.0741525 1.84961 
v 2.49207 -0.157633 1.53001 
v 2.76949 -0.271652 1.24493 
v 2.82657 -0.248698 1.13485 
v 2.88591 -0.164022 1.45682 
v 2.88591 -0.164022 1.45682 
v 2.81859 -0.187248 1.56818 
v 2.76949 -0.271652 1.24493 
v 2.88591 -0.164022 1.45682 
v 2.82657 -0.248698 1.13485 
v 2.66869 -0.0760276 1.2426 
v 2.66869 -0.0760276 1.2426 
v 2.71733 0.00819743 1.56043 
v 2.88591 -0.164022 1.45682 
v 1.14306 1.48589 1.95881 
v 1.09266 1.51514 1.67558 
v 1.47524 0.838212 1.80114 
v 1.47524 0.838212 1.80114 
v 1.45148 0.919117 2.08277 
v 1.14306 1.48589 1.95881 
v 1.96322 0.781857 1.49798 
v 1.4009 1.56547 1.51884 
v 1.48218 1.53554 1.79514 
v 1.48218 1.53554 1.79514 
v 1.98034 0.864112 1.79067 
v 1.96322 0.781857 1.49798 
v 1.48218 1.53554 1.79514 
v 1.4009 1.56547 1.51884 
v 1.09266 1.51514 1.67558 
v 1.09266 1.51514 1.67558 
v 1.14306 1.48589 1.95881 
v 1.48218 1.53554 1.79514 
v 1.47524 0.838212 1.80114 
v 1.79074 0.338552 1.85937 
v 1.76823 0.420212 2.15672 
v 1.76823 0.420212 2.15672 
v 1.45148 0.919117 2.08277 
v 1.47524 0.838212 1.80114 
v 2.33268 0.393292 1.74404 
v 2.30542 0.310082 1.43713 
v 1.96322 0.781857 1.49798 
v 1.96322 0.781857 1.49798 
v 1.98034 0.864112 1.79067 
v 2.33268 0.393292 1.74404 
v 1.79074 0.338552 1.85937 
v 2.19136 -0.00205255 1.73829 
v 2.18804 0.0805725 2.05037 
v 2.18804 0.0805725 2.05037 
v 1.76823 0.420212 2.15672 
v 1.79074 0.338552 1.85937 
v 2.58679 0.139807 1.63061 
v 2.54586 0.0559274 1.31628 
v 2.30542 0.310082 1.43713 
v 2.30542 0.310082 1.43713 
v 2.33268 0.393292 1.74404 
v 2.58679 0.139807 1.63061 
v 2.19136 -0.00205255 1.73829 
v 2.49207 -0.157633 1.53001 
v 2.51251 -0.0741525 1.84961 
v 2.51251 -0.0741525 1.84961 
v 2.18804 0.0805725 2.05037 
v 2.19136 -0.00205255 1.73829 
v 2.71733 0.00819743 1.56043 
v 2.66869 -0.0760276 1.2426 
v 2.54586 0.0559274 1.31628 
v 2.54586 0.0559274 1.31628 
v 2.58679 0.139807 1.63061 
v 2.71733 0.00819743 1.56043 
v 2.0007 0.104492 1.81773 
v 2.16942 -0.0642776 1.77506 
v 2.0948 -0.0898075 1.85056 
v 2.0948 -0.0898075 1.85056 
v 1.78544 0.0157975 2.00689 
v 2.0007 0.104492 1.81773 
v 0.785806 1.71724 1.66132 
v 1.30249 0.946632 1.81629 
v 0.819696 0.989862 1.92183 
v 0.819696 0.989862 1.92183 
v 0.493511 1.65908 1.6952 
v 0.785806 1.71724 1.66132 
v 1.30249 0.946632 1.81629 
v 1.6279 0.482002 1.87042 
v 1.0952 0.495722 2.07049 
v 1.0952 0.495722 2.07049 
v 0.819696 0.989862 1.92183 
v 1.30249 0.946632 1.81629 
v 1.6279 0.482002 1.87042 
v 1.87239 0.233487 1.84227 
v 1.47554 0.163657 2.0914 
v 1.47554 0.163657 2.0914 
v 1.0952 0.495722 2.07049 
v 1.6279 0.482002 1.87042 
v 1.87239 0.233487 1.84227 
v 2.0007 0.104492 1.81773 
v 1.78544 0.0157975 2.00689 
v 1.78544 0.0157975 2.00689 
v 1.47554 0.163657 2.0914 
v 1.87239 0.233487 1.84227 
v 1.98639 0.186637 2.12336 
v 1.74799 0.0972874 2.30809 
v 2.07894 -0.00752258 2.16157 
v 2.07894 -0.00752258 2.16157 
v 2.16215 0.0182525 2.08723 
v 1.98639 0.186637 2.12336 
v 0.760806 1.06922 2.17923 
v 1.27232 1.0271 2.09102 
v 0.822311 1.68756 1.94085 
v 0.822311 1.68756 1.94085 
v 0.504381 1.63001 1.9754 
v 0.760806 1.06922 2.17923 
v 1.27232 1.0271 2.09102 
v 0.760806 1.06922 2.17923 
v 1.03133 0.575687 2.34269 
v 1.03133 0.575687 2.34269 
v 1.60053 0.563287 2.16082 
v 1.27232 1.0271 2.09102 
v 1.60053 0.563287 2.16082 
v 1.03133 0.575687 2.34269 
v 1.42172 0.244417 2.38077 
v 1.42172 0.244417 2.38077 
v 1.8532 0.315342 2.14278 
v 1.60053 0.563287 2.16082 
v 1.8532 0.315342 2.14278 
v 1.42172 0.244417 2.38077 
v 1.74799 0.0972874 2.30809 
v 1.74799 0.0972874 2.30809 
v 1.98639 0.186637 2.12336 
v 1.8532 0.315342 2.14278 
v 1.78544 0.0157975 2.00689 
v 2.0948 -0.0898075 1.85056 
v 2.07894 -0.00752258 2.16157 
v 2.07894 -0.00752258 2.16157 
v 1.74799 0.0972874 2.30809 
v 1.78544 0.0157975 2.00689 
v 2.0948 -0.0898075 1.85056 
v 2.16942 -0.0642776 1.77506 
v 2.16215 0.0182525 2.08723 
v 2.16215 0.0182525 2.08723 
v 2.07894 -0.00752258 2.16157 
v 2.0948 -0.0898075 1.85056 
v 2.16215 0.0182525 2.08723 
v 2.16942 -0.0642776 1.77506 
v 2.0007 0.104492 1.81773 
v 2.0007 0.104492 1.81773 
v 1.98639 0.186637 2.12336 
v 2.16215 0.0182525 2.08723 
v 0.504381 1.63001 1.9754 
v 0.493511 1.65908 1.6952 
v 0.819696 0.989862 1.92183 
v 0.819696 0.989862 1.92183 
v 0.760806 1.06922 2.17923 
v 0.504381 1.63001 1.9754 
v 1.30249 0.946632 1.81629 
v 0.785806 1.71724 1.66132 
v 0.822311 1.68756 1.94085 
v 0.822311 1.68756 1.94085 
v 1.27232 1.0271 2.09102 
v 1.30249 0.946632 1.81629 
v 0.822311 1.68756 1.94085 
v 0.785806 1.71724 1.66132 
v 0.493511 1.65908 1.6952 
v 0.493511 1.65908 1.6952 
v 0.504381 1.63001 1.9754 
v 0.822311 1.68756 1.94085 
v 0.819696 0.989862 1.92183 
v 1.0952 0.495722 2.07049 
v 1.03133 0.575687 2.34269 
v 1.03133 0.575687 2.34269 
v 0.760806 1.06922 2.17923 
v 0.819696 0.989862 1.92183 
v 1.60053 0.563287 2.16082 
v 1.6279 0.482002 1.87042 
v 1.30249 0.946632 1.81629 
v 1.30249 0.946632 1.81629 
v 1.27232 1.0271 2.09102 
v 1.60053 0.563287 2.16082 
v 1.0952 0.495722 2.07049 
v 1.47554 0.163657 2.0914 
v 1.42172 0.244417 2.38077 
v 1.42172 0.244417 2.38077 
v 1.03133 0.575687 2.34269 
v 1.0952 0.495722 2.07049 
v 1.8532 0.315342 2.14278 
v 1.87239 0.233487 1.84227 
v 1.6279 0.482002 1.87042 
v 1.6279 0.482002 1.87042 
v 1.60053 0.563287 2.16082 
v 1.8532 0.315342 2.14278 
v 1.47554 0.163657 2.0914 
v 1.78544 0.0157975 2.00689 
v 1.74799 0.0972874 2.30809 
v 1.74799 0.0972874 2.30809 
v 1.42172 0.244417 2.38077 
v 1.47554 0.163657 2.0914 
v 1.98639 0.186637 2.12336 
v 2.0007 0.104492 1.81773 
v 1.87239 0.233487 1.84227 
v 1.87239 0.233487 1.84227 
v 1.8532 0.315342 2.14278 
v 1.98639 0.186637 2.12336 

vn 0.708661 -0.614173 0.338583 
vn 0.944882 -0.338583 0.015748 
vn 0.944882 -0.322835 -0.0944882 
vn 0.944882 -0.322835 -0.0944882 
vn 0.653543 -0.661417 0.362205 
vn 0.708661 -0.614173 0.338583 
vn 0.598425 -0.716535 0.362205 
vn 0.92126 -0.346457 0.165354 
vn 0.944882 -0.338583 0.015748 
vn 0.944882 -0.338583 0.015748 
vn 0.708661 -0.614173 0.338583 
vn 0.598425 -0.716535 0.362205 
vn 0.480315 -0.787402 0.377953 
vn 0.874016 -0.354331 0.322835 
vn 0.92126 -0.346457 0.165354 
vn 0.92126 -0.346457 0.165354 
vn 0.598425 -0.716535 0.362205 
vn 0.480315 -0.787402 0.377953 
vn 0.346457 -0.850394 0.401575 
vn 0.795276 -0.354331 0.496063 
vn 0.874016 -0.354331 0.322835 
vn 0.874016 -0.354331 0.322835 
vn 0.480315 -0.787402 0.377953 
vn 0.346457 -0.850394 0.401575 
vn 0.23622 -0.897638 0.385827 
vn 0.700787 -0.362205 0.614173 
vn 0.795276 -0.354331 0.496063 
vn 0.795276 -0.354331 0.496063 
vn 0.346457 -0.850394 0.401575 
vn 0.23622 -0.897638 0.385827 
vn 0.700787 -0.362205 0.614173 
vn 0.551181 -0.409449 0.724409 
vn 0.590551 0.787402 0.15748 
vn 0.590551 0.787402 0.15748 
vn 0.834646 0.464567 0.307087 
vn 0.700787 -0.362205 0.614173 
vn 0.653543 -0.661417 0.362205 
vn 0.944882 -0.322835 -0.0944882 
vn 0.913386 -0.314961 -0.244094 
vn 0.913386 -0.314961 -0.244094 
vn 0.456693 -0.889764 -0.0551181 
vn 0.653543 -0.661417 0.362205 
vn -0.653543 -0.102362 -0.755906 
vn -0.755906 -0.0629921 -0.653543 
vn -0.732283 0.212598 -0.645669 
vn -0.732283 0.212598 -0.645669 
vn -0.748031 0.322835 -0.582677 
vn -0.653543 -0.102362 -0.755906 
vn -0.464567 -0.322835 -0.826772 
vn -0.716535 -0.23622 -0.661417 
vn -0.11811 -0.889764 -0.440945 
vn -0.11811 -0.889764 -0.440945 
vn -0.15748 -0.929134 -0.346457 
vn -0.464567 -0.322835 -0.826772 
vn 0 -0.393701 -0.92126 
vn -0.464567 -0.322835 -0.826772 
vn -0.15748 -0.929134 -0.346457 
vn -0.15748 -0.929134 -0.346457 
vn -0.173228 -0.88189 -0.440945 
vn 0 -0.393701 -0.92126 
vn 0.314961 -0.385827 -0.866142 
vn -0.173228 -0.755906 -0.629921 
vn 0.299213 -0.614173 -0.732283 
vn 0.299213 -0.614173 -0.732283 
vn 0.574803 -0.346457 -0.740157 
vn 0.314961 -0.385827 -0.866142 
vn 0.314961 -0.385827 -0.866142 
vn 0 -0.393701 -0.92126 
vn -0.173228 -0.88189 -0.440945 
vn -0.173228 -0.88189 -0.440945 
vn -0.173228 -0.755906 -0.629921 
vn 0.314961 -0.385827 -0.866142 
vn -0.748031 0.322835 -0.582677 
vn -0.889764 0.338583 -0.307087 
vn -0.929134 0 -0.370079 
vn -0.929134 0 -0.370079 
vn -0.653543 -0.102362 -0.755906 
vn -0.748031 0.322835 -0.582677 
vn -0.937008 0 -0.354331 
vn -0.858268 0.338583 -0.393701 
vn -0.787402 0.267717 -0.559055 
vn -0.787402 0.267717 -0.559055 
vn -0.818898 -0.00787402 -0.574803 
vn -0.937008 0 -0.354331 
vn -0.858268 0.338583 -0.393701 
vn -0.937008 0 -0.354331 
vn -0.929134 0 -0.370079 
vn -0.929134 0 -0.370079 
vn -0.889764 0.338583 -0.307087 
vn -0.858268 0.338583 -0.393701 
vn 0.566929 -0.566929 -0.598425 
vn 0.80315 -0.330709 -0.488189 
vn 0.724409 -0.291339 -0.622047 
vn 0.299213 -0.614173 -0.732283 
vn 0.566929 -0.566929 -0.598425 
vn 0.724409 -0.291339 -0.622047 
vn 0.574803 -0.346457 -0.740157 
vn 0.299213 -0.614173 -0.732283 
vn 0.724409 -0.291339 -0.622047 
vn 0.440945 -0.283465 -0.850394 
vn 0.574803 -0.346457 -0.740157 
vn 0.724409 -0.291339 -0.622047 
vn 0.724409 -0.291339 -0.622047 
vn 0.582677 -0.228346 -0.779528 
vn 0.440945 -0.283465 -0.850394 
vn 0.19685 -0.322835 -0.929134 
vn 0.314961 -0.385827 -0.866142 
vn 0.574803 -0.346457 -0.740157 
vn 0.574803 -0.346457 -0.740157 
vn 0.440945 -0.283465 -0.850394 
vn 0.19685 -0.322835 -0.929134 
vn 0 -0.393701 -0.92126 
vn 0.314961 -0.385827 -0.866142 
vn 0.19685 -0.322835 -0.929134 
vn 0.19685 -0.322835 -0.929134 
vn -0.0944882 -0.307087 -0.944882 
vn 0 -0.393701 -0.92126 
vn -0.0944882 -0.307087 -0.944882 
vn -0.559055 -0.204724 -0.80315 
vn -0.464567 -0.322835 -0.826772 
vn -0.464567 -0.322835 -0.826772 
vn 0 -0.393701 -0.92126 
vn -0.0944882 -0.307087 -0.944882 
vn -0.559055 -0.204724 -0.80315 
vn -0.740157 -0.133858 -0.653543 
vn -0.716535 -0.23622 -0.661417 
vn -0.716535 -0.23622 -0.661417 
vn -0.464567 -0.322835 -0.826772 
vn -0.559055 -0.204724 -0.80315 
vn 0.228346 -0.220472 -0.944882 
vn 0.440945 -0.283465 -0.850394 
vn 0.582677 -0.228346 -0.779528 
vn 0.582677 -0.228346 -0.779528 
vn 0.346457 -0.165354 -0.92126 
vn 0.228346 -0.220472 -0.944882 
vn 0.015748 -0.259843 -0.968504 
vn 0.19685 -0.322835 -0.929134 
vn 0.440945 -0.283465 -0.850394 
vn 0.440945 -0.283465 -0.850394 
vn 0.228346 -0.220472 -0.944882 
vn 0.015748 -0.259843 -0.968504 
vn 0.19685 -0.322835 -0.929134 
vn 0.015748 -0.259843 -0.968504 
vn -0.220472 -0.244094 -0.944882 
vn -0.220472 -0.244094 -0.944882 
vn -0.0944882 -0.307087 -0.944882 
vn 0.19685 -0.322835 -0.929134 
vn -0.220472 -0.244094 -0.944882 
vn -0.645669 -0.125984 -0.755906 
vn -0.559055 -0.204724 -0.80315 
vn -0.559055 -0.204724 -0.80315 
vn -0.0944882 -0.307087 -0.944882 
vn -0.220472 -0.244094 -0.944882 
vn -0.645669 -0.125984 -0.755906 
vn -0.755906 -0.0629921 -0.653543 
vn -0.740157 -0.133858 -0.653543 
vn -0.740157 -0.133858 -0.653543 
vn -0.559055 -0.204724 -0.80315 
vn -0.645669 -0.125984 -0.755906 
vn 0.307087 -0.110236 -0.944882 
vn 0.228346 -0.220472 -0.944882 
vn 0.346457 -0.165354 -0.92126 
vn 0.346457 -0.165354 -0.92126 
vn 0.503937 -0.015748 -0.866142 
vn 0.307087 -0.110236 -0.944882 
vn 0.0551181 -0.125984 -0.992126 
vn 0.015748 -0.259843 -0.968504 
vn 0.228346 -0.220472 -0.944882 
vn 0.228346 -0.220472 -0.944882 
vn 0.307087 -0.110236 -0.944882 
vn 0.0551181 -0.125984 -0.992126 
vn 0.015748 -0.259843 -0.968504 
vn 0.0551181 -0.125984 -0.992126 
vn -0.0944882 -0.0708661 -0.992126 
vn -0.0944882 -0.0708661 -0.992126 
vn -0.220472 -0.244094 -0.944882 
vn 0.015748 -0.259843 -0.968504 
vn -0.165354 0.0314961 -0.984252 
vn -0.645669 -0.125984 -0.755906 
vn -0.220472 -0.244094 -0.944882 
vn -0.220472 -0.244094 -0.944882 
vn -0.0944882 -0.0708661 -0.992126 
vn -0.165354 0.0314961 -0.984252 
vn -0.645669 -0.125984 -0.755906 
vn -0.165354 0.0314961 -0.984252 
vn -0.732283 0.212598 -0.645669 
vn -0.732283 0.212598 -0.645669 
vn -0.755906 -0.0629921 -0.653543 
vn -0.645669 -0.125984 -0.755906 
vn 0.795276 -0.354331 0.496063 
vn 0.700787 -0.362205 0.614173 
vn 0.834646 0.464567 0.307087 
vn 0.834646 0.464567 0.307087 
vn 0.834646 0.543307 0.11811 
vn 0.795276 -0.354331 0.496063 
vn 0.795276 -0.354331 0.496063 
vn 0.834646 0.543307 0.11811 
vn 0.88189 0.464567 -0.023622 
vn 0.88189 0.464567 -0.023622 
vn 0.874016 -0.354331 0.322835 
vn 0.795276 -0.354331 0.496063 
vn 0.874016 -0.354331 0.322835 
vn 0.88189 0.464567 -0.023622 
vn 0.858268 0.440945 -0.275591 
vn 0.858268 0.440945 -0.275591 
vn 0.92126 -0.346457 0.165354 
vn 0.874016 -0.354331 0.322835 
vn 0.92126 -0.346457 0.165354 
vn 0.858268 0.440945 -0.275591 
vn 0.748031 0.433071 -0.503937 
vn 0.748031 0.433071 -0.503937 
vn 0.944882 -0.338583 0.015748 
vn 0.92126 -0.346457 0.165354 
vn 0.944882 -0.338583 0.015748 
vn 0.748031 0.433071 -0.503937 
vn 0.606299 0.393701 -0.692913 
vn 0.606299 0.393701 -0.692913 
vn 0.944882 -0.322835 -0.0944882 
vn 0.944882 -0.338583 0.015748 
vn 0.708661 0.204724 -0.669291 
vn 0.913386 -0.314961 -0.244094 
vn 0.944882 -0.322835 -0.0944882 
vn 0.944882 -0.322835 -0.0944882 
vn 0.606299 0.393701 -0.692913 
vn 0.708661 0.204724 -0.669291 
vn 0.724409 -0.291339 -0.622047 
vn 0.80315 -0.330709 -0.488189 
vn 0.716535 0.0314961 -0.700787 
vn 0.716535 0.0314961 -0.700787 
vn 0.606299 0.023622 -0.795276 
vn 0.724409 -0.291339 -0.622047 
vn 0.582677 -0.228346 -0.779528 
vn 0.724409 -0.291339 -0.622047 
vn 0.606299 0.023622 -0.795276 
vn 0.606299 0.023622 -0.795276 
vn 0.480315 0.0787402 -0.874016 
vn 0.582677 -0.228346 -0.779528 
vn 0.346457 -0.165354 -0.92126 
vn 0.582677 -0.228346 -0.779528 
vn 0.480315 0.0787402 -0.874016 
vn 0.480315 0.0787402 -0.874016 
vn 0.354331 0.173228 -0.92126 
vn 0.346457 -0.165354 -0.92126 
vn 0.503937 -0.015748 -0.866142 
vn 0.346457 -0.165354 -0.92126 
vn 0.354331 0.173228 -0.92126 
vn 0.354331 0.173228 -0.92126 
vn 0.330709 0.244094 -0.913386 
vn 0.503937 -0.015748 -0.866142 
vn -0.11811 0.543307 -0.826772 
vn -0.023622 0.456693 -0.889764 
vn 0.606299 0.023622 -0.795276 
vn 0.606299 0.023622 -0.795276 
vn 0.716535 0.0314961 -0.700787 
vn -0.11811 0.543307 -0.826772 
vn -0.125984 0.685039 -0.724409 
vn -0.110236 0.661417 -0.748031 
vn 0.708661 0.204724 -0.669291 
vn 0.708661 0.204724 -0.669291 
vn 0.606299 0.393701 -0.692913 
vn -0.125984 0.685039 -0.724409 
vn -0.0787402 0.740157 -0.661417 
vn -0.125984 0.685039 -0.724409 
vn 0.606299 0.393701 -0.692913 
vn 0.606299 0.393701 -0.692913 
vn 0.748031 0.433071 -0.503937 
vn -0.0787402 0.740157 -0.661417 
vn 0.0551181 0.834646 -0.543307 
vn -0.0787402 0.740157 -0.661417 
vn 0.748031 0.433071 -0.503937 
vn 0.748031 0.433071 -0.503937 
vn 0.858268 0.440945 -0.275591 
vn 0.0551181 0.834646 -0.543307 
vn 0.165354 0.874016 -0.464567 
vn 0.0551181 0.834646 -0.543307 
vn 0.858268 0.440945 -0.275591 
vn 0.858268 0.440945 -0.275591 
vn 0.88189 0.464567 -0.023622 
vn 0.165354 0.874016 -0.464567 
vn 0.291339 0.905512 -0.307087 
vn 0.165354 0.874016 -0.464567 
vn 0.88189 0.464567 -0.023622 
vn 0.88189 0.464567 -0.023622 
vn 0.834646 0.543307 0.11811 
vn 0.291339 0.905512 -0.307087 
vn 0.322835 0.913386 -0.244094 
vn 0.291339 0.905512 -0.307087 
vn 0.834646 0.543307 0.11811 
vn 0.834646 0.543307 0.11811 
vn 0.834646 0.464567 0.307087 
vn 0.322835 0.913386 -0.244094 
vn 0.330709 0.929134 -0.181102 
vn 0.322835 0.913386 -0.244094 
vn 0.834646 0.464567 0.307087 
vn 0.834646 0.464567 0.307087 
vn 0.590551 0.787402 0.15748 
vn 0.330709 0.929134 -0.181102 
vn 0.409449 0.88189 -0.228346 
vn 0.330709 0.929134 -0.181102 
vn 0.590551 0.787402 0.15748 
vn 0.590551 0.787402 0.15748 
vn 0.511811 0.858268 -0.0629921 
vn 0.409449 0.88189 -0.228346 
vn 0.425197 -0.771654 0.472441 
vn -0.0944882 -0.897638 -0.425197 
vn 0.409449 0.88189 -0.228346 
vn 0.409449 0.88189 -0.228346 
vn 0.511811 0.858268 -0.0629921 
vn 0.425197 -0.771654 0.472441 
vn 0.102362 -0.944882 0.299213 
vn -0.141732 -0.992126 0.0393701 
vn -0.188976 -0.976378 -0.0944882 
vn -0.188976 -0.976378 -0.0944882 
vn 0.11811 -0.984252 0.15748 
vn 0.102362 -0.944882 0.299213 
vn 0.346457 -0.850394 0.401575 
vn 0.110236 -0.937008 0.338583 
vn -0.0314961 -0.968504 0.23622 
vn -0.0314961 -0.968504 0.23622 
vn 0.23622 -0.897638 0.385827 
vn 0.346457 -0.850394 0.401575 
vn 0.480315 -0.787402 0.377953 
vn 0.283465 -0.866142 0.409449 
vn 0.110236 -0.937008 0.338583 
vn 0.110236 -0.937008 0.338583 
vn 0.346457 -0.850394 0.401575 
vn 0.480315 -0.787402 0.377953 
vn 0.598425 -0.716535 0.362205 
vn 0.440945 -0.76378 0.472441 
vn 0.283465 -0.866142 0.409449 
vn 0.283465 -0.866142 0.409449 
vn 0.480315 -0.787402 0.377953 
vn 0.598425 -0.716535 0.362205 
vn 0.708661 -0.614173 0.338583 
vn 0.472441 -0.685039 0.551181 
vn 0.440945 -0.76378 0.472441 
vn 0.440945 -0.76378 0.472441 
vn 0.598425 -0.716535 0.362205 
vn 0.708661 -0.614173 0.338583 
vn 0.653543 -0.661417 0.362205 
vn 0.307087 -0.80315 0.511811 
vn 0.472441 -0.685039 0.551181 
vn 0.472441 -0.685039 0.551181 
vn 0.708661 -0.614173 0.338583 
vn 0.653543 -0.661417 0.362205 
vn 0.456693 -0.889764 -0.0551181 
vn -0.401575 -0.913386 0.015748 
vn 0.307087 -0.80315 0.511811 
vn 0.307087 -0.80315 0.511811 
vn 0.653543 -0.661417 0.362205 
vn 0.456693 -0.889764 -0.0551181 
vn 0.299213 -0.614173 -0.732283 
vn -0.716535 -0.637795 -0.275591 
vn -0.677165 -0.700787 -0.228346 
vn -0.677165 -0.700787 -0.228346 
vn 0.566929 -0.566929 -0.598425 
vn 0.299213 -0.614173 -0.732283 
vn -0.173228 -0.755906 -0.629921 
vn -0.559055 -0.818898 -0.133858 
vn -0.716535 -0.637795 -0.275591 
vn -0.716535 -0.637795 -0.275591 
vn 0.299213 -0.614173 -0.732283 
vn -0.173228 -0.755906 -0.629921 
vn -0.173228 -0.88189 -0.440945 
vn -0.267717 -0.96063 0.0472441 
vn -0.559055 -0.818898 -0.133858 
vn -0.559055 -0.818898 -0.133858 
vn -0.173228 -0.755906 -0.629921 
vn -0.173228 -0.88189 -0.440945 
vn -0.15748 -0.929134 -0.346457 
vn -0.0551181 -0.992126 0.102362 
vn -0.267717 -0.96063 0.0472441 
vn -0.267717 -0.96063 0.0472441 
vn -0.173228 -0.88189 -0.440945 
vn -0.15748 -0.929134 -0.346457 
vn -0.15748 -0.929134 -0.346457 
vn -0.11811 -0.889764 -0.440945 
vn 0.354331 -0.937008 0.0393701 
vn 0.354331 -0.937008 0.0393701 
vn -0.0551181 -0.992126 0.102362 
vn -0.15748 -0.929134 -0.346457 
vn 0.748031 -0.645669 -0.15748 
vn 0.354331 -0.937008 0.0393701 
vn -0.11811 -0.889764 -0.440945 
vn -0.11811 -0.889764 -0.440945 
vn 0.448819 -0.692913 -0.559055 
vn 0.748031 -0.645669 -0.15748 
vn 0.771654 -0.519685 -0.377953 
vn 0.905512 -0.393701 -0.181102 
vn 0.748031 -0.645669 -0.15748 
vn 0.748031 -0.645669 -0.15748 
vn 0.448819 -0.692913 -0.559055 
vn 0.771654 -0.519685 -0.377953 
vn 0.771654 -0.519685 -0.377953 
vn 0.377953 -0.92126 -0.102362 
vn 0.80315 -0.582677 0.110236 
vn 0.80315 -0.582677 0.110236 
vn 0.905512 -0.393701 -0.181102 
vn 0.771654 -0.519685 -0.377953 
vn 0.826772 -0.559055 0.0472441 
vn 0.80315 -0.582677 0.110236 
vn 0.377953 -0.92126 -0.102362 
vn 0.377953 -0.92126 -0.102362 
vn 0.0629921 -0.952756 -0.283465 
vn 0.826772 -0.559055 0.0472441 
vn -0.787402 0.267717 -0.559055 
vn -0.606299 0.661417 -0.440945 
vn 0.929134 0 -0.362205 
vn 0.929134 0 -0.362205 
vn -0.818898 -0.00787402 -0.574803 
vn -0.787402 0.267717 -0.559055 
vn -0.858268 0.338583 -0.393701 
vn -0.692913 0.606299 -0.393701 
vn -0.606299 0.661417 -0.440945 
vn -0.606299 0.661417 -0.440945 
vn -0.787402 0.267717 -0.559055 
vn -0.858268 0.338583 -0.393701 
vn -0.889764 0.338583 -0.307087 
vn -0.866142 0.464567 -0.181102 
vn -0.692913 0.606299 -0.393701 
vn -0.692913 0.606299 -0.393701 
vn -0.858268 0.338583 -0.393701 
vn -0.889764 0.338583 -0.307087 
vn -0.692913 0.629921 -0.354331 
vn -0.866142 0.464567 -0.181102 
vn -0.889764 0.338583 -0.307087 
vn -0.889764 0.338583 -0.307087 
vn -0.748031 0.322835 -0.582677 
vn -0.692913 0.629921 -0.354331 
vn -0.732283 0.212598 -0.645669 
vn 0.275591 0.700787 -0.653543 
vn -0.692913 0.629921 -0.354331 
vn -0.692913 0.629921 -0.354331 
vn -0.748031 0.322835 -0.582677 
vn -0.732283 0.212598 -0.645669 
vn -0.165354 0.0314961 -0.984252 
vn 0.653543 0.377953 -0.661417 
vn 0.275591 0.700787 -0.653543 
vn 0.275591 0.700787 -0.653543 
vn -0.732283 0.212598 -0.645669 
vn -0.165354 0.0314961 -0.984252 
vn -0.0944882 -0.0708661 -0.992126 
vn 0.559055 0.385827 -0.732283 
vn 0.653543 0.377953 -0.661417 
vn 0.653543 0.377953 -0.661417 
vn -0.165354 0.0314961 -0.984252 
vn -0.0944882 -0.0708661 -0.992126 
vn 0.0551181 -0.125984 -0.992126 
vn 0.724409 0.212598 -0.653543 
vn 0.559055 0.385827 -0.732283 
vn 0.559055 0.385827 -0.732283 
vn -0.0944882 -0.0708661 -0.992126 
vn 0.0551181 -0.125984 -0.992126 
vn 0.307087 -0.110236 -0.944882 
vn 0.826772 0.0944882 -0.551181 
vn 0.724409 0.212598 -0.653543 
vn 0.724409 0.212598 -0.653543 
vn 0.0551181 -0.125984 -0.992126 
vn 0.307087 -0.110236 -0.944882 
vn 0.503937 -0.015748 -0.866142 
vn 0.755906 0.220472 -0.614173 
vn 0.826772 0.0944882 -0.551181 
vn 0.826772 0.0944882 -0.551181 
vn 0.307087 -0.110236 -0.944882 
vn 0.503937 -0.015748 -0.866142 
vn 0.330709 0.244094 -0.913386 
vn 0.330709 0.535433 -0.779528 
vn 0.755906 0.220472 -0.614173 
vn 0.755906 0.220472 -0.614173 
vn 0.503937 -0.015748 -0.866142 
vn 0.330709 0.244094 -0.913386 
vn 0.173228 0.535433 -0.826772 
vn 0.330709 0.535433 -0.779528 
vn 0.330709 0.244094 -0.913386 
vn 0.330709 0.244094 -0.913386 
vn 0.354331 0.173228 -0.92126 
vn 0.173228 0.535433 -0.826772 
vn 0.141732 0.480315 -0.866142 
vn 0.173228 0.535433 -0.826772 
vn 0.354331 0.173228 -0.92126 
vn 0.354331 0.173228 -0.92126 
vn 0.480315 0.0787402 -0.874016 
vn 0.141732 0.480315 -0.866142 
vn -0.023622 0.456693 -0.889764 
vn 0.141732 0.480315 -0.866142 
vn 0.480315 0.0787402 -0.874016 
vn 0.480315 0.0787402 -0.874016 
vn 0.606299 0.023622 -0.795276 
vn -0.023622 0.456693 -0.889764 
vn 0.23622 -0.897638 0.385827 
vn -0.0314961 -0.968504 0.23622 
vn -0.141732 -0.992126 0.0393701 
vn -0.141732 -0.992126 0.0393701 
vn 0.102362 -0.944882 0.299213 
vn 0.23622 -0.897638 0.385827 
vn 0.11811 -0.984252 0.15748 
vn -0.188976 -0.976378 -0.0944882 
vn -0.0944882 -0.897638 -0.425197 
vn -0.0944882 -0.897638 -0.425197 
vn 0.425197 -0.771654 0.472441 
vn 0.11811 -0.984252 0.15748 
vn 0.23622 -0.897638 0.385827 
vn 0.102362 -0.944882 0.299213 
vn 0.551181 -0.409449 0.724409 
vn 0.551181 -0.409449 0.724409 
vn 0.700787 -0.362205 0.614173 
vn 0.23622 -0.897638 0.385827 
vn 0.551181 -0.409449 0.724409 
vn 0.102362 -0.944882 0.299213 
vn 0.11811 -0.984252 0.15748 
vn 0.11811 -0.984252 0.15748 
vn 0.425197 -0.771654 0.472441 
vn 0.551181 -0.409449 0.724409 
vn 0.551181 -0.409449 0.724409 
vn 0.425197 -0.771654 0.472441 
vn 0.511811 0.858268 -0.0629921 
vn 0.511811 0.858268 -0.0629921 
vn 0.590551 0.787402 0.15748 
vn 0.551181 -0.409449 0.724409 
vn -0.818898 -0.00787402 -0.574803 
vn 0.929134 0 -0.362205 
vn 0.929134 -0.00787402 -0.362205 
vn 0.929134 -0.00787402 -0.362205 
vn -0.80315 -0.0708661 -0.590551 
vn -0.818898 -0.00787402 -0.574803 
vn -0.937008 -0.0629921 -0.354331 
vn -0.937008 0 -0.354331 
vn -0.818898 -0.00787402 -0.574803 
vn -0.818898 -0.00787402 -0.574803 
vn -0.80315 -0.0708661 -0.590551 
vn -0.937008 -0.0629921 -0.354331 
vn -0.929134 0 -0.370079 
vn -0.937008 0 -0.354331 
vn -0.937008 -0.0629921 -0.354331 
vn -0.937008 -0.0629921 -0.354331 
vn -0.913386 -0.0708661 -0.393701 
vn -0.929134 0 -0.370079 
vn -0.653543 -0.102362 -0.755906 
vn -0.929134 0 -0.370079 
vn -0.913386 -0.0708661 -0.393701 
vn -0.913386 -0.0708661 -0.393701 
vn -0.622047 -0.181102 -0.76378 
vn -0.653543 -0.102362 -0.755906 
vn -0.622047 -0.181102 -0.76378 
vn -0.740157 -0.133858 -0.653543 
vn -0.755906 -0.0629921 -0.653543 
vn -0.755906 -0.0629921 -0.653543 
vn -0.653543 -0.102362 -0.755906 
vn -0.622047 -0.181102 -0.76378 
vn -0.80315 -0.0708661 -0.590551 
vn 0.929134 -0.00787402 -0.362205 
vn 0.929134 -0.015748 -0.370079 
vn 0.929134 -0.015748 -0.370079 
vn -0.826772 -0.149606 -0.543307 
vn -0.80315 -0.0708661 -0.590551 
vn -0.826772 -0.149606 -0.543307 
vn -0.92126 -0.133858 -0.354331 
vn -0.937008 -0.0629921 -0.354331 
vn -0.937008 -0.0629921 -0.354331 
vn -0.80315 -0.0708661 -0.590551 
vn -0.826772 -0.149606 -0.543307 
vn -0.913386 -0.0708661 -0.393701 
vn -0.937008 -0.0629921 -0.354331 
vn -0.92126 -0.133858 -0.354331 
vn -0.92126 -0.133858 -0.354331 
vn -0.874016 -0.173228 -0.456693 
vn -0.913386 -0.0708661 -0.393701 
vn -0.622047 -0.181102 -0.76378 
vn -0.913386 -0.0708661 -0.393701 
vn -0.874016 -0.173228 -0.456693 
vn -0.874016 -0.173228 -0.456693 
vn -0.527559 -0.283465 -0.80315 
vn -0.622047 -0.181102 -0.76378 
vn -0.527559 -0.283465 -0.80315 
vn -0.716535 -0.23622 -0.661417 
vn -0.740157 -0.133858 -0.653543 
vn -0.740157 -0.133858 -0.653543 
vn -0.622047 -0.181102 -0.76378 
vn -0.527559 -0.283465 -0.80315 
vn -0.826772 -0.149606 -0.543307 
vn 0.929134 -0.015748 -0.370079 
vn 0.826772 -0.559055 0.0472441 
vn 0.826772 -0.559055 0.0472441 
vn 0.0629921 -0.952756 -0.283465 
vn -0.826772 -0.149606 -0.543307 
vn 0.0629921 -0.952756 -0.283465 
vn 0.377953 -0.92126 -0.102362 
vn -0.92126 -0.133858 -0.354331 
vn -0.92126 -0.133858 -0.354331 
vn -0.826772 -0.149606 -0.543307 
vn 0.0629921 -0.952756 -0.283465 
vn 0.377953 -0.92126 -0.102362 
vn 0.771654 -0.519685 -0.377953 
vn -0.874016 -0.173228 -0.456693 
vn -0.874016 -0.173228 -0.456693 
vn -0.92126 -0.133858 -0.354331 
vn 0.377953 -0.92126 -0.102362 
vn -0.527559 -0.283465 -0.80315 
vn -0.874016 -0.173228 -0.456693 
vn 0.771654 -0.519685 -0.377953 
vn 0.771654 -0.519685 -0.377953 
vn 0.448819 -0.692913 -0.559055 
vn -0.527559 -0.283465 -0.80315 
vn 0.448819 -0.692913 -0.559055 
vn -0.11811 -0.889764 -0.440945 
vn -0.716535 -0.23622 -0.661417 
vn -0.716535 -0.23622 -0.661417 
vn -0.527559 -0.283465 -0.80315 
vn 0.448819 -0.692913 -0.559055 
vn -0.92126 0.330709 0.212598 
vn -0.937008 0.330709 0.11811 
vn -0.401575 -0.488189 0.779528 
vn -0.401575 -0.488189 0.779528 
vn -0.362205 -0.606299 0.708661 
vn -0.92126 0.330709 0.212598 
vn -0.937008 0.330709 0.11811 
vn -0.944882 0.322835 -0.015748 
vn -0.724409 -0.448819 0.527559 
vn -0.724409 -0.448819 0.527559 
vn -0.401575 -0.488189 0.779528 
vn -0.937008 0.330709 0.11811 
vn -0.944882 0.322835 -0.015748 
vn -0.937008 0.314961 -0.173228 
vn -0.834646 -0.503937 0.23622 
vn -0.834646 -0.503937 0.23622 
vn -0.724409 -0.448819 0.527559 
vn -0.944882 0.322835 -0.015748 
vn -0.937008 0.314961 -0.173228 
vn -0.88189 0.314961 -0.346457 
vn -0.84252 -0.543307 -0.0551181 
vn -0.84252 -0.543307 -0.0551181 
vn -0.834646 -0.503937 0.23622 
vn -0.937008 0.314961 -0.173228 
vn -0.84252 -0.543307 -0.0551181 
vn -0.88189 0.314961 -0.346457 
vn -0.811024 0.322835 -0.496063 
vn -0.811024 0.322835 -0.496063 
vn -0.724409 -0.645669 -0.23622 
vn -0.84252 -0.543307 -0.0551181 
vn -0.811024 0.322835 -0.496063 
vn -0.370079 0.787402 -0.496063 
vn -0.188976 0.850394 -0.496063 
vn -0.188976 0.850394 -0.496063 
vn -0.645669 0.385827 -0.661417 
vn -0.811024 0.322835 -0.496063 
vn -0.889764 0.314961 0.322835 
vn -0.92126 0.330709 0.212598 
vn -0.362205 -0.606299 0.708661 
vn -0.362205 -0.606299 0.708661 
vn -0.811024 -0.456693 0.362205 
vn -0.889764 0.314961 0.322835 
vn -0.551181 0.299213 0.779528 
vn -0.80315 0.0866142 0.590551 
vn -0.645669 -0.11811 0.748031 
vn -0.645669 -0.11811 0.748031 
vn -0.322835 0.283465 0.905512 
vn -0.551181 0.299213 0.779528 
vn 0.614173 0.755906 -0.212598 
vn 0.669291 0.740157 -0.00787402 
vn 0.968504 0.149606 0.188976 
vn 0.968504 0.149606 0.188976 
vn 1 0.0866142 0.015748 
vn 0.614173 0.755906 -0.212598 
vn 0.905512 0.338583 0.251969 
vn 0.858268 0.307087 0.417323 
vn 0.732283 0.228346 0.637795 
vn 0.732283 0.228346 0.637795 
vn 0.889764 0.102362 0.440945 
vn 0.905512 0.338583 0.251969 
vn 0.023622 0.251969 0.968504 
vn -0.212598 -0.307087 0.929134 
vn 0.346457 -0.417323 0.84252 
vn 0.346457 -0.417323 0.84252 
vn 0.535433 0.15748 0.826772 
vn 0.023622 0.251969 0.968504 
vn -0.212598 -0.307087 0.929134 
vn 0.023622 0.251969 0.968504 
vn -0.322835 0.283465 0.905512 
vn -0.322835 0.283465 0.905512 
vn -0.645669 -0.11811 0.748031 
vn -0.212598 -0.307087 0.929134 
vn 0.732283 0.188976 0.653543 
vn 0.307087 0.826772 0.472441 
vn 0.905512 0.338583 0.251969 
vn 0.905512 0.338583 0.251969 
vn 0.889764 0.102362 0.440945 
vn 0.732283 0.188976 0.653543 
vn 0.307087 0.826772 0.472441 
vn 0.732283 0.188976 0.653543 
vn 0.92126 0.188976 0.330709 
vn 0.92126 0.188976 0.330709 
vn 0.307087 0.866142 0.401575 
vn 0.307087 0.826772 0.472441 
vn 0.307087 0.866142 0.401575 
vn 0.92126 0.188976 0.330709 
vn 0.968504 0.149606 0.188976 
vn 0.968504 0.149606 0.188976 
vn 0.669291 0.740157 -0.00787402 
vn 0.307087 0.866142 0.401575 
vn -0.700787 0.314961 0.637795 
vn -0.551181 0.299213 0.779528 
vn -0.354331 0.314961 0.88189 
vn -0.354331 0.314961 0.88189 
vn -0.543307 0.307087 0.787402 
vn -0.700787 0.314961 0.637795 
vn -0.354331 0.314961 0.88189 
vn -0.551181 0.299213 0.779528 
vn -0.322835 0.283465 0.905512 
vn -0.322835 0.283465 0.905512 
vn -0.11811 0.330709 0.937008 
vn -0.354331 0.314961 0.88189 
vn 0.023622 0.251969 0.968504 
vn 0.173228 0.314961 0.937008 
vn -0.11811 0.330709 0.937008 
vn -0.11811 0.330709 0.937008 
vn -0.322835 0.283465 0.905512 
vn 0.023622 0.251969 0.968504 
vn 0.173228 0.314961 0.937008 
vn 0.023622 0.251969 0.968504 
vn 0.535433 0.15748 0.826772 
vn 0.535433 0.15748 0.826772 
vn 0.629921 0.220472 0.748031 
vn 0.173228 0.314961 0.937008 
vn -0.354331 0.314961 0.88189 
vn -0.11811 0.330709 0.937008 
vn 0.125984 0.338583 0.929134 
vn 0.125984 0.338583 0.929134 
vn -0.0944882 0.299213 0.952756 
vn -0.354331 0.314961 0.88189 
vn 0.173228 0.314961 0.937008 
vn 0.330709 0.338583 0.88189 
vn 0.125984 0.338583 0.929134 
vn 0.125984 0.338583 0.929134 
vn -0.11811 0.330709 0.937008 
vn 0.173228 0.314961 0.937008 
vn 0.330709 0.338583 0.88189 
vn 0.173228 0.314961 0.937008 
vn 0.629921 0.220472 0.748031 
vn 0.629921 0.220472 0.748031 
vn 0.732283 0.228346 0.637795 
vn 0.330709 0.338583 0.88189 
vn -0.0944882 0.299213 0.952756 
vn 0.125984 0.338583 0.929134 
vn 0.503937 0.377953 0.779528 
vn 0.503937 0.377953 0.779528 
vn 0.362205 0.291339 0.88189 
vn -0.0944882 0.299213 0.952756 
vn 0.125984 0.338583 0.929134 
vn 0.330709 0.338583 0.88189 
vn 0.598425 0.425197 0.677165 
vn 0.598425 0.425197 0.677165 
vn 0.503937 0.377953 0.779528 
vn 0.125984 0.338583 0.929134 
vn 0.330709 0.338583 0.88189 
vn 0.732283 0.228346 0.637795 
vn 0.858268 0.307087 0.417323 
vn 0.858268 0.307087 0.417323 
vn 0.598425 0.425197 0.677165 
vn 0.330709 0.338583 0.88189 
vn -0.80315 0.149606 0.574803 
vn -0.80315 0.0866142 0.590551 
vn -0.551181 0.299213 0.779528 
vn -0.80315 0.307087 0.519685 
vn -0.80315 0.149606 0.574803 
vn -0.551181 0.299213 0.779528 
vn -0.700787 0.314961 0.637795 
vn -0.80315 0.307087 0.519685 
vn -0.551181 0.299213 0.779528 
vn -0.0944882 0.299213 0.952756 
vn -0.259843 0.275591 0.92126 
vn -0.543307 0.307087 0.787402 
vn -0.543307 0.307087 0.787402 
vn -0.354331 0.314961 0.88189 
vn -0.0944882 0.299213 0.952756 
vn -0.259843 0.275591 0.92126 
vn -0.0944882 0.299213 0.952756 
vn 0.362205 0.291339 0.88189 
vn 0.362205 0.291339 0.88189 
vn 0.314961 0.307087 0.897638 
vn -0.259843 0.275591 0.92126 
vn -0.503937 0.740157 -0.440945 
vn -0.370079 0.787402 -0.496063 
vn -0.811024 0.322835 -0.496063 
vn -0.811024 0.322835 -0.496063 
vn -0.88189 0.314961 -0.346457 
vn -0.503937 0.740157 -0.440945 
vn -0.629921 0.669291 -0.385827 
vn -0.503937 0.740157 -0.440945 
vn -0.88189 0.314961 -0.346457 
vn -0.88189 0.314961 -0.346457 
vn -0.937008 0.314961 -0.173228 
vn -0.629921 0.669291 -0.385827 
vn -0.677165 0.661417 -0.322835 
vn -0.629921 0.669291 -0.385827 
vn -0.937008 0.314961 -0.173228 
vn -0.937008 0.314961 -0.173228 
vn -0.944882 0.322835 -0.015748 
vn -0.677165 0.661417 -0.322835 
vn -0.748031 0.606299 -0.267717 
vn -0.677165 0.661417 -0.322835 
vn -0.944882 0.322835 -0.015748 
vn -0.944882 0.322835 -0.015748 
vn -0.937008 0.330709 0.11811 
vn -0.748031 0.606299 -0.267717 
vn -0.80315 0.566929 -0.181102 
vn -0.748031 0.606299 -0.267717 
vn -0.937008 0.330709 0.11811 
vn -0.937008 0.330709 0.11811 
vn -0.92126 0.330709 0.212598 
vn -0.80315 0.566929 -0.181102 
vn -0.818898 0.566929 -0.0787402 
vn -0.80315 0.566929 -0.181102 
vn -0.92126 0.330709 0.212598 
vn -0.92126 0.330709 0.212598 
vn -0.889764 0.314961 0.322835 
vn -0.818898 0.566929 -0.0787402 
vn -0.700787 0.314961 0.637795 
vn -0.858268 0.456693 0.23622 
vn -0.866142 0.488189 0.0708661 
vn -0.866142 0.488189 0.0708661 
vn -0.80315 0.307087 0.519685 
vn -0.700787 0.314961 0.637795 
vn -0.543307 0.307087 0.787402 
vn -0.755906 0.480315 0.440945 
vn -0.858268 0.456693 0.23622 
vn -0.858268 0.456693 0.23622 
vn -0.700787 0.314961 0.637795 
vn -0.543307 0.307087 0.787402 
vn -0.259843 0.275591 0.92126 
vn -0.551181 0.511811 0.661417 
vn -0.755906 0.480315 0.440945 
vn -0.755906 0.480315 0.440945 
vn -0.543307 0.307087 0.787402 
vn -0.259843 0.275591 0.92126 
vn 0.314961 0.307087 0.897638 
vn -0.15748 0.488189 0.858268 
vn -0.551181 0.511811 0.661417 
vn -0.551181 0.511811 0.661417 
vn -0.259843 0.275591 0.92126 
vn 0.314961 0.307087 0.897638 
vn -0.866142 0.488189 0.0708661 
vn -0.858268 0.456693 0.23622 
vn -0.76378 0.574803 -0.291339 
vn -0.76378 0.574803 -0.291339 
vn -0.685039 0.614173 -0.393701 
vn -0.866142 0.488189 0.0708661 
vn -0.80315 0.566929 -0.181102 
vn -0.818898 0.566929 -0.0787402 
vn -0.590551 0.669291 -0.448819 
vn -0.590551 0.669291 -0.448819 
vn -0.519685 0.685039 -0.503937 
vn -0.80315 0.566929 -0.181102 
vn -0.748031 0.606299 -0.267717 
vn -0.80315 0.566929 -0.181102 
vn -0.519685 0.685039 -0.503937 
vn -0.519685 0.685039 -0.503937 
vn -0.377953 0.779528 -0.496063 
vn -0.748031 0.606299 -0.267717 
vn -0.677165 0.661417 -0.322835 
vn -0.748031 0.606299 -0.267717 
vn -0.377953 0.779528 -0.496063 
vn -0.377953 0.779528 -0.496063 
vn -0.259843 0.834646 -0.488189 
vn -0.677165 0.661417 -0.322835 
vn -0.629921 0.669291 -0.385827 
vn -0.677165 0.661417 -0.322835 
vn -0.259843 0.834646 -0.488189 
vn -0.259843 0.834646 -0.488189 
vn -0.125984 0.897638 -0.425197 
vn -0.629921 0.669291 -0.385827 
vn -0.503937 0.740157 -0.440945 
vn -0.629921 0.669291 -0.385827 
vn -0.125984 0.897638 -0.425197 
vn -0.125984 0.897638 -0.425197 
vn -0.0314961 0.92126 -0.393701 
vn -0.503937 0.740157 -0.440945 
vn -0.370079 0.787402 -0.496063 
vn -0.503937 0.740157 -0.440945 
vn -0.0314961 0.92126 -0.393701 
vn -0.0314961 0.92126 -0.393701 
vn 0.0393701 0.929134 -0.362205 
vn -0.370079 0.787402 -0.496063 
vn -0.188976 0.850394 -0.496063 
vn -0.370079 0.787402 -0.496063 
vn 0.0393701 0.929134 -0.362205 
vn 0.0393701 0.929134 -0.362205 
vn 0.141732 0.937008 -0.314961 
vn -0.188976 0.850394 -0.496063 
vn 0.0629921 0.874016 -0.472441 
vn -0.188976 0.850394 -0.496063 
vn 0.141732 0.937008 -0.314961 
vn 0.141732 0.937008 -0.314961 
vn 0.110236 0.897638 -0.425197 
vn 0.0629921 0.874016 -0.472441 
vn 0.0629921 0.874016 -0.472441 
vn 0.110236 0.897638 -0.425197 
vn -0.362205 -0.527559 -0.76378 
vn -0.362205 -0.527559 -0.76378 
vn -0.535433 0.15748 -0.826772 
vn 0.0629921 0.874016 -0.472441 
vn -0.574803 -0.606299 -0.551181 
vn -0.377953 -0.669291 -0.637795 
vn -0.393701 -0.889764 -0.244094 
vn -0.393701 -0.889764 -0.244094 
vn -0.653543 -0.582677 -0.480315 
vn -0.574803 -0.606299 -0.551181 
vn -0.724409 -0.645669 -0.23622 
vn -0.456693 -0.874016 -0.173228 
vn -0.433071 -0.897638 0.0629921 
vn -0.433071 -0.897638 0.0629921 
vn -0.84252 -0.543307 -0.0551181 
vn -0.724409 -0.645669 -0.23622 
vn -0.84252 -0.543307 -0.0551181 
vn -0.433071 -0.897638 0.0629921 
vn -0.346457 -0.889764 0.291339 
vn -0.346457 -0.889764 0.291339 
vn -0.834646 -0.503937 0.23622 
vn -0.84252 -0.543307 -0.0551181 
vn -0.834646 -0.503937 0.23622 
vn -0.346457 -0.889764 0.291339 
vn -0.125984 -0.84252 0.519685 
vn -0.125984 -0.84252 0.519685 
vn -0.724409 -0.448819 0.527559 
vn -0.834646 -0.503937 0.23622 
vn -0.724409 -0.448819 0.527559 
vn -0.125984 -0.84252 0.519685 
vn 0.275591 -0.740157 0.614173 
vn 0.275591 -0.740157 0.614173 
vn -0.401575 -0.488189 0.779528 
vn -0.724409 -0.448819 0.527559 
vn -0.401575 -0.488189 0.779528 
vn 0.275591 -0.740157 0.614173 
vn 0.417323 -0.740157 0.527559 
vn 0.417323 -0.740157 0.527559 
vn -0.362205 -0.606299 0.708661 
vn -0.401575 -0.488189 0.779528 
vn -0.362205 -0.606299 0.708661 
vn 0.417323 -0.740157 0.527559 
vn -0.283465 -0.929134 0.228346 
vn -0.283465 -0.929134 0.228346 
vn -0.811024 -0.456693 0.362205 
vn -0.362205 -0.606299 0.708661 
vn -0.80315 0.149606 0.574803 
vn -0.755906 -0.653543 0.0472441 
vn -0.913386 -0.362205 0.188976 
vn -0.913386 -0.362205 0.188976 
vn -0.80315 0.0866142 0.590551 
vn -0.80315 0.149606 0.574803 
vn -0.80315 0.0866142 0.590551 
vn -0.913386 -0.362205 0.188976 
vn -0.811024 -0.425197 0.393701 
vn -0.811024 -0.425197 0.393701 
vn -0.645669 -0.11811 0.748031 
vn -0.80315 0.0866142 0.590551 
vn -0.645669 -0.11811 0.748031 
vn -0.811024 -0.425197 0.393701 
vn -0.377953 -0.716535 0.582677 
vn -0.377953 -0.716535 0.582677 
vn -0.212598 -0.307087 0.929134 
vn -0.645669 -0.11811 0.748031 
vn -0.212598 -0.307087 0.929134 
vn -0.377953 -0.716535 0.582677 
vn 0.165354 -0.874016 0.464567 
vn 0.165354 -0.874016 0.464567 
vn 0.346457 -0.417323 0.84252 
vn -0.212598 -0.307087 0.929134 
vn 0.165354 -0.874016 0.464567 
vn 0.779528 -0.566929 0.283465 
vn 0.818898 -0.425197 0.385827 
vn 0.818898 -0.425197 0.385827 
vn 0.346457 -0.417323 0.84252 
vn 0.165354 -0.874016 0.464567 
vn 0.818898 -0.425197 0.385827 
vn 0.779528 -0.566929 0.283465 
vn 0.88189 -0.401575 0.244094 
vn 0.88189 -0.401575 0.244094 
vn 0.952756 -0.173228 0.244094 
vn 0.818898 -0.425197 0.385827 
vn 0.952756 -0.173228 0.244094 
vn 0.88189 -0.401575 0.244094 
vn 0.834646 -0.519685 -0.165354 
vn 0.834646 -0.519685 -0.165354 
vn 0.944882 -0.307087 -0.11811 
vn 0.952756 -0.173228 0.244094 
vn 0.834646 -0.519685 -0.165354 
vn 0.787402 -0.614173 0.0708661 
vn 0.897638 -0.433071 0.0944882 
vn 0.897638 -0.433071 0.0944882 
vn 0.944882 -0.307087 -0.11811 
vn 0.834646 -0.519685 -0.165354 
vn 0.787402 -0.614173 0.0708661 
vn 0.913386 -0.401575 0.00787402 
vn 0.92126 -0.377953 0.0708661 
vn 0.92126 -0.377953 0.0708661 
vn 0.897638 -0.433071 0.0944882 
vn 0.787402 -0.614173 0.0708661 
vn 1 0.0866142 0.015748 
vn 0.976378 0.023622 -0.19685 
vn 0.889764 0.338583 -0.299213 
vn 0.889764 0.338583 -0.299213 
vn 0.614173 0.755906 -0.212598 
vn 1 0.0866142 0.015748 
vn 0.614173 0.755906 -0.212598 
vn 0.889764 0.338583 -0.299213 
vn -0.133858 0.944882 -0.299213 
vn -0.133858 0.944882 -0.299213 
vn 0.669291 0.740157 -0.00787402 
vn 0.614173 0.755906 -0.212598 
vn 0.669291 0.740157 -0.00787402 
vn -0.133858 0.944882 -0.299213 
vn -0.220472 0.976378 -0.0787402 
vn -0.220472 0.976378 -0.0787402 
vn 0.307087 0.866142 0.401575 
vn 0.669291 0.740157 -0.00787402 
vn 0.307087 0.866142 0.401575 
vn -0.220472 0.976378 -0.0787402 
vn -0.433071 0.897638 0.0708661 
vn -0.433071 0.897638 0.0708661 
vn 0.307087 0.826772 0.472441 
vn 0.307087 0.866142 0.401575 
vn 0.307087 0.826772 0.472441 
vn -0.433071 0.897638 0.0708661 
vn 0.251969 0.952756 -0.15748 
vn 0.251969 0.952756 -0.15748 
vn 0.905512 0.338583 0.251969 
vn 0.307087 0.826772 0.472441 
vn 0.905512 0.338583 0.251969 
vn 0.251969 0.952756 -0.15748 
vn 0.937008 0.314961 -0.165354 
vn 0.937008 0.314961 -0.165354 
vn 0.858268 0.307087 0.417323 
vn 0.905512 0.338583 0.251969 
vn 0.598425 0.425197 0.677165 
vn 0.858268 0.307087 0.417323 
vn 0.937008 0.314961 -0.165354 
vn 0.937008 0.314961 -0.165354 
vn 0.850394 0.527559 0.015748 
vn 0.598425 0.425197 0.677165 
vn 0.598425 0.425197 0.677165 
vn 0.850394 0.527559 0.015748 
vn 0.897638 0.417323 0.125984 
vn 0.897638 0.417323 0.125984 
vn 0.503937 0.377953 0.779528 
vn 0.598425 0.425197 0.677165 
vn 0.503937 0.377953 0.779528 
vn 0.897638 0.417323 0.125984 
vn 0.88189 0.275591 0.393701 
vn 0.88189 0.275591 0.393701 
vn 0.362205 0.291339 0.88189 
vn 0.503937 0.377953 0.779528 
vn 0.314961 0.307087 0.897638 
vn 0.362205 0.291339 0.88189 
vn 0.88189 0.275591 0.393701 
vn 0.88189 0.275591 0.393701 
vn 0.771654 0.322835 0.551181 
vn 0.314961 0.307087 0.897638 
vn 0.314961 0.307087 0.897638 
vn 0.771654 0.322835 0.551181 
vn 0.149606 0.771654 0.614173 
vn 0.149606 0.771654 0.614173 
vn -0.15748 0.488189 0.858268 
vn 0.314961 0.307087 0.897638 
vn -0.15748 0.488189 0.858268 
vn 0.149606 0.771654 0.614173 
vn -0.511811 0.834646 0.188976 
vn -0.511811 0.834646 0.188976 
vn -0.551181 0.511811 0.661417 
vn -0.15748 0.488189 0.858268 
vn -0.551181 0.511811 0.661417 
vn -0.511811 0.834646 0.188976 
vn -0.724409 0.685039 -0.0708661 
vn -0.724409 0.685039 -0.0708661 
vn -0.755906 0.480315 0.440945 
vn -0.551181 0.511811 0.661417 
vn -0.755906 0.480315 0.440945 
vn -0.724409 0.685039 -0.0708661 
vn -0.76378 0.574803 -0.291339 
vn -0.76378 0.574803 -0.291339 
vn -0.858268 0.456693 0.23622 
vn -0.755906 0.480315 0.440945 
vn -0.653543 -0.582677 -0.480315 
vn -0.393701 -0.889764 -0.244094 
vn -0.456693 -0.874016 -0.173228 
vn -0.456693 -0.874016 -0.173228 
vn -0.724409 -0.645669 -0.23622 
vn -0.653543 -0.582677 -0.480315 
vn -0.535433 0.15748 -0.826772 
vn -0.362205 -0.527559 -0.76378 
vn -0.377953 -0.669291 -0.637795 
vn -0.377953 -0.669291 -0.637795 
vn -0.574803 -0.606299 -0.551181 
vn -0.535433 0.15748 -0.826772 
vn -0.724409 -0.645669 -0.23622 
vn -0.811024 0.322835 -0.496063 
vn -0.645669 0.385827 -0.661417 
vn -0.645669 0.385827 -0.661417 
vn -0.653543 -0.582677 -0.480315 
vn -0.724409 -0.645669 -0.23622 
vn -0.645669 0.385827 -0.661417 
vn -0.535433 0.15748 -0.826772 
vn -0.574803 -0.606299 -0.551181 
vn -0.574803 -0.606299 -0.551181 
vn -0.653543 -0.582677 -0.480315 
vn -0.645669 0.385827 -0.661417 
vn -0.188976 0.850394 -0.496063 
vn 0.0629921 0.874016 -0.472441 
vn -0.535433 0.15748 -0.826772 
vn -0.535433 0.15748 -0.826772 
vn -0.645669 0.385827 -0.661417 
vn -0.188976 0.850394 -0.496063 
vn 1 0.0472441 0.00787402 
vn 0.976378 0.015748 -0.204724 
vn 0.976378 0.023622 -0.19685 
vn 0.976378 0.023622 -0.19685 
vn 1 0.0866142 0.015748 
vn 1 0.0472441 0.00787402 
vn 1 0.0866142 0.015748 
vn 0.968504 0.149606 0.188976 
vn 0.976378 0.0787402 0.188976 
vn 0.976378 0.0787402 0.188976 
vn 1 0.0472441 0.00787402 
vn 1 0.0866142 0.015748 
vn 0.92126 0.188976 0.330709 
vn 0.952756 0.0787402 0.283465 
vn 0.976378 0.0787402 0.188976 
vn 0.976378 0.0787402 0.188976 
vn 0.968504 0.149606 0.188976 
vn 0.92126 0.188976 0.330709 
vn 0.732283 0.188976 0.653543 
vn 0.811024 0.133858 0.574803 
vn 0.952756 0.0787402 0.283465 
vn 0.952756 0.0787402 0.283465 
vn 0.92126 0.188976 0.330709 
vn 0.732283 0.188976 0.653543 
vn 0.811024 0.133858 0.574803 
vn 0.732283 0.188976 0.653543 
vn 0.889764 0.102362 0.440945 
vn 0.889764 0.102362 0.440945 
vn 0.866142 0.110236 0.480315 
vn 0.811024 0.133858 0.574803 
vn 1 0 0.015748 
vn 0.976378 0.00787402 -0.19685 
vn 0.976378 0.015748 -0.204724 
vn 0.976378 0.015748 -0.204724 
vn 1 0.0472441 0.00787402 
vn 1 0 0.015748 
vn 1 0.0472441 0.00787402 
vn 0.976378 0.0787402 0.188976 
vn 0.984252 0 0.173228 
vn 0.984252 0 0.173228 
vn 1 0 0.015748 
vn 1 0.0472441 0.00787402 
vn 0.952756 0.0787402 0.283465 
vn 0.96063 -0.00787402 0.275591 
vn 0.984252 0 0.173228 
vn 0.984252 0 0.173228 
vn 0.976378 0.0787402 0.188976 
vn 0.952756 0.0787402 0.283465 
vn 0.811024 0.133858 0.574803 
vn 0.818898 0.125984 0.559055 
vn 0.96063 -0.00787402 0.275591 
vn 0.96063 -0.00787402 0.275591 
vn 0.952756 0.0787402 0.283465 
vn 0.811024 0.133858 0.574803 
vn 0.818898 0.125984 0.559055 
vn 0.811024 0.133858 0.574803 
vn 0.866142 0.110236 0.480315 
vn 0.866142 0.110236 0.480315 
vn 0.874016 0.0393701 0.480315 
vn 0.818898 0.125984 0.559055 
vn 0.92126 -0.377953 0.0708661 
vn 0.913386 -0.401575 0.00787402 
vn 0.976378 0.00787402 -0.19685 
vn 0.976378 0.00787402 -0.19685 
vn 1 0 0.015748 
vn 0.92126 -0.377953 0.0708661 
vn 0.897638 -0.433071 0.0944882 
vn 0.92126 -0.377953 0.0708661 
vn 1 0 0.015748 
vn 1 0 0.015748 
vn 0.984252 0 0.173228 
vn 0.897638 -0.433071 0.0944882 
vn 0.96063 -0.00787402 0.275591 
vn 0.944882 -0.307087 -0.11811 
vn 0.897638 -0.433071 0.0944882 
vn 0.897638 -0.433071 0.0944882 
vn 0.984252 0 0.173228 
vn 0.96063 -0.00787402 0.275591 
vn 0.818898 0.125984 0.559055 
vn 0.952756 -0.173228 0.244094 
vn 0.944882 -0.307087 -0.11811 
vn 0.944882 -0.307087 -0.11811 
vn 0.96063 -0.00787402 0.275591 
vn 0.818898 0.125984 0.559055 
vn 0.952756 -0.173228 0.244094 
vn 0.818898 0.125984 0.559055 
vn 0.874016 0.0393701 0.480315 
vn 0.874016 0.0393701 0.480315 
vn 0.818898 -0.425197 0.385827 
vn 0.952756 -0.173228 0.244094 
vn 0.874016 0.0393701 0.480315 
vn 0.866142 0.110236 0.480315 
vn 0.629921 0.220472 0.748031 
vn 0.629921 0.220472 0.748031 
vn 0.535433 0.15748 0.826772 
vn 0.874016 0.0393701 0.480315 
vn 0.866142 0.110236 0.480315 
vn 0.889764 0.102362 0.440945 
vn 0.732283 0.228346 0.637795 
vn 0.732283 0.228346 0.637795 
vn 0.629921 0.220472 0.748031 
vn 0.866142 0.110236 0.480315 
vn 0.818898 -0.425197 0.385827 
vn 0.874016 0.0393701 0.480315 
vn 0.535433 0.15748 0.826772 
vn 0.535433 0.15748 0.826772 
vn 0.346457 -0.417323 0.84252 
vn 0.818898 -0.425197 0.385827 
vn 0.456693 -0.889764 -0.0551181 
vn 0.913386 -0.314961 -0.244094 
vn 0.80315 -0.330709 -0.488189 
vn 0.80315 -0.330709 -0.488189 
vn 0.566929 -0.566929 -0.598425 
vn 0.456693 -0.889764 -0.0551181 
vn 0.566929 -0.566929 -0.598425 
vn -0.677165 -0.700787 -0.228346 
vn -0.401575 -0.913386 0.015748 
vn -0.401575 -0.913386 0.015748 
vn 0.456693 -0.889764 -0.0551181 
vn 0.566929 -0.566929 -0.598425 
vn -0.811024 -0.456693 0.362205 
vn -0.283465 -0.929134 0.228346 
vn -0.755906 -0.653543 0.0472441 
vn -0.755906 -0.653543 0.0472441 
vn -0.80315 0.149606 0.574803 
vn -0.811024 -0.456693 0.362205 
vn -0.80315 0.307087 0.519685 
vn -0.889764 0.314961 0.322835 
vn -0.811024 -0.456693 0.362205 
vn -0.811024 -0.456693 0.362205 
vn -0.80315 0.149606 0.574803 
vn -0.80315 0.307087 0.519685 
vn -0.866142 0.488189 0.0708661 
vn -0.818898 0.566929 -0.0787402 
vn -0.889764 0.314961 0.322835 
vn -0.889764 0.314961 0.322835 
vn -0.80315 0.307087 0.519685 
vn -0.866142 0.488189 0.0708661 
vn -0.818898 0.566929 -0.0787402 
vn -0.866142 0.488189 0.0708661 
vn -0.685039 0.614173 -0.393701 
vn -0.685039 0.614173 -0.393701 
vn -0.590551 0.669291 -0.448819 
vn -0.818898 0.566929 -0.0787402 
vn -0.110236 0.661417 -0.748031 
vn -0.11811 0.543307 -0.826772 
vn 0.716535 0.0314961 -0.700787 
vn 0.716535 0.0314961 -0.700787 
vn 0.708661 0.204724 -0.669291 
vn -0.110236 0.661417 -0.748031 
vn 0.913386 -0.314961 -0.244094 
vn 0.708661 0.204724 -0.669291 
vn 0.716535 0.0314961 -0.700787 
vn 0.716535 0.0314961 -0.700787 
vn 0.80315 -0.330709 -0.488189 
vn 0.913386 -0.314961 -0.244094 
vn 0.787402 0.11811 -0.606299 
vn 0.897638 0.0393701 -0.440945 
vn 0.937008 -0.173228 -0.314961 
vn 0.937008 -0.173228 -0.314961 
vn 0.606299 0.023622 -0.795276 
vn 0.787402 0.11811 -0.606299 
vn 0.88189 -0.448819 -0.133858 
vn 0.551181 -0.0944882 -0.826772 
vn 0.606299 0.023622 -0.795276 
vn 0.606299 0.023622 -0.795276 
vn 0.937008 -0.173228 -0.314961 
vn 0.88189 -0.448819 -0.133858 
vn 0.84252 -0.535433 -0.0787402 
vn 0.653543 -0.0629921 -0.755906 
vn 0.551181 -0.0944882 -0.826772 
vn 0.551181 -0.0944882 -0.826772 
vn 0.88189 -0.448819 -0.133858 
vn 0.84252 -0.535433 -0.0787402 
vn 0.80315 -0.598425 -0.00787402 
vn 0.685039 0.0314961 -0.732283 
vn 0.653543 -0.0629921 -0.755906 
vn 0.653543 -0.0629921 -0.755906 
vn 0.84252 -0.535433 -0.0787402 
vn 0.80315 -0.598425 -0.00787402 
vn 0.80315 -0.598425 -0.00787402 
vn 0.748031 -0.661417 0.0393701 
vn 0.755906 0.015748 -0.653543 
vn 0.755906 0.015748 -0.653543 
vn 0.685039 0.0314961 -0.732283 
vn 0.80315 -0.598425 -0.00787402 
vn 0.283465 0.519685 -0.80315 
vn 0.755906 0.015748 -0.653543 
vn 0.748031 -0.661417 0.0393701 
vn 0.748031 -0.661417 0.0393701 
vn 0.692913 -0.716535 0.0787402 
vn 0.283465 0.519685 -0.80315 
vn 0.606299 0.023622 -0.795276 
vn -0.661417 0.425197 -0.614173 
vn 0.787402 0.11811 -0.606299 
vn -0.614173 0.496063 -0.622047 
vn -0.661417 0.425197 -0.614173 
vn 0.606299 0.023622 -0.795276 
vn 0.606299 0.023622 -0.795276 
vn 0.551181 -0.0944882 -0.826772 
vn -0.614173 0.496063 -0.622047 
vn -0.543307 0.566929 -0.622047 
vn -0.614173 0.496063 -0.622047 
vn 0.551181 -0.0944882 -0.826772 
vn 0.551181 -0.0944882 -0.826772 
vn 0.653543 -0.0629921 -0.755906 
vn -0.543307 0.566929 -0.622047 
vn -0.440945 0.653543 -0.614173 
vn -0.543307 0.566929 -0.622047 
vn 0.653543 -0.0629921 -0.755906 
vn 0.653543 -0.0629921 -0.755906 
vn 0.685039 0.0314961 -0.732283 
vn -0.440945 0.653543 -0.614173 
vn -0.417323 0.677165 -0.606299 
vn -0.440945 0.653543 -0.614173 
vn 0.685039 0.0314961 -0.732283 
vn 0.685039 0.0314961 -0.732283 
vn 0.755906 0.015748 -0.653543 
vn -0.417323 0.677165 -0.606299 
vn -0.385827 0.708661 -0.598425 
vn -0.417323 0.677165 -0.606299 
vn 0.755906 0.015748 -0.653543 
vn 0.755906 0.015748 -0.653543 
vn 0.283465 0.519685 -0.80315 
vn -0.385827 0.708661 -0.598425 
vn -0.551181 0.322835 -0.771654 
vn -0.385827 0.708661 -0.598425 
vn 0.283465 0.519685 -0.80315 
vn 0.283465 0.519685 -0.80315 
vn -0.188976 0.456693 -0.866142 
vn -0.551181 0.322835 -0.771654 
vn -0.551181 0.322835 -0.771654 
vn -0.188976 0.456693 -0.866142 
vn 0.527559 -0.850394 0.023622 
vn 0.527559 -0.850394 0.023622 
vn 0.149606 -0.952756 0.259843 
vn -0.551181 0.322835 -0.771654 
vn 0.692913 -0.716535 0.0787402 
vn 0.314961 -0.897638 0.314961 
vn 0.149606 -0.952756 0.259843 
vn 0.149606 -0.952756 0.259843 
vn 0.527559 -0.850394 0.023622 
vn 0.692913 -0.716535 0.0787402 
vn 0.80315 -0.598425 -0.00787402 
vn 0.629921 -0.724409 0.291339 
vn 0.503937 -0.80315 0.314961 
vn 0.503937 -0.80315 0.314961 
vn 0.748031 -0.661417 0.0393701 
vn 0.80315 -0.598425 -0.00787402 
vn 0.84252 -0.535433 -0.0787402 
vn 0.748031 -0.614173 0.251969 
vn 0.629921 -0.724409 0.291339 
vn 0.629921 -0.724409 0.291339 
vn 0.80315 -0.598425 -0.00787402 
vn 0.84252 -0.535433 -0.0787402 
vn 0.88189 -0.448819 -0.133858 
vn 0.850394 -0.472441 0.23622 
vn 0.748031 -0.614173 0.251969 
vn 0.748031 -0.614173 0.251969 
vn 0.84252 -0.535433 -0.0787402 
vn 0.88189 -0.448819 -0.133858 
vn 0.937008 -0.173228 -0.314961 
vn 0.905512 -0.346457 0.251969 
vn 0.850394 -0.472441 0.23622 
vn 0.850394 -0.472441 0.23622 
vn 0.88189 -0.448819 -0.133858 
vn 0.937008 -0.173228 -0.314961 
vn 0.897638 0.0393701 -0.440945 
vn 0.905512 -0.346457 0.251969 
vn 0.937008 -0.173228 -0.314961 
vn 0.748031 -0.661417 0.0393701 
vn 0.503937 -0.80315 0.314961 
vn 0.314961 -0.897638 0.314961 
vn 0.314961 -0.897638 0.314961 
vn 0.692913 -0.716535 0.0787402 
vn 0.748031 -0.661417 0.0393701 
vn 0.527559 -0.850394 0.023622 
vn -0.188976 0.456693 -0.866142 
vn 0.283465 0.519685 -0.80315 
vn 0.283465 0.519685 -0.80315 
vn 0.692913 -0.716535 0.0787402 
vn 0.527559 -0.850394 0.023622 
vn -0.850394 0.511811 0.125984 
vn -0.84252 0.535433 0.0393701 
vn -0.614173 -0.330709 0.716535 
vn -0.614173 -0.330709 0.716535 
vn -0.574803 -0.15748 0.80315 
vn -0.850394 0.511811 0.125984 
vn -0.850394 0.464567 0.228346 
vn -0.850394 0.511811 0.125984 
vn -0.574803 -0.15748 0.80315 
vn -0.574803 -0.15748 0.80315 
vn -0.456693 -0.0472441 0.889764 
vn -0.850394 0.464567 0.228346 
vn -0.858268 0.448819 0.244094 
vn -0.850394 0.464567 0.228346 
vn -0.456693 -0.0472441 0.889764 
vn -0.456693 -0.0472441 0.889764 
vn -0.354331 0.0708661 0.929134 
vn -0.858268 0.448819 0.244094 
vn -0.748031 0.598425 0.299213 
vn -0.858268 0.448819 0.244094 
vn -0.354331 0.0708661 0.929134 
vn -0.354331 0.0708661 0.929134 
vn -0.417323 0.559055 0.716535 
vn -0.748031 0.598425 0.299213 
vn -0.511811 0.779528 0.354331 
vn -0.614173 0.748031 0.244094 
vn -0.748031 0.598425 0.299213 
vn -0.748031 0.598425 0.299213 
vn -0.417323 0.559055 0.716535 
vn -0.511811 0.779528 0.354331 
vn -0.748031 0.598425 0.299213 
vn -0.614173 0.748031 0.244094 
vn -0.80315 0.472441 -0.354331 
vn -0.858268 0.448819 0.244094 
vn -0.748031 0.598425 0.299213 
vn -0.80315 0.472441 -0.354331 
vn -0.80315 0.472441 -0.354331 
vn -0.779528 0.519685 -0.354331 
vn -0.858268 0.448819 0.244094 
vn -0.850394 0.464567 0.228346 
vn -0.858268 0.448819 0.244094 
vn -0.779528 0.519685 -0.354331 
vn -0.779528 0.519685 -0.354331 
vn -0.708661 0.606299 -0.362205 
vn -0.850394 0.464567 0.228346 
vn -0.850394 0.511811 0.125984 
vn -0.850394 0.464567 0.228346 
vn -0.708661 0.606299 -0.362205 
vn -0.708661 0.606299 -0.362205 
vn -0.645669 0.661417 -0.385827 
vn -0.850394 0.511811 0.125984 
vn -0.84252 0.535433 0.0393701 
vn -0.850394 0.511811 0.125984 
vn -0.645669 0.661417 -0.385827 
vn -0.645669 0.661417 -0.385827 
vn -0.606299 0.677165 -0.409449 
vn -0.84252 0.535433 0.0393701 
vn -0.787402 0.598425 -0.141732 
vn -0.84252 0.535433 0.0393701 
vn -0.606299 0.677165 -0.409449 
vn -0.606299 0.677165 -0.409449 
vn -0.551181 0.708661 -0.440945 
vn -0.787402 0.598425 -0.141732 
vn -0.826772 0.425197 -0.362205 
vn -0.787402 0.598425 -0.141732 
vn -0.551181 0.708661 -0.440945 
vn -0.551181 0.708661 -0.440945 
vn -0.708661 0.551181 -0.448819 
vn -0.826772 0.425197 -0.362205 
vn -0.834646 -0.377953 0.401575 
vn -0.409449 -0.897638 0.188976 
vn 0.0472441 -0.913386 0.409449 
vn 0.0472441 -0.913386 0.409449 
vn -0.771654 -0.354331 0.519685 
vn -0.834646 -0.377953 0.401575 
vn -0.614173 -0.330709 0.716535 
vn 0.11811 -0.866142 0.480315 
vn 0.314961 -0.771654 0.551181 
vn 0.314961 -0.771654 0.551181 
vn -0.574803 -0.15748 0.80315 
vn -0.614173 -0.330709 0.716535 
vn -0.574803 -0.15748 0.80315 
vn 0.314961 -0.771654 0.551181 
vn 0.488189 -0.637795 0.590551 
vn 0.488189 -0.637795 0.590551 
vn -0.456693 -0.0472441 0.889764 
vn -0.574803 -0.15748 0.80315 
vn -0.456693 -0.0472441 0.889764 
vn 0.488189 -0.637795 0.590551 
vn 0.677165 -0.456693 0.574803 
vn 0.677165 -0.456693 0.574803 
vn -0.354331 0.0708661 0.929134 
vn -0.456693 -0.0472441 0.889764 
vn -0.354331 0.0708661 0.929134 
vn 0.677165 -0.456693 0.574803 
vn 0.811024 -0.299213 0.503937 
vn 0.811024 -0.299213 0.503937 
vn -0.417323 0.559055 0.716535 
vn -0.354331 0.0708661 0.929134 
vn -0.511811 0.779528 0.354331 
vn -0.417323 0.559055 0.716535 
vn 0.811024 -0.299213 0.503937 
vn -0.771654 -0.354331 0.519685 
vn 0.0472441 -0.913386 0.409449 
vn 0.11811 -0.866142 0.480315 
vn 0.11811 -0.866142 0.480315 
vn -0.614173 -0.330709 0.716535 
vn -0.771654 -0.354331 0.519685 
vn -0.409449 -0.897638 0.188976 
vn -0.834646 -0.377953 0.401575 
vn -0.826772 0.425197 -0.362205 
vn -0.826772 0.425197 -0.362205 
vn -0.708661 0.551181 -0.448819 
vn -0.409449 -0.897638 0.188976 
vn -0.614173 -0.330709 0.716535 
vn -0.84252 0.535433 0.0393701 
vn -0.787402 0.598425 -0.141732 
vn -0.787402 0.598425 -0.141732 
vn -0.771654 -0.354331 0.519685 
vn -0.614173 -0.330709 0.716535 
vn -0.834646 -0.377953 0.401575 
vn -0.771654 -0.354331 0.519685 
vn -0.787402 0.598425 -0.141732 
vn -0.787402 0.598425 -0.141732 
vn -0.826772 0.425197 -0.362205 
vn -0.834646 -0.377953 0.401575 
vn 0.913386 0.0866142 -0.393701 
vn 0.96063 -0.00787402 -0.267717 
vn 0.968504 -0.244094 -0.0866142 
vn 0.968504 -0.244094 -0.0866142 
vn 0.818898 0.0787402 -0.566929 
vn 0.913386 0.0866142 -0.393701 
vn 0.84252 -0.527559 0.0944882 
vn 0.850394 -0.0314961 -0.519685 
vn 0.818898 0.0787402 -0.566929 
vn 0.818898 0.0787402 -0.566929 
vn 0.968504 -0.244094 -0.0866142 
vn 0.84252 -0.527559 0.0944882 
vn 0.779528 -0.606299 0.15748 
vn 0.929134 0 -0.362205 
vn 0.850394 -0.0314961 -0.519685 
vn 0.850394 -0.0314961 -0.519685 
vn 0.84252 -0.527559 0.0944882 
vn 0.779528 -0.606299 0.15748 
vn 0.708661 -0.661417 0.244094 
vn 0.96063 0.0944882 -0.251969 
vn 0.929134 0 -0.362205 
vn 0.929134 0 -0.362205 
vn 0.779528 -0.606299 0.15748 
vn 0.708661 -0.661417 0.244094 
vn 0.645669 -0.708661 0.291339 
vn 0.992126 0.0551181 -0.0944882 
vn 0.96063 0.0944882 -0.251969 
vn 0.96063 0.0944882 -0.251969 
vn 0.708661 -0.661417 0.244094 
vn 0.645669 -0.708661 0.291339 
vn 0.724409 0.622047 -0.307087 
vn 0.992126 0.0551181 -0.0944882 
vn 0.645669 -0.708661 0.291339 
vn 0.645669 -0.708661 0.291339 
vn 0.559055 -0.755906 0.338583 
vn 0.724409 0.622047 -0.307087 
vn 0.818898 0.0787402 -0.566929 
vn -0.393701 0.606299 -0.692913 
vn 0.913386 0.0866142 -0.393701 
vn -0.307087 0.669291 -0.677165 
vn -0.393701 0.606299 -0.692913 
vn 0.818898 0.0787402 -0.566929 
vn 0.818898 0.0787402 -0.566929 
vn 0.850394 -0.0314961 -0.519685 
vn -0.307087 0.669291 -0.677165 
vn -0.204724 0.732283 -0.645669 
vn -0.307087 0.669291 -0.677165 
vn 0.850394 -0.0314961 -0.519685 
vn 0.850394 -0.0314961 -0.519685 
vn 0.929134 0 -0.362205 
vn -0.204724 0.732283 -0.645669 
vn -0.0629921 0.811024 -0.582677 
vn -0.204724 0.732283 -0.645669 
vn 0.929134 0 -0.362205 
vn 0.929134 0 -0.362205 
vn 0.96063 0.0944882 -0.251969 
vn -0.0629921 0.811024 -0.582677 
vn -0.015748 0.826772 -0.566929 
vn -0.0629921 0.811024 -0.582677 
vn 0.96063 0.0944882 -0.251969 
vn 0.96063 0.0944882 -0.251969 
vn 0.992126 0.0551181 -0.0944882 
vn -0.015748 0.826772 -0.566929 
vn 0.023622 0.850394 -0.527559 
vn -0.015748 0.826772 -0.566929 
vn 0.992126 0.0551181 -0.0944882 
vn 0.992126 0.0551181 -0.0944882 
vn 0.724409 0.622047 -0.307087 
vn 0.023622 0.850394 -0.527559 
vn -0.023622 0.598425 -0.80315 
vn 0.023622 0.850394 -0.527559 
vn 0.724409 0.622047 -0.307087 
vn 0.724409 0.622047 -0.307087 
vn 0.370079 0.653543 -0.661417 
vn -0.023622 0.598425 -0.80315 
vn -0.023622 0.598425 -0.80315 
vn 0.370079 0.653543 -0.661417 
vn 0.464567 -0.858268 0.220472 
vn 0.464567 -0.858268 0.220472 
vn -0.0787402 -0.984252 0.149606 
vn -0.023622 0.598425 -0.80315 
vn 0.559055 -0.755906 0.338583 
vn 0.0472441 -0.96063 0.267717 
vn -0.0787402 -0.984252 0.149606 
vn -0.0787402 -0.984252 0.149606 
vn 0.464567 -0.858268 0.220472 
vn 0.559055 -0.755906 0.338583 
vn 0.708661 -0.661417 0.244094 
vn 0.393701 -0.834646 0.385827 
vn 0.23622 -0.897638 0.362205 
vn 0.23622 -0.897638 0.362205 
vn 0.645669 -0.708661 0.291339 
vn 0.708661 -0.661417 0.244094 
vn 0.779528 -0.606299 0.15748 
vn 0.559055 -0.740157 0.377953 
vn 0.393701 -0.834646 0.385827 
vn 0.393701 -0.834646 0.385827 
vn 0.708661 -0.661417 0.244094 
vn 0.779528 -0.606299 0.15748 
vn 0.84252 -0.527559 0.0944882 
vn 0.692913 -0.614173 0.385827 
vn 0.559055 -0.740157 0.377953 
vn 0.559055 -0.740157 0.377953 
vn 0.779528 -0.606299 0.15748 
vn 0.84252 -0.527559 0.0944882 
vn 0.968504 -0.244094 -0.0866142 
vn 0.76378 -0.503937 0.401575 
vn 0.692913 -0.614173 0.385827 
vn 0.692913 -0.614173 0.385827 
vn 0.84252 -0.527559 0.0944882 
vn 0.968504 -0.244094 -0.0866142 
vn 0.96063 -0.00787402 -0.267717 
vn 0.76378 -0.503937 0.401575 
vn 0.968504 -0.244094 -0.0866142 
vn 0.645669 -0.708661 0.291339 
vn 0.23622 -0.897638 0.362205 
vn 0.0472441 -0.96063 0.267717 
vn 0.0472441 -0.96063 0.267717 
vn 0.559055 -0.755906 0.338583 
vn 0.645669 -0.708661 0.291339 
vn 0.464567 -0.858268 0.220472 
vn 0.370079 0.653543 -0.661417 
vn 0.724409 0.622047 -0.307087 
vn 0.724409 0.622047 -0.307087 
vn 0.559055 -0.755906 0.338583 
vn 0.464567 -0.858268 0.220472 
vn -0.818898 0.551181 -0.149606 
vn -0.76378 0.590551 -0.259843 
vn -0.913386 -0.346457 0.220472 
vn -0.913386 -0.346457 0.220472 
vn -0.905512 -0.19685 0.377953 
vn -0.818898 0.551181 -0.149606 
vn -0.866142 0.503937 -0.023622 
vn -0.818898 0.551181 -0.149606 
vn -0.905512 -0.19685 0.377953 
vn -0.905512 -0.19685 0.377953 
vn -0.811024 -0.110236 0.566929 
vn -0.866142 0.503937 -0.023622 
vn -0.866142 0.496063 0.0314961 
vn -0.866142 0.503937 -0.023622 
vn -0.811024 -0.110236 0.566929 
vn -0.811024 -0.110236 0.566929 
vn -0.708661 -0.00787402 0.708661 
vn -0.866142 0.496063 0.0314961 
vn -0.779528 0.590551 0.204724 
vn -0.866142 0.496063 0.0314961 
vn -0.708661 -0.00787402 0.708661 
vn -0.708661 -0.00787402 0.708661 
vn -0.566929 0.425197 0.708661 
vn -0.779528 0.590551 0.204724 
vn -0.511811 0.716535 0.480315 
vn -0.590551 0.740157 0.322835 
vn -0.779528 0.590551 0.204724 
vn -0.779528 0.590551 0.204724 
vn -0.566929 0.425197 0.708661 
vn -0.511811 0.716535 0.480315 
vn -0.779528 0.590551 0.204724 
vn -0.590551 0.740157 0.322835 
vn -0.614173 0.637795 -0.472441 
vn -0.866142 0.496063 0.0314961 
vn -0.779528 0.590551 0.204724 
vn -0.614173 0.637795 -0.472441 
vn -0.614173 0.637795 -0.472441 
vn -0.559055 0.677165 -0.480315 
vn -0.866142 0.496063 0.0314961 
vn -0.866142 0.503937 -0.023622 
vn -0.866142 0.496063 0.0314961 
vn -0.559055 0.677165 -0.480315 
vn -0.559055 0.677165 -0.480315 
vn -0.448819 0.755906 -0.472441 
vn -0.866142 0.503937 -0.023622 
vn -0.818898 0.551181 -0.149606 
vn -0.866142 0.503937 -0.023622 
vn -0.448819 0.755906 -0.472441 
vn -0.448819 0.755906 -0.472441 
vn -0.354331 0.80315 -0.480315 
vn -0.818898 0.551181 -0.149606 
vn -0.76378 0.590551 -0.259843 
vn -0.818898 0.551181 -0.149606 
vn -0.354331 0.80315 -0.480315 
vn -0.354331 0.80315 -0.480315 
vn -0.291339 0.818898 -0.496063 
vn -0.76378 0.590551 -0.259843 
vn -0.622047 0.669291 -0.401575 
vn -0.76378 0.590551 -0.259843 
vn -0.291339 0.818898 -0.496063 
vn -0.291339 0.818898 -0.496063 
vn -0.19685 0.84252 -0.503937 
vn -0.622047 0.669291 -0.401575 
vn -0.488189 0.606299 -0.629921 
vn -0.622047 0.669291 -0.401575 
vn -0.19685 0.84252 -0.503937 
vn -0.19685 0.84252 -0.503937 
vn -0.354331 0.692913 -0.622047 
vn -0.488189 0.606299 -0.629921 
vn -0.937008 -0.291339 -0.181102 
vn -0.559055 -0.795276 -0.228346 
vn -0.283465 -0.944882 0.188976 
vn -0.283465 -0.944882 0.188976 
vn -0.952756 -0.314961 -0.0472441 
vn -0.937008 -0.291339 -0.181102 
vn -0.913386 -0.346457 0.220472 
vn -0.267717 -0.92126 0.275591 
vn -0.110236 -0.889764 0.448819 
vn -0.110236 -0.889764 0.448819 
vn -0.905512 -0.19685 0.377953 
vn -0.913386 -0.346457 0.220472 
vn -0.905512 -0.19685 0.377953 
vn -0.110236 -0.889764 0.448819 
vn 0.0866142 -0.811024 0.574803 
vn 0.0866142 -0.811024 0.574803 
vn -0.811024 -0.110236 0.566929 
vn -0.905512 -0.19685 0.377953 
vn -0.811024 -0.110236 0.566929 
vn 0.0866142 -0.811024 0.574803 
vn 0.354331 -0.669291 0.653543 
vn 0.354331 -0.669291 0.653543 
vn -0.708661 -0.00787402 0.708661 
vn -0.811024 -0.110236 0.566929 
vn -0.708661 -0.00787402 0.708661 
vn 0.354331 -0.669291 0.653543 
vn 0.598425 -0.496063 0.629921 
vn 0.598425 -0.496063 0.629921 
vn -0.566929 0.425197 0.708661 
vn -0.708661 -0.00787402 0.708661 
vn -0.511811 0.716535 0.480315 
vn -0.566929 0.425197 0.708661 
vn 0.598425 -0.496063 0.629921 
vn -0.952756 -0.314961 -0.0472441 
vn -0.283465 -0.944882 0.188976 
vn -0.267717 -0.92126 0.275591 
vn -0.267717 -0.92126 0.275591 
vn -0.913386 -0.346457 0.220472 
vn -0.952756 -0.314961 -0.0472441 
vn -0.559055 -0.795276 -0.228346 
vn -0.937008 -0.291339 -0.181102 
vn -0.488189 0.606299 -0.629921 
vn -0.488189 0.606299 -0.629921 
vn -0.354331 0.692913 -0.622047 
vn -0.559055 -0.795276 -0.228346 
vn -0.913386 -0.346457 0.220472 
vn -0.76378 0.590551 -0.259843 
vn -0.622047 0.669291 -0.401575 
vn -0.622047 0.669291 -0.401575 
vn -0.952756 -0.314961 -0.0472441 
vn -0.913386 -0.346457 0.220472 
vn -0.937008 -0.291339 -0.181102 
vn -0.952756 -0.314961 -0.0472441 
vn -0.622047 0.669291 -0.401575 
vn -0.622047 0.669291 -0.401575 
vn -0.488189 0.606299 -0.629921 
vn -0.937008 -0.291339 -0.181102 
vn 0.559055 0.188976 -0.811024 
vn 0.708661 0.125984 -0.692913 
vn 0.834646 -0.110236 -0.543307 
vn 0.834646 -0.110236 -0.543307 
vn 0.322835 0.0393701 -0.944882 
vn 0.559055 0.188976 -0.811024 
vn 0.850394 -0.409449 -0.322835 
vn 0.259843 -0.11811 -0.96063 
vn 0.322835 0.0393701 -0.944882 
vn 0.322835 0.0393701 -0.944882 
vn 0.834646 -0.110236 -0.543307 
vn 0.850394 -0.409449 -0.322835 
vn 0.826772 -0.503937 -0.267717 
vn 0.354331 -0.0866142 -0.929134 
vn 0.259843 -0.11811 -0.96063 
vn 0.259843 -0.11811 -0.96063 
vn 0.850394 -0.409449 -0.322835 
vn 0.826772 -0.503937 -0.267717 
vn 0.795276 -0.566929 -0.19685 
vn 0.354331 0 -0.937008 
vn 0.354331 -0.0866142 -0.929134 
vn 0.354331 -0.0866142 -0.929134 
vn 0.826772 -0.503937 -0.267717 
vn 0.795276 -0.566929 -0.19685 
vn 0.795276 -0.566929 -0.19685 
vn 0.755906 -0.637795 -0.149606 
vn 0.425197 -0.00787402 -0.905512 
vn 0.425197 -0.00787402 -0.905512 
vn 0.354331 0 -0.937008 
vn 0.795276 -0.566929 -0.19685 
vn -0.102362 0.425197 -0.897638 
vn 0.425197 -0.00787402 -0.905512 
vn 0.755906 -0.637795 -0.149606 
vn 0.755906 -0.637795 -0.149606 
vn 0.708661 -0.700787 -0.11811 
vn -0.102362 0.425197 -0.897638 
vn 0.322835 0.0393701 -0.944882 
vn -0.795276 0.346457 -0.496063 
vn 0.559055 0.188976 -0.811024 
vn -0.771654 0.401575 -0.503937 
vn -0.795276 0.346457 -0.496063 
vn 0.322835 0.0393701 -0.944882 
vn 0.322835 0.0393701 -0.944882 
vn 0.259843 -0.11811 -0.96063 
vn -0.771654 0.401575 -0.503937 
vn -0.716535 0.472441 -0.511811 
vn -0.771654 0.401575 -0.503937 
vn 0.259843 -0.11811 -0.96063 
vn 0.259843 -0.11811 -0.96063 
vn 0.354331 -0.0866142 -0.929134 
vn -0.716535 0.472441 -0.511811 
vn -0.645669 0.559055 -0.519685 
vn -0.716535 0.472441 -0.511811 
vn 0.354331 -0.0866142 -0.929134 
vn 0.354331 -0.0866142 -0.929134 
vn 0.354331 0 -0.937008 
vn -0.645669 0.559055 -0.519685 
vn -0.629921 0.582677 -0.511811 
vn -0.645669 0.559055 -0.519685 
vn 0.354331 0 -0.937008 
vn 0.354331 0 -0.937008 
vn 0.425197 -0.00787402 -0.905512 
vn -0.629921 0.582677 -0.511811 
vn -0.614173 0.614173 -0.496063 
vn -0.629921 0.582677 -0.511811 
vn 0.425197 -0.00787402 -0.905512 
vn 0.425197 -0.00787402 -0.905512 
vn -0.102362 0.425197 -0.897638 
vn -0.614173 0.614173 -0.496063 
vn -0.787402 0.181102 -0.590551 
vn -0.614173 0.614173 -0.496063 
vn -0.102362 0.425197 -0.897638 
vn -0.102362 0.425197 -0.897638 
vn -0.527559 0.338583 -0.779528 
vn -0.787402 0.181102 -0.590551 
vn -0.787402 0.181102 -0.590551 
vn -0.527559 0.338583 -0.779528 
vn 0.527559 -0.84252 -0.11811 
vn 0.527559 -0.84252 -0.11811 
vn 0.291339 -0.929134 0.23622 
vn -0.787402 0.181102 -0.590551 
vn 0.708661 -0.700787 -0.11811 
vn 0.464567 -0.850394 0.251969 
vn 0.291339 -0.929134 0.23622 
vn 0.291339 -0.929134 0.23622 
vn 0.527559 -0.84252 -0.11811 
vn 0.708661 -0.700787 -0.11811 
vn 0.795276 -0.566929 -0.19685 
vn 0.732283 -0.661417 0.173228 
vn 0.622047 -0.748031 0.212598 
vn 0.622047 -0.748031 0.212598 
vn 0.755906 -0.637795 -0.149606 
vn 0.795276 -0.566929 -0.19685 
vn 0.826772 -0.503937 -0.267717 
vn 0.826772 -0.551181 0.11811 
vn 0.732283 -0.661417 0.173228 
vn 0.732283 -0.661417 0.173228 
vn 0.795276 -0.566929 -0.19685 
vn 0.826772 -0.503937 -0.267717 
vn 0.850394 -0.409449 -0.322835 
vn 0.905512 -0.409449 0.102362 
vn 0.826772 -0.551181 0.11811 
vn 0.826772 -0.551181 0.11811 
vn 0.826772 -0.503937 -0.267717 
vn 0.850394 -0.409449 -0.322835 
vn 0.834646 -0.110236 -0.543307 
vn 0.952756 -0.275591 0.11811 
vn 0.905512 -0.409449 0.102362 
vn 0.905512 -0.409449 0.102362 
vn 0.850394 -0.409449 -0.322835 
vn 0.834646 -0.110236 -0.543307 
vn 0.708661 0.125984 -0.692913 
vn 0.952756 -0.275591 0.11811 
vn 0.834646 -0.110236 -0.543307 
vn 0.755906 -0.637795 -0.149606 
vn 0.622047 -0.748031 0.212598 
vn 0.464567 -0.850394 0.251969 
vn 0.464567 -0.850394 0.251969 
vn 0.708661 -0.700787 -0.11811 
vn 0.755906 -0.637795 -0.149606 
vn 0.527559 -0.84252 -0.11811 
vn -0.527559 0.338583 -0.779528 
vn -0.102362 0.425197 -0.897638 
vn -0.102362 0.425197 -0.897638 
vn 0.708661 -0.700787 -0.11811 
vn 0.527559 -0.84252 -0.11811 
vn -0.228346 -0.133858 0.96063 
vn -0.811024 0.496063 0.322835 
vn -0.826772 0.503937 0.251969 
vn -0.826772 0.503937 0.251969 
vn -0.259843 -0.314961 0.913386 
vn -0.228346 -0.133858 0.96063 
vn -0.795276 0.448819 0.409449 
vn -0.811024 0.496063 0.322835 
vn -0.228346 -0.133858 0.96063 
vn -0.228346 -0.133858 0.96063 
vn -0.125984 -0.023622 0.992126 
vn -0.795276 0.448819 0.409449 
vn -0.80315 0.425197 0.417323 
vn -0.795276 0.448819 0.409449 
vn -0.125984 -0.023622 0.992126 
vn -0.125984 -0.023622 0.992126 
vn -0.0551181 0.102362 0.992126 
vn -0.80315 0.425197 0.417323 
vn -0.692913 0.551181 0.464567 
vn -0.80315 0.425197 0.417323 
vn -0.0551181 0.102362 0.992126 
vn -0.0551181 0.102362 0.992126 
vn -0.173228 0.511811 0.84252 
vn -0.692913 0.551181 0.464567 
vn -0.393701 0.716535 0.574803 
vn -0.535433 0.700787 0.464567 
vn -0.692913 0.551181 0.464567 
vn -0.692913 0.551181 0.464567 
vn -0.173228 0.511811 0.84252 
vn -0.393701 0.716535 0.574803 
vn -0.692913 0.551181 0.464567 
vn -0.535433 0.700787 0.464567 
vn -0.889764 0.401575 -0.212598 
vn -0.80315 0.425197 0.417323 
vn -0.692913 0.551181 0.464567 
vn -0.889764 0.401575 -0.212598 
vn -0.889764 0.401575 -0.212598 
vn -0.874016 0.440945 -0.212598 
vn -0.80315 0.425197 0.417323 
vn -0.795276 0.448819 0.409449 
vn -0.80315 0.425197 0.417323 
vn -0.874016 0.440945 -0.212598 
vn -0.874016 0.440945 -0.212598 
vn -0.818898 0.527559 -0.228346 
vn -0.795276 0.448819 0.409449 
vn -0.811024 0.496063 0.322835 
vn -0.795276 0.448819 0.409449 
vn -0.818898 0.527559 -0.228346 
vn -0.818898 0.527559 -0.228346 
vn -0.771654 0.582677 -0.244094 
vn -0.811024 0.496063 0.322835 
vn -0.826772 0.503937 0.251969 
vn -0.811024 0.496063 0.322835 
vn -0.771654 0.582677 -0.244094 
vn -0.771654 0.582677 -0.244094 
vn -0.755906 0.598425 -0.267717 
vn -0.826772 0.503937 0.251969 
vn -0.826772 0.559055 0.0551181 
vn -0.826772 0.503937 0.251969 
vn -0.755906 0.598425 -0.267717 
vn -0.755906 0.598425 -0.267717 
vn -0.716535 0.622047 -0.307087 
vn -0.826772 0.559055 0.0551181 
vn -0.929134 0.346457 -0.110236 
vn -0.826772 0.559055 0.0551181 
vn -0.716535 0.622047 -0.307087 
vn -0.716535 0.622047 -0.307087 
vn -0.850394 0.464567 -0.259843 
vn -0.929134 0.346457 -0.110236 
vn -0.582677 -0.417323 0.700787 
vn -0.19685 -0.913386 0.346457 
vn 0.275591 -0.866142 0.425197 
vn 0.275591 -0.866142 0.425197 
vn -0.480315 -0.362205 0.795276 
vn -0.582677 -0.417323 0.700787 
vn -0.259843 -0.314961 0.913386 
vn 0.370079 -0.795276 0.472441 
vn 0.551181 -0.677165 0.488189 
vn 0.551181 -0.677165 0.488189 
vn -0.228346 -0.133858 0.96063 
vn -0.259843 -0.314961 0.913386 
vn -0.228346 -0.133858 0.96063 
vn 0.551181 -0.677165 0.488189 
vn 0.685039 -0.535433 0.496063 
vn 0.685039 -0.535433 0.496063 
vn -0.125984 -0.023622 0.992126 
vn -0.228346 -0.133858 0.96063 
vn -0.125984 -0.023622 0.992126 
vn 0.685039 -0.535433 0.496063 
vn 0.818898 -0.346457 0.456693 
vn 0.818898 -0.346457 0.456693 
vn -0.0551181 0.102362 0.992126 
vn -0.125984 -0.023622 0.992126 
vn -0.0551181 0.102362 0.992126 
vn 0.818898 -0.346457 0.456693 
vn 0.905512 -0.204724 0.377953 
vn 0.905512 -0.204724 0.377953 
vn -0.173228 0.511811 0.84252 
vn -0.0551181 0.102362 0.992126 
vn -0.393701 0.716535 0.574803 
vn -0.173228 0.511811 0.84252 
vn 0.905512 -0.204724 0.377953 
vn -0.480315 -0.362205 0.795276 
vn 0.275591 -0.866142 0.425197 
vn 0.370079 -0.795276 0.472441 
vn 0.370079 -0.795276 0.472441 
vn -0.259843 -0.314961 0.913386 
vn -0.480315 -0.362205 0.795276 
vn -0.19685 -0.913386 0.346457 
vn -0.582677 -0.417323 0.700787 
vn -0.929134 0.346457 -0.110236 
vn -0.929134 0.346457 -0.110236 
vn -0.850394 0.464567 -0.259843 
vn -0.19685 -0.913386 0.346457 
vn -0.259843 -0.314961 0.913386 
vn -0.826772 0.503937 0.251969 
vn -0.826772 0.559055 0.0551181 
vn -0.826772 0.559055 0.0551181 
vn -0.480315 -0.362205 0.795276 
vn -0.259843 -0.314961 0.913386 
vn -0.582677 -0.417323 0.700787 
vn -0.480315 -0.362205 0.795276 
vn -0.826772 0.559055 0.0551181 
vn -0.826772 0.559055 0.0551181 
vn -0.929134 0.346457 -0.110236 
vn -0.582677 -0.417323 0.700787 
vn 0.314961 0.204724 -0.929134 
vn 0.503937 0.149606 -0.850394 
vn 0.692913 -0.0944882 -0.716535 
vn 0.692913 -0.0944882 -0.716535 
vn 0.0551181 0.0551181 -1 
vn 0.314961 0.204724 -0.929134 
vn 0.771654 -0.417323 -0.480315 
vn -0.0314961 -0.102362 -0.992126 
vn 0.0551181 0.0551181 -1 
vn 0.0551181 0.0551181 -1 
vn 0.692913 -0.0944882 -0.716535 
vn 0.771654 -0.417323 -0.480315 
vn 0.755906 -0.503937 -0.417323 
vn 0.0708661 -0.0787402 -0.992126 
vn -0.0314961 -0.102362 -0.992126 
vn -0.0314961 -0.102362 -0.992126 
vn 0.771654 -0.417323 -0.480315 
vn 0.755906 -0.503937 -0.417323 
vn 0.755906 -0.503937 -0.417323 
vn 0.740157 -0.574803 -0.346457 
vn 0.0708661 0.00787402 -1 
vn 0.0708661 0.00787402 -1 
vn 0.0708661 -0.0787402 -0.992126 
vn 0.755906 -0.503937 -0.417323 
vn 0.740157 -0.574803 -0.346457 
vn 0.708661 -0.653543 -0.275591 
vn 0.141732 0 -0.992126 
vn 0.141732 0 -0.992126 
vn 0.0708661 0.00787402 -1 
vn 0.740157 -0.574803 -0.346457 
vn -0.330709 0.393701 -0.858268 
vn 0.141732 0 -0.992126 
vn 0.708661 -0.653543 -0.275591 
vn 0.708661 -0.653543 -0.275591 
vn 0.653543 -0.708661 -0.251969 
vn -0.330709 0.393701 -0.858268 
vn 0.0551181 0.0551181 -1 
vn -0.874016 0.322835 -0.370079 
vn 0.314961 0.204724 -0.929134 
vn -0.84252 0.377953 -0.377953 
vn -0.874016 0.322835 -0.370079 
vn 0.0551181 0.0551181 -1 
vn 0.0551181 0.0551181 -1 
vn -0.0314961 -0.102362 -0.992126 
vn -0.84252 0.377953 -0.377953 
vn -0.80315 0.448819 -0.393701 
vn -0.84252 0.377953 -0.377953 
vn -0.0314961 -0.102362 -0.992126 
vn -0.0314961 -0.102362 -0.992126 
vn 0.0708661 -0.0787402 -0.992126 
vn -0.80315 0.448819 -0.393701 
vn -0.740157 0.535433 -0.409449 
vn -0.80315 0.448819 -0.393701 
vn 0.0708661 -0.0787402 -0.992126 
vn 0.0708661 -0.0787402 -0.992126 
vn 0.0708661 0.00787402 -1 
vn -0.740157 0.535433 -0.409449 
vn -0.724409 0.551181 -0.409449 
vn -0.740157 0.535433 -0.409449 
vn 0.0708661 0.00787402 -1 
vn 0.0708661 0.00787402 -1 
vn 0.141732 0 -0.992126 
vn -0.724409 0.551181 -0.409449 
vn -0.708661 0.590551 -0.393701 
vn -0.724409 0.551181 -0.409449 
vn 0.141732 0 -0.992126 
vn 0.141732 0 -0.992126 
vn -0.330709 0.393701 -0.858268 
vn -0.708661 0.590551 -0.393701 
vn -0.88189 0.165354 -0.440945 
vn -0.708661 0.590551 -0.393701 
vn -0.330709 0.393701 -0.858268 
vn -0.330709 0.393701 -0.858268 
vn -0.685039 0.299213 -0.669291 
vn -0.88189 0.165354 -0.440945 
vn -0.88189 0.165354 -0.440945 
vn -0.685039 0.299213 -0.669291 
vn 0.472441 -0.850394 -0.212598 
vn 0.472441 -0.850394 -0.212598 
vn 0.322835 -0.929134 0.188976 
vn -0.88189 0.165354 -0.440945 
vn 0.653543 -0.708661 -0.251969 
vn 0.503937 -0.84252 0.181102 
vn 0.322835 -0.929134 0.188976 
vn 0.322835 -0.929134 0.188976 
vn 0.472441 -0.850394 -0.212598 
vn 0.653543 -0.708661 -0.251969 
vn 0.740157 -0.574803 -0.346457 
vn 0.755906 -0.653543 0.0629921 
vn 0.653543 -0.748031 0.11811 
vn 0.653543 -0.748031 0.11811 
vn 0.708661 -0.653543 -0.275591 
vn 0.740157 -0.574803 -0.346457 
vn 0.755906 -0.503937 -0.417323 
vn 0.84252 -0.543307 0.00787402 
vn 0.755906 -0.653543 0.0629921 
vn 0.755906 -0.653543 0.0629921 
vn 0.740157 -0.574803 -0.346457 
vn 0.755906 -0.503937 -0.417323 
vn 0.771654 -0.417323 -0.480315 
vn 0.913386 -0.401575 -0.023622 
vn 0.84252 -0.543307 0.00787402 
vn 0.84252 -0.543307 0.00787402 
vn 0.755906 -0.503937 -0.417323 
vn 0.771654 -0.417323 -0.480315 
vn 0.692913 -0.0944882 -0.716535 
vn 0.968504 -0.259843 -0.00787402 
vn 0.913386 -0.401575 -0.023622 
vn 0.913386 -0.401575 -0.023622 
vn 0.771654 -0.417323 -0.480315 
vn 0.692913 -0.0944882 -0.716535 
vn 0.503937 0.149606 -0.850394 
vn 0.968504 -0.259843 -0.00787402 
vn 0.692913 -0.0944882 -0.716535 
vn 0.708661 -0.653543 -0.275591 
vn 0.653543 -0.748031 0.11811 
vn 0.503937 -0.84252 0.181102 
vn 0.503937 -0.84252 0.181102 
vn 0.653543 -0.708661 -0.251969 
vn 0.708661 -0.653543 -0.275591 
vn -0.685039 0.299213 -0.669291 
vn -0.330709 0.393701 -0.858268 
vn 0.653543 -0.708661 -0.251969 
vn 0.653543 -0.708661 -0.251969 
vn 0.472441 -0.850394 -0.212598 
vn -0.685039 0.299213 -0.669291 
vn 0.0551181 -0.141732 0.992126 
vn -0.724409 0.503937 0.472441 
vn -0.748031 0.511811 0.417323 
vn -0.748031 0.511811 0.417323 
vn 0.00787402 -0.314961 0.944882 
vn 0.0551181 -0.141732 0.992126 
vn -0.685039 0.456693 0.566929 
vn -0.724409 0.503937 0.472441 
vn 0.0551181 -0.141732 0.992126 
vn 0.0551181 -0.141732 0.992126 
vn 0.15748 -0.0314961 0.984252 
vn -0.685039 0.456693 0.566929 
vn -0.700787 0.433071 0.574803 
vn -0.685039 0.456693 0.566929 
vn 0.15748 -0.0314961 0.984252 
vn 0.15748 -0.0314961 0.984252 
vn 0.228346 0.0866142 0.968504 
vn -0.700787 0.433071 0.574803 
vn -0.582677 0.559055 0.598425 
vn -0.700787 0.433071 0.574803 
vn 0.228346 0.0866142 0.968504 
vn 0.228346 0.0866142 0.968504 
vn 0.0708661 0.496063 0.866142 
vn -0.582677 0.559055 0.598425 
vn -0.393701 0.716535 0.582677 
vn -0.582677 0.559055 0.598425 
vn 0.0708661 0.496063 0.866142 
vn 0.0708661 0.496063 0.866142 
vn -0.212598 0.724409 0.661417 
vn -0.393701 0.716535 0.582677 
vn -0.582677 0.559055 0.598425 
vn -0.393701 0.716535 0.582677 
vn -0.92126 0.385827 -0.0866142 
vn -0.700787 0.433071 0.574803 
vn -0.582677 0.559055 0.598425 
vn -0.92126 0.385827 -0.0866142 
vn -0.92126 0.385827 -0.0866142 
vn -0.897638 0.425197 -0.0866142 
vn -0.700787 0.433071 0.574803 
vn -0.685039 0.456693 0.566929 
vn -0.700787 0.433071 0.574803 
vn -0.897638 0.425197 -0.0866142 
vn -0.897638 0.425197 -0.0866142 
vn -0.858268 0.511811 -0.102362 
vn -0.685039 0.456693 0.566929 
vn -0.724409 0.503937 0.472441 
vn -0.685039 0.456693 0.566929 
vn -0.858268 0.511811 -0.102362 
vn -0.858268 0.511811 -0.102362 
vn -0.811024 0.566929 -0.125984 
vn -0.724409 0.503937 0.472441 
vn -0.748031 0.511811 0.417323 
vn -0.724409 0.503937 0.472441 
vn -0.811024 0.566929 -0.125984 
vn -0.811024 0.566929 -0.125984 
vn -0.795276 0.582677 -0.141732 
vn -0.748031 0.511811 0.417323 
vn -0.80315 0.566929 0.19685 
vn -0.748031 0.511811 0.417323 
vn -0.795276 0.582677 -0.141732 
vn -0.795276 0.582677 -0.141732 
vn -0.771654 0.606299 -0.181102 
vn -0.80315 0.566929 0.19685 
vn -0.937008 0.338583 0.0629921 
vn -0.80315 0.566929 0.19685 
vn -0.771654 0.606299 -0.181102 
vn -0.771654 0.606299 -0.181102 
vn -0.889764 0.440945 -0.110236 
vn -0.937008 0.338583 0.0629921 
vn -0.370079 -0.433071 0.818898 
vn -0.0866142 -0.913386 0.393701 
vn 0.370079 -0.84252 0.377953 
vn 0.370079 -0.84252 0.377953 
vn -0.23622 -0.377953 0.897638 
vn -0.370079 -0.433071 0.818898 
vn 0.00787402 -0.314961 0.944882 
vn 0.488189 -0.771654 0.409449 
vn 0.653543 -0.645669 0.401575 
vn 0.653543 -0.645669 0.401575 
vn 0.0551181 -0.141732 0.992126 
vn 0.00787402 -0.314961 0.944882 
vn 0.0551181 -0.141732 0.992126 
vn 0.653543 -0.645669 0.401575 
vn 0.779528 -0.496063 0.377953 
vn 0.779528 -0.496063 0.377953 
vn 0.15748 -0.0314961 0.984252 
vn 0.0551181 -0.141732 0.992126 
vn 0.15748 -0.0314961 0.984252 
vn 0.779528 -0.496063 0.377953 
vn 0.889764 -0.322835 0.330709 
vn 0.889764 -0.322835 0.330709 
vn 0.228346 0.0866142 0.968504 
vn 0.15748 -0.0314961 0.984252 
vn 0.228346 0.0866142 0.968504 
vn 0.889764 -0.322835 0.330709 
vn 0.952756 -0.181102 0.251969 
vn 0.952756 -0.181102 0.251969 
vn 0.0708661 0.496063 0.866142 
vn 0.228346 0.0866142 0.968504 
vn -0.212598 0.724409 0.661417 
vn 0.0708661 0.496063 0.866142 
vn 0.952756 -0.181102 0.251969 
vn -0.23622 -0.377953 0.897638 
vn 0.370079 -0.84252 0.377953 
vn 0.488189 -0.771654 0.409449 
vn 0.488189 -0.771654 0.409449 
vn 0.00787402 -0.314961 0.944882 
vn -0.23622 -0.377953 0.897638 
vn -0.0866142 -0.913386 0.393701 
vn -0.370079 -0.433071 0.818898 
vn -0.937008 0.338583 0.0629921 
vn -0.937008 0.338583 0.0629921 
vn -0.889764 0.440945 -0.110236 
vn -0.0866142 -0.913386 0.393701 
vn 0.00787402 -0.314961 0.944882 
vn -0.748031 0.511811 0.417323 
vn -0.80315 0.566929 0.19685 
vn -0.80315 0.566929 0.19685 
vn -0.23622 -0.377953 0.897638 
vn 0.00787402 -0.314961 0.944882 
vn -0.370079 -0.433071 0.818898 
vn -0.23622 -0.377953 0.897638 
vn -0.80315 0.566929 0.19685 
vn -0.80315 0.566929 0.19685 
vn -0.937008 0.338583 0.0629921 
vn -0.370079 -0.433071 0.818898 
vn 0.992126 -0.0393701 0.149606 
vn 0.88189 -0.401575 0.23622 
vn 0.952756 0.11811 -0.283465 
vn 0.771654 -0.590551 0.228346 
vn 0.976378 -0.00787402 -0.212598 
vn 0.952756 0.11811 -0.283465 
vn 0.952756 0.11811 -0.283465 
vn 0.88189 -0.401575 0.23622 
vn 0.771654 -0.590551 0.228346 
vn 0.708661 -0.653543 0.259843 
vn 1 0.023622 -0.0866142 
vn 0.976378 -0.00787402 -0.212598 
vn 0.976378 -0.00787402 -0.212598 
vn 0.771654 -0.590551 0.228346 
vn 0.708661 -0.653543 0.259843 
vn 0.645669 -0.700787 0.299213 
vn 0.992126 0.11811 0 
vn 1 0.023622 -0.0866142 
vn 1 0.023622 -0.0866142 
vn 0.708661 -0.653543 0.259843 
vn 0.645669 -0.700787 0.299213 
vn 0.645669 -0.700787 0.299213 
vn 0.590551 -0.748031 0.314961 
vn 0.992126 0.0551181 0.11811 
vn 0.992126 0.0551181 0.11811 
vn 0.992126 0.11811 0 
vn 0.645669 -0.700787 0.299213 
vn 0.771654 0.629921 -0.0866142 
vn 0.992126 0.0551181 0.11811 
vn 0.590551 -0.748031 0.314961 
vn 0.590551 -0.748031 0.314961 
vn 0.519685 -0.795276 0.322835 
vn 0.771654 0.629921 -0.0866142 
vn 0.952756 0.11811 -0.283465 
vn -0.0629921 0.84252 -0.535433 
vn 0.992126 -0.0393701 0.149606 
vn -0.0787402 0.80315 -0.590551 
vn -0.0629921 0.84252 -0.535433 
vn 0.952756 0.11811 -0.283465 
vn 0.952756 0.11811 -0.283465 
vn 0.976378 -0.00787402 -0.212598 
vn -0.0787402 0.80315 -0.590551 
vn 0.00787402 0.84252 -0.543307 
vn -0.0787402 0.80315 -0.590551 
vn 0.976378 -0.00787402 -0.212598 
vn 0.976378 -0.00787402 -0.212598 
vn 1 0.023622 -0.0866142 
vn 0.00787402 0.84252 -0.543307 
vn 0.133858 0.889764 -0.433071 
vn 0.00787402 0.84252 -0.543307 
vn 1 0.023622 -0.0866142 
vn 1 0.023622 -0.0866142 
vn 0.992126 0.11811 0 
vn 0.133858 0.889764 -0.433071 
vn 0.15748 0.897638 -0.409449 
vn 0.133858 0.889764 -0.433071 
vn 0.992126 0.11811 0 
vn 0.992126 0.11811 0 
vn 0.992126 0.0551181 0.11811 
vn 0.15748 0.897638 -0.409449 
vn 0.173228 0.913386 -0.370079 
vn 0.15748 0.897638 -0.409449 
vn 0.992126 0.0551181 0.11811 
vn 0.992126 0.0551181 0.11811 
vn 0.771654 0.629921 -0.0866142 
vn 0.173228 0.913386 -0.370079 
vn 0.133858 0.755906 -0.637795 
vn 0.173228 0.913386 -0.370079 
vn 0.771654 0.629921 -0.0866142 
vn 0.771654 0.629921 -0.0866142 
vn 0.488189 0.732283 -0.464567 
vn 0.133858 0.755906 -0.637795 
vn 0.133858 0.755906 -0.637795 
vn 0.488189 0.732283 -0.464567 
vn 0.472441 -0.866142 0.173228 
vn 0.472441 -0.866142 0.173228 
vn -0.173228 -0.984252 0 
vn 0.133858 0.755906 -0.637795 
vn 0.519685 -0.795276 0.322835 
vn -0.0708661 -0.992126 0.133858 
vn -0.173228 -0.984252 0 
vn -0.173228 -0.984252 0 
vn 0.472441 -0.866142 0.173228 
vn 0.519685 -0.795276 0.322835 
vn 0.645669 -0.700787 0.299213 
vn 0.228346 -0.905512 0.354331 
vn 0.0866142 -0.952756 0.283465 
vn 0.0866142 -0.952756 0.283465 
vn 0.590551 -0.748031 0.314961 
vn 0.645669 -0.700787 0.299213 
vn 0.708661 -0.653543 0.259843 
vn 0.385827 -0.834646 0.401575 
vn 0.228346 -0.905512 0.354331 
vn 0.228346 -0.905512 0.354331 
vn 0.645669 -0.700787 0.299213 
vn 0.708661 -0.653543 0.259843 
vn 0.771654 -0.590551 0.228346 
vn 0.519685 -0.724409 0.456693 
vn 0.385827 -0.834646 0.401575 
vn 0.385827 -0.834646 0.401575 
vn 0.708661 -0.653543 0.259843 
vn 0.771654 -0.590551 0.228346 
vn 0.88189 -0.401575 0.23622 
vn 0.669291 -0.519685 0.527559 
vn 0.519685 -0.724409 0.456693 
vn 0.519685 -0.724409 0.456693 
vn 0.771654 -0.590551 0.228346 
vn 0.88189 -0.401575 0.23622 
vn 0.992126 -0.0393701 0.149606 
vn 0.669291 -0.519685 0.527559 
vn 0.88189 -0.401575 0.23622 
vn 0.590551 -0.748031 0.314961 
vn 0.0866142 -0.952756 0.283465 
vn -0.0708661 -0.992126 0.133858 
vn -0.0708661 -0.992126 0.133858 
vn 0.519685 -0.795276 0.322835 
vn 0.590551 -0.748031 0.314961 
vn 0.472441 -0.866142 0.173228 
vn 0.488189 0.732283 -0.464567 
vn 0.771654 0.629921 -0.0866142 
vn 0.771654 0.629921 -0.0866142 
vn 0.519685 -0.795276 0.322835 
vn 0.472441 -0.866142 0.173228 
vn -0.976378 -0.212598 0.0787402 
vn -0.76378 0.590551 -0.267717 
vn -0.692913 0.629921 -0.338583 
vn -0.692913 0.629921 -0.338583 
vn -0.929134 -0.362205 -0.0314961 
vn -0.976378 -0.212598 0.0787402 
vn -0.826772 0.535433 -0.188976 
vn -0.76378 0.590551 -0.267717 
vn -0.976378 -0.212598 0.0787402 
vn -0.976378 -0.212598 0.0787402 
vn -0.96063 -0.149606 0.244094 
vn -0.826772 0.535433 -0.188976 
vn -0.834646 0.535433 -0.149606 
vn -0.826772 0.535433 -0.188976 
vn -0.96063 -0.149606 0.244094 
vn -0.96063 -0.149606 0.244094 
vn -0.92126 -0.0551181 0.385827 
vn -0.834646 0.535433 -0.149606 
vn -0.787402 0.606299 -0.0708661 
vn -0.834646 0.535433 -0.149606 
vn -0.92126 -0.0551181 0.385827 
vn -0.92126 -0.0551181 0.385827 
vn -0.779528 0.23622 0.582677 
vn -0.787402 0.606299 -0.0708661 
vn -0.582677 0.779528 0.23622 
vn -0.787402 0.606299 -0.0708661 
vn -0.779528 0.23622 0.582677 
vn -0.787402 0.606299 -0.0708661 
vn -0.582677 0.779528 0.23622 
vn -0.362205 0.80315 -0.472441 
vn -0.834646 0.535433 -0.149606 
vn -0.787402 0.606299 -0.0708661 
vn -0.362205 0.80315 -0.472441 
vn -0.362205 0.80315 -0.472441 
vn -0.370079 0.795276 -0.488189 
vn -0.834646 0.535433 -0.149606 
vn -0.826772 0.535433 -0.188976 
vn -0.834646 0.535433 -0.149606 
vn -0.370079 0.795276 -0.488189 
vn -0.370079 0.795276 -0.488189 
vn -0.259843 0.858268 -0.440945 
vn -0.826772 0.535433 -0.188976 
vn -0.76378 0.590551 -0.267717 
vn -0.826772 0.535433 -0.188976 
vn -0.259843 0.858268 -0.440945 
vn -0.259843 0.858268 -0.440945 
vn -0.181102 0.889764 -0.425197 
vn -0.76378 0.590551 -0.267717 
vn -0.692913 0.629921 -0.338583 
vn -0.76378 0.590551 -0.267717 
vn -0.181102 0.889764 -0.425197 
vn -0.181102 0.889764 -0.425197 
vn -0.125984 0.897638 -0.417323 
vn -0.692913 0.629921 -0.338583 
vn -0.543307 0.732283 -0.417323 
vn -0.692913 0.629921 -0.338583 
vn -0.125984 0.897638 -0.417323 
vn -0.125984 0.897638 -0.417323 
vn -0.0551181 0.913386 -0.409449 
vn -0.543307 0.732283 -0.417323 
vn -0.346457 0.724409 -0.590551 
vn -0.543307 0.732283 -0.417323 
vn -0.0551181 0.913386 -0.409449 
vn -0.0551181 0.913386 -0.409449 
vn -0.251969 0.771654 -0.590551 
vn -0.346457 0.724409 -0.590551 
vn -0.905512 -0.259843 -0.346457 
vn -0.598425 -0.685039 -0.409449 
vn -0.401575 -0.913386 0 
vn -0.401575 -0.913386 0 
vn -0.92126 -0.291339 -0.251969 
vn -0.905512 -0.259843 -0.346457 
vn -0.929134 -0.362205 -0.0314961 
vn -0.425197 -0.905512 0.0787402 
vn -0.330709 -0.905512 0.259843 
vn -0.330709 -0.905512 0.259843 
vn -0.976378 -0.212598 0.0787402 
vn -0.929134 -0.362205 -0.0314961 
vn -0.976378 -0.212598 0.0787402 
vn -0.330709 -0.905512 0.259843 
vn -0.220472 -0.88189 0.425197 
vn -0.220472 -0.88189 0.425197 
vn -0.96063 -0.149606 0.244094 
vn -0.976378 -0.212598 0.0787402 
vn -0.96063 -0.149606 0.244094 
vn -0.220472 -0.88189 0.425197 
vn -0.00787402 -0.811024 0.590551 
vn -0.00787402 -0.811024 0.590551 
vn -0.92126 -0.0551181 0.385827 
vn -0.96063 -0.149606 0.244094 
vn -0.92126 -0.0551181 0.385827 
vn -0.00787402 -0.811024 0.590551 
vn 0.370079 -0.598425 0.708661 
vn 0.370079 -0.598425 0.708661 
vn -0.779528 0.23622 0.582677 
vn -0.92126 -0.0551181 0.385827 
vn -0.582677 0.779528 0.23622 
vn -0.779528 0.23622 0.582677 
vn 0.370079 -0.598425 0.708661 
vn -0.92126 -0.291339 -0.251969 
vn -0.401575 -0.913386 0 
vn -0.425197 -0.905512 0.0787402 
vn -0.425197 -0.905512 0.0787402 
vn -0.929134 -0.362205 -0.0314961 
vn -0.92126 -0.291339 -0.251969 
vn -0.598425 -0.685039 -0.409449 
vn -0.905512 -0.259843 -0.346457 
vn -0.346457 0.724409 -0.590551 
vn -0.346457 0.724409 -0.590551 
vn -0.251969 0.771654 -0.590551 
vn -0.598425 -0.685039 -0.409449 
vn -0.929134 -0.362205 -0.0314961 
vn -0.692913 0.629921 -0.338583 
vn -0.543307 0.732283 -0.417323 
vn -0.543307 0.732283 -0.417323 
vn -0.92126 -0.291339 -0.251969 
vn -0.929134 -0.362205 -0.0314961 
vn -0.905512 -0.259843 -0.346457 
vn -0.92126 -0.291339 -0.251969 
vn -0.543307 0.732283 -0.417323 
vn -0.543307 0.732283 -0.417323 
vn -0.346457 0.724409 -0.590551 
vn -0.905512 -0.259843 -0.346457 
vn 0.708661 0.527559 -0.464567 
vn 0.409449 -0.905512 0.11811 
vn 0.425197 -0.905512 0.00787402 
vn 0.425197 -0.905512 0.00787402 
vn 0.417323 0.519685 -0.748031 
vn 0.708661 0.527559 -0.464567 
vn 0.858268 -0.503937 -0.125984 
vn 0.716535 0.0708661 -0.692913 
vn 0.692913 0.149606 -0.700787 
vn 0.692913 0.149606 -0.700787 
vn 0.968504 -0.23622 -0.0944882 
vn 0.858268 -0.503937 -0.125984 
vn 0.716535 0.0708661 -0.692913 
vn 0.858268 -0.503937 -0.125984 
vn 0.795276 -0.614173 -0.00787402 
vn 0.795276 -0.614173 -0.00787402 
vn 0.866142 0.023622 -0.496063 
vn 0.716535 0.0708661 -0.692913 
vn 0.866142 0.023622 -0.496063 
vn 0.795276 -0.614173 -0.00787402 
vn 0.677165 -0.732283 0.0472441 
vn 0.677165 -0.732283 0.0472441 
vn 0.913386 0.102362 -0.401575 
vn 0.866142 0.023622 -0.496063 
vn 0.913386 0.102362 -0.401575 
vn 0.677165 -0.732283 0.0472441 
vn 0.409449 -0.905512 0.11811 
vn 0.409449 -0.905512 0.11811 
vn 0.708661 0.527559 -0.464567 
vn 0.913386 0.102362 -0.401575 
vn -0.700787 0.677165 -0.220472 
vn -0.637795 0.566929 -0.519685 
vn -0.700787 -0.700787 0.125984 
vn -0.700787 -0.700787 0.125984 
vn -0.787402 -0.551181 0.291339 
vn -0.700787 0.677165 -0.220472 
vn -0.732283 0.653543 0.19685 
vn -0.826772 0.551181 0.0787402 
vn -0.622047 0.023622 0.779528 
vn -0.622047 0.023622 0.779528 
vn -0.307087 0.133858 0.944882 
vn -0.732283 0.653543 0.19685 
vn -0.826772 0.551181 0.0787402 
vn -0.826772 0.566929 0.00787402 
vn -0.771654 -0.023622 0.637795 
vn -0.771654 -0.023622 0.637795 
vn -0.622047 0.023622 0.779528 
vn -0.826772 0.551181 0.0787402 
vn -0.826772 0.566929 0.00787402 
vn -0.748031 0.661417 -0.110236 
vn -0.834646 -0.259843 0.488189 
vn -0.834646 -0.259843 0.488189 
vn -0.771654 -0.023622 0.637795 
vn -0.826772 0.566929 0.00787402 
vn -0.748031 0.661417 -0.110236 
vn -0.700787 0.677165 -0.220472 
vn -0.787402 -0.551181 0.291339 
vn -0.787402 -0.551181 0.291339 
vn -0.834646 -0.259843 0.488189 
vn -0.748031 0.661417 -0.110236 
vn -0.700787 -0.700787 0.125984 
vn 0.425197 -0.905512 0.00787402 
vn 0.409449 -0.905512 0.11811 
vn 0.409449 -0.905512 0.11811 
vn -0.787402 -0.551181 0.291339 
vn -0.700787 -0.700787 0.125984 
vn -0.637795 0.566929 -0.519685 
vn 0.417323 0.519685 -0.748031 
vn 0.425197 -0.905512 0.00787402 
vn 0.425197 -0.905512 0.00787402 
vn -0.700787 -0.700787 0.125984 
vn -0.637795 0.566929 -0.519685 
vn -0.637795 0.566929 -0.519685 
vn -0.700787 0.677165 -0.220472 
vn 0.708661 0.527559 -0.464567 
vn 0.708661 0.527559 -0.464567 
vn 0.417323 0.519685 -0.748031 
vn -0.637795 0.566929 -0.519685 
vn -0.622047 0.023622 0.779528 
vn 0.858268 -0.503937 -0.125984 
vn 0.968504 -0.23622 -0.0944882 
vn 0.968504 -0.23622 -0.0944882 
vn -0.307087 0.133858 0.944882 
vn -0.622047 0.023622 0.779528 
vn -0.826772 0.551181 0.0787402 
vn -0.732283 0.653543 0.19685 
vn 0.692913 0.149606 -0.700787 
vn 0.692913 0.149606 -0.700787 
vn 0.716535 0.0708661 -0.692913 
vn -0.826772 0.551181 0.0787402 
vn -0.732283 0.653543 0.19685 
vn -0.307087 0.133858 0.944882 
vn 0.968504 -0.23622 -0.0944882 
vn 0.968504 -0.23622 -0.0944882 
vn 0.692913 0.149606 -0.700787 
vn -0.732283 0.653543 0.19685 
vn -0.771654 -0.023622 0.637795 
vn 0.795276 -0.614173 -0.00787402 
vn 0.858268 -0.503937 -0.125984 
vn 0.858268 -0.503937 -0.125984 
vn -0.622047 0.023622 0.779528 
vn -0.771654 -0.023622 0.637795 
vn -0.826772 0.566929 0.00787402 
vn -0.826772 0.551181 0.0787402 
vn 0.716535 0.0708661 -0.692913 
vn 0.716535 0.0708661 -0.692913 
vn 0.866142 0.023622 -0.496063 
vn -0.826772 0.566929 0.00787402 
vn -0.834646 -0.259843 0.488189 
vn 0.677165 -0.732283 0.0472441 
vn 0.795276 -0.614173 -0.00787402 
vn 0.795276 -0.614173 -0.00787402 
vn -0.771654 -0.023622 0.637795 
vn -0.834646 -0.259843 0.488189 
vn -0.748031 0.661417 -0.110236 
vn -0.826772 0.566929 0.00787402 
vn 0.866142 0.023622 -0.496063 
vn 0.866142 0.023622 -0.496063 
vn 0.913386 0.102362 -0.401575 
vn -0.748031 0.661417 -0.110236 
vn -0.787402 -0.551181 0.291339 
vn 0.409449 -0.905512 0.11811 
vn 0.677165 -0.732283 0.0472441 
vn 0.677165 -0.732283 0.0472441 
vn -0.834646 -0.259843 0.488189 
vn -0.787402 -0.551181 0.291339 
vn -0.700787 0.677165 -0.220472 
vn -0.748031 0.661417 -0.110236 
vn 0.913386 0.102362 -0.401575 
vn 0.913386 0.102362 -0.401575 
vn 0.708661 0.527559 -0.464567 
vn -0.700787 0.677165 -0.220472 
vn 0.818898 0.551181 -0.133858 
vn 0.338583 -0.929134 0.15748 
vn 0.433071 -0.897638 0.0708661 
vn 0.433071 -0.897638 0.0708661 
vn 0.700787 0.559055 -0.440945 
vn 0.818898 0.551181 -0.133858 
vn -0.251969 0.92126 -0.291339 
vn 0.84252 -0.527559 0.0944882 
vn 0.779528 0.330709 -0.527559 
vn 0.779528 0.330709 -0.527559 
vn 0.84252 -0.527559 0.0944882 
vn 0.748031 -0.653543 0.125984 
vn 0.748031 -0.653543 0.125984 
vn 0.976378 0.0708661 -0.220472 
vn 0.779528 0.330709 -0.527559 
vn 0.976378 0.0708661 -0.220472 
vn 0.748031 -0.653543 0.125984 
vn 0.629921 -0.755906 0.165354 
vn 0.629921 -0.755906 0.165354 
vn 0.984252 0.133858 -0.0866142 
vn 0.976378 0.0708661 -0.220472 
vn 0.984252 0.133858 -0.0866142 
vn 0.629921 -0.755906 0.165354 
vn 0.338583 -0.929134 0.15748 
vn 0.338583 -0.929134 0.15748 
vn 0.818898 0.551181 -0.133858 
vn 0.984252 0.133858 -0.0866142 
vn -0.606299 0.716535 -0.346457 
vn -0.401575 0.685039 -0.606299 
vn -0.755906 -0.637795 -0.15748 
vn -0.755906 -0.637795 -0.15748 
vn -0.866142 -0.503937 -0.00787402 
vn -0.606299 0.716535 -0.346457 
vn -0.511811 0.795276 0.338583 
vn -0.818898 0.574803 -0.0393701 
vn -0.267717 -0.283465 0.92126 
vn -0.818898 0.574803 -0.0393701 
vn -0.787402 0.598425 -0.149606 
vn -0.913386 -0.0629921 0.401575 
vn -0.913386 -0.0629921 0.401575 
vn -0.267717 -0.283465 0.92126 
vn -0.818898 0.574803 -0.0393701 
vn -0.787402 0.598425 -0.149606 
vn -0.677165 0.692913 -0.251969 
vn -0.944882 -0.267717 0.204724 
vn -0.944882 -0.267717 0.204724 
vn -0.913386 -0.0629921 0.401575 
vn -0.787402 0.598425 -0.149606 
vn -0.677165 0.692913 -0.251969 
vn -0.606299 0.716535 -0.346457 
vn -0.866142 -0.503937 -0.00787402 
vn -0.866142 -0.503937 -0.00787402 
vn -0.944882 -0.267717 0.204724 
vn -0.677165 0.692913 -0.251969 
vn -0.755906 -0.637795 -0.15748 
vn 0.433071 -0.897638 0.0708661 
vn 0.338583 -0.929134 0.15748 
vn 0.338583 -0.929134 0.15748 
vn -0.866142 -0.503937 -0.00787402 
vn -0.755906 -0.637795 -0.15748 
vn -0.401575 0.685039 -0.606299 
vn 0.700787 0.559055 -0.440945 
vn 0.433071 -0.897638 0.0708661 
vn 0.433071 -0.897638 0.0708661 
vn -0.755906 -0.637795 -0.15748 
vn -0.401575 0.685039 -0.606299 
vn -0.401575 0.685039 -0.606299 
vn -0.606299 0.716535 -0.346457 
vn 0.818898 0.551181 -0.133858 
vn 0.818898 0.551181 -0.133858 
vn 0.700787 0.559055 -0.440945 
vn -0.401575 0.685039 -0.606299 
vn -0.511811 0.795276 0.338583 
vn -0.267717 -0.283465 0.92126 
vn 0.84252 -0.527559 0.0944882 
vn 0.84252 -0.527559 0.0944882 
vn -0.251969 0.92126 -0.291339 
vn -0.511811 0.795276 0.338583 
vn -0.511811 0.795276 0.338583 
vn -0.251969 0.92126 -0.291339 
vn 0.779528 0.330709 -0.527559 
vn 0.779528 0.330709 -0.527559 
vn -0.818898 0.574803 -0.0393701 
vn -0.511811 0.795276 0.338583 
vn -0.913386 -0.0629921 0.401575 
vn 0.748031 -0.653543 0.125984 
vn 0.84252 -0.527559 0.0944882 
vn 0.84252 -0.527559 0.0944882 
vn -0.267717 -0.283465 0.92126 
vn -0.913386 -0.0629921 0.401575 
vn -0.787402 0.598425 -0.149606 
vn -0.818898 0.574803 -0.0393701 
vn 0.779528 0.330709 -0.527559 
vn 0.779528 0.330709 -0.527559 
vn 0.976378 0.0708661 -0.220472 
vn -0.787402 0.598425 -0.149606 
vn -0.944882 -0.267717 0.204724 
vn 0.629921 -0.755906 0.165354 
vn 0.748031 -0.653543 0.125984 
vn 0.748031 -0.653543 0.125984 
vn -0.913386 -0.0629921 0.401575 
vn -0.944882 -0.267717 0.204724 
vn -0.677165 0.692913 -0.251969 
vn -0.787402 0.598425 -0.149606 
vn 0.976378 0.0708661 -0.220472 
vn 0.976378 0.0708661 -0.220472 
vn 0.984252 0.133858 -0.0866142 
vn -0.677165 0.692913 -0.251969 
vn -0.866142 -0.503937 -0.00787402 
vn 0.338583 -0.929134 0.15748 
vn 0.629921 -0.755906 0.165354 
vn 0.629921 -0.755906 0.165354 
vn -0.944882 -0.267717 0.204724 
vn -0.866142 -0.503937 -0.00787402 
vn -0.606299 0.716535 -0.346457 
vn -0.677165 0.692913 -0.251969 
vn 0.984252 0.133858 -0.0866142 
vn 0.984252 0.133858 -0.0866142 
vn 0.818898 0.551181 -0.133858 
vn -0.606299 0.716535 -0.346457 
vn 0.314961 0.480315 -0.818898 
vn 0.464567 -0.88189 -0.00787402 
vn 0.377953 -0.92126 -0.110236 
vn 0.377953 -0.92126 -0.110236 
vn -0.125984 0.425197 -0.897638 
vn 0.314961 0.480315 -0.818898 
vn 0.80315 -0.464567 -0.370079 
vn 0.299213 0.0472441 -0.952756 
vn 0.346457 0.15748 -0.92126 
vn 0.346457 0.15748 -0.92126 
vn 0.897638 -0.173228 -0.393701 
vn 0.80315 -0.464567 -0.370079 
vn 0.299213 0.0472441 -0.952756 
vn 0.80315 -0.464567 -0.370079 
vn 0.779528 -0.574803 -0.23622 
vn 0.779528 -0.574803 -0.23622 
vn 0.511811 0.015748 -0.858268 
vn 0.299213 0.0472441 -0.952756 
vn 0.511811 0.015748 -0.858268 
vn 0.779528 -0.574803 -0.23622 
vn 0.677165 -0.716535 -0.149606 
vn 0.677165 -0.716535 -0.149606 
vn 0.582677 0.0944882 -0.811024 
vn 0.511811 0.015748 -0.858268 
vn 0.582677 0.0944882 -0.811024 
vn 0.677165 -0.716535 -0.149606 
vn 0.464567 -0.88189 -0.00787402 
vn 0.464567 -0.88189 -0.00787402 
vn 0.314961 0.480315 -0.818898 
vn 0.582677 0.0944882 -0.811024 
vn -0.76378 0.645669 0.0314961 
vn -0.858268 0.448819 -0.244094 
vn -0.488189 -0.748031 0.440945 
vn -0.488189 -0.748031 0.440945 
vn -0.488189 -0.606299 0.629921 
vn -0.76378 0.645669 0.0314961 
vn -0.685039 0.645669 0.338583 
vn -0.795276 0.527559 0.299213 
vn -0.212598 0.0551181 0.976378 
vn -0.212598 0.0551181 0.976378 
vn 0.133858 0.19685 0.968504 
vn -0.685039 0.645669 0.338583 
vn -0.795276 0.527559 0.299213 
vn -0.795276 0.543307 0.275591 
vn -0.370079 -0.015748 0.929134 
vn -0.370079 -0.015748 0.929134 
vn -0.212598 0.0551181 0.976378 
vn -0.795276 0.527559 0.299213 
vn -0.795276 0.543307 0.275591 
vn -0.76378 0.622047 0.149606 
vn -0.472441 -0.275591 0.834646 
vn -0.472441 -0.275591 0.834646 
vn -0.370079 -0.015748 0.929134 
vn -0.795276 0.543307 0.275591 
vn -0.76378 0.622047 0.149606 
vn -0.76378 0.645669 0.0314961 
vn -0.488189 -0.606299 0.629921 
vn -0.488189 -0.606299 0.629921 
vn -0.472441 -0.275591 0.834646 
vn -0.76378 0.622047 0.149606 
vn -0.488189 -0.748031 0.440945 
vn 0.377953 -0.92126 -0.110236 
vn 0.464567 -0.88189 -0.00787402 
vn 0.464567 -0.88189 -0.00787402 
vn -0.488189 -0.606299 0.629921 
vn -0.488189 -0.748031 0.440945 
vn -0.858268 0.448819 -0.244094 
vn -0.125984 0.425197 -0.897638 
vn 0.377953 -0.92126 -0.110236 
vn 0.377953 -0.92126 -0.110236 
vn -0.488189 -0.748031 0.440945 
vn -0.858268 0.448819 -0.244094 
vn -0.858268 0.448819 -0.244094 
vn -0.76378 0.645669 0.0314961 
vn 0.314961 0.480315 -0.818898 
vn 0.314961 0.480315 -0.818898 
vn -0.125984 0.425197 -0.897638 
vn -0.858268 0.448819 -0.244094 
vn 0.133858 0.19685 0.968504 
vn -0.212598 0.0551181 0.976378 
vn 0.80315 -0.464567 -0.370079 
vn 0.80315 -0.464567 -0.370079 
vn 0.897638 -0.173228 -0.393701 
vn 0.133858 0.19685 0.968504 
vn -0.795276 0.527559 0.299213 
vn -0.685039 0.645669 0.338583 
vn 0.346457 0.15748 -0.92126 
vn 0.346457 0.15748 -0.92126 
vn 0.299213 0.0472441 -0.952756 
vn -0.795276 0.527559 0.299213 
vn -0.685039 0.645669 0.338583 
vn 0.133858 0.19685 0.968504 
vn 0.897638 -0.173228 -0.393701 
vn 0.897638 -0.173228 -0.393701 
vn 0.346457 0.15748 -0.92126 
vn -0.685039 0.645669 0.338583 
vn -0.370079 -0.015748 0.929134 
vn 0.779528 -0.574803 -0.23622 
vn 0.80315 -0.464567 -0.370079 
vn 0.80315 -0.464567 -0.370079 
vn -0.212598 0.0551181 0.976378 
vn -0.370079 -0.015748 0.929134 
vn -0.795276 0.543307 0.275591 
vn -0.795276 0.527559 0.299213 
vn 0.299213 0.0472441 -0.952756 
vn 0.299213 0.0472441 -0.952756 
vn 0.511811 0.015748 -0.858268 
vn -0.795276 0.543307 0.275591 
vn -0.472441 -0.275591 0.834646 
vn 0.677165 -0.716535 -0.149606 
vn 0.779528 -0.574803 -0.23622 
vn 0.779528 -0.574803 -0.23622 
vn -0.370079 -0.015748 0.929134 
vn -0.472441 -0.275591 0.834646 
vn -0.76378 0.622047 0.149606 
vn -0.795276 0.543307 0.275591 
vn 0.511811 0.015748 -0.858268 
vn 0.511811 0.015748 -0.858268 
vn 0.582677 0.0944882 -0.811024 
vn -0.76378 0.622047 0.149606 
vn -0.488189 -0.606299 0.629921 
vn 0.464567 -0.88189 -0.00787402 
vn 0.677165 -0.716535 -0.149606 
vn 0.677165 -0.716535 -0.149606 
vn -0.472441 -0.275591 0.834646 
vn -0.488189 -0.606299 0.629921 
vn -0.76378 0.645669 0.0314961 
vn -0.76378 0.622047 0.149606 
vn 0.582677 0.0944882 -0.811024 
vn 0.582677 0.0944882 -0.811024 
vn 0.314961 0.480315 -0.818898 
vn -0.76378 0.645669 0.0314961 
vn 0.0393701 0.425197 -0.905512 
vn 0.488189 -0.866142 -0.0944882 
vn 0.354331 -0.92126 -0.173228 
vn 0.354331 -0.92126 -0.173228 
vn -0.409449 0.354331 -0.84252 
vn 0.0393701 0.425197 -0.905512 
vn 0.724409 -0.440945 -0.527559 
vn 0.023622 0.015748 -1 
vn 0.102362 0.133858 -0.984252 
vn 0.102362 0.133858 -0.984252 
vn 0.795276 -0.149606 -0.582677 
vn 0.724409 -0.440945 -0.527559 
vn 0.023622 0.015748 -1 
vn 0.724409 -0.440945 -0.527559 
vn 0.732283 -0.551181 -0.401575 
vn 0.732283 -0.551181 -0.401575 
vn 0.23622 -0.015748 -0.968504 
vn 0.023622 0.015748 -1 
vn 0.23622 -0.015748 -0.968504 
vn 0.732283 -0.551181 -0.401575 
vn 0.653543 -0.700787 -0.291339 
vn 0.653543 -0.700787 -0.291339 
vn 0.314961 0.0708661 -0.944882 
vn 0.23622 -0.015748 -0.968504 
vn 0.314961 0.0708661 -0.944882 
vn 0.653543 -0.700787 -0.291339 
vn 0.488189 -0.866142 -0.0944882 
vn 0.488189 -0.866142 -0.0944882 
vn 0.0393701 0.425197 -0.905512 
vn 0.314961 0.0708661 -0.944882 
vn -0.755906 0.622047 0.19685 
vn -0.92126 0.385827 -0.0314961 
vn -0.307087 -0.755906 0.574803 
vn -0.307087 -0.755906 0.574803 
vn -0.251969 -0.614173 0.748031 
vn -0.755906 0.622047 0.19685 
vn -0.629921 0.629921 0.448819 
vn -0.732283 0.511811 0.456693 
vn 0.0551181 0.0944882 0.992126 
vn 0.0551181 0.0944882 0.992126 
vn 0.362205 0.23622 0.897638 
vn -0.629921 0.629921 0.448819 
vn -0.732283 0.511811 0.456693 
vn -0.724409 0.527559 0.440945 
vn -0.0944882 0.00787402 0.992126 
vn -0.0944882 0.00787402 0.992126 
vn 0.0551181 0.0944882 0.992126 
vn -0.732283 0.511811 0.456693 
vn -0.724409 0.527559 0.440945 
vn -0.732283 0.606299 0.322835 
vn -0.19685 -0.259843 0.944882 
vn -0.19685 -0.259843 0.944882 
vn -0.0944882 0.00787402 0.992126 
vn -0.724409 0.527559 0.440945 
vn -0.732283 0.606299 0.322835 
vn -0.755906 0.622047 0.19685 
vn -0.251969 -0.614173 0.748031 
vn -0.251969 -0.614173 0.748031 
vn -0.19685 -0.259843 0.944882 
vn -0.732283 0.606299 0.322835 
vn -0.307087 -0.755906 0.574803 
vn 0.354331 -0.92126 -0.173228 
vn 0.488189 -0.866142 -0.0944882 
vn 0.488189 -0.866142 -0.0944882 
vn -0.251969 -0.614173 0.748031 
vn -0.307087 -0.755906 0.574803 
vn -0.92126 0.385827 -0.0314961 
vn -0.409449 0.354331 -0.84252 
vn 0.354331 -0.92126 -0.173228 
vn 0.354331 -0.92126 -0.173228 
vn -0.307087 -0.755906 0.574803 
vn -0.92126 0.385827 -0.0314961 
vn -0.92126 0.385827 -0.0314961 
vn -0.755906 0.622047 0.19685 
vn 0.0393701 0.425197 -0.905512 
vn 0.0393701 0.425197 -0.905512 
vn -0.409449 0.354331 -0.84252 
vn -0.92126 0.385827 -0.0314961 
vn 0.362205 0.23622 0.897638 
vn 0.0551181 0.0944882 0.992126 
vn 0.724409 -0.440945 -0.527559 
vn 0.724409 -0.440945 -0.527559 
vn 0.795276 -0.149606 -0.582677 
vn 0.362205 0.23622 0.897638 
vn -0.629921 0.629921 0.448819 
vn 0.102362 0.133858 -0.984252 
vn 0.023622 0.015748 -1 
vn 0.023622 0.015748 -1 
vn -0.732283 0.511811 0.456693 
vn -0.629921 0.629921 0.448819 
vn -0.629921 0.629921 0.448819 
vn 0.362205 0.23622 0.897638 
vn 0.795276 -0.149606 -0.582677 
vn 0.795276 -0.149606 -0.582677 
vn 0.102362 0.133858 -0.984252 
vn -0.629921 0.629921 0.448819 
vn -0.0944882 0.00787402 0.992126 
vn 0.732283 -0.551181 -0.401575 
vn 0.724409 -0.440945 -0.527559 
vn 0.724409 -0.440945 -0.527559 
vn 0.0551181 0.0944882 0.992126 
vn -0.0944882 0.00787402 0.992126 
vn -0.724409 0.527559 0.440945 
vn -0.732283 0.511811 0.456693 
vn 0.023622 0.015748 -1 
vn 0.023622 0.015748 -1 
vn 0.23622 -0.015748 -0.968504 
vn -0.724409 0.527559 0.440945 
vn -0.19685 -0.259843 0.944882 
vn 0.653543 -0.700787 -0.291339 
vn 0.732283 -0.551181 -0.401575 
vn 0.732283 -0.551181 -0.401575 
vn -0.0944882 0.00787402 0.992126 
vn -0.19685 -0.259843 0.944882 
vn -0.732283 0.606299 0.322835 
vn -0.724409 0.527559 0.440945 
vn 0.23622 -0.015748 -0.968504 
vn 0.23622 -0.015748 -0.968504 
vn 0.314961 0.0708661 -0.944882 
vn -0.732283 0.606299 0.322835 
vn -0.251969 -0.614173 0.748031 
vn 0.488189 -0.866142 -0.0944882 
vn 0.653543 -0.700787 -0.291339 
vn 0.653543 -0.700787 -0.291339 
vn -0.19685 -0.259843 0.944882 
vn -0.251969 -0.614173 0.748031 
vn -0.755906 0.622047 0.19685 
vn -0.732283 0.606299 0.322835 
vn 0.314961 0.0708661 -0.944882 
vn 0.314961 0.0708661 -0.944882 
vn 0.0393701 0.425197 -0.905512 
vn -0.755906 0.622047 0.19685 
vn -0.283465 0.401575 -0.874016 
vn 0.440945 -0.874016 -0.19685 
vn 0.267717 -0.937008 -0.220472 
vn 0.267717 -0.937008 -0.220472 
vn -0.661417 0.307087 -0.677165 
vn -0.283465 0.401575 -0.874016 
vn 0.566929 -0.448819 -0.685039 
vn -0.354331 0.0393701 -0.937008 
vn -0.23622 0.165354 -0.952756 
vn -0.23622 0.165354 -0.952756 
vn 0.606299 -0.173228 -0.771654 
vn 0.566929 -0.448819 -0.685039 
vn -0.354331 0.0393701 -0.937008 
vn 0.566929 -0.448819 -0.685039 
vn 0.614173 -0.551181 -0.566929 
vn 0.614173 -0.551181 -0.566929 
vn -0.149606 0.00787402 -0.992126 
vn -0.354331 0.0393701 -0.937008 
vn -0.149606 0.00787402 -0.992126 
vn 0.614173 -0.551181 -0.566929 
vn 0.559055 -0.716535 -0.425197 
vn 0.559055 -0.716535 -0.425197 
vn -0.0708661 0.0944882 -0.992126 
vn -0.149606 0.00787402 -0.992126 
vn -0.0708661 0.0944882 -0.992126 
vn 0.559055 -0.716535 -0.425197 
vn 0.440945 -0.874016 -0.19685 
vn 0.440945 -0.874016 -0.19685 
vn -0.283465 0.401575 -0.874016 
vn -0.0708661 0.0944882 -0.992126 
vn -0.685039 0.637795 0.362205 
vn -0.905512 0.377953 0.188976 
vn -0.110236 -0.755906 0.645669 
vn -0.110236 -0.755906 0.645669 
vn 0.0314961 -0.622047 0.787402 
vn -0.685039 0.637795 0.362205 
vn -0.519685 0.645669 0.559055 
vn -0.590551 0.527559 0.614173 
vn 0.409449 0.0629921 0.905512 
vn 0.409449 0.0629921 0.905512 
vn 0.645669 0.212598 0.732283 
vn -0.519685 0.645669 0.559055 
vn -0.590551 0.527559 0.614173 
vn -0.582677 0.535433 0.606299 
vn 0.283465 -0.015748 0.96063 
vn 0.283465 -0.015748 0.96063 
vn 0.409449 0.0629921 0.905512 
vn -0.590551 0.527559 0.614173 
vn -0.582677 0.535433 0.606299 
vn -0.614173 0.614173 0.496063 
vn 0.15748 -0.275591 0.944882 
vn 0.15748 -0.275591 0.944882 
vn 0.283465 -0.015748 0.96063 
vn -0.582677 0.535433 0.606299 
vn -0.614173 0.614173 0.496063 
vn -0.685039 0.637795 0.362205 
vn 0.0314961 -0.622047 0.787402 
vn 0.0314961 -0.622047 0.787402 
vn 0.15748 -0.275591 0.944882 
vn -0.614173 0.614173 0.496063 
vn -0.110236 -0.755906 0.645669 
vn 0.267717 -0.937008 -0.220472 
vn 0.440945 -0.874016 -0.19685 
vn 0.440945 -0.874016 -0.19685 
vn 0.0314961 -0.622047 0.787402 
vn -0.110236 -0.755906 0.645669 
vn -0.905512 0.377953 0.188976 
vn -0.661417 0.307087 -0.677165 
vn 0.267717 -0.937008 -0.220472 
vn 0.267717 -0.937008 -0.220472 
vn -0.110236 -0.755906 0.645669 
vn -0.905512 0.377953 0.188976 
vn -0.905512 0.377953 0.188976 
vn -0.685039 0.637795 0.362205 
vn -0.283465 0.401575 -0.874016 
vn -0.283465 0.401575 -0.874016 
vn -0.661417 0.307087 -0.677165 
vn -0.905512 0.377953 0.188976 
vn 0.645669 0.212598 0.732283 
vn 0.409449 0.0629921 0.905512 
vn 0.566929 -0.448819 -0.685039 
vn 0.566929 -0.448819 -0.685039 
vn 0.606299 -0.173228 -0.771654 
vn 0.645669 0.212598 0.732283 
vn -0.519685 0.645669 0.559055 
vn -0.23622 0.165354 -0.952756 
vn -0.354331 0.0393701 -0.937008 
vn -0.354331 0.0393701 -0.937008 
vn -0.590551 0.527559 0.614173 
vn -0.519685 0.645669 0.559055 
vn -0.519685 0.645669 0.559055 
vn 0.645669 0.212598 0.732283 
vn 0.606299 -0.173228 -0.771654 
vn 0.606299 -0.173228 -0.771654 
vn -0.23622 0.165354 -0.952756 
vn -0.519685 0.645669 0.559055 
vn 0.283465 -0.015748 0.96063 
vn 0.614173 -0.551181 -0.566929 
vn 0.566929 -0.448819 -0.685039 
vn 0.566929 -0.448819 -0.685039 
vn 0.409449 0.0629921 0.905512 
vn 0.283465 -0.015748 0.96063 
vn -0.582677 0.535433 0.606299 
vn -0.590551 0.527559 0.614173 
vn -0.354331 0.0393701 -0.937008 
vn -0.354331 0.0393701 -0.937008 
vn -0.149606 0.00787402 -0.992126 
vn -0.582677 0.535433 0.606299 
vn 0.15748 -0.275591 0.944882 
vn 0.559055 -0.716535 -0.425197 
vn 0.614173 -0.551181 -0.566929 
vn 0.614173 -0.551181 -0.566929 
vn 0.283465 -0.015748 0.96063 
vn 0.15748 -0.275591 0.944882 
vn -0.614173 0.614173 0.496063 
vn -0.582677 0.535433 0.606299 
vn -0.149606 0.00787402 -0.992126 
vn -0.149606 0.00787402 -0.992126 
vn -0.0708661 0.0944882 -0.992126 
vn -0.614173 0.614173 0.496063 
vn 0.0314961 -0.622047 0.787402 
vn 0.440945 -0.874016 -0.19685 
vn 0.559055 -0.716535 -0.425197 
vn 0.559055 -0.716535 -0.425197 
vn 0.15748 -0.275591 0.944882 
vn 0.0314961 -0.622047 0.787402 
vn -0.685039 0.637795 0.362205 
vn -0.614173 0.614173 0.496063 
vn -0.0708661 0.0944882 -0.992126 
vn -0.0708661 0.0944882 -0.992126 
vn -0.283465 0.401575 -0.874016 
vn -0.685039 0.637795 0.362205 
vn -0.929134 -0.354331 -0.0944882 
vn -0.929134 -0.370079 0.015748 
vn -0.685039 -0.637795 0.338583 
vn -0.685039 -0.637795 0.338583 
vn -0.629921 -0.685039 0.362205 
vn -0.929134 -0.354331 -0.0944882 
vn -0.929134 -0.370079 0.015748 
vn -0.913386 -0.377953 0.165354 
vn -0.574803 -0.732283 0.362205 
vn -0.574803 -0.732283 0.362205 
vn -0.685039 -0.637795 0.338583 
vn -0.929134 -0.370079 0.015748 
vn -0.913386 -0.377953 0.165354 
vn -0.866142 -0.377953 0.322835 
vn -0.456693 -0.80315 0.377953 
vn -0.456693 -0.80315 0.377953 
vn -0.574803 -0.732283 0.362205 
vn -0.913386 -0.377953 0.165354 
vn -0.866142 -0.377953 0.322835 
vn -0.787402 -0.377953 0.496063 
vn -0.314961 -0.858268 0.401575 
vn -0.314961 -0.858268 0.401575 
vn -0.456693 -0.80315 0.377953 
vn -0.866142 -0.377953 0.322835 
vn -0.787402 -0.377953 0.496063 
vn -0.685039 -0.385827 0.614173 
vn -0.204724 -0.897638 0.385827 
vn -0.204724 -0.897638 0.385827 
vn -0.314961 -0.858268 0.401575 
vn -0.787402 -0.377953 0.496063 
vn -0.685039 -0.385827 0.614173 
vn -0.84252 0.433071 0.307087 
vn -0.622047 0.771654 0.15748 
vn -0.622047 0.771654 0.15748 
vn -0.543307 -0.433071 0.724409 
vn -0.685039 -0.385827 0.614173 
vn -0.905512 -0.346457 -0.244094 
vn -0.929134 -0.354331 -0.0944882 
vn -0.629921 -0.685039 0.362205 
vn -0.629921 -0.685039 0.362205 
vn -0.425197 -0.905512 -0.0551181 
vn -0.905512 -0.346457 -0.244094 
vn 0.149606 -0.88189 -0.440945 
vn 0.724409 -0.212598 -0.661417 
vn 0.480315 -0.307087 -0.826772 
vn 0.480315 -0.307087 -0.826772 
vn 0.188976 -0.92126 -0.346457 
vn 0.149606 -0.88189 -0.440945 
vn 0.00787402 -0.393701 -0.92126 
vn 0.19685 -0.874016 -0.440945 
vn 0.188976 -0.92126 -0.346457 
vn 0.188976 -0.92126 -0.346457 
vn 0.480315 -0.307087 -0.826772 
vn 0.00787402 -0.393701 -0.92126 
vn -0.275591 -0.622047 -0.732283 
vn 0.19685 -0.748031 -0.629921 
vn -0.299213 -0.393701 -0.866142 
vn -0.299213 -0.393701 -0.866142 
vn -0.559055 -0.362205 -0.740157 
vn -0.275591 -0.622047 -0.732283 
vn 0.19685 -0.874016 -0.440945 
vn 0.00787402 -0.393701 -0.92126 
vn -0.299213 -0.393701 -0.866142 
vn -0.299213 -0.393701 -0.866142 
vn 0.19685 -0.748031 -0.629921 
vn 0.19685 -0.874016 -0.440945 
vn 0.653543 -0.0787402 -0.755906 
vn 0.732283 0.346457 -0.582677 
vn 0.724409 0.23622 -0.645669 
vn 0.724409 0.23622 -0.645669 
vn 0.755906 -0.0393701 -0.653543 
vn 0.653543 -0.0787402 -0.755906 
vn 0.732283 0.346457 -0.582677 
vn 0.653543 -0.0787402 -0.755906 
vn 0.929134 0.0314961 -0.370079 
vn 0.929134 0.0314961 -0.370079 
vn 0.88189 0.370079 -0.307087 
vn 0.732283 0.346457 -0.582677 
vn 0.771654 0.291339 -0.559055 
vn 0.84252 0.362205 -0.393701 
vn 0.937008 0.0314961 -0.354331 
vn 0.937008 0.0314961 -0.354331 
vn 0.818898 0.015748 -0.574803 
vn 0.771654 0.291339 -0.559055 
vn 0.929134 0.0314961 -0.370079 
vn 0.937008 0.0314961 -0.354331 
vn 0.84252 0.362205 -0.393701 
vn 0.84252 0.362205 -0.393701 
vn 0.88189 0.370079 -0.307087 
vn 0.929134 0.0314961 -0.370079 
vn -0.716535 -0.314961 -0.622047 
vn -0.795276 -0.362205 -0.488189 
vn -0.543307 -0.582677 -0.598425 
vn -0.716535 -0.314961 -0.622047 
vn -0.543307 -0.582677 -0.598425 
vn -0.275591 -0.622047 -0.732283 
vn -0.559055 -0.362205 -0.740157 
vn -0.716535 -0.314961 -0.622047 
vn -0.275591 -0.622047 -0.732283 
vn -0.433071 -0.299213 -0.850394 
vn -0.574803 -0.244094 -0.779528 
vn -0.716535 -0.314961 -0.622047 
vn -0.716535 -0.314961 -0.622047 
vn -0.559055 -0.362205 -0.740157 
vn -0.433071 -0.299213 -0.850394 
vn -0.559055 -0.362205 -0.740157 
vn -0.299213 -0.393701 -0.866142 
vn -0.188976 -0.322835 -0.929134 
vn -0.188976 -0.322835 -0.929134 
vn -0.433071 -0.299213 -0.850394 
vn -0.559055 -0.362205 -0.740157 
vn 0.00787402 -0.393701 -0.92126 
vn 0.102362 -0.307087 -0.944882 
vn -0.188976 -0.322835 -0.929134 
vn -0.188976 -0.322835 -0.929134 
vn -0.299213 -0.393701 -0.866142 
vn 0.00787402 -0.393701 -0.92126 
vn 0.102362 -0.307087 -0.944882 
vn 0.00787402 -0.393701 -0.92126 
vn 0.480315 -0.307087 -0.826772 
vn 0.480315 -0.307087 -0.826772 
vn 0.566929 -0.188976 -0.80315 
vn 0.102362 -0.307087 -0.944882 
vn 0.724409 -0.212598 -0.661417 
vn 0.748031 -0.110236 -0.653543 
vn 0.566929 -0.188976 -0.80315 
vn 0.566929 -0.188976 -0.80315 
vn 0.480315 -0.307087 -0.826772 
vn 0.724409 -0.212598 -0.661417 
vn -0.220472 -0.228346 -0.944882 
vn -0.338583 -0.181102 -0.92126 
vn -0.574803 -0.244094 -0.779528 
vn -0.574803 -0.244094 -0.779528 
vn -0.433071 -0.299213 -0.850394 
vn -0.220472 -0.228346 -0.944882 
vn -0.433071 -0.299213 -0.850394 
vn -0.188976 -0.322835 -0.929134 
vn 0 -0.259843 -0.968504 
vn 0 -0.259843 -0.968504 
vn -0.220472 -0.228346 -0.944882 
vn -0.433071 -0.299213 -0.850394 
vn 0.228346 -0.23622 -0.944882 
vn 0 -0.259843 -0.968504 
vn -0.188976 -0.322835 -0.929134 
vn -0.188976 -0.322835 -0.929134 
vn 0.102362 -0.307087 -0.944882 
vn 0.228346 -0.23622 -0.944882 
vn 0.228346 -0.23622 -0.944882 
vn 0.102362 -0.307087 -0.944882 
vn 0.566929 -0.188976 -0.80315 
vn 0.566929 -0.188976 -0.80315 
vn 0.645669 -0.102362 -0.755906 
vn 0.228346 -0.23622 -0.944882 
vn 0.748031 -0.110236 -0.653543 
vn 0.755906 -0.0393701 -0.653543 
vn 0.645669 -0.102362 -0.755906 
vn 0.645669 -0.102362 -0.755906 
vn 0.566929 -0.188976 -0.80315 
vn 0.748031 -0.110236 -0.653543 
vn -0.307087 -0.11811 -0.944882 
vn -0.503937 -0.0314961 -0.866142 
vn -0.338583 -0.181102 -0.92126 
vn -0.338583 -0.181102 -0.92126 
vn -0.220472 -0.228346 -0.944882 
vn -0.307087 -0.11811 -0.944882 
vn -0.0472441 -0.125984 -0.992126 
vn -0.307087 -0.11811 -0.944882 
vn -0.220472 -0.228346 -0.944882 
vn -0.220472 -0.228346 -0.944882 
vn 0 -0.259843 -0.968504 
vn -0.0472441 -0.125984 -0.992126 
vn 0 -0.259843 -0.968504 
vn 0.228346 -0.23622 -0.944882 
vn 0.102362 -0.0629921 -0.992126 
vn 0.102362 -0.0629921 -0.992126 
vn -0.0472441 -0.125984 -0.992126 
vn 0 -0.259843 -0.968504 
vn 0.165354 0.0393701 -0.984252 
vn 0.102362 -0.0629921 -0.992126 
vn 0.228346 -0.23622 -0.944882 
vn 0.228346 -0.23622 -0.944882 
vn 0.645669 -0.102362 -0.755906 
vn 0.165354 0.0393701 -0.984252 
vn 0.645669 -0.102362 -0.755906 
vn 0.755906 -0.0393701 -0.653543 
vn 0.724409 0.23622 -0.645669 
vn 0.724409 0.23622 -0.645669 
vn 0.165354 0.0393701 -0.984252 
vn 0.645669 -0.102362 -0.755906 
vn -0.787402 -0.377953 0.496063 
vn -0.850394 0.511811 0.11811 
vn -0.84252 0.433071 0.307087 
vn -0.84252 0.433071 0.307087 
vn -0.685039 -0.385827 0.614173 
vn -0.787402 -0.377953 0.496063 
vn -0.897638 0.433071 -0.023622 
vn -0.850394 0.511811 0.11811 
vn -0.787402 -0.377953 0.496063 
vn -0.787402 -0.377953 0.496063 
vn -0.866142 -0.377953 0.322835 
vn -0.897638 0.433071 -0.023622 
vn -0.874016 0.409449 -0.275591 
vn -0.897638 0.433071 -0.023622 
vn -0.866142 -0.377953 0.322835 
vn -0.866142 -0.377953 0.322835 
vn -0.913386 -0.377953 0.165354 
vn -0.874016 0.409449 -0.275591 
vn -0.76378 0.409449 -0.503937 
vn -0.874016 0.409449 -0.275591 
vn -0.913386 -0.377953 0.165354 
vn -0.913386 -0.377953 0.165354 
vn -0.929134 -0.370079 0.015748 
vn -0.76378 0.409449 -0.503937 
vn -0.614173 0.370079 -0.692913 
vn -0.76378 0.409449 -0.503937 
vn -0.929134 -0.370079 0.015748 
vn -0.929134 -0.370079 0.015748 
vn -0.929134 -0.354331 -0.0944882 
vn -0.614173 0.370079 -0.692913 
vn -0.716535 0.181102 -0.669291 
vn -0.614173 0.370079 -0.692913 
vn -0.929134 -0.354331 -0.0944882 
vn -0.929134 -0.354331 -0.0944882 
vn -0.905512 -0.346457 -0.244094 
vn -0.716535 0.181102 -0.669291 
vn -0.716535 -0.314961 -0.622047 
vn -0.606299 0 -0.795276 
vn -0.716535 0.00787402 -0.700787 
vn -0.716535 0.00787402 -0.700787 
vn -0.795276 -0.362205 -0.488189 
vn -0.716535 -0.314961 -0.622047 
vn -0.574803 -0.244094 -0.779528 
vn -0.488189 0.0629921 -0.874016 
vn -0.606299 0 -0.795276 
vn -0.606299 0 -0.795276 
vn -0.716535 -0.314961 -0.622047 
vn -0.574803 -0.244094 -0.779528 
vn -0.338583 -0.181102 -0.92126 
vn -0.362205 0.165354 -0.92126 
vn -0.488189 0.0629921 -0.874016 
vn -0.488189 0.0629921 -0.874016 
vn -0.574803 -0.244094 -0.779528 
vn -0.338583 -0.181102 -0.92126 
vn -0.503937 -0.0314961 -0.866142 
vn -0.338583 0.23622 -0.913386 
vn -0.362205 0.165354 -0.92126 
vn -0.362205 0.165354 -0.92126 
vn -0.338583 -0.181102 -0.92126 
vn -0.503937 -0.0314961 -0.866142 
vn -0.606299 0 -0.795276 
vn 0.00787402 0.456693 -0.889764 
vn 0.102362 0.551181 -0.826772 
vn 0.102362 0.551181 -0.826772 
vn -0.716535 0.00787402 -0.700787 
vn -0.606299 0 -0.795276 
vn -0.716535 0.181102 -0.669291 
vn 0.0944882 0.661417 -0.748031 
vn 0.102362 0.685039 -0.724409 
vn 0.102362 0.685039 -0.724409 
vn -0.614173 0.370079 -0.692913 
vn -0.716535 0.181102 -0.669291 
vn -0.614173 0.370079 -0.692913 
vn 0.102362 0.685039 -0.724409 
vn 0.0551181 0.748031 -0.661417 
vn 0.0551181 0.748031 -0.661417 
vn -0.76378 0.409449 -0.503937 
vn -0.614173 0.370079 -0.692913 
vn -0.76378 0.409449 -0.503937 
vn 0.0551181 0.748031 -0.661417 
vn -0.0866142 0.834646 -0.543307 
vn -0.0866142 0.834646 -0.543307 
vn -0.874016 0.409449 -0.275591 
vn -0.76378 0.409449 -0.503937 
vn -0.874016 0.409449 -0.275591 
vn -0.0866142 0.834646 -0.543307 
vn -0.188976 0.866142 -0.464567 
vn -0.188976 0.866142 -0.464567 
vn -0.897638 0.433071 -0.023622 
vn -0.874016 0.409449 -0.275591 
vn -0.897638 0.433071 -0.023622 
vn -0.188976 0.866142 -0.464567 
vn -0.314961 0.897638 -0.307087 
vn -0.314961 0.897638 -0.307087 
vn -0.850394 0.511811 0.11811 
vn -0.897638 0.433071 -0.023622 
vn -0.850394 0.511811 0.11811 
vn -0.314961 0.897638 -0.307087 
vn -0.354331 0.905512 -0.244094 
vn -0.354331 0.905512 -0.244094 
vn -0.84252 0.433071 0.307087 
vn -0.850394 0.511811 0.11811 
vn -0.84252 0.433071 0.307087 
vn -0.354331 0.905512 -0.244094 
vn -0.362205 0.913386 -0.181102 
vn -0.362205 0.913386 -0.181102 
vn -0.622047 0.771654 0.15748 
vn -0.84252 0.433071 0.307087 
vn -0.622047 0.771654 0.15748 
vn -0.362205 0.913386 -0.181102 
vn -0.440945 0.866142 -0.228346 
vn -0.440945 0.866142 -0.228346 
vn -0.543307 0.84252 -0.0629921 
vn -0.622047 0.771654 0.15748 
vn -0.401575 -0.787402 0.472441 
vn -0.543307 0.84252 -0.0629921 
vn -0.440945 0.866142 -0.228346 
vn -0.440945 0.866142 -0.228346 
vn 0.125984 -0.897638 -0.425197 
vn -0.401575 -0.787402 0.472441 
vn -0.0708661 -0.952756 0.299213 
vn -0.0866142 -0.984252 0.15748 
vn 0.220472 -0.968504 -0.0944882 
vn 0.220472 -0.968504 -0.0944882 
vn 0.173228 -0.984252 0.0393701 
vn -0.0708661 -0.952756 0.299213 
vn -0.314961 -0.858268 0.401575 
vn -0.204724 -0.897638 0.385827 
vn 0.0629921 -0.968504 0.23622 
vn 0.0629921 -0.968504 0.23622 
vn -0.0787402 -0.937008 0.338583 
vn -0.314961 -0.858268 0.401575 
vn -0.456693 -0.80315 0.377953 
vn -0.314961 -0.858268 0.401575 
vn -0.0787402 -0.937008 0.338583 
vn -0.0787402 -0.937008 0.338583 
vn -0.259843 -0.874016 0.409449 
vn -0.456693 -0.80315 0.377953 
vn -0.574803 -0.732283 0.362205 
vn -0.456693 -0.80315 0.377953 
vn -0.259843 -0.874016 0.409449 
vn -0.259843 -0.874016 0.409449 
vn -0.417323 -0.779528 0.472441 
vn -0.574803 -0.732283 0.362205 
vn -0.685039 -0.637795 0.338583 
vn -0.574803 -0.732283 0.362205 
vn -0.417323 -0.779528 0.472441 
vn -0.417323 -0.779528 0.472441 
vn -0.448819 -0.700787 0.551181 
vn -0.685039 -0.637795 0.338583 
vn -0.629921 -0.685039 0.362205 
vn -0.685039 -0.637795 0.338583 
vn -0.448819 -0.700787 0.551181 
vn -0.448819 -0.700787 0.551181 
vn -0.283465 -0.811024 0.511811 
vn -0.629921 -0.685039 0.362205 
vn -0.425197 -0.905512 -0.0551181 
vn -0.629921 -0.685039 0.362205 
vn -0.283465 -0.811024 0.511811 
vn -0.283465 -0.811024 0.511811 
vn 0.433071 -0.905512 0.015748 
vn -0.425197 -0.905512 -0.0551181 
vn -0.275591 -0.622047 -0.732283 
vn -0.543307 -0.582677 -0.598425 
vn 0.700787 -0.677165 -0.228346 
vn 0.700787 -0.677165 -0.228346 
vn 0.740157 -0.614173 -0.275591 
vn -0.275591 -0.622047 -0.732283 
vn 0.740157 -0.614173 -0.275591 
vn 0.582677 -0.80315 -0.133858 
vn 0.19685 -0.748031 -0.629921 
vn 0.19685 -0.748031 -0.629921 
vn -0.275591 -0.622047 -0.732283 
vn 0.740157 -0.614173 -0.275591 
vn 0.582677 -0.80315 -0.133858 
vn 0.299213 -0.952756 0.0472441 
vn 0.19685 -0.874016 -0.440945 
vn 0.19685 -0.874016 -0.440945 
vn 0.19685 -0.748031 -0.629921 
vn 0.582677 -0.80315 -0.133858 
vn 0.299213 -0.952756 0.0472441 
vn 0.0866142 -0.992126 0.102362 
vn 0.188976 -0.92126 -0.346457 
vn 0.188976 -0.92126 -0.346457 
vn 0.19685 -0.874016 -0.440945 
vn 0.299213 -0.952756 0.0472441 
vn 0.188976 -0.92126 -0.346457 
vn 0.0866142 -0.992126 0.102362 
vn -0.322835 -0.944882 0.0393701 
vn -0.322835 -0.944882 0.0393701 
vn 0.149606 -0.88189 -0.440945 
vn 0.188976 -0.92126 -0.346457 
vn 0.149606 -0.88189 -0.440945 
vn -0.322835 -0.944882 0.0393701 
vn -0.732283 -0.669291 -0.15748 
vn -0.732283 -0.669291 -0.15748 
vn -0.425197 -0.708661 -0.559055 
vn 0.149606 -0.88189 -0.440945 
vn -0.748031 -0.543307 -0.377953 
vn -0.425197 -0.708661 -0.559055 
vn -0.732283 -0.669291 -0.15748 
vn -0.732283 -0.669291 -0.15748 
vn -0.889764 -0.425197 -0.181102 
vn -0.748031 -0.543307 -0.377953 
vn -0.748031 -0.543307 -0.377953 
vn -0.889764 -0.425197 -0.181102 
vn -0.779528 -0.614173 0.110236 
vn -0.779528 -0.614173 0.110236 
vn -0.346457 -0.929134 -0.102362 
vn -0.748031 -0.543307 -0.377953 
vn -0.346457 -0.929134 -0.102362 
vn -0.779528 -0.614173 0.110236 
vn -0.80315 -0.590551 0.0472441 
vn -0.80315 -0.590551 0.0472441 
vn -0.0314961 -0.96063 -0.283465 
vn -0.346457 -0.929134 -0.102362 
vn 0.771654 0.291339 -0.559055 
vn 0.818898 0.015748 -0.574803 
vn -0.929134 -0.0314961 -0.362205 
vn -0.929134 -0.0314961 -0.362205 
vn 0.582677 0.685039 -0.440945 
vn 0.771654 0.291339 -0.559055 
vn 0.582677 0.685039 -0.440945 
vn 0.669291 0.629921 -0.393701 
vn 0.84252 0.362205 -0.393701 
vn 0.84252 0.362205 -0.393701 
vn 0.771654 0.291339 -0.559055 
vn 0.582677 0.685039 -0.440945 
vn 0.88189 0.370079 -0.307087 
vn 0.84252 0.362205 -0.393701 
vn 0.669291 0.629921 -0.393701 
vn 0.669291 0.629921 -0.393701 
vn 0.850394 0.496063 -0.181102 
vn 0.88189 0.370079 -0.307087 
vn 0.88189 0.370079 -0.307087 
vn 0.850394 0.496063 -0.181102 
vn 0.669291 0.653543 -0.354331 
vn 0.669291 0.653543 -0.354331 
vn 0.732283 0.346457 -0.582677 
vn 0.88189 0.370079 -0.307087 
vn 0.724409 0.23622 -0.645669 
vn 0.732283 0.346457 -0.582677 
vn 0.669291 0.653543 -0.354331 
vn 0.669291 0.653543 -0.354331 
vn -0.299213 0.692913 -0.653543 
vn 0.724409 0.23622 -0.645669 
vn -0.299213 0.692913 -0.653543 
vn -0.661417 0.354331 -0.661417 
vn 0.165354 0.0393701 -0.984252 
vn 0.165354 0.0393701 -0.984252 
vn 0.724409 0.23622 -0.645669 
vn -0.299213 0.692913 -0.653543 
vn -0.661417 0.354331 -0.661417 
vn -0.574803 0.362205 -0.732283 
vn 0.102362 -0.0629921 -0.992126 
vn 0.102362 -0.0629921 -0.992126 
vn 0.165354 0.0393701 -0.984252 
vn -0.661417 0.354331 -0.661417 
vn -0.574803 0.362205 -0.732283 
vn -0.732283 0.188976 -0.653543 
vn -0.0472441 -0.125984 -0.992126 
vn -0.0472441 -0.125984 -0.992126 
vn 0.102362 -0.0629921 -0.992126 
vn -0.574803 0.362205 -0.732283 
vn -0.732283 0.188976 -0.653543 
vn -0.834646 0.0629921 -0.551181 
vn -0.307087 -0.11811 -0.944882 
vn -0.307087 -0.11811 -0.944882 
vn -0.0472441 -0.125984 -0.992126 
vn -0.732283 0.188976 -0.653543 
vn -0.834646 0.0629921 -0.551181 
vn -0.76378 0.188976 -0.614173 
vn -0.503937 -0.0314961 -0.866142 
vn -0.503937 -0.0314961 -0.866142 
vn -0.307087 -0.11811 -0.944882 
vn -0.834646 0.0629921 -0.551181 
vn -0.338583 0.23622 -0.913386 
vn -0.503937 -0.0314961 -0.866142 
vn -0.76378 0.188976 -0.614173 
vn -0.76378 0.188976 -0.614173 
vn -0.346457 0.519685 -0.779528 
vn -0.338583 0.23622 -0.913386 
vn -0.338583 0.23622 -0.913386 
vn -0.346457 0.519685 -0.779528 
vn -0.188976 0.535433 -0.826772 
vn -0.188976 0.535433 -0.826772 
vn -0.362205 0.165354 -0.92126 
vn -0.338583 0.23622 -0.913386 
vn -0.362205 0.165354 -0.92126 
vn -0.188976 0.535433 -0.826772 
vn -0.15748 0.472441 -0.866142 
vn -0.15748 0.472441 -0.866142 
vn -0.488189 0.0629921 -0.874016 
vn -0.362205 0.165354 -0.92126 
vn -0.488189 0.0629921 -0.874016 
vn -0.15748 0.472441 -0.866142 
vn 0.00787402 0.456693 -0.889764 
vn 0.00787402 0.456693 -0.889764 
vn -0.606299 0 -0.795276 
vn -0.488189 0.0629921 -0.874016 
vn -0.204724 -0.897638 0.385827 
vn -0.0708661 -0.952756 0.299213 
vn 0.173228 -0.984252 0.0393701 
vn 0.173228 -0.984252 0.0393701 
vn 0.0629921 -0.968504 0.23622 
vn -0.204724 -0.897638 0.385827 
vn -0.0866142 -0.984252 0.15748 
vn -0.401575 -0.787402 0.472441 
vn 0.125984 -0.897638 -0.425197 
vn 0.125984 -0.897638 -0.425197 
vn 0.220472 -0.968504 -0.0944882 
vn -0.0866142 -0.984252 0.15748 
vn -0.204724 -0.897638 0.385827 
vn -0.685039 -0.385827 0.614173 
vn -0.543307 -0.433071 0.724409 
vn -0.543307 -0.433071 0.724409 
vn -0.0708661 -0.952756 0.299213 
vn -0.204724 -0.897638 0.385827 
vn -0.543307 -0.433071 0.724409 
vn -0.401575 -0.787402 0.472441 
vn -0.0866142 -0.984252 0.15748 
vn -0.0866142 -0.984252 0.15748 
vn -0.0708661 -0.952756 0.299213 
vn -0.543307 -0.433071 0.724409 
vn -0.543307 0.84252 -0.0629921 
vn -0.401575 -0.787402 0.472441 
vn -0.543307 -0.433071 0.724409 
vn -0.543307 -0.433071 0.724409 
vn -0.622047 0.771654 0.15748 
vn -0.543307 0.84252 -0.0629921 
vn 0.818898 0.015748 -0.574803 
vn 0.811024 -0.0472441 -0.590551 
vn -0.929134 -0.0393701 -0.362205 
vn -0.929134 -0.0393701 -0.362205 
vn -0.929134 -0.0314961 -0.362205 
vn 0.818898 0.015748 -0.574803 
vn 0.818898 0.015748 -0.574803 
vn 0.937008 0.0314961 -0.354331 
vn 0.937008 -0.0314961 -0.354331 
vn 0.937008 -0.0314961 -0.354331 
vn 0.811024 -0.0472441 -0.590551 
vn 0.818898 0.015748 -0.574803 
vn 0.929134 0.0314961 -0.370079 
vn 0.92126 -0.0393701 -0.393701 
vn 0.937008 -0.0314961 -0.354331 
vn 0.937008 -0.0314961 -0.354331 
vn 0.937008 0.0314961 -0.354331 
vn 0.929134 0.0314961 -0.370079 
vn 0.653543 -0.0787402 -0.755906 
vn 0.629921 -0.15748 -0.76378 
vn 0.92126 -0.0393701 -0.393701 
vn 0.92126 -0.0393701 -0.393701 
vn 0.929134 0.0314961 -0.370079 
vn 0.653543 -0.0787402 -0.755906 
vn 0.629921 -0.15748 -0.76378 
vn 0.653543 -0.0787402 -0.755906 
vn 0.755906 -0.0393701 -0.653543 
vn 0.755906 -0.0393701 -0.653543 
vn 0.748031 -0.110236 -0.653543 
vn 0.629921 -0.15748 -0.76378 
vn 0.811024 -0.0472441 -0.590551 
vn 0.826772 -0.11811 -0.543307 
vn -0.929134 -0.0472441 -0.370079 
vn -0.929134 -0.0472441 -0.370079 
vn -0.929134 -0.0393701 -0.362205 
vn 0.811024 -0.0472441 -0.590551 
vn 0.826772 -0.11811 -0.543307 
vn 0.811024 -0.0472441 -0.590551 
vn 0.937008 -0.0314961 -0.354331 
vn 0.937008 -0.0314961 -0.354331 
vn 0.929134 -0.102362 -0.354331 
vn 0.826772 -0.11811 -0.543307 
vn 0.92126 -0.0393701 -0.393701 
vn 0.88189 -0.141732 -0.456693 
vn 0.929134 -0.102362 -0.354331 
vn 0.929134 -0.102362 -0.354331 
vn 0.937008 -0.0314961 -0.354331 
vn 0.92126 -0.0393701 -0.393701 
vn 0.629921 -0.15748 -0.76378 
vn 0.535433 -0.267717 -0.80315 
vn 0.88189 -0.141732 -0.456693 
vn 0.88189 -0.141732 -0.456693 
vn 0.92126 -0.0393701 -0.393701 
vn 0.629921 -0.15748 -0.76378 
vn 0.535433 -0.267717 -0.80315 
vn 0.629921 -0.15748 -0.76378 
vn 0.748031 -0.110236 -0.653543 
vn 0.748031 -0.110236 -0.653543 
vn 0.724409 -0.212598 -0.661417 
vn 0.535433 -0.267717 -0.80315 
vn 0.826772 -0.11811 -0.543307 
vn -0.0314961 -0.96063 -0.283465 
vn -0.80315 -0.590551 0.0472441 
vn -0.80315 -0.590551 0.0472441 
vn -0.929134 -0.0472441 -0.370079 
vn 0.826772 -0.11811 -0.543307 
vn -0.0314961 -0.96063 -0.283465 
vn 0.826772 -0.11811 -0.543307 
vn 0.929134 -0.102362 -0.354331 
vn 0.929134 -0.102362 -0.354331 
vn -0.346457 -0.929134 -0.102362 
vn -0.0314961 -0.96063 -0.283465 
vn 0.88189 -0.141732 -0.456693 
vn -0.748031 -0.543307 -0.377953 
vn -0.346457 -0.929134 -0.102362 
vn -0.346457 -0.929134 -0.102362 
vn 0.929134 -0.102362 -0.354331 
vn 0.88189 -0.141732 -0.456693 
vn 0.535433 -0.267717 -0.80315 
vn -0.425197 -0.708661 -0.559055 
vn -0.748031 -0.543307 -0.377953 
vn -0.748031 -0.543307 -0.377953 
vn 0.88189 -0.141732 -0.456693 
vn 0.535433 -0.267717 -0.80315 
vn -0.425197 -0.708661 -0.559055 
vn 0.535433 -0.267717 -0.80315 
vn 0.724409 -0.212598 -0.661417 
vn 0.724409 -0.212598 -0.661417 
vn 0.149606 -0.88189 -0.440945 
vn -0.425197 -0.708661 -0.559055 
vn 0.417323 -0.472441 0.779528 
vn 0.92126 0.362205 0.11811 
vn 0.905512 0.362205 0.212598 
vn 0.905512 0.362205 0.212598 
vn 0.377953 -0.590551 0.708661 
vn 0.417323 -0.472441 0.779528 
vn 0.732283 -0.425197 0.527559 
vn 0.937008 0.354331 -0.015748 
vn 0.92126 0.362205 0.11811 
vn 0.92126 0.362205 0.11811 
vn 0.417323 -0.472441 0.779528 
vn 0.732283 -0.425197 0.527559 
vn 0.850394 -0.472441 0.23622 
vn 0.92126 0.346457 -0.173228 
vn 0.937008 0.354331 -0.015748 
vn 0.937008 0.354331 -0.015748 
vn 0.732283 -0.425197 0.527559 
vn 0.850394 -0.472441 0.23622 
vn 0.858268 -0.511811 -0.0551181 
vn 0.874016 0.346457 -0.346457 
vn 0.92126 0.346457 -0.173228 
vn 0.92126 0.346457 -0.173228 
vn 0.850394 -0.472441 0.23622 
vn 0.858268 -0.511811 -0.0551181 
vn 0.858268 -0.511811 -0.0551181 
vn 0.748031 -0.622047 -0.23622 
vn 0.795276 0.346457 -0.496063 
vn 0.795276 0.346457 -0.496063 
vn 0.874016 0.346457 -0.346457 
vn 0.858268 -0.511811 -0.0551181 
vn 0.795276 0.346457 -0.496063 
vn 0.629921 0.409449 -0.661417 
vn 0.15748 0.858268 -0.496063 
vn 0.15748 0.858268 -0.496063 
vn 0.346457 0.795276 -0.496063 
vn 0.795276 0.346457 -0.496063 
vn 0.377953 -0.590551 0.708661 
vn 0.905512 0.362205 0.212598 
vn 0.88189 0.346457 0.322835 
vn 0.88189 0.346457 0.322835 
vn 0.826772 -0.433071 0.362205 
vn 0.377953 -0.590551 0.708661 
vn 0.543307 0.322835 0.779528 
vn 0.314961 0.299213 0.905512 
vn 0.653543 -0.0944882 0.748031 
vn 0.653543 -0.0944882 0.748031 
vn 0.80315 0.110236 0.590551 
vn 0.543307 0.322835 0.779528 
vn -0.976378 0.11811 0.188976 
vn -0.700787 0.716535 -0.00787402 
vn -0.637795 0.740157 -0.212598 
vn -0.637795 0.740157 -0.212598 
vn -1 0.0472441 0.015748 
vn -0.976378 0.11811 0.188976 
vn -0.740157 0.19685 0.637795 
vn -0.866142 0.275591 0.417323 
vn -0.92126 0.307087 0.251969 
vn -0.92126 0.307087 0.251969 
vn -0.858268 0.133858 0.496063 
vn -0.740157 0.19685 0.637795 
vn -0.92126 0.307087 0.251969 
vn -0.338583 0.818898 0.472441 
vn -0.724409 0.244094 0.645669 
vn -0.724409 0.244094 0.645669 
vn -0.858268 0.133858 0.496063 
vn -0.92126 0.307087 0.251969 
vn -0.0314961 0.244094 0.968504 
vn -0.543307 0.141732 0.826772 
vn -0.338583 -0.425197 0.84252 
vn -0.338583 -0.425197 0.84252 
vn 0.220472 -0.299213 0.929134 
vn -0.0314961 0.244094 0.968504 
vn 0.220472 -0.299213 0.929134 
vn 0.653543 -0.0944882 0.748031 
vn 0.314961 0.299213 0.905512 
vn 0.314961 0.299213 0.905512 
vn -0.0314961 0.244094 0.968504 
vn 0.220472 -0.299213 0.929134 
vn -0.338583 0.818898 0.472441 
vn -0.330709 0.858268 0.401575 
vn -0.929134 0.15748 0.330709 
vn -0.929134 0.15748 0.330709 
vn -0.724409 0.244094 0.645669 
vn -0.338583 0.818898 0.472441 
vn -0.330709 0.858268 0.401575 
vn -0.700787 0.716535 -0.00787402 
vn -0.976378 0.11811 0.188976 
vn -0.976378 0.11811 0.188976 
vn -0.929134 0.15748 0.330709 
vn -0.330709 0.858268 0.401575 
vn 0.346457 0.330709 0.88189 
vn 0.543307 0.322835 0.779528 
vn 0.692913 0.338583 0.637795 
vn 0.692913 0.338583 0.637795 
vn 0.527559 0.322835 0.787402 
vn 0.346457 0.330709 0.88189 
vn 0.346457 0.330709 0.88189 
vn 0.102362 0.330709 0.937008 
vn 0.314961 0.299213 0.905512 
vn 0.314961 0.299213 0.905512 
vn 0.543307 0.322835 0.779528 
vn 0.346457 0.330709 0.88189 
vn 0.102362 0.330709 0.937008 
vn -0.181102 0.307087 0.937008 
vn -0.0314961 0.244094 0.968504 
vn -0.0314961 0.244094 0.968504 
vn 0.314961 0.299213 0.905512 
vn 0.102362 0.330709 0.937008 
vn -0.181102 0.307087 0.937008 
vn -0.637795 0.204724 0.748031 
vn -0.543307 0.141732 0.826772 
vn -0.543307 0.141732 0.826772 
vn -0.0314961 0.244094 0.968504 
vn -0.181102 0.307087 0.937008 
vn -0.141732 0.330709 0.929134 
vn 0.102362 0.330709 0.937008 
vn 0.346457 0.330709 0.88189 
vn 0.346457 0.330709 0.88189 
vn 0.0866142 0.299213 0.952756 
vn -0.141732 0.330709 0.929134 
vn -0.141732 0.330709 0.929134 
vn -0.346457 0.322835 0.88189 
vn -0.181102 0.307087 0.937008 
vn -0.181102 0.307087 0.937008 
vn 0.102362 0.330709 0.937008 
vn -0.141732 0.330709 0.929134 
vn -0.346457 0.322835 0.88189 
vn -0.740157 0.19685 0.637795 
vn -0.637795 0.204724 0.748031 
vn -0.637795 0.204724 0.748031 
vn -0.181102 0.307087 0.937008 
vn -0.346457 0.322835 0.88189 
vn -0.511811 0.362205 0.779528 
vn -0.141732 0.330709 0.929134 
vn 0.0866142 0.299213 0.952756 
vn 0.0866142 0.299213 0.952756 
vn -0.370079 0.283465 0.88189 
vn -0.511811 0.362205 0.779528 
vn -0.141732 0.330709 0.929134 
vn -0.511811 0.362205 0.779528 
vn -0.614173 0.409449 0.677165 
vn -0.614173 0.409449 0.677165 
vn -0.346457 0.322835 0.88189 
vn -0.141732 0.330709 0.929134 
vn -0.866142 0.275591 0.417323 
vn -0.740157 0.19685 0.637795 
vn -0.346457 0.322835 0.88189 
vn -0.346457 0.322835 0.88189 
vn -0.614173 0.409449 0.677165 
vn -0.866142 0.275591 0.417323 
vn 0.543307 0.322835 0.779528 
vn 0.80315 0.110236 0.590551 
vn 0.80315 0.181102 0.574803 
vn 0.543307 0.322835 0.779528 
vn 0.80315 0.181102 0.574803 
vn 0.787402 0.330709 0.519685 
vn 0.692913 0.338583 0.637795 
vn 0.543307 0.322835 0.779528 
vn 0.787402 0.330709 0.519685 
vn 0.0866142 0.299213 0.952756 
vn 0.346457 0.330709 0.88189 
vn 0.527559 0.322835 0.787402 
vn 0.527559 0.322835 0.787402 
vn 0.251969 0.283465 0.92126 
vn 0.0866142 0.299213 0.952756 
vn -0.370079 0.283465 0.88189 
vn 0.0866142 0.299213 0.952756 
vn 0.251969 0.283465 0.92126 
vn 0.251969 0.283465 0.92126 
vn -0.330709 0.291339 0.897638 
vn -0.370079 0.283465 0.88189 
vn 0.795276 0.346457 -0.496063 
vn 0.346457 0.795276 -0.496063 
vn 0.480315 0.755906 -0.440945 
vn 0.480315 0.755906 -0.440945 
vn 0.874016 0.346457 -0.346457 
vn 0.795276 0.346457 -0.496063 
vn 0.874016 0.346457 -0.346457 
vn 0.480315 0.755906 -0.440945 
vn 0.606299 0.692913 -0.385827 
vn 0.606299 0.692913 -0.385827 
vn 0.92126 0.346457 -0.173228 
vn 0.874016 0.346457 -0.346457 
vn 0.92126 0.346457 -0.173228 
vn 0.606299 0.692913 -0.385827 
vn 0.653543 0.685039 -0.322835 
vn 0.653543 0.685039 -0.322835 
vn 0.937008 0.354331 -0.015748 
vn 0.92126 0.346457 -0.173228 
vn 0.937008 0.354331 -0.015748 
vn 0.653543 0.685039 -0.322835 
vn 0.732283 0.629921 -0.267717 
vn 0.732283 0.629921 -0.267717 
vn 0.92126 0.362205 0.11811 
vn 0.937008 0.354331 -0.015748 
vn 0.92126 0.362205 0.11811 
vn 0.732283 0.629921 -0.267717 
vn 0.787402 0.590551 -0.181102 
vn 0.787402 0.590551 -0.181102 
vn 0.905512 0.362205 0.212598 
vn 0.92126 0.362205 0.11811 
vn 0.905512 0.362205 0.212598 
vn 0.787402 0.590551 -0.181102 
vn 0.80315 0.590551 -0.0787402 
vn 0.80315 0.590551 -0.0787402 
vn 0.88189 0.346457 0.322835 
vn 0.905512 0.362205 0.212598 
vn 0.692913 0.338583 0.637795 
vn 0.787402 0.330709 0.519685 
vn 0.850394 0.519685 0.0708661 
vn 0.850394 0.519685 0.0708661 
vn 0.84252 0.480315 0.23622 
vn 0.692913 0.338583 0.637795 
vn 0.527559 0.322835 0.787402 
vn 0.692913 0.338583 0.637795 
vn 0.84252 0.480315 0.23622 
vn 0.84252 0.480315 0.23622 
vn 0.740157 0.511811 0.440945 
vn 0.527559 0.322835 0.787402 
vn 0.251969 0.283465 0.92126 
vn 0.527559 0.322835 0.787402 
vn 0.740157 0.511811 0.440945 
vn 0.740157 0.511811 0.440945 
vn 0.535433 0.527559 0.661417 
vn 0.251969 0.283465 0.92126 
vn -0.330709 0.291339 0.897638 
vn 0.251969 0.283465 0.92126 
vn 0.535433 0.527559 0.661417 
vn 0.535433 0.527559 0.661417 
vn 0.141732 0.496063 0.858268 
vn -0.330709 0.291339 0.897638 
vn 0.850394 0.519685 0.0708661 
vn 0.661417 0.637795 -0.393701 
vn 0.748031 0.598425 -0.291339 
vn 0.748031 0.598425 -0.291339 
vn 0.84252 0.480315 0.23622 
vn 0.850394 0.519685 0.0708661 
vn 0.787402 0.590551 -0.181102 
vn 0.496063 0.700787 -0.503937 
vn 0.566929 0.692913 -0.448819 
vn 0.566929 0.692913 -0.448819 
vn 0.80315 0.590551 -0.0787402 
vn 0.787402 0.590551 -0.181102 
vn 0.732283 0.629921 -0.267717 
vn 0.346457 0.795276 -0.496063 
vn 0.496063 0.700787 -0.503937 
vn 0.496063 0.700787 -0.503937 
vn 0.787402 0.590551 -0.181102 
vn 0.732283 0.629921 -0.267717 
vn 0.653543 0.685039 -0.322835 
vn 0.228346 0.84252 -0.488189 
vn 0.346457 0.795276 -0.496063 
vn 0.346457 0.795276 -0.496063 
vn 0.732283 0.629921 -0.267717 
vn 0.653543 0.685039 -0.322835 
vn 0.606299 0.692913 -0.385827 
vn 0.0944882 0.897638 -0.425197 
vn 0.228346 0.84252 -0.488189 
vn 0.228346 0.84252 -0.488189 
vn 0.653543 0.685039 -0.322835 
vn 0.606299 0.692913 -0.385827 
vn 0.480315 0.755906 -0.440945 
vn 0 0.92126 -0.393701 
vn 0.0944882 0.897638 -0.425197 
vn 0.0944882 0.897638 -0.425197 
vn 0.606299 0.692913 -0.385827 
vn 0.480315 0.755906 -0.440945 
vn 0.346457 0.795276 -0.496063 
vn -0.0708661 0.929134 -0.362205 
vn 0 0.92126 -0.393701 
vn 0 0.92126 -0.393701 
vn 0.480315 0.755906 -0.440945 
vn 0.346457 0.795276 -0.496063 
vn 0.15748 0.858268 -0.496063 
vn -0.173228 0.937008 -0.314961 
vn -0.0708661 0.929134 -0.362205 
vn -0.0708661 0.929134 -0.362205 
vn 0.346457 0.795276 -0.496063 
vn 0.15748 0.858268 -0.496063 
vn -0.0866142 0.874016 -0.472441 
vn -0.141732 0.897638 -0.425197 
vn -0.173228 0.937008 -0.314961 
vn -0.173228 0.937008 -0.314961 
vn 0.15748 0.858268 -0.496063 
vn -0.0866142 0.874016 -0.472441 
vn 0.377953 -0.519685 -0.76378 
vn -0.141732 0.897638 -0.425197 
vn -0.0866142 0.874016 -0.472441 
vn -0.0866142 0.874016 -0.472441 
vn 0.535433 0.173228 -0.826772 
vn 0.377953 -0.519685 -0.76378 
vn 0.417323 -0.874016 -0.244094 
vn 0.401575 -0.653543 -0.637795 
vn 0.598425 -0.582677 -0.551181 
vn 0.598425 -0.582677 -0.551181 
vn 0.677165 -0.559055 -0.480315 
vn 0.417323 -0.874016 -0.244094 
vn 0.464567 -0.88189 0.0629921 
vn 0.480315 -0.858268 -0.173228 
vn 0.748031 -0.622047 -0.23622 
vn 0.748031 -0.622047 -0.23622 
vn 0.858268 -0.511811 -0.0551181 
vn 0.464567 -0.88189 0.0629921 
vn 0.377953 -0.88189 0.291339 
vn 0.464567 -0.88189 0.0629921 
vn 0.858268 -0.511811 -0.0551181 
vn 0.858268 -0.511811 -0.0551181 
vn 0.850394 -0.472441 0.23622 
vn 0.377953 -0.88189 0.291339 
vn 0.15748 -0.84252 0.519685 
vn 0.377953 -0.88189 0.291339 
vn 0.850394 -0.472441 0.23622 
vn 0.850394 -0.472441 0.23622 
vn 0.732283 -0.425197 0.527559 
vn 0.15748 -0.84252 0.519685 
vn -0.251969 -0.748031 0.614173 
vn 0.15748 -0.84252 0.519685 
vn 0.732283 -0.425197 0.527559 
vn 0.732283 -0.425197 0.527559 
vn 0.417323 -0.472441 0.779528 
vn -0.251969 -0.748031 0.614173 
vn -0.393701 -0.755906 0.527559 
vn -0.251969 -0.748031 0.614173 
vn 0.417323 -0.472441 0.779528 
vn 0.417323 -0.472441 0.779528 
vn 0.377953 -0.590551 0.708661 
vn -0.393701 -0.755906 0.527559 
vn 0.314961 -0.92126 0.228346 
vn -0.393701 -0.755906 0.527559 
vn 0.377953 -0.590551 0.708661 
vn 0.377953 -0.590551 0.708661 
vn 0.826772 -0.433071 0.362205 
vn 0.314961 -0.92126 0.228346 
vn 0.92126 -0.338583 0.188976 
vn 0.779528 -0.622047 0.0472441 
vn 0.80315 0.181102 0.574803 
vn 0.80315 0.181102 0.574803 
vn 0.80315 0.110236 0.590551 
vn 0.92126 -0.338583 0.188976 
vn 0.826772 -0.401575 0.393701 
vn 0.92126 -0.338583 0.188976 
vn 0.80315 0.110236 0.590551 
vn 0.80315 0.110236 0.590551 
vn 0.653543 -0.0944882 0.748031 
vn 0.826772 -0.401575 0.393701 
vn 0.401575 -0.708661 0.582677 
vn 0.826772 -0.401575 0.393701 
vn 0.653543 -0.0944882 0.748031 
vn 0.653543 -0.0944882 0.748031 
vn 0.220472 -0.299213 0.929134 
vn 0.401575 -0.708661 0.582677 
vn -0.133858 -0.874016 0.464567 
vn 0.401575 -0.708661 0.582677 
vn 0.220472 -0.299213 0.929134 
vn 0.220472 -0.299213 0.929134 
vn -0.338583 -0.425197 0.84252 
vn -0.133858 -0.874016 0.464567 
vn -0.80315 -0.448819 0.385827 
vn -0.755906 -0.590551 0.283465 
vn -0.133858 -0.874016 0.464567 
vn -0.133858 -0.874016 0.464567 
vn -0.338583 -0.425197 0.84252 
vn -0.80315 -0.448819 0.385827 
vn -0.866142 -0.433071 0.244094 
vn -0.755906 -0.590551 0.283465 
vn -0.80315 -0.448819 0.385827 
vn -0.80315 -0.448819 0.385827 
vn -0.944882 -0.204724 0.244094 
vn -0.866142 -0.433071 0.244094 
vn -0.818898 -0.551181 -0.165354 
vn -0.866142 -0.433071 0.244094 
vn -0.944882 -0.204724 0.244094 
vn -0.944882 -0.204724 0.244094 
vn -0.937008 -0.338583 -0.11811 
vn -0.818898 -0.551181 -0.165354 
vn -0.88189 -0.464567 0.0944882 
vn -0.76378 -0.637795 0.0708661 
vn -0.818898 -0.551181 -0.165354 
vn -0.818898 -0.551181 -0.165354 
vn -0.937008 -0.338583 -0.11811 
vn -0.88189 -0.464567 0.0944882 
vn -0.905512 -0.409449 0.0708661 
vn -0.905512 -0.433071 0.00787402 
vn -0.76378 -0.637795 0.0708661 
vn -0.76378 -0.637795 0.0708661 
vn -0.88189 -0.464567 0.0944882 
vn -0.905512 -0.409449 0.0708661 
vn -0.905512 0.307087 -0.299213 
vn -0.976378 -0.015748 -0.19685 
vn -1 0.0472441 0.015748 
vn -1 0.0472441 0.015748 
vn -0.637795 0.740157 -0.212598 
vn -0.905512 0.307087 -0.299213 
vn 0.102362 0.952756 -0.299213 
vn -0.905512 0.307087 -0.299213 
vn -0.637795 0.740157 -0.212598 
vn -0.637795 0.740157 -0.212598 
vn -0.700787 0.716535 -0.00787402 
vn 0.102362 0.952756 -0.299213 
vn 0.188976 0.976378 -0.0787402 
vn 0.102362 0.952756 -0.299213 
vn -0.700787 0.716535 -0.00787402 
vn -0.700787 0.716535 -0.00787402 
vn -0.330709 0.858268 0.401575 
vn 0.188976 0.976378 -0.0787402 
vn 0.401575 0.913386 0.0708661 
vn 0.188976 0.976378 -0.0787402 
vn -0.330709 0.858268 0.401575 
vn -0.330709 0.858268 0.401575 
vn -0.338583 0.818898 0.472441 
vn 0.401575 0.913386 0.0708661 
vn -0.338583 0.818898 0.472441 
vn -0.92126 0.307087 0.251969 
vn -0.283465 0.944882 -0.15748 
vn -0.283465 0.944882 -0.15748 
vn 0.401575 0.913386 0.0708661 
vn -0.338583 0.818898 0.472441 
vn -0.944882 0.283465 -0.165354 
vn -0.283465 0.944882 -0.15748 
vn -0.92126 0.307087 0.251969 
vn -0.92126 0.307087 0.251969 
vn -0.866142 0.275591 0.417323 
vn -0.944882 0.283465 -0.165354 
vn -0.614173 0.409449 0.677165 
vn -0.866142 0.503937 0.015748 
vn -0.944882 0.283465 -0.165354 
vn -0.944882 0.283465 -0.165354 
vn -0.866142 0.275591 0.417323 
vn -0.614173 0.409449 0.677165 
vn -0.913386 0.385827 0.125984 
vn -0.866142 0.503937 0.015748 
vn -0.614173 0.409449 0.677165 
vn -0.614173 0.409449 0.677165 
vn -0.511811 0.362205 0.779528 
vn -0.913386 0.385827 0.125984 
vn -0.889764 0.244094 0.393701 
vn -0.913386 0.385827 0.125984 
vn -0.511811 0.362205 0.779528 
vn -0.511811 0.362205 0.779528 
vn -0.370079 0.283465 0.88189 
vn -0.889764 0.244094 0.393701 
vn -0.330709 0.291339 0.897638 
vn -0.779528 0.299213 0.551181 
vn -0.889764 0.244094 0.393701 
vn -0.889764 0.244094 0.393701 
vn -0.370079 0.283465 0.88189 
vn -0.330709 0.291339 0.897638 
vn -0.173228 0.76378 0.614173 
vn -0.779528 0.299213 0.551181 
vn -0.330709 0.291339 0.897638 
vn -0.330709 0.291339 0.897638 
vn 0.141732 0.496063 0.858268 
vn -0.173228 0.76378 0.614173 
vn 0.488189 0.850394 0.188976 
vn -0.173228 0.76378 0.614173 
vn 0.141732 0.496063 0.858268 
vn 0.141732 0.496063 0.858268 
vn 0.535433 0.527559 0.661417 
vn 0.488189 0.850394 0.188976 
vn 0.700787 0.708661 -0.0708661 
vn 0.488189 0.850394 0.188976 
vn 0.535433 0.527559 0.661417 
vn 0.535433 0.527559 0.661417 
vn 0.740157 0.511811 0.440945 
vn 0.700787 0.708661 -0.0708661 
vn 0.748031 0.598425 -0.291339 
vn 0.700787 0.708661 -0.0708661 
vn 0.740157 0.511811 0.440945 
vn 0.740157 0.511811 0.440945 
vn 0.84252 0.480315 0.23622 
vn 0.748031 0.598425 -0.291339 
vn 0.480315 -0.858268 -0.173228 
vn 0.417323 -0.874016 -0.244094 
vn 0.677165 -0.559055 -0.480315 
vn 0.677165 -0.559055 -0.480315 
vn 0.748031 -0.622047 -0.23622 
vn 0.480315 -0.858268 -0.173228 
vn 0.401575 -0.653543 -0.637795 
vn 0.377953 -0.519685 -0.76378 
vn 0.535433 0.173228 -0.826772 
vn 0.535433 0.173228 -0.826772 
vn 0.598425 -0.582677 -0.551181 
vn 0.401575 -0.653543 -0.637795 
vn 0.748031 -0.622047 -0.23622 
vn 0.677165 -0.559055 -0.480315 
vn 0.629921 0.409449 -0.661417 
vn 0.629921 0.409449 -0.661417 
vn 0.795276 0.346457 -0.496063 
vn 0.748031 -0.622047 -0.23622 
vn 0.629921 0.409449 -0.661417 
vn 0.677165 -0.559055 -0.480315 
vn 0.598425 -0.582677 -0.551181 
vn 0.598425 -0.582677 -0.551181 
vn 0.535433 0.173228 -0.826772 
vn 0.629921 0.409449 -0.661417 
vn 0.15748 0.858268 -0.496063 
vn 0.629921 0.409449 -0.661417 
vn 0.535433 0.173228 -0.826772 
vn 0.535433 0.173228 -0.826772 
vn -0.0866142 0.874016 -0.472441 
vn 0.15748 0.858268 -0.496063 
vn -0.976378 -0.015748 -0.19685 
vn -0.976378 -0.015748 -0.204724 
vn -1 0.00787402 0.00787402 
vn -1 0.00787402 0.00787402 
vn -1 0.0472441 0.015748 
vn -0.976378 -0.015748 -0.19685 
vn -0.984252 0.0393701 0.188976 
vn -0.976378 0.11811 0.188976 
vn -1 0.0472441 0.015748 
vn -1 0.0472441 0.015748 
vn -1 0.00787402 0.00787402 
vn -0.984252 0.0393701 0.188976 
vn -0.984252 0.0393701 0.188976 
vn -0.952756 0.0629921 0.291339 
vn -0.929134 0.15748 0.330709 
vn -0.929134 0.15748 0.330709 
vn -0.976378 0.11811 0.188976 
vn -0.984252 0.0393701 0.188976 
vn -0.724409 0.244094 0.645669 
vn -0.929134 0.15748 0.330709 
vn -0.952756 0.0629921 0.291339 
vn -0.952756 0.0629921 0.291339 
vn -0.787402 0.0944882 0.614173 
vn -0.724409 0.244094 0.645669 
vn -0.858268 0.133858 0.496063 
vn -0.724409 0.244094 0.645669 
vn -0.787402 0.0944882 0.614173 
vn -0.787402 0.0944882 0.614173 
vn -0.874016 0.0472441 0.480315 
vn -0.858268 0.133858 0.496063 
vn -0.976378 -0.015748 -0.204724 
vn -0.976378 -0.023622 -0.19685 
vn -1 -0.0314961 0.015748 
vn -1 -0.0314961 0.015748 
vn -1 0.00787402 0.00787402 
vn -0.976378 -0.015748 -0.204724 
vn -0.984252 -0.0393701 0.173228 
vn -0.984252 0.0393701 0.188976 
vn -1 0.00787402 0.00787402 
vn -1 0.00787402 0.00787402 
vn -1 -0.0314961 0.015748 
vn -0.984252 -0.0393701 0.173228 
vn -0.984252 -0.0393701 0.173228 
vn -0.976378 -0.0472441 0.220472 
vn -0.952756 0.0629921 0.291339 
vn -0.952756 0.0629921 0.291339 
vn -0.984252 0.0393701 0.188976 
vn -0.984252 -0.0393701 0.173228 
vn -0.787402 0.0944882 0.614173 
vn -0.952756 0.0629921 0.291339 
vn -0.976378 -0.0472441 0.220472 
vn -0.976378 -0.0472441 0.220472 
vn -0.897638 -0.0314961 0.440945 
vn -0.787402 0.0944882 0.614173 
vn -0.874016 0.0472441 0.480315 
vn -0.787402 0.0944882 0.614173 
vn -0.897638 -0.0314961 0.440945 
vn -0.897638 -0.0314961 0.440945 
vn -0.88189 -0.015748 0.472441 
vn -0.874016 0.0472441 0.480315 
vn -0.976378 -0.023622 -0.19685 
vn -0.905512 -0.433071 0.00787402 
vn -0.905512 -0.409449 0.0708661 
vn -0.905512 -0.409449 0.0708661 
vn -1 -0.0314961 0.015748 
vn -0.976378 -0.023622 -0.19685 
vn -0.88189 -0.464567 0.0944882 
vn -0.984252 -0.0393701 0.173228 
vn -1 -0.0314961 0.015748 
vn -1 -0.0314961 0.015748 
vn -0.905512 -0.409449 0.0708661 
vn -0.88189 -0.464567 0.0944882 
vn -0.88189 -0.464567 0.0944882 
vn -0.937008 -0.338583 -0.11811 
vn -0.976378 -0.0472441 0.220472 
vn -0.976378 -0.0472441 0.220472 
vn -0.984252 -0.0393701 0.173228 
vn -0.88189 -0.464567 0.0944882 
vn -0.897638 -0.0314961 0.440945 
vn -0.976378 -0.0472441 0.220472 
vn -0.937008 -0.338583 -0.11811 
vn -0.937008 -0.338583 -0.11811 
vn -0.944882 -0.204724 0.244094 
vn -0.897638 -0.0314961 0.440945 
vn -0.944882 -0.204724 0.244094 
vn -0.80315 -0.448819 0.385827 
vn -0.88189 -0.015748 0.472441 
vn -0.88189 -0.015748 0.472441 
vn -0.897638 -0.0314961 0.440945 
vn -0.944882 -0.204724 0.244094 
vn -0.637795 0.204724 0.748031 
vn -0.874016 0.0472441 0.480315 
vn -0.88189 -0.015748 0.472441 
vn -0.88189 -0.015748 0.472441 
vn -0.543307 0.141732 0.826772 
vn -0.637795 0.204724 0.748031 
vn -0.740157 0.19685 0.637795 
vn -0.858268 0.133858 0.496063 
vn -0.874016 0.0472441 0.480315 
vn -0.874016 0.0472441 0.480315 
vn -0.637795 0.204724 0.748031 
vn -0.740157 0.19685 0.637795 
vn -0.543307 0.141732 0.826772 
vn -0.88189 -0.015748 0.472441 
vn -0.80315 -0.448819 0.385827 
vn -0.80315 -0.448819 0.385827 
vn -0.338583 -0.425197 0.84252 
vn -0.543307 0.141732 0.826772 
vn -0.795276 -0.362205 -0.488189 
vn -0.905512 -0.346457 -0.244094 
vn -0.425197 -0.905512 -0.0551181 
vn -0.425197 -0.905512 -0.0551181 
vn -0.543307 -0.582677 -0.598425 
vn -0.795276 -0.362205 -0.488189 
vn -0.543307 -0.582677 -0.598425 
vn -0.425197 -0.905512 -0.0551181 
vn 0.433071 -0.905512 0.015748 
vn 0.433071 -0.905512 0.015748 
vn 0.700787 -0.677165 -0.228346 
vn -0.543307 -0.582677 -0.598425 
vn 0.779528 -0.622047 0.0472441 
vn 0.314961 -0.92126 0.228346 
vn 0.826772 -0.433071 0.362205 
vn 0.826772 -0.433071 0.362205 
vn 0.80315 0.181102 0.574803 
vn 0.779528 -0.622047 0.0472441 
vn 0.826772 -0.433071 0.362205 
vn 0.88189 0.346457 0.322835 
vn 0.787402 0.330709 0.519685 
vn 0.787402 0.330709 0.519685 
vn 0.80315 0.181102 0.574803 
vn 0.826772 -0.433071 0.362205 
vn 0.88189 0.346457 0.322835 
vn 0.80315 0.590551 -0.0787402 
vn 0.850394 0.519685 0.0708661 
vn 0.850394 0.519685 0.0708661 
vn 0.787402 0.330709 0.519685 
vn 0.88189 0.346457 0.322835 
vn 0.661417 0.637795 -0.393701 
vn 0.850394 0.519685 0.0708661 
vn 0.80315 0.590551 -0.0787402 
vn 0.80315 0.590551 -0.0787402 
vn 0.566929 0.692913 -0.448819 
vn 0.661417 0.637795 -0.393701 
vn -0.716535 0.00787402 -0.700787 
vn 0.102362 0.551181 -0.826772 
vn 0.0944882 0.661417 -0.748031 
vn 0.0944882 0.661417 -0.748031 
vn -0.716535 0.181102 -0.669291 
vn -0.716535 0.00787402 -0.700787 
vn -0.716535 0.00787402 -0.700787 
vn -0.716535 0.181102 -0.669291 
vn -0.905512 -0.346457 -0.244094 
vn -0.905512 -0.346457 -0.244094 
vn -0.795276 -0.362205 -0.488189 
vn -0.716535 0.00787402 -0.700787 
vn -0.795276 0.0944882 -0.606299 
vn -0.606299 0 -0.795276 
vn -0.929134 -0.204724 -0.314961 
vn -0.929134 -0.204724 -0.314961 
vn -0.897638 0.00787402 -0.440945 
vn -0.795276 0.0944882 -0.606299 
vn -0.606299 0 -0.795276 
vn -0.543307 -0.110236 -0.826772 
vn -0.866142 -0.480315 -0.133858 
vn -0.866142 -0.480315 -0.133858 
vn -0.929134 -0.204724 -0.314961 
vn -0.606299 0 -0.795276 
vn -0.543307 -0.110236 -0.826772 
vn -0.645669 -0.0866142 -0.755906 
vn -0.826772 -0.559055 -0.0787402 
vn -0.826772 -0.559055 -0.0787402 
vn -0.866142 -0.480315 -0.133858 
vn -0.543307 -0.110236 -0.826772 
vn -0.645669 -0.0866142 -0.755906 
vn -0.685039 0.00787402 -0.732283 
vn -0.779528 -0.629921 -0.00787402 
vn -0.779528 -0.629921 -0.00787402 
vn -0.826772 -0.559055 -0.0787402 
vn -0.645669 -0.0866142 -0.755906 
vn -0.779528 -0.629921 -0.00787402 
vn -0.685039 0.00787402 -0.732283 
vn -0.755906 -0.00787402 -0.653543 
vn -0.755906 -0.00787402 -0.653543 
vn -0.724409 -0.685039 0.0393701 
vn -0.779528 -0.629921 -0.00787402 
vn -0.299213 0.511811 -0.80315 
vn -0.669291 -0.740157 0.0787402 
vn -0.724409 -0.685039 0.0393701 
vn -0.724409 -0.685039 0.0393701 
vn -0.755906 -0.00787402 -0.653543 
vn -0.299213 0.511811 -0.80315 
vn -0.606299 0 -0.795276 
vn -0.795276 0.0944882 -0.606299 
vn 0.645669 0.440945 -0.614173 
vn -0.606299 0 -0.795276 
vn 0.645669 0.440945 -0.614173 
vn 0.598425 0.511811 -0.622047 
vn 0.598425 0.511811 -0.622047 
vn -0.543307 -0.110236 -0.826772 
vn -0.606299 0 -0.795276 
vn -0.543307 -0.110236 -0.826772 
vn 0.598425 0.511811 -0.622047 
vn 0.519685 0.582677 -0.622047 
vn 0.519685 0.582677 -0.622047 
vn -0.645669 -0.0866142 -0.755906 
vn -0.543307 -0.110236 -0.826772 
vn -0.645669 -0.0866142 -0.755906 
vn 0.519685 0.582677 -0.622047 
vn 0.417323 0.669291 -0.614173 
vn 0.417323 0.669291 -0.614173 
vn -0.685039 0.00787402 -0.732283 
vn -0.645669 -0.0866142 -0.755906 
vn -0.685039 0.00787402 -0.732283 
vn 0.417323 0.669291 -0.614173 
vn 0.393701 0.685039 -0.606299 
vn 0.393701 0.685039 -0.606299 
vn -0.755906 -0.00787402 -0.653543 
vn -0.685039 0.00787402 -0.732283 
vn -0.755906 -0.00787402 -0.653543 
vn 0.393701 0.685039 -0.606299 
vn 0.362205 0.716535 -0.598425 
vn 0.362205 0.716535 -0.598425 
vn -0.299213 0.511811 -0.80315 
vn -0.755906 -0.00787402 -0.653543 
vn -0.299213 0.511811 -0.80315 
vn 0.362205 0.716535 -0.598425 
vn 0.543307 0.338583 -0.771654 
vn 0.543307 0.338583 -0.771654 
vn 0.173228 0.464567 -0.866142 
vn -0.299213 0.511811 -0.80315 
vn 0.543307 0.338583 -0.771654 
vn -0.11811 -0.96063 0.259843 
vn -0.503937 -0.866142 0.023622 
vn -0.503937 -0.866142 0.023622 
vn 0.173228 0.464567 -0.866142 
vn 0.543307 0.338583 -0.771654 
vn -0.669291 -0.740157 0.0787402 
vn -0.503937 -0.866142 0.023622 
vn -0.11811 -0.96063 0.259843 
vn -0.11811 -0.96063 0.259843 
vn -0.283465 -0.905512 0.314961 
vn -0.669291 -0.740157 0.0787402 
vn -0.779528 -0.629921 -0.00787402 
vn -0.724409 -0.685039 0.0393701 
vn -0.472441 -0.818898 0.314961 
vn -0.472441 -0.818898 0.314961 
vn -0.606299 -0.740157 0.291339 
vn -0.779528 -0.629921 -0.00787402 
vn -0.826772 -0.559055 -0.0787402 
vn -0.779528 -0.629921 -0.00787402 
vn -0.606299 -0.740157 0.291339 
vn -0.606299 -0.740157 0.291339 
vn -0.724409 -0.637795 0.251969 
vn -0.826772 -0.559055 -0.0787402 
vn -0.866142 -0.480315 -0.133858 
vn -0.826772 -0.559055 -0.0787402 
vn -0.724409 -0.637795 0.251969 
vn -0.724409 -0.637795 0.251969 
vn -0.826772 -0.503937 0.23622 
vn -0.866142 -0.480315 -0.133858 
vn -0.929134 -0.204724 -0.314961 
vn -0.866142 -0.480315 -0.133858 
vn -0.826772 -0.503937 0.23622 
vn -0.826772 -0.503937 0.23622 
vn -0.889764 -0.377953 0.251969 
vn -0.929134 -0.204724 -0.314961 
vn -0.897638 0.00787402 -0.440945 
vn -0.929134 -0.204724 -0.314961 
vn -0.889764 -0.377953 0.251969 
vn -0.724409 -0.685039 0.0393701 
vn -0.669291 -0.740157 0.0787402 
vn -0.283465 -0.905512 0.314961 
vn -0.283465 -0.905512 0.314961 
vn -0.472441 -0.818898 0.314961 
vn -0.724409 -0.685039 0.0393701 
vn -0.503937 -0.866142 0.023622 
vn -0.669291 -0.740157 0.0787402 
vn -0.299213 0.511811 -0.80315 
vn -0.299213 0.511811 -0.80315 
vn 0.173228 0.464567 -0.866142 
vn -0.503937 -0.866142 0.023622 
vn 0.622047 -0.307087 0.716535 
vn 0.826772 0.559055 0.0393701 
vn 0.826772 0.543307 0.125984 
vn 0.826772 0.543307 0.125984 
vn 0.582677 -0.141732 0.80315 
vn 0.622047 -0.307087 0.716535 
vn 0.582677 -0.141732 0.80315 
vn 0.826772 0.543307 0.125984 
vn 0.834646 0.496063 0.228346 
vn 0.834646 0.496063 0.228346 
vn 0.456693 -0.0314961 0.889764 
vn 0.582677 -0.141732 0.80315 
vn 0.456693 -0.0314961 0.889764 
vn 0.834646 0.496063 0.228346 
vn 0.84252 0.480315 0.244094 
vn 0.84252 0.480315 0.244094 
vn 0.354331 0.0866142 0.929134 
vn 0.456693 -0.0314961 0.889764 
vn 0.354331 0.0866142 0.929134 
vn 0.84252 0.480315 0.244094 
vn 0.724409 0.622047 0.299213 
vn 0.724409 0.622047 0.299213 
vn 0.393701 0.574803 0.716535 
vn 0.354331 0.0866142 0.929134 
vn 0.488189 0.795276 0.354331 
vn 0.393701 0.574803 0.716535 
vn 0.724409 0.622047 0.299213 
vn 0.724409 0.622047 0.299213 
vn 0.590551 0.771654 0.244094 
vn 0.488189 0.795276 0.354331 
vn 0.724409 0.622047 0.299213 
vn 0.787402 0.503937 -0.354331 
vn 0.590551 0.771654 0.244094 
vn 0.84252 0.480315 0.244094 
vn 0.755906 0.543307 -0.354331 
vn 0.787402 0.503937 -0.354331 
vn 0.787402 0.503937 -0.354331 
vn 0.724409 0.622047 0.299213 
vn 0.84252 0.480315 0.244094 
vn 0.834646 0.496063 0.228346 
vn 0.685039 0.629921 -0.362205 
vn 0.755906 0.543307 -0.354331 
vn 0.755906 0.543307 -0.354331 
vn 0.84252 0.480315 0.244094 
vn 0.834646 0.496063 0.228346 
vn 0.826772 0.543307 0.125984 
vn 0.622047 0.685039 -0.385827 
vn 0.685039 0.629921 -0.362205 
vn 0.685039 0.629921 -0.362205 
vn 0.834646 0.496063 0.228346 
vn 0.826772 0.543307 0.125984 
vn 0.826772 0.559055 0.0393701 
vn 0.590551 0.700787 -0.409449 
vn 0.622047 0.685039 -0.385827 
vn 0.622047 0.685039 -0.385827 
vn 0.826772 0.543307 0.125984 
vn 0.826772 0.559055 0.0393701 
vn 0.771654 0.622047 -0.141732 
vn 0.527559 0.724409 -0.440945 
vn 0.590551 0.700787 -0.409449 
vn 0.590551 0.700787 -0.409449 
vn 0.826772 0.559055 0.0393701 
vn 0.771654 0.622047 -0.141732 
vn 0.811024 0.456693 -0.362205 
vn 0.685039 0.574803 -0.448819 
vn 0.527559 0.724409 -0.440945 
vn 0.527559 0.724409 -0.440945 
vn 0.771654 0.622047 -0.141732 
vn 0.811024 0.456693 -0.362205 
vn -0.015748 -0.913386 0.409449 
vn 0.433071 -0.88189 0.188976 
vn 0.84252 -0.346457 0.401575 
vn 0.84252 -0.346457 0.401575 
vn 0.787402 -0.330709 0.519685 
vn -0.015748 -0.913386 0.409449 
vn -0.291339 -0.779528 0.551181 
vn -0.0866142 -0.874016 0.480315 
vn 0.622047 -0.307087 0.716535 
vn 0.622047 -0.307087 0.716535 
vn 0.582677 -0.141732 0.80315 
vn -0.291339 -0.779528 0.551181 
vn -0.472441 -0.661417 0.590551 
vn -0.291339 -0.779528 0.551181 
vn 0.582677 -0.141732 0.80315 
vn 0.582677 -0.141732 0.80315 
vn 0.456693 -0.0314961 0.889764 
vn -0.472441 -0.661417 0.590551 
vn -0.661417 -0.480315 0.574803 
vn -0.472441 -0.661417 0.590551 
vn 0.456693 -0.0314961 0.889764 
vn 0.456693 -0.0314961 0.889764 
vn 0.354331 0.0866142 0.929134 
vn -0.661417 -0.480315 0.574803 
vn -0.795276 -0.322835 0.503937 
vn -0.661417 -0.480315 0.574803 
vn 0.354331 0.0866142 0.929134 
vn 0.354331 0.0866142 0.929134 
vn 0.393701 0.574803 0.716535 
vn -0.795276 -0.322835 0.503937 
vn 0.488189 0.795276 0.354331 
vn -0.795276 -0.322835 0.503937 
vn 0.393701 0.574803 0.716535 
vn -0.0866142 -0.874016 0.480315 
vn -0.015748 -0.913386 0.409449 
vn 0.787402 -0.330709 0.519685 
vn 0.787402 -0.330709 0.519685 
vn 0.622047 -0.307087 0.716535 
vn -0.0866142 -0.874016 0.480315 
vn 0.811024 0.456693 -0.362205 
vn 0.84252 -0.346457 0.401575 
vn 0.433071 -0.88189 0.188976 
vn 0.433071 -0.88189 0.188976 
vn 0.685039 0.574803 -0.448819 
vn 0.811024 0.456693 -0.362205 
vn 0.771654 0.622047 -0.141732 
vn 0.826772 0.559055 0.0393701 
vn 0.622047 -0.307087 0.716535 
vn 0.622047 -0.307087 0.716535 
vn 0.787402 -0.330709 0.519685 
vn 0.771654 0.622047 -0.141732 
vn 0.771654 0.622047 -0.141732 
vn 0.787402 -0.330709 0.519685 
vn 0.84252 -0.346457 0.401575 
vn 0.84252 -0.346457 0.401575 
vn 0.811024 0.456693 -0.362205 
vn 0.771654 0.622047 -0.141732 
vn -0.913386 0.0629921 -0.393701 
vn -0.818898 0.0551181 -0.566929 
vn -0.952756 -0.283465 -0.0866142 
vn -0.952756 -0.283465 -0.0866142 
vn -0.96063 -0.0393701 -0.267717 
vn -0.913386 0.0629921 -0.393701 
vn -0.818898 0.0551181 -0.566929 
vn -0.850394 -0.0551181 -0.519685 
vn -0.826772 -0.551181 0.0944882 
vn -0.826772 -0.551181 0.0944882 
vn -0.952756 -0.283465 -0.0866142 
vn -0.818898 0.0551181 -0.566929 
vn -0.850394 -0.0551181 -0.519685 
vn -0.929134 -0.0314961 -0.362205 
vn -0.755906 -0.629921 0.15748 
vn -0.755906 -0.629921 0.15748 
vn -0.826772 -0.551181 0.0944882 
vn -0.850394 -0.0551181 -0.519685 
vn -0.929134 -0.0314961 -0.362205 
vn -0.968504 0.0629921 -0.251969 
vn -0.685039 -0.685039 0.244094 
vn -0.685039 -0.685039 0.244094 
vn -0.755906 -0.629921 0.15748 
vn -0.929134 -0.0314961 -0.362205 
vn -0.968504 0.0629921 -0.251969 
vn -0.992126 0.023622 -0.0944882 
vn -0.622047 -0.732283 0.291339 
vn -0.622047 -0.732283 0.291339 
vn -0.685039 -0.685039 0.244094 
vn -0.968504 0.0629921 -0.251969 
vn -0.740157 0.598425 -0.307087 
vn -0.535433 -0.779528 0.338583 
vn -0.622047 -0.732283 0.291339 
vn -0.622047 -0.732283 0.291339 
vn -0.992126 0.023622 -0.0944882 
vn -0.740157 0.598425 -0.307087 
vn -0.818898 0.0551181 -0.566929 
vn -0.913386 0.0629921 -0.393701 
vn 0.377953 0.622047 -0.692913 
vn -0.818898 0.0551181 -0.566929 
vn 0.377953 0.622047 -0.692913 
vn 0.291339 0.677165 -0.677165 
vn 0.291339 0.677165 -0.677165 
vn -0.850394 -0.0551181 -0.519685 
vn -0.818898 0.0551181 -0.566929 
vn -0.850394 -0.0551181 -0.519685 
vn 0.291339 0.677165 -0.677165 
vn 0.181102 0.740157 -0.645669 
vn 0.181102 0.740157 -0.645669 
vn -0.929134 -0.0314961 -0.362205 
vn -0.850394 -0.0551181 -0.519685 
vn -0.929134 -0.0314961 -0.362205 
vn 0.181102 0.740157 -0.645669 
vn 0.0393701 0.811024 -0.582677 
vn 0.0393701 0.811024 -0.582677 
vn -0.968504 0.0629921 -0.251969 
vn -0.929134 -0.0314961 -0.362205 
vn -0.968504 0.0629921 -0.251969 
vn 0.0393701 0.811024 -0.582677 
vn -0.015748 0.826772 -0.566929 
vn -0.015748 0.826772 -0.566929 
vn -0.992126 0.023622 -0.0944882 
vn -0.968504 0.0629921 -0.251969 
vn -0.992126 0.023622 -0.0944882 
vn -0.015748 0.826772 -0.566929 
vn -0.0551181 0.850394 -0.527559 
vn -0.0551181 0.850394 -0.527559 
vn -0.740157 0.598425 -0.307087 
vn -0.992126 0.023622 -0.0944882 
vn -0.740157 0.598425 -0.307087 
vn -0.0551181 0.850394 -0.527559 
vn 0 0.598425 -0.80315 
vn 0 0.598425 -0.80315 
vn -0.385827 0.645669 -0.661417 
vn -0.740157 0.598425 -0.307087 
vn 0 0.598425 -0.80315 
vn 0.110236 -0.984252 0.149606 
vn -0.433071 -0.874016 0.220472 
vn -0.433071 -0.874016 0.220472 
vn -0.385827 0.645669 -0.661417 
vn 0 0.598425 -0.80315 
vn -0.535433 -0.779528 0.338583 
vn -0.433071 -0.874016 0.220472 
vn 0.110236 -0.984252 0.149606 
vn 0.110236 -0.984252 0.149606 
vn -0.015748 -0.96063 0.267717 
vn -0.535433 -0.779528 0.338583 
vn -0.685039 -0.685039 0.244094 
vn -0.622047 -0.732283 0.291339 
vn -0.204724 -0.905512 0.362205 
vn -0.204724 -0.905512 0.362205 
vn -0.362205 -0.850394 0.385827 
vn -0.685039 -0.685039 0.244094 
vn -0.755906 -0.629921 0.15748 
vn -0.685039 -0.685039 0.244094 
vn -0.362205 -0.850394 0.385827 
vn -0.362205 -0.850394 0.385827 
vn -0.535433 -0.755906 0.377953 
vn -0.755906 -0.629921 0.15748 
vn -0.826772 -0.551181 0.0944882 
vn -0.755906 -0.629921 0.15748 
vn -0.535433 -0.755906 0.377953 
vn -0.535433 -0.755906 0.377953 
vn -0.669291 -0.637795 0.385827 
vn -0.826772 -0.551181 0.0944882 
vn -0.952756 -0.283465 -0.0866142 
vn -0.826772 -0.551181 0.0944882 
vn -0.669291 -0.637795 0.385827 
vn -0.669291 -0.637795 0.385827 
vn -0.748031 -0.535433 0.401575 
vn -0.952756 -0.283465 -0.0866142 
vn -0.96063 -0.0393701 -0.267717 
vn -0.952756 -0.283465 -0.0866142 
vn -0.748031 -0.535433 0.401575 
vn -0.622047 -0.732283 0.291339 
vn -0.535433 -0.779528 0.338583 
vn -0.015748 -0.96063 0.267717 
vn -0.015748 -0.96063 0.267717 
vn -0.204724 -0.905512 0.362205 
vn -0.622047 -0.732283 0.291339 
vn -0.433071 -0.874016 0.220472 
vn -0.535433 -0.779528 0.338583 
vn -0.740157 0.598425 -0.307087 
vn -0.740157 0.598425 -0.307087 
vn -0.385827 0.645669 -0.661417 
vn -0.433071 -0.874016 0.220472 
vn 0.92126 -0.314961 0.220472 
vn 0.748031 0.614173 -0.259843 
vn 0.80315 0.582677 -0.149606 
vn 0.80315 0.582677 -0.149606 
vn 0.913386 -0.165354 0.377953 
vn 0.92126 -0.314961 0.220472 
vn 0.913386 -0.165354 0.377953 
vn 0.80315 0.582677 -0.149606 
vn 0.850394 0.527559 -0.023622 
vn 0.850394 0.527559 -0.023622 
vn 0.818898 -0.0866142 0.566929 
vn 0.913386 -0.165354 0.377953 
vn 0.818898 -0.0866142 0.566929 
vn 0.850394 0.527559 -0.023622 
vn 0.850394 0.527559 0.0314961 
vn 0.850394 0.527559 0.0314961 
vn 0.708661 0.015748 0.708661 
vn 0.818898 -0.0866142 0.566929 
vn 0.708661 0.015748 0.708661 
vn 0.850394 0.527559 0.0314961 
vn 0.755906 0.614173 0.204724 
vn 0.755906 0.614173 0.204724 
vn 0.551181 0.448819 0.708661 
vn 0.708661 0.015748 0.708661 
vn 0.488189 0.732283 0.480315 
vn 0.551181 0.448819 0.708661 
vn 0.755906 0.614173 0.204724 
vn 0.755906 0.614173 0.204724 
vn 0.566929 0.755906 0.322835 
vn 0.488189 0.732283 0.480315 
vn 0.755906 0.614173 0.204724 
vn 0.590551 0.653543 -0.472441 
vn 0.566929 0.755906 0.322835 
vn 0.850394 0.527559 0.0314961 
vn 0.535433 0.692913 -0.480315 
vn 0.590551 0.653543 -0.472441 
vn 0.590551 0.653543 -0.472441 
vn 0.755906 0.614173 0.204724 
vn 0.850394 0.527559 0.0314961 
vn 0.850394 0.527559 -0.023622 
vn 0.425197 0.771654 -0.472441 
vn 0.535433 0.692913 -0.480315 
vn 0.535433 0.692913 -0.480315 
vn 0.850394 0.527559 0.0314961 
vn 0.850394 0.527559 -0.023622 
vn 0.80315 0.582677 -0.149606 
vn 0.330709 0.811024 -0.480315 
vn 0.425197 0.771654 -0.472441 
vn 0.425197 0.771654 -0.472441 
vn 0.850394 0.527559 -0.023622 
vn 0.80315 0.582677 -0.149606 
vn 0.748031 0.614173 -0.259843 
vn 0.267717 0.826772 -0.496063 
vn 0.330709 0.811024 -0.480315 
vn 0.330709 0.811024 -0.480315 
vn 0.80315 0.582677 -0.149606 
vn 0.748031 0.614173 -0.259843 
vn 0.598425 0.692913 -0.401575 
vn 0.165354 0.850394 -0.503937 
vn 0.267717 0.826772 -0.496063 
vn 0.267717 0.826772 -0.496063 
vn 0.748031 0.614173 -0.259843 
vn 0.598425 0.692913 -0.401575 
vn 0.464567 0.622047 -0.629921 
vn 0.330709 0.708661 -0.622047 
vn 0.165354 0.850394 -0.503937 
vn 0.165354 0.850394 -0.503937 
vn 0.598425 0.692913 -0.401575 
vn 0.464567 0.622047 -0.629921 
vn 0.314961 -0.929134 0.188976 
vn 0.590551 -0.779528 -0.228346 
vn 0.944882 -0.259843 -0.181102 
vn 0.944882 -0.259843 -0.181102 
vn 0.96063 -0.275591 -0.0472441 
vn 0.314961 -0.929134 0.188976 
vn 0.133858 -0.88189 0.448819 
vn 0.299213 -0.913386 0.275591 
vn 0.92126 -0.314961 0.220472 
vn 0.92126 -0.314961 0.220472 
vn 0.913386 -0.165354 0.377953 
vn 0.133858 -0.88189 0.448819 
vn -0.0551181 -0.811024 0.574803 
vn 0.133858 -0.88189 0.448819 
vn 0.913386 -0.165354 0.377953 
vn 0.913386 -0.165354 0.377953 
vn 0.818898 -0.0866142 0.566929 
vn -0.0551181 -0.811024 0.574803 
vn -0.330709 -0.677165 0.653543 
vn -0.0551181 -0.811024 0.574803 
vn 0.818898 -0.0866142 0.566929 
vn 0.818898 -0.0866142 0.566929 
vn 0.708661 0.015748 0.708661 
vn -0.330709 -0.677165 0.653543 
vn -0.582677 -0.519685 0.629921 
vn -0.330709 -0.677165 0.653543 
vn 0.708661 0.015748 0.708661 
vn 0.708661 0.015748 0.708661 
vn 0.551181 0.448819 0.708661 
vn -0.582677 -0.519685 0.629921 
vn 0.488189 0.732283 0.480315 
vn -0.582677 -0.519685 0.629921 
vn 0.551181 0.448819 0.708661 
vn 0.299213 -0.913386 0.275591 
vn 0.314961 -0.929134 0.188976 
vn 0.96063 -0.275591 -0.0472441 
vn 0.96063 -0.275591 -0.0472441 
vn 0.92126 -0.314961 0.220472 
vn 0.299213 -0.913386 0.275591 
vn 0.464567 0.622047 -0.629921 
vn 0.944882 -0.259843 -0.181102 
vn 0.590551 -0.779528 -0.228346 
vn 0.590551 -0.779528 -0.228346 
vn 0.330709 0.708661 -0.622047 
vn 0.464567 0.622047 -0.629921 
vn 0.598425 0.692913 -0.401575 
vn 0.748031 0.614173 -0.259843 
vn 0.92126 -0.314961 0.220472 
vn 0.92126 -0.314961 0.220472 
vn 0.96063 -0.275591 -0.0472441 
vn 0.598425 0.692913 -0.401575 
vn 0.598425 0.692913 -0.401575 
vn 0.96063 -0.275591 -0.0472441 
vn 0.944882 -0.259843 -0.181102 
vn 0.944882 -0.259843 -0.181102 
vn 0.464567 0.622047 -0.629921 
vn 0.598425 0.692913 -0.401575 
vn -0.559055 0.165354 -0.811024 
vn -0.322835 0.0314961 -0.944882 
vn -0.826772 -0.133858 -0.543307 
vn -0.826772 -0.133858 -0.543307 
vn -0.708661 0.102362 -0.692913 
vn -0.559055 0.165354 -0.811024 
vn -0.322835 0.0314961 -0.944882 
vn -0.251969 -0.125984 -0.96063 
vn -0.834646 -0.440945 -0.322835 
vn -0.834646 -0.440945 -0.322835 
vn -0.826772 -0.133858 -0.543307 
vn -0.322835 0.0314961 -0.944882 
vn -0.251969 -0.125984 -0.96063 
vn -0.346457 -0.102362 -0.929134 
vn -0.811024 -0.527559 -0.267717 
vn -0.811024 -0.527559 -0.267717 
vn -0.834646 -0.440945 -0.322835 
vn -0.251969 -0.125984 -0.96063 
vn -0.346457 -0.102362 -0.929134 
vn -0.354331 -0.015748 -0.937008 
vn -0.779528 -0.598425 -0.19685 
vn -0.779528 -0.598425 -0.19685 
vn -0.811024 -0.527559 -0.267717 
vn -0.346457 -0.102362 -0.929134 
vn -0.779528 -0.598425 -0.19685 
vn -0.354331 -0.015748 -0.937008 
vn -0.425197 -0.023622 -0.905512 
vn -0.425197 -0.023622 -0.905512 
vn -0.732283 -0.661417 -0.149606 
vn -0.779528 -0.598425 -0.19685 
vn 0.0866142 0.425197 -0.897638 
vn -0.685039 -0.724409 -0.11811 
vn -0.732283 -0.661417 -0.149606 
vn -0.732283 -0.661417 -0.149606 
vn -0.425197 -0.023622 -0.905512 
vn 0.0866142 0.425197 -0.897638 
vn -0.322835 0.0314961 -0.944882 
vn -0.559055 0.165354 -0.811024 
vn 0.787402 0.370079 -0.496063 
vn -0.322835 0.0314961 -0.944882 
vn 0.787402 0.370079 -0.496063 
vn 0.755906 0.425197 -0.503937 
vn 0.755906 0.425197 -0.503937 
vn -0.251969 -0.125984 -0.96063 
vn -0.322835 0.0314961 -0.944882 
vn -0.251969 -0.125984 -0.96063 
vn 0.755906 0.425197 -0.503937 
vn 0.700787 0.496063 -0.511811 
vn 0.700787 0.496063 -0.511811 
vn -0.346457 -0.102362 -0.929134 
vn -0.251969 -0.125984 -0.96063 
vn -0.346457 -0.102362 -0.929134 
vn 0.700787 0.496063 -0.511811 
vn 0.629921 0.582677 -0.519685 
vn 0.629921 0.582677 -0.519685 
vn -0.354331 -0.015748 -0.937008 
vn -0.346457 -0.102362 -0.929134 
vn -0.354331 -0.015748 -0.937008 
vn 0.629921 0.582677 -0.519685 
vn 0.614173 0.598425 -0.511811 
vn 0.614173 0.598425 -0.511811 
vn -0.425197 -0.023622 -0.905512 
vn -0.354331 -0.015748 -0.937008 
vn -0.425197 -0.023622 -0.905512 
vn 0.614173 0.598425 -0.511811 
vn 0.590551 0.629921 -0.496063 
vn 0.590551 0.629921 -0.496063 
vn 0.0866142 0.425197 -0.897638 
vn -0.425197 -0.023622 -0.905512 
vn 0.0866142 0.425197 -0.897638 
vn 0.590551 0.629921 -0.496063 
vn 0.779528 0.204724 -0.590551 
vn 0.779528 0.204724 -0.590551 
vn 0.511811 0.354331 -0.779528 
vn 0.0866142 0.425197 -0.897638 
vn 0.779528 0.204724 -0.590551 
vn -0.259843 -0.937008 0.23622 
vn -0.496063 -0.858268 -0.11811 
vn -0.496063 -0.858268 -0.11811 
vn 0.511811 0.354331 -0.779528 
vn 0.779528 0.204724 -0.590551 
vn -0.685039 -0.724409 -0.11811 
vn -0.496063 -0.858268 -0.11811 
vn -0.259843 -0.937008 0.23622 
vn -0.259843 -0.937008 0.23622 
vn -0.433071 -0.866142 0.251969 
vn -0.685039 -0.724409 -0.11811 
vn -0.779528 -0.598425 -0.19685 
vn -0.732283 -0.661417 -0.149606 
vn -0.598425 -0.771654 0.212598 
vn -0.598425 -0.771654 0.212598 
vn -0.708661 -0.685039 0.173228 
vn -0.779528 -0.598425 -0.19685 
vn -0.811024 -0.527559 -0.267717 
vn -0.779528 -0.598425 -0.19685 
vn -0.708661 -0.685039 0.173228 
vn -0.708661 -0.685039 0.173228 
vn -0.80315 -0.574803 0.11811 
vn -0.811024 -0.527559 -0.267717 
vn -0.834646 -0.440945 -0.322835 
vn -0.811024 -0.527559 -0.267717 
vn -0.80315 -0.574803 0.11811 
vn -0.80315 -0.574803 0.11811 
vn -0.889764 -0.440945 0.102362 
vn -0.834646 -0.440945 -0.322835 
vn -0.826772 -0.133858 -0.543307 
vn -0.834646 -0.440945 -0.322835 
vn -0.889764 -0.440945 0.102362 
vn -0.889764 -0.440945 0.102362 
vn -0.944882 -0.307087 0.11811 
vn -0.826772 -0.133858 -0.543307 
vn -0.708661 0.102362 -0.692913 
vn -0.826772 -0.133858 -0.543307 
vn -0.944882 -0.307087 0.11811 
vn -0.732283 -0.661417 -0.149606 
vn -0.685039 -0.724409 -0.11811 
vn -0.433071 -0.866142 0.251969 
vn -0.433071 -0.866142 0.251969 
vn -0.598425 -0.771654 0.212598 
vn -0.732283 -0.661417 -0.149606 
vn -0.496063 -0.858268 -0.11811 
vn -0.685039 -0.724409 -0.11811 
vn 0.0866142 0.425197 -0.897638 
vn 0.0866142 0.425197 -0.897638 
vn 0.511811 0.354331 -0.779528 
vn -0.496063 -0.858268 -0.11811 
vn 0.23622 -0.125984 0.96063 
vn 0.267717 -0.299213 0.913386 
vn 0.80315 0.535433 0.251969 
vn 0.80315 0.535433 0.251969 
vn 0.787402 0.519685 0.322835 
vn 0.23622 -0.125984 0.96063 
vn 0.23622 -0.125984 0.96063 
vn 0.787402 0.519685 0.322835 
vn 0.779528 0.480315 0.409449 
vn 0.779528 0.480315 0.409449 
vn 0.125984 -0.015748 0.992126 
vn 0.23622 -0.125984 0.96063 
vn 0.125984 -0.015748 0.992126 
vn 0.779528 0.480315 0.409449 
vn 0.787402 0.448819 0.417323 
vn 0.787402 0.448819 0.417323 
vn 0.0472441 0.102362 0.992126 
vn 0.125984 -0.015748 0.992126 
vn 0.0472441 0.102362 0.992126 
vn 0.787402 0.448819 0.417323 
vn 0.677165 0.574803 0.464567 
vn 0.677165 0.574803 0.464567 
vn 0.15748 0.519685 0.84252 
vn 0.0472441 0.102362 0.992126 
vn 0.370079 0.732283 0.574803 
vn 0.15748 0.519685 0.84252 
vn 0.677165 0.574803 0.464567 
vn 0.677165 0.574803 0.464567 
vn 0.511811 0.716535 0.464567 
vn 0.370079 0.732283 0.574803 
vn 0.677165 0.574803 0.464567 
vn 0.874016 0.425197 -0.212598 
vn 0.511811 0.716535 0.464567 
vn 0.787402 0.448819 0.417323 
vn 0.858268 0.472441 -0.212598 
vn 0.874016 0.425197 -0.212598 
vn 0.874016 0.425197 -0.212598 
vn 0.677165 0.574803 0.464567 
vn 0.787402 0.448819 0.417323 
vn 0.779528 0.480315 0.409449 
vn 0.80315 0.551181 -0.228346 
vn 0.858268 0.472441 -0.212598 
vn 0.858268 0.472441 -0.212598 
vn 0.787402 0.448819 0.417323 
vn 0.779528 0.480315 0.409449 
vn 0.787402 0.519685 0.322835 
vn 0.755906 0.606299 -0.244094 
vn 0.80315 0.551181 -0.228346 
vn 0.80315 0.551181 -0.228346 
vn 0.779528 0.480315 0.409449 
vn 0.787402 0.519685 0.322835 
vn 0.80315 0.535433 0.251969 
vn 0.732283 0.622047 -0.267717 
vn 0.755906 0.606299 -0.244094 
vn 0.755906 0.606299 -0.244094 
vn 0.787402 0.519685 0.322835 
vn 0.80315 0.535433 0.251969 
vn 0.811024 0.590551 0.0551181 
vn 0.700787 0.645669 -0.307087 
vn 0.732283 0.622047 -0.267717 
vn 0.732283 0.622047 -0.267717 
vn 0.80315 0.535433 0.251969 
vn 0.811024 0.590551 0.0551181 
vn 0.92126 0.377953 -0.110236 
vn 0.834646 0.488189 -0.259843 
vn 0.700787 0.645669 -0.307087 
vn 0.700787 0.645669 -0.307087 
vn 0.811024 0.590551 0.0551181 
vn 0.92126 0.377953 -0.110236 
vn -0.244094 -0.874016 0.425197 
vn 0.228346 -0.905512 0.346457 
vn 0.590551 -0.393701 0.700787 
vn 0.590551 -0.393701 0.700787 
vn 0.488189 -0.346457 0.795276 
vn -0.244094 -0.874016 0.425197 
vn -0.527559 -0.692913 0.488189 
vn -0.346457 -0.811024 0.472441 
vn 0.267717 -0.299213 0.913386 
vn 0.267717 -0.299213 0.913386 
vn 0.23622 -0.125984 0.96063 
vn -0.527559 -0.692913 0.488189 
vn -0.669291 -0.559055 0.496063 
vn -0.527559 -0.692913 0.488189 
vn 0.23622 -0.125984 0.96063 
vn 0.23622 -0.125984 0.96063 
vn 0.125984 -0.015748 0.992126 
vn -0.669291 -0.559055 0.496063 
vn -0.811024 -0.377953 0.456693 
vn -0.669291 -0.559055 0.496063 
vn 0.125984 -0.015748 0.992126 
vn 0.125984 -0.015748 0.992126 
vn 0.0472441 0.102362 0.992126 
vn -0.811024 -0.377953 0.456693 
vn -0.897638 -0.228346 0.377953 
vn -0.811024 -0.377953 0.456693 
vn 0.0472441 0.102362 0.992126 
vn 0.0472441 0.102362 0.992126 
vn 0.15748 0.519685 0.84252 
vn -0.897638 -0.228346 0.377953 
vn 0.370079 0.732283 0.574803 
vn -0.897638 -0.228346 0.377953 
vn 0.15748 0.519685 0.84252 
vn -0.346457 -0.811024 0.472441 
vn -0.244094 -0.874016 0.425197 
vn 0.488189 -0.346457 0.795276 
vn 0.488189 -0.346457 0.795276 
vn 0.267717 -0.299213 0.913386 
vn -0.346457 -0.811024 0.472441 
vn 0.92126 0.377953 -0.110236 
vn 0.590551 -0.393701 0.700787 
vn 0.228346 -0.905512 0.346457 
vn 0.228346 -0.905512 0.346457 
vn 0.834646 0.488189 -0.259843 
vn 0.92126 0.377953 -0.110236 
vn 0.811024 0.590551 0.0551181 
vn 0.80315 0.535433 0.251969 
vn 0.267717 -0.299213 0.913386 
vn 0.267717 -0.299213 0.913386 
vn 0.488189 -0.346457 0.795276 
vn 0.811024 0.590551 0.0551181 
vn 0.811024 0.590551 0.0551181 
vn 0.488189 -0.346457 0.795276 
vn 0.590551 -0.393701 0.700787 
vn 0.590551 -0.393701 0.700787 
vn 0.92126 0.377953 -0.110236 
vn 0.811024 0.590551 0.0551181 
vn -0.322835 0.19685 -0.929134 
vn -0.0551181 0.0472441 -1 
vn -0.692913 -0.11811 -0.716535 
vn -0.692913 -0.11811 -0.716535 
vn -0.503937 0.133858 -0.850394 
vn -0.322835 0.19685 -0.929134 
vn -0.0551181 0.0472441 -1 
vn 0.0314961 -0.0944882 -0.992126 
vn -0.755906 -0.440945 -0.480315 
vn -0.755906 -0.440945 -0.480315 
vn -0.692913 -0.11811 -0.716535 
vn -0.0551181 0.0472441 -1 
vn 0.0314961 -0.0944882 -0.992126 
vn -0.0708661 -0.0787402 -0.992126 
vn -0.740157 -0.527559 -0.417323 
vn -0.740157 -0.527559 -0.417323 
vn -0.755906 -0.440945 -0.480315 
vn 0.0314961 -0.0944882 -0.992126 
vn -0.740157 -0.527559 -0.417323 
vn -0.0708661 -0.0787402 -0.992126 
vn -0.0708661 0.00787402 -1 
vn -0.0708661 0.00787402 -1 
vn -0.716535 -0.598425 -0.346457 
vn -0.740157 -0.527559 -0.417323 
vn -0.716535 -0.598425 -0.346457 
vn -0.0708661 0.00787402 -1 
vn -0.141732 0 -0.992126 
vn -0.141732 0 -0.992126 
vn -0.685039 -0.677165 -0.275591 
vn -0.716535 -0.598425 -0.346457 
vn 0.314961 0.401575 -0.858268 
vn -0.629921 -0.732283 -0.251969 
vn -0.685039 -0.677165 -0.275591 
vn -0.685039 -0.677165 -0.275591 
vn -0.141732 0 -0.992126 
vn 0.314961 0.401575 -0.858268 
vn -0.0551181 0.0472441 -1 
vn -0.322835 0.19685 -0.929134 
vn 0.858268 0.354331 -0.370079 
vn -0.0551181 0.0472441 -1 
vn 0.858268 0.354331 -0.370079 
vn 0.834646 0.401575 -0.377953 
vn 0.834646 0.401575 -0.377953 
vn 0.0314961 -0.0944882 -0.992126 
vn -0.0551181 0.0472441 -1 
vn 0.0314961 -0.0944882 -0.992126 
vn 0.834646 0.401575 -0.377953 
vn 0.787402 0.480315 -0.393701 
vn 0.787402 0.480315 -0.393701 
vn -0.0708661 -0.0787402 -0.992126 
vn 0.0314961 -0.0944882 -0.992126 
vn -0.0708661 -0.0787402 -0.992126 
vn 0.787402 0.480315 -0.393701 
vn 0.724409 0.559055 -0.409449 
vn 0.724409 0.559055 -0.409449 
vn -0.0708661 0.00787402 -1 
vn -0.0708661 -0.0787402 -0.992126 
vn -0.0708661 0.00787402 -1 
vn 0.724409 0.559055 -0.409449 
vn 0.708661 0.574803 -0.409449 
vn 0.708661 0.574803 -0.409449 
vn -0.141732 0 -0.992126 
vn -0.0708661 0.00787402 -1 
vn -0.141732 0 -0.992126 
vn 0.708661 0.574803 -0.409449 
vn 0.685039 0.614173 -0.393701 
vn 0.685039 0.614173 -0.393701 
vn 0.314961 0.401575 -0.858268 
vn -0.141732 0 -0.992126 
vn 0.314961 0.401575 -0.858268 
vn 0.685039 0.614173 -0.393701 
vn 0.874016 0.188976 -0.440945 
vn 0.874016 0.188976 -0.440945 
vn 0.669291 0.322835 -0.669291 
vn 0.314961 0.401575 -0.858268 
vn 0.874016 0.188976 -0.440945 
vn -0.291339 -0.937008 0.188976 
vn -0.448819 -0.866142 -0.212598 
vn -0.448819 -0.866142 -0.212598 
vn 0.669291 0.322835 -0.669291 
vn 0.874016 0.188976 -0.440945 
vn -0.629921 -0.732283 -0.251969 
vn -0.448819 -0.866142 -0.212598 
vn -0.291339 -0.937008 0.188976 
vn -0.291339 -0.937008 0.188976 
vn -0.480315 -0.858268 0.181102 
vn -0.629921 -0.732283 -0.251969 
vn -0.716535 -0.598425 -0.346457 
vn -0.685039 -0.677165 -0.275591 
vn -0.629921 -0.76378 0.11811 
vn -0.629921 -0.76378 0.11811 
vn -0.732283 -0.677165 0.0629921 
vn -0.716535 -0.598425 -0.346457 
vn -0.740157 -0.527559 -0.417323 
vn -0.716535 -0.598425 -0.346457 
vn -0.732283 -0.677165 0.0629921 
vn -0.732283 -0.677165 0.0629921 
vn -0.818898 -0.566929 0.00787402 
vn -0.740157 -0.527559 -0.417323 
vn -0.755906 -0.440945 -0.480315 
vn -0.740157 -0.527559 -0.417323 
vn -0.818898 -0.566929 0.00787402 
vn -0.818898 -0.566929 0.00787402 
vn -0.905512 -0.433071 -0.023622 
vn -0.755906 -0.440945 -0.480315 
vn -0.692913 -0.11811 -0.716535 
vn -0.755906 -0.440945 -0.480315 
vn -0.905512 -0.433071 -0.023622 
vn -0.905512 -0.433071 -0.023622 
vn -0.952756 -0.291339 -0.00787402 
vn -0.692913 -0.11811 -0.716535 
vn -0.503937 0.133858 -0.850394 
vn -0.692913 -0.11811 -0.716535 
vn -0.952756 -0.291339 -0.00787402 
vn -0.685039 -0.677165 -0.275591 
vn -0.629921 -0.732283 -0.251969 
vn -0.480315 -0.858268 0.181102 
vn -0.480315 -0.858268 0.181102 
vn -0.629921 -0.76378 0.11811 
vn -0.685039 -0.677165 -0.275591 
vn -0.629921 -0.732283 -0.251969 
vn 0.314961 0.401575 -0.858268 
vn 0.669291 0.322835 -0.669291 
vn 0.669291 0.322835 -0.669291 
vn -0.448819 -0.866142 -0.212598 
vn -0.629921 -0.732283 -0.251969 
vn -0.0472441 -0.141732 0.992126 
vn 0 -0.314961 0.944882 
vn 0.732283 0.535433 0.417323 
vn 0.732283 0.535433 0.417323 
vn 0.700787 0.527559 0.472441 
vn -0.0472441 -0.141732 0.992126 
vn -0.0472441 -0.141732 0.992126 
vn 0.700787 0.527559 0.472441 
vn 0.669291 0.480315 0.566929 
vn 0.669291 0.480315 0.566929 
vn -0.15748 -0.0393701 0.984252 
vn -0.0472441 -0.141732 0.992126 
vn -0.15748 -0.0393701 0.984252 
vn 0.669291 0.480315 0.566929 
vn 0.685039 0.456693 0.574803 
vn 0.685039 0.456693 0.574803 
vn -0.228346 0.0787402 0.968504 
vn -0.15748 -0.0393701 0.984252 
vn -0.228346 0.0787402 0.968504 
vn 0.685039 0.456693 0.574803 
vn 0.559055 0.574803 0.598425 
vn 0.559055 0.574803 0.598425 
vn -0.0866142 0.496063 0.866142 
vn -0.228346 0.0787402 0.968504 
vn -0.0866142 0.496063 0.866142 
vn 0.559055 0.574803 0.598425 
vn 0.370079 0.724409 0.582677 
vn 0.370079 0.724409 0.582677 
vn 0.188976 0.732283 0.661417 
vn -0.0866142 0.496063 0.866142 
vn 0.559055 0.574803 0.598425 
vn 0.905512 0.417323 -0.0866142 
vn 0.370079 0.724409 0.582677 
vn 0.685039 0.456693 0.574803 
vn 0.88189 0.456693 -0.0866142 
vn 0.905512 0.417323 -0.0866142 
vn 0.905512 0.417323 -0.0866142 
vn 0.559055 0.574803 0.598425 
vn 0.685039 0.456693 0.574803 
vn 0.669291 0.480315 0.566929 
vn 0.834646 0.535433 -0.102362 
vn 0.88189 0.456693 -0.0866142 
vn 0.88189 0.456693 -0.0866142 
vn 0.685039 0.456693 0.574803 
vn 0.669291 0.480315 0.566929 
vn 0.700787 0.527559 0.472441 
vn 0.795276 0.598425 -0.125984 
vn 0.834646 0.535433 -0.102362 
vn 0.834646 0.535433 -0.102362 
vn 0.669291 0.480315 0.566929 
vn 0.700787 0.527559 0.472441 
vn 0.732283 0.535433 0.417323 
vn 0.779528 0.614173 -0.141732 
vn 0.795276 0.598425 -0.125984 
vn 0.795276 0.598425 -0.125984 
vn 0.700787 0.527559 0.472441 
vn 0.732283 0.535433 0.417323 
vn 0.779528 0.590551 0.19685 
vn 0.748031 0.637795 -0.181102 
vn 0.779528 0.614173 -0.141732 
vn 0.779528 0.614173 -0.141732 
vn 0.732283 0.535433 0.417323 
vn 0.779528 0.590551 0.19685 
vn 0.929134 0.370079 0.0629921 
vn 0.874016 0.464567 -0.110236 
vn 0.748031 0.637795 -0.181102 
vn 0.748031 0.637795 -0.181102 
vn 0.779528 0.590551 0.19685 
vn 0.929134 0.370079 0.0629921 
vn -0.346457 -0.858268 0.377953 
vn 0.11811 -0.913386 0.393701 
vn 0.385827 -0.425197 0.818898 
vn 0.385827 -0.425197 0.818898 
vn 0.251969 -0.370079 0.897638 
vn -0.346457 -0.858268 0.377953 
vn -0.629921 -0.661417 0.401575 
vn -0.464567 -0.787402 0.409449 
vn 0 -0.314961 0.944882 
vn 0 -0.314961 0.944882 
vn -0.0472441 -0.141732 0.992126 
vn -0.629921 -0.661417 0.401575 
vn -0.76378 -0.519685 0.377953 
vn -0.629921 -0.661417 0.401575 
vn -0.0472441 -0.141732 0.992126 
vn -0.0472441 -0.141732 0.992126 
vn -0.15748 -0.0393701 0.984252 
vn -0.76378 -0.519685 0.377953 
vn -0.874016 -0.346457 0.330709 
vn -0.76378 -0.519685 0.377953 
vn -0.15748 -0.0393701 0.984252 
vn -0.15748 -0.0393701 0.984252 
vn -0.228346 0.0787402 0.968504 
vn -0.874016 -0.346457 0.330709 
vn -0.944882 -0.212598 0.251969 
vn -0.874016 -0.346457 0.330709 
vn -0.228346 0.0787402 0.968504 
vn -0.228346 0.0787402 0.968504 
vn -0.0866142 0.496063 0.866142 
vn -0.944882 -0.212598 0.251969 
vn 0.188976 0.732283 0.661417 
vn -0.944882 -0.212598 0.251969 
vn -0.0866142 0.496063 0.866142 
vn -0.464567 -0.787402 0.409449 
vn -0.346457 -0.858268 0.377953 
vn 0.251969 -0.370079 0.897638 
vn 0.251969 -0.370079 0.897638 
vn 0 -0.314961 0.944882 
vn -0.464567 -0.787402 0.409449 
vn 0.929134 0.370079 0.0629921 
vn 0.385827 -0.425197 0.818898 
vn 0.11811 -0.913386 0.393701 
vn 0.11811 -0.913386 0.393701 
vn 0.874016 0.464567 -0.110236 
vn 0.929134 0.370079 0.0629921 
vn 0.779528 0.590551 0.19685 
vn 0.732283 0.535433 0.417323 
vn 0 -0.314961 0.944882 
vn 0 -0.314961 0.944882 
vn 0.251969 -0.370079 0.897638 
vn 0.779528 0.590551 0.19685 
vn 0.779528 0.590551 0.19685 
vn 0.251969 -0.370079 0.897638 
vn 0.385827 -0.425197 0.818898 
vn 0.385827 -0.425197 0.818898 
vn 0.929134 0.370079 0.0629921 
vn 0.779528 0.590551 0.19685 
vn -0.984252 -0.0708661 0.149606 
vn -0.952756 0.0866142 -0.283465 
vn -0.874016 -0.425197 0.23622 
vn -0.952756 0.0866142 -0.283465 
vn -0.976378 -0.0393701 -0.212598 
vn -0.755906 -0.614173 0.228346 
vn -0.755906 -0.614173 0.228346 
vn -0.874016 -0.425197 0.23622 
vn -0.952756 0.0866142 -0.283465 
vn -0.976378 -0.0393701 -0.212598 
vn -1 -0.00787402 -0.0866142 
vn -0.685039 -0.677165 0.259843 
vn -0.685039 -0.677165 0.259843 
vn -0.755906 -0.614173 0.228346 
vn -0.976378 -0.0393701 -0.212598 
vn -1 -0.00787402 -0.0866142 
vn -1 0.0866142 0 
vn -0.622047 -0.724409 0.299213 
vn -0.622047 -0.724409 0.299213 
vn -0.685039 -0.677165 0.259843 
vn -1 -0.00787402 -0.0866142 
vn -0.622047 -0.724409 0.299213 
vn -1 0.0866142 0 
vn -0.992126 0.023622 0.11811 
vn -0.992126 0.023622 0.11811 
vn -0.566929 -0.76378 0.314961 
vn -0.622047 -0.724409 0.299213 
vn -0.795276 0.606299 -0.0866142 
vn -0.488189 -0.811024 0.322835 
vn -0.566929 -0.76378 0.314961 
vn -0.566929 -0.76378 0.314961 
vn -0.992126 0.023622 0.11811 
vn -0.795276 0.606299 -0.0866142 
vn -0.952756 0.0866142 -0.283465 
vn -0.984252 -0.0708661 0.149606 
vn 0.0393701 0.84252 -0.535433 
vn -0.952756 0.0866142 -0.283465 
vn 0.0393701 0.84252 -0.535433 
vn 0.0551181 0.80315 -0.590551 
vn 0.0551181 0.80315 -0.590551 
vn -0.976378 -0.0393701 -0.212598 
vn -0.952756 0.0866142 -0.283465 
vn -0.976378 -0.0393701 -0.212598 
vn 0.0551181 0.80315 -0.590551 
vn -0.0393701 0.84252 -0.543307 
vn -0.0393701 0.84252 -0.543307 
vn -1 -0.00787402 -0.0866142 
vn -0.976378 -0.0393701 -0.212598 
vn -1 -0.00787402 -0.0866142 
vn -0.0393701 0.84252 -0.543307 
vn -0.15748 0.88189 -0.433071 
vn -0.15748 0.88189 -0.433071 
vn -1 0.0866142 0 
vn -1 -0.00787402 -0.0866142 
vn -1 0.0866142 0 
vn -0.15748 0.88189 -0.433071 
vn -0.188976 0.889764 -0.409449 
vn -0.188976 0.889764 -0.409449 
vn -0.992126 0.023622 0.11811 
vn -1 0.0866142 0 
vn -0.992126 0.023622 0.11811 
vn -0.188976 0.889764 -0.409449 
vn -0.19685 0.905512 -0.370079 
vn -0.19685 0.905512 -0.370079 
vn -0.795276 0.606299 -0.0866142 
vn -0.992126 0.023622 0.11811 
vn -0.795276 0.606299 -0.0866142 
vn -0.19685 0.905512 -0.370079 
vn -0.15748 0.755906 -0.637795 
vn -0.15748 0.755906 -0.637795 
vn -0.511811 0.716535 -0.464567 
vn -0.795276 0.606299 -0.0866142 
vn -0.15748 0.755906 -0.637795 
vn 0.204724 -0.976378 0 
vn -0.440945 -0.88189 0.173228 
vn -0.440945 -0.88189 0.173228 
vn -0.511811 0.716535 -0.464567 
vn -0.15748 0.755906 -0.637795 
vn -0.488189 -0.811024 0.322835 
vn -0.440945 -0.88189 0.173228 
vn 0.204724 -0.976378 0 
vn 0.204724 -0.976378 0 
vn 0.102362 -0.984252 0.133858 
vn -0.488189 -0.811024 0.322835 
vn -0.622047 -0.724409 0.299213 
vn -0.566929 -0.76378 0.314961 
vn -0.0551181 -0.96063 0.283465 
vn -0.0551181 -0.96063 0.283465 
vn -0.19685 -0.913386 0.354331 
vn -0.622047 -0.724409 0.299213 
vn -0.685039 -0.677165 0.259843 
vn -0.622047 -0.724409 0.299213 
vn -0.19685 -0.913386 0.354331 
vn -0.19685 -0.913386 0.354331 
vn -0.354331 -0.84252 0.401575 
vn -0.685039 -0.677165 0.259843 
vn -0.755906 -0.614173 0.228346 
vn -0.685039 -0.677165 0.259843 
vn -0.354331 -0.84252 0.401575 
vn -0.354331 -0.84252 0.401575 
vn -0.496063 -0.740157 0.456693 
vn -0.755906 -0.614173 0.228346 
vn -0.874016 -0.425197 0.23622 
vn -0.755906 -0.614173 0.228346 
vn -0.496063 -0.740157 0.456693 
vn -0.496063 -0.740157 0.456693 
vn -0.653543 -0.543307 0.527559 
vn -0.874016 -0.425197 0.23622 
vn -0.984252 -0.0708661 0.149606 
vn -0.874016 -0.425197 0.23622 
vn -0.653543 -0.543307 0.527559 
vn -0.566929 -0.76378 0.314961 
vn -0.488189 -0.811024 0.322835 
vn 0.102362 -0.984252 0.133858 
vn 0.102362 -0.984252 0.133858 
vn -0.0551181 -0.96063 0.283465 
vn -0.566929 -0.76378 0.314961 
vn -0.440945 -0.88189 0.173228 
vn -0.488189 -0.811024 0.322835 
vn -0.795276 0.606299 -0.0866142 
vn -0.795276 0.606299 -0.0866142 
vn -0.511811 0.716535 -0.464567 
vn -0.440945 -0.88189 0.173228 
vn 0.984252 -0.173228 0.0787402 
vn 0.944882 -0.330709 -0.0314961 
vn 0.677165 0.653543 -0.338583 
vn 0.677165 0.653543 -0.338583 
vn 0.740157 0.614173 -0.267717 
vn 0.984252 -0.173228 0.0787402 
vn 0.984252 -0.173228 0.0787402 
vn 0.740157 0.614173 -0.267717 
vn 0.80315 0.559055 -0.188976 
vn 0.80315 0.559055 -0.188976 
vn 0.96063 -0.110236 0.244094 
vn 0.984252 -0.173228 0.0787402 
vn 0.96063 -0.110236 0.244094 
vn 0.80315 0.559055 -0.188976 
vn 0.811024 0.559055 -0.149606 
vn 0.811024 0.559055 -0.149606 
vn 0.92126 -0.023622 0.385827 
vn 0.96063 -0.110236 0.244094 
vn 0.92126 -0.023622 0.385827 
vn 0.811024 0.559055 -0.149606 
vn 0.771654 0.629921 -0.0708661 
vn 0.771654 0.629921 -0.0708661 
vn 0.771654 0.259843 0.582677 
vn 0.92126 -0.023622 0.385827 
vn 0.559055 0.795276 0.23622 
vn 0.771654 0.259843 0.582677 
vn 0.771654 0.629921 -0.0708661 
vn 0.771654 0.629921 -0.0708661 
vn 0.338583 0.811024 -0.472441 
vn 0.559055 0.795276 0.23622 
vn 0.811024 0.559055 -0.149606 
vn 0.338583 0.80315 -0.488189 
vn 0.338583 0.811024 -0.472441 
vn 0.338583 0.811024 -0.472441 
vn 0.771654 0.629921 -0.0708661 
vn 0.811024 0.559055 -0.149606 
vn 0.80315 0.559055 -0.188976 
vn 0.228346 0.866142 -0.440945 
vn 0.338583 0.80315 -0.488189 
vn 0.338583 0.80315 -0.488189 
vn 0.811024 0.559055 -0.149606 
vn 0.80315 0.559055 -0.188976 
vn 0.740157 0.614173 -0.267717 
vn 0.149606 0.889764 -0.425197 
vn 0.228346 0.866142 -0.440945 
vn 0.228346 0.866142 -0.440945 
vn 0.80315 0.559055 -0.188976 
vn 0.740157 0.614173 -0.267717 
vn 0.677165 0.653543 -0.338583 
vn 0.102362 0.905512 -0.417323 
vn 0.149606 0.889764 -0.425197 
vn 0.149606 0.889764 -0.425197 
vn 0.740157 0.614173 -0.267717 
vn 0.677165 0.653543 -0.338583 
vn 0.519685 0.748031 -0.417323 
vn 0.023622 0.913386 -0.409449 
vn 0.102362 0.905512 -0.417323 
vn 0.102362 0.905512 -0.417323 
vn 0.677165 0.653543 -0.338583 
vn 0.519685 0.748031 -0.417323 
vn 0.322835 0.740157 -0.590551 
vn 0.228346 0.779528 -0.590551 
vn 0.023622 0.913386 -0.409449 
vn 0.023622 0.913386 -0.409449 
vn 0.519685 0.748031 -0.417323 
vn 0.322835 0.740157 -0.590551 
vn 0.433071 -0.905512 0 
vn 0.622047 -0.669291 -0.409449 
vn 0.913386 -0.228346 -0.346457 
vn 0.913386 -0.228346 -0.346457 
vn 0.937008 -0.259843 -0.251969 
vn 0.433071 -0.905512 0 
vn 0.362205 -0.897638 0.259843 
vn 0.456693 -0.889764 0.0787402 
vn 0.944882 -0.330709 -0.0314961 
vn 0.944882 -0.330709 -0.0314961 
vn 0.984252 -0.173228 0.0787402 
vn 0.362205 -0.897638 0.259843 
vn 0.251969 -0.874016 0.425197 
vn 0.362205 -0.897638 0.259843 
vn 0.984252 -0.173228 0.0787402 
vn 0.984252 -0.173228 0.0787402 
vn 0.96063 -0.110236 0.244094 
vn 0.251969 -0.874016 0.425197 
vn 0.0314961 -0.811024 0.590551 
vn 0.251969 -0.874016 0.425197 
vn 0.96063 -0.110236 0.244094 
vn 0.96063 -0.110236 0.244094 
vn 0.92126 -0.023622 0.385827 
vn 0.0314961 -0.811024 0.590551 
vn -0.346457 -0.614173 0.708661 
vn 0.0314961 -0.811024 0.590551 
vn 0.92126 -0.023622 0.385827 
vn 0.92126 -0.023622 0.385827 
vn 0.771654 0.259843 0.582677 
vn -0.346457 -0.614173 0.708661 
vn 0.559055 0.795276 0.23622 
vn -0.346457 -0.614173 0.708661 
vn 0.771654 0.259843 0.582677 
vn 0.456693 -0.889764 0.0787402 
vn 0.433071 -0.905512 0 
vn 0.937008 -0.259843 -0.251969 
vn 0.937008 -0.259843 -0.251969 
vn 0.944882 -0.330709 -0.0314961 
vn 0.456693 -0.889764 0.0787402 
vn 0.322835 0.740157 -0.590551 
vn 0.913386 -0.228346 -0.346457 
vn 0.622047 -0.669291 -0.409449 
vn 0.622047 -0.669291 -0.409449 
vn 0.228346 0.779528 -0.590551 
vn 0.322835 0.740157 -0.590551 
vn 0.519685 0.748031 -0.417323 
vn 0.677165 0.653543 -0.338583 
vn 0.944882 -0.330709 -0.0314961 
vn 0.944882 -0.330709 -0.0314961 
vn 0.937008 -0.259843 -0.251969 
vn 0.519685 0.748031 -0.417323 
vn 0.519685 0.748031 -0.417323 
vn 0.937008 -0.259843 -0.251969 
vn 0.913386 -0.228346 -0.346457 
vn 0.913386 -0.228346 -0.346457 
vn 0.322835 0.740157 -0.590551 
vn 0.519685 0.748031 -0.417323 
vn -0.724409 0.503937 -0.464567 
vn -0.433071 0.511811 -0.748031 
vn -0.393701 -0.92126 0.00787402 
vn -0.393701 -0.92126 0.00787402 
vn -0.377953 -0.92126 0.11811 
vn -0.724409 0.503937 -0.464567 
vn -0.700787 0.125984 -0.700787 
vn -0.724409 0.0393701 -0.692913 
vn -0.834646 -0.527559 -0.125984 
vn -0.834646 -0.527559 -0.125984 
vn -0.96063 -0.267717 -0.0944882 
vn -0.700787 0.125984 -0.700787 
vn -0.724409 0.0393701 -0.692913 
vn -0.866142 0 -0.496063 
vn -0.771654 -0.637795 -0.00787402 
vn -0.771654 -0.637795 -0.00787402 
vn -0.834646 -0.527559 -0.125984 
vn -0.724409 0.0393701 -0.692913 
vn -0.866142 0 -0.496063 
vn -0.913386 0.0708661 -0.401575 
vn -0.653543 -0.755906 0.0472441 
vn -0.653543 -0.755906 0.0472441 
vn -0.771654 -0.637795 -0.00787402 
vn -0.866142 0 -0.496063 
vn -0.913386 0.0708661 -0.401575 
vn -0.724409 0.503937 -0.464567 
vn -0.377953 -0.92126 0.11811 
vn -0.377953 -0.92126 0.11811 
vn -0.653543 -0.755906 0.0472441 
vn -0.913386 0.0708661 -0.401575 
vn 0.677165 0.700787 -0.220472 
vn 0.80315 -0.519685 0.291339 
vn 0.724409 -0.677165 0.125984 
vn 0.724409 -0.677165 0.125984 
vn 0.622047 0.582677 -0.519685 
vn 0.677165 0.700787 -0.220472 
vn 0.622047 0.0393701 0.779528 
vn 0.811024 0.582677 0.0787402 
vn 0.708661 0.677165 0.19685 
vn 0.708661 0.677165 0.19685 
vn 0.299213 0.141732 0.944882 
vn 0.622047 0.0393701 0.779528 
vn 0.811024 0.582677 0.0787402 
vn 0.622047 0.0393701 0.779528 
vn 0.771654 0 0.637795 
vn 0.771654 0 0.637795 
vn 0.80315 0.590551 0.00787402 
vn 0.811024 0.582677 0.0787402 
vn 0.80315 0.590551 0.00787402 
vn 0.771654 0 0.637795 
vn 0.84252 -0.228346 0.488189 
vn 0.84252 -0.228346 0.488189 
vn 0.724409 0.685039 -0.110236 
vn 0.80315 0.590551 0.00787402 
vn 0.724409 0.685039 -0.110236 
vn 0.84252 -0.228346 0.488189 
vn 0.80315 -0.519685 0.291339 
vn 0.80315 -0.519685 0.291339 
vn 0.677165 0.700787 -0.220472 
vn 0.724409 0.685039 -0.110236 
vn -0.377953 -0.92126 0.11811 
vn -0.393701 -0.92126 0.00787402 
vn 0.724409 -0.677165 0.125984 
vn 0.724409 -0.677165 0.125984 
vn 0.80315 -0.519685 0.291339 
vn -0.377953 -0.92126 0.11811 
vn -0.393701 -0.92126 0.00787402 
vn -0.433071 0.511811 -0.748031 
vn 0.622047 0.582677 -0.519685 
vn 0.622047 0.582677 -0.519685 
vn 0.724409 -0.677165 0.125984 
vn -0.393701 -0.92126 0.00787402 
vn 0.622047 0.582677 -0.519685 
vn -0.433071 0.511811 -0.748031 
vn -0.724409 0.503937 -0.464567 
vn -0.724409 0.503937 -0.464567 
vn 0.677165 0.700787 -0.220472 
vn 0.622047 0.582677 -0.519685 
vn -0.96063 -0.267717 -0.0944882 
vn -0.834646 -0.527559 -0.125984 
vn 0.622047 0.0393701 0.779528 
vn 0.622047 0.0393701 0.779528 
vn 0.299213 0.141732 0.944882 
vn -0.96063 -0.267717 -0.0944882 
vn 0.811024 0.582677 0.0787402 
vn -0.724409 0.0393701 -0.692913 
vn -0.700787 0.125984 -0.700787 
vn -0.700787 0.125984 -0.700787 
vn 0.708661 0.677165 0.19685 
vn 0.811024 0.582677 0.0787402 
vn 0.708661 0.677165 0.19685 
vn -0.700787 0.125984 -0.700787 
vn -0.96063 -0.267717 -0.0944882 
vn -0.96063 -0.267717 -0.0944882 
vn 0.299213 0.141732 0.944882 
vn 0.708661 0.677165 0.19685 
vn -0.834646 -0.527559 -0.125984 
vn -0.771654 -0.637795 -0.00787402 
vn 0.771654 0 0.637795 
vn 0.771654 0 0.637795 
vn 0.622047 0.0393701 0.779528 
vn -0.834646 -0.527559 -0.125984 
vn 0.80315 0.590551 0.00787402 
vn -0.866142 0 -0.496063 
vn -0.724409 0.0393701 -0.692913 
vn -0.724409 0.0393701 -0.692913 
vn 0.811024 0.582677 0.0787402 
vn 0.80315 0.590551 0.00787402 
vn -0.771654 -0.637795 -0.00787402 
vn -0.653543 -0.755906 0.0472441 
vn 0.84252 -0.228346 0.488189 
vn 0.84252 -0.228346 0.488189 
vn 0.771654 0 0.637795 
vn -0.771654 -0.637795 -0.00787402 
vn 0.724409 0.685039 -0.110236 
vn -0.913386 0.0708661 -0.401575 
vn -0.866142 0 -0.496063 
vn -0.866142 0 -0.496063 
vn 0.80315 0.590551 0.00787402 
vn 0.724409 0.685039 -0.110236 
vn -0.653543 -0.755906 0.0472441 
vn -0.377953 -0.92126 0.11811 
vn 0.80315 -0.519685 0.291339 
vn 0.80315 -0.519685 0.291339 
vn 0.84252 -0.228346 0.488189 
vn -0.653543 -0.755906 0.0472441 
vn 0.677165 0.700787 -0.220472 
vn -0.724409 0.503937 -0.464567 
vn -0.913386 0.0708661 -0.401575 
vn -0.913386 0.0708661 -0.401575 
vn 0.724409 0.685039 -0.110236 
vn 0.677165 0.700787 -0.220472 
vn -0.84252 0.527559 -0.133858 
vn -0.716535 0.535433 -0.440945 
vn -0.401575 -0.913386 0.0708661 
vn -0.401575 -0.913386 0.0708661 
vn -0.307087 -0.937008 0.15748 
vn -0.84252 0.527559 -0.133858 
vn 0.220472 0.929134 -0.291339 
vn -0.787402 0.307087 -0.527559 
vn -0.826772 -0.559055 0.0944882 
vn -0.787402 0.307087 -0.527559 
vn -0.976378 0.0393701 -0.220472 
vn -0.724409 -0.677165 0.125984 
vn -0.724409 -0.677165 0.125984 
vn -0.826772 -0.559055 0.0944882 
vn -0.787402 0.307087 -0.527559 
vn -0.976378 0.0393701 -0.220472 
vn -0.992126 0.102362 -0.0866142 
vn -0.606299 -0.779528 0.165354 
vn -0.606299 -0.779528 0.165354 
vn -0.724409 -0.677165 0.125984 
vn -0.976378 0.0393701 -0.220472 
vn -0.992126 0.102362 -0.0866142 
vn -0.84252 0.527559 -0.133858 
vn -0.307087 -0.937008 0.15748 
vn -0.307087 -0.937008 0.15748 
vn -0.606299 -0.779528 0.165354 
vn -0.992126 0.102362 -0.0866142 
vn 0.582677 0.732283 -0.346457 
vn 0.88189 -0.472441 -0.00787402 
vn 0.771654 -0.614173 -0.15748 
vn 0.771654 -0.614173 -0.15748 
vn 0.377953 0.700787 -0.606299 
vn 0.582677 0.732283 -0.346457 
vn 0.480315 0.811024 0.338583 
vn 0.275591 -0.275591 0.92126 
vn 0.795276 0.598425 -0.0393701 
vn 0.795276 0.598425 -0.0393701 
vn 0.275591 -0.275591 0.92126 
vn 0.913386 -0.0314961 0.401575 
vn 0.913386 -0.0314961 0.401575 
vn 0.76378 0.622047 -0.149606 
vn 0.795276 0.598425 -0.0393701 
vn 0.76378 0.622047 -0.149606 
vn 0.913386 -0.0314961 0.401575 
vn 0.952756 -0.23622 0.204724 
vn 0.952756 -0.23622 0.204724 
vn 0.653543 0.716535 -0.251969 
vn 0.76378 0.622047 -0.149606 
vn 0.653543 0.716535 -0.251969 
vn 0.952756 -0.23622 0.204724 
vn 0.88189 -0.472441 -0.00787402 
vn 0.88189 -0.472441 -0.00787402 
vn 0.582677 0.732283 -0.346457 
vn 0.653543 0.716535 -0.251969 
vn -0.307087 -0.937008 0.15748 
vn -0.401575 -0.913386 0.0708661 
vn 0.771654 -0.614173 -0.15748 
vn 0.771654 -0.614173 -0.15748 
vn 0.88189 -0.472441 -0.00787402 
vn -0.307087 -0.937008 0.15748 
vn -0.401575 -0.913386 0.0708661 
vn -0.716535 0.535433 -0.440945 
vn 0.377953 0.700787 -0.606299 
vn 0.377953 0.700787 -0.606299 
vn 0.771654 -0.614173 -0.15748 
vn -0.401575 -0.913386 0.0708661 
vn 0.377953 0.700787 -0.606299 
vn -0.716535 0.535433 -0.440945 
vn -0.84252 0.527559 -0.133858 
vn -0.84252 0.527559 -0.133858 
vn 0.582677 0.732283 -0.346457 
vn 0.377953 0.700787 -0.606299 
vn 0.480315 0.811024 0.338583 
vn 0.220472 0.929134 -0.291339 
vn -0.826772 -0.559055 0.0944882 
vn -0.826772 -0.559055 0.0944882 
vn 0.275591 -0.275591 0.92126 
vn 0.480315 0.811024 0.338583 
vn -0.787402 0.307087 -0.527559 
vn 0.220472 0.929134 -0.291339 
vn 0.480315 0.811024 0.338583 
vn 0.480315 0.811024 0.338583 
vn 0.795276 0.598425 -0.0393701 
vn -0.787402 0.307087 -0.527559 
vn -0.826772 -0.559055 0.0944882 
vn -0.724409 -0.677165 0.125984 
vn 0.913386 -0.0314961 0.401575 
vn 0.913386 -0.0314961 0.401575 
vn 0.275591 -0.275591 0.92126 
vn -0.826772 -0.559055 0.0944882 
vn 0.76378 0.622047 -0.149606 
vn -0.976378 0.0393701 -0.220472 
vn -0.787402 0.307087 -0.527559 
vn -0.787402 0.307087 -0.527559 
vn 0.795276 0.598425 -0.0393701 
vn 0.76378 0.622047 -0.149606 
vn -0.724409 -0.677165 0.125984 
vn -0.606299 -0.779528 0.165354 
vn 0.952756 -0.23622 0.204724 
vn 0.952756 -0.23622 0.204724 
vn 0.913386 -0.0314961 0.401575 
vn -0.724409 -0.677165 0.125984 
vn 0.653543 0.716535 -0.251969 
vn -0.992126 0.102362 -0.0866142 
vn -0.976378 0.0393701 -0.220472 
vn -0.976378 0.0393701 -0.220472 
vn 0.76378 0.622047 -0.149606 
vn 0.653543 0.716535 -0.251969 
vn -0.606299 -0.779528 0.165354 
vn -0.307087 -0.937008 0.15748 
vn 0.88189 -0.472441 -0.00787402 
vn 0.88189 -0.472441 -0.00787402 
vn 0.952756 -0.23622 0.204724 
vn -0.606299 -0.779528 0.165354 
vn 0.582677 0.732283 -0.346457 
vn -0.84252 0.527559 -0.133858 
vn -0.992126 0.102362 -0.0866142 
vn -0.992126 0.102362 -0.0866142 
vn 0.653543 0.716535 -0.251969 
vn 0.582677 0.732283 -0.346457 
vn -0.330709 0.472441 -0.818898 
vn 0.110236 0.433071 -0.897638 
vn -0.346457 -0.929134 -0.110236 
vn -0.346457 -0.929134 -0.110236 
vn -0.433071 -0.897638 -0.00787402 
vn -0.330709 0.472441 -0.818898 
vn -0.354331 0.141732 -0.92126 
vn -0.299213 0.0314961 -0.952756 
vn -0.787402 -0.488189 -0.370079 
vn -0.787402 -0.488189 -0.370079 
vn -0.897638 -0.204724 -0.393701 
vn -0.354331 0.141732 -0.92126 
vn -0.299213 0.0314961 -0.952756 
vn -0.511811 -0.00787402 -0.858268 
vn -0.76378 -0.598425 -0.23622 
vn -0.76378 -0.598425 -0.23622 
vn -0.787402 -0.488189 -0.370079 
vn -0.299213 0.0314961 -0.952756 
vn -0.511811 -0.00787402 -0.858268 
vn -0.582677 0.0708661 -0.811024 
vn -0.653543 -0.740157 -0.149606 
vn -0.653543 -0.740157 -0.149606 
vn -0.76378 -0.598425 -0.23622 
vn -0.511811 -0.00787402 -0.858268 
vn -0.582677 0.0708661 -0.811024 
vn -0.330709 0.472441 -0.818898 
vn -0.433071 -0.897638 -0.00787402 
vn -0.433071 -0.897638 -0.00787402 
vn -0.653543 -0.740157 -0.149606 
vn -0.582677 0.0708661 -0.811024 
vn 0.740157 0.677165 0.0314961 
vn 0.503937 -0.590551 0.629921 
vn 0.511811 -0.732283 0.440945 
vn 0.511811 -0.732283 0.440945 
vn 0.84252 0.472441 -0.244094 
vn 0.740157 0.677165 0.0314961 
vn 0.204724 0.0629921 0.976378 
vn 0.771654 0.559055 0.299213 
vn 0.661417 0.669291 0.338583 
vn 0.661417 0.669291 0.338583 
vn -0.141732 0.188976 0.968504 
vn 0.204724 0.0629921 0.976378 
vn 0.771654 0.559055 0.299213 
vn 0.204724 0.0629921 0.976378 
vn 0.370079 0 0.929134 
vn 0.370079 0 0.929134 
vn 0.771654 0.566929 0.275591 
vn 0.771654 0.559055 0.299213 
vn 0.771654 0.566929 0.275591 
vn 0.370079 0 0.929134 
vn 0.480315 -0.259843 0.834646 
vn 0.480315 -0.259843 0.834646 
vn 0.740157 0.653543 0.149606 
vn 0.771654 0.566929 0.275591 
vn 0.740157 0.653543 0.149606 
vn 0.480315 -0.259843 0.834646 
vn 0.503937 -0.590551 0.629921 
vn 0.503937 -0.590551 0.629921 
vn 0.740157 0.677165 0.0314961 
vn 0.740157 0.653543 0.149606 
vn -0.433071 -0.897638 -0.00787402 
vn -0.346457 -0.929134 -0.110236 
vn 0.511811 -0.732283 0.440945 
vn 0.511811 -0.732283 0.440945 
vn 0.503937 -0.590551 0.629921 
vn -0.433071 -0.897638 -0.00787402 
vn -0.346457 -0.929134 -0.110236 
vn 0.110236 0.433071 -0.897638 
vn 0.84252 0.472441 -0.244094 
vn 0.84252 0.472441 -0.244094 
vn 0.511811 -0.732283 0.440945 
vn -0.346457 -0.929134 -0.110236 
vn 0.84252 0.472441 -0.244094 
vn 0.110236 0.433071 -0.897638 
vn -0.330709 0.472441 -0.818898 
vn -0.330709 0.472441 -0.818898 
vn 0.740157 0.677165 0.0314961 
vn 0.84252 0.472441 -0.244094 
vn -0.141732 0.188976 0.968504 
vn -0.897638 -0.204724 -0.393701 
vn -0.787402 -0.488189 -0.370079 
vn -0.787402 -0.488189 -0.370079 
vn 0.204724 0.0629921 0.976378 
vn -0.141732 0.188976 0.968504 
vn 0.771654 0.559055 0.299213 
vn -0.299213 0.0314961 -0.952756 
vn -0.354331 0.141732 -0.92126 
vn -0.354331 0.141732 -0.92126 
vn 0.661417 0.669291 0.338583 
vn 0.771654 0.559055 0.299213 
vn 0.661417 0.669291 0.338583 
vn -0.354331 0.141732 -0.92126 
vn -0.897638 -0.204724 -0.393701 
vn -0.897638 -0.204724 -0.393701 
vn -0.141732 0.188976 0.968504 
vn 0.661417 0.669291 0.338583 
vn -0.787402 -0.488189 -0.370079 
vn -0.76378 -0.598425 -0.23622 
vn 0.370079 0 0.929134 
vn 0.370079 0 0.929134 
vn 0.204724 0.0629921 0.976378 
vn -0.787402 -0.488189 -0.370079 
vn 0.771654 0.566929 0.275591 
vn -0.511811 -0.00787402 -0.858268 
vn -0.299213 0.0314961 -0.952756 
vn -0.299213 0.0314961 -0.952756 
vn 0.771654 0.559055 0.299213 
vn 0.771654 0.566929 0.275591 
vn -0.76378 -0.598425 -0.23622 
vn -0.653543 -0.740157 -0.149606 
vn 0.480315 -0.259843 0.834646 
vn 0.480315 -0.259843 0.834646 
vn 0.370079 0 0.929134 
vn -0.76378 -0.598425 -0.23622 
vn 0.740157 0.653543 0.149606 
vn -0.582677 0.0708661 -0.811024 
vn -0.511811 -0.00787402 -0.858268 
vn -0.511811 -0.00787402 -0.858268 
vn 0.771654 0.566929 0.275591 
vn 0.740157 0.653543 0.149606 
vn -0.653543 -0.740157 -0.149606 
vn -0.433071 -0.897638 -0.00787402 
vn 0.503937 -0.590551 0.629921 
vn 0.503937 -0.590551 0.629921 
vn 0.480315 -0.259843 0.834646 
vn -0.653543 -0.740157 -0.149606 
vn 0.740157 0.677165 0.0314961 
vn -0.330709 0.472441 -0.818898 
vn -0.582677 0.0708661 -0.811024 
vn -0.582677 0.0708661 -0.811024 
vn 0.740157 0.653543 0.149606 
vn 0.740157 0.677165 0.0314961 
vn -0.0551181 0.425197 -0.905512 
vn 0.401575 0.362205 -0.84252 
vn -0.322835 -0.929134 -0.173228 
vn -0.322835 -0.929134 -0.173228 
vn -0.456693 -0.88189 -0.0944882 
vn -0.0551181 0.425197 -0.905512 
vn -0.110236 0.133858 -0.984252 
vn -0.023622 0.015748 -1 
vn -0.708661 -0.464567 -0.527559 
vn -0.708661 -0.464567 -0.527559 
vn -0.795276 -0.173228 -0.582677 
vn -0.110236 0.133858 -0.984252 
vn -0.023622 0.015748 -1 
vn -0.23622 -0.023622 -0.968504 
vn -0.716535 -0.574803 -0.401575 
vn -0.716535 -0.574803 -0.401575 
vn -0.708661 -0.464567 -0.527559 
vn -0.023622 0.015748 -1 
vn -0.23622 -0.023622 -0.968504 
vn -0.314961 0.0629921 -0.944882 
vn -0.629921 -0.724409 -0.291339 
vn -0.629921 -0.724409 -0.291339 
vn -0.716535 -0.574803 -0.401575 
vn -0.23622 -0.023622 -0.968504 
vn -0.314961 0.0629921 -0.944882 
vn -0.0551181 0.425197 -0.905512 
vn -0.456693 -0.88189 -0.0944882 
vn -0.456693 -0.88189 -0.0944882 
vn -0.629921 -0.724409 -0.291339 
vn -0.314961 0.0629921 -0.944882 
vn 0.732283 0.653543 0.19685 
vn 0.275591 -0.598425 0.748031 
vn 0.338583 -0.748031 0.574803 
vn 0.338583 -0.748031 0.574803 
vn 0.905512 0.417323 -0.0314961 
vn 0.732283 0.653543 0.19685 
vn -0.0551181 0.0866142 0.992126 
vn 0.708661 0.535433 0.456693 
vn 0.614173 0.653543 0.448819 
vn 0.614173 0.653543 0.448819 
vn -0.370079 0.228346 0.897638 
vn -0.0551181 0.0866142 0.992126 
vn 0.708661 0.535433 0.456693 
vn -0.0551181 0.0866142 0.992126 
vn 0.0944882 0.00787402 0.992126 
vn 0.0944882 0.00787402 0.992126 
vn 0.708661 0.551181 0.440945 
vn 0.708661 0.535433 0.456693 
vn 0.708661 0.551181 0.440945 
vn 0.0944882 0.00787402 0.992126 
vn 0.204724 -0.251969 0.944882 
vn 0.204724 -0.251969 0.944882 
vn 0.708661 0.629921 0.322835 
vn 0.708661 0.551181 0.440945 
vn 0.708661 0.629921 0.322835 
vn 0.204724 -0.251969 0.944882 
vn 0.275591 -0.598425 0.748031 
vn 0.275591 -0.598425 0.748031 
vn 0.732283 0.653543 0.19685 
vn 0.708661 0.629921 0.322835 
vn -0.456693 -0.88189 -0.0944882 
vn -0.322835 -0.929134 -0.173228 
vn 0.338583 -0.748031 0.574803 
vn 0.338583 -0.748031 0.574803 
vn 0.275591 -0.598425 0.748031 
vn -0.456693 -0.88189 -0.0944882 
vn -0.322835 -0.929134 -0.173228 
vn 0.401575 0.362205 -0.84252 
vn 0.905512 0.417323 -0.0314961 
vn 0.905512 0.417323 -0.0314961 
vn 0.338583 -0.748031 0.574803 
vn -0.322835 -0.929134 -0.173228 
vn 0.905512 0.417323 -0.0314961 
vn 0.401575 0.362205 -0.84252 
vn -0.0551181 0.425197 -0.905512 
vn -0.0551181 0.425197 -0.905512 
vn 0.732283 0.653543 0.19685 
vn 0.905512 0.417323 -0.0314961 
vn -0.370079 0.228346 0.897638 
vn -0.795276 -0.173228 -0.582677 
vn -0.708661 -0.464567 -0.527559 
vn -0.708661 -0.464567 -0.527559 
vn -0.0551181 0.0866142 0.992126 
vn -0.370079 0.228346 0.897638 
vn -0.023622 0.015748 -1 
vn -0.110236 0.133858 -0.984252 
vn 0.614173 0.653543 0.448819 
vn 0.614173 0.653543 0.448819 
vn 0.708661 0.535433 0.456693 
vn -0.023622 0.015748 -1 
vn 0.614173 0.653543 0.448819 
vn -0.110236 0.133858 -0.984252 
vn -0.795276 -0.173228 -0.582677 
vn -0.795276 -0.173228 -0.582677 
vn -0.370079 0.228346 0.897638 
vn 0.614173 0.653543 0.448819 
vn -0.708661 -0.464567 -0.527559 
vn -0.716535 -0.574803 -0.401575 
vn 0.0944882 0.00787402 0.992126 
vn 0.0944882 0.00787402 0.992126 
vn -0.0551181 0.0866142 0.992126 
vn -0.708661 -0.464567 -0.527559 
vn 0.708661 0.551181 0.440945 
vn -0.23622 -0.023622 -0.968504 
vn -0.023622 0.015748 -1 
vn -0.023622 0.015748 -1 
vn 0.708661 0.535433 0.456693 
vn 0.708661 0.551181 0.440945 
vn -0.716535 -0.574803 -0.401575 
vn -0.629921 -0.724409 -0.291339 
vn 0.204724 -0.251969 0.944882 
vn 0.204724 -0.251969 0.944882 
vn 0.0944882 0.00787402 0.992126 
vn -0.716535 -0.574803 -0.401575 
vn 0.708661 0.629921 0.322835 
vn -0.314961 0.0629921 -0.944882 
vn -0.23622 -0.023622 -0.968504 
vn -0.23622 -0.023622 -0.968504 
vn 0.708661 0.551181 0.440945 
vn 0.708661 0.629921 0.322835 
vn -0.629921 -0.724409 -0.291339 
vn -0.456693 -0.88189 -0.0944882 
vn 0.275591 -0.598425 0.748031 
vn 0.275591 -0.598425 0.748031 
vn 0.204724 -0.251969 0.944882 
vn -0.629921 -0.724409 -0.291339 
vn 0.732283 0.653543 0.19685 
vn -0.0551181 0.425197 -0.905512 
vn -0.314961 0.0629921 -0.944882 
vn -0.314961 0.0629921 -0.944882 
vn 0.708661 0.629921 0.322835 
vn 0.732283 0.653543 0.19685 
vn 0.267717 0.409449 -0.874016 
vn 0.653543 0.330709 -0.677165 
vn -0.23622 -0.944882 -0.220472 
vn -0.23622 -0.944882 -0.220472 
vn -0.409449 -0.889764 -0.19685 
vn 0.267717 0.409449 -0.874016 
vn 0.23622 0.173228 -0.952756 
vn 0.354331 0.0472441 -0.937008 
vn -0.551181 -0.472441 -0.685039 
vn -0.551181 -0.472441 -0.685039 
vn -0.598425 -0.19685 -0.771654 
vn 0.23622 0.173228 -0.952756 
vn 0.354331 0.0472441 -0.937008 
vn 0.149606 0.015748 -0.992126 
vn -0.590551 -0.574803 -0.566929 
vn -0.590551 -0.574803 -0.566929 
vn -0.551181 -0.472441 -0.685039 
vn 0.354331 0.0472441 -0.937008 
vn 0.149606 0.015748 -0.992126 
vn 0.0629921 0.0944882 -0.992126 
vn -0.535433 -0.732283 -0.425197 
vn -0.535433 -0.732283 -0.425197 
vn -0.590551 -0.574803 -0.566929 
vn 0.149606 0.015748 -0.992126 
vn 0.0629921 0.0944882 -0.992126 
vn 0.267717 0.409449 -0.874016 
vn -0.409449 -0.889764 -0.19685 
vn -0.409449 -0.889764 -0.19685 
vn -0.535433 -0.732283 -0.425197 
vn 0.0629921 0.0944882 -0.992126 
vn 0.661417 0.661417 0.362205 
vn -0.00787402 -0.622047 0.787402 
vn 0.133858 -0.748031 0.645669 
vn 0.133858 -0.748031 0.645669 
vn 0.889764 0.409449 0.188976 
vn 0.661417 0.661417 0.362205 
vn -0.417323 0.0551181 0.905512 
vn 0.574803 0.543307 0.614173 
vn 0.496063 0.661417 0.559055 
vn 0.496063 0.661417 0.559055 
vn -0.653543 0.188976 0.732283 
vn -0.417323 0.0551181 0.905512 
vn 0.574803 0.543307 0.614173 
vn -0.417323 0.0551181 0.905512 
vn -0.283465 -0.0314961 0.96063 
vn -0.283465 -0.0314961 0.96063 
vn 0.566929 0.559055 0.606299 
vn 0.574803 0.543307 0.614173 
vn 0.566929 0.559055 0.606299 
vn -0.283465 -0.0314961 0.96063 
vn -0.149606 -0.283465 0.944882 
vn -0.149606 -0.283465 0.944882 
vn 0.598425 0.629921 0.496063 
vn 0.566929 0.559055 0.606299 
vn 0.598425 0.629921 0.496063 
vn -0.149606 -0.283465 0.944882 
vn -0.00787402 -0.622047 0.787402 
vn -0.00787402 -0.622047 0.787402 
vn 0.661417 0.661417 0.362205 
vn 0.598425 0.629921 0.496063 
vn -0.409449 -0.889764 -0.19685 
vn -0.23622 -0.944882 -0.220472 
vn 0.133858 -0.748031 0.645669 
vn 0.133858 -0.748031 0.645669 
vn -0.00787402 -0.622047 0.787402 
vn -0.409449 -0.889764 -0.19685 
vn -0.23622 -0.944882 -0.220472 
vn 0.653543 0.330709 -0.677165 
vn 0.889764 0.409449 0.188976 
vn 0.889764 0.409449 0.188976 
vn 0.133858 -0.748031 0.645669 
vn -0.23622 -0.944882 -0.220472 
vn 0.889764 0.409449 0.188976 
vn 0.653543 0.330709 -0.677165 
vn 0.267717 0.409449 -0.874016 
vn 0.267717 0.409449 -0.874016 
vn 0.661417 0.661417 0.362205 
vn 0.889764 0.409449 0.188976 
vn -0.653543 0.188976 0.732283 
vn -0.598425 -0.19685 -0.771654 
vn -0.551181 -0.472441 -0.685039 
vn -0.551181 -0.472441 -0.685039 
vn -0.417323 0.0551181 0.905512 
vn -0.653543 0.188976 0.732283 
vn 0.354331 0.0472441 -0.937008 
vn 0.23622 0.173228 -0.952756 
vn 0.496063 0.661417 0.559055 
vn 0.496063 0.661417 0.559055 
vn 0.574803 0.543307 0.614173 
vn 0.354331 0.0472441 -0.937008 
vn 0.496063 0.661417 0.559055 
vn 0.23622 0.173228 -0.952756 
vn -0.598425 -0.19685 -0.771654 
vn -0.598425 -0.19685 -0.771654 
vn -0.653543 0.188976 0.732283 
vn 0.496063 0.661417 0.559055 
vn -0.551181 -0.472441 -0.685039 
vn -0.590551 -0.574803 -0.566929 
vn -0.283465 -0.0314961 0.96063 
vn -0.283465 -0.0314961 0.96063 
vn -0.417323 0.0551181 0.905512 
vn -0.551181 -0.472441 -0.685039 
vn 0.566929 0.559055 0.606299 
vn 0.149606 0.015748 -0.992126 
vn 0.354331 0.0472441 -0.937008 
vn 0.354331 0.0472441 -0.937008 
vn 0.574803 0.543307 0.614173 
vn 0.566929 0.559055 0.606299 
vn -0.590551 -0.574803 -0.566929 
vn -0.535433 -0.732283 -0.425197 
vn -0.149606 -0.283465 0.944882 
vn -0.149606 -0.283465 0.944882 
vn -0.283465 -0.0314961 0.96063 
vn -0.590551 -0.574803 -0.566929 
vn 0.598425 0.629921 0.496063 
vn 0.0629921 0.0944882 -0.992126 
vn 0.149606 0.015748 -0.992126 
vn 0.149606 0.015748 -0.992126 
vn 0.566929 0.559055 0.606299 
vn 0.598425 0.629921 0.496063 
vn -0.535433 -0.732283 -0.425197 
vn -0.409449 -0.889764 -0.19685 
vn -0.00787402 -0.622047 0.787402 
vn -0.00787402 -0.622047 0.787402 
vn -0.149606 -0.283465 0.944882 
vn -0.535433 -0.732283 -0.425197 
vn 0.661417 0.661417 0.362205 
vn 0.267717 0.409449 -0.874016 
vn 0.0629921 0.0944882 -0.992126 
vn 0.0629921 0.0944882 -0.992126 
vn 0.598425 0.629921 0.496063 
vn 0.661417 0.661417 0.362205 

vt 0.694823 0.788573 
vt 0.695468 0.816564 
vt 0.63558 0.825187 
vt 0.63558 0.825187 
vt 0.633368 0.797391 
vt 0.694823 0.788573 
vt 0.748552 0.785303 
vt 0.74755 0.816258 
vt 0.695468 0.816564 
vt 0.695468 0.816564 
vt 0.694823 0.788573 
vt 0.748552 0.785303 
vt 0.811136 0.797305 
vt 0.801393 0.824955 
vt 0.74755 0.816258 
vt 0.74755 0.816258 
vt 0.748552 0.785303 
vt 0.811136 0.797305 
vt 0.868775 0.822337 
vt 0.852913 0.844512 
vt 0.801393 0.824955 
vt 0.801393 0.824955 
vt 0.811136 0.797305 
vt 0.868775 0.822337 
vt 0.917711 0.85398 
vt 0.899492 0.868305 
vt 0.852913 0.844512 
vt 0.852913 0.844512 
vt 0.868775 0.822337 
vt 0.917711 0.85398 
vt 0.899492 0.868305 
vt 0.92827 0.886571 
vt 0.909605 0.89604 
vt 0.909605 0.89604 
vt 0.881545 0.884804 
vt 0.899492 0.868305 
vt 0.633368 0.797391 
vt 0.63558 0.825187 
vt 0.611551 0.815264 
vt 0.611551 0.815264 
vt 0.606014 0.793536 
vt 0.633368 0.797391 
vt 0.185487 0.200614 
vt 0.341423 0.275841 
vt 0.311467 0.304911 
vt 0.311467 0.304911 
vt 0.161706 0.225442 
vt 0.185487 0.200614 
vt 0.504975 0.320308 
vt 0.415088 0.201021 
vt 0.435236 0.175541 
vt 0.435236 0.175541 
vt 0.541307 0.299576 
vt 0.504975 0.320308 
vt 0.550471 0.410868 
vt 0.504975 0.320308 
vt 0.541307 0.299576 
vt 0.541307 0.299576 
vt 0.595427 0.399519 
vt 0.550471 0.410868 
vt 0.566583 0.514083 
vt 0.616542 0.515555 
vt 0.591024 0.662621 
vt 0.591024 0.662621 
vt 0.540731 0.648266 
vt 0.566583 0.514083 
vt 0.566583 0.514083 
vt 0.550471 0.410868 
vt 0.595427 0.399519 
vt 0.595427 0.399519 
vt 0.616542 0.515555 
vt 0.566583 0.514083 
vt 0.161706 0.225442 
vt 0.125535 0.21709 
vt 0.14 0.19889 
vt 0.14 0.19889 
vt 0.185487 0.200614 
vt 0.161706 0.225442 
vt 0.095574 0.159709 
vt 0.086001 0.173196 
vt 0.051863 0.126631 
vt 0.051863 0.126631 
vt 0.059257 0.116745 
vt 0.095574 0.159709 
vt 0.086001 0.173196 
vt 0.095574 0.159709 
vt 0.14 0.19889 
vt 0.14 0.19889 
vt 0.125535 0.21709 
vt 0.086001 0.173196 
vt 0.586191 0.735535 
vt 0.581076 0.802679 
vt 0.513102 0.809053 
vt 0.591024 0.662621 
vt 0.586191 0.735535 
vt 0.513102 0.809053 
vt 0.540731 0.648266 
vt 0.591024 0.662621 
vt 0.513102 0.809053 
vt 0.470255 0.630471 
vt 0.540731 0.648266 
vt 0.513102 0.809053 
vt 0.513102 0.809053 
vt 0.431757 0.816813 
vt 0.470255 0.630471 
vt 0.495613 0.511969 
vt 0.566583 0.514083 
vt 0.540731 0.648266 
vt 0.540731 0.648266 
vt 0.470255 0.630471 
vt 0.495613 0.511969 
vt 0.550471 0.410868 
vt 0.566583 0.514083 
vt 0.495613 0.511969 
vt 0.495613 0.511969 
vt 0.485537 0.427142 
vt 0.550471 0.410868 
vt 0.485537 0.427142 
vt 0.454042 0.352002 
vt 0.504975 0.320308 
vt 0.504975 0.320308 
vt 0.550471 0.410868 
vt 0.485537 0.427142 
vt 0.454042 0.352002 
vt 0.379274 0.238368 
vt 0.415088 0.201021 
vt 0.415088 0.201021 
vt 0.504975 0.320308 
vt 0.454042 0.352002 
vt 0.392323 0.609746 
vt 0.470255 0.630471 
vt 0.431757 0.816813 
vt 0.431757 0.816813 
vt 0.345993 0.804389 
vt 0.392323 0.609746 
vt 0.416793 0.509442 
vt 0.495613 0.511969 
vt 0.470255 0.630471 
vt 0.470255 0.630471 
vt 0.392323 0.609746 
vt 0.416793 0.509442 
vt 0.495613 0.511969 
vt 0.416793 0.509442 
vt 0.413308 0.445205 
vt 0.413308 0.445205 
vt 0.485537 0.427142 
vt 0.495613 0.511969 
vt 0.413308 0.445205 
vt 0.397762 0.387532 
vt 0.454042 0.352002 
vt 0.454042 0.352002 
vt 0.485537 0.427142 
vt 0.413308 0.445205 
vt 0.397762 0.387532 
vt 0.341423 0.275841 
vt 0.379274 0.238368 
vt 0.379274 0.238368 
vt 0.454042 0.352002 
vt 0.397762 0.387532 
vt 0.317047 0.585811 
vt 0.392323 0.609746 
vt 0.345993 0.804389 
vt 0.345993 0.804389 
vt 0.258892 0.806296 
vt 0.317047 0.585811 
vt 0.339198 0.506503 
vt 0.416793 0.509442 
vt 0.392323 0.609746 
vt 0.392323 0.609746 
vt 0.317047 0.585811 
vt 0.339198 0.506503 
vt 0.416793 0.509442 
vt 0.339198 0.506503 
vt 0.342031 0.463126 
vt 0.342031 0.463126 
vt 0.413308 0.445205 
vt 0.416793 0.509442 
vt 0.342875 0.423599 
vt 0.397762 0.387532 
vt 0.413308 0.445205 
vt 0.413308 0.445205 
vt 0.342031 0.463126 
vt 0.342875 0.423599 
vt 0.397762 0.387532 
vt 0.342875 0.423599 
vt 0.311467 0.304911 
vt 0.311467 0.304911 
vt 0.341423 0.275841 
vt 0.397762 0.387532 
vt 0.852913 0.844512 
vt 0.899492 0.868305 
vt 0.881545 0.884804 
vt 0.881545 0.884804 
vt 0.835618 0.868721 
vt 0.852913 0.844512 
vt 0.852913 0.844512 
vt 0.835618 0.868721 
vt 0.790767 0.854454 
vt 0.790767 0.854454 
vt 0.801393 0.824955 
vt 0.852913 0.844512 
vt 0.801393 0.824955 
vt 0.790767 0.854454 
vt 0.746447 0.849695 
vt 0.746447 0.849695 
vt 0.74755 0.816258 
vt 0.801393 0.824955 
vt 0.74755 0.816258 
vt 0.746447 0.849695 
vt 0.697001 0.846886 
vt 0.697001 0.846886 
vt 0.695468 0.816564 
vt 0.74755 0.816258 
vt 0.695468 0.816564 
vt 0.697001 0.846886 
vt 0.638072 0.85634 
vt 0.638072 0.85634 
vt 0.63558 0.825187 
vt 0.695468 0.816564 
vt 0.611128 0.861359 
vt 0.611551 0.815264 
vt 0.63558 0.825187 
vt 0.63558 0.825187 
vt 0.638072 0.85634 
vt 0.611128 0.861359 
vt 0.513102 0.809053 
vt 0.581076 0.802679 
vt 0.576957 0.867724 
vt 0.576957 0.867724 
vt 0.501137 0.893857 
vt 0.513102 0.809053 
vt 0.431757 0.816813 
vt 0.513102 0.809053 
vt 0.501137 0.893857 
vt 0.501137 0.893857 
vt 0.418601 0.925616 
vt 0.431757 0.816813 
vt 0.345993 0.804389 
vt 0.431757 0.816813 
vt 0.418601 0.925616 
vt 0.418601 0.925616 
vt 0.328653 0.915161 
vt 0.345993 0.804389 
vt 0.258892 0.806296 
vt 0.345993 0.804389 
vt 0.328653 0.915161 
vt 0.328653 0.915161 
vt 0.27651 0.881165 
vt 0.258892 0.806296 
vt 0.57918 0.878526 
vt 0.501164 0.914569 
vt 0.501137 0.893857 
vt 0.501137 0.893857 
vt 0.576957 0.867724 
vt 0.57918 0.878526 
vt 0.639336 0.86513 
vt 0.612815 0.871036 
vt 0.611128 0.861359 
vt 0.611128 0.861359 
vt 0.638072 0.85634 
vt 0.639336 0.86513 
vt 0.699493 0.851734 
vt 0.639336 0.86513 
vt 0.638072 0.85634 
vt 0.638072 0.85634 
vt 0.697001 0.846886 
vt 0.699493 0.851734 
vt 0.746946 0.855858 
vt 0.699493 0.851734 
vt 0.697001 0.846886 
vt 0.697001 0.846886 
vt 0.746447 0.849695 
vt 0.746946 0.855858 
vt 0.788346 0.859456 
vt 0.746946 0.855858 
vt 0.746447 0.849695 
vt 0.746447 0.849695 
vt 0.790767 0.854454 
vt 0.788346 0.859456 
vt 0.832211 0.873841 
vt 0.788346 0.859456 
vt 0.790767 0.854454 
vt 0.790767 0.854454 
vt 0.835618 0.868721 
vt 0.832211 0.873841 
vt 0.880324 0.88962 
vt 0.832211 0.873841 
vt 0.835618 0.868721 
vt 0.835618 0.868721 
vt 0.881545 0.884804 
vt 0.880324 0.88962 
vt 0.897415 0.895225 
vt 0.880324 0.88962 
vt 0.881545 0.884804 
vt 0.881545 0.884804 
vt 0.909605 0.89604 
vt 0.897415 0.895225 
vt 0.962583 0.920786 
vt 0.897415 0.895225 
vt 0.909605 0.89604 
vt 0.909605 0.89604 
vt 0.953708 0.91386 
vt 0.962583 0.920786 
vt 0.953422 0.903774 
vt 0.960755 0.908383 
vt 0.962583 0.920786 
vt 0.962583 0.920786 
vt 0.953708 0.91386 
vt 0.953422 0.903774 
vt 0.939594 0.87684 
vt 0.945452 0.876375 
vt 0.958707 0.894496 
vt 0.958707 0.894496 
vt 0.95377 0.892782 
vt 0.939594 0.87684 
vt 0.868775 0.822337 
vt 0.875429 0.815502 
vt 0.927583 0.851947 
vt 0.927583 0.851947 
vt 0.917711 0.85398 
vt 0.868775 0.822337 
vt 0.811136 0.797305 
vt 0.814208 0.786967 
vt 0.875429 0.815502 
vt 0.875429 0.815502 
vt 0.868775 0.822337 
vt 0.811136 0.797305 
vt 0.748552 0.785303 
vt 0.747987 0.774099 
vt 0.814208 0.786967 
vt 0.814208 0.786967 
vt 0.811136 0.797305 
vt 0.748552 0.785303 
vt 0.694823 0.788573 
vt 0.695139 0.782531 
vt 0.747987 0.774099 
vt 0.747987 0.774099 
vt 0.748552 0.785303 
vt 0.694823 0.788573 
vt 0.633368 0.797391 
vt 0.63088 0.802804 
vt 0.695139 0.782531 
vt 0.695139 0.782531 
vt 0.694823 0.788573 
vt 0.633368 0.797391 
vt 0.606014 0.793536 
vt 0.604108 0.785039 
vt 0.63088 0.802804 
vt 0.63088 0.802804 
vt 0.633368 0.797391 
vt 0.606014 0.793536 
vt 0.591024 0.662621 
vt 0.600282 0.664658 
vt 0.589468 0.730139 
vt 0.589468 0.730139 
vt 0.586191 0.735535 
vt 0.591024 0.662621 
vt 0.616542 0.515555 
vt 0.630858 0.515054 
vt 0.600282 0.664658 
vt 0.600282 0.664658 
vt 0.591024 0.662621 
vt 0.616542 0.515555 
vt 0.595427 0.399519 
vt 0.60605 0.396348 
vt 0.630858 0.515054 
vt 0.630858 0.515054 
vt 0.616542 0.515555 
vt 0.595427 0.399519 
vt 0.541307 0.299576 
vt 0.548801 0.295585 
vt 0.60605 0.396348 
vt 0.60605 0.396348 
vt 0.595427 0.399519 
vt 0.541307 0.299576 
vt 0.541307 0.299576 
vt 0.435236 0.175541 
vt 0.439948 0.172025 
vt 0.439948 0.172025 
vt 0.548801 0.295585 
vt 0.541307 0.299576 
vt 0.259419 0.117598 
vt 0.439948 0.172025 
vt 0.435236 0.175541 
vt 0.435236 0.175541 
vt 0.255176 0.12388 
vt 0.259419 0.117598 
vt 0.17942 0.145858 
vt 0.173389 0.148859 
vt 0.259419 0.117598 
vt 0.259419 0.117598 
vt 0.255176 0.12388 
vt 0.17942 0.145858 
vt 0.17942 0.145858 
vt 0.124557 0.117119 
vt 0.124441 0.114328 
vt 0.124441 0.114328 
vt 0.173389 0.148859 
vt 0.17942 0.145858 
vt 0.078268 0.078785 
vt 0.124441 0.114328 
vt 0.124557 0.117119 
vt 0.124557 0.117119 
vt 0.083581 0.084769 
vt 0.078268 0.078785 
vt 0.051863 0.126631 
vt 0.045324 0.123071 
vt 0.053614 0.111927 
vt 0.053614 0.111927 
vt 0.059257 0.116745 
vt 0.051863 0.126631 
vt 0.086001 0.173196 
vt 0.083097 0.176034 
vt 0.045324 0.123071 
vt 0.045324 0.123071 
vt 0.051863 0.126631 
vt 0.086001 0.173196 
vt 0.125535 0.21709 
vt 0.117311 0.224634 
vt 0.083097 0.176034 
vt 0.083097 0.176034 
vt 0.086001 0.173196 
vt 0.125535 0.21709 
vt 0.152024 0.232024 
vt 0.117311 0.224634 
vt 0.125535 0.21709 
vt 0.125535 0.21709 
vt 0.161706 0.225442 
vt 0.152024 0.232024 
vt 0.311467 0.304911 
vt 0.306524 0.30822 
vt 0.152024 0.232024 
vt 0.152024 0.232024 
vt 0.161706 0.225442 
vt 0.311467 0.304911 
vt 0.342875 0.423599 
vt 0.33055 0.437343 
vt 0.306524 0.30822 
vt 0.306524 0.30822 
vt 0.311467 0.304911 
vt 0.342875 0.423599 
vt 0.342031 0.463126 
vt 0.324194 0.46751 
vt 0.33055 0.437343 
vt 0.33055 0.437343 
vt 0.342875 0.423599 
vt 0.342031 0.463126 
vt 0.339198 0.506503 
vt 0.321582 0.504398 
vt 0.324194 0.46751 
vt 0.324194 0.46751 
vt 0.342031 0.463126 
vt 0.339198 0.506503 
vt 0.317047 0.585811 
vt 0.30267 0.569679 
vt 0.321582 0.504398 
vt 0.321582 0.504398 
vt 0.339198 0.506503 
vt 0.317047 0.585811 
vt 0.258892 0.806296 
vt 0.233337 0.813384 
vt 0.30267 0.569679 
vt 0.30267 0.569679 
vt 0.317047 0.585811 
vt 0.258892 0.806296 
vt 0.27651 0.881165 
vt 0.260562 0.898898 
vt 0.233337 0.813384 
vt 0.233337 0.813384 
vt 0.258892 0.806296 
vt 0.27651 0.881165 
vt 0.318385 0.944055 
vt 0.260562 0.898898 
vt 0.27651 0.881165 
vt 0.27651 0.881165 
vt 0.328653 0.915161 
vt 0.318385 0.944055 
vt 0.415684 0.95948 
vt 0.318385 0.944055 
vt 0.328653 0.915161 
vt 0.328653 0.915161 
vt 0.418601 0.925616 
vt 0.415684 0.95948 
vt 0.501164 0.914569 
vt 0.415684 0.95948 
vt 0.418601 0.925616 
vt 0.418601 0.925616 
vt 0.501137 0.893857 
vt 0.501164 0.914569 
vt 0.917711 0.85398 
vt 0.927583 0.851947 
vt 0.945452 0.876375 
vt 0.945452 0.876375 
vt 0.939594 0.87684 
vt 0.917711 0.85398 
vt 0.95377 0.892782 
vt 0.958707 0.894496 
vt 0.960755 0.908383 
vt 0.960755 0.908383 
vt 0.953422 0.903774 
vt 0.95377 0.892782 
vt 0.917711 0.85398 
vt 0.939594 0.87684 
vt 0.92827 0.886571 
vt 0.92827 0.886571 
vt 0.899492 0.868305 
vt 0.917711 0.85398 
vt 0.92827 0.886571 
vt 0.939594 0.87684 
vt 0.95377 0.892782 
vt 0.95377 0.892782 
vt 0.953422 0.903774 
vt 0.92827 0.886571 
vt 0.92827 0.886571 
vt 0.953422 0.903774 
vt 0.953708 0.91386 
vt 0.953708 0.91386 
vt 0.909605 0.89604 
vt 0.92827 0.886571 
vt 0.059257 0.116745 
vt 0.053614 0.111927 
vt 0.063345 0.098846 
vt 0.063345 0.098846 
vt 0.068727 0.103866 
vt 0.059257 0.116745 
vt 0.107155 0.14305 
vt 0.095574 0.159709 
vt 0.059257 0.116745 
vt 0.059257 0.116745 
vt 0.068727 0.103866 
vt 0.107155 0.14305 
vt 0.14 0.19889 
vt 0.095574 0.159709 
vt 0.107155 0.14305 
vt 0.107155 0.14305 
vt 0.156527 0.177373 
vt 0.14 0.19889 
vt 0.185487 0.200614 
vt 0.14 0.19889 
vt 0.156527 0.177373 
vt 0.156527 0.177373 
vt 0.212684 0.170916 
vt 0.185487 0.200614 
vt 0.212684 0.170916 
vt 0.379274 0.238368 
vt 0.341423 0.275841 
vt 0.341423 0.275841 
vt 0.185487 0.200614 
vt 0.212684 0.170916 
vt 0.068727 0.103866 
vt 0.063345 0.098846 
vt 0.073033 0.085822 
vt 0.073033 0.085822 
vt 0.078458 0.091619 
vt 0.068727 0.103866 
vt 0.078458 0.091619 
vt 0.118409 0.126859 
vt 0.107155 0.14305 
vt 0.107155 0.14305 
vt 0.068727 0.103866 
vt 0.078458 0.091619 
vt 0.156527 0.177373 
vt 0.107155 0.14305 
vt 0.118409 0.126859 
vt 0.118409 0.126859 
vt 0.172174 0.156724 
vt 0.156527 0.177373 
vt 0.212684 0.170916 
vt 0.156527 0.177373 
vt 0.172174 0.156724 
vt 0.172174 0.156724 
vt 0.239186 0.141809 
vt 0.212684 0.170916 
vt 0.239186 0.141809 
vt 0.415088 0.201021 
vt 0.379274 0.238368 
vt 0.379274 0.238368 
vt 0.212684 0.170916 
vt 0.239186 0.141809 
vt 0.078458 0.091619 
vt 0.073033 0.085822 
vt 0.078268 0.078785 
vt 0.078268 0.078785 
vt 0.083581 0.084769 
vt 0.078458 0.091619 
vt 0.083581 0.084769 
vt 0.124557 0.117119 
vt 0.118409 0.126859 
vt 0.118409 0.126859 
vt 0.078458 0.091619 
vt 0.083581 0.084769 
vt 0.124557 0.117119 
vt 0.17942 0.145858 
vt 0.172174 0.156724 
vt 0.172174 0.156724 
vt 0.118409 0.126859 
vt 0.124557 0.117119 
vt 0.239186 0.141809 
vt 0.172174 0.156724 
vt 0.17942 0.145858 
vt 0.17942 0.145858 
vt 0.255176 0.12388 
vt 0.239186 0.141809 
vt 0.255176 0.12388 
vt 0.435236 0.175541 
vt 0.415088 0.201021 
vt 0.415088 0.201021 
vt 0.239186 0.141809 
vt 0.255176 0.12388 
vt 0.63558 0.825187 
vt 0.695468 0.816564 
vt 0.694823 0.788573 
vt 0.694823 0.788573 
vt 0.633368 0.797391 
vt 0.63558 0.825187 
vt 0.695468 0.816564 
vt 0.74755 0.816258 
vt 0.748552 0.785303 
vt 0.748552 0.785303 
vt 0.694823 0.788573 
vt 0.695468 0.816564 
vt 0.74755 0.816258 
vt 0.801393 0.824955 
vt 0.811136 0.797305 
vt 0.811136 0.797305 
vt 0.748552 0.785303 
vt 0.74755 0.816258 
vt 0.801393 0.824955 
vt 0.852913 0.844512 
vt 0.868775 0.822337 
vt 0.868775 0.822337 
vt 0.811136 0.797305 
vt 0.801393 0.824955 
vt 0.868775 0.822337 
vt 0.852913 0.844512 
vt 0.899492 0.868305 
vt 0.899492 0.868305 
vt 0.917711 0.85398 
vt 0.868775 0.822337 
vt 0.899492 0.868305 
vt 0.881545 0.884804 
vt 0.909605 0.89604 
vt 0.909605 0.89604 
vt 0.92827 0.886571 
vt 0.899492 0.868305 
vt 0.611551 0.815264 
vt 0.63558 0.825187 
vt 0.633368 0.797391 
vt 0.633368 0.797391 
vt 0.606014 0.793536 
vt 0.611551 0.815264 
vt 0.540731 0.648266 
vt 0.591024 0.662621 
vt 0.616542 0.515555 
vt 0.616542 0.515555 
vt 0.566583 0.514083 
vt 0.540731 0.648266 
vt 0.051863 0.126631 
vt 0.086001 0.173196 
vt 0.095574 0.159709 
vt 0.095574 0.159709 
vt 0.059257 0.116745 
vt 0.051863 0.126631 
vt 0.311467 0.304911 
vt 0.342875 0.423599 
vt 0.397762 0.387532 
vt 0.397762 0.387532 
vt 0.341423 0.275841 
vt 0.311467 0.304911 
vt 0.550471 0.410868 
vt 0.595427 0.399519 
vt 0.541307 0.299576 
vt 0.541307 0.299576 
vt 0.504975 0.320308 
vt 0.550471 0.410868 
vt 0.595427 0.399519 
vt 0.550471 0.410868 
vt 0.566583 0.514083 
vt 0.566583 0.514083 
vt 0.616542 0.515555 
vt 0.595427 0.399519 
vt 0.185487 0.200614 
vt 0.161706 0.225442 
vt 0.311467 0.304911 
vt 0.311467 0.304911 
vt 0.341423 0.275841 
vt 0.185487 0.200614 
vt 0.161706 0.225442 
vt 0.185487 0.200614 
vt 0.14 0.19889 
vt 0.14 0.19889 
vt 0.125535 0.21709 
vt 0.161706 0.225442 
vt 0.125535 0.21709 
vt 0.14 0.19889 
vt 0.095574 0.159709 
vt 0.095574 0.159709 
vt 0.086001 0.173196 
vt 0.125535 0.21709 
vt 0.513102 0.809054 
vt 0.540731 0.648266 
vt 0.470255 0.630471 
vt 0.470255 0.630471 
vt 0.431757 0.816813 
vt 0.513102 0.809054 
vt 0.470255 0.630471 
vt 0.540731 0.648266 
vt 0.566583 0.514083 
vt 0.566583 0.514083 
vt 0.495613 0.511969 
vt 0.470255 0.630471 
vt 0.550471 0.410868 
vt 0.485537 0.427142 
vt 0.495613 0.511969 
vt 0.495613 0.511969 
vt 0.566583 0.514083 
vt 0.550471 0.410868 
vt 0.485537 0.427142 
vt 0.550471 0.410868 
vt 0.504975 0.320308 
vt 0.504975 0.320308 
vt 0.454042 0.352002 
vt 0.485537 0.427142 
vt 0.470255 0.630471 
vt 0.495613 0.511969 
vt 0.416793 0.509442 
vt 0.416793 0.509442 
vt 0.392323 0.609746 
vt 0.470255 0.630471 
vt 0.485537 0.427142 
vt 0.413308 0.445205 
vt 0.416793 0.509442 
vt 0.416793 0.509442 
vt 0.495613 0.511969 
vt 0.485537 0.427142 
vt 0.413308 0.445205 
vt 0.485537 0.427142 
vt 0.454042 0.352002 
vt 0.454042 0.352002 
vt 0.397762 0.387532 
vt 0.413308 0.445205 
vt 0.392323 0.609746 
vt 0.416793 0.509442 
vt 0.339198 0.506503 
vt 0.339198 0.506503 
vt 0.317047 0.585811 
vt 0.392323 0.609746 
vt 0.416793 0.509442 
vt 0.413308 0.445205 
vt 0.342031 0.463126 
vt 0.342031 0.463126 
vt 0.339198 0.506503 
vt 0.416793 0.509442 
vt 0.413308 0.445205 
vt 0.397762 0.387532 
vt 0.342875 0.423599 
vt 0.342875 0.423599 
vt 0.342031 0.463126 
vt 0.413308 0.445205 
vt 0.586191 0.735535 
vt 0.591024 0.662621 
vt 0.540731 0.648266 
vt 0.581076 0.802679 
vt 0.586191 0.735535 
vt 0.540731 0.648266 
vt 0.513102 0.809054 
vt 0.581076 0.802679 
vt 0.540731 0.648266 
vt 0.392323 0.609746 
vt 0.345993 0.804389 
vt 0.431757 0.816813 
vt 0.431757 0.816813 
vt 0.470255 0.630471 
vt 0.392323 0.609746 
vt 0.345993 0.804389 
vt 0.392323 0.609746 
vt 0.317047 0.585811 
vt 0.317047 0.585811 
vt 0.258892 0.806296 
vt 0.345993 0.804389 
vt 0.835618 0.868721 
vt 0.881545 0.884804 
vt 0.899492 0.868305 
vt 0.899492 0.868305 
vt 0.852913 0.844512 
vt 0.835618 0.868721 
vt 0.790767 0.854455 
vt 0.835618 0.868721 
vt 0.852913 0.844512 
vt 0.852913 0.844512 
vt 0.801393 0.824955 
vt 0.790767 0.854455 
vt 0.746447 0.849695 
vt 0.790767 0.854455 
vt 0.801393 0.824955 
vt 0.801393 0.824955 
vt 0.74755 0.816258 
vt 0.746447 0.849695 
vt 0.697001 0.846886 
vt 0.746447 0.849695 
vt 0.74755 0.816258 
vt 0.74755 0.816258 
vt 0.695468 0.816564 
vt 0.697001 0.846886 
vt 0.638072 0.85634 
vt 0.697001 0.846886 
vt 0.695468 0.816564 
vt 0.695468 0.816564 
vt 0.63558 0.825187 
vt 0.638072 0.85634 
vt 0.611128 0.861359 
vt 0.638072 0.85634 
vt 0.63558 0.825187 
vt 0.63558 0.825187 
vt 0.611551 0.815264 
vt 0.611128 0.861359 
vt 0.513102 0.809054 
vt 0.501137 0.893857 
vt 0.576957 0.867724 
vt 0.576957 0.867724 
vt 0.581076 0.802679 
vt 0.513102 0.809054 
vt 0.431757 0.816813 
vt 0.418601 0.925616 
vt 0.501137 0.893857 
vt 0.501137 0.893857 
vt 0.513102 0.809054 
vt 0.431757 0.816813 
vt 0.345993 0.804389 
vt 0.328653 0.915161 
vt 0.418601 0.925616 
vt 0.418601 0.925616 
vt 0.431757 0.816813 
vt 0.345993 0.804389 
vt 0.258892 0.806296 
vt 0.27651 0.881165 
vt 0.328653 0.915161 
vt 0.328653 0.915161 
vt 0.345993 0.804389 
vt 0.258892 0.806296 
vt 0.576957 0.867724 
vt 0.501137 0.893857 
vt 0.501164 0.914569 
vt 0.501164 0.914569 
vt 0.57918 0.878526 
vt 0.576957 0.867724 
vt 0.638072 0.85634 
vt 0.611128 0.861359 
vt 0.612815 0.871036 
vt 0.612815 0.871036 
vt 0.639336 0.86513 
vt 0.638072 0.85634 
vt 0.697001 0.846886 
vt 0.638072 0.85634 
vt 0.639336 0.86513 
vt 0.639336 0.86513 
vt 0.699493 0.851734 
vt 0.697001 0.846886 
vt 0.746447 0.849695 
vt 0.697001 0.846886 
vt 0.699493 0.851734 
vt 0.699493 0.851734 
vt 0.746946 0.855858 
vt 0.746447 0.849695 
vt 0.790767 0.854455 
vt 0.746447 0.849695 
vt 0.746946 0.855858 
vt 0.746946 0.855858 
vt 0.788346 0.859456 
vt 0.790767 0.854455 
vt 0.835618 0.868721 
vt 0.790767 0.854455 
vt 0.788346 0.859456 
vt 0.788346 0.859456 
vt 0.832211 0.873841 
vt 0.835618 0.868721 
vt 0.881545 0.884804 
vt 0.835618 0.868721 
vt 0.832211 0.873841 
vt 0.832211 0.873841 
vt 0.880324 0.88962 
vt 0.881545 0.884804 
vt 0.909605 0.89604 
vt 0.881545 0.884804 
vt 0.880324 0.88962 
vt 0.880324 0.88962 
vt 0.897415 0.895225 
vt 0.909605 0.89604 
vt 0.953708 0.91386 
vt 0.909605 0.89604 
vt 0.897415 0.895225 
vt 0.897415 0.895225 
vt 0.962583 0.920786 
vt 0.953708 0.91386 
vt 0.953708 0.91386 
vt 0.962583 0.920786 
vt 0.960755 0.908383 
vt 0.960755 0.908383 
vt 0.953422 0.903774 
vt 0.953708 0.91386 
vt 0.95377 0.892782 
vt 0.958707 0.894496 
vt 0.945452 0.876375 
vt 0.945452 0.876375 
vt 0.939594 0.87684 
vt 0.95377 0.892782 
vt 0.917711 0.85398 
vt 0.927583 0.851947 
vt 0.875429 0.815502 
vt 0.875429 0.815502 
vt 0.868775 0.822337 
vt 0.917711 0.85398 
vt 0.868775 0.822337 
vt 0.875429 0.815502 
vt 0.814208 0.786967 
vt 0.814208 0.786967 
vt 0.811136 0.797305 
vt 0.868775 0.822337 
vt 0.811136 0.797305 
vt 0.814208 0.786967 
vt 0.747987 0.774099 
vt 0.747987 0.774099 
vt 0.748552 0.785303 
vt 0.811136 0.797305 
vt 0.748552 0.785303 
vt 0.747987 0.774099 
vt 0.695139 0.782531 
vt 0.695139 0.782531 
vt 0.694823 0.788573 
vt 0.748552 0.785303 
vt 0.694823 0.788573 
vt 0.695139 0.782531 
vt 0.63088 0.802804 
vt 0.63088 0.802804 
vt 0.633368 0.797391 
vt 0.694823 0.788573 
vt 0.633368 0.797391 
vt 0.63088 0.802804 
vt 0.604108 0.785039 
vt 0.604108 0.785039 
vt 0.606014 0.793536 
vt 0.633368 0.797391 
vt 0.586191 0.735535 
vt 0.589468 0.730139 
vt 0.600282 0.664658 
vt 0.600282 0.664658 
vt 0.591024 0.662621 
vt 0.586191 0.735535 
vt 0.591024 0.662621 
vt 0.600282 0.664658 
vt 0.630858 0.515054 
vt 0.630858 0.515054 
vt 0.616542 0.515555 
vt 0.591024 0.662621 
vt 0.616542 0.515555 
vt 0.630858 0.515054 
vt 0.60605 0.396348 
vt 0.60605 0.396348 
vt 0.595427 0.399519 
vt 0.616542 0.515555 
vt 0.595427 0.399519 
vt 0.60605 0.396348 
vt 0.548801 0.295585 
vt 0.548801 0.295585 
vt 0.541307 0.299576 
vt 0.595427 0.399519 
vt 0.548801 0.295585 
vt 0.439948 0.172025 
vt 0.435236 0.175541 
vt 0.435236 0.175541 
vt 0.541307 0.299576 
vt 0.548801 0.295585 
vt 0.435236 0.175541 
vt 0.439948 0.172025 
vt 0.259419 0.117598 
vt 0.259419 0.117598 
vt 0.255176 0.12388 
vt 0.435236 0.175541 
vt 0.255176 0.12388 
vt 0.259419 0.117598 
vt 0.173389 0.148859 
vt 0.173389 0.148859 
vt 0.17942 0.145858 
vt 0.255176 0.12388 
vt 0.173389 0.148859 
vt 0.124441 0.114328 
vt 0.124557 0.117119 
vt 0.124557 0.117119 
vt 0.17942 0.145858 
vt 0.173389 0.148859 
vt 0.124441 0.114328 
vt 0.078268 0.078785 
vt 0.083581 0.084769 
vt 0.083581 0.084769 
vt 0.124557 0.117119 
vt 0.124441 0.114328 
vt 0.059257 0.116745 
vt 0.053614 0.111927 
vt 0.045324 0.123071 
vt 0.045324 0.123071 
vt 0.051863 0.126631 
vt 0.059257 0.116745 
vt 0.051863 0.126631 
vt 0.045324 0.123071 
vt 0.083097 0.176034 
vt 0.083097 0.176034 
vt 0.086001 0.173196 
vt 0.051863 0.126631 
vt 0.086001 0.173196 
vt 0.083097 0.176034 
vt 0.117311 0.224634 
vt 0.117311 0.224634 
vt 0.125535 0.21709 
vt 0.086001 0.173196 
vt 0.125535 0.21709 
vt 0.117311 0.224634 
vt 0.152024 0.232024 
vt 0.152024 0.232024 
vt 0.161706 0.225442 
vt 0.125535 0.21709 
vt 0.161706 0.225442 
vt 0.152024 0.232024 
vt 0.306524 0.30822 
vt 0.306524 0.30822 
vt 0.311467 0.304911 
vt 0.161706 0.225442 
vt 0.311467 0.304911 
vt 0.306524 0.30822 
vt 0.33055 0.437343 
vt 0.33055 0.437343 
vt 0.342875 0.423599 
vt 0.311467 0.304911 
vt 0.342031 0.463126 
vt 0.342875 0.423599 
vt 0.33055 0.437343 
vt 0.33055 0.437343 
vt 0.324194 0.46751 
vt 0.342031 0.463126 
vt 0.342031 0.463126 
vt 0.324194 0.46751 
vt 0.321582 0.504398 
vt 0.321582 0.504398 
vt 0.339198 0.506503 
vt 0.342031 0.463126 
vt 0.339198 0.506503 
vt 0.321582 0.504398 
vt 0.30267 0.569679 
vt 0.30267 0.569679 
vt 0.317047 0.585811 
vt 0.339198 0.506503 
vt 0.258892 0.806296 
vt 0.317047 0.585811 
vt 0.30267 0.569679 
vt 0.30267 0.569679 
vt 0.233337 0.813384 
vt 0.258892 0.806296 
vt 0.258892 0.806296 
vt 0.233337 0.813384 
vt 0.260562 0.898898 
vt 0.260562 0.898898 
vt 0.27651 0.881165 
vt 0.258892 0.806296 
vt 0.27651 0.881165 
vt 0.260562 0.898898 
vt 0.318385 0.944055 
vt 0.318385 0.944055 
vt 0.328653 0.915161 
vt 0.27651 0.881165 
vt 0.328653 0.915161 
vt 0.318385 0.944055 
vt 0.415684 0.95948 
vt 0.415684 0.95948 
vt 0.418601 0.925616 
vt 0.328653 0.915161 
vt 0.418601 0.925616 
vt 0.415684 0.95948 
vt 0.501164 0.914569 
vt 0.501164 0.914569 
vt 0.501137 0.893857 
vt 0.418601 0.925616 
vt 0.939594 0.87684 
vt 0.945452 0.876375 
vt 0.927583 0.851947 
vt 0.927583 0.851947 
vt 0.917711 0.85398 
vt 0.939594 0.87684 
vt 0.953422 0.903774 
vt 0.960755 0.908383 
vt 0.958707 0.894496 
vt 0.958707 0.894496 
vt 0.95377 0.892782 
vt 0.953422 0.903774 
vt 0.917711 0.85398 
vt 0.899492 0.868305 
vt 0.92827 0.886571 
vt 0.92827 0.886571 
vt 0.939594 0.87684 
vt 0.917711 0.85398 
vt 0.92827 0.886571 
vt 0.953422 0.903774 
vt 0.95377 0.892782 
vt 0.95377 0.892782 
vt 0.939594 0.87684 
vt 0.92827 0.886571 
vt 0.909605 0.89604 
vt 0.953708 0.91386 
vt 0.953422 0.903774 
vt 0.953422 0.903774 
vt 0.92827 0.886571 
vt 0.909605 0.89604 
vt 0.068727 0.103866 
vt 0.063345 0.098846 
vt 0.053614 0.111927 
vt 0.053614 0.111927 
vt 0.059257 0.116745 
vt 0.068727 0.103866 
vt 0.059257 0.116745 
vt 0.095574 0.159709 
vt 0.107155 0.14305 
vt 0.107155 0.14305 
vt 0.068727 0.103866 
vt 0.059257 0.116745 
vt 0.14 0.19889 
vt 0.156527 0.177373 
vt 0.107155 0.14305 
vt 0.107155 0.14305 
vt 0.095574 0.159709 
vt 0.14 0.19889 
vt 0.185487 0.200614 
vt 0.212684 0.170916 
vt 0.156527 0.177373 
vt 0.156527 0.177373 
vt 0.14 0.19889 
vt 0.185487 0.200614 
vt 0.212684 0.170916 
vt 0.185487 0.200614 
vt 0.341423 0.275841 
vt 0.341423 0.275841 
vt 0.379274 0.238368 
vt 0.212684 0.170916 
vt 0.078458 0.091619 
vt 0.073033 0.085822 
vt 0.063345 0.098846 
vt 0.063345 0.098846 
vt 0.068727 0.103866 
vt 0.078458 0.091619 
vt 0.068727 0.103866 
vt 0.107155 0.14305 
vt 0.118409 0.126859 
vt 0.118409 0.126859 
vt 0.078458 0.091619 
vt 0.068727 0.103866 
vt 0.156527 0.177373 
vt 0.172174 0.156724 
vt 0.118409 0.126859 
vt 0.118409 0.126859 
vt 0.107155 0.14305 
vt 0.156527 0.177373 
vt 0.212684 0.170916 
vt 0.239186 0.141809 
vt 0.172174 0.156724 
vt 0.172174 0.156724 
vt 0.156527 0.177373 
vt 0.212684 0.170916 
vt 0.239186 0.141809 
vt 0.212684 0.170916 
vt 0.379274 0.238368 
vt 0.379274 0.238368 
vt 0.415088 0.201021 
vt 0.239186 0.141809 
vt 0.083581 0.084769 
vt 0.078268 0.078785 
vt 0.073033 0.085822 
vt 0.073033 0.085822 
vt 0.078458 0.091619 
vt 0.083581 0.084769 
vt 0.124557 0.117119 
vt 0.083581 0.084769 
vt 0.078458 0.091619 
vt 0.078458 0.091619 
vt 0.118409 0.126859 
vt 0.124557 0.117119 
vt 0.172174 0.156724 
vt 0.17942 0.145858 
vt 0.124557 0.117119 
vt 0.124557 0.117119 
vt 0.118409 0.126859 
vt 0.172174 0.156724 
vt 0.239186 0.141809 
vt 0.255176 0.12388 
vt 0.17942 0.145858 
vt 0.17942 0.145858 
vt 0.172174 0.156724 
vt 0.239186 0.141809 
vt 0.255176 0.12388 
vt 0.239186 0.141809 
vt 0.415088 0.201021 
vt 0.415088 0.201021 
vt 0.435236 0.175541 
vt 0.255176 0.12388 
vt 0.415088 0.201021 
vt 0.379274 0.238368 
vt 0.454042 0.352002 
vt 0.454042 0.352002 
vt 0.504975 0.320308 
vt 0.415088 0.201021 
vt 0.379274 0.238368 
vt 0.341423 0.275841 
vt 0.397762 0.387532 
vt 0.397762 0.387532 
vt 0.454042 0.352002 
vt 0.379274 0.238368 
vt 0.435236 0.175541 
vt 0.415088 0.201021 
vt 0.504975 0.320308 
vt 0.504975 0.320308 
vt 0.541307 0.299576 
vt 0.435236 0.175541 
vt 0.606014 0.793536 
vt 0.611551 0.815264 
vt 0.581076 0.802679 
vt 0.581076 0.802679 
vt 0.586191 0.735535 
vt 0.606014 0.793536 
vt 0.586191 0.735535 
vt 0.589468 0.730139 
vt 0.604108 0.785039 
vt 0.604108 0.785039 
vt 0.606014 0.793536 
vt 0.586191 0.735535 
vt 0.606014 0.793536 
vt 0.604108 0.785039 
vt 0.589468 0.730139 
vt 0.589468 0.730139 
vt 0.586191 0.735535 
vt 0.606014 0.793536 
vt 0.581076 0.802679 
vt 0.611551 0.815264 
vt 0.606014 0.793536 
vt 0.606014 0.793536 
vt 0.586191 0.735535 
vt 0.581076 0.802679 
vt 0.576957 0.867724 
vt 0.611128 0.861359 
vt 0.611551 0.815264 
vt 0.611551 0.815264 
vt 0.581076 0.802679 
vt 0.576957 0.867724 
vt 0.611128 0.861359 
vt 0.576957 0.867724 
vt 0.57918 0.878526 
vt 0.57918 0.878526 
vt 0.612815 0.871036 
vt 0.611128 0.861359 
vt 0.612815 0.871036 
vt 0.57918 0.878526 
vt 0.576957 0.867724 
vt 0.576957 0.867724 
vt 0.611128 0.861359 
vt 0.612815 0.871036 
vt 0.611551 0.815264 
vt 0.611128 0.861359 
vt 0.576957 0.867724 
vt 0.576957 0.867724 
vt 0.581076 0.802679 
vt 0.611551 0.815264 
vt 0.134942 0.951867 
vt 0.076855 0.961975 
vt 0.051858 0.871686 
vt 0.051858 0.871686 
vt 0.110224 0.883972 
vt 0.134942 0.951867 
vt 0.036243 0.79535 
vt 0.101728 0.815253 
vt 0.110224 0.883972 
vt 0.110224 0.883972 
vt 0.051858 0.871686 
vt 0.036243 0.79535 
vt 0.034015 0.710594 
vt 0.096374 0.754247 
vt 0.101728 0.815253 
vt 0.101728 0.815253 
vt 0.036243 0.79535 
vt 0.034015 0.710594 
vt 0.046074 0.636214 
vt 0.100497 0.694997 
vt 0.096374 0.754247 
vt 0.096374 0.754247 
vt 0.034015 0.710594 
vt 0.046074 0.636214 
vt 0.046074 0.636214 
vt 0.066802 0.575799 
vt 0.106206 0.634714 
vt 0.106206 0.634714 
vt 0.100497 0.694997 
vt 0.046074 0.636214 
vt 0.111118 0.598254 
vt 0.106206 0.634714 
vt 0.066802 0.575799 
vt 0.066802 0.575799 
vt 0.084862 0.551075 
vt 0.111118 0.598254 
vt 0.110224 0.883972 
vt 0.114547 0.881747 
vt 0.134942 0.951867 
vt 0.107834 0.816173 
vt 0.114547 0.881747 
vt 0.110224 0.883972 
vt 0.110224 0.883972 
vt 0.101728 0.815253 
vt 0.107834 0.816173 
vt 0.101978 0.758964 
vt 0.107834 0.816173 
vt 0.101728 0.815253 
vt 0.101728 0.815253 
vt 0.096374 0.754247 
vt 0.101978 0.758964 
vt 0.106446 0.701131 
vt 0.101978 0.758964 
vt 0.096374 0.754247 
vt 0.096374 0.754247 
vt 0.100497 0.694997 
vt 0.106446 0.701131 
vt 0.111347 0.637697 
vt 0.106446 0.701131 
vt 0.100497 0.694997 
vt 0.100497 0.694997 
vt 0.106206 0.634714 
vt 0.111347 0.637697 
vt 0.113089 0.615164 
vt 0.111347 0.637697 
vt 0.106206 0.634714 
vt 0.106206 0.634714 
vt 0.111118 0.598254 
vt 0.113089 0.615164 
vt 0.123956 0.530346 
vt 0.113089 0.615164 
vt 0.111118 0.598254 
vt 0.111118 0.598254 
vt 0.118998 0.540991 
vt 0.123956 0.530346 
vt 0.123956 0.530346 
vt 0.118998 0.540991 
vt 0.097707 0.535357 
vt 0.097707 0.535357 
vt 0.098305 0.528872 
vt 0.123956 0.530346 
vt 0.084862 0.551075 
vt 0.083051 0.542723 
vt 0.098305 0.528872 
vt 0.098305 0.528872 
vt 0.097707 0.535357 
vt 0.084862 0.551075 
vt 0.046074 0.636214 
vt 0.037649 0.625068 
vt 0.062487 0.561397 
vt 0.062487 0.561397 
vt 0.066802 0.575799 
vt 0.046074 0.636214 
vt 0.034015 0.710594 
vt 0.022875 0.703558 
vt 0.037649 0.625068 
vt 0.037649 0.625068 
vt 0.046074 0.636214 
vt 0.034015 0.710594 
vt 0.036243 0.79535 
vt 0.025062 0.793195 
vt 0.022875 0.703558 
vt 0.022875 0.703558 
vt 0.034015 0.710594 
vt 0.036243 0.79535 
vt 0.051858 0.871686 
vt 0.045686 0.869651 
vt 0.025062 0.793195 
vt 0.025062 0.793195 
vt 0.036243 0.79535 
vt 0.051858 0.871686 
vt 0.076855 0.961975 
vt 0.045686 0.869651 
vt 0.051858 0.871686 
vt 0.066802 0.575799 
vt 0.062487 0.561397 
vt 0.083051 0.542723 
vt 0.083051 0.542723 
vt 0.084862 0.551075 
vt 0.066802 0.575799 
vt 0.097707 0.535357 
vt 0.118998 0.540991 
vt 0.111118 0.598254 
vt 0.111118 0.598254 
vt 0.084862 0.551075 
vt 0.097707 0.535357 
vt 0.100497 0.694997 
vt 0.106206 0.634714 
vt 0.066802 0.575799 
vt 0.066802 0.575799 
vt 0.046074 0.636214 
vt 0.100497 0.694997 
vt 0.096374 0.754247 
vt 0.100497 0.694997 
vt 0.046074 0.636214 
vt 0.046074 0.636214 
vt 0.034015 0.710594 
vt 0.096374 0.754247 
vt 0.101728 0.815253 
vt 0.096374 0.754247 
vt 0.034015 0.710594 
vt 0.034015 0.710594 
vt 0.036243 0.79535 
vt 0.101728 0.815253 
vt 0.110224 0.883972 
vt 0.101728 0.815253 
vt 0.036243 0.79535 
vt 0.036243 0.79535 
vt 0.051858 0.871686 
vt 0.110224 0.883972 
vt 0.076855 0.961975 
vt 0.134942 0.951867 
vt 0.110224 0.883972 
vt 0.110224 0.883972 
vt 0.051858 0.871686 
vt 0.076855 0.961975 
vt 0.110224 0.883972 
vt 0.134942 0.951867 
vt 0.114547 0.881747 
vt 0.101728 0.815253 
vt 0.110224 0.883972 
vt 0.114547 0.881747 
vt 0.114547 0.881747 
vt 0.107834 0.816173 
vt 0.101728 0.815253 
vt 0.096374 0.754247 
vt 0.101728 0.815253 
vt 0.107834 0.816173 
vt 0.107834 0.816173 
vt 0.101978 0.758964 
vt 0.096374 0.754247 
vt 0.100497 0.694997 
vt 0.096374 0.754247 
vt 0.101978 0.758964 
vt 0.101978 0.758964 
vt 0.106446 0.701131 
vt 0.100497 0.694997 
vt 0.106206 0.634714 
vt 0.100497 0.694997 
vt 0.106446 0.701131 
vt 0.106446 0.701131 
vt 0.111347 0.637697 
vt 0.106206 0.634714 
vt 0.111118 0.598254 
vt 0.106206 0.634714 
vt 0.111347 0.637697 
vt 0.111347 0.637697 
vt 0.113089 0.615164 
vt 0.111118 0.598254 
vt 0.118998 0.540991 
vt 0.111118 0.598254 
vt 0.113089 0.615164 
vt 0.113089 0.615164 
vt 0.123956 0.530346 
vt 0.118998 0.540991 
vt 0.097707 0.535357 
vt 0.098305 0.528872 
vt 0.083051 0.542723 
vt 0.083051 0.542723 
vt 0.084862 0.551075 
vt 0.097707 0.535357 
vt 0.066802 0.575799 
vt 0.062487 0.561397 
vt 0.037649 0.625068 
vt 0.037649 0.625068 
vt 0.046074 0.636214 
vt 0.066802 0.575799 
vt 0.046074 0.636214 
vt 0.037649 0.625068 
vt 0.022875 0.703558 
vt 0.022875 0.703558 
vt 0.034015 0.710594 
vt 0.046074 0.636214 
vt 0.034015 0.710594 
vt 0.022875 0.703558 
vt 0.025062 0.793195 
vt 0.025062 0.793195 
vt 0.036243 0.79535 
vt 0.034015 0.710594 
vt 0.036243 0.79535 
vt 0.025062 0.793195 
vt 0.045686 0.869651 
vt 0.045686 0.869651 
vt 0.051858 0.871686 
vt 0.036243 0.79535 
vt 0.076855 0.961975 
vt 0.051858 0.871686 
vt 0.045686 0.869651 
vt 0.084862 0.551075 
vt 0.083051 0.542723 
vt 0.062487 0.561397 
vt 0.062487 0.561397 
vt 0.066802 0.575799 
vt 0.084862 0.551075 
vt 0.098305 0.528872 
vt 0.097707 0.535357 
vt 0.118998 0.540991 
vt 0.118998 0.540991 
vt 0.123956 0.530346 
vt 0.098305 0.528872 
vt 0.066802 0.575799 
vt 0.106206 0.634714 
vt 0.111118 0.598254 
vt 0.111118 0.598254 
vt 0.084862 0.551075 
vt 0.066802 0.575799 
vt 0.097707 0.535357 
vt 0.084862 0.551075 
vt 0.111118 0.598254 
vt 0.111118 0.598254 
vt 0.118998 0.540991 
vt 0.097707 0.535357 
vt 0.208709 0.974732 
vt 0.134942 0.951867 
vt 0.122667 0.847798 
vt 0.122667 0.847798 
vt 0.195254 0.881678 
vt 0.208709 0.974732 
vt 0.120386 0.767493 
vt 0.200391 0.811473 
vt 0.195254 0.881678 
vt 0.195254 0.881678 
vt 0.122667 0.847798 
vt 0.120386 0.767493 
vt 0.137392 0.683999 
vt 0.207783 0.749968 
vt 0.200391 0.811473 
vt 0.200391 0.811473 
vt 0.120386 0.767493 
vt 0.137392 0.683999 
vt 0.170436 0.615984 
vt 0.227015 0.69373 
vt 0.207783 0.749968 
vt 0.207783 0.749968 
vt 0.137392 0.683999 
vt 0.170436 0.615984 
vt 0.211412 0.564841 
vt 0.248541 0.637081 
vt 0.227015 0.69373 
vt 0.227015 0.69373 
vt 0.170436 0.615984 
vt 0.211412 0.564841 
vt 0.263446 0.603366 
vt 0.248541 0.637081 
vt 0.211412 0.564841 
vt 0.211412 0.564841 
vt 0.240567 0.547504 
vt 0.263446 0.603366 
vt 0.195254 0.881678 
vt 0.201365 0.88113 
vt 0.208709 0.974732 
vt 0.208071 0.814661 
vt 0.201365 0.88113 
vt 0.195254 0.881678 
vt 0.195254 0.881678 
vt 0.200391 0.811473 
vt 0.208071 0.814661 
vt 0.213921 0.75667 
vt 0.208071 0.814661 
vt 0.200391 0.811473 
vt 0.200391 0.811473 
vt 0.207783 0.749968 
vt 0.213921 0.75667 
vt 0.233269 0.701945 
vt 0.213921 0.75667 
vt 0.207783 0.749968 
vt 0.207783 0.749968 
vt 0.227015 0.69373 
vt 0.233269 0.701945 
vt 0.254489 0.64192 
vt 0.233269 0.701945 
vt 0.227015 0.69373 
vt 0.227015 0.69373 
vt 0.248541 0.637081 
vt 0.254489 0.64192 
vt 0.262027 0.620597 
vt 0.254489 0.64192 
vt 0.248541 0.637081 
vt 0.248541 0.637081 
vt 0.263446 0.603366 
vt 0.262027 0.620597 
vt 0.29598 0.541955 
vt 0.262027 0.620597 
vt 0.263446 0.603366 
vt 0.263446 0.603366 
vt 0.287072 0.550477 
vt 0.29598 0.541955 
vt 0.29598 0.541955 
vt 0.287072 0.550477 
vt 0.260863 0.536994 
vt 0.260863 0.536994 
vt 0.263158 0.530894 
vt 0.29598 0.541955 
vt 0.240567 0.547504 
vt 0.240184 0.53868 
vt 0.263158 0.530894 
vt 0.263158 0.530894 
vt 0.260863 0.536994 
vt 0.240567 0.547504 
vt 0.170436 0.615984 
vt 0.162157 0.601952 
vt 0.209213 0.549176 
vt 0.209213 0.549176 
vt 0.211412 0.564841 
vt 0.170436 0.615984 
vt 0.137392 0.683999 
vt 0.124638 0.672958 
vt 0.162157 0.601952 
vt 0.162157 0.601952 
vt 0.170436 0.615984 
vt 0.137392 0.683999 
vt 0.120386 0.767493 
vt 0.106435 0.761197 
vt 0.124638 0.672958 
vt 0.124638 0.672958 
vt 0.137392 0.683999 
vt 0.120386 0.767493 
vt 0.122667 0.847798 
vt 0.115164 0.843499 
vt 0.106435 0.761197 
vt 0.106435 0.761197 
vt 0.120386 0.767493 
vt 0.122667 0.847798 
vt 0.134942 0.951867 
vt 0.115164 0.843499 
vt 0.122667 0.847798 
vt 0.211412 0.564841 
vt 0.209213 0.549176 
vt 0.240184 0.53868 
vt 0.240184 0.53868 
vt 0.240567 0.547504 
vt 0.211412 0.564841 
vt 0.260863 0.536994 
vt 0.287072 0.550477 
vt 0.263446 0.603366 
vt 0.263446 0.603366 
vt 0.240567 0.547504 
vt 0.260863 0.536994 
vt 0.227015 0.69373 
vt 0.248541 0.637081 
vt 0.211412 0.564841 
vt 0.211412 0.564841 
vt 0.170436 0.615984 
vt 0.227015 0.69373 
vt 0.207783 0.749968 
vt 0.227015 0.69373 
vt 0.170436 0.615984 
vt 0.170436 0.615984 
vt 0.137392 0.683999 
vt 0.207783 0.749968 
vt 0.200391 0.811473 
vt 0.207783 0.749968 
vt 0.137392 0.683999 
vt 0.137392 0.683999 
vt 0.120386 0.767493 
vt 0.200391 0.811473 
vt 0.195254 0.881678 
vt 0.200391 0.811473 
vt 0.120386 0.767493 
vt 0.120386 0.767493 
vt 0.122667 0.847798 
vt 0.195254 0.881678 
vt 0.134942 0.951867 
vt 0.208709 0.974732 
vt 0.195254 0.881678 
vt 0.195254 0.881678 
vt 0.122667 0.847798 
vt 0.134942 0.951867 
vt 0.195254 0.881678 
vt 0.208709 0.974732 
vt 0.201365 0.88113 
vt 0.200391 0.811473 
vt 0.195254 0.881678 
vt 0.201365 0.88113 
vt 0.201365 0.88113 
vt 0.208071 0.814661 
vt 0.200391 0.811473 
vt 0.207783 0.749968 
vt 0.200391 0.811473 
vt 0.208071 0.814661 
vt 0.208071 0.814661 
vt 0.213921 0.75667 
vt 0.207783 0.749968 
vt 0.227015 0.69373 
vt 0.207783 0.749968 
vt 0.213921 0.75667 
vt 0.213921 0.75667 
vt 0.233269 0.701945 
vt 0.227015 0.69373 
vt 0.248541 0.637081 
vt 0.227015 0.69373 
vt 0.233269 0.701945 
vt 0.233269 0.701945 
vt 0.254489 0.64192 
vt 0.248541 0.637081 
vt 0.263446 0.603366 
vt 0.248541 0.637081 
vt 0.254489 0.64192 
vt 0.254489 0.64192 
vt 0.262027 0.620597 
vt 0.263446 0.603366 
vt 0.287072 0.550477 
vt 0.263446 0.603366 
vt 0.262027 0.620597 
vt 0.262027 0.620597 
vt 0.29598 0.541955 
vt 0.287072 0.550477 
vt 0.260863 0.536994 
vt 0.263158 0.530894 
vt 0.240184 0.53868 
vt 0.240184 0.53868 
vt 0.240567 0.547504 
vt 0.260863 0.536994 
vt 0.211412 0.564841 
vt 0.209213 0.549176 
vt 0.162157 0.601952 
vt 0.162157 0.601952 
vt 0.170436 0.615984 
vt 0.211412 0.564841 
vt 0.170436 0.615984 
vt 0.162157 0.601952 
vt 0.124638 0.672958 
vt 0.124638 0.672958 
vt 0.137392 0.683999 
vt 0.170436 0.615984 
vt 0.137392 0.683999 
vt 0.124638 0.672958 
vt 0.106435 0.761197 
vt 0.106435 0.761197 
vt 0.120386 0.767493 
vt 0.137392 0.683999 
vt 0.120386 0.767493 
vt 0.106435 0.761197 
vt 0.115164 0.843499 
vt 0.115164 0.843499 
vt 0.122667 0.847798 
vt 0.120386 0.767493 
vt 0.134942 0.951867 
vt 0.122667 0.847798 
vt 0.115164 0.843499 
vt 0.240567 0.547504 
vt 0.240184 0.53868 
vt 0.209213 0.549176 
vt 0.209213 0.549176 
vt 0.211412 0.564841 
vt 0.240567 0.547504 
vt 0.263158 0.530894 
vt 0.260863 0.536994 
vt 0.287072 0.550477 
vt 0.287072 0.550477 
vt 0.29598 0.541955 
vt 0.263158 0.530894 
vt 0.211412 0.564841 
vt 0.248541 0.637081 
vt 0.263446 0.603366 
vt 0.263446 0.603366 
vt 0.240567 0.547504 
vt 0.211412 0.564841 
vt 0.260863 0.536994 
vt 0.240567 0.547504 
vt 0.263446 0.603366 
vt 0.263446 0.603366 
vt 0.287072 0.550477 
vt 0.260863 0.536994 
vt 0.133697 0.113152 
vt 0.137352 0.063836 
vt 0.233654 0.044373 
vt 0.233654 0.044373 
vt 0.224666 0.092853 
vt 0.133697 0.113152 
vt 0.315487 0.03252 
vt 0.29875 0.086819 
vt 0.224666 0.092853 
vt 0.224666 0.092853 
vt 0.233654 0.044373 
vt 0.315487 0.03252 
vt 0.407478 0.031958 
vt 0.364682 0.083288 
vt 0.29875 0.086819 
vt 0.29875 0.086819 
vt 0.315487 0.03252 
vt 0.407478 0.031958 
vt 0.489257 0.043151 
vt 0.429416 0.087632 
vt 0.364682 0.083288 
vt 0.364682 0.083288 
vt 0.407478 0.031958 
vt 0.489257 0.043151 
vt 0.489257 0.043151 
vt 0.5565 0.061358 
vt 0.495391 0.093314 
vt 0.495391 0.093314 
vt 0.429416 0.087632 
vt 0.489257 0.043151 
vt 0.535403 0.097967 
vt 0.495391 0.093314 
vt 0.5565 0.061358 
vt 0.5565 0.061358 
vt 0.584736 0.076796 
vt 0.535403 0.097967 
vt 0.224666 0.092853 
vt 0.227408 0.096492 
vt 0.133697 0.113152 
vt 0.298207 0.091897 
vt 0.227408 0.096492 
vt 0.224666 0.092853 
vt 0.224666 0.092853 
vt 0.29875 0.086819 
vt 0.298207 0.091897 
vt 0.359973 0.087889 
vt 0.298207 0.091897 
vt 0.29875 0.086819 
vt 0.29875 0.086819 
vt 0.364682 0.083288 
vt 0.359973 0.087889 
vt 0.423192 0.092499 
vt 0.359973 0.087889 
vt 0.364682 0.083288 
vt 0.364682 0.083288 
vt 0.429416 0.087632 
vt 0.423192 0.092499 
vt 0.492532 0.097556 
vt 0.423192 0.092499 
vt 0.429416 0.087632 
vt 0.429416 0.087632 
vt 0.495391 0.093314 
vt 0.492532 0.097556 
vt 0.517163 0.099352 
vt 0.492532 0.097556 
vt 0.495391 0.093314 
vt 0.495391 0.093314 
vt 0.535403 0.097967 
vt 0.517163 0.099352 
vt 0.610202 0.109711 
vt 0.517163 0.099352 
vt 0.535403 0.097967 
vt 0.535403 0.097967 
vt 0.598257 0.105414 
vt 0.610202 0.109711 
vt 0.610202 0.109711 
vt 0.598257 0.105414 
vt 0.602788 0.087747 
vt 0.602788 0.087747 
vt 0.609885 0.088345 
vt 0.610202 0.109711 
vt 0.584736 0.076796 
vt 0.593681 0.075413 
vt 0.609885 0.088345 
vt 0.609885 0.088345 
vt 0.602788 0.087747 
vt 0.584736 0.076796 
vt 0.489257 0.043151 
vt 0.500746 0.036296 
vt 0.571837 0.057981 
vt 0.571837 0.057981 
vt 0.5565 0.061358 
vt 0.489257 0.043151 
vt 0.407478 0.031958 
vt 0.414295 0.022777 
vt 0.500746 0.036296 
vt 0.500746 0.036296 
vt 0.489257 0.043151 
vt 0.407478 0.031958 
vt 0.315487 0.03252 
vt 0.316994 0.02323 
vt 0.414295 0.022777 
vt 0.414295 0.022777 
vt 0.407478 0.031958 
vt 0.315487 0.03252 
vt 0.233654 0.044373 
vt 0.235405 0.039257 
vt 0.316994 0.02323 
vt 0.316994 0.02323 
vt 0.315487 0.03252 
vt 0.233654 0.044373 
vt 0.137352 0.063836 
vt 0.235405 0.039257 
vt 0.233654 0.044373 
vt 0.5565 0.061358 
vt 0.571837 0.057981 
vt 0.593681 0.075413 
vt 0.593681 0.075413 
vt 0.584736 0.076796 
vt 0.5565 0.061358 
vt 0.602788 0.087747 
vt 0.598257 0.105414 
vt 0.535403 0.097967 
vt 0.535403 0.097967 
vt 0.584736 0.076796 
vt 0.602788 0.087747 
vt 0.489257 0.043151 
vt 0.429416 0.087632 
vt 0.495391 0.093314 
vt 0.495391 0.093314 
vt 0.5565 0.061358 
vt 0.489257 0.043151 
vt 0.364683 0.083288 
vt 0.429416 0.087632 
vt 0.489257 0.043151 
vt 0.489257 0.043151 
vt 0.407478 0.031958 
vt 0.364683 0.083288 
vt 0.29875 0.086819 
vt 0.364683 0.083288 
vt 0.407478 0.031958 
vt 0.407478 0.031958 
vt 0.315487 0.03252 
vt 0.29875 0.086819 
vt 0.224666 0.092853 
vt 0.29875 0.086819 
vt 0.315487 0.03252 
vt 0.315487 0.03252 
vt 0.233654 0.044373 
vt 0.224666 0.092853 
vt 0.137352 0.063836 
vt 0.133697 0.113152 
vt 0.224666 0.092853 
vt 0.224666 0.092853 
vt 0.233654 0.044373 
vt 0.137352 0.063836 
vt 0.224666 0.092853 
vt 0.133697 0.113152 
vt 0.227408 0.096492 
vt 0.29875 0.086819 
vt 0.224666 0.092853 
vt 0.227408 0.096492 
vt 0.227408 0.096492 
vt 0.298207 0.091897 
vt 0.29875 0.086819 
vt 0.364683 0.083288 
vt 0.29875 0.086819 
vt 0.298207 0.091897 
vt 0.298207 0.091897 
vt 0.359973 0.087889 
vt 0.364683 0.083288 
vt 0.429416 0.087632 
vt 0.364683 0.083288 
vt 0.359973 0.087889 
vt 0.359973 0.087889 
vt 0.423192 0.092499 
vt 0.429416 0.087632 
vt 0.495391 0.093314 
vt 0.429416 0.087632 
vt 0.423192 0.092499 
vt 0.423192 0.092499 
vt 0.492532 0.097556 
vt 0.495391 0.093314 
vt 0.535403 0.097967 
vt 0.495391 0.093314 
vt 0.492532 0.097556 
vt 0.492532 0.097556 
vt 0.517163 0.099352 
vt 0.535403 0.097967 
vt 0.598257 0.105414 
vt 0.535403 0.097967 
vt 0.517163 0.099352 
vt 0.517163 0.099352 
vt 0.610202 0.109711 
vt 0.598257 0.105414 
vt 0.602788 0.087747 
vt 0.609885 0.088345 
vt 0.593681 0.075413 
vt 0.593681 0.075413 
vt 0.584736 0.076796 
vt 0.602788 0.087747 
vt 0.5565 0.061358 
vt 0.571837 0.057981 
vt 0.500746 0.036296 
vt 0.500746 0.036296 
vt 0.489257 0.043151 
vt 0.5565 0.061358 
vt 0.489257 0.043151 
vt 0.500746 0.036296 
vt 0.414295 0.022777 
vt 0.414295 0.022777 
vt 0.407478 0.031958 
vt 0.489257 0.043151 
vt 0.407478 0.031958 
vt 0.414295 0.022777 
vt 0.316994 0.02323 
vt 0.316994 0.02323 
vt 0.315487 0.03252 
vt 0.407478 0.031958 
vt 0.315487 0.03252 
vt 0.316994 0.02323 
vt 0.235405 0.039257 
vt 0.235405 0.039257 
vt 0.233654 0.044373 
vt 0.315487 0.03252 
vt 0.137352 0.063836 
vt 0.233654 0.044373 
vt 0.235405 0.039257 
vt 0.584736 0.076796 
vt 0.593681 0.075413 
vt 0.571837 0.057981 
vt 0.571837 0.057981 
vt 0.5565 0.061358 
vt 0.584736 0.076796 
vt 0.609885 0.088345 
vt 0.602788 0.087747 
vt 0.598257 0.105414 
vt 0.598257 0.105414 
vt 0.610202 0.109711 
vt 0.609885 0.088345 
vt 0.5565 0.061358 
vt 0.495391 0.093314 
vt 0.535403 0.097967 
vt 0.535403 0.097967 
vt 0.584736 0.076796 
vt 0.5565 0.061358 
vt 0.602788 0.087747 
vt 0.584736 0.076796 
vt 0.535403 0.097967 
vt 0.535403 0.097967 
vt 0.598257 0.105414 
vt 0.602788 0.087747 
vt 0.137223 0.110426 
vt 0.140878 0.06111 
vt 0.237181 0.041647 
vt 0.237181 0.041647 
vt 0.228192 0.090127 
vt 0.137223 0.110426 
vt 0.319013 0.029794 
vt 0.302276 0.084094 
vt 0.228192 0.090127 
vt 0.228192 0.090127 
vt 0.237181 0.041647 
vt 0.319013 0.029794 
vt 0.411004 0.029232 
vt 0.368209 0.080562 
vt 0.302276 0.084094 
vt 0.302276 0.084094 
vt 0.319013 0.029794 
vt 0.411004 0.029232 
vt 0.411004 0.029232 
vt 0.492783 0.040425 
vt 0.432942 0.084906 
vt 0.432942 0.084906 
vt 0.368209 0.080562 
vt 0.411004 0.029232 
vt 0.492783 0.040425 
vt 0.560026 0.058632 
vt 0.498917 0.090588 
vt 0.498917 0.090588 
vt 0.432942 0.084906 
vt 0.492783 0.040425 
vt 0.538929 0.095241 
vt 0.498917 0.090588 
vt 0.560026 0.058632 
vt 0.560026 0.058632 
vt 0.588262 0.07407 
vt 0.538929 0.095241 
vt 0.228192 0.090127 
vt 0.230935 0.093766 
vt 0.137223 0.110426 
vt 0.301733 0.089171 
vt 0.230935 0.093766 
vt 0.228192 0.090127 
vt 0.228192 0.090127 
vt 0.302276 0.084094 
vt 0.301733 0.089171 
vt 0.363499 0.085163 
vt 0.301733 0.089171 
vt 0.302276 0.084094 
vt 0.302276 0.084094 
vt 0.368209 0.080562 
vt 0.363499 0.085163 
vt 0.426718 0.089773 
vt 0.363499 0.085163 
vt 0.368209 0.080562 
vt 0.368209 0.080562 
vt 0.432942 0.084906 
vt 0.426718 0.089773 
vt 0.496058 0.09483 
vt 0.426718 0.089773 
vt 0.432942 0.084906 
vt 0.432942 0.084906 
vt 0.498917 0.090588 
vt 0.496058 0.09483 
vt 0.52069 0.096626 
vt 0.496058 0.09483 
vt 0.498917 0.090588 
vt 0.498917 0.090588 
vt 0.538929 0.095241 
vt 0.52069 0.096626 
vt 0.613728 0.106985 
vt 0.52069 0.096626 
vt 0.538929 0.095241 
vt 0.538929 0.095241 
vt 0.601783 0.102688 
vt 0.613728 0.106985 
vt 0.613728 0.106985 
vt 0.601783 0.102688 
vt 0.606314 0.085021 
vt 0.606314 0.085021 
vt 0.613411 0.085619 
vt 0.613728 0.106985 
vt 0.588262 0.07407 
vt 0.597207 0.072687 
vt 0.613411 0.085619 
vt 0.613411 0.085619 
vt 0.606314 0.085021 
vt 0.588262 0.07407 
vt 0.492783 0.040425 
vt 0.504272 0.03357 
vt 0.575364 0.055255 
vt 0.575364 0.055255 
vt 0.560026 0.058632 
vt 0.492783 0.040425 
vt 0.411004 0.029232 
vt 0.417821 0.020051 
vt 0.504272 0.03357 
vt 0.504272 0.03357 
vt 0.492783 0.040425 
vt 0.411004 0.029232 
vt 0.319013 0.029794 
vt 0.32052 0.020504 
vt 0.417821 0.020051 
vt 0.417821 0.020051 
vt 0.411004 0.029232 
vt 0.319013 0.029794 
vt 0.237181 0.041647 
vt 0.238931 0.036532 
vt 0.32052 0.020504 
vt 0.32052 0.020504 
vt 0.319013 0.029794 
vt 0.237181 0.041647 
vt 0.140878 0.06111 
vt 0.238931 0.036532 
vt 0.237181 0.041647 
vt 0.560026 0.058632 
vt 0.575364 0.055255 
vt 0.597207 0.072687 
vt 0.597207 0.072687 
vt 0.588262 0.07407 
vt 0.560026 0.058632 
vt 0.601783 0.102688 
vt 0.538929 0.095241 
vt 0.588262 0.07407 
vt 0.588262 0.07407 
vt 0.606314 0.085021 
vt 0.601783 0.102688 
vt 0.492783 0.040425 
vt 0.432942 0.084906 
vt 0.498917 0.090588 
vt 0.498917 0.090588 
vt 0.560026 0.058632 
vt 0.492783 0.040425 
vt 0.368209 0.080562 
vt 0.432942 0.084906 
vt 0.492783 0.040425 
vt 0.492783 0.040425 
vt 0.411004 0.029232 
vt 0.368209 0.080562 
vt 0.302276 0.084094 
vt 0.368209 0.080562 
vt 0.411004 0.029232 
vt 0.411004 0.029232 
vt 0.319013 0.029794 
vt 0.302276 0.084094 
vt 0.228192 0.090127 
vt 0.302276 0.084094 
vt 0.319013 0.029794 
vt 0.319013 0.029794 
vt 0.237181 0.041647 
vt 0.228192 0.090127 
vt 0.137223 0.110426 
vt 0.228192 0.090127 
vt 0.237181 0.041647 
vt 0.237181 0.041647 
vt 0.140878 0.06111 
vt 0.137223 0.110426 
vt 0.228192 0.090127 
vt 0.137223 0.110426 
vt 0.230935 0.093766 
vt 0.302276 0.084094 
vt 0.228192 0.090127 
vt 0.230935 0.093766 
vt 0.230935 0.093766 
vt 0.301733 0.089171 
vt 0.302276 0.084094 
vt 0.368209 0.080562 
vt 0.302276 0.084094 
vt 0.301733 0.089171 
vt 0.301733 0.089171 
vt 0.363499 0.085163 
vt 0.368209 0.080562 
vt 0.432942 0.084906 
vt 0.368209 0.080562 
vt 0.363499 0.085163 
vt 0.363499 0.085163 
vt 0.426718 0.089773 
vt 0.432942 0.084906 
vt 0.498917 0.090588 
vt 0.432942 0.084906 
vt 0.426718 0.089773 
vt 0.426718 0.089773 
vt 0.496058 0.09483 
vt 0.498917 0.090588 
vt 0.538929 0.095241 
vt 0.498917 0.090588 
vt 0.496058 0.09483 
vt 0.496058 0.09483 
vt 0.52069 0.096626 
vt 0.538929 0.095241 
vt 0.601783 0.102688 
vt 0.538929 0.095241 
vt 0.52069 0.096626 
vt 0.52069 0.096626 
vt 0.613728 0.106985 
vt 0.601783 0.102688 
vt 0.606314 0.085021 
vt 0.613411 0.085619 
vt 0.597207 0.072687 
vt 0.597207 0.072687 
vt 0.588262 0.07407 
vt 0.606314 0.085021 
vt 0.560026 0.058632 
vt 0.575364 0.055255 
vt 0.504272 0.03357 
vt 0.504272 0.03357 
vt 0.492783 0.040425 
vt 0.560026 0.058632 
vt 0.492783 0.040425 
vt 0.504272 0.03357 
vt 0.417821 0.020051 
vt 0.417821 0.020051 
vt 0.411004 0.029232 
vt 0.492783 0.040425 
vt 0.411004 0.029232 
vt 0.417821 0.020051 
vt 0.32052 0.020504 
vt 0.32052 0.020504 
vt 0.319013 0.029794 
vt 0.411004 0.029232 
vt 0.319013 0.029794 
vt 0.32052 0.020504 
vt 0.238931 0.036532 
vt 0.238931 0.036532 
vt 0.237181 0.041647 
vt 0.319013 0.029794 
vt 0.140878 0.06111 
vt 0.237181 0.041647 
vt 0.238931 0.036532 
vt 0.588262 0.07407 
vt 0.597207 0.072687 
vt 0.575364 0.055255 
vt 0.575364 0.055255 
vt 0.560026 0.058632 
vt 0.588262 0.07407 
vt 0.613411 0.085619 
vt 0.606314 0.085021 
vt 0.601783 0.102688 
vt 0.601783 0.102688 
vt 0.613728 0.106985 
vt 0.613411 0.085619 
vt 0.560026 0.058632 
vt 0.498917 0.090588 
vt 0.538929 0.095241 
vt 0.538929 0.095241 
vt 0.588262 0.07407 
vt 0.560026 0.058632 
vt 0.606314 0.085021 
vt 0.588262 0.07407 
vt 0.538929 0.095241 
vt 0.538929 0.095241 
vt 0.601783 0.102688 
vt 0.606314 0.085021 
vt 0.19041 0.542731 
vt 0.204356 0.440696 
vt 0.15666 0.484378 
vt 0.192047 0.385949 
vt 0.140634 0.438566 
vt 0.15666 0.484378 
vt 0.15666 0.484378 
vt 0.204356 0.440696 
vt 0.192047 0.385949 
vt 0.164942 0.334597 
vt 0.124459 0.399262 
vt 0.140634 0.438566 
vt 0.140634 0.438566 
vt 0.192047 0.385949 
vt 0.164942 0.334597 
vt 0.128691 0.298281 
vt 0.100459 0.36691 
vt 0.124459 0.399262 
vt 0.124459 0.399262 
vt 0.164942 0.334597 
vt 0.128691 0.298281 
vt 0.128691 0.298281 
vt 0.089522 0.275609 
vt 0.074693 0.334938 
vt 0.074693 0.334938 
vt 0.100459 0.36691 
vt 0.128691 0.298281 
vt 0.057813 0.316514 
vt 0.074693 0.334938 
vt 0.089522 0.275609 
vt 0.089522 0.275609 
vt 0.064974 0.272311 
vt 0.057813 0.316514 
vt 0.15666 0.484378 
vt 0.152052 0.485765 
vt 0.19041 0.542731 
vt 0.135518 0.442921 
vt 0.152052 0.485765 
vt 0.15666 0.484378 
vt 0.15666 0.484378 
vt 0.140634 0.438566 
vt 0.135518 0.442921 
vt 0.121094 0.405541 
vt 0.135518 0.442921 
vt 0.140634 0.438566 
vt 0.140634 0.438566 
vt 0.124459 0.399262 
vt 0.121094 0.405541 
vt 0.097273 0.37424 
vt 0.121094 0.405541 
vt 0.124459 0.399262 
vt 0.124459 0.399262 
vt 0.100459 0.36691 
vt 0.097273 0.37424 
vt 0.071144 0.339908 
vt 0.097273 0.37424 
vt 0.100459 0.36691 
vt 0.100459 0.36691 
vt 0.074693 0.334938 
vt 0.071144 0.339908 
vt 0.061863 0.327712 
vt 0.071144 0.339908 
vt 0.074693 0.334938 
vt 0.074693 0.334938 
vt 0.057813 0.316514 
vt 0.061863 0.327712 
vt 0.023089 0.284499 
vt 0.061863 0.327712 
vt 0.057813 0.316514 
vt 0.057813 0.316514 
vt 0.031152 0.287679 
vt 0.023089 0.284499 
vt 0.023089 0.284499 
vt 0.031152 0.287679 
vt 0.048156 0.271065 
vt 0.048156 0.271065 
vt 0.045397 0.267616 
vt 0.023089 0.284499 
vt 0.064974 0.272311 
vt 0.063719 0.266257 
vt 0.045397 0.267616 
vt 0.045397 0.267616 
vt 0.048156 0.271065 
vt 0.064974 0.272311 
vt 0.128691 0.298281 
vt 0.132359 0.286451 
vt 0.088417 0.264426 
vt 0.088417 0.264426 
vt 0.089522 0.275609 
vt 0.128691 0.298281 
vt 0.164942 0.334597 
vt 0.172436 0.323495 
vt 0.132359 0.286451 
vt 0.132359 0.286451 
vt 0.128691 0.298281 
vt 0.164942 0.334597 
vt 0.192047 0.385949 
vt 0.201252 0.377698 
vt 0.172436 0.323495 
vt 0.172436 0.323495 
vt 0.164942 0.334597 
vt 0.192047 0.385949 
vt 0.204356 0.440696 
vt 0.209147 0.435643 
vt 0.201252 0.377698 
vt 0.201252 0.377698 
vt 0.192047 0.385949 
vt 0.204356 0.440696 
vt 0.19041 0.542731 
vt 0.209147 0.435643 
vt 0.204356 0.440696 
vt 0.089522 0.275609 
vt 0.088417 0.264426 
vt 0.063719 0.266257 
vt 0.063719 0.266257 
vt 0.064974 0.272311 
vt 0.089522 0.275609 
vt 0.048156 0.271065 
vt 0.031152 0.287679 
vt 0.057813 0.316514 
vt 0.057813 0.316514 
vt 0.064974 0.272311 
vt 0.048156 0.271065 
vt 0.128691 0.298281 
vt 0.100459 0.36691 
vt 0.074694 0.334938 
vt 0.074694 0.334938 
vt 0.089522 0.275609 
vt 0.128691 0.298281 
vt 0.124459 0.399262 
vt 0.100459 0.36691 
vt 0.128691 0.298281 
vt 0.128691 0.298281 
vt 0.164942 0.334597 
vt 0.124459 0.399262 
vt 0.140634 0.438566 
vt 0.124459 0.399262 
vt 0.164942 0.334597 
vt 0.164942 0.334597 
vt 0.192047 0.385949 
vt 0.140634 0.438566 
vt 0.15666 0.484378 
vt 0.140634 0.438566 
vt 0.192047 0.385949 
vt 0.192047 0.385949 
vt 0.204356 0.440696 
vt 0.15666 0.484378 
vt 0.19041 0.542731 
vt 0.15666 0.484378 
vt 0.204356 0.440696 
vt 0.15666 0.484378 
vt 0.19041 0.542731 
vt 0.152052 0.485765 
vt 0.140634 0.438566 
vt 0.15666 0.484378 
vt 0.152052 0.485765 
vt 0.152052 0.485765 
vt 0.135518 0.442921 
vt 0.140634 0.438566 
vt 0.124459 0.399262 
vt 0.140634 0.438566 
vt 0.135518 0.442921 
vt 0.135518 0.442921 
vt 0.121094 0.405541 
vt 0.124459 0.399262 
vt 0.100459 0.36691 
vt 0.124459 0.399262 
vt 0.121094 0.405541 
vt 0.121094 0.405541 
vt 0.097273 0.37424 
vt 0.100459 0.36691 
vt 0.074694 0.334938 
vt 0.100459 0.36691 
vt 0.097273 0.37424 
vt 0.097273 0.37424 
vt 0.071144 0.339908 
vt 0.074694 0.334938 
vt 0.057813 0.316514 
vt 0.074694 0.334938 
vt 0.071144 0.339908 
vt 0.071144 0.339908 
vt 0.061863 0.327712 
vt 0.057813 0.316514 
vt 0.031152 0.287679 
vt 0.057813 0.316514 
vt 0.061863 0.327712 
vt 0.061863 0.327712 
vt 0.023089 0.284499 
vt 0.031152 0.287679 
vt 0.048156 0.271065 
vt 0.045397 0.267616 
vt 0.063719 0.266257 
vt 0.063719 0.266257 
vt 0.064974 0.272311 
vt 0.048156 0.271065 
vt 0.089522 0.275609 
vt 0.088417 0.264426 
vt 0.132359 0.286451 
vt 0.132359 0.286451 
vt 0.128691 0.298281 
vt 0.089522 0.275609 
vt 0.128691 0.298281 
vt 0.132359 0.286451 
vt 0.172436 0.323495 
vt 0.172436 0.323495 
vt 0.164942 0.334597 
vt 0.128691 0.298281 
vt 0.164942 0.334597 
vt 0.172436 0.323495 
vt 0.201252 0.377698 
vt 0.201252 0.377698 
vt 0.192047 0.385949 
vt 0.164942 0.334597 
vt 0.192047 0.385949 
vt 0.201252 0.377698 
vt 0.209147 0.435643 
vt 0.209147 0.435643 
vt 0.204356 0.440696 
vt 0.192047 0.385949 
vt 0.19041 0.542731 
vt 0.204356 0.440696 
vt 0.209147 0.435643 
vt 0.064974 0.272311 
vt 0.063719 0.266257 
vt 0.088417 0.264426 
vt 0.088417 0.264426 
vt 0.089522 0.275609 
vt 0.064974 0.272311 
vt 0.045397 0.267616 
vt 0.048156 0.271065 
vt 0.031152 0.287679 
vt 0.031152 0.287679 
vt 0.023089 0.284499 
vt 0.045397 0.267616 
vt 0.089522 0.275609 
vt 0.074694 0.334938 
vt 0.057813 0.316514 
vt 0.057813 0.316514 
vt 0.064974 0.272311 
vt 0.089522 0.275609 
vt 0.048156 0.271065 
vt 0.064974 0.272311 
vt 0.057813 0.316514 
vt 0.057813 0.316514 
vt 0.031152 0.287679 
vt 0.048156 0.271065 
vt 0.640826 0.675455 
vt 0.689096 0.700804 
vt 0.651609 0.726942 
vt 0.651609 0.726942 
vt 0.635202 0.719337 
vt 0.640826 0.675455 
vt 0.729961 0.443161 
vt 0.647962 0.454866 
vt 0.639554 0.252999 
vt 0.639554 0.252999 
vt 0.70648 0.266292 
vt 0.729961 0.443161 
vt 0.647962 0.454866 
vt 0.729961 0.443161 
vt 0.743071 0.57445 
vt 0.743071 0.57445 
vt 0.653456 0.576923 
vt 0.647962 0.454866 
vt 0.653456 0.576923 
vt 0.743071 0.57445 
vt 0.72097 0.662517 
vt 0.72097 0.662517 
vt 0.645135 0.641842 
vt 0.653456 0.576923 
vt 0.645135 0.641842 
vt 0.72097 0.662517 
vt 0.689096 0.700804 
vt 0.689096 0.700804 
vt 0.640826 0.675455 
vt 0.645135 0.641842 
vt 0.640826 0.675455 
vt 0.635202 0.719337 
vt 0.651609 0.726942 
vt 0.651609 0.726942 
vt 0.689096 0.700804 
vt 0.640826 0.675455 
vt 0.641487 0.281401 
vt 0.647962 0.454866 
vt 0.729961 0.443161 
vt 0.729961 0.443161 
vt 0.708413 0.294695 
vt 0.641487 0.281401 
vt 0.647962 0.454866 
vt 0.653456 0.576923 
vt 0.743071 0.57445 
vt 0.743071 0.57445 
vt 0.729961 0.443161 
vt 0.647962 0.454866 
vt 0.653456 0.576923 
vt 0.645135 0.641842 
vt 0.72097 0.662517 
vt 0.72097 0.662517 
vt 0.743071 0.57445 
vt 0.653456 0.576923 
vt 0.645135 0.641842 
vt 0.640826 0.675455 
vt 0.689096 0.700804 
vt 0.689096 0.700804 
vt 0.72097 0.662517 
vt 0.645135 0.641842 
vt 0.651609 0.726942 
vt 0.651609 0.726942 
vt 0.689096 0.700804 
vt 0.689096 0.700804 
vt 0.689096 0.700804 
vt 0.651609 0.726942 
vt 0.635202 0.719337 
vt 0.635202 0.719337 
vt 0.651609 0.726942 
vt 0.651609 0.726942 
vt 0.651609 0.726942 
vt 0.635202 0.719337 
vt 0.635202 0.719337 
vt 0.640826 0.675455 
vt 0.640826 0.675455 
vt 0.640826 0.675455 
vt 0.635202 0.719337 
vt 0.635202 0.719337 
vt 0.729961 0.443161 
vt 0.729961 0.443161 
vt 0.70648 0.266292 
vt 0.70648 0.266292 
vt 0.708413 0.294695 
vt 0.729961 0.443161 
vt 0.647962 0.454866 
vt 0.641487 0.281401 
vt 0.639554 0.252999 
vt 0.639554 0.252999 
vt 0.647962 0.454866 
vt 0.647962 0.454866 
vt 0.641487 0.281401 
vt 0.708413 0.294695 
vt 0.70648 0.266292 
vt 0.70648 0.266292 
vt 0.639554 0.252999 
vt 0.641487 0.281401 
vt 0.743071 0.57445 
vt 0.743071 0.57445 
vt 0.729961 0.443161 
vt 0.729961 0.443161 
vt 0.729961 0.443161 
vt 0.743071 0.57445 
vt 0.653456 0.576923 
vt 0.647962 0.454866 
vt 0.647962 0.454866 
vt 0.647962 0.454866 
vt 0.653456 0.576923 
vt 0.653456 0.576923 
vt 0.72097 0.662517 
vt 0.72097 0.662517 
vt 0.743071 0.57445 
vt 0.743071 0.57445 
vt 0.743071 0.57445 
vt 0.72097 0.662517 
vt 0.645135 0.641842 
vt 0.653456 0.576923 
vt 0.653456 0.576923 
vt 0.653456 0.576923 
vt 0.645135 0.641842 
vt 0.645135 0.641842 
vt 0.689096 0.700804 
vt 0.689096 0.700804 
vt 0.72097 0.662517 
vt 0.72097 0.662517 
vt 0.72097 0.662517 
vt 0.689096 0.700804 
vt 0.640826 0.675455 
vt 0.645135 0.641842 
vt 0.645135 0.641842 
vt 0.645135 0.641842 
vt 0.640826 0.675455 
vt 0.640826 0.675455 
vt 0.844692 0.963026 
vt 0.839944 0.931823 
vt 0.872457 0.958436 
vt 0.872457 0.958436 
vt 0.874994 0.969323 
vt 0.844692 0.963026 
vt 0.525864 0.978713 
vt 0.67205 0.899763 
vt 0.707148 0.949919 
vt 0.707148 0.949919 
vt 0.67205 0.899763 
vt 0.743278 0.893383 
vt 0.743278 0.893383 
vt 0.778557 0.950225 
vt 0.707148 0.949919 
vt 0.778557 0.950225 
vt 0.743278 0.893383 
vt 0.803725 0.909532 
vt 0.803725 0.909532 
vt 0.821847 0.958453 
vt 0.778557 0.950225 
vt 0.821847 0.958453 
vt 0.803725 0.909532 
vt 0.839944 0.931823 
vt 0.839944 0.931823 
vt 0.844692 0.963026 
vt 0.821847 0.958453 
vt 0.831768 0.953579 
vt 0.861449 0.959725 
vt 0.859027 0.949034 
vt 0.859027 0.949034 
vt 0.827234 0.922907 
vt 0.831768 0.953579 
vt 0.59279 0.923133 
vt 0.696882 0.940874 
vt 0.662341 0.891476 
vt 0.696882 0.940874 
vt 0.766941 0.941078 
vt 0.732321 0.885136 
vt 0.732321 0.885136 
vt 0.662341 0.891476 
vt 0.696882 0.940874 
vt 0.766941 0.941078 
vt 0.809382 0.949114 
vt 0.79171 0.901001 
vt 0.79171 0.901001 
vt 0.732321 0.885136 
vt 0.766941 0.941078 
vt 0.809382 0.949114 
vt 0.831768 0.953579 
vt 0.827234 0.922907 
vt 0.827234 0.922907 
vt 0.79171 0.901001 
vt 0.809382 0.949114 
vt 0.859027 0.949034 
vt 0.872457 0.958436 
vt 0.839944 0.931823 
vt 0.839944 0.931823 
vt 0.827234 0.922907 
vt 0.859027 0.949034 
vt 0.861449 0.959725 
vt 0.874994 0.969323 
vt 0.872457 0.958436 
vt 0.872457 0.958436 
vt 0.859027 0.949034 
vt 0.861449 0.959725 
vt 0.861449 0.959725 
vt 0.831768 0.953579 
vt 0.844692 0.963026 
vt 0.844692 0.963026 
vt 0.874994 0.969323 
vt 0.861449 0.959725 
vt 0.59279 0.923133 
vt 0.662341 0.891476 
vt 0.67205 0.899763 
vt 0.67205 0.899763 
vt 0.525864 0.978713 
vt 0.59279 0.923133 
vt 0.59279 0.923133 
vt 0.525864 0.978713 
vt 0.707148 0.949919 
vt 0.707148 0.949919 
vt 0.696882 0.940874 
vt 0.59279 0.923133 
vt 0.732321 0.885136 
vt 0.743278 0.893383 
vt 0.67205 0.899763 
vt 0.67205 0.899763 
vt 0.662341 0.891476 
vt 0.732321 0.885136 
vt 0.766941 0.941078 
vt 0.696882 0.940874 
vt 0.707148 0.949919 
vt 0.707148 0.949919 
vt 0.778557 0.950225 
vt 0.766941 0.941078 
vt 0.79171 0.901001 
vt 0.803725 0.909532 
vt 0.743278 0.893383 
vt 0.743278 0.893383 
vt 0.732321 0.885136 
vt 0.79171 0.901001 
vt 0.809382 0.949114 
vt 0.766941 0.941078 
vt 0.778557 0.950225 
vt 0.778557 0.950225 
vt 0.821847 0.958453 
vt 0.809382 0.949114 
vt 0.827234 0.922907 
vt 0.839944 0.931823 
vt 0.803725 0.909532 
vt 0.803725 0.909532 
vt 0.79171 0.901001 
vt 0.827234 0.922907 
vt 0.831768 0.953579 
vt 0.809382 0.949114 
vt 0.821847 0.958453 
vt 0.821847 0.958453 
vt 0.844692 0.963026 
vt 0.831768 0.953579 
vt 0.749627 0.609146 
vt 0.796868 0.627048 
vt 0.76556 0.661998 
vt 0.76556 0.661998 
vt 0.749621 0.656991 
vt 0.749627 0.609146 
vt 0.804092 0.34466 
vt 0.730269 0.372634 
vt 0.698857 0.159019 
vt 0.698857 0.159019 
vt 0.761792 0.160543 
vt 0.804092 0.34466 
vt 0.730269 0.372634 
vt 0.804092 0.34466 
vt 0.831529 0.482147 
vt 0.831529 0.482147 
vt 0.749639 0.501717 
vt 0.730269 0.372634 
vt 0.749639 0.501717 
vt 0.831529 0.482147 
vt 0.821602 0.580209 
vt 0.821602 0.580209 
vt 0.749631 0.572498 
vt 0.749639 0.501717 
vt 0.749631 0.572498 
vt 0.821602 0.580209 
vt 0.796868 0.627048 
vt 0.796868 0.627048 
vt 0.749627 0.609146 
vt 0.749631 0.572498 
vt 0.749991 0.609032 
vt 0.749986 0.656877 
vt 0.765925 0.661884 
vt 0.765925 0.661884 
vt 0.797233 0.626935 
vt 0.749991 0.609032 
vt 0.704329 0.188819 
vt 0.730634 0.372521 
vt 0.804457 0.344547 
vt 0.804457 0.344547 
vt 0.767264 0.190343 
vt 0.704329 0.188819 
vt 0.730634 0.372521 
vt 0.750004 0.501604 
vt 0.831893 0.482033 
vt 0.831893 0.482033 
vt 0.804457 0.344547 
vt 0.730634 0.372521 
vt 0.750004 0.501604 
vt 0.749996 0.572384 
vt 0.821967 0.580095 
vt 0.821967 0.580095 
vt 0.831893 0.482033 
vt 0.750004 0.501604 
vt 0.749996 0.572384 
vt 0.749991 0.609032 
vt 0.797233 0.626935 
vt 0.797233 0.626935 
vt 0.821967 0.580095 
vt 0.749996 0.572384 
vt 0.765925 0.661884 
vt 0.76556 0.661998 
vt 0.796868 0.627048 
vt 0.796868 0.627048 
vt 0.797233 0.626935 
vt 0.765925 0.661884 
vt 0.749986 0.656877 
vt 0.749621 0.656991 
vt 0.76556 0.661998 
vt 0.76556 0.661998 
vt 0.765925 0.661884 
vt 0.749986 0.656877 
vt 0.749986 0.656877 
vt 0.749991 0.609032 
vt 0.749627 0.609146 
vt 0.749627 0.609146 
vt 0.749621 0.656991 
vt 0.749986 0.656877 
vt 0.767264 0.190343 
vt 0.804457 0.344547 
vt 0.804092 0.34466 
vt 0.804092 0.34466 
vt 0.761792 0.160543 
vt 0.767264 0.190343 
vt 0.730634 0.372521 
vt 0.704329 0.188819 
vt 0.698857 0.159019 
vt 0.698857 0.159019 
vt 0.730269 0.372634 
vt 0.730634 0.372521 
vt 0.704329 0.188819 
vt 0.767264 0.190343 
vt 0.761792 0.160543 
vt 0.761792 0.160543 
vt 0.698857 0.159019 
vt 0.704329 0.188819 
vt 0.831893 0.482033 
vt 0.831529 0.482147 
vt 0.804092 0.34466 
vt 0.804092 0.34466 
vt 0.804457 0.344547 
vt 0.831893 0.482033 
vt 0.750004 0.501604 
vt 0.730634 0.372521 
vt 0.730269 0.372634 
vt 0.730269 0.372634 
vt 0.749639 0.501717 
vt 0.750004 0.501604 
vt 0.821967 0.580095 
vt 0.821602 0.580209 
vt 0.831529 0.482147 
vt 0.831529 0.482147 
vt 0.831893 0.482033 
vt 0.821967 0.580095 
vt 0.749996 0.572384 
vt 0.750004 0.501604 
vt 0.749639 0.501717 
vt 0.749639 0.501717 
vt 0.749631 0.572498 
vt 0.749996 0.572384 
vt 0.797233 0.626935 
vt 0.796868 0.627048 
vt 0.821602 0.580209 
vt 0.821602 0.580209 
vt 0.821967 0.580095 
vt 0.797233 0.626935 
vt 0.749991 0.609032 
vt 0.749996 0.572384 
vt 0.749631 0.572498 
vt 0.749631 0.572498 
vt 0.749627 0.609146 
vt 0.749991 0.609032 
vt 0.84853 0.599428 
vt 0.895081 0.613972 
vt 0.866634 0.6526 
vt 0.866634 0.6526 
vt 0.850981 0.648758 
vt 0.84853 0.599428 
vt 0.887563 0.322222 
vt 0.817693 0.357179 
vt 0.776386 0.139536 
vt 0.776386 0.139536 
vt 0.837254 0.135895 
vt 0.887563 0.322222 
vt 0.817693 0.357179 
vt 0.887563 0.322222 
vt 0.921122 0.461703 
vt 0.921122 0.461703 
vt 0.843028 0.488664 
vt 0.817693 0.357179 
vt 0.843028 0.488664 
vt 0.921122 0.461703 
vt 0.916567 0.56363 
vt 0.916567 0.56363 
vt 0.846653 0.561642 
vt 0.843028 0.488664 
vt 0.846653 0.561642 
vt 0.916567 0.56363 
vt 0.895081 0.613972 
vt 0.895081 0.613972 
vt 0.84853 0.599428 
vt 0.846653 0.561642 
vt 0.848372 0.599507 
vt 0.850822 0.648837 
vt 0.866476 0.652679 
vt 0.866476 0.652679 
vt 0.894922 0.614051 
vt 0.848372 0.599507 
vt 0.782697 0.170035 
vt 0.817534 0.357259 
vt 0.887405 0.322301 
vt 0.887405 0.322301 
vt 0.843565 0.166393 
vt 0.782697 0.170035 
vt 0.817534 0.357259 
vt 0.84287 0.488743 
vt 0.920964 0.461782 
vt 0.920964 0.461782 
vt 0.887405 0.322301 
vt 0.817534 0.357259 
vt 0.84287 0.488743 
vt 0.846495 0.561721 
vt 0.916409 0.563709 
vt 0.916409 0.563709 
vt 0.920964 0.461782 
vt 0.84287 0.488743 
vt 0.846495 0.561721 
vt 0.848372 0.599507 
vt 0.894922 0.614051 
vt 0.894922 0.614051 
vt 0.916409 0.563709 
vt 0.846495 0.561721 
vt 0.866476 0.652679 
vt 0.866634 0.6526 
vt 0.895081 0.613972 
vt 0.895081 0.613972 
vt 0.894922 0.614051 
vt 0.866476 0.652679 
vt 0.850822 0.648837 
vt 0.850981 0.648758 
vt 0.866634 0.6526 
vt 0.866634 0.6526 
vt 0.866476 0.652679 
vt 0.850822 0.648837 
vt 0.850822 0.648837 
vt 0.848372 0.599507 
vt 0.84853 0.599428 
vt 0.84853 0.599428 
vt 0.850981 0.648758 
vt 0.850822 0.648837 
vt 0.843565 0.166393 
vt 0.887405 0.322301 
vt 0.887563 0.322222 
vt 0.887563 0.322222 
vt 0.837254 0.135895 
vt 0.843565 0.166393 
vt 0.782697 0.170035 
vt 0.776386 0.139536 
vt 0.817693 0.357179 
vt 0.817693 0.357179 
vt 0.817534 0.357259 
vt 0.782697 0.170035 
vt 0.782697 0.170035 
vt 0.843565 0.166393 
vt 0.837254 0.135895 
vt 0.837254 0.135895 
vt 0.776386 0.139536 
vt 0.782697 0.170035 
vt 0.920964 0.461782 
vt 0.921122 0.461703 
vt 0.887563 0.322222 
vt 0.887563 0.322222 
vt 0.887405 0.322301 
vt 0.920964 0.461782 
vt 0.84287 0.488743 
vt 0.817534 0.357259 
vt 0.817693 0.357179 
vt 0.817693 0.357179 
vt 0.843028 0.488664 
vt 0.84287 0.488743 
vt 0.916409 0.563709 
vt 0.916567 0.56363 
vt 0.921122 0.461703 
vt 0.921122 0.461703 
vt 0.920964 0.461782 
vt 0.916409 0.563709 
vt 0.846495 0.561721 
vt 0.84287 0.488743 
vt 0.843028 0.488664 
vt 0.843028 0.488664 
vt 0.846653 0.561642 
vt 0.846495 0.561721 
vt 0.894922 0.614051 
vt 0.895081 0.613972 
vt 0.916567 0.56363 
vt 0.916567 0.56363 
vt 0.916409 0.563709 
vt 0.894922 0.614051 
vt 0.848372 0.599507 
vt 0.846495 0.561721 
vt 0.846653 0.561642 
vt 0.846653 0.561642 
vt 0.84853 0.599428 
vt 0.848372 0.599507 
vt 0.927317 0.528381 
vt 0.973867 0.542925 
vt 0.945421 0.581553 
vt 0.945421 0.581553 
vt 0.929768 0.577711 
vt 0.927317 0.528381 
vt 0.96635 0.251175 
vt 0.89648 0.286133 
vt 0.855173 0.06849 
vt 0.855173 0.06849 
vt 0.916041 0.064848 
vt 0.96635 0.251175 
vt 0.89648 0.286133 
vt 0.96635 0.251175 
vt 0.999909 0.390656 
vt 0.999909 0.390656 
vt 0.921815 0.417617 
vt 0.89648 0.286133 
vt 0.921815 0.417617 
vt 0.999909 0.390656 
vt 0.995354 0.492583 
vt 0.995354 0.492583 
vt 0.92544 0.490595 
vt 0.921815 0.417617 
vt 0.92544 0.490595 
vt 0.995354 0.492583 
vt 0.973867 0.542925 
vt 0.973867 0.542925 
vt 0.927317 0.528381 
vt 0.92544 0.490595 
vt 0.927159 0.52846 
vt 0.929609 0.57779 
vt 0.945263 0.581632 
vt 0.945263 0.581632 
vt 0.973709 0.543004 
vt 0.927159 0.52846 
vt 0.861484 0.098988 
vt 0.896321 0.286212 
vt 0.966192 0.251255 
vt 0.966192 0.251255 
vt 0.922351 0.095346 
vt 0.861484 0.098988 
vt 0.896321 0.286212 
vt 0.921657 0.417696 
vt 0.999751 0.390735 
vt 0.999751 0.390735 
vt 0.966192 0.251255 
vt 0.896321 0.286212 
vt 0.921657 0.417696 
vt 0.925282 0.490674 
vt 0.995196 0.492663 
vt 0.995196 0.492663 
vt 0.999751 0.390735 
vt 0.921657 0.417696 
vt 0.925282 0.490674 
vt 0.927159 0.52846 
vt 0.973709 0.543004 
vt 0.973709 0.543004 
vt 0.995196 0.492663 
vt 0.925282 0.490674 
vt 0.945263 0.581632 
vt 0.945421 0.581553 
vt 0.973867 0.542925 
vt 0.973867 0.542925 
vt 0.973709 0.543004 
vt 0.945263 0.581632 
vt 0.929609 0.57779 
vt 0.929768 0.577711 
vt 0.945421 0.581553 
vt 0.945421 0.581553 
vt 0.945263 0.581632 
vt 0.929609 0.57779 
vt 0.929609 0.57779 
vt 0.927159 0.52846 
vt 0.927317 0.528381 
vt 0.927317 0.528381 
vt 0.929768 0.577711 
vt 0.929609 0.57779 
vt 0.922351 0.095346 
vt 0.966192 0.251255 
vt 0.96635 0.251175 
vt 0.96635 0.251175 
vt 0.916041 0.064848 
vt 0.922351 0.095346 
vt 0.861484 0.098988 
vt 0.855173 0.06849 
vt 0.89648 0.286133 
vt 0.89648 0.286133 
vt 0.896321 0.286212 
vt 0.861484 0.098988 
vt 0.861484 0.098988 
vt 0.922351 0.095346 
vt 0.916041 0.064848 
vt 0.916041 0.064848 
vt 0.855173 0.06849 
vt 0.861484 0.098988 
vt 0.999751 0.390735 
vt 0.999909 0.390656 
vt 0.96635 0.251175 
vt 0.96635 0.251175 
vt 0.966192 0.251255 
vt 0.999751 0.390735 
vt 0.921657 0.417696 
vt 0.896321 0.286212 
vt 0.89648 0.286133 
vt 0.89648 0.286133 
vt 0.921815 0.417617 
vt 0.921657 0.417696 
vt 0.995196 0.492663 
vt 0.995354 0.492583 
vt 0.999909 0.390656 
vt 0.999909 0.390656 
vt 0.999751 0.390735 
vt 0.995196 0.492663 
vt 0.925282 0.490674 
vt 0.921657 0.417696 
vt 0.921815 0.417617 
vt 0.921815 0.417617 
vt 0.92544 0.490595 
vt 0.925282 0.490674 
vt 0.973709 0.543004 
vt 0.973867 0.542925 
vt 0.995354 0.492583 
vt 0.995354 0.492583 
vt 0.995196 0.492663 
vt 0.973709 0.543004 
vt 0.927159 0.52846 
vt 0.925282 0.490674 
vt 0.92544 0.490595 
vt 0.92544 0.490595 
vt 0.927317 0.528381 
vt 0.927159 0.52846 
vt 0.63558 0.825187 
vt 0.695468 0.816564 
vt 0.694823 0.788573 
vt 0.694823 0.788573 
vt 0.633368 0.797391 
vt 0.63558 0.825187 
vt 0.695468 0.816564 
vt 0.74755 0.816258 
vt 0.748552 0.785303 
vt 0.748552 0.785303 
vt 0.694823 0.788573 
vt 0.695468 0.816564 
vt 0.74755 0.816258 
vt 0.801393 0.824955 
vt 0.811136 0.797305 
vt 0.811136 0.797305 
vt 0.748552 0.785303 
vt 0.74755 0.816258 
vt 0.801393 0.824955 
vt 0.852913 0.844512 
vt 0.868775 0.822337 
vt 0.868775 0.822337 
vt 0.811136 0.797305 
vt 0.801393 0.824955 
vt 0.852913 0.844512 
vt 0.899492 0.868305 
vt 0.917711 0.85398 
vt 0.917711 0.85398 
vt 0.868775 0.822337 
vt 0.852913 0.844512 
vt 0.899492 0.868305 
vt 0.881545 0.884804 
vt 0.909605 0.89604 
vt 0.909605 0.89604 
vt 0.92827 0.886571 
vt 0.899492 0.868305 
vt 0.611551 0.815264 
vt 0.63558 0.825187 
vt 0.633368 0.797391 
vt 0.633368 0.797391 
vt 0.606014 0.793536 
vt 0.611551 0.815264 
vt 0.435236 0.175541 
vt 0.415088 0.201021 
vt 0.504975 0.320308 
vt 0.504975 0.320308 
vt 0.541307 0.299576 
vt 0.435236 0.175541 
vt 0.550471 0.410868 
vt 0.595427 0.399519 
vt 0.541307 0.299576 
vt 0.541307 0.299576 
vt 0.504975 0.320308 
vt 0.550471 0.410868 
vt 0.591024 0.662621 
vt 0.616542 0.515555 
vt 0.566583 0.514083 
vt 0.566583 0.514083 
vt 0.540731 0.648266 
vt 0.591024 0.662621 
vt 0.595427 0.399519 
vt 0.550471 0.410868 
vt 0.566583 0.514083 
vt 0.566583 0.514083 
vt 0.616542 0.515555 
vt 0.595427 0.399519 
vt 0.185487 0.200614 
vt 0.161706 0.225442 
vt 0.311467 0.304911 
vt 0.311467 0.304911 
vt 0.341423 0.275841 
vt 0.185487 0.200614 
vt 0.161706 0.225442 
vt 0.185487 0.200614 
vt 0.14 0.19889 
vt 0.14 0.19889 
vt 0.125535 0.21709 
vt 0.161706 0.225442 
vt 0.051863 0.126631 
vt 0.086001 0.173196 
vt 0.095574 0.159709 
vt 0.095574 0.159709 
vt 0.059257 0.116745 
vt 0.051863 0.126631 
vt 0.14 0.19889 
vt 0.095574 0.159709 
vt 0.086001 0.173196 
vt 0.086001 0.173196 
vt 0.125535 0.21709 
vt 0.14 0.19889 
vt 0.513102 0.809053 
vt 0.581076 0.802679 
vt 0.586191 0.735535 
vt 0.513102 0.809053 
vt 0.586191 0.735535 
vt 0.591024 0.662621 
vt 0.540731 0.648266 
vt 0.513102 0.809053 
vt 0.591024 0.662621 
vt 0.470255 0.630471 
vt 0.431757 0.816813 
vt 0.513102 0.809053 
vt 0.513102 0.809053 
vt 0.540731 0.648266 
vt 0.470255 0.630471 
vt 0.540731 0.648266 
vt 0.566583 0.514083 
vt 0.495613 0.511969 
vt 0.495613 0.511969 
vt 0.470255 0.630471 
vt 0.540731 0.648266 
vt 0.550471 0.410868 
vt 0.485537 0.427142 
vt 0.495613 0.511969 
vt 0.495613 0.511969 
vt 0.566583 0.514083 
vt 0.550471 0.410868 
vt 0.485537 0.427142 
vt 0.550471 0.410868 
vt 0.504975 0.320308 
vt 0.504975 0.320308 
vt 0.454042 0.352002 
vt 0.485537 0.427142 
vt 0.415088 0.201021 
vt 0.379274 0.238368 
vt 0.454042 0.352002 
vt 0.454042 0.352002 
vt 0.504975 0.320308 
vt 0.415088 0.201021 
vt 0.392323 0.609746 
vt 0.345993 0.804389 
vt 0.431757 0.816813 
vt 0.431757 0.816813 
vt 0.470255 0.630471 
vt 0.392323 0.609746 
vt 0.470255 0.630471 
vt 0.495613 0.511969 
vt 0.416793 0.509442 
vt 0.416793 0.509442 
vt 0.392323 0.609746 
vt 0.470255 0.630471 
vt 0.413308 0.445205 
vt 0.416793 0.509442 
vt 0.495613 0.511969 
vt 0.495613 0.511969 
vt 0.485537 0.427142 
vt 0.413308 0.445205 
vt 0.413308 0.445205 
vt 0.485537 0.427142 
vt 0.454042 0.352002 
vt 0.454042 0.352002 
vt 0.397762 0.387532 
vt 0.413308 0.445205 
vt 0.379274 0.238368 
vt 0.341423 0.275841 
vt 0.397762 0.387532 
vt 0.397762 0.387532 
vt 0.454042 0.352002 
vt 0.379274 0.238368 
vt 0.317047 0.585811 
vt 0.258892 0.806296 
vt 0.345993 0.804389 
vt 0.345993 0.804389 
vt 0.392323 0.609746 
vt 0.317047 0.585811 
vt 0.339198 0.506503 
vt 0.317047 0.585811 
vt 0.392323 0.609746 
vt 0.392323 0.609746 
vt 0.416793 0.509442 
vt 0.339198 0.506503 
vt 0.416793 0.509442 
vt 0.413308 0.445205 
vt 0.342031 0.463126 
vt 0.342031 0.463126 
vt 0.339198 0.506503 
vt 0.416793 0.509442 
vt 0.342875 0.423599 
vt 0.342031 0.463126 
vt 0.413308 0.445205 
vt 0.413308 0.445205 
vt 0.397762 0.387532 
vt 0.342875 0.423599 
vt 0.397762 0.387532 
vt 0.341423 0.275841 
vt 0.311467 0.304911 
vt 0.311467 0.304911 
vt 0.342875 0.423599 
vt 0.397762 0.387532 
vt 0.852913 0.844512 
vt 0.835618 0.868721 
vt 0.881545 0.884804 
vt 0.881545 0.884804 
vt 0.899492 0.868305 
vt 0.852913 0.844512 
vt 0.790767 0.854454 
vt 0.835618 0.868721 
vt 0.852913 0.844512 
vt 0.852913 0.844512 
vt 0.801393 0.824955 
vt 0.790767 0.854454 
vt 0.746447 0.849695 
vt 0.790767 0.854454 
vt 0.801393 0.824955 
vt 0.801393 0.824955 
vt 0.74755 0.816258 
vt 0.746447 0.849695 
vt 0.697001 0.846886 
vt 0.746447 0.849695 
vt 0.74755 0.816258 
vt 0.74755 0.816258 
vt 0.695468 0.816564 
vt 0.697001 0.846886 
vt 0.638072 0.85634 
vt 0.697001 0.846886 
vt 0.695468 0.816564 
vt 0.695468 0.816564 
vt 0.63558 0.825187 
vt 0.638072 0.85634 
vt 0.611128 0.861359 
vt 0.638072 0.85634 
vt 0.63558 0.825187 
vt 0.63558 0.825187 
vt 0.611551 0.815264 
vt 0.611128 0.861359 
vt 0.513102 0.809053 
vt 0.501137 0.893857 
vt 0.576957 0.867724 
vt 0.576957 0.867724 
vt 0.581076 0.802679 
vt 0.513102 0.809053 
vt 0.431757 0.816813 
vt 0.418601 0.925616 
vt 0.501137 0.893857 
vt 0.501137 0.893857 
vt 0.513102 0.809053 
vt 0.431757 0.816813 
vt 0.345993 0.804389 
vt 0.328653 0.915161 
vt 0.418601 0.925616 
vt 0.418601 0.925616 
vt 0.431757 0.816813 
vt 0.345993 0.804389 
vt 0.258892 0.806296 
vt 0.27651 0.881165 
vt 0.328653 0.915161 
vt 0.328653 0.915161 
vt 0.345993 0.804389 
vt 0.258892 0.806296 
vt 0.501137 0.893857 
vt 0.501164 0.914569 
vt 0.57918 0.878526 
vt 0.57918 0.878526 
vt 0.576957 0.867724 
vt 0.501137 0.893857 
vt 0.611128 0.861359 
vt 0.612815 0.871036 
vt 0.639336 0.86513 
vt 0.639336 0.86513 
vt 0.638072 0.85634 
vt 0.611128 0.861359 
vt 0.638072 0.85634 
vt 0.639336 0.86513 
vt 0.699493 0.851734 
vt 0.699493 0.851734 
vt 0.697001 0.846886 
vt 0.638072 0.85634 
vt 0.697001 0.846886 
vt 0.699493 0.851734 
vt 0.746946 0.855858 
vt 0.746946 0.855858 
vt 0.746447 0.849695 
vt 0.697001 0.846886 
vt 0.746447 0.849695 
vt 0.746946 0.855858 
vt 0.788346 0.859456 
vt 0.788346 0.859456 
vt 0.790767 0.854454 
vt 0.746447 0.849695 
vt 0.790767 0.854454 
vt 0.788346 0.859456 
vt 0.832211 0.873841 
vt 0.832211 0.873841 
vt 0.835618 0.868721 
vt 0.790767 0.854454 
vt 0.835618 0.868721 
vt 0.832211 0.873841 
vt 0.880324 0.88962 
vt 0.880324 0.88962 
vt 0.881545 0.884804 
vt 0.835618 0.868721 
vt 0.881545 0.884804 
vt 0.880324 0.88962 
vt 0.897415 0.895225 
vt 0.897415 0.895225 
vt 0.909605 0.89604 
vt 0.881545 0.884804 
vt 0.909605 0.89604 
vt 0.897415 0.895225 
vt 0.962583 0.920786 
vt 0.962583 0.920786 
vt 0.953708 0.91386 
vt 0.909605 0.89604 
vt 0.953422 0.903774 
vt 0.953708 0.91386 
vt 0.962583 0.920786 
vt 0.962583 0.920786 
vt 0.960755 0.908383 
vt 0.953422 0.903774 
vt 0.939594 0.87684 
vt 0.95377 0.892782 
vt 0.958707 0.894496 
vt 0.958707 0.894496 
vt 0.945452 0.876375 
vt 0.939594 0.87684 
vt 0.868775 0.822337 
vt 0.917711 0.85398 
vt 0.927583 0.851947 
vt 0.927583 0.851947 
vt 0.875429 0.815502 
vt 0.868775 0.822337 
vt 0.811136 0.797305 
vt 0.868775 0.822337 
vt 0.875429 0.815502 
vt 0.875429 0.815502 
vt 0.814208 0.786967 
vt 0.811136 0.797305 
vt 0.748552 0.785303 
vt 0.811136 0.797305 
vt 0.814208 0.786967 
vt 0.814208 0.786967 
vt 0.747987 0.774099 
vt 0.748552 0.785303 
vt 0.694823 0.788573 
vt 0.748552 0.785303 
vt 0.747987 0.774099 
vt 0.747987 0.774099 
vt 0.695139 0.782531 
vt 0.694823 0.788573 
vt 0.633368 0.797391 
vt 0.694823 0.788573 
vt 0.695139 0.782531 
vt 0.695139 0.782531 
vt 0.63088 0.802804 
vt 0.633368 0.797391 
vt 0.606014 0.793536 
vt 0.633368 0.797391 
vt 0.63088 0.802804 
vt 0.63088 0.802804 
vt 0.604108 0.785039 
vt 0.606014 0.793536 
vt 0.591024 0.662621 
vt 0.586191 0.735535 
vt 0.589468 0.730139 
vt 0.589468 0.730139 
vt 0.600282 0.664658 
vt 0.591024 0.662621 
vt 0.600282 0.664658 
vt 0.630858 0.515054 
vt 0.616542 0.515555 
vt 0.616542 0.515555 
vt 0.591024 0.662621 
vt 0.600282 0.664658 
vt 0.630858 0.515054 
vt 0.60605 0.396348 
vt 0.595427 0.399519 
vt 0.595427 0.399519 
vt 0.616542 0.515555 
vt 0.630858 0.515054 
vt 0.60605 0.396348 
vt 0.548801 0.295585 
vt 0.541307 0.299576 
vt 0.541307 0.299576 
vt 0.595427 0.399519 
vt 0.60605 0.396348 
vt 0.541307 0.299576 
vt 0.548801 0.295585 
vt 0.439948 0.172025 
vt 0.439948 0.172025 
vt 0.435236 0.175541 
vt 0.541307 0.299576 
vt 0.435236 0.175541 
vt 0.439948 0.172025 
vt 0.259419 0.117598 
vt 0.259419 0.117598 
vt 0.255176 0.12388 
vt 0.435236 0.175541 
vt 0.17942 0.145858 
vt 0.255176 0.12388 
vt 0.259419 0.117598 
vt 0.259419 0.117598 
vt 0.173389 0.148859 
vt 0.17942 0.145858 
vt 0.17942 0.145858 
vt 0.173389 0.148859 
vt 0.124441 0.114328 
vt 0.124441 0.114328 
vt 0.124557 0.117119 
vt 0.17942 0.145858 
vt 0.124557 0.117119 
vt 0.124441 0.114328 
vt 0.078268 0.078785 
vt 0.078268 0.078785 
vt 0.083581 0.084769 
vt 0.124557 0.117119 
vt 0.051863 0.126631 
vt 0.059257 0.116745 
vt 0.053614 0.111927 
vt 0.053614 0.111927 
vt 0.045324 0.123071 
vt 0.051863 0.126631 
vt 0.045324 0.123071 
vt 0.083097 0.176034 
vt 0.086001 0.173196 
vt 0.086001 0.173196 
vt 0.051863 0.126631 
vt 0.045324 0.123071 
vt 0.125535 0.21709 
vt 0.086001 0.173196 
vt 0.083097 0.176034 
vt 0.083097 0.176034 
vt 0.117311 0.224634 
vt 0.125535 0.21709 
vt 0.125535 0.21709 
vt 0.117311 0.224634 
vt 0.152024 0.232024 
vt 0.152024 0.232024 
vt 0.161706 0.225442 
vt 0.125535 0.21709 
vt 0.311467 0.304911 
vt 0.161706 0.225442 
vt 0.152024 0.232024 
vt 0.152024 0.232024 
vt 0.306524 0.30822 
vt 0.311467 0.304911 
vt 0.306524 0.30822 
vt 0.33055 0.437343 
vt 0.342875 0.423599 
vt 0.342875 0.423599 
vt 0.311467 0.304911 
vt 0.306524 0.30822 
vt 0.33055 0.437343 
vt 0.324194 0.46751 
vt 0.342031 0.463126 
vt 0.342031 0.463126 
vt 0.342875 0.423599 
vt 0.33055 0.437343 
vt 0.324194 0.46751 
vt 0.321582 0.504398 
vt 0.339198 0.506503 
vt 0.339198 0.506503 
vt 0.342031 0.463126 
vt 0.324194 0.46751 
vt 0.321582 0.504398 
vt 0.30267 0.569679 
vt 0.317047 0.585811 
vt 0.317047 0.585811 
vt 0.339198 0.506503 
vt 0.321582 0.504398 
vt 0.30267 0.569679 
vt 0.233337 0.813384 
vt 0.258892 0.806296 
vt 0.258892 0.806296 
vt 0.317047 0.585811 
vt 0.30267 0.569679 
vt 0.27651 0.881165 
vt 0.258892 0.806296 
vt 0.233337 0.813384 
vt 0.233337 0.813384 
vt 0.260562 0.898898 
vt 0.27651 0.881165 
vt 0.27651 0.881165 
vt 0.260562 0.898898 
vt 0.318385 0.944055 
vt 0.318385 0.944055 
vt 0.328653 0.915161 
vt 0.27651 0.881165 
vt 0.328653 0.915161 
vt 0.318385 0.944055 
vt 0.415684 0.95948 
vt 0.415684 0.95948 
vt 0.418601 0.925616 
vt 0.328653 0.915161 
vt 0.418601 0.925616 
vt 0.415684 0.95948 
vt 0.501164 0.914569 
vt 0.501164 0.914569 
vt 0.501137 0.893857 
vt 0.418601 0.925616 
vt 0.917711 0.85398 
vt 0.939594 0.87684 
vt 0.945452 0.876375 
vt 0.945452 0.876375 
vt 0.927583 0.851947 
vt 0.917711 0.85398 
vt 0.95377 0.892782 
vt 0.953422 0.903774 
vt 0.960755 0.908383 
vt 0.960755 0.908383 
vt 0.958707 0.894496 
vt 0.95377 0.892782 
vt 0.917711 0.85398 
vt 0.899492 0.868305 
vt 0.92827 0.886571 
vt 0.92827 0.886571 
vt 0.939594 0.87684 
vt 0.917711 0.85398 
vt 0.92827 0.886571 
vt 0.953422 0.903774 
vt 0.95377 0.892782 
vt 0.95377 0.892782 
vt 0.939594 0.87684 
vt 0.92827 0.886571 
vt 0.953708 0.91386 
vt 0.953422 0.903774 
vt 0.92827 0.886571 
vt 0.92827 0.886571 
vt 0.909605 0.89604 
vt 0.953708 0.91386 
vt 0.059257 0.116745 
vt 0.068727 0.103866 
vt 0.063345 0.098846 
vt 0.063345 0.098846 
vt 0.053614 0.111927 
vt 0.059257 0.116745 
vt 0.059257 0.116745 
vt 0.095574 0.159709 
vt 0.107155 0.14305 
vt 0.107155 0.14305 
vt 0.068727 0.103866 
vt 0.059257 0.116745 
vt 0.14 0.19889 
vt 0.156527 0.177373 
vt 0.107155 0.14305 
vt 0.107155 0.14305 
vt 0.095574 0.159709 
vt 0.14 0.19889 
vt 0.185487 0.200614 
vt 0.212684 0.170916 
vt 0.156527 0.177373 
vt 0.156527 0.177373 
vt 0.14 0.19889 
vt 0.185487 0.200614 
vt 0.212684 0.170916 
vt 0.185487 0.200614 
vt 0.341423 0.275841 
vt 0.341423 0.275841 
vt 0.379274 0.238368 
vt 0.212684 0.170916 
vt 0.068727 0.103866 
vt 0.078458 0.091619 
vt 0.073033 0.085822 
vt 0.073033 0.085822 
vt 0.063345 0.098846 
vt 0.068727 0.103866 
vt 0.078458 0.091619 
vt 0.068727 0.103866 
vt 0.107155 0.14305 
vt 0.107155 0.14305 
vt 0.118409 0.126859 
vt 0.078458 0.091619 
vt 0.156527 0.177373 
vt 0.172174 0.156724 
vt 0.118409 0.126859 
vt 0.118409 0.126859 
vt 0.107155 0.14305 
vt 0.156527 0.177373 
vt 0.212684 0.170916 
vt 0.239186 0.141809 
vt 0.172174 0.156724 
vt 0.172174 0.156724 
vt 0.156527 0.177373 
vt 0.212684 0.170916 
vt 0.239186 0.141809 
vt 0.212684 0.170916 
vt 0.379274 0.238368 
vt 0.379274 0.238368 
vt 0.415088 0.201021 
vt 0.239186 0.141809 
vt 0.078458 0.091619 
vt 0.083581 0.084769 
vt 0.078268 0.078785 
vt 0.078268 0.078785 
vt 0.073033 0.085822 
vt 0.078458 0.091619 
vt 0.083581 0.084769 
vt 0.078458 0.091619 
vt 0.118409 0.126859 
vt 0.118409 0.126859 
vt 0.124557 0.117119 
vt 0.083581 0.084769 
vt 0.172174 0.156724 
vt 0.17942 0.145858 
vt 0.124557 0.117119 
vt 0.124557 0.117119 
vt 0.118409 0.126859 
vt 0.172174 0.156724 
vt 0.239186 0.141809 
vt 0.255176 0.12388 
vt 0.17942 0.145858 
vt 0.17942 0.145858 
vt 0.172174 0.156724 
vt 0.239186 0.141809 
vt 0.255176 0.12388 
vt 0.239186 0.141809 
vt 0.415088 0.201021 
vt 0.415088 0.201021 
vt 0.435236 0.175541 
vt 0.255176 0.12388 
vt 0.694823 0.788573 
vt 0.695468 0.816564 
vt 0.63558 0.825187 
vt 0.63558 0.825187 
vt 0.633368 0.797391 
vt 0.694823 0.788573 
vt 0.748552 0.785303 
vt 0.74755 0.816258 
vt 0.695468 0.816564 
vt 0.695468 0.816564 
vt 0.694823 0.788573 
vt 0.748552 0.785303 
vt 0.811136 0.797305 
vt 0.801393 0.824955 
vt 0.74755 0.816258 
vt 0.74755 0.816258 
vt 0.748552 0.785303 
vt 0.811136 0.797305 
vt 0.868775 0.822337 
vt 0.852913 0.844512 
vt 0.801393 0.824955 
vt 0.801393 0.824955 
vt 0.811136 0.797305 
vt 0.868775 0.822337 
vt 0.868775 0.822337 
vt 0.917711 0.85398 
vt 0.899492 0.868305 
vt 0.899492 0.868305 
vt 0.852913 0.844512 
vt 0.868775 0.822337 
vt 0.899492 0.868305 
vt 0.92827 0.886571 
vt 0.909605 0.89604 
vt 0.909605 0.89604 
vt 0.881545 0.884804 
vt 0.899492 0.868305 
vt 0.633368 0.797391 
vt 0.63558 0.825187 
vt 0.611551 0.815264 
vt 0.611551 0.815264 
vt 0.606014 0.793536 
vt 0.633368 0.797391 
vt 0.540731 0.648266 
vt 0.566583 0.514083 
vt 0.616542 0.515555 
vt 0.616542 0.515555 
vt 0.591024 0.662621 
vt 0.540731 0.648266 
vt 0.095574 0.159709 
vt 0.086001 0.173196 
vt 0.051863 0.126631 
vt 0.051863 0.126631 
vt 0.059257 0.116745 
vt 0.095574 0.159709 
vt 0.397762 0.387532 
vt 0.342875 0.423599 
vt 0.311467 0.304911 
vt 0.311467 0.304911 
vt 0.341423 0.275841 
vt 0.397762 0.387532 
vt 0.311467 0.304911 
vt 0.161706 0.225442 
vt 0.185487 0.200614 
vt 0.185487 0.200614 
vt 0.341423 0.275841 
vt 0.311467 0.304911 
vt 0.550471 0.410868 
vt 0.504975 0.320308 
vt 0.541307 0.299576 
vt 0.541307 0.299576 
vt 0.595427 0.399519 
vt 0.550471 0.410868 
vt 0.595427 0.399519 
vt 0.616542 0.515555 
vt 0.566583 0.514083 
vt 0.566583 0.514083 
vt 0.550471 0.410868 
vt 0.595427 0.399519 
vt 0.161706 0.225442 
vt 0.125535 0.21709 
vt 0.14 0.19889 
vt 0.14 0.19889 
vt 0.185487 0.200614 
vt 0.161706 0.225442 
vt 0.125535 0.21709 
vt 0.086001 0.173196 
vt 0.095574 0.159709 
vt 0.095574 0.159709 
vt 0.14 0.19889 
vt 0.125535 0.21709 
vt 0.470255 0.630471 
vt 0.540731 0.648266 
vt 0.513102 0.809054 
vt 0.513102 0.809054 
vt 0.431757 0.816813 
vt 0.470255 0.630471 
vt 0.470255 0.630471 
vt 0.495613 0.511969 
vt 0.566583 0.514083 
vt 0.566583 0.514083 
vt 0.540731 0.648266 
vt 0.470255 0.630471 
vt 0.495613 0.511969 
vt 0.485537 0.427142 
vt 0.550471 0.410868 
vt 0.550471 0.410868 
vt 0.566583 0.514083 
vt 0.495613 0.511969 
vt 0.485537 0.427142 
vt 0.454042 0.352002 
vt 0.504975 0.320308 
vt 0.504975 0.320308 
vt 0.550471 0.410868 
vt 0.485537 0.427142 
vt 0.416793 0.509442 
vt 0.495613 0.511969 
vt 0.470255 0.630471 
vt 0.470255 0.630471 
vt 0.392323 0.609746 
vt 0.416793 0.509442 
vt 0.416793 0.509442 
vt 0.413308 0.445205 
vt 0.485537 0.427142 
vt 0.485537 0.427142 
vt 0.495613 0.511969 
vt 0.416793 0.509442 
vt 0.413308 0.445205 
vt 0.397762 0.387532 
vt 0.454042 0.352002 
vt 0.454042 0.352002 
vt 0.485537 0.427142 
vt 0.413308 0.445205 
vt 0.339198 0.506503 
vt 0.416793 0.509442 
vt 0.392323 0.609746 
vt 0.392323 0.609746 
vt 0.317047 0.585811 
vt 0.339198 0.506503 
vt 0.416793 0.509442 
vt 0.339198 0.506503 
vt 0.342031 0.463126 
vt 0.342031 0.463126 
vt 0.413308 0.445205 
vt 0.416793 0.509442 
vt 0.342875 0.423599 
vt 0.397762 0.387532 
vt 0.413308 0.445205 
vt 0.413308 0.445205 
vt 0.342031 0.463126 
vt 0.342875 0.423599 
vt 0.540731 0.648266 
vt 0.591024 0.662621 
vt 0.586191 0.735535 
vt 0.540731 0.648266 
vt 0.586191 0.735535 
vt 0.581076 0.802679 
vt 0.513102 0.809054 
vt 0.540731 0.648266 
vt 0.581076 0.802679 
vt 0.392323 0.609746 
vt 0.470255 0.630471 
vt 0.431757 0.816813 
vt 0.431757 0.816813 
vt 0.345993 0.804389 
vt 0.392323 0.609746 
vt 0.317047 0.585811 
vt 0.392323 0.609746 
vt 0.345993 0.804389 
vt 0.345993 0.804389 
vt 0.258892 0.806296 
vt 0.317047 0.585811 
vt 0.899492 0.868305 
vt 0.881545 0.884804 
vt 0.835618 0.868721 
vt 0.835618 0.868721 
vt 0.852913 0.844512 
vt 0.899492 0.868305 
vt 0.852913 0.844512 
vt 0.835618 0.868721 
vt 0.790767 0.854455 
vt 0.790767 0.854455 
vt 0.801393 0.824955 
vt 0.852913 0.844512 
vt 0.801393 0.824955 
vt 0.790767 0.854455 
vt 0.746447 0.849695 
vt 0.746447 0.849695 
vt 0.74755 0.816258 
vt 0.801393 0.824955 
vt 0.74755 0.816258 
vt 0.746447 0.849695 
vt 0.697001 0.846886 
vt 0.697001 0.846886 
vt 0.695468 0.816564 
vt 0.74755 0.816258 
vt 0.695468 0.816564 
vt 0.697001 0.846886 
vt 0.638072 0.85634 
vt 0.638072 0.85634 
vt 0.63558 0.825187 
vt 0.695468 0.816564 
vt 0.63558 0.825187 
vt 0.638072 0.85634 
vt 0.611128 0.861359 
vt 0.611128 0.861359 
vt 0.611551 0.815264 
vt 0.63558 0.825187 
vt 0.513102 0.809054 
vt 0.581076 0.802679 
vt 0.576957 0.867724 
vt 0.576957 0.867724 
vt 0.501137 0.893857 
vt 0.513102 0.809054 
vt 0.431757 0.816813 
vt 0.513102 0.809054 
vt 0.501137 0.893857 
vt 0.501137 0.893857 
vt 0.418601 0.925616 
vt 0.431757 0.816813 
vt 0.345993 0.804389 
vt 0.431757 0.816813 
vt 0.418601 0.925616 
vt 0.418601 0.925616 
vt 0.328653 0.915161 
vt 0.345993 0.804389 
vt 0.258892 0.806296 
vt 0.345993 0.804389 
vt 0.328653 0.915161 
vt 0.328653 0.915161 
vt 0.27651 0.881165 
vt 0.258892 0.806296 
vt 0.576957 0.867724 
vt 0.57918 0.878526 
vt 0.501164 0.914569 
vt 0.501164 0.914569 
vt 0.501137 0.893857 
vt 0.576957 0.867724 
vt 0.638072 0.85634 
vt 0.639336 0.86513 
vt 0.612815 0.871036 
vt 0.612815 0.871036 
vt 0.611128 0.861359 
vt 0.638072 0.85634 
vt 0.697001 0.846886 
vt 0.699493 0.851734 
vt 0.639336 0.86513 
vt 0.639336 0.86513 
vt 0.638072 0.85634 
vt 0.697001 0.846886 
vt 0.746447 0.849695 
vt 0.746946 0.855858 
vt 0.699493 0.851734 
vt 0.699493 0.851734 
vt 0.697001 0.846886 
vt 0.746447 0.849695 
vt 0.790767 0.854455 
vt 0.788346 0.859456 
vt 0.746946 0.855858 
vt 0.746946 0.855858 
vt 0.746447 0.849695 
vt 0.790767 0.854455 
vt 0.835618 0.868721 
vt 0.832211 0.873841 
vt 0.788346 0.859456 
vt 0.788346 0.859456 
vt 0.790767 0.854455 
vt 0.835618 0.868721 
vt 0.881545 0.884804 
vt 0.880324 0.88962 
vt 0.832211 0.873841 
vt 0.832211 0.873841 
vt 0.835618 0.868721 
vt 0.881545 0.884804 
vt 0.909605 0.89604 
vt 0.897415 0.895225 
vt 0.880324 0.88962 
vt 0.880324 0.88962 
vt 0.881545 0.884804 
vt 0.909605 0.89604 
vt 0.953708 0.91386 
vt 0.962583 0.920786 
vt 0.897415 0.895225 
vt 0.897415 0.895225 
vt 0.909605 0.89604 
vt 0.953708 0.91386 
vt 0.960755 0.908383 
vt 0.962583 0.920786 
vt 0.953708 0.91386 
vt 0.953708 0.91386 
vt 0.953422 0.903774 
vt 0.960755 0.908383 
vt 0.945452 0.876375 
vt 0.958707 0.894496 
vt 0.95377 0.892782 
vt 0.95377 0.892782 
vt 0.939594 0.87684 
vt 0.945452 0.876375 
vt 0.875429 0.815502 
vt 0.927583 0.851947 
vt 0.917711 0.85398 
vt 0.917711 0.85398 
vt 0.868775 0.822337 
vt 0.875429 0.815502 
vt 0.814208 0.786967 
vt 0.875429 0.815502 
vt 0.868775 0.822337 
vt 0.868775 0.822337 
vt 0.811136 0.797305 
vt 0.814208 0.786967 
vt 0.747987 0.774099 
vt 0.814208 0.786967 
vt 0.811136 0.797305 
vt 0.811136 0.797305 
vt 0.748552 0.785303 
vt 0.747987 0.774099 
vt 0.695139 0.782531 
vt 0.747987 0.774099 
vt 0.748552 0.785303 
vt 0.748552 0.785303 
vt 0.694823 0.788573 
vt 0.695139 0.782531 
vt 0.63088 0.802804 
vt 0.695139 0.782531 
vt 0.694823 0.788573 
vt 0.694823 0.788573 
vt 0.633368 0.797391 
vt 0.63088 0.802804 
vt 0.604108 0.785039 
vt 0.63088 0.802804 
vt 0.633368 0.797391 
vt 0.633368 0.797391 
vt 0.606014 0.793536 
vt 0.604108 0.785039 
vt 0.600282 0.664658 
vt 0.589468 0.730139 
vt 0.586191 0.735535 
vt 0.586191 0.735535 
vt 0.591024 0.662621 
vt 0.600282 0.664658 
vt 0.630858 0.515054 
vt 0.600282 0.664658 
vt 0.591024 0.662621 
vt 0.591024 0.662621 
vt 0.616542 0.515555 
vt 0.630858 0.515054 
vt 0.60605 0.396348 
vt 0.630858 0.515054 
vt 0.616542 0.515555 
vt 0.616542 0.515555 
vt 0.595427 0.399519 
vt 0.60605 0.396348 
vt 0.548801 0.295585 
vt 0.60605 0.396348 
vt 0.595427 0.399519 
vt 0.595427 0.399519 
vt 0.541307 0.299576 
vt 0.548801 0.295585 
vt 0.435236 0.175541 
vt 0.439948 0.172025 
vt 0.548801 0.295585 
vt 0.548801 0.295585 
vt 0.541307 0.299576 
vt 0.435236 0.175541 
vt 0.259419 0.117598 
vt 0.439948 0.172025 
vt 0.435236 0.175541 
vt 0.435236 0.175541 
vt 0.255176 0.12388 
vt 0.259419 0.117598 
vt 0.173389 0.148859 
vt 0.259419 0.117598 
vt 0.255176 0.12388 
vt 0.255176 0.12388 
vt 0.17942 0.145858 
vt 0.173389 0.148859 
vt 0.124557 0.117119 
vt 0.124441 0.114328 
vt 0.173389 0.148859 
vt 0.173389 0.148859 
vt 0.17942 0.145858 
vt 0.124557 0.117119 
vt 0.083581 0.084769 
vt 0.078268 0.078785 
vt 0.124441 0.114328 
vt 0.124441 0.114328 
vt 0.124557 0.117119 
vt 0.083581 0.084769 
vt 0.045324 0.123071 
vt 0.053614 0.111927 
vt 0.059257 0.116745 
vt 0.059257 0.116745 
vt 0.051863 0.126631 
vt 0.045324 0.123071 
vt 0.083097 0.176034 
vt 0.045324 0.123071 
vt 0.051863 0.126631 
vt 0.051863 0.126631 
vt 0.086001 0.173196 
vt 0.083097 0.176034 
vt 0.117311 0.224634 
vt 0.083097 0.176034 
vt 0.086001 0.173196 
vt 0.086001 0.173196 
vt 0.125535 0.21709 
vt 0.117311 0.224634 
vt 0.152024 0.232024 
vt 0.117311 0.224634 
vt 0.125535 0.21709 
vt 0.125535 0.21709 
vt 0.161706 0.225442 
vt 0.152024 0.232024 
vt 0.161706 0.225442 
vt 0.311467 0.304911 
vt 0.306524 0.30822 
vt 0.306524 0.30822 
vt 0.152024 0.232024 
vt 0.161706 0.225442 
vt 0.33055 0.437343 
vt 0.306524 0.30822 
vt 0.311467 0.304911 
vt 0.311467 0.304911 
vt 0.342875 0.423599 
vt 0.33055 0.437343 
vt 0.342031 0.463126 
vt 0.324194 0.46751 
vt 0.33055 0.437343 
vt 0.33055 0.437343 
vt 0.342875 0.423599 
vt 0.342031 0.463126 
vt 0.321582 0.504398 
vt 0.324194 0.46751 
vt 0.342031 0.463126 
vt 0.342031 0.463126 
vt 0.339198 0.506503 
vt 0.321582 0.504398 
vt 0.30267 0.569679 
vt 0.321582 0.504398 
vt 0.339198 0.506503 
vt 0.339198 0.506503 
vt 0.317047 0.585811 
vt 0.30267 0.569679 
vt 0.258892 0.806296 
vt 0.233337 0.813384 
vt 0.30267 0.569679 
vt 0.30267 0.569679 
vt 0.317047 0.585811 
vt 0.258892 0.806296 
vt 0.260562 0.898898 
vt 0.233337 0.813384 
vt 0.258892 0.806296 
vt 0.258892 0.806296 
vt 0.27651 0.881165 
vt 0.260562 0.898898 
vt 0.318385 0.944055 
vt 0.260562 0.898898 
vt 0.27651 0.881165 
vt 0.27651 0.881165 
vt 0.328653 0.915161 
vt 0.318385 0.944055 
vt 0.415684 0.95948 
vt 0.318385 0.944055 
vt 0.328653 0.915161 
vt 0.328653 0.915161 
vt 0.418601 0.925616 
vt 0.415684 0.95948 
vt 0.501164 0.914569 
vt 0.415684 0.95948 
vt 0.418601 0.925616 
vt 0.418601 0.925616 
vt 0.501137 0.893857 
vt 0.501164 0.914569 
vt 0.927583 0.851947 
vt 0.945452 0.876375 
vt 0.939594 0.87684 
vt 0.939594 0.87684 
vt 0.917711 0.85398 
vt 0.927583 0.851947 
vt 0.958707 0.894496 
vt 0.960755 0.908383 
vt 0.953422 0.903774 
vt 0.953422 0.903774 
vt 0.95377 0.892782 
vt 0.958707 0.894496 
vt 0.917711 0.85398 
vt 0.939594 0.87684 
vt 0.92827 0.886571 
vt 0.92827 0.886571 
vt 0.899492 0.868305 
vt 0.917711 0.85398 
vt 0.92827 0.886571 
vt 0.939594 0.87684 
vt 0.95377 0.892782 
vt 0.95377 0.892782 
vt 0.953422 0.903774 
vt 0.92827 0.886571 
vt 0.909605 0.89604 
vt 0.92827 0.886571 
vt 0.953422 0.903774 
vt 0.953422 0.903774 
vt 0.953708 0.91386 
vt 0.909605 0.89604 
vt 0.053614 0.111927 
vt 0.063345 0.098846 
vt 0.068727 0.103866 
vt 0.068727 0.103866 
vt 0.059257 0.116745 
vt 0.053614 0.111927 
vt 0.107155 0.14305 
vt 0.095574 0.159709 
vt 0.059257 0.116745 
vt 0.059257 0.116745 
vt 0.068727 0.103866 
vt 0.107155 0.14305 
vt 0.107155 0.14305 
vt 0.156527 0.177373 
vt 0.14 0.19889 
vt 0.14 0.19889 
vt 0.095574 0.159709 
vt 0.107155 0.14305 
vt 0.185487 0.200614 
vt 0.14 0.19889 
vt 0.156527 0.177373 
vt 0.156527 0.177373 
vt 0.212684 0.170916 
vt 0.185487 0.200614 
vt 0.341423 0.275841 
vt 0.185487 0.200614 
vt 0.212684 0.170916 
vt 0.212684 0.170916 
vt 0.379274 0.238368 
vt 0.341423 0.275841 
vt 0.063345 0.098846 
vt 0.073033 0.085822 
vt 0.078458 0.091619 
vt 0.078458 0.091619 
vt 0.068727 0.103866 
vt 0.063345 0.098846 
vt 0.118409 0.126859 
vt 0.107155 0.14305 
vt 0.068727 0.103866 
vt 0.068727 0.103866 
vt 0.078458 0.091619 
vt 0.118409 0.126859 
vt 0.118409 0.126859 
vt 0.172174 0.156724 
vt 0.156527 0.177373 
vt 0.156527 0.177373 
vt 0.107155 0.14305 
vt 0.118409 0.126859 
vt 0.212684 0.170916 
vt 0.156527 0.177373 
vt 0.172174 0.156724 
vt 0.172174 0.156724 
vt 0.239186 0.141809 
vt 0.212684 0.170916 
vt 0.379274 0.238368 
vt 0.212684 0.170916 
vt 0.239186 0.141809 
vt 0.239186 0.141809 
vt 0.415088 0.201021 
vt 0.379274 0.238368 
vt 0.073033 0.085822 
vt 0.078268 0.078785 
vt 0.083581 0.084769 
vt 0.083581 0.084769 
vt 0.078458 0.091619 
vt 0.073033 0.085822 
vt 0.124557 0.117119 
vt 0.118409 0.126859 
vt 0.078458 0.091619 
vt 0.078458 0.091619 
vt 0.083581 0.084769 
vt 0.124557 0.117119 
vt 0.124557 0.117119 
vt 0.17942 0.145858 
vt 0.172174 0.156724 
vt 0.172174 0.156724 
vt 0.118409 0.126859 
vt 0.124557 0.117119 
vt 0.239186 0.141809 
vt 0.172174 0.156724 
vt 0.17942 0.145858 
vt 0.17942 0.145858 
vt 0.255176 0.12388 
vt 0.239186 0.141809 
vt 0.255176 0.12388 
vt 0.435236 0.175541 
vt 0.415088 0.201021 
vt 0.415088 0.201021 
vt 0.239186 0.141809 
vt 0.255176 0.12388 
vt 0.454042 0.352002 
vt 0.379274 0.238368 
vt 0.415088 0.201021 
vt 0.415088 0.201021 
vt 0.504975 0.320308 
vt 0.454042 0.352002 
vt 0.397762 0.387532 
vt 0.341423 0.275841 
vt 0.379274 0.238368 
vt 0.379274 0.238368 
vt 0.454042 0.352002 
vt 0.397762 0.387532 
vt 0.504975 0.320308 
vt 0.415088 0.201021 
vt 0.435236 0.175541 
vt 0.435236 0.175541 
vt 0.541307 0.299576 
vt 0.504975 0.320308 
vt 0.581076 0.802679 
vt 0.611551 0.815264 
vt 0.606014 0.793536 
vt 0.606014 0.793536 
vt 0.586191 0.735535 
vt 0.581076 0.802679 
vt 0.586191 0.735535 
vt 0.606014 0.793536 
vt 0.604108 0.785039 
vt 0.604108 0.785039 
vt 0.589468 0.730139 
vt 0.586191 0.735535 
vt 0.589468 0.730139 
vt 0.604108 0.785039 
vt 0.606014 0.793536 
vt 0.606014 0.793536 
vt 0.586191 0.735535 
vt 0.589468 0.730139 
vt 0.606014 0.793536 
vt 0.611551 0.815264 
vt 0.581076 0.802679 
vt 0.581076 0.802679 
vt 0.586191 0.735535 
vt 0.606014 0.793536 
vt 0.611551 0.815264 
vt 0.611128 0.861359 
vt 0.576957 0.867724 
vt 0.576957 0.867724 
vt 0.581076 0.802679 
vt 0.611551 0.815264 
vt 0.57918 0.878526 
vt 0.576957 0.867724 
vt 0.611128 0.861359 
vt 0.611128 0.861359 
vt 0.612815 0.871036 
vt 0.57918 0.878526 
vt 0.576957 0.867724 
vt 0.57918 0.878526 
vt 0.612815 0.871036 
vt 0.612815 0.871036 
vt 0.611128 0.861359 
vt 0.576957 0.867724 
vt 0.576957 0.867724 
vt 0.611128 0.861359 
vt 0.611551 0.815264 
vt 0.611551 0.815264 
vt 0.581076 0.802679 
vt 0.576957 0.867724 
vt 0.134942 0.951867 
vt 0.110224 0.883972 
vt 0.051858 0.871686 
vt 0.051858 0.871686 
vt 0.076855 0.961975 
vt 0.134942 0.951867 
vt 0.110224 0.883972 
vt 0.101728 0.815253 
vt 0.036243 0.79535 
vt 0.036243 0.79535 
vt 0.051858 0.871686 
vt 0.110224 0.883972 
vt 0.101728 0.815253 
vt 0.096374 0.754247 
vt 0.034015 0.710594 
vt 0.034015 0.710594 
vt 0.036243 0.79535 
vt 0.101728 0.815253 
vt 0.096374 0.754247 
vt 0.100497 0.694997 
vt 0.046074 0.636214 
vt 0.046074 0.636214 
vt 0.034015 0.710594 
vt 0.096374 0.754247 
vt 0.046074 0.636214 
vt 0.100497 0.694997 
vt 0.106206 0.634714 
vt 0.106206 0.634714 
vt 0.066802 0.575799 
vt 0.046074 0.636214 
vt 0.111118 0.598254 
vt 0.084862 0.551075 
vt 0.066802 0.575799 
vt 0.066802 0.575799 
vt 0.106206 0.634714 
vt 0.111118 0.598254 
vt 0.110224 0.883972 
vt 0.134942 0.951867 
vt 0.114547 0.881747 
vt 0.110224 0.883972 
vt 0.114547 0.881747 
vt 0.107834 0.816173 
vt 0.107834 0.816173 
vt 0.101728 0.815253 
vt 0.110224 0.883972 
vt 0.101728 0.815253 
vt 0.107834 0.816173 
vt 0.101978 0.758964 
vt 0.101978 0.758964 
vt 0.096374 0.754247 
vt 0.101728 0.815253 
vt 0.096374 0.754247 
vt 0.101978 0.758964 
vt 0.106446 0.701131 
vt 0.106446 0.701131 
vt 0.100497 0.694997 
vt 0.096374 0.754247 
vt 0.100497 0.694997 
vt 0.106446 0.701131 
vt 0.111347 0.637697 
vt 0.111347 0.637697 
vt 0.106206 0.634714 
vt 0.100497 0.694997 
vt 0.106206 0.634714 
vt 0.111347 0.637697 
vt 0.113089 0.615164 
vt 0.113089 0.615164 
vt 0.111118 0.598254 
vt 0.106206 0.634714 
vt 0.111118 0.598254 
vt 0.113089 0.615164 
vt 0.123956 0.530346 
vt 0.123956 0.530346 
vt 0.118998 0.540991 
vt 0.111118 0.598254 
vt 0.123956 0.530346 
vt 0.098305 0.528872 
vt 0.097707 0.535357 
vt 0.097707 0.535357 
vt 0.118998 0.540991 
vt 0.123956 0.530346 
vt 0.084862 0.551075 
vt 0.097707 0.535357 
vt 0.098305 0.528872 
vt 0.098305 0.528872 
vt 0.083051 0.542723 
vt 0.084862 0.551075 
vt 0.046074 0.636214 
vt 0.066802 0.575799 
vt 0.062487 0.561397 
vt 0.062487 0.561397 
vt 0.037649 0.625068 
vt 0.046074 0.636214 
vt 0.034015 0.710594 
vt 0.046074 0.636214 
vt 0.037649 0.625068 
vt 0.037649 0.625068 
vt 0.022875 0.703558 
vt 0.034015 0.710594 
vt 0.036243 0.79535 
vt 0.034015 0.710594 
vt 0.022875 0.703558 
vt 0.022875 0.703558 
vt 0.025062 0.793195 
vt 0.036243 0.79535 
vt 0.051858 0.871686 
vt 0.036243 0.79535 
vt 0.025062 0.793195 
vt 0.025062 0.793195 
vt 0.045686 0.869651 
vt 0.051858 0.871686 
vt 0.076855 0.961975 
vt 0.051858 0.871686 
vt 0.045686 0.869651 
vt 0.066802 0.575799 
vt 0.084862 0.551075 
vt 0.083051 0.542723 
vt 0.083051 0.542723 
vt 0.062487 0.561397 
vt 0.066802 0.575799 
vt 0.097707 0.535357 
vt 0.084862 0.551075 
vt 0.111118 0.598254 
vt 0.111118 0.598254 
vt 0.118998 0.540991 
vt 0.097707 0.535357 
vt 0.066802 0.575799 
vt 0.106206 0.634714 
vt 0.100497 0.694997 
vt 0.100497 0.694997 
vt 0.046074 0.636214 
vt 0.066802 0.575799 
vt 0.046074 0.636214 
vt 0.100497 0.694997 
vt 0.096374 0.754247 
vt 0.096374 0.754247 
vt 0.034015 0.710594 
vt 0.046074 0.636214 
vt 0.034015 0.710594 
vt 0.096374 0.754247 
vt 0.101728 0.815253 
vt 0.101728 0.815253 
vt 0.036243 0.79535 
vt 0.034015 0.710594 
vt 0.036243 0.79535 
vt 0.101728 0.815253 
vt 0.110224 0.883972 
vt 0.110224 0.883972 
vt 0.051858 0.871686 
vt 0.036243 0.79535 
vt 0.076855 0.961975 
vt 0.051858 0.871686 
vt 0.110224 0.883972 
vt 0.110224 0.883972 
vt 0.134942 0.951867 
vt 0.076855 0.961975 
vt 0.110224 0.883972 
vt 0.114547 0.881747 
vt 0.134942 0.951867 
vt 0.101728 0.815253 
vt 0.107834 0.816173 
vt 0.114547 0.881747 
vt 0.114547 0.881747 
vt 0.110224 0.883972 
vt 0.101728 0.815253 
vt 0.096374 0.754247 
vt 0.101978 0.758964 
vt 0.107834 0.816173 
vt 0.107834 0.816173 
vt 0.101728 0.815253 
vt 0.096374 0.754247 
vt 0.100497 0.694997 
vt 0.106446 0.701131 
vt 0.101978 0.758964 
vt 0.101978 0.758964 
vt 0.096374 0.754247 
vt 0.100497 0.694997 
vt 0.106206 0.634714 
vt 0.111347 0.637697 
vt 0.106446 0.701131 
vt 0.106446 0.701131 
vt 0.100497 0.694997 
vt 0.106206 0.634714 
vt 0.111118 0.598254 
vt 0.113089 0.615164 
vt 0.111347 0.637697 
vt 0.111347 0.637697 
vt 0.106206 0.634714 
vt 0.111118 0.598254 
vt 0.118998 0.540991 
vt 0.123956 0.530346 
vt 0.113089 0.615164 
vt 0.113089 0.615164 
vt 0.111118 0.598254 
vt 0.118998 0.540991 
vt 0.083051 0.542723 
vt 0.098305 0.528872 
vt 0.097707 0.535357 
vt 0.097707 0.535357 
vt 0.084862 0.551075 
vt 0.083051 0.542723 
vt 0.037649 0.625068 
vt 0.062487 0.561397 
vt 0.066802 0.575799 
vt 0.066802 0.575799 
vt 0.046074 0.636214 
vt 0.037649 0.625068 
vt 0.022875 0.703558 
vt 0.037649 0.625068 
vt 0.046074 0.636214 
vt 0.046074 0.636214 
vt 0.034015 0.710594 
vt 0.022875 0.703558 
vt 0.025062 0.793195 
vt 0.022875 0.703558 
vt 0.034015 0.710594 
vt 0.034015 0.710594 
vt 0.036243 0.79535 
vt 0.025062 0.793195 
vt 0.045686 0.869651 
vt 0.025062 0.793195 
vt 0.036243 0.79535 
vt 0.036243 0.79535 
vt 0.051858 0.871686 
vt 0.045686 0.869651 
vt 0.076855 0.961975 
vt 0.045686 0.869651 
vt 0.051858 0.871686 
vt 0.062487 0.561397 
vt 0.083051 0.542723 
vt 0.084862 0.551075 
vt 0.084862 0.551075 
vt 0.066802 0.575799 
vt 0.062487 0.561397 
vt 0.118998 0.540991 
vt 0.097707 0.535357 
vt 0.098305 0.528872 
vt 0.098305 0.528872 
vt 0.123956 0.530346 
vt 0.118998 0.540991 
vt 0.111118 0.598254 
vt 0.106206 0.634714 
vt 0.066802 0.575799 
vt 0.066802 0.575799 
vt 0.084862 0.551075 
vt 0.111118 0.598254 
vt 0.111118 0.598254 
vt 0.084862 0.551075 
vt 0.097707 0.535357 
vt 0.097707 0.535357 
vt 0.118998 0.540991 
vt 0.111118 0.598254 
vt 0.208709 0.974732 
vt 0.195254 0.881678 
vt 0.122667 0.847798 
vt 0.122667 0.847798 
vt 0.134942 0.951867 
vt 0.208709 0.974732 
vt 0.195254 0.881678 
vt 0.200391 0.811473 
vt 0.120386 0.767493 
vt 0.120386 0.767493 
vt 0.122667 0.847798 
vt 0.195254 0.881678 
vt 0.200391 0.811473 
vt 0.207783 0.749968 
vt 0.137392 0.683999 
vt 0.137392 0.683999 
vt 0.120386 0.767493 
vt 0.200391 0.811473 
vt 0.207783 0.749968 
vt 0.227015 0.69373 
vt 0.170436 0.615984 
vt 0.170436 0.615984 
vt 0.137392 0.683999 
vt 0.207783 0.749968 
vt 0.227015 0.69373 
vt 0.248541 0.637081 
vt 0.211412 0.564841 
vt 0.211412 0.564841 
vt 0.170436 0.615984 
vt 0.227015 0.69373 
vt 0.263446 0.603366 
vt 0.240567 0.547504 
vt 0.211412 0.564841 
vt 0.211412 0.564841 
vt 0.248541 0.637081 
vt 0.263446 0.603366 
vt 0.195254 0.881678 
vt 0.208709 0.974732 
vt 0.201365 0.88113 
vt 0.195254 0.881678 
vt 0.201365 0.88113 
vt 0.208071 0.814661 
vt 0.208071 0.814661 
vt 0.200391 0.811473 
vt 0.195254 0.881678 
vt 0.200391 0.811473 
vt 0.208071 0.814661 
vt 0.213921 0.75667 
vt 0.213921 0.75667 
vt 0.207783 0.749968 
vt 0.200391 0.811473 
vt 0.207783 0.749968 
vt 0.213921 0.75667 
vt 0.233269 0.701945 
vt 0.233269 0.701945 
vt 0.227015 0.69373 
vt 0.207783 0.749968 
vt 0.227015 0.69373 
vt 0.233269 0.701945 
vt 0.254489 0.64192 
vt 0.254489 0.64192 
vt 0.248541 0.637081 
vt 0.227015 0.69373 
vt 0.248541 0.637081 
vt 0.254489 0.64192 
vt 0.262027 0.620597 
vt 0.262027 0.620597 
vt 0.263446 0.603366 
vt 0.248541 0.637081 
vt 0.263446 0.603366 
vt 0.262027 0.620597 
vt 0.29598 0.541955 
vt 0.29598 0.541955 
vt 0.287072 0.550477 
vt 0.263446 0.603366 
vt 0.29598 0.541955 
vt 0.263158 0.530894 
vt 0.260863 0.536994 
vt 0.260863 0.536994 
vt 0.287072 0.550477 
vt 0.29598 0.541955 
vt 0.240567 0.547504 
vt 0.260863 0.536994 
vt 0.263158 0.530894 
vt 0.263158 0.530894 
vt 0.240184 0.53868 
vt 0.240567 0.547504 
vt 0.170436 0.615984 
vt 0.211412 0.564841 
vt 0.209213 0.549176 
vt 0.209213 0.549176 
vt 0.162157 0.601952 
vt 0.170436 0.615984 
vt 0.137392 0.683999 
vt 0.170436 0.615984 
vt 0.162157 0.601952 
vt 0.162157 0.601952 
vt 0.124638 0.672958 
vt 0.137392 0.683999 
vt 0.120386 0.767493 
vt 0.137392 0.683999 
vt 0.124638 0.672958 
vt 0.124638 0.672958 
vt 0.106435 0.761197 
vt 0.120386 0.767493 
vt 0.122667 0.847798 
vt 0.120386 0.767493 
vt 0.106435 0.761197 
vt 0.106435 0.761197 
vt 0.115164 0.843499 
vt 0.122667 0.847798 
vt 0.134942 0.951867 
vt 0.122667 0.847798 
vt 0.115164 0.843499 
vt 0.211412 0.564841 
vt 0.240567 0.547504 
vt 0.240184 0.53868 
vt 0.240184 0.53868 
vt 0.209213 0.549176 
vt 0.211412 0.564841 
vt 0.260863 0.536994 
vt 0.240567 0.547504 
vt 0.263446 0.603366 
vt 0.263446 0.603366 
vt 0.287072 0.550477 
vt 0.260863 0.536994 
vt 0.211412 0.564841 
vt 0.248541 0.637081 
vt 0.227015 0.69373 
vt 0.227015 0.69373 
vt 0.170436 0.615984 
vt 0.211412 0.564841 
vt 0.170436 0.615984 
vt 0.227015 0.69373 
vt 0.207783 0.749968 
vt 0.207783 0.749968 
vt 0.137392 0.683999 
vt 0.170436 0.615984 
vt 0.137392 0.683999 
vt 0.207783 0.749968 
vt 0.200391 0.811473 
vt 0.200391 0.811473 
vt 0.120386 0.767493 
vt 0.137392 0.683999 
vt 0.120386 0.767493 
vt 0.200391 0.811473 
vt 0.195254 0.881678 
vt 0.195254 0.881678 
vt 0.122667 0.847798 
vt 0.120386 0.767493 
vt 0.134942 0.951867 
vt 0.122667 0.847798 
vt 0.195254 0.881678 
vt 0.195254 0.881678 
vt 0.208709 0.974732 
vt 0.134942 0.951867 
vt 0.195254 0.881678 
vt 0.201365 0.88113 
vt 0.208709 0.974732 
vt 0.200391 0.811473 
vt 0.208071 0.814661 
vt 0.201365 0.88113 
vt 0.201365 0.88113 
vt 0.195254 0.881678 
vt 0.200391 0.811473 
vt 0.207783 0.749968 
vt 0.213921 0.75667 
vt 0.208071 0.814661 
vt 0.208071 0.814661 
vt 0.200391 0.811473 
vt 0.207783 0.749968 
vt 0.227015 0.69373 
vt 0.233269 0.701945 
vt 0.213921 0.75667 
vt 0.213921 0.75667 
vt 0.207783 0.749968 
vt 0.227015 0.69373 
vt 0.248541 0.637081 
vt 0.254489 0.64192 
vt 0.233269 0.701945 
vt 0.233269 0.701945 
vt 0.227015 0.69373 
vt 0.248541 0.637081 
vt 0.263446 0.603366 
vt 0.262027 0.620597 
vt 0.254489 0.64192 
vt 0.254489 0.64192 
vt 0.248541 0.637081 
vt 0.263446 0.603366 
vt 0.287072 0.550477 
vt 0.29598 0.541955 
vt 0.262027 0.620597 
vt 0.262027 0.620597 
vt 0.263446 0.603366 
vt 0.287072 0.550477 
vt 0.240184 0.53868 
vt 0.263158 0.530894 
vt 0.260863 0.536994 
vt 0.260863 0.536994 
vt 0.240567 0.547504 
vt 0.240184 0.53868 
vt 0.162157 0.601952 
vt 0.209213 0.549176 
vt 0.211412 0.564841 
vt 0.211412 0.564841 
vt 0.170436 0.615984 
vt 0.162157 0.601952 
vt 0.124638 0.672958 
vt 0.162157 0.601952 
vt 0.170436 0.615984 
vt 0.170436 0.615984 
vt 0.137392 0.683999 
vt 0.124638 0.672958 
vt 0.106435 0.761197 
vt 0.124638 0.672958 
vt 0.137392 0.683999 
vt 0.137392 0.683999 
vt 0.120386 0.767493 
vt 0.106435 0.761197 
vt 0.115164 0.843499 
vt 0.106435 0.761197 
vt 0.120386 0.767493 
vt 0.120386 0.767493 
vt 0.122667 0.847798 
vt 0.115164 0.843499 
vt 0.134942 0.951867 
vt 0.115164 0.843499 
vt 0.122667 0.847798 
vt 0.209213 0.549176 
vt 0.240184 0.53868 
vt 0.240567 0.547504 
vt 0.240567 0.547504 
vt 0.211412 0.564841 
vt 0.209213 0.549176 
vt 0.287072 0.550477 
vt 0.260863 0.536994 
vt 0.263158 0.530894 
vt 0.263158 0.530894 
vt 0.29598 0.541955 
vt 0.287072 0.550477 
vt 0.263446 0.603366 
vt 0.248541 0.637081 
vt 0.211412 0.564841 
vt 0.211412 0.564841 
vt 0.240567 0.547504 
vt 0.263446 0.603366 
vt 0.263446 0.603366 
vt 0.240567 0.547504 
vt 0.260863 0.536994 
vt 0.260863 0.536994 
vt 0.287072 0.550477 
vt 0.263446 0.603366 
vt 0.133697 0.113152 
vt 0.224666 0.092853 
vt 0.233654 0.044373 
vt 0.233654 0.044373 
vt 0.137352 0.063836 
vt 0.133697 0.113152 
vt 0.224666 0.092853 
vt 0.29875 0.086819 
vt 0.315487 0.03252 
vt 0.315487 0.03252 
vt 0.233654 0.044373 
vt 0.224666 0.092853 
vt 0.29875 0.086819 
vt 0.364682 0.083288 
vt 0.407478 0.031958 
vt 0.407478 0.031958 
vt 0.315487 0.03252 
vt 0.29875 0.086819 
vt 0.364682 0.083288 
vt 0.429416 0.087632 
vt 0.489257 0.043151 
vt 0.489257 0.043151 
vt 0.407478 0.031958 
vt 0.364682 0.083288 
vt 0.489257 0.043151 
vt 0.429416 0.087632 
vt 0.495391 0.093314 
vt 0.495391 0.093314 
vt 0.5565 0.061358 
vt 0.489257 0.043151 
vt 0.535403 0.097967 
vt 0.584736 0.076796 
vt 0.5565 0.061358 
vt 0.5565 0.061358 
vt 0.495391 0.093314 
vt 0.535403 0.097967 
vt 0.224666 0.092853 
vt 0.133697 0.113152 
vt 0.227408 0.096492 
vt 0.224666 0.092853 
vt 0.227408 0.096492 
vt 0.298207 0.091897 
vt 0.298207 0.091897 
vt 0.29875 0.086819 
vt 0.224666 0.092853 
vt 0.29875 0.086819 
vt 0.298207 0.091897 
vt 0.359973 0.087889 
vt 0.359973 0.087889 
vt 0.364682 0.083288 
vt 0.29875 0.086819 
vt 0.364682 0.083288 
vt 0.359973 0.087889 
vt 0.423192 0.092499 
vt 0.423192 0.092499 
vt 0.429416 0.087632 
vt 0.364682 0.083288 
vt 0.429416 0.087632 
vt 0.423192 0.092499 
vt 0.492532 0.097556 
vt 0.492532 0.097556 
vt 0.495391 0.093314 
vt 0.429416 0.087632 
vt 0.495391 0.093314 
vt 0.492532 0.097556 
vt 0.517163 0.099352 
vt 0.517163 0.099352 
vt 0.535403 0.097967 
vt 0.495391 0.093314 
vt 0.535403 0.097967 
vt 0.517163 0.099352 
vt 0.610202 0.109711 
vt 0.610202 0.109711 
vt 0.598257 0.105414 
vt 0.535403 0.097967 
vt 0.610202 0.109711 
vt 0.609885 0.088345 
vt 0.602788 0.087747 
vt 0.602788 0.087747 
vt 0.598257 0.105414 
vt 0.610202 0.109711 
vt 0.584736 0.076796 
vt 0.602788 0.087747 
vt 0.609885 0.088345 
vt 0.609885 0.088345 
vt 0.593681 0.075413 
vt 0.584736 0.076796 
vt 0.489257 0.043151 
vt 0.5565 0.061358 
vt 0.571837 0.057981 
vt 0.571837 0.057981 
vt 0.500746 0.036296 
vt 0.489257 0.043151 
vt 0.407478 0.031958 
vt 0.489257 0.043151 
vt 0.500746 0.036296 
vt 0.500746 0.036296 
vt 0.414295 0.022777 
vt 0.407478 0.031958 
vt 0.315487 0.03252 
vt 0.407478 0.031958 
vt 0.414295 0.022777 
vt 0.414295 0.022777 
vt 0.316994 0.02323 
vt 0.315487 0.03252 
vt 0.233654 0.044373 
vt 0.315487 0.03252 
vt 0.316994 0.02323 
vt 0.316994 0.02323 
vt 0.235405 0.039257 
vt 0.233654 0.044373 
vt 0.137352 0.063836 
vt 0.233654 0.044373 
vt 0.235405 0.039257 
vt 0.5565 0.061358 
vt 0.584736 0.076796 
vt 0.593681 0.075413 
vt 0.593681 0.075413 
vt 0.571837 0.057981 
vt 0.5565 0.061358 
vt 0.602788 0.087747 
vt 0.584736 0.076796 
vt 0.535403 0.097967 
vt 0.535403 0.097967 
vt 0.598257 0.105414 
vt 0.602788 0.087747 
vt 0.489257 0.043151 
vt 0.5565 0.061358 
vt 0.495391 0.093314 
vt 0.495391 0.093314 
vt 0.429416 0.087632 
vt 0.489257 0.043151 
vt 0.489257 0.043151 
vt 0.429416 0.087632 
vt 0.364683 0.083288 
vt 0.364683 0.083288 
vt 0.407478 0.031958 
vt 0.489257 0.043151 
vt 0.407478 0.031958 
vt 0.364683 0.083288 
vt 0.29875 0.086819 
vt 0.29875 0.086819 
vt 0.315487 0.03252 
vt 0.407478 0.031958 
vt 0.315487 0.03252 
vt 0.29875 0.086819 
vt 0.224666 0.092853 
vt 0.224666 0.092853 
vt 0.233654 0.044373 
vt 0.315487 0.03252 
vt 0.137352 0.063836 
vt 0.233654 0.044373 
vt 0.224666 0.092853 
vt 0.224666 0.092853 
vt 0.133697 0.113152 
vt 0.137352 0.063836 
vt 0.224666 0.092853 
vt 0.227408 0.096492 
vt 0.133697 0.113152 
vt 0.29875 0.086819 
vt 0.298207 0.091897 
vt 0.227408 0.096492 
vt 0.227408 0.096492 
vt 0.224666 0.092853 
vt 0.29875 0.086819 
vt 0.364683 0.083288 
vt 0.359973 0.087889 
vt 0.298207 0.091897 
vt 0.298207 0.091897 
vt 0.29875 0.086819 
vt 0.364683 0.083288 
vt 0.429416 0.087632 
vt 0.423192 0.092499 
vt 0.359973 0.087889 
vt 0.359973 0.087889 
vt 0.364683 0.083288 
vt 0.429416 0.087632 
vt 0.495391 0.093314 
vt 0.492532 0.097556 
vt 0.423192 0.092499 
vt 0.423192 0.092499 
vt 0.429416 0.087632 
vt 0.495391 0.093314 
vt 0.535403 0.097967 
vt 0.517163 0.099352 
vt 0.492532 0.097556 
vt 0.492532 0.097556 
vt 0.495391 0.093314 
vt 0.535403 0.097967 
vt 0.598257 0.105414 
vt 0.610202 0.109711 
vt 0.517163 0.099352 
vt 0.517163 0.099352 
vt 0.535403 0.097967 
vt 0.598257 0.105414 
vt 0.593681 0.075413 
vt 0.609885 0.088345 
vt 0.602788 0.087747 
vt 0.602788 0.087747 
vt 0.584736 0.076796 
vt 0.593681 0.075413 
vt 0.500746 0.036296 
vt 0.571837 0.057981 
vt 0.5565 0.061358 
vt 0.5565 0.061358 
vt 0.489257 0.043151 
vt 0.500746 0.036296 
vt 0.414295 0.022777 
vt 0.500746 0.036296 
vt 0.489257 0.043151 
vt 0.489257 0.043151 
vt 0.407478 0.031958 
vt 0.414295 0.022777 
vt 0.316994 0.02323 
vt 0.414295 0.022777 
vt 0.407478 0.031958 
vt 0.407478 0.031958 
vt 0.315487 0.03252 
vt 0.316994 0.02323 
vt 0.235405 0.039257 
vt 0.316994 0.02323 
vt 0.315487 0.03252 
vt 0.315487 0.03252 
vt 0.233654 0.044373 
vt 0.235405 0.039257 
vt 0.137352 0.063836 
vt 0.235405 0.039257 
vt 0.233654 0.044373 
vt 0.571837 0.057981 
vt 0.593681 0.075413 
vt 0.584736 0.076796 
vt 0.584736 0.076796 
vt 0.5565 0.061358 
vt 0.571837 0.057981 
vt 0.598257 0.105414 
vt 0.602788 0.087747 
vt 0.609885 0.088345 
vt 0.609885 0.088345 
vt 0.610202 0.109711 
vt 0.598257 0.105414 
vt 0.535403 0.097967 
vt 0.495391 0.093314 
vt 0.5565 0.061358 
vt 0.5565 0.061358 
vt 0.584736 0.076796 
vt 0.535403 0.097967 
vt 0.535403 0.097967 
vt 0.584736 0.076796 
vt 0.602788 0.087747 
vt 0.602788 0.087747 
vt 0.598257 0.105414 
vt 0.535403 0.097967 
vt 0.137223 0.110426 
vt 0.228192 0.090127 
vt 0.237181 0.041647 
vt 0.237181 0.041647 
vt 0.140878 0.06111 
vt 0.137223 0.110426 
vt 0.228192 0.090127 
vt 0.302276 0.084094 
vt 0.319013 0.029794 
vt 0.319013 0.029794 
vt 0.237181 0.041647 
vt 0.228192 0.090127 
vt 0.302276 0.084094 
vt 0.368209 0.080562 
vt 0.411004 0.029232 
vt 0.411004 0.029232 
vt 0.319013 0.029794 
vt 0.302276 0.084094 
vt 0.411004 0.029232 
vt 0.368209 0.080562 
vt 0.432942 0.084906 
vt 0.432942 0.084906 
vt 0.492783 0.040425 
vt 0.411004 0.029232 
vt 0.492783 0.040425 
vt 0.432942 0.084906 
vt 0.498917 0.090588 
vt 0.498917 0.090588 
vt 0.560026 0.058632 
vt 0.492783 0.040425 
vt 0.538929 0.095241 
vt 0.588262 0.07407 
vt 0.560026 0.058632 
vt 0.560026 0.058632 
vt 0.498917 0.090588 
vt 0.538929 0.095241 
vt 0.228192 0.090127 
vt 0.137223 0.110426 
vt 0.230935 0.093766 
vt 0.228192 0.090127 
vt 0.230935 0.093766 
vt 0.301733 0.089171 
vt 0.301733 0.089171 
vt 0.302276 0.084094 
vt 0.228192 0.090127 
vt 0.302276 0.084094 
vt 0.301733 0.089171 
vt 0.363499 0.085163 
vt 0.363499 0.085163 
vt 0.368209 0.080562 
vt 0.302276 0.084094 
vt 0.368209 0.080562 
vt 0.363499 0.085163 
vt 0.426718 0.089773 
vt 0.426718 0.089773 
vt 0.432942 0.084906 
vt 0.368209 0.080562 
vt 0.432942 0.084906 
vt 0.426718 0.089773 
vt 0.496058 0.09483 
vt 0.496058 0.09483 
vt 0.498917 0.090588 
vt 0.432942 0.084906 
vt 0.498917 0.090588 
vt 0.496058 0.09483 
vt 0.52069 0.096626 
vt 0.52069 0.096626 
vt 0.538929 0.095241 
vt 0.498917 0.090588 
vt 0.538929 0.095241 
vt 0.52069 0.096626 
vt 0.613728 0.106985 
vt 0.613728 0.106985 
vt 0.601783 0.102688 
vt 0.538929 0.095241 
vt 0.613728 0.106985 
vt 0.613411 0.085619 
vt 0.606314 0.085021 
vt 0.606314 0.085021 
vt 0.601783 0.102688 
vt 0.613728 0.106985 
vt 0.588262 0.07407 
vt 0.606314 0.085021 
vt 0.613411 0.085619 
vt 0.613411 0.085619 
vt 0.597207 0.072687 
vt 0.588262 0.07407 
vt 0.492783 0.040425 
vt 0.560026 0.058632 
vt 0.575364 0.055255 
vt 0.575364 0.055255 
vt 0.504272 0.03357 
vt 0.492783 0.040425 
vt 0.411004 0.029232 
vt 0.492783 0.040425 
vt 0.504272 0.03357 
vt 0.504272 0.03357 
vt 0.417821 0.020051 
vt 0.411004 0.029232 
vt 0.319013 0.029794 
vt 0.411004 0.029232 
vt 0.417821 0.020051 
vt 0.417821 0.020051 
vt 0.32052 0.020504 
vt 0.319013 0.029794 
vt 0.237181 0.041647 
vt 0.319013 0.029794 
vt 0.32052 0.020504 
vt 0.32052 0.020504 
vt 0.238931 0.036532 
vt 0.237181 0.041647 
vt 0.140878 0.06111 
vt 0.237181 0.041647 
vt 0.238931 0.036532 
vt 0.560026 0.058632 
vt 0.588262 0.07407 
vt 0.597207 0.072687 
vt 0.597207 0.072687 
vt 0.575364 0.055255 
vt 0.560026 0.058632 
vt 0.588262 0.07407 
vt 0.538929 0.095241 
vt 0.601783 0.102688 
vt 0.601783 0.102688 
vt 0.606314 0.085021 
vt 0.588262 0.07407 
vt 0.492783 0.040425 
vt 0.560026 0.058632 
vt 0.498917 0.090588 
vt 0.498917 0.090588 
vt 0.432942 0.084906 
vt 0.492783 0.040425 
vt 0.492783 0.040425 
vt 0.432942 0.084906 
vt 0.368209 0.080562 
vt 0.368209 0.080562 
vt 0.411004 0.029232 
vt 0.492783 0.040425 
vt 0.411004 0.029232 
vt 0.368209 0.080562 
vt 0.302276 0.084094 
vt 0.302276 0.084094 
vt 0.319013 0.029794 
vt 0.411004 0.029232 
vt 0.319013 0.029794 
vt 0.302276 0.084094 
vt 0.228192 0.090127 
vt 0.228192 0.090127 
vt 0.237181 0.041647 
vt 0.319013 0.029794 
vt 0.237181 0.041647 
vt 0.228192 0.090127 
vt 0.137223 0.110426 
vt 0.137223 0.110426 
vt 0.140878 0.06111 
vt 0.237181 0.041647 
vt 0.228192 0.090127 
vt 0.230935 0.093766 
vt 0.137223 0.110426 
vt 0.302276 0.084094 
vt 0.301733 0.089171 
vt 0.230935 0.093766 
vt 0.230935 0.093766 
vt 0.228192 0.090127 
vt 0.302276 0.084094 
vt 0.368209 0.080562 
vt 0.363499 0.085163 
vt 0.301733 0.089171 
vt 0.301733 0.089171 
vt 0.302276 0.084094 
vt 0.368209 0.080562 
vt 0.432942 0.084906 
vt 0.426718 0.089773 
vt 0.363499 0.085163 
vt 0.363499 0.085163 
vt 0.368209 0.080562 
vt 0.432942 0.084906 
vt 0.498917 0.090588 
vt 0.496058 0.09483 
vt 0.426718 0.089773 
vt 0.426718 0.089773 
vt 0.432942 0.084906 
vt 0.498917 0.090588 
vt 0.538929 0.095241 
vt 0.52069 0.096626 
vt 0.496058 0.09483 
vt 0.496058 0.09483 
vt 0.498917 0.090588 
vt 0.538929 0.095241 
vt 0.601783 0.102688 
vt 0.613728 0.106985 
vt 0.52069 0.096626 
vt 0.52069 0.096626 
vt 0.538929 0.095241 
vt 0.601783 0.102688 
vt 0.597207 0.072687 
vt 0.613411 0.085619 
vt 0.606314 0.085021 
vt 0.606314 0.085021 
vt 0.588262 0.07407 
vt 0.597207 0.072687 
vt 0.504272 0.03357 
vt 0.575364 0.055255 
vt 0.560026 0.058632 
vt 0.560026 0.058632 
vt 0.492783 0.040425 
vt 0.504272 0.03357 
vt 0.417821 0.020051 
vt 0.504272 0.03357 
vt 0.492783 0.040425 
vt 0.492783 0.040425 
vt 0.411004 0.029232 
vt 0.417821 0.020051 
vt 0.32052 0.020504 
vt 0.417821 0.020051 
vt 0.411004 0.029232 
vt 0.411004 0.029232 
vt 0.319013 0.029794 
vt 0.32052 0.020504 
vt 0.238931 0.036532 
vt 0.32052 0.020504 
vt 0.319013 0.029794 
vt 0.319013 0.029794 
vt 0.237181 0.041647 
vt 0.238931 0.036532 
vt 0.140878 0.06111 
vt 0.238931 0.036532 
vt 0.237181 0.041647 
vt 0.575364 0.055255 
vt 0.597207 0.072687 
vt 0.588262 0.07407 
vt 0.588262 0.07407 
vt 0.560026 0.058632 
vt 0.575364 0.055255 
vt 0.601783 0.102688 
vt 0.606314 0.085021 
vt 0.613411 0.085619 
vt 0.613411 0.085619 
vt 0.613728 0.106985 
vt 0.601783 0.102688 
vt 0.538929 0.095241 
vt 0.498917 0.090588 
vt 0.560026 0.058632 
vt 0.560026 0.058632 
vt 0.588262 0.07407 
vt 0.538929 0.095241 
vt 0.538929 0.095241 
vt 0.588262 0.07407 
vt 0.606314 0.085021 
vt 0.606314 0.085021 
vt 0.601783 0.102688 
vt 0.538929 0.095241 
vt 0.19041 0.542731 
vt 0.15666 0.484378 
vt 0.204356 0.440696 
vt 0.15666 0.484378 
vt 0.140634 0.438566 
vt 0.192047 0.385949 
vt 0.192047 0.385949 
vt 0.204356 0.440696 
vt 0.15666 0.484378 
vt 0.140634 0.438566 
vt 0.124459 0.399262 
vt 0.164942 0.334597 
vt 0.164942 0.334597 
vt 0.192047 0.385949 
vt 0.140634 0.438566 
vt 0.124459 0.399262 
vt 0.100459 0.36691 
vt 0.128691 0.298281 
vt 0.128691 0.298281 
vt 0.164942 0.334597 
vt 0.124459 0.399262 
vt 0.128691 0.298281 
vt 0.100459 0.36691 
vt 0.074693 0.334938 
vt 0.074693 0.334938 
vt 0.089522 0.275609 
vt 0.128691 0.298281 
vt 0.057813 0.316514 
vt 0.064974 0.272311 
vt 0.089522 0.275609 
vt 0.089522 0.275609 
vt 0.074693 0.334938 
vt 0.057813 0.316514 
vt 0.15666 0.484378 
vt 0.19041 0.542731 
vt 0.152052 0.485765 
vt 0.15666 0.484378 
vt 0.152052 0.485765 
vt 0.135518 0.442921 
vt 0.135518 0.442921 
vt 0.140634 0.438566 
vt 0.15666 0.484378 
vt 0.140634 0.438566 
vt 0.135518 0.442921 
vt 0.121094 0.405541 
vt 0.121094 0.405541 
vt 0.124459 0.399262 
vt 0.140634 0.438566 
vt 0.124459 0.399262 
vt 0.121094 0.405541 
vt 0.097273 0.37424 
vt 0.097273 0.37424 
vt 0.100459 0.36691 
vt 0.124459 0.399262 
vt 0.100459 0.36691 
vt 0.097273 0.37424 
vt 0.071144 0.339908 
vt 0.071144 0.339908 
vt 0.074693 0.334938 
vt 0.100459 0.36691 
vt 0.074693 0.334938 
vt 0.071144 0.339908 
vt 0.061863 0.327712 
vt 0.061863 0.327712 
vt 0.057813 0.316514 
vt 0.074693 0.334938 
vt 0.057813 0.316514 
vt 0.061863 0.327712 
vt 0.023089 0.284499 
vt 0.023089 0.284499 
vt 0.031152 0.287679 
vt 0.057813 0.316514 
vt 0.023089 0.284499 
vt 0.045397 0.267616 
vt 0.048156 0.271065 
vt 0.048156 0.271065 
vt 0.031152 0.287679 
vt 0.023089 0.284499 
vt 0.064974 0.272311 
vt 0.048156 0.271065 
vt 0.045397 0.267616 
vt 0.045397 0.267616 
vt 0.063719 0.266257 
vt 0.064974 0.272311 
vt 0.128691 0.298281 
vt 0.089522 0.275609 
vt 0.088417 0.264426 
vt 0.088417 0.264426 
vt 0.132359 0.286451 
vt 0.128691 0.298281 
vt 0.164942 0.334597 
vt 0.128691 0.298281 
vt 0.132359 0.286451 
vt 0.132359 0.286451 
vt 0.172436 0.323495 
vt 0.164942 0.334597 
vt 0.192047 0.385949 
vt 0.164942 0.334597 
vt 0.172436 0.323495 
vt 0.172436 0.323495 
vt 0.201252 0.377698 
vt 0.192047 0.385949 
vt 0.204356 0.440696 
vt 0.192047 0.385949 
vt 0.201252 0.377698 
vt 0.201252 0.377698 
vt 0.209147 0.435643 
vt 0.204356 0.440696 
vt 0.19041 0.542731 
vt 0.204356 0.440696 
vt 0.209147 0.435643 
vt 0.089522 0.275609 
vt 0.064974 0.272311 
vt 0.063719 0.266257 
vt 0.063719 0.266257 
vt 0.088417 0.264426 
vt 0.089522 0.275609 
vt 0.048156 0.271065 
vt 0.064974 0.272311 
vt 0.057813 0.316514 
vt 0.057813 0.316514 
vt 0.031152 0.287679 
vt 0.048156 0.271065 
vt 0.128691 0.298281 
vt 0.089522 0.275609 
vt 0.074694 0.334938 
vt 0.074694 0.334938 
vt 0.100459 0.36691 
vt 0.128691 0.298281 
vt 0.128691 0.298281 
vt 0.100459 0.36691 
vt 0.124459 0.399262 
vt 0.124459 0.399262 
vt 0.164942 0.334597 
vt 0.128691 0.298281 
vt 0.164942 0.334597 
vt 0.124459 0.399262 
vt 0.140634 0.438566 
vt 0.140634 0.438566 
vt 0.192047 0.385949 
vt 0.164942 0.334597 
vt 0.192047 0.385949 
vt 0.140634 0.438566 
vt 0.15666 0.484378 
vt 0.15666 0.484378 
vt 0.204356 0.440696 
vt 0.192047 0.385949 
vt 0.19041 0.542731 
vt 0.204356 0.440696 
vt 0.15666 0.484378 
vt 0.15666 0.484378 
vt 0.152052 0.485765 
vt 0.19041 0.542731 
vt 0.140634 0.438566 
vt 0.135518 0.442921 
vt 0.152052 0.485765 
vt 0.152052 0.485765 
vt 0.15666 0.484378 
vt 0.140634 0.438566 
vt 0.124459 0.399262 
vt 0.121094 0.405541 
vt 0.135518 0.442921 
vt 0.135518 0.442921 
vt 0.140634 0.438566 
vt 0.124459 0.399262 
vt 0.100459 0.36691 
vt 0.097273 0.37424 
vt 0.121094 0.405541 
vt 0.121094 0.405541 
vt 0.124459 0.399262 
vt 0.100459 0.36691 
vt 0.074694 0.334938 
vt 0.071144 0.339908 
vt 0.097273 0.37424 
vt 0.097273 0.37424 
vt 0.100459 0.36691 
vt 0.074694 0.334938 
vt 0.057813 0.316514 
vt 0.061863 0.327712 
vt 0.071144 0.339908 
vt 0.071144 0.339908 
vt 0.074694 0.334938 
vt 0.057813 0.316514 
vt 0.031152 0.287679 
vt 0.023089 0.284499 
vt 0.061863 0.327712 
vt 0.061863 0.327712 
vt 0.057813 0.316514 
vt 0.031152 0.287679 
vt 0.063719 0.266257 
vt 0.045397 0.267616 
vt 0.048156 0.271065 
vt 0.048156 0.271065 
vt 0.064974 0.272311 
vt 0.063719 0.266257 
vt 0.132359 0.286451 
vt 0.088417 0.264426 
vt 0.089522 0.275609 
vt 0.089522 0.275609 
vt 0.128691 0.298281 
vt 0.132359 0.286451 
vt 0.172436 0.323495 
vt 0.132359 0.286451 
vt 0.128691 0.298281 
vt 0.128691 0.298281 
vt 0.164942 0.334597 
vt 0.172436 0.323495 
vt 0.201252 0.377698 
vt 0.172436 0.323495 
vt 0.164942 0.334597 
vt 0.164942 0.334597 
vt 0.192047 0.385949 
vt 0.201252 0.377698 
vt 0.209147 0.435643 
vt 0.201252 0.377698 
vt 0.192047 0.385949 
vt 0.192047 0.385949 
vt 0.204356 0.440696 
vt 0.209147 0.435643 
vt 0.19041 0.542731 
vt 0.209147 0.435643 
vt 0.204356 0.440696 
vt 0.088417 0.264426 
vt 0.063719 0.266257 
vt 0.064974 0.272311 
vt 0.064974 0.272311 
vt 0.089522 0.275609 
vt 0.088417 0.264426 
vt 0.031152 0.287679 
vt 0.048156 0.271065 
vt 0.045397 0.267616 
vt 0.045397 0.267616 
vt 0.023089 0.284499 
vt 0.031152 0.287679 
vt 0.057813 0.316514 
vt 0.074694 0.334938 
vt 0.089522 0.275609 
vt 0.089522 0.275609 
vt 0.064974 0.272311 
vt 0.057813 0.316514 
vt 0.057813 0.316514 
vt 0.064974 0.272311 
vt 0.048156 0.271065 
vt 0.048156 0.271065 
vt 0.031152 0.287679 
vt 0.057813 0.316514 
vt 0.640826 0.675455 
vt 0.635202 0.719337 
vt 0.651609 0.726942 
vt 0.651609 0.726942 
vt 0.689096 0.700804 
vt 0.640826 0.675455 
vt 0.639554 0.252999 
vt 0.647962 0.454866 
vt 0.729961 0.443161 
vt 0.729961 0.443161 
vt 0.70648 0.266292 
vt 0.639554 0.252999 
vt 0.647962 0.454866 
vt 0.653456 0.576923 
vt 0.743071 0.57445 
vt 0.743071 0.57445 
vt 0.729961 0.443161 
vt 0.647962 0.454866 
vt 0.653456 0.576923 
vt 0.645135 0.641842 
vt 0.72097 0.662517 
vt 0.72097 0.662517 
vt 0.743071 0.57445 
vt 0.653456 0.576923 
vt 0.645135 0.641842 
vt 0.640826 0.675455 
vt 0.689096 0.700804 
vt 0.689096 0.700804 
vt 0.72097 0.662517 
vt 0.645135 0.641842 
vt 0.640826 0.675455 
vt 0.689096 0.700804 
vt 0.651609 0.726942 
vt 0.651609 0.726942 
vt 0.635202 0.719337 
vt 0.640826 0.675455 
vt 0.729961 0.443161 
vt 0.647962 0.454866 
vt 0.641487 0.281401 
vt 0.641487 0.281401 
vt 0.708413 0.294695 
vt 0.729961 0.443161 
vt 0.647962 0.454866 
vt 0.729961 0.443161 
vt 0.743071 0.57445 
vt 0.743071 0.57445 
vt 0.653456 0.576923 
vt 0.647962 0.454866 
vt 0.653456 0.576923 
vt 0.743071 0.57445 
vt 0.72097 0.662517 
vt 0.72097 0.662517 
vt 0.645135 0.641842 
vt 0.653456 0.576923 
vt 0.645135 0.641842 
vt 0.72097 0.662517 
vt 0.689096 0.700804 
vt 0.689096 0.700804 
vt 0.640826 0.675455 
vt 0.645135 0.641842 
vt 0.689096 0.700804 
vt 0.651609 0.726942 
vt 0.651609 0.726942 
vt 0.651609 0.726942 
vt 0.689096 0.700804 
vt 0.689096 0.700804 
vt 0.651609 0.726942 
vt 0.635202 0.719337 
vt 0.635202 0.719337 
vt 0.635202 0.719337 
vt 0.651609 0.726942 
vt 0.651609 0.726942 
vt 0.635202 0.719337 
vt 0.635202 0.719337 
vt 0.640826 0.675455 
vt 0.640826 0.675455 
vt 0.640826 0.675455 
vt 0.635202 0.719337 
vt 0.70648 0.266292 
vt 0.729961 0.443161 
vt 0.729961 0.443161 
vt 0.729961 0.443161 
vt 0.708413 0.294695 
vt 0.70648 0.266292 
vt 0.647962 0.454866 
vt 0.647962 0.454866 
vt 0.639554 0.252999 
vt 0.639554 0.252999 
vt 0.641487 0.281401 
vt 0.647962 0.454866 
vt 0.641487 0.281401 
vt 0.639554 0.252999 
vt 0.70648 0.266292 
vt 0.70648 0.266292 
vt 0.708413 0.294695 
vt 0.641487 0.281401 
vt 0.729961 0.443161 
vt 0.743071 0.57445 
vt 0.743071 0.57445 
vt 0.743071 0.57445 
vt 0.729961 0.443161 
vt 0.729961 0.443161 
vt 0.653456 0.576923 
vt 0.653456 0.576923 
vt 0.647962 0.454866 
vt 0.647962 0.454866 
vt 0.647962 0.454866 
vt 0.653456 0.576923 
vt 0.743071 0.57445 
vt 0.72097 0.662517 
vt 0.72097 0.662517 
vt 0.72097 0.662517 
vt 0.743071 0.57445 
vt 0.743071 0.57445 
vt 0.645135 0.641842 
vt 0.645135 0.641842 
vt 0.653456 0.576923 
vt 0.653456 0.576923 
vt 0.653456 0.576923 
vt 0.645135 0.641842 
vt 0.72097 0.662517 
vt 0.689096 0.700804 
vt 0.689096 0.700804 
vt 0.689096 0.700804 
vt 0.72097 0.662517 
vt 0.72097 0.662517 
vt 0.640826 0.675455 
vt 0.640826 0.675455 
vt 0.645135 0.641842 
vt 0.645135 0.641842 
vt 0.645135 0.641842 
vt 0.640826 0.675455 
vt 0.844692 0.963026 
vt 0.874994 0.969323 
vt 0.872457 0.958436 
vt 0.872457 0.958436 
vt 0.839944 0.931823 
vt 0.844692 0.963026 
vt 0.525864 0.978713 
vt 0.707148 0.949919 
vt 0.67205 0.899763 
vt 0.707148 0.949919 
vt 0.778557 0.950225 
vt 0.743278 0.893383 
vt 0.743278 0.893383 
vt 0.67205 0.899763 
vt 0.707148 0.949919 
vt 0.778557 0.950225 
vt 0.821847 0.958453 
vt 0.803725 0.909532 
vt 0.803725 0.909532 
vt 0.743278 0.893383 
vt 0.778557 0.950225 
vt 0.821847 0.958453 
vt 0.844692 0.963026 
vt 0.839944 0.931823 
vt 0.839944 0.931823 
vt 0.803725 0.909532 
vt 0.821847 0.958453 
vt 0.831768 0.953579 
vt 0.827234 0.922907 
vt 0.859027 0.949034 
vt 0.859027 0.949034 
vt 0.861449 0.959725 
vt 0.831768 0.953579 
vt 0.59279 0.923133 
vt 0.662341 0.891476 
vt 0.696882 0.940874 
vt 0.696882 0.940874 
vt 0.662341 0.891476 
vt 0.732321 0.885136 
vt 0.732321 0.885136 
vt 0.766941 0.941078 
vt 0.696882 0.940874 
vt 0.766941 0.941078 
vt 0.732321 0.885136 
vt 0.79171 0.901001 
vt 0.79171 0.901001 
vt 0.809382 0.949114 
vt 0.766941 0.941078 
vt 0.809382 0.949114 
vt 0.79171 0.901001 
vt 0.827234 0.922907 
vt 0.827234 0.922907 
vt 0.831768 0.953579 
vt 0.809382 0.949114 
vt 0.839944 0.931823 
vt 0.872457 0.958436 
vt 0.859027 0.949034 
vt 0.859027 0.949034 
vt 0.827234 0.922907 
vt 0.839944 0.931823 
vt 0.872457 0.958436 
vt 0.874994 0.969323 
vt 0.861449 0.959725 
vt 0.861449 0.959725 
vt 0.859027 0.949034 
vt 0.872457 0.958436 
vt 0.861449 0.959725 
vt 0.874994 0.969323 
vt 0.844692 0.963026 
vt 0.844692 0.963026 
vt 0.831768 0.953579 
vt 0.861449 0.959725 
vt 0.59279 0.923133 
vt 0.525864 0.978713 
vt 0.67205 0.899763 
vt 0.67205 0.899763 
vt 0.662341 0.891476 
vt 0.59279 0.923133 
vt 0.707148 0.949919 
vt 0.525864 0.978713 
vt 0.59279 0.923133 
vt 0.59279 0.923133 
vt 0.696882 0.940874 
vt 0.707148 0.949919 
vt 0.67205 0.899763 
vt 0.743278 0.893383 
vt 0.732321 0.885136 
vt 0.732321 0.885136 
vt 0.662341 0.891476 
vt 0.67205 0.899763 
vt 0.766941 0.941078 
vt 0.778557 0.950225 
vt 0.707148 0.949919 
vt 0.707148 0.949919 
vt 0.696882 0.940874 
vt 0.766941 0.941078 
vt 0.743278 0.893383 
vt 0.803725 0.909532 
vt 0.79171 0.901001 
vt 0.79171 0.901001 
vt 0.732321 0.885136 
vt 0.743278 0.893383 
vt 0.809382 0.949114 
vt 0.821847 0.958453 
vt 0.778557 0.950225 
vt 0.778557 0.950225 
vt 0.766941 0.941078 
vt 0.809382 0.949114 
vt 0.803725 0.909532 
vt 0.839944 0.931823 
vt 0.827234 0.922907 
vt 0.827234 0.922907 
vt 0.79171 0.901001 
vt 0.803725 0.909532 
vt 0.831768 0.953579 
vt 0.844692 0.963026 
vt 0.821847 0.958453 
vt 0.821847 0.958453 
vt 0.809382 0.949114 
vt 0.831768 0.953579 
vt 0.749627 0.609146 
vt 0.749621 0.656991 
vt 0.76556 0.661998 
vt 0.76556 0.661998 
vt 0.796868 0.627048 
vt 0.749627 0.609146 
vt 0.698857 0.159019 
vt 0.730269 0.372634 
vt 0.804092 0.34466 
vt 0.804092 0.34466 
vt 0.761792 0.160543 
vt 0.698857 0.159019 
vt 0.730269 0.372634 
vt 0.749639 0.501717 
vt 0.831529 0.482147 
vt 0.831529 0.482147 
vt 0.804092 0.34466 
vt 0.730269 0.372634 
vt 0.749639 0.501717 
vt 0.749631 0.572498 
vt 0.821602 0.580209 
vt 0.821602 0.580209 
vt 0.831529 0.482147 
vt 0.749639 0.501717 
vt 0.749631 0.572498 
vt 0.749627 0.609146 
vt 0.796868 0.627048 
vt 0.796868 0.627048 
vt 0.821602 0.580209 
vt 0.749631 0.572498 
vt 0.749991 0.609032 
vt 0.797233 0.626935 
vt 0.765925 0.661884 
vt 0.765925 0.661884 
vt 0.749986 0.656877 
vt 0.749991 0.609032 
vt 0.804457 0.344547 
vt 0.730634 0.372521 
vt 0.704329 0.188819 
vt 0.704329 0.188819 
vt 0.767264 0.190343 
vt 0.804457 0.344547 
vt 0.730634 0.372521 
vt 0.804457 0.344547 
vt 0.831893 0.482033 
vt 0.831893 0.482033 
vt 0.750004 0.501604 
vt 0.730634 0.372521 
vt 0.750004 0.501604 
vt 0.831893 0.482033 
vt 0.821967 0.580095 
vt 0.821967 0.580095 
vt 0.749996 0.572384 
vt 0.750004 0.501604 
vt 0.749996 0.572384 
vt 0.821967 0.580095 
vt 0.797233 0.626935 
vt 0.797233 0.626935 
vt 0.749991 0.609032 
vt 0.749996 0.572384 
vt 0.796868 0.627048 
vt 0.76556 0.661998 
vt 0.765925 0.661884 
vt 0.765925 0.661884 
vt 0.797233 0.626935 
vt 0.796868 0.627048 
vt 0.76556 0.661998 
vt 0.749621 0.656991 
vt 0.749986 0.656877 
vt 0.749986 0.656877 
vt 0.765925 0.661884 
vt 0.76556 0.661998 
vt 0.749986 0.656877 
vt 0.749621 0.656991 
vt 0.749627 0.609146 
vt 0.749627 0.609146 
vt 0.749991 0.609032 
vt 0.749986 0.656877 
vt 0.767264 0.190343 
vt 0.761792 0.160543 
vt 0.804092 0.34466 
vt 0.804092 0.34466 
vt 0.804457 0.344547 
vt 0.767264 0.190343 
vt 0.730634 0.372521 
vt 0.730269 0.372634 
vt 0.698857 0.159019 
vt 0.698857 0.159019 
vt 0.704329 0.188819 
vt 0.730634 0.372521 
vt 0.704329 0.188819 
vt 0.698857 0.159019 
vt 0.761792 0.160543 
vt 0.761792 0.160543 
vt 0.767264 0.190343 
vt 0.704329 0.188819 
vt 0.804092 0.34466 
vt 0.831529 0.482147 
vt 0.831893 0.482033 
vt 0.831893 0.482033 
vt 0.804457 0.344547 
vt 0.804092 0.34466 
vt 0.750004 0.501604 
vt 0.749639 0.501717 
vt 0.730269 0.372634 
vt 0.730269 0.372634 
vt 0.730634 0.372521 
vt 0.750004 0.501604 
vt 0.831529 0.482147 
vt 0.821602 0.580209 
vt 0.821967 0.580095 
vt 0.821967 0.580095 
vt 0.831893 0.482033 
vt 0.831529 0.482147 
vt 0.749996 0.572384 
vt 0.749631 0.572498 
vt 0.749639 0.501717 
vt 0.749639 0.501717 
vt 0.750004 0.501604 
vt 0.749996 0.572384 
vt 0.821602 0.580209 
vt 0.796868 0.627048 
vt 0.797233 0.626935 
vt 0.797233 0.626935 
vt 0.821967 0.580095 
vt 0.821602 0.580209 
vt 0.749991 0.609032 
vt 0.749627 0.609146 
vt 0.749631 0.572498 
vt 0.749631 0.572498 
vt 0.749996 0.572384 
vt 0.749991 0.609032 
vt 0.84853 0.599428 
vt 0.850981 0.648758 
vt 0.866634 0.6526 
vt 0.866634 0.6526 
vt 0.895081 0.613972 
vt 0.84853 0.599428 
vt 0.776386 0.139536 
vt 0.817693 0.357179 
vt 0.887563 0.322222 
vt 0.887563 0.322222 
vt 0.837254 0.135895 
vt 0.776386 0.139536 
vt 0.817693 0.357179 
vt 0.843028 0.488664 
vt 0.921122 0.461703 
vt 0.921122 0.461703 
vt 0.887563 0.322222 
vt 0.817693 0.357179 
vt 0.843028 0.488664 
vt 0.846653 0.561642 
vt 0.916567 0.56363 
vt 0.916567 0.56363 
vt 0.921122 0.461703 
vt 0.843028 0.488664 
vt 0.846653 0.561642 
vt 0.84853 0.599428 
vt 0.895081 0.613972 
vt 0.895081 0.613972 
vt 0.916567 0.56363 
vt 0.846653 0.561642 
vt 0.848372 0.599507 
vt 0.894922 0.614051 
vt 0.866476 0.652679 
vt 0.866476 0.652679 
vt 0.850822 0.648837 
vt 0.848372 0.599507 
vt 0.887405 0.322301 
vt 0.817534 0.357259 
vt 0.782697 0.170035 
vt 0.782697 0.170035 
vt 0.843565 0.166393 
vt 0.887405 0.322301 
vt 0.817534 0.357259 
vt 0.887405 0.322301 
vt 0.920964 0.461782 
vt 0.920964 0.461782 
vt 0.84287 0.488743 
vt 0.817534 0.357259 
vt 0.84287 0.488743 
vt 0.920964 0.461782 
vt 0.916409 0.563709 
vt 0.916409 0.563709 
vt 0.846495 0.561721 
vt 0.84287 0.488743 
vt 0.846495 0.561721 
vt 0.916409 0.563709 
vt 0.894922 0.614051 
vt 0.894922 0.614051 
vt 0.848372 0.599507 
vt 0.846495 0.561721 
vt 0.895081 0.613972 
vt 0.866634 0.6526 
vt 0.866476 0.652679 
vt 0.866476 0.652679 
vt 0.894922 0.614051 
vt 0.895081 0.613972 
vt 0.866634 0.6526 
vt 0.850981 0.648758 
vt 0.850822 0.648837 
vt 0.850822 0.648837 
vt 0.866476 0.652679 
vt 0.866634 0.6526 
vt 0.850822 0.648837 
vt 0.850981 0.648758 
vt 0.84853 0.599428 
vt 0.84853 0.599428 
vt 0.848372 0.599507 
vt 0.850822 0.648837 
vt 0.843565 0.166393 
vt 0.837254 0.135895 
vt 0.887563 0.322222 
vt 0.887563 0.322222 
vt 0.887405 0.322301 
vt 0.843565 0.166393 
vt 0.817693 0.357179 
vt 0.776386 0.139536 
vt 0.782697 0.170035 
vt 0.782697 0.170035 
vt 0.817534 0.357259 
vt 0.817693 0.357179 
vt 0.782697 0.170035 
vt 0.776386 0.139536 
vt 0.837254 0.135895 
vt 0.837254 0.135895 
vt 0.843565 0.166393 
vt 0.782697 0.170035 
vt 0.887563 0.322222 
vt 0.921122 0.461703 
vt 0.920964 0.461782 
vt 0.920964 0.461782 
vt 0.887405 0.322301 
vt 0.887563 0.322222 
vt 0.84287 0.488743 
vt 0.843028 0.488664 
vt 0.817693 0.357179 
vt 0.817693 0.357179 
vt 0.817534 0.357259 
vt 0.84287 0.488743 
vt 0.921122 0.461703 
vt 0.916567 0.56363 
vt 0.916409 0.563709 
vt 0.916409 0.563709 
vt 0.920964 0.461782 
vt 0.921122 0.461703 
vt 0.846495 0.561721 
vt 0.846653 0.561642 
vt 0.843028 0.488664 
vt 0.843028 0.488664 
vt 0.84287 0.488743 
vt 0.846495 0.561721 
vt 0.916567 0.56363 
vt 0.895081 0.613972 
vt 0.894922 0.614051 
vt 0.894922 0.614051 
vt 0.916409 0.563709 
vt 0.916567 0.56363 
vt 0.848372 0.599507 
vt 0.84853 0.599428 
vt 0.846653 0.561642 
vt 0.846653 0.561642 
vt 0.846495 0.561721 
vt 0.848372 0.599507 
vt 0.927317 0.528381 
vt 0.929768 0.577711 
vt 0.945421 0.581553 
vt 0.945421 0.581553 
vt 0.973867 0.542925 
vt 0.927317 0.528381 
vt 0.855173 0.06849 
vt 0.89648 0.286133 
vt 0.96635 0.251175 
vt 0.96635 0.251175 
vt 0.916041 0.064848 
vt 0.855173 0.06849 
vt 0.89648 0.286133 
vt 0.921815 0.417617 
vt 0.999909 0.390656 
vt 0.999909 0.390656 
vt 0.96635 0.251175 
vt 0.89648 0.286133 
vt 0.921815 0.417617 
vt 0.92544 0.490595 
vt 0.995354 0.492583 
vt 0.995354 0.492583 
vt 0.999909 0.390656 
vt 0.921815 0.417617 
vt 0.92544 0.490595 
vt 0.927317 0.528381 
vt 0.973867 0.542925 
vt 0.973867 0.542925 
vt 0.995354 0.492583 
vt 0.92544 0.490595 
vt 0.927159 0.52846 
vt 0.973709 0.543004 
vt 0.945263 0.581632 
vt 0.945263 0.581632 
vt 0.929609 0.57779 
vt 0.927159 0.52846 
vt 0.966192 0.251255 
vt 0.896321 0.286212 
vt 0.861484 0.098988 
vt 0.861484 0.098988 
vt 0.922351 0.095346 
vt 0.966192 0.251255 
vt 0.896321 0.286212 
vt 0.966192 0.251255 
vt 0.999751 0.390735 
vt 0.999751 0.390735 
vt 0.921657 0.417696 
vt 0.896321 0.286212 
vt 0.921657 0.417696 
vt 0.999751 0.390735 
vt 0.995196 0.492663 
vt 0.995196 0.492663 
vt 0.925282 0.490674 
vt 0.921657 0.417696 
vt 0.925282 0.490674 
vt 0.995196 0.492663 
vt 0.973709 0.543004 
vt 0.973709 0.543004 
vt 0.927159 0.52846 
vt 0.925282 0.490674 
vt 0.973867 0.542925 
vt 0.945421 0.581553 
vt 0.945263 0.581632 
vt 0.945263 0.581632 
vt 0.973709 0.543004 
vt 0.973867 0.542925 
vt 0.945421 0.581553 
vt 0.929768 0.577711 
vt 0.929609 0.57779 
vt 0.929609 0.57779 
vt 0.945263 0.581632 
vt 0.945421 0.581553 
vt 0.929609 0.57779 
vt 0.929768 0.577711 
vt 0.927317 0.528381 
vt 0.927317 0.528381 
vt 0.927159 0.52846 
vt 0.929609 0.57779 
vt 0.922351 0.095346 
vt 0.916041 0.064848 
vt 0.96635 0.251175 
vt 0.96635 0.251175 
vt 0.966192 0.251255 
vt 0.922351 0.095346 
vt 0.89648 0.286133 
vt 0.855173 0.06849 
vt 0.861484 0.098988 
vt 0.861484 0.098988 
vt 0.896321 0.286212 
vt 0.89648 0.286133 
vt 0.861484 0.098988 
vt 0.855173 0.06849 
vt 0.916041 0.064848 
vt 0.916041 0.064848 
vt 0.922351 0.095346 
vt 0.861484 0.098988 
vt 0.96635 0.251175 
vt 0.999909 0.390656 
vt 0.999751 0.390735 
vt 0.999751 0.390735 
vt 0.966192 0.251255 
vt 0.96635 0.251175 
vt 0.921657 0.417696 
vt 0.921815 0.417617 
vt 0.89648 0.286133 
vt 0.89648 0.286133 
vt 0.896321 0.286212 
vt 0.921657 0.417696 
vt 0.999909 0.390656 
vt 0.995354 0.492583 
vt 0.995196 0.492663 
vt 0.995196 0.492663 
vt 0.999751 0.390735 
vt 0.999909 0.390656 
vt 0.925282 0.490674 
vt 0.92544 0.490595 
vt 0.921815 0.417617 
vt 0.921815 0.417617 
vt 0.921657 0.417696 
vt 0.925282 0.490674 
vt 0.995354 0.492583 
vt 0.973867 0.542925 
vt 0.973709 0.543004 
vt 0.973709 0.543004 
vt 0.995196 0.492663 
vt 0.995354 0.492583 
vt 0.927159 0.52846 
vt 0.927317 0.528381 
vt 0.92544 0.490595 
vt 0.92544 0.490595 
vt 0.925282 0.490674 
vt 0.927159 0.52846 

usemtl Thumbnailwings1Mtl

f 1/1/1 2/2/2 3/3/3 
f 4/4/4 5/5/5 6/6/6 
f 7/7/7 8/8/8 9/9/9 
f 10/10/10 11/11/11 12/12/12 
f 13/13/13 14/14/14 15/15/15 
f 16/16/16 17/17/17 18/18/18 
f 19/19/19 20/20/20 21/21/21 
f 22/22/22 23/23/23 24/24/24 
f 25/25/25 26/26/26 27/27/27 
f 28/28/28 29/29/29 30/30/30 
f 31/31/31 32/32/32 33/33/33 
f 34/34/34 35/35/35 36/36/36 
f 37/37/37 38/38/38 39/39/39 
f 40/40/40 41/41/41 42/42/42 
f 43/43/43 44/44/44 45/45/45 
f 46/46/46 47/47/47 48/48/48 
f 49/49/49 50/50/50 51/51/51 
f 52/52/52 53/53/53 54/54/54 
f 55/55/55 56/56/56 57/57/57 
f 58/58/58 59/59/59 60/60/60 
f 61/61/61 62/62/62 63/63/63 
f 64/64/64 65/65/65 66/66/66 
f 67/67/67 68/68/68 69/69/69 
f 70/70/70 71/71/71 72/72/72 
f 73/73/73 74/74/74 75/75/75 
f 76/76/76 77/77/77 78/78/78 
f 79/79/79 80/80/80 81/81/81 
f 82/82/82 83/83/83 84/84/84 
f 85/85/85 86/86/86 87/87/87 
f 88/88/88 89/89/89 90/90/90 
f 91/91/91 92/92/92 93/93/93 
f 94/94/94 95/95/95 96/96/96 
f 97/97/97 98/98/98 99/99/99 
f 100/100/100 101/101/101 102/102/102 
f 103/103/103 104/104/104 105/105/105 
f 106/106/106 107/107/107 108/108/108 
f 109/109/109 110/110/110 111/111/111 
f 112/112/112 113/113/113 114/114/114 
f 115/115/115 116/116/116 117/117/117 
f 118/118/118 119/119/119 120/120/120 
f 121/121/121 122/122/122 123/123/123 
f 124/124/124 125/125/125 126/126/126 
f 127/127/127 128/128/128 129/129/129 
f 130/130/130 131/131/131 132/132/132 
f 133/133/133 134/134/134 135/135/135 
f 136/136/136 137/137/137 138/138/138 
f 139/139/139 140/140/140 141/141/141 
f 142/142/142 143/143/143 144/144/144 
f 145/145/145 146/146/146 147/147/147 
f 148/148/148 149/149/149 150/150/150 
f 151/151/151 152/152/152 153/153/153 
f 154/154/154 155/155/155 156/156/156 
f 157/157/157 158/158/158 159/159/159 
f 160/160/160 161/161/161 162/162/162 
f 163/163/163 164/164/164 165/165/165 
f 166/166/166 167/167/167 168/168/168 
f 169/169/169 170/170/170 171/171/171 
f 172/172/172 173/173/173 174/174/174 
f 175/175/175 176/176/176 177/177/177 
f 178/178/178 179/179/179 180/180/180 
f 181/181/181 182/182/182 183/183/183 
f 184/184/184 185/185/185 186/186/186 
f 187/187/187 188/188/188 189/189/189 
f 190/190/190 191/191/191 192/192/192 
f 193/193/193 194/194/194 195/195/195 
f 196/196/196 197/197/197 198/198/198 
f 199/199/199 200/200/200 201/201/201 
f 202/202/202 203/203/203 204/204/204 
f 205/205/205 206/206/206 207/207/207 
f 208/208/208 209/209/209 210/210/210 
f 211/211/211 212/212/212 213/213/213 
f 214/214/214 215/215/215 216/216/216 
f 217/217/217 218/218/218 219/219/219 
f 220/220/220 221/221/221 222/222/222 
f 223/223/223 224/224/224 225/225/225 
f 226/226/226 227/227/227 228/228/228 
f 229/229/229 230/230/230 231/231/231 
f 232/232/232 233/233/233 234/234/234 
f 235/235/235 236/236/236 237/237/237 
f 238/238/238 239/239/239 240/240/240 
f 241/241/241 242/242/242 243/243/243 
f 244/244/244 245/245/245 246/246/246 
f 247/247/247 248/248/248 249/249/249 
f 250/250/250 251/251/251 252/252/252 
f 253/253/253 254/254/254 255/255/255 
f 256/256/256 257/257/257 258/258/258 
f 259/259/259 260/260/260 261/261/261 
f 262/262/262 263/263/263 264/264/264 
f 265/265/265 266/266/266 267/267/267 
f 268/268/268 269/269/269 270/270/270 
f 271/271/271 272/272/272 273/273/273 
f 274/274/274 275/275/275 276/276/276 
f 277/277/277 278/278/278 279/279/279 
f 280/280/280 281/281/281 282/282/282 
f 283/283/283 284/284/284 285/285/285 
f 286/286/286 287/287/287 288/288/288 
f 289/289/289 290/290/290 291/291/291 
f 292/292/292 293/293/293 294/294/294 
f 295/295/295 296/296/296 297/297/297 
f 298/298/298 299/299/299 300/300/300 
f 301/301/301 302/302/302 303/303/303 
f 304/304/304 305/305/305 306/306/306 
f 307/307/307 308/308/308 309/309/309 
f 310/310/310 311/311/311 312/312/312 
f 313/313/313 314/314/314 315/315/315 
f 316/316/316 317/317/317 318/318/318 
f 319/319/319 320/320/320 321/321/321 
f 322/322/322 323/323/323 324/324/324 
f 325/325/325 326/326/326 327/327/327 
f 328/328/328 329/329/329 330/330/330 
f 331/331/331 332/332/332 333/333/333 
f 334/334/334 335/335/335 336/336/336 
f 337/337/337 338/338/338 339/339/339 
f 340/340/340 341/341/341 342/342/342 
f 343/343/343 344/344/344 345/345/345 
f 346/346/346 347/347/347 348/348/348 
f 349/349/349 350/350/350 351/351/351 
f 352/352/352 353/353/353 354/354/354 
f 355/355/355 356/356/356 357/357/357 
f 358/358/358 359/359/359 360/360/360 
f 361/361/361 362/362/362 363/363/363 
f 364/364/364 365/365/365 366/366/366 
f 367/367/367 368/368/368 369/369/369 
f 370/370/370 371/371/371 372/372/372 
f 373/373/373 374/374/374 375/375/375 
f 376/376/376 377/377/377 378/378/378 
f 379/379/379 380/380/380 381/381/381 
f 382/382/382 383/383/383 384/384/384 
f 385/385/385 386/386/386 387/387/387 
f 388/388/388 389/389/389 390/390/390 
f 391/391/391 392/392/392 393/393/393 
f 394/394/394 395/395/395 396/396/396 
f 397/397/397 398/398/398 399/399/399 
f 400/400/400 401/401/401 402/402/402 
f 403/403/403 404/404/404 405/405/405 
f 406/406/406 407/407/407 408/408/408 
f 409/409/409 410/410/410 411/411/411 
f 412/412/412 413/413/413 414/414/414 
f 415/415/415 416/416/416 417/417/417 
f 418/418/418 419/419/419 420/420/420 
f 421/421/421 422/422/422 423/423/423 
f 424/424/424 425/425/425 426/426/426 
f 427/427/427 428/428/428 429/429/429 
f 430/430/430 431/431/431 432/432/432 
f 433/433/433 434/434/434 435/435/435 
f 436/436/436 437/437/437 438/438/438 
f 439/439/439 440/440/440 441/441/441 
f 442/442/442 443/443/443 444/444/444 
f 445/445/445 446/446/446 447/447/447 
f 448/448/448 449/449/449 450/450/450 
f 451/451/451 452/452/452 453/453/453 
f 454/454/454 455/455/455 456/456/456 
f 457/457/457 458/458/458 459/459/459 
f 460/460/460 461/461/461 462/462/462 
f 463/463/463 464/464/464 465/465/465 
f 466/466/466 467/467/467 468/468/468 
f 469/469/469 470/470/470 471/471/471 
f 472/472/472 473/473/473 474/474/474 
f 475/475/475 476/476/476 477/477/477 
f 478/478/478 479/479/479 480/480/480 
f 481/481/481 482/482/482 483/483/483 
f 484/484/484 485/485/485 486/486/486 
f 487/487/487 488/488/488 489/489/489 
f 490/490/490 491/491/491 492/492/492 
f 493/493/493 494/494/494 495/495/495 
f 496/496/496 497/497/497 498/498/498 
f 499/499/499 500/500/500 501/501/501 
f 502/502/502 503/503/503 504/504/504 
f 505/505/505 506/506/506 507/507/507 
f 508/508/508 509/509/509 510/510/510 
f 511/511/511 512/512/512 513/513/513 
f 514/514/514 515/515/515 516/516/516 
f 517/517/517 518/518/518 519/519/519 
f 520/520/520 521/521/521 522/522/522 
f 523/523/523 524/524/524 525/525/525 
f 526/526/526 527/527/527 528/528/528 
f 529/529/529 530/530/530 531/531/531 
f 532/532/532 533/533/533 534/534/534 
f 535/535/535 536/536/536 537/537/537 
f 538/538/538 539/539/539 540/540/540 
f 541/541/541 542/542/542 543/543/543 
f 544/544/544 545/545/545 546/546/546 
f 547/547/547 548/548/548 549/549/549 
f 550/550/550 551/551/551 552/552/552 
f 553/553/553 554/554/554 555/555/555 
f 556/556/556 557/557/557 558/558/558 
f 559/559/559 560/560/560 561/561/561 
f 562/562/562 563/563/563 564/564/564 
f 565/565/565 566/566/566 567/567/567 
f 568/568/568 569/569/569 570/570/570 
f 571/571/571 572/572/572 573/573/573 
f 574/574/574 575/575/575 576/576/576 
f 577/577/577 578/578/578 579/579/579 
f 580/580/580 581/581/581 582/582/582 
f 583/583/583 584/584/584 585/585/585 
f 586/586/586 587/587/587 588/588/588 
f 589/589/589 590/590/590 591/591/591 
f 592/592/592 593/593/593 594/594/594 
f 595/595/595 596/596/596 597/597/597 
f 598/598/598 599/599/599 600/600/600 
f 601/601/601 602/602/602 603/603/603 
f 604/604/604 605/605/605 606/606/606 
f 607/607/607 608/608/608 609/609/609 
f 610/610/610 611/611/611 612/612/612 
f 613/613/613 614/614/614 615/615/615 
f 616/616/616 617/617/617 618/618/618 
f 619/619/619 620/620/620 621/621/621 
f 622/622/622 623/623/623 624/624/624 
f 625/625/625 626/626/626 627/627/627 
f 628/628/628 629/629/629 630/630/630 
f 631/631/631 632/632/632 633/633/633 
f 634/634/634 635/635/635 636/636/636 
f 637/637/637 638/638/638 639/639/639 
f 640/640/640 641/641/641 642/642/642 
f 643/643/643 644/644/644 645/645/645 
f 646/646/646 647/647/647 648/648/648 
f 649/649/649 650/650/650 651/651/651 
f 652/652/652 653/653/653 654/654/654 
f 655/655/655 656/656/656 657/657/657 
f 658/658/658 659/659/659 660/660/660 
f 661/661/661 662/662/662 663/663/663 
f 664/664/664 665/665/665 666/666/666 
f 667/667/667 668/668/668 669/669/669 
f 670/670/670 671/671/671 672/672/672 
f 673/673/673 674/674/674 675/675/675 
f 676/676/676 677/677/677 678/678/678 
f 679/679/679 680/680/680 681/681/681 
f 682/682/682 683/683/683 684/684/684 
f 685/685/685 686/686/686 687/687/687 
f 688/688/688 689/689/689 690/690/690 
f 691/691/691 692/692/692 693/693/693 
f 694/694/694 695/695/695 696/696/696 
f 697/697/697 698/698/698 699/699/699 
f 700/700/700 701/701/701 702/702/702 
f 703/703/703 704/704/704 705/705/705 
f 706/706/706 707/707/707 708/708/708 
f 709/709/709 710/710/710 711/711/711 
f 712/712/712 713/713/713 714/714/714 
f 715/715/715 716/716/716 717/717/717 
f 718/718/718 719/719/719 720/720/720 
f 721/721/721 722/722/722 723/723/723 
f 724/724/724 725/725/725 726/726/726 
f 727/727/727 728/728/728 729/729/729 
f 730/730/730 731/731/731 732/732/732 
f 733/733/733 734/734/734 735/735/735 
f 736/736/736 737/737/737 738/738/738 
f 739/739/739 740/740/740 741/741/741 
f 742/742/742 743/743/743 744/744/744 
f 745/745/745 746/746/746 747/747/747 
f 748/748/748 749/749/749 750/750/750 
f 751/751/751 752/752/752 753/753/753 
f 754/754/754 755/755/755 756/756/756 
f 757/757/757 758/758/758 759/759/759 
f 760/760/760 761/761/761 762/762/762 
f 763/763/763 764/764/764 765/765/765 
f 766/766/766 767/767/767 768/768/768 
f 769/769/769 770/770/770 771/771/771 
f 772/772/772 773/773/773 774/774/774 
f 775/775/775 776/776/776 777/777/777 
f 778/778/778 779/779/779 780/780/780 
f 781/781/781 782/782/782 783/783/783 
f 784/784/784 785/785/785 786/786/786 
f 787/787/787 788/788/788 789/789/789 
f 790/790/790 791/791/791 792/792/792 
f 793/793/793 794/794/794 795/795/795 
f 796/796/796 797/797/797 798/798/798 
f 799/799/799 800/800/800 801/801/801 
f 802/802/802 803/803/803 804/804/804 
f 805/805/805 806/806/806 807/807/807 
f 808/808/808 809/809/809 810/810/810 
f 811/811/811 812/812/812 813/813/813 
f 814/814/814 815/815/815 816/816/816 
f 817/817/817 818/818/818 819/819/819 
f 820/820/820 821/821/821 822/822/822 
f 823/823/823 824/824/824 825/825/825 
f 826/826/826 827/827/827 828/828/828 
f 829/829/829 830/830/830 831/831/831 
f 832/832/832 833/833/833 834/834/834 
f 835/835/835 836/836/836 837/837/837 
f 838/838/838 839/839/839 840/840/840 
f 841/841/841 842/842/842 843/843/843 
f 844/844/844 845/845/845 846/846/846 
f 847/847/847 848/848/848 849/849/849 
f 850/850/850 851/851/851 852/852/852 
f 853/853/853 854/854/854 855/855/855 
f 856/856/856 857/857/857 858/858/858 
f 859/859/859 860/860/860 861/861/861 
f 862/862/862 863/863/863 864/864/864 
f 865/865/865 866/866/866 867/867/867 
f 868/868/868 869/869/869 870/870/870 
f 871/871/871 872/872/872 873/873/873 
f 874/874/874 875/875/875 876/876/876 
f 877/877/877 878/878/878 879/879/879 
f 880/880/880 881/881/881 882/882/882 
f 883/883/883 884/884/884 885/885/885 
f 886/886/886 887/887/887 888/888/888 
f 889/889/889 890/890/890 891/891/891 
f 892/892/892 893/893/893 894/894/894 
f 895/895/895 896/896/896 897/897/897 
f 898/898/898 899/899/899 900/900/900 
f 901/901/901 902/902/902 903/903/903 
f 904/904/904 905/905/905 906/906/906 
f 907/907/907 908/908/908 909/909/909 
f 910/910/910 911/911/911 912/912/912 
f 913/913/913 914/914/914 915/915/915 
f 916/916/916 917/917/917 918/918/918 
f 919/919/919 920/920/920 921/921/921 
f 922/922/922 923/923/923 924/924/924 
f 925/925/925 926/926/926 927/927/927 
f 928/928/928 929/929/929 930/930/930 
f 931/931/931 932/932/932 933/933/933 
f 934/934/934 935/935/935 936/936/936 
f 937/937/937 938/938/938 939/939/939 
f 940/940/940 941/941/941 942/942/942 
f 943/943/943 944/944/944 945/945/945 
f 946/946/946 947/947/947 948/948/948 
f 949/949/949 950/950/950 951/951/951 
f 952/952/952 953/953/953 954/954/954 
f 955/955/955 956/956/956 957/957/957 
f 958/958/958 959/959/959 960/960/960 
f 961/961/961 962/962/962 963/963/963 
f 964/964/964 965/965/965 966/966/966 
f 967/967/967 968/968/968 969/969/969 
f 970/970/970 971/971/971 972/972/972 
f 973/973/973 974/974/974 975/975/975 
f 976/976/976 977/977/977 978/978/978 
f 979/979/979 980/980/980 981/981/981 
f 982/982/982 983/983/983 984/984/984 
f 985/985/985 986/986/986 987/987/987 
f 988/988/988 989/989/989 990/990/990 
f 991/991/991 992/992/992 993/993/993 
f 994/994/994 995/995/995 996/996/996 
f 997/997/997 998/998/998 999/999/999 
f 1000/1000/1000 1001/1001/1001 1002/1002/1002 
f 1003/1003/1003 1004/1004/1004 1005/1005/1005 
f 1006/1006/1006 1007/1007/1007 1008/1008/1008 
f 1009/1009/1009 1010/1010/1010 1011/1011/1011 
f 1012/1012/1012 1013/1013/1013 1014/1014/1014 
f 1015/1015/1015 1016/1016/1016 1017/1017/1017 
f 1018/1018/1018 1019/1019/1019 1020/1020/1020 
f 1021/1021/1021 1022/1022/1022 1023/1023/1023 
f 1024/1024/1024 1025/1025/1025 1026/1026/1026 
f 1027/1027/1027 1028/1028/1028 1029/1029/1029 
f 1030/1030/1030 1031/1031/1031 1032/1032/1032 
f 1033/1033/1033 1034/1034/1034 1035/1035/1035 
f 1036/1036/1036 1037/1037/1037 1038/1038/1038 
f 1039/1039/1039 1040/1040/1040 1041/1041/1041 
f 1042/1042/1042 1043/1043/1043 1044/1044/1044 
f 1045/1045/1045 1046/1046/1046 1047/1047/1047 
f 1048/1048/1048 1049/1049/1049 1050/1050/1050 
f 1051/1051/1051 1052/1052/1052 1053/1053/1053 
f 1054/1054/1054 1055/1055/1055 1056/1056/1056 
f 1057/1057/1057 1058/1058/1058 1059/1059/1059 
f 1060/1060/1060 1061/1061/1061 1062/1062/1062 
f 1063/1063/1063 1064/1064/1064 1065/1065/1065 
f 1066/1066/1066 1067/1067/1067 1068/1068/1068 
f 1069/1069/1069 1070/1070/1070 1071/1071/1071 
f 1072/1072/1072 1073/1073/1073 1074/1074/1074 
f 1075/1075/1075 1076/1076/1076 1077/1077/1077 
f 1078/1078/1078 1079/1079/1079 1080/1080/1080 
f 1081/1081/1081 1082/1082/1082 1083/1083/1083 
f 1084/1084/1084 1085/1085/1085 1086/1086/1086 
f 1087/1087/1087 1088/1088/1088 1089/1089/1089 
f 1090/1090/1090 1091/1091/1091 1092/1092/1092 
f 1093/1093/1093 1094/1094/1094 1095/1095/1095 
f 1096/1096/1096 1097/1097/1097 1098/1098/1098 
f 1099/1099/1099 1100/1100/1100 1101/1101/1101 
f 1102/1102/1102 1103/1103/1103 1104/1104/1104 
f 1105/1105/1105 1106/1106/1106 1107/1107/1107 
f 1108/1108/1108 1109/1109/1109 1110/1110/1110 
f 1111/1111/1111 1112/1112/1112 1113/1113/1113 
f 1114/1114/1114 1115/1115/1115 1116/1116/1116 
f 1117/1117/1117 1118/1118/1118 1119/1119/1119 
f 1120/1120/1120 1121/1121/1121 1122/1122/1122 
f 1123/1123/1123 1124/1124/1124 1125/1125/1125 
f 1126/1126/1126 1127/1127/1127 1128/1128/1128 
f 1129/1129/1129 1130/1130/1130 1131/1131/1131 
f 1132/1132/1132 1133/1133/1133 1134/1134/1134 
f 1135/1135/1135 1136/1136/1136 1137/1137/1137 
f 1138/1138/1138 1139/1139/1139 1140/1140/1140 
f 1141/1141/1141 1142/1142/1142 1143/1143/1143 
f 1144/1144/1144 1145/1145/1145 1146/1146/1146 
f 1147/1147/1147 1148/1148/1148 1149/1149/1149 
f 1150/1150/1150 1151/1151/1151 1152/1152/1152 
f 1153/1153/1153 1154/1154/1154 1155/1155/1155 
f 1156/1156/1156 1157/1157/1157 1158/1158/1158 
f 1159/1159/1159 1160/1160/1160 1161/1161/1161 
f 1162/1162/1162 1163/1163/1163 1164/1164/1164 
f 1165/1165/1165 1166/1166/1166 1167/1167/1167 
f 1168/1168/1168 1169/1169/1169 1170/1170/1170 
f 1171/1171/1171 1172/1172/1172 1173/1173/1173 
f 1174/1174/1174 1175/1175/1175 1176/1176/1176 
f 1177/1177/1177 1178/1178/1178 1179/1179/1179 
f 1180/1180/1180 1181/1181/1181 1182/1182/1182 
f 1183/1183/1183 1184/1184/1184 1185/1185/1185 
f 1186/1186/1186 1187/1187/1187 1188/1188/1188 
f 1189/1189/1189 1190/1190/1190 1191/1191/1191 
f 1192/1192/1192 1193/1193/1193 1194/1194/1194 
f 1195/1195/1195 1196/1196/1196 1197/1197/1197 
f 1198/1198/1198 1199/1199/1199 1200/1200/1200 
f 1201/1201/1201 1202/1202/1202 1203/1203/1203 
f 1204/1204/1204 1205/1205/1205 1206/1206/1206 
f 1207/1207/1207 1208/1208/1208 1209/1209/1209 
f 1210/1210/1210 1211/1211/1211 1212/1212/1212 
f 1213/1213/1213 1214/1214/1214 1215/1215/1215 
f 1216/1216/1216 1217/1217/1217 1218/1218/1218 
f 1219/1219/1219 1220/1220/1220 1221/1221/1221 
f 1222/1222/1222 1223/1223/1223 1224/1224/1224 
f 1225/1225/1225 1226/1226/1226 1227/1227/1227 
f 1228/1228/1228 1229/1229/1229 1230/1230/1230 
f 1231/1231/1231 1232/1232/1232 1233/1233/1233 
f 1234/1234/1234 1235/1235/1235 1236/1236/1236 
f 1237/1237/1237 1238/1238/1238 1239/1239/1239 
f 1240/1240/1240 1241/1241/1241 1242/1242/1242 
f 1243/1243/1243 1244/1244/1244 1245/1245/1245 
f 1246/1246/1246 1247/1247/1247 1248/1248/1248 
f 1249/1249/1249 1250/1250/1250 1251/1251/1251 
f 1252/1252/1252 1253/1253/1253 1254/1254/1254 
f 1255/1255/1255 1256/1256/1256 1257/1257/1257 
f 1258/1258/1258 1259/1259/1259 1260/1260/1260 
f 1261/1261/1261 1262/1262/1262 1263/1263/1263 
f 1264/1264/1264 1265/1265/1265 1266/1266/1266 
f 1267/1267/1267 1268/1268/1268 1269/1269/1269 
f 1270/1270/1270 1271/1271/1271 1272/1272/1272 
f 1273/1273/1273 1274/1274/1274 1275/1275/1275 
f 1276/1276/1276 1277/1277/1277 1278/1278/1278 
f 1279/1279/1279 1280/1280/1280 1281/1281/1281 
f 1282/1282/1282 1283/1283/1283 1284/1284/1284 
f 1285/1285/1285 1286/1286/1286 1287/1287/1287 
f 1288/1288/1288 1289/1289/1289 1290/1290/1290 
f 1291/1291/1291 1292/1292/1292 1293/1293/1293 
f 1294/1294/1294 1295/1295/1295 1296/1296/1296 
f 1297/1297/1297 1298/1298/1298 1299/1299/1299 
f 1300/1300/1300 1301/1301/1301 1302/1302/1302 
f 1303/1303/1303 1304/1304/1304 1305/1305/1305 
f 1306/1306/1306 1307/1307/1307 1308/1308/1308 
f 1309/1309/1309 1310/1310/1310 1311/1311/1311 
f 1312/1312/1312 1313/1313/1313 1314/1314/1314 
f 1315/1315/1315 1316/1316/1316 1317/1317/1317 
f 1318/1318/1318 1319/1319/1319 1320/1320/1320 
f 1321/1321/1321 1322/1322/1322 1323/1323/1323 
f 1324/1324/1324 1325/1325/1325 1326/1326/1326 
f 1327/1327/1327 1328/1328/1328 1329/1329/1329 
f 1330/1330/1330 1331/1331/1331 1332/1332/1332 
f 1333/1333/1333 1334/1334/1334 1335/1335/1335 
f 1336/1336/1336 1337/1337/1337 1338/1338/1338 
f 1339/1339/1339 1340/1340/1340 1341/1341/1341 
f 1342/1342/1342 1343/1343/1343 1344/1344/1344 
f 1345/1345/1345 1346/1346/1346 1347/1347/1347 
f 1348/1348/1348 1349/1349/1349 1350/1350/1350 
f 1351/1351/1351 1352/1352/1352 1353/1353/1353 
f 1354/1354/1354 1355/1355/1355 1356/1356/1356 
f 1357/1357/1357 1358/1358/1358 1359/1359/1359 
f 1360/1360/1360 1361/1361/1361 1362/1362/1362 
f 1363/1363/1363 1364/1364/1364 1365/1365/1365 
f 1366/1366/1366 1367/1367/1367 1368/1368/1368 
f 1369/1369/1369 1370/1370/1370 1371/1371/1371 
f 1372/1372/1372 1373/1373/1373 1374/1374/1374 
f 1375/1375/1375 1376/1376/1376 1377/1377/1377 
f 1378/1378/1378 1379/1379/1379 1380/1380/1380 
f 1381/1381/1381 1382/1382/1382 1383/1383/1383 
f 1384/1384/1384 1385/1385/1385 1386/1386/1386 
f 1387/1387/1387 1388/1388/1388 1389/1389/1389 
f 1390/1390/1390 1391/1391/1391 1392/1392/1392 
f 1393/1393/1393 1394/1394/1394 1395/1395/1395 
f 1396/1396/1396 1397/1397/1397 1398/1398/1398 
f 1399/1399/1399 1400/1400/1400 1401/1401/1401 
f 1402/1402/1402 1403/1403/1403 1404/1404/1404 
f 1405/1405/1405 1406/1406/1406 1407/1407/1407 
f 1408/1408/1408 1409/1409/1409 1410/1410/1410 
f 1411/1411/1411 1412/1412/1412 1413/1413/1413 
f 1414/1414/1414 1415/1415/1415 1416/1416/1416 
f 1417/1417/1417 1418/1418/1418 1419/1419/1419 
f 1420/1420/1420 1421/1421/1421 1422/1422/1422 
f 1423/1423/1423 1424/1424/1424 1425/1425/1425 
f 1426/1426/1426 1427/1427/1427 1428/1428/1428 
f 1429/1429/1429 1430/1430/1430 1431/1431/1431 
f 1432/1432/1432 1433/1433/1433 1434/1434/1434 
f 1435/1435/1435 1436/1436/1436 1437/1437/1437 
f 1438/1438/1438 1439/1439/1439 1440/1440/1440 
f 1441/1441/1441 1442/1442/1442 1443/1443/1443 
f 1444/1444/1444 1445/1445/1445 1446/1446/1446 
f 1447/1447/1447 1448/1448/1448 1449/1449/1449 
f 1450/1450/1450 1451/1451/1451 1452/1452/1452 
f 1453/1453/1453 1454/1454/1454 1455/1455/1455 
f 1456/1456/1456 1457/1457/1457 1458/1458/1458 
f 1459/1459/1459 1460/1460/1460 1461/1461/1461 
f 1462/1462/1462 1463/1463/1463 1464/1464/1464 
f 1465/1465/1465 1466/1466/1466 1467/1467/1467 
f 1468/1468/1468 1469/1469/1469 1470/1470/1470 
f 1471/1471/1471 1472/1472/1472 1473/1473/1473 
f 1474/1474/1474 1475/1475/1475 1476/1476/1476 
f 1477/1477/1477 1478/1478/1478 1479/1479/1479 
f 1480/1480/1480 1481/1481/1481 1482/1482/1482 
f 1483/1483/1483 1484/1484/1484 1485/1485/1485 
f 1486/1486/1486 1487/1487/1487 1488/1488/1488 
f 1489/1489/1489 1490/1490/1490 1491/1491/1491 
f 1492/1492/1492 1493/1493/1493 1494/1494/1494 
f 1495/1495/1495 1496/1496/1496 1497/1497/1497 
f 1498/1498/1498 1499/1499/1499 1500/1500/1500 
f 1501/1501/1501 1502/1502/1502 1503/1503/1503 
f 1504/1504/1504 1505/1505/1505 1506/1506/1506 
f 1507/1507/1507 1508/1508/1508 1509/1509/1509 
f 1510/1510/1510 1511/1511/1511 1512/1512/1512 
f 1513/1513/1513 1514/1514/1514 1515/1515/1515 
f 1516/1516/1516 1517/1517/1517 1518/1518/1518 
f 1519/1519/1519 1520/1520/1520 1521/1521/1521 
f 1522/1522/1522 1523/1523/1523 1524/1524/1524 
f 1525/1525/1525 1526/1526/1526 1527/1527/1527 
f 1528/1528/1528 1529/1529/1529 1530/1530/1530 
f 1531/1531/1531 1532/1532/1532 1533/1533/1533 
f 1534/1534/1534 1535/1535/1535 1536/1536/1536 
f 1537/1537/1537 1538/1538/1538 1539/1539/1539 
f 1540/1540/1540 1541/1541/1541 1542/1542/1542 
f 1543/1543/1543 1544/1544/1544 1545/1545/1545 
f 1546/1546/1546 1547/1547/1547 1548/1548/1548 
f 1549/1549/1549 1550/1550/1550 1551/1551/1551 
f 1552/1552/1552 1553/1553/1553 1554/1554/1554 
f 1555/1555/1555 1556/1556/1556 1557/1557/1557 
f 1558/1558/1558 1559/1559/1559 1560/1560/1560 
f 1561/1561/1561 1562/1562/1562 1563/1563/1563 
f 1564/1564/1564 1565/1565/1565 1566/1566/1566 
f 1567/1567/1567 1568/1568/1568 1569/1569/1569 
f 1570/1570/1570 1571/1571/1571 1572/1572/1572 
f 1573/1573/1573 1574/1574/1574 1575/1575/1575 
f 1576/1576/1576 1577/1577/1577 1578/1578/1578 
f 1579/1579/1579 1580/1580/1580 1581/1581/1581 
f 1582/1582/1582 1583/1583/1583 1584/1584/1584 
f 1585/1585/1585 1586/1586/1586 1587/1587/1587 
f 1588/1588/1588 1589/1589/1589 1590/1590/1590 
f 1591/1591/1591 1592/1592/1592 1593/1593/1593 
f 1594/1594/1594 1595/1595/1595 1596/1596/1596 
f 1597/1597/1597 1598/1598/1598 1599/1599/1599 
f 1600/1600/1600 1601/1601/1601 1602/1602/1602 
f 1603/1603/1603 1604/1604/1604 1605/1605/1605 
f 1606/1606/1606 1607/1607/1607 1608/1608/1608 
f 1609/1609/1609 1610/1610/1610 1611/1611/1611 
f 1612/1612/1612 1613/1613/1613 1614/1614/1614 
f 1615/1615/1615 1616/1616/1616 1617/1617/1617 
f 1618/1618/1618 1619/1619/1619 1620/1620/1620 
f 1621/1621/1621 1622/1622/1622 1623/1623/1623 
f 1624/1624/1624 1625/1625/1625 1626/1626/1626 
f 1627/1627/1627 1628/1628/1628 1629/1629/1629 
f 1630/1630/1630 1631/1631/1631 1632/1632/1632 
f 1633/1633/1633 1634/1634/1634 1635/1635/1635 
f 1636/1636/1636 1637/1637/1637 1638/1638/1638 
f 1639/1639/1639 1640/1640/1640 1641/1641/1641 
f 1642/1642/1642 1643/1643/1643 1644/1644/1644 
f 1645/1645/1645 1646/1646/1646 1647/1647/1647 
f 1648/1648/1648 1649/1649/1649 1650/1650/1650 
f 1651/1651/1651 1652/1652/1652 1653/1653/1653 
f 1654/1654/1654 1655/1655/1655 1656/1656/1656 
f 1657/1657/1657 1658/1658/1658 1659/1659/1659 
f 1660/1660/1660 1661/1661/1661 1662/1662/1662 
f 1663/1663/1663 1664/1664/1664 1665/1665/1665 
f 1666/1666/1666 1667/1667/1667 1668/1668/1668 
f 1669/1669/1669 1670/1670/1670 1671/1671/1671 
f 1672/1672/1672 1673/1673/1673 1674/1674/1674 
f 1675/1675/1675 1676/1676/1676 1677/1677/1677 
f 1678/1678/1678 1679/1679/1679 1680/1680/1680 
f 1681/1681/1681 1682/1682/1682 1683/1683/1683 
f 1684/1684/1684 1685/1685/1685 1686/1686/1686 
f 1687/1687/1687 1688/1688/1688 1689/1689/1689 
f 1690/1690/1690 1691/1691/1691 1692/1692/1692 
f 1693/1693/1693 1694/1694/1694 1695/1695/1695 
f 1696/1696/1696 1697/1697/1697 1698/1698/1698 
f 1699/1699/1699 1700/1700/1700 1701/1701/1701 
f 1702/1702/1702 1703/1703/1703 1704/1704/1704 
f 1705/1705/1705 1706/1706/1706 1707/1707/1707 
f 1708/1708/1708 1709/1709/1709 1710/1710/1710 
f 1711/1711/1711 1712/1712/1712 1713/1713/1713 
f 1714/1714/1714 1715/1715/1715 1716/1716/1716 
f 1717/1717/1717 1718/1718/1718 1719/1719/1719 
f 1720/1720/1720 1721/1721/1721 1722/1722/1722 
f 1723/1723/1723 1724/1724/1724 1725/1725/1725 
f 1726/1726/1726 1727/1727/1727 1728/1728/1728 
f 1729/1729/1729 1730/1730/1730 1731/1731/1731 
f 1732/1732/1732 1733/1733/1733 1734/1734/1734 
f 1735/1735/1735 1736/1736/1736 1737/1737/1737 
f 1738/1738/1738 1739/1739/1739 1740/1740/1740 
f 1741/1741/1741 1742/1742/1742 1743/1743/1743 
f 1744/1744/1744 1745/1745/1745 1746/1746/1746 
f 1747/1747/1747 1748/1748/1748 1749/1749/1749 
f 1750/1750/1750 1751/1751/1751 1752/1752/1752 
f 1753/1753/1753 1754/1754/1754 1755/1755/1755 
f 1756/1756/1756 1757/1757/1757 1758/1758/1758 
f 1759/1759/1759 1760/1760/1760 1761/1761/1761 
f 1762/1762/1762 1763/1763/1763 1764/1764/1764 
f 1765/1765/1765 1766/1766/1766 1767/1767/1767 
f 1768/1768/1768 1769/1769/1769 1770/1770/1770 
f 1771/1771/1771 1772/1772/1772 1773/1773/1773 
f 1774/1774/1774 1775/1775/1775 1776/1776/1776 
f 1777/1777/1777 1778/1778/1778 1779/1779/1779 
f 1780/1780/1780 1781/1781/1781 1782/1782/1782 
f 1783/1783/1783 1784/1784/1784 1785/1785/1785 
f 1786/1786/1786 1787/1787/1787 1788/1788/1788 
f 1789/1789/1789 1790/1790/1790 1791/1791/1791 
f 1792/1792/1792 1793/1793/1793 1794/1794/1794 
f 1795/1795/1795 1796/1796/1796 1797/1797/1797 
f 1798/1798/1798 1799/1799/1799 1800/1800/1800 
f 1801/1801/1801 1802/1802/1802 1803/1803/1803 
f 1804/1804/1804 1805/1805/1805 1806/1806/1806 
f 1807/1807/1807 1808/1808/1808 1809/1809/1809 
f 1810/1810/1810 1811/1811/1811 1812/1812/1812 
f 1813/1813/1813 1814/1814/1814 1815/1815/1815 
f 1816/1816/1816 1817/1817/1817 1818/1818/1818 
f 1819/1819/1819 1820/1820/1820 1821/1821/1821 
f 1822/1822/1822 1823/1823/1823 1824/1824/1824 
f 1825/1825/1825 1826/1826/1826 1827/1827/1827 
f 1828/1828/1828 1829/1829/1829 1830/1830/1830 
f 1831/1831/1831 1832/1832/1832 1833/1833/1833 
f 1834/1834/1834 1835/1835/1835 1836/1836/1836 
f 1837/1837/1837 1838/1838/1838 1839/1839/1839 
f 1840/1840/1840 1841/1841/1841 1842/1842/1842 
f 1843/1843/1843 1844/1844/1844 1845/1845/1845 
f 1846/1846/1846 1847/1847/1847 1848/1848/1848 
f 1849/1849/1849 1850/1850/1850 1851/1851/1851 
f 1852/1852/1852 1853/1853/1853 1854/1854/1854 
f 1855/1855/1855 1856/1856/1856 1857/1857/1857 
f 1858/1858/1858 1859/1859/1859 1860/1860/1860 
f 1861/1861/1861 1862/1862/1862 1863/1863/1863 
f 1864/1864/1864 1865/1865/1865 1866/1866/1866 
f 1867/1867/1867 1868/1868/1868 1869/1869/1869 
f 1870/1870/1870 1871/1871/1871 1872/1872/1872 
f 1873/1873/1873 1874/1874/1874 1875/1875/1875 
f 1876/1876/1876 1877/1877/1877 1878/1878/1878 
f 1879/1879/1879 1880/1880/1880 1881/1881/1881 
f 1882/1882/1882 1883/1883/1883 1884/1884/1884 
f 1885/1885/1885 1886/1886/1886 1887/1887/1887 
f 1888/1888/1888 1889/1889/1889 1890/1890/1890 
f 1891/1891/1891 1892/1892/1892 1893/1893/1893 
f 1894/1894/1894 1895/1895/1895 1896/1896/1896 
f 1897/1897/1897 1898/1898/1898 1899/1899/1899 
f 1900/1900/1900 1901/1901/1901 1902/1902/1902 
f 1903/1903/1903 1904/1904/1904 1905/1905/1905 
f 1906/1906/1906 1907/1907/1907 1908/1908/1908 
f 1909/1909/1909 1910/1910/1910 1911/1911/1911 
f 1912/1912/1912 1913/1913/1913 1914/1914/1914 
f 1915/1915/1915 1916/1916/1916 1917/1917/1917 
f 1918/1918/1918 1919/1919/1919 1920/1920/1920 
f 1921/1921/1921 1922/1922/1922 1923/1923/1923 
f 1924/1924/1924 1925/1925/1925 1926/1926/1926 
f 1927/1927/1927 1928/1928/1928 1929/1929/1929 
f 1930/1930/1930 1931/1931/1931 1932/1932/1932 
f 1933/1933/1933 1934/1934/1934 1935/1935/1935 
f 1936/1936/1936 1937/1937/1937 1938/1938/1938 
f 1939/1939/1939 1940/1940/1940 1941/1941/1941 
f 1942/1942/1942 1943/1943/1943 1944/1944/1944 
f 1945/1945/1945 1946/1946/1946 1947/1947/1947 
f 1948/1948/1948 1949/1949/1949 1950/1950/1950 
f 1951/1951/1951 1952/1952/1952 1953/1953/1953 
f 1954/1954/1954 1955/1955/1955 1956/1956/1956 
f 1957/1957/1957 1958/1958/1958 1959/1959/1959 
f 1960/1960/1960 1961/1961/1961 1962/1962/1962 
f 1963/1963/1963 1964/1964/1964 1965/1965/1965 
f 1966/1966/1966 1967/1967/1967 1968/1968/1968 
f 1969/1969/1969 1970/1970/1970 1971/1971/1971 
f 1972/1972/1972 1973/1973/1973 1974/1974/1974 
f 1975/1975/1975 1976/1976/1976 1977/1977/1977 
f 1978/1978/1978 1979/1979/1979 1980/1980/1980 
f 1981/1981/1981 1982/1982/1982 1983/1983/1983 
f 1984/1984/1984 1985/1985/1985 1986/1986/1986 
f 1987/1987/1987 1988/1988/1988 1989/1989/1989 
f 1990/1990/1990 1991/1991/1991 1992/1992/1992 
f 1993/1993/1993 1994/1994/1994 1995/1995/1995 
f 1996/1996/1996 1997/1997/1997 1998/1998/1998 
f 1999/1999/1999 2000/2000/2000 2001/2001/2001 
f 2002/2002/2002 2003/2003/2003 2004/2004/2004 
f 2005/2005/2005 2006/2006/2006 2007/2007/2007 
f 2008/2008/2008 2009/2009/2009 2010/2010/2010 
f 2011/2011/2011 2012/2012/2012 2013/2013/2013 
f 2014/2014/2014 2015/2015/2015 2016/2016/2016 
f 2017/2017/2017 2018/2018/2018 2019/2019/2019 
f 2020/2020/2020 2021/2021/2021 2022/2022/2022 
f 2023/2023/2023 2024/2024/2024 2025/2025/2025 
f 2026/2026/2026 2027/2027/2027 2028/2028/2028 
f 2029/2029/2029 2030/2030/2030 2031/2031/2031 
f 2032/2032/2032 2033/2033/2033 2034/2034/2034 
f 2035/2035/2035 2036/2036/2036 2037/2037/2037 
f 2038/2038/2038 2039/2039/2039 2040/2040/2040 
f 2041/2041/2041 2042/2042/2042 2043/2043/2043 
f 2044/2044/2044 2045/2045/2045 2046/2046/2046 
f 2047/2047/2047 2048/2048/2048 2049/2049/2049 
f 2050/2050/2050 2051/2051/2051 2052/2052/2052 
f 2053/2053/2053 2054/2054/2054 2055/2055/2055 
f 2056/2056/2056 2057/2057/2057 2058/2058/2058 
f 2059/2059/2059 2060/2060/2060 2061/2061/2061 
f 2062/2062/2062 2063/2063/2063 2064/2064/2064 
f 2065/2065/2065 2066/2066/2066 2067/2067/2067 
f 2068/2068/2068 2069/2069/2069 2070/2070/2070 
f 2071/2071/2071 2072/2072/2072 2073/2073/2073 
f 2074/2074/2074 2075/2075/2075 2076/2076/2076 
f 2077/2077/2077 2078/2078/2078 2079/2079/2079 
f 2080/2080/2080 2081/2081/2081 2082/2082/2082 
f 2083/2083/2083 2084/2084/2084 2085/2085/2085 
f 2086/2086/2086 2087/2087/2087 2088/2088/2088 
f 2089/2089/2089 2090/2090/2090 2091/2091/2091 
f 2092/2092/2092 2093/2093/2093 2094/2094/2094 
f 2095/2095/2095 2096/2096/2096 2097/2097/2097 
f 2098/2098/2098 2099/2099/2099 2100/2100/2100 
f 2101/2101/2101 2102/2102/2102 2103/2103/2103 
f 2104/2104/2104 2105/2105/2105 2106/2106/2106 
f 2107/2107/2107 2108/2108/2108 2109/2109/2109 
f 2110/2110/2110 2111/2111/2111 2112/2112/2112 
f 2113/2113/2113 2114/2114/2114 2115/2115/2115 
f 2116/2116/2116 2117/2117/2117 2118/2118/2118 
f 2119/2119/2119 2120/2120/2120 2121/2121/2121 
f 2122/2122/2122 2123/2123/2123 2124/2124/2124 
f 2125/2125/2125 2126/2126/2126 2127/2127/2127 
f 2128/2128/2128 2129/2129/2129 2130/2130/2130 
f 2131/2131/2131 2132/2132/2132 2133/2133/2133 
f 2134/2134/2134 2135/2135/2135 2136/2136/2136 
f 2137/2137/2137 2138/2138/2138 2139/2139/2139 
f 2140/2140/2140 2141/2141/2141 2142/2142/2142 
f 2143/2143/2143 2144/2144/2144 2145/2145/2145 
f 2146/2146/2146 2147/2147/2147 2148/2148/2148 
f 2149/2149/2149 2150/2150/2150 2151/2151/2151 
f 2152/2152/2152 2153/2153/2153 2154/2154/2154 
f 2155/2155/2155 2156/2156/2156 2157/2157/2157 
f 2158/2158/2158 2159/2159/2159 2160/2160/2160 
f 2161/2161/2161 2162/2162/2162 2163/2163/2163 
f 2164/2164/2164 2165/2165/2165 2166/2166/2166 
f 2167/2167/2167 2168/2168/2168 2169/2169/2169 
f 2170/2170/2170 2171/2171/2171 2172/2172/2172 
f 2173/2173/2173 2174/2174/2174 2175/2175/2175 
f 2176/2176/2176 2177/2177/2177 2178/2178/2178 
f 2179/2179/2179 2180/2180/2180 2181/2181/2181 
f 2182/2182/2182 2183/2183/2183 2184/2184/2184 
f 2185/2185/2185 2186/2186/2186 2187/2187/2187 
f 2188/2188/2188 2189/2189/2189 2190/2190/2190 
f 2191/2191/2191 2192/2192/2192 2193/2193/2193 
f 2194/2194/2194 2195/2195/2195 2196/2196/2196 
f 2197/2197/2197 2198/2198/2198 2199/2199/2199 
f 2200/2200/2200 2201/2201/2201 2202/2202/2202 
f 2203/2203/2203 2204/2204/2204 2205/2205/2205 
f 2206/2206/2206 2207/2207/2207 2208/2208/2208 
f 2209/2209/2209 2210/2210/2210 2211/2211/2211 
f 2212/2212/2212 2213/2213/2213 2214/2214/2214 
f 2215/2215/2215 2216/2216/2216 2217/2217/2217 
f 2218/2218/2218 2219/2219/2219 2220/2220/2220 
f 2221/2221/2221 2222/2222/2222 2223/2223/2223 
f 2224/2224/2224 2225/2225/2225 2226/2226/2226 
f 2227/2227/2227 2228/2228/2228 2229/2229/2229 
f 2230/2230/2230 2231/2231/2231 2232/2232/2232 
f 2233/2233/2233 2234/2234/2234 2235/2235/2235 
f 2236/2236/2236 2237/2237/2237 2238/2238/2238 
f 2239/2239/2239 2240/2240/2240 2241/2241/2241 
f 2242/2242/2242 2243/2243/2243 2244/2244/2244 
f 2245/2245/2245 2246/2246/2246 2247/2247/2247 
f 2248/2248/2248 2249/2249/2249 2250/2250/2250 
f 2251/2251/2251 2252/2252/2252 2253/2253/2253 
f 2254/2254/2254 2255/2255/2255 2256/2256/2256 
f 2257/2257/2257 2258/2258/2258 2259/2259/2259 
f 2260/2260/2260 2261/2261/2261 2262/2262/2262 
f 2263/2263/2263 2264/2264/2264 2265/2265/2265 
f 2266/2266/2266 2267/2267/2267 2268/2268/2268 
f 2269/2269/2269 2270/2270/2270 2271/2271/2271 
f 2272/2272/2272 2273/2273/2273 2274/2274/2274 
f 2275/2275/2275 2276/2276/2276 2277/2277/2277 
f 2278/2278/2278 2279/2279/2279 2280/2280/2280 
f 2281/2281/2281 2282/2282/2282 2283/2283/2283 
f 2284/2284/2284 2285/2285/2285 2286/2286/2286 
f 2287/2287/2287 2288/2288/2288 2289/2289/2289 
f 2290/2290/2290 2291/2291/2291 2292/2292/2292 
f 2293/2293/2293 2294/2294/2294 2295/2295/2295 
f 2296/2296/2296 2297/2297/2297 2298/2298/2298 
f 2299/2299/2299 2300/2300/2300 2301/2301/2301 
f 2302/2302/2302 2303/2303/2303 2304/2304/2304 
f 2305/2305/2305 2306/2306/2306 2307/2307/2307 
f 2308/2308/2308 2309/2309/2309 2310/2310/2310 
f 2311/2311/2311 2312/2312/2312 2313/2313/2313 
f 2314/2314/2314 2315/2315/2315 2316/2316/2316 
f 2317/2317/2317 2318/2318/2318 2319/2319/2319 
f 2320/2320/2320 2321/2321/2321 2322/2322/2322 
f 2323/2323/2323 2324/2324/2324 2325/2325/2325 
f 2326/2326/2326 2327/2327/2327 2328/2328/2328 
f 2329/2329/2329 2330/2330/2330 2331/2331/2331 
f 2332/2332/2332 2333/2333/2333 2334/2334/2334 
f 2335/2335/2335 2336/2336/2336 2337/2337/2337 
f 2338/2338/2338 2339/2339/2339 2340/2340/2340 
f 2341/2341/2341 2342/2342/2342 2343/2343/2343 
f 2344/2344/2344 2345/2345/2345 2346/2346/2346 
f 2347/2347/2347 2348/2348/2348 2349/2349/2349 
f 2350/2350/2350 2351/2351/2351 2352/2352/2352 
f 2353/2353/2353 2354/2354/2354 2355/2355/2355 
f 2356/2356/2356 2357/2357/2357 2358/2358/2358 
f 2359/2359/2359 2360/2360/2360 2361/2361/2361 
f 2362/2362/2362 2363/2363/2363 2364/2364/2364 
f 2365/2365/2365 2366/2366/2366 2367/2367/2367 
f 2368/2368/2368 2369/2369/2369 2370/2370/2370 
f 2371/2371/2371 2372/2372/2372 2373/2373/2373 
f 2374/2374/2374 2375/2375/2375 2376/2376/2376 
f 2377/2377/2377 2378/2378/2378 2379/2379/2379 
f 2380/2380/2380 2381/2381/2381 2382/2382/2382 
f 2383/2383/2383 2384/2384/2384 2385/2385/2385 
f 2386/2386/2386 2387/2387/2387 2388/2388/2388 
f 2389/2389/2389 2390/2390/2390 2391/2391/2391 
f 2392/2392/2392 2393/2393/2393 2394/2394/2394 
f 2395/2395/2395 2396/2396/2396 2397/2397/2397 
f 2398/2398/2398 2399/2399/2399 2400/2400/2400 
f 2401/2401/2401 2402/2402/2402 2403/2403/2403 
f 2404/2404/2404 2405/2405/2405 2406/2406/2406 
f 2407/2407/2407 2408/2408/2408 2409/2409/2409 
f 2410/2410/2410 2411/2411/2411 2412/2412/2412 
f 2413/2413/2413 2414/2414/2414 2415/2415/2415 
f 2416/2416/2416 2417/2417/2417 2418/2418/2418 
f 2419/2419/2419 2420/2420/2420 2421/2421/2421 
f 2422/2422/2422 2423/2423/2423 2424/2424/2424 
f 2425/2425/2425 2426/2426/2426 2427/2427/2427 
f 2428/2428/2428 2429/2429/2429 2430/2430/2430 
f 2431/2431/2431 2432/2432/2432 2433/2433/2433 
f 2434/2434/2434 2435/2435/2435 2436/2436/2436 
f 2437/2437/2437 2438/2438/2438 2439/2439/2439 
f 2440/2440/2440 2441/2441/2441 2442/2442/2442 
f 2443/2443/2443 2444/2444/2444 2445/2445/2445 
f 2446/2446/2446 2447/2447/2447 2448/2448/2448 
f 2449/2449/2449 2450/2450/2450 2451/2451/2451 
f 2452/2452/2452 2453/2453/2453 2454/2454/2454 
f 2455/2455/2455 2456/2456/2456 2457/2457/2457 
f 2458/2458/2458 2459/2459/2459 2460/2460/2460 
f 2461/2461/2461 2462/2462/2462 2463/2463/2463 
f 2464/2464/2464 2465/2465/2465 2466/2466/2466 
f 2467/2467/2467 2468/2468/2468 2469/2469/2469 
f 2470/2470/2470 2471/2471/2471 2472/2472/2472 
f 2473/2473/2473 2474/2474/2474 2475/2475/2475 
f 2476/2476/2476 2477/2477/2477 2478/2478/2478 
f 2479/2479/2479 2480/2480/2480 2481/2481/2481 
f 2482/2482/2482 2483/2483/2483 2484/2484/2484 
f 2485/2485/2485 2486/2486/2486 2487/2487/2487 
f 2488/2488/2488 2489/2489/2489 2490/2490/2490 
f 2491/2491/2491 2492/2492/2492 2493/2493/2493 
f 2494/2494/2494 2495/2495/2495 2496/2496/2496 
f 2497/2497/2497 2498/2498/2498 2499/2499/2499 
f 2500/2500/2500 2501/2501/2501 2502/2502/2502 
f 2503/2503/2503 2504/2504/2504 2505/2505/2505 
f 2506/2506/2506 2507/2507/2507 2508/2508/2508 
f 2509/2509/2509 2510/2510/2510 2511/2511/2511 
f 2512/2512/2512 2513/2513/2513 2514/2514/2514 
f 2515/2515/2515 2516/2516/2516 2517/2517/2517 
f 2518/2518/2518 2519/2519/2519 2520/2520/2520 
f 2521/2521/2521 2522/2522/2522 2523/2523/2523 
f 2524/2524/2524 2525/2525/2525 2526/2526/2526 
f 2527/2527/2527 2528/2528/2528 2529/2529/2529 
f 2530/2530/2530 2531/2531/2531 2532/2532/2532 
f 2533/2533/2533 2534/2534/2534 2535/2535/2535 
f 2536/2536/2536 2537/2537/2537 2538/2538/2538 
f 2539/2539/2539 2540/2540/2540 2541/2541/2541 
f 2542/2542/2542 2543/2543/2543 2544/2544/2544 
f 2545/2545/2545 2546/2546/2546 2547/2547/2547 
f 2548/2548/2548 2549/2549/2549 2550/2550/2550 
f 2551/2551/2551 2552/2552/2552 2553/2553/2553 
f 2554/2554/2554 2555/2555/2555 2556/2556/2556 
f 2557/2557/2557 2558/2558/2558 2559/2559/2559 
f 2560/2560/2560 2561/2561/2561 2562/2562/2562 
f 2563/2563/2563 2564/2564/2564 2565/2565/2565 
f 2566/2566/2566 2567/2567/2567 2568/2568/2568 
f 2569/2569/2569 2570/2570/2570 2571/2571/2571 
f 2572/2572/2572 2573/2573/2573 2574/2574/2574 
f 2575/2575/2575 2576/2576/2576 2577/2577/2577 
f 2578/2578/2578 2579/2579/2579 2580/2580/2580 
f 2581/2581/2581 2582/2582/2582 2583/2583/2583 
f 2584/2584/2584 2585/2585/2585 2586/2586/2586 
f 2587/2587/2587 2588/2588/2588 2589/2589/2589 
f 2590/2590/2590 2591/2591/2591 2592/2592/2592 
f 2593/2593/2593 2594/2594/2594 2595/2595/2595 
f 2596/2596/2596 2597/2597/2597 2598/2598/2598 
f 2599/2599/2599 2600/2600/2600 2601/2601/2601 
f 2602/2602/2602 2603/2603/2603 2604/2604/2604 
f 2605/2605/2605 2606/2606/2606 2607/2607/2607 
f 2608/2608/2608 2609/2609/2609 2610/2610/2610 
f 2611/2611/2611 2612/2612/2612 2613/2613/2613 
f 2614/2614/2614 2615/2615/2615 2616/2616/2616 
f 2617/2617/2617 2618/2618/2618 2619/2619/2619 
f 2620/2620/2620 2621/2621/2621 2622/2622/2622 
f 2623/2623/2623 2624/2624/2624 2625/2625/2625 
f 2626/2626/2626 2627/2627/2627 2628/2628/2628 
f 2629/2629/2629 2630/2630/2630 2631/2631/2631 
f 2632/2632/2632 2633/2633/2633 2634/2634/2634 
f 2635/2635/2635 2636/2636/2636 2637/2637/2637 
f 2638/2638/2638 2639/2639/2639 2640/2640/2640 
f 2641/2641/2641 2642/2642/2642 2643/2643/2643 
f 2644/2644/2644 2645/2645/2645 2646/2646/2646 
f 2647/2647/2647 2648/2648/2648 2649/2649/2649 
f 2650/2650/2650 2651/2651/2651 2652/2652/2652 
f 2653/2653/2653 2654/2654/2654 2655/2655/2655 
f 2656/2656/2656 2657/2657/2657 2658/2658/2658 
f 2659/2659/2659 2660/2660/2660 2661/2661/2661 
f 2662/2662/2662 2663/2663/2663 2664/2664/2664 
f 2665/2665/2665 2666/2666/2666 2667/2667/2667 
f 2668/2668/2668 2669/2669/2669 2670/2670/2670 
f 2671/2671/2671 2672/2672/2672 2673/2673/2673 
f 2674/2674/2674 2675/2675/2675 2676/2676/2676 
f 2677/2677/2677 2678/2678/2678 2679/2679/2679 
f 2680/2680/2680 2681/2681/2681 2682/2682/2682 
f 2683/2683/2683 2684/2684/2684 2685/2685/2685 
f 2686/2686/2686 2687/2687/2687 2688/2688/2688 
f 2689/2689/2689 2690/2690/2690 2691/2691/2691 
f 2692/2692/2692 2693/2693/2693 2694/2694/2694 
f 2695/2695/2695 2696/2696/2696 2697/2697/2697 
f 2698/2698/2698 2699/2699/2699 2700/2700/2700 
f 2701/2701/2701 2702/2702/2702 2703/2703/2703 
f 2704/2704/2704 2705/2705/2705 2706/2706/2706 
f 2707/2707/2707 2708/2708/2708 2709/2709/2709 
f 2710/2710/2710 2711/2711/2711 2712/2712/2712 
f 2713/2713/2713 2714/2714/2714 2715/2715/2715 
f 2716/2716/2716 2717/2717/2717 2718/2718/2718 
f 2719/2719/2719 2720/2720/2720 2721/2721/2721 
f 2722/2722/2722 2723/2723/2723 2724/2724/2724 
f 2725/2725/2725 2726/2726/2726 2727/2727/2727 
f 2728/2728/2728 2729/2729/2729 2730/2730/2730 
f 2731/2731/2731 2732/2732/2732 2733/2733/2733 
f 2734/2734/2734 2735/2735/2735 2736/2736/2736 
f 2737/2737/2737 2738/2738/2738 2739/2739/2739 
f 2740/2740/2740 2741/2741/2741 2742/2742/2742 
f 2743/2743/2743 2744/2744/2744 2745/2745/2745 
f 2746/2746/2746 2747/2747/2747 2748/2748/2748 
f 2749/2749/2749 2750/2750/2750 2751/2751/2751 
f 2752/2752/2752 2753/2753/2753 2754/2754/2754 
f 2755/2755/2755 2756/2756/2756 2757/2757/2757 
f 2758/2758/2758 2759/2759/2759 2760/2760/2760 
f 2761/2761/2761 2762/2762/2762 2763/2763/2763 
f 2764/2764/2764 2765/2765/2765 2766/2766/2766 
f 2767/2767/2767 2768/2768/2768 2769/2769/2769 
f 2770/2770/2770 2771/2771/2771 2772/2772/2772 
f 2773/2773/2773 2774/2774/2774 2775/2775/2775 
f 2776/2776/2776 2777/2777/2777 2778/2778/2778 
f 2779/2779/2779 2780/2780/2780 2781/2781/2781 
f 2782/2782/2782 2783/2783/2783 2784/2784/2784 
f 2785/2785/2785 2786/2786/2786 2787/2787/2787 
f 2788/2788/2788 2789/2789/2789 2790/2790/2790 
f 2791/2791/2791 2792/2792/2792 2793/2793/2793 
f 2794/2794/2794 2795/2795/2795 2796/2796/2796 
f 2797/2797/2797 2798/2798/2798 2799/2799/2799 
f 2800/2800/2800 2801/2801/2801 2802/2802/2802 
f 2803/2803/2803 2804/2804/2804 2805/2805/2805 
f 2806/2806/2806 2807/2807/2807 2808/2808/2808 
f 2809/2809/2809 2810/2810/2810 2811/2811/2811 
f 2812/2812/2812 2813/2813/2813 2814/2814/2814 
f 2815/2815/2815 2816/2816/2816 2817/2817/2817 
f 2818/2818/2818 2819/2819/2819 2820/2820/2820 
f 2821/2821/2821 2822/2822/2822 2823/2823/2823 
f 2824/2824/2824 2825/2825/2825 2826/2826/2826 
f 2827/2827/2827 2828/2828/2828 2829/2829/2829 
f 2830/2830/2830 2831/2831/2831 2832/2832/2832 
f 2833/2833/2833 2834/2834/2834 2835/2835/2835 
f 2836/2836/2836 2837/2837/2837 2838/2838/2838 
f 2839/2839/2839 2840/2840/2840 2841/2841/2841 
f 2842/2842/2842 2843/2843/2843 2844/2844/2844 
f 2845/2845/2845 2846/2846/2846 2847/2847/2847 
f 2848/2848/2848 2849/2849/2849 2850/2850/2850 
f 2851/2851/2851 2852/2852/2852 2853/2853/2853 
f 2854/2854/2854 2855/2855/2855 2856/2856/2856 
f 2857/2857/2857 2858/2858/2858 2859/2859/2859 
f 2860/2860/2860 2861/2861/2861 2862/2862/2862 
f 2863/2863/2863 2864/2864/2864 2865/2865/2865 
f 2866/2866/2866 2867/2867/2867 2868/2868/2868 
f 2869/2869/2869 2870/2870/2870 2871/2871/2871 
f 2872/2872/2872 2873/2873/2873 2874/2874/2874 
f 2875/2875/2875 2876/2876/2876 2877/2877/2877 
f 2878/2878/2878 2879/2879/2879 2880/2880/2880 
f 2881/2881/2881 2882/2882/2882 2883/2883/2883 
f 2884/2884/2884 2885/2885/2885 2886/2886/2886 
f 2887/2887/2887 2888/2888/2888 2889/2889/2889 
f 2890/2890/2890 2891/2891/2891 2892/2892/2892 
f 2893/2893/2893 2894/2894/2894 2895/2895/2895 
f 2896/2896/2896 2897/2897/2897 2898/2898/2898 
f 2899/2899/2899 2900/2900/2900 2901/2901/2901 
f 2902/2902/2902 2903/2903/2903 2904/2904/2904 
f 2905/2905/2905 2906/2906/2906 2907/2907/2907 
f 2908/2908/2908 2909/2909/2909 2910/2910/2910 
f 2911/2911/2911 2912/2912/2912 2913/2913/2913 
f 2914/2914/2914 2915/2915/2915 2916/2916/2916 
f 2917/2917/2917 2918/2918/2918 2919/2919/2919 
f 2920/2920/2920 2921/2921/2921 2922/2922/2922 
f 2923/2923/2923 2924/2924/2924 2925/2925/2925 
f 2926/2926/2926 2927/2927/2927 2928/2928/2928 
f 2929/2929/2929 2930/2930/2930 2931/2931/2931 
f 2932/2932/2932 2933/2933/2933 2934/2934/2934 
f 2935/2935/2935 2936/2936/2936 2937/2937/2937 
f 2938/2938/2938 2939/2939/2939 2940/2940/2940 
f 2941/2941/2941 2942/2942/2942 2943/2943/2943 
f 2944/2944/2944 2945/2945/2945 2946/2946/2946 
f 2947/2947/2947 2948/2948/2948 2949/2949/2949 
f 2950/2950/2950 2951/2951/2951 2952/2952/2952 
f 2953/2953/2953 2954/2954/2954 2955/2955/2955 
f 2956/2956/2956 2957/2957/2957 2958/2958/2958 
f 2959/2959/2959 2960/2960/2960 2961/2961/2961 
f 2962/2962/2962 2963/2963/2963 2964/2964/2964 
f 2965/2965/2965 2966/2966/2966 2967/2967/2967 
f 2968/2968/2968 2969/2969/2969 2970/2970/2970 
f 2971/2971/2971 2972/2972/2972 2973/2973/2973 
f 2974/2974/2974 2975/2975/2975 2976/2976/2976 
f 2977/2977/2977 2978/2978/2978 2979/2979/2979 
f 2980/2980/2980 2981/2981/2981 2982/2982/2982 
f 2983/2983/2983 2984/2984/2984 2985/2985/2985 
f 2986/2986/2986 2987/2987/2987 2988/2988/2988 
f 2989/2989/2989 2990/2990/2990 2991/2991/2991 
f 2992/2992/2992 2993/2993/2993 2994/2994/2994 
f 2995/2995/2995 2996/2996/2996 2997/2997/2997 
f 2998/2998/2998 2999/2999/2999 3000/3000/3000 
f 3001/3001/3001 3002/3002/3002 3003/3003/3003 
f 3004/3004/3004 3005/3005/3005 3006/3006/3006 
f 3007/3007/3007 3008/3008/3008 3009/3009/3009 
f 3010/3010/3010 3011/3011/3011 3012/3012/3012 
f 3013/3013/3013 3014/3014/3014 3015/3015/3015 
f 3016/3016/3016 3017/3017/3017 3018/3018/3018 
f 3019/3019/3019 3020/3020/3020 3021/3021/3021 
f 3022/3022/3022 3023/3023/3023 3024/3024/3024 
f 3025/3025/3025 3026/3026/3026 3027/3027/3027 
f 3028/3028/3028 3029/3029/3029 3030/3030/3030 
f 3031/3031/3031 3032/3032/3032 3033/3033/3033 
f 3034/3034/3034 3035/3035/3035 3036/3036/3036 
f 3037/3037/3037 3038/3038/3038 3039/3039/3039 
f 3040/3040/3040 3041/3041/3041 3042/3042/3042 
f 3043/3043/3043 3044/3044/3044 3045/3045/3045 
f 3046/3046/3046 3047/3047/3047 3048/3048/3048 
f 3049/3049/3049 3050/3050/3050 3051/3051/3051 
f 3052/3052/3052 3053/3053/3053 3054/3054/3054 
f 3055/3055/3055 3056/3056/3056 3057/3057/3057 
f 3058/3058/3058 3059/3059/3059 3060/3060/3060 
f 3061/3061/3061 3062/3062/3062 3063/3063/3063 
f 3064/3064/3064 3065/3065/3065 3066/3066/3066 
f 3067/3067/3067 3068/3068/3068 3069/3069/3069 
f 3070/3070/3070 3071/3071/3071 3072/3072/3072 
f 3073/3073/3073 3074/3074/3074 3075/3075/3075 
f 3076/3076/3076 3077/3077/3077 3078/3078/3078 
f 3079/3079/3079 3080/3080/3080 3081/3081/3081 
f 3082/3082/3082 3083/3083/3083 3084/3084/3084 
f 3085/3085/3085 3086/3086/3086 3087/3087/3087 
f 3088/3088/3088 3089/3089/3089 3090/3090/3090 
f 3091/3091/3091 3092/3092/3092 3093/3093/3093 
f 3094/3094/3094 3095/3095/3095 3096/3096/3096 
f 3097/3097/3097 3098/3098/3098 3099/3099/3099 
f 3100/3100/3100 3101/3101/3101 3102/3102/3102 
f 3103/3103/3103 3104/3104/3104 3105/3105/3105 
f 3106/3106/3106 3107/3107/3107 3108/3108/3108 
f 3109/3109/3109 3110/3110/3110 3111/3111/3111 
f 3112/3112/3112 3113/3113/3113 3114/3114/3114 
f 3115/3115/3115 3116/3116/3116 3117/3117/3117 
f 3118/3118/3118 3119/3119/3119 3120/3120/3120 
f 3121/3121/3121 3122/3122/3122 3123/3123/3123 
f 3124/3124/3124 3125/3125/3125 3126/3126/3126 
f 3127/3127/3127 3128/3128/3128 3129/3129/3129 
f 3130/3130/3130 3131/3131/3131 3132/3132/3132 
f 3133/3133/3133 3134/3134/3134 3135/3135/3135 
f 3136/3136/3136 3137/3137/3137 3138/3138/3138 
f 3139/3139/3139 3140/3140/3140 3141/3141/3141 
f 3142/3142/3142 3143/3143/3143 3144/3144/3144 
f 3145/3145/3145 3146/3146/3146 3147/3147/3147 
f 3148/3148/3148 3149/3149/3149 3150/3150/3150 
f 3151/3151/3151 3152/3152/3152 3153/3153/3153 
f 3154/3154/3154 3155/3155/3155 3156/3156/3156 
f 3157/3157/3157 3158/3158/3158 3159/3159/3159 
f 3160/3160/3160 3161/3161/3161 3162/3162/3162 
f 3163/3163/3163 3164/3164/3164 3165/3165/3165 
f 3166/3166/3166 3167/3167/3167 3168/3168/3168 
f 3169/3169/3169 3170/3170/3170 3171/3171/3171 
f 3172/3172/3172 3173/3173/3173 3174/3174/3174 
f 3175/3175/3175 3176/3176/3176 3177/3177/3177 
f 3178/3178/3178 3179/3179/3179 3180/3180/3180 
f 3181/3181/3181 3182/3182/3182 3183/3183/3183 
f 3184/3184/3184 3185/3185/3185 3186/3186/3186 
f 3187/3187/3187 3188/3188/3188 3189/3189/3189 
f 3190/3190/3190 3191/3191/3191 3192/3192/3192 
f 3193/3193/3193 3194/3194/3194 3195/3195/3195 
f 3196/3196/3196 3197/3197/3197 3198/3198/3198 
f 3199/3199/3199 3200/3200/3200 3201/3201/3201 
f 3202/3202/3202 3203/3203/3203 3204/3204/3204 
f 3205/3205/3205 3206/3206/3206 3207/3207/3207 
f 3208/3208/3208 3209/3209/3209 3210/3210/3210 
f 3211/3211/3211 3212/3212/3212 3213/3213/3213 
f 3214/3214/3214 3215/3215/3215 3216/3216/3216 
f 3217/3217/3217 3218/3218/3218 3219/3219/3219 
f 3220/3220/3220 3221/3221/3221 3222/3222/3222 
f 3223/3223/3223 3224/3224/3224 3225/3225/3225 
f 3226/3226/3226 3227/3227/3227 3228/3228/3228 
f 3229/3229/3229 3230/3230/3230 3231/3231/3231 
f 3232/3232/3232 3233/3233/3233 3234/3234/3234 
f 3235/3235/3235 3236/3236/3236 3237/3237/3237 
f 3238/3238/3238 3239/3239/3239 3240/3240/3240 
f 3241/3241/3241 3242/3242/3242 3243/3243/3243 
f 3244/3244/3244 3245/3245/3245 3246/3246/3246 
f 3247/3247/3247 3248/3248/3248 3249/3249/3249 
f 3250/3250/3250 3251/3251/3251 3252/3252/3252 
f 3253/3253/3253 3254/3254/3254 3255/3255/3255 
f 3256/3256/3256 3257/3257/3257 3258/3258/3258 
f 3259/3259/3259 3260/3260/3260 3261/3261/3261 
f 3262/3262/3262 3263/3263/3263 3264/3264/3264 
f 3265/3265/3265 3266/3266/3266 3267/3267/3267 
f 3268/3268/3268 3269/3269/3269 3270/3270/3270 
f 3271/3271/3271 3272/3272/3272 3273/3273/3273 
f 3274/3274/3274 3275/3275/3275 3276/3276/3276 
f 3277/3277/3277 3278/3278/3278 3279/3279/3279 
f 3280/3280/3280 3281/3281/3281 3282/3282/3282 
f 3283/3283/3283 3284/3284/3284 3285/3285/3285 
f 3286/3286/3286 3287/3287/3287 3288/3288/3288 
f 3289/3289/3289 3290/3290/3290 3291/3291/3291 
f 3292/3292/3292 3293/3293/3293 3294/3294/3294 
f 3295/3295/3295 3296/3296/3296 3297/3297/3297 
f 3298/3298/3298 3299/3299/3299 3300/3300/3300 
f 3301/3301/3301 3302/3302/3302 3303/3303/3303 
f 3304/3304/3304 3305/3305/3305 3306/3306/3306 
f 3307/3307/3307 3308/3308/3308 3309/3309/3309 
f 3310/3310/3310 3311/3311/3311 3312/3312/3312 
f 3313/3313/3313 3314/3314/3314 3315/3315/3315 
f 3316/3316/3316 3317/3317/3317 3318/3318/3318 
f 3319/3319/3319 3320/3320/3320 3321/3321/3321 
f 3322/3322/3322 3323/3323/3323 3324/3324/3324 
f 3325/3325/3325 3326/3326/3326 3327/3327/3327 
f 3328/3328/3328 3329/3329/3329 3330/3330/3330 
f 3331/3331/3331 3332/3332/3332 3333/3333/3333 
f 3334/3334/3334 3335/3335/3335 3336/3336/3336 
f 3337/3337/3337 3338/3338/3338 3339/3339/3339 
f 3340/3340/3340 3341/3341/3341 3342/3342/3342 
f 3343/3343/3343 3344/3344/3344 3345/3345/3345 
f 3346/3346/3346 3347/3347/3347 3348/3348/3348 
f 3349/3349/3349 3350/3350/3350 3351/3351/3351 
f 3352/3352/3352 3353/3353/3353 3354/3354/3354 
f 3355/3355/3355 3356/3356/3356 3357/3357/3357 
f 3358/3358/3358 3359/3359/3359 3360/3360/3360 
f 3361/3361/3361 3362/3362/3362 3363/3363/3363 
f 3364/3364/3364 3365/3365/3365 3366/3366/3366 
f 3367/3367/3367 3368/3368/3368 3369/3369/3369 
f 3370/3370/3370 3371/3371/3371 3372/3372/3372 
f 3373/3373/3373 3374/3374/3374 3375/3375/3375 
f 3376/3376/3376 3377/3377/3377 3378/3378/3378 
f 3379/3379/3379 3380/3380/3380 3381/3381/3381 
f 3382/3382/3382 3383/3383/3383 3384/3384/3384 
f 3385/3385/3385 3386/3386/3386 3387/3387/3387 
f 3388/3388/3388 3389/3389/3389 3390/3390/3390 
f 3391/3391/3391 3392/3392/3392 3393/3393/3393 
f 3394/3394/3394 3395/3395/3395 3396/3396/3396 
f 3397/3397/3397 3398/3398/3398 3399/3399/3399 
f 3400/3400/3400 3401/3401/3401 3402/3402/3402 
f 3403/3403/3403 3404/3404/3404 3405/3405/3405 
f 3406/3406/3406 3407/3407/3407 3408/3408/3408 
f 3409/3409/3409 3410/3410/3410 3411/3411/3411 
f 3412/3412/3412 3413/3413/3413 3414/3414/3414 
f 3415/3415/3415 3416/3416/3416 3417/3417/3417 
f 3418/3418/3418 3419/3419/3419 3420/3420/3420 
f 3421/3421/3421 3422/3422/3422 3423/3423/3423 
f 3424/3424/3424 3425/3425/3425 3426/3426/3426 
f 3427/3427/3427 3428/3428/3428 3429/3429/3429 
f 3430/3430/3430 3431/3431/3431 3432/3432/3432 
f 3433/3433/3433 3434/3434/3434 3435/3435/3435 
f 3436/3436/3436 3437/3437/3437 3438/3438/3438 
f 3439/3439/3439 3440/3440/3440 3441/3441/3441 
f 3442/3442/3442 3443/3443/3443 3444/3444/3444 
f 3445/3445/3445 3446/3446/3446 3447/3447/3447 
f 3448/3448/3448 3449/3449/3449 3450/3450/3450 
f 3451/3451/3451 3452/3452/3452 3453/3453/3453 
f 3454/3454/3454 3455/3455/3455 3456/3456/3456 
f 3457/3457/3457 3458/3458/3458 3459/3459/3459 
f 3460/3460/3460 3461/3461/3461 3462/3462/3462 
f 3463/3463/3463 3464/3464/3464 3465/3465/3465 
f 3466/3466/3466 3467/3467/3467 3468/3468/3468 
f 3469/3469/3469 3470/3470/3470 3471/3471/3471 
f 3472/3472/3472 3473/3473/3473 3474/3474/3474 
f 3475/3475/3475 3476/3476/3476 3477/3477/3477 
f 3478/3478/3478 3479/3479/3479 3480/3480/3480 
f 3481/3481/3481 3482/3482/3482 3483/3483/3483 
f 3484/3484/3484 3485/3485/3485 3486/3486/3486 
f 3487/3487/3487 3488/3488/3488 3489/3489/3489 
f 3490/3490/3490 3491/3491/3491 3492/3492/3492 
f 3493/3493/3493 3494/3494/3494 3495/3495/3495 
f 3496/3496/3496 3497/3497/3497 3498/3498/3498 
f 3499/3499/3499 3500/3500/3500 3501/3501/3501 
f 3502/3502/3502 3503/3503/3503 3504/3504/3504 
f 3505/3505/3505 3506/3506/3506 3507/3507/3507 
f 3508/3508/3508 3509/3509/3509 3510/3510/3510 
f 3511/3511/3511 3512/3512/3512 3513/3513/3513 
f 3514/3514/3514 3515/3515/3515 3516/3516/3516 
f 3517/3517/3517 3518/3518/3518 3519/3519/3519 
f 3520/3520/3520 3521/3521/3521 3522/3522/3522 
f 3523/3523/3523 3524/3524/3524 3525/3525/3525 
f 3526/3526/3526 3527/3527/3527 3528/3528/3528 
f 3529/3529/3529 3530/3530/3530 3531/3531/3531 
f 3532/3532/3532 3533/3533/3533 3534/3534/3534 
f 3535/3535/3535 3536/3536/3536 3537/3537/3537 
f 3538/3538/3538 3539/3539/3539 3540/3540/3540 
f 3541/3541/3541 3542/3542/3542 3543/3543/3543 
f 3544/3544/3544 3545/3545/3545 3546/3546/3546 
f 3547/3547/3547 3548/3548/3548 3549/3549/3549 
f 3550/3550/3550 3551/3551/3551 3552/3552/3552 
f 3553/3553/3553 3554/3554/3554 3555/3555/3555 
f 3556/3556/3556 3557/3557/3557 3558/3558/3558 
f 3559/3559/3559 3560/3560/3560 3561/3561/3561 
f 3562/3562/3562 3563/3563/3563 3564/3564/3564 
f 3565/3565/3565 3566/3566/3566 3567/3567/3567 
f 3568/3568/3568 3569/3569/3569 3570/3570/3570 
f 3571/3571/3571 3572/3572/3572 3573/3573/3573 
f 3574/3574/3574 3575/3575/3575 3576/3576/3576 
f 3577/3577/3577 3578/3578/3578 3579/3579/3579 
f 3580/3580/3580 3581/3581/3581 3582/3582/3582 
f 3583/3583/3583 3584/3584/3584 3585/3585/3585 
f 3586/3586/3586 3587/3587/3587 3588/3588/3588 
f 3589/3589/3589 3590/3590/3590 3591/3591/3591 
f 3592/3592/3592 3593/3593/3593 3594/3594/3594 
f 3595/3595/3595 3596/3596/3596 3597/3597/3597 
f 3598/3598/3598 3599/3599/3599 3600/3600/3600 
f 3601/3601/3601 3602/3602/3602 3603/3603/3603 
f 3604/3604/3604 3605/3605/3605 3606/3606/3606 
f 3607/3607/3607 3608/3608/3608 3609/3609/3609 
f 3610/3610/3610 3611/3611/3611 3612/3612/3612 
f 3613/3613/3613 3614/3614/3614 3615/3615/3615 
f 3616/3616/3616 3617/3617/3617 3618/3618/3618 
f 3619/3619/3619 3620/3620/3620 3621/3621/3621 
f 3622/3622/3622 3623/3623/3623 3624/3624/3624 
f 3625/3625/3625 3626/3626/3626 3627/3627/3627 
f 3628/3628/3628 3629/3629/3629 3630/3630/3630 
f 3631/3631/3631 3632/3632/3632 3633/3633/3633 
f 3634/3634/3634 3635/3635/3635 3636/3636/3636 
f 3637/3637/3637 3638/3638/3638 3639/3639/3639 
f 3640/3640/3640 3641/3641/3641 3642/3642/3642 
f 3643/3643/3643 3644/3644/3644 3645/3645/3645 
f 3646/3646/3646 3647/3647/3647 3648/3648/3648 
f 3649/3649/3649 3650/3650/3650 3651/3651/3651 
f 3652/3652/3652 3653/3653/3653 3654/3654/3654 
f 3655/3655/3655 3656/3656/3656 3657/3657/3657 
f 3658/3658/3658 3659/3659/3659 3660/3660/3660 
f 3661/3661/3661 3662/3662/3662 3663/3663/3663 
f 3664/3664/3664 3665/3665/3665 3666/3666/3666 
f 3667/3667/3667 3668/3668/3668 3669/3669/3669 
f 3670/3670/3670 3671/3671/3671 3672/3672/3672 
f 3673/3673/3673 3674/3674/3674 3675/3675/3675 
f 3676/3676/3676 3677/3677/3677 3678/3678/3678 
f 3679/3679/3679 3680/3680/3680 3681/3681/3681 
f 3682/3682/3682 3683/3683/3683 3684/3684/3684 
f 3685/3685/3685 3686/3686/3686 3687/3687/3687 
f 3688/3688/3688 3689/3689/3689 3690/3690/3690 
f 3691/3691/3691 3692/3692/3692 3693/3693/3693 
f 3694/3694/3694 3695/3695/3695 3696/3696/3696 
f 3697/3697/3697 3698/3698/3698 3699/3699/3699 
f 3700/3700/3700 3701/3701/3701 3702/3702/3702 
f 3703/3703/3703 3704/3704/3704 3705/3705/3705 
f 3706/3706/3706 3707/3707/3707 3708/3708/3708 
f 3709/3709/3709 3710/3710/3710 3711/3711/3711 
f 3712/3712/3712 3713/3713/3713 3714/3714/3714 
f 3715/3715/3715 3716/3716/3716 3717/3717/3717 
f 3718/3718/3718 3719/3719/3719 3720/3720/3720 
f 3721/3721/3721 3722/3722/3722 3723/3723/3723 
f 3724/3724/3724 3725/3725/3725 3726/3726/3726 
f 3727/3727/3727 3728/3728/3728 3729/3729/3729 
f 3730/3730/3730 3731/3731/3731 3732/3732/3732 
f 3733/3733/3733 3734/3734/3734 3735/3735/3735 
f 3736/3736/3736 3737/3737/3737 3738/3738/3738 
f 3739/3739/3739 3740/3740/3740 3741/3741/3741 
f 3742/3742/3742 3743/3743/3743 3744/3744/3744 
f 3745/3745/3745 3746/3746/3746 3747/3747/3747 
f 3748/3748/3748 3749/3749/3749 3750/3750/3750 
f 3751/3751/3751 3752/3752/3752 3753/3753/3753 
f 3754/3754/3754 3755/3755/3755 3756/3756/3756 
f 3757/3757/3757 3758/3758/3758 3759/3759/3759 
f 3760/3760/3760 3761/3761/3761 3762/3762/3762 
f 3763/3763/3763 3764/3764/3764 3765/3765/3765 
f 3766/3766/3766 3767/3767/3767 3768/3768/3768 
f 3769/3769/3769 3770/3770/3770 3771/3771/3771 
f 3772/3772/3772 3773/3773/3773 3774/3774/3774 
f 3775/3775/3775 3776/3776/3776 3777/3777/3777 
f 3778/3778/3778 3779/3779/3779 3780/3780/3780 
f 3781/3781/3781 3782/3782/3782 3783/3783/3783 
f 3784/3784/3784 3785/3785/3785 3786/3786/3786 
f 3787/3787/3787 3788/3788/3788 3789/3789/3789 
f 3790/3790/3790 3791/3791/3791 3792/3792/3792 
f 3793/3793/3793 3794/3794/3794 3795/3795/3795 
f 3796/3796/3796 3797/3797/3797 3798/3798/3798 
f 3799/3799/3799 3800/3800/3800 3801/3801/3801 
f 3802/3802/3802 3803/3803/3803 3804/3804/3804 
f 3805/3805/3805 3806/3806/3806 3807/3807/3807 
f 3808/3808/3808 3809/3809/3809 3810/3810/3810 
f 3811/3811/3811 3812/3812/3812 3813/3813/3813 
f 3814/3814/3814 3815/3815/3815 3816/3816/3816 
f 3817/3817/3817 3818/3818/3818 3819/3819/3819 
f 3820/3820/3820 3821/3821/3821 3822/3822/3822 
f 3823/3823/3823 3824/3824/3824 3825/3825/3825 
f 3826/3826/3826 3827/3827/3827 3828/3828/3828 
f 3829/3829/3829 3830/3830/3830 3831/3831/3831 
f 3832/3832/3832 3833/3833/3833 3834/3834/3834 
f 3835/3835/3835 3836/3836/3836 3837/3837/3837 
f 3838/3838/3838 3839/3839/3839 3840/3840/3840 
f 3841/3841/3841 3842/3842/3842 3843/3843/3843 
f 3844/3844/3844 3845/3845/3845 3846/3846/3846 
f 3847/3847/3847 3848/3848/3848 3849/3849/3849 
f 3850/3850/3850 3851/3851/3851 3852/3852/3852 
f 3853/3853/3853 3854/3854/3854 3855/3855/3855 
f 3856/3856/3856 3857/3857/3857 3858/3858/3858 
f 3859/3859/3859 3860/3860/3860 3861/3861/3861 
f 3862/3862/3862 3863/3863/3863 3864/3864/3864 
f 3865/3865/3865 3866/3866/3866 3867/3867/3867 
f 3868/3868/3868 3869/3869/3869 3870/3870/3870 
f 3871/3871/3871 3872/3872/3872 3873/3873/3873 
f 3874/3874/3874 3875/3875/3875 3876/3876/3876 
f 3877/3877/3877 3878/3878/3878 3879/3879/3879 
f 3880/3880/3880 3881/3881/3881 3882/3882/3882 
f 3883/3883/3883 3884/3884/3884 3885/3885/3885 
f 3886/3886/3886 3887/3887/3887 3888/3888/3888 
f 3889/3889/3889 3890/3890/3890 3891/3891/3891 
f 3892/3892/3892 3893/3893/3893 3894/3894/3894 
f 3895/3895/3895 3896/3896/3896 3897/3897/3897 
f 3898/3898/3898 3899/3899/3899 3900/3900/3900 
f 3901/3901/3901 3902/3902/3902 3903/3903/3903 
f 3904/3904/3904 3905/3905/3905 3906/3906/3906 
f 3907/3907/3907 3908/3908/3908 3909/3909/3909 
f 3910/3910/3910 3911/3911/3911 3912/3912/3912 
f 3913/3913/3913 3914/3914/3914 3915/3915/3915 
f 3916/3916/3916 3917/3917/3917 3918/3918/3918 
f 3919/3919/3919 3920/3920/3920 3921/3921/3921 
f 3922/3922/3922 3923/3923/3923 3924/3924/3924 
f 3925/3925/3925 3926/3926/3926 3927/3927/3927 
f 3928/3928/3928 3929/3929/3929 3930/3930/3930 
f 3931/3931/3931 3932/3932/3932 3933/3933/3933 
f 3934/3934/3934 3935/3935/3935 3936/3936/3936 
f 3937/3937/3937 3938/3938/3938 3939/3939/3939 
f 3940/3940/3940 3941/3941/3941 3942/3942/3942 
f 3943/3943/3943 3944/3944/3944 3945/3945/3945 
f 3946/3946/3946 3947/3947/3947 3948/3948/3948 
f 3949/3949/3949 3950/3950/3950 3951/3951/3951 
f 3952/3952/3952 3953/3953/3953 3954/3954/3954 
f 3955/3955/3955 3956/3956/3956 3957/3957/3957 
f 3958/3958/3958 3959/3959/3959 3960/3960/3960 
f 3961/3961/3961 3962/3962/3962 3963/3963/3963 
f 3964/3964/3964 3965/3965/3965 3966/3966/3966 
f 3967/3967/3967 3968/3968/3968 3969/3969/3969 
f 3970/3970/3970 3971/3971/3971 3972/3972/3972 
f 3973/3973/3973 3974/3974/3974 3975/3975/3975 
f 3976/3976/3976 3977/3977/3977 3978/3978/3978 
f 3979/3979/3979 3980/3980/3980 3981/3981/3981 
f 3982/3982/3982 3983/3983/3983 3984/3984/3984 
f 3985/3985/3985 3986/3986/3986 3987/3987/3987 
f 3988/3988/3988 3989/3989/3989 3990/3990/3990 
f 3991/3991/3991 3992/3992/3992 3993/3993/3993 
f 3994/3994/3994 3995/3995/3995 3996/3996/3996 
f 3997/3997/3997 3998/3998/3998 3999/3999/3999 
f 4000/4000/4000 4001/4001/4001 4002/4002/4002 
f 4003/4003/4003 4004/4004/4004 4005/4005/4005 
f 4006/4006/4006 4007/4007/4007 4008/4008/4008 
f 4009/4009/4009 4010/4010/4010 4011/4011/4011 
f 4012/4012/4012 4013/4013/4013 4014/4014/4014 
f 4015/4015/4015 4016/4016/4016 4017/4017/4017 
f 4018/4018/4018 4019/4019/4019 4020/4020/4020 
f 4021/4021/4021 4022/4022/4022 4023/4023/4023 
f 4024/4024/4024 4025/4025/4025 4026/4026/4026 
f 4027/4027/4027 4028/4028/4028 4029/4029/4029 
f 4030/4030/4030 4031/4031/4031 4032/4032/4032 
f 4033/4033/4033 4034/4034/4034 4035/4035/4035 
f 4036/4036/4036 4037/4037/4037 4038/4038/4038 
f 4039/4039/4039 4040/4040/4040 4041/4041/4041 
f 4042/4042/4042 4043/4043/4043 4044/4044/4044 
f 4045/4045/4045 4046/4046/4046 4047/4047/4047 
f 4048/4048/4048 4049/4049/4049 4050/4050/4050 
f 4051/4051/4051 4052/4052/4052 4053/4053/4053 
f 4054/4054/4054 4055/4055/4055 4056/4056/4056 
f 4057/4057/4057 4058/4058/4058 4059/4059/4059 
f 4060/4060/4060 4061/4061/4061 4062/4062/4062 
f 4063/4063/4063 4064/4064/4064 4065/4065/4065 
f 4066/4066/4066 4067/4067/4067 4068/4068/4068 
f 4069/4069/4069 4070/4070/4070 4071/4071/4071 
f 4072/4072/4072 4073/4073/4073 4074/4074/4074 
f 4075/4075/4075 4076/4076/4076 4077/4077/4077 
f 4078/4078/4078 4079/4079/4079 4080/4080/4080 
f 4081/4081/4081 4082/4082/4082 4083/4083/4083 
f 4084/4084/4084 4085/4085/4085 4086/4086/4086 
f 4087/4087/4087 4088/4088/4088 4089/4089/4089 
f 4090/4090/4090 4091/4091/4091 4092/4092/4092 
f 4093/4093/4093 4094/4094/4094 4095/4095/4095 
f 4096/4096/4096 4097/4097/4097 4098/4098/4098 
f 4099/4099/4099 4100/4100/4100 4101/4101/4101 
f 4102/4102/4102 4103/4103/4103 4104/4104/4104 
f 4105/4105/4105 4106/4106/4106 4107/4107/4107 
f 4108/4108/4108 4109/4109/4109 4110/4110/4110 
f 4111/4111/4111 4112/4112/4112 4113/4113/4113 
f 4114/4114/4114 4115/4115/4115 4116/4116/4116 
f 4117/4117/4117 4118/4118/4118 4119/4119/4119 
f 4120/4120/4120 4121/4121/4121 4122/4122/4122 
f 4123/4123/4123 4124/4124/4124 4125/4125/4125 
f 4126/4126/4126 4127/4127/4127 4128/4128/4128 
f 4129/4129/4129 4130/4130/4130 4131/4131/4131 
f 4132/4132/4132 4133/4133/4133 4134/4134/4134 
f 4135/4135/4135 4136/4136/4136 4137/4137/4137 
f 4138/4138/4138 4139/4139/4139 4140/4140/4140 
f 4141/4141/4141 4142/4142/4142 4143/4143/4143 
f 4144/4144/4144 4145/4145/4145 4146/4146/4146 
f 4147/4147/4147 4148/4148/4148 4149/4149/4149 
f 4150/4150/4150 4151/4151/4151 4152/4152/4152 
f 4153/4153/4153 4154/4154/4154 4155/4155/4155 
f 4156/4156/4156 4157/4157/4157 4158/4158/4158 
f 4159/4159/4159 4160/4160/4160 4161/4161/4161 
f 4162/4162/4162 4163/4163/4163 4164/4164/4164 
f 4165/4165/4165 4166/4166/4166 4167/4167/4167 
f 4168/4168/4168 4169/4169/4169 4170/4170/4170 
f 4171/4171/4171 4172/4172/4172 4173/4173/4173 
f 4174/4174/4174 4175/4175/4175 4176/4176/4176 
f 4177/4177/4177 4178/4178/4178 4179/4179/4179 
f 4180/4180/4180 4181/4181/4181 4182/4182/4182 
f 4183/4183/4183 4184/4184/4184 4185/4185/4185 
f 4186/4186/4186 4187/4187/4187 4188/4188/4188 
f 4189/4189/4189 4190/4190/4190 4191/4191/4191 
f 4192/4192/4192 4193/4193/4193 4194/4194/4194 
f 4195/4195/4195 4196/4196/4196 4197/4197/4197 
f 4198/4198/4198 4199/4199/4199 4200/4200/4200 
f 4201/4201/4201 4202/4202/4202 4203/4203/4203 
f 4204/4204/4204 4205/4205/4205 4206/4206/4206 
f 4207/4207/4207 4208/4208/4208 4209/4209/4209 
f 4210/4210/4210 4211/4211/4211 4212/4212/4212 
f 4213/4213/4213 4214/4214/4214 4215/4215/4215 
f 4216/4216/4216 4217/4217/4217 4218/4218/4218 
f 4219/4219/4219 4220/4220/4220 4221/4221/4221 
f 4222/4222/4222 4223/4223/4223 4224/4224/4224 
f 4225/4225/4225 4226/4226/4226 4227/4227/4227 
f 4228/4228/4228 4229/4229/4229 4230/4230/4230 
f 4231/4231/4231 4232/4232/4232 4233/4233/4233 
f 4234/4234/4234 4235/4235/4235 4236/4236/4236 
f 4237/4237/4237 4238/4238/4238 4239/4239/4239 
f 4240/4240/4240 4241/4241/4241 4242/4242/4242 
f 4243/4243/4243 4244/4244/4244 4245/4245/4245 
f 4246/4246/4246 4247/4247/4247 4248/4248/4248 
f 4249/4249/4249 4250/4250/4250 4251/4251/4251 
f 4252/4252/4252 4253/4253/4253 4254/4254/4254 
f 4255/4255/4255 4256/4256/4256 4257/4257/4257 
f 4258/4258/4258 4259/4259/4259 4260/4260/4260 
f 4261/4261/4261 4262/4262/4262 4263/4263/4263 
f 4264/4264/4264 4265/4265/4265 4266/4266/4266 
f 4267/4267/4267 4268/4268/4268 4269/4269/4269 
f 4270/4270/4270 4271/4271/4271 4272/4272/4272 
f 4273/4273/4273 4274/4274/4274 4275/4275/4275 
f 4276/4276/4276 4277/4277/4277 4278/4278/4278 
f 4279/4279/4279 4280/4280/4280 4281/4281/4281 
f 4282/4282/4282 4283/4283/4283 4284/4284/4284 
f 4285/4285/4285 4286/4286/4286 4287/4287/4287 
f 4288/4288/4288 4289/4289/4289 4290/4290/4290 
f 4291/4291/4291 4292/4292/4292 4293/4293/4293 
f 4294/4294/4294 4295/4295/4295 4296/4296/4296 
f 4297/4297/4297 4298/4298/4298 4299/4299/4299 
f 4300/4300/4300 4301/4301/4301 4302/4302/4302 
f 4303/4303/4303 4304/4304/4304 4305/4305/4305 
f 4306/4306/4306 4307/4307/4307 4308/4308/4308 
f 4309/4309/4309 4310/4310/4310 4311/4311/4311 
f 4312/4312/4312 4313/4313/4313 4314/4314/4314 
f 4315/4315/4315 4316/4316/4316 4317/4317/4317 
f 4318/4318/4318 4319/4319/4319 4320/4320/4320 
f 4321/4321/4321 4322/4322/4322 4323/4323/4323 
f 4324/4324/4324 4325/4325/4325 4326/4326/4326 
f 4327/4327/4327 4328/4328/4328 4329/4329/4329 
f 4330/4330/4330 4331/4331/4331 4332/4332/4332 
f 4333/4333/4333 4334/4334/4334 4335/4335/4335 
f 4336/4336/4336 4337/4337/4337 4338/4338/4338 
f 4339/4339/4339 4340/4340/4340 4341/4341/4341 
f 4342/4342/4342 4343/4343/4343 4344/4344/4344 
f 4345/4345/4345 4346/4346/4346 4347/4347/4347 
f 4348/4348/4348 4349/4349/4349 4350/4350/4350 
f 4351/4351/4351 4352/4352/4352 4353/4353/4353 
f 4354/4354/4354 4355/4355/4355 4356/4356/4356 
f 4357/4357/4357 4358/4358/4358 4359/4359/4359 
f 4360/4360/4360 4361/4361/4361 4362/4362/4362 
f 4363/4363/4363 4364/4364/4364 4365/4365/4365 
f 4366/4366/4366 4367/4367/4367 4368/4368/4368 
f 4369/4369/4369 4370/4370/4370 4371/4371/4371 
f 4372/4372/4372 4373/4373/4373 4374/4374/4374 
f 4375/4375/4375 4376/4376/4376 4377/4377/4377 
f 4378/4378/4378 4379/4379/4379 4380/4380/4380 
f 4381/4381/4381 4382/4382/4382 4383/4383/4383 
f 4384/4384/4384 4385/4385/4385 4386/4386/4386 
f 4387/4387/4387 4388/4388/4388 4389/4389/4389 
f 4390/4390/4390 4391/4391/4391 4392/4392/4392 
f 4393/4393/4393 4394/4394/4394 4395/4395/4395 
f 4396/4396/4396 4397/4397/4397 4398/4398/4398 
f 4399/4399/4399 4400/4400/4400 4401/4401/4401 
f 4402/4402/4402 4403/4403/4403 4404/4404/4404 
f 4405/4405/4405 4406/4406/4406 4407/4407/4407 
f 4408/4408/4408 4409/4409/4409 4410/4410/4410 
f 4411/4411/4411 4412/4412/4412 4413/4413/4413 
f 4414/4414/4414 4415/4415/4415 4416/4416/4416 
f 4417/4417/4417 4418/4418/4418 4419/4419/4419 
f 4420/4420/4420 4421/4421/4421 4422/4422/4422 
f 4423/4423/4423 4424/4424/4424 4425/4425/4425 
f 4426/4426/4426 4427/4427/4427 4428/4428/4428 
f 4429/4429/4429 4430/4430/4430 4431/4431/4431 
f 4432/4432/4432 4433/4433/4433 4434/4434/4434 
f 4435/4435/4435 4436/4436/4436 4437/4437/4437 
f 4438/4438/4438 4439/4439/4439 4440/4440/4440 
f 4441/4441/4441 4442/4442/4442 4443/4443/4443 
f 4444/4444/4444 4445/4445/4445 4446/4446/4446 
f 4447/4447/4447 4448/4448/4448 4449/4449/4449 
f 4450/4450/4450 4451/4451/4451 4452/4452/4452 
f 4453/4453/4453 4454/4454/4454 4455/4455/4455 
f 4456/4456/4456 4457/4457/4457 4458/4458/4458 
f 4459/4459/4459 4460/4460/4460 4461/4461/4461 
f 4462/4462/4462 4463/4463/4463 4464/4464/4464 
f 4465/4465/4465 4466/4466/4466 4467/4467/4467 
f 4468/4468/4468 4469/4469/4469 4470/4470/4470 
f 4471/4471/4471 4472/4472/4472 4473/4473/4473 
f 4474/4474/4474 4475/4475/4475 4476/4476/4476 
f 4477/4477/4477 4478/4478/4478 4479/4479/4479 
f 4480/4480/4480 4481/4481/4481 4482/4482/4482 
f 4483/4483/4483 4484/4484/4484 4485/4485/4485 
f 4486/4486/4486 4487/4487/4487 4488/4488/4488 
f 4489/4489/4489 4490/4490/4490 4491/4491/4491 
f 4492/4492/4492 4493/4493/4493 4494/4494/4494 
f 4495/4495/4495 4496/4496/4496 4497/4497/4497 
f 4498/4498/4498 4499/4499/4499 4500/4500/4500 
f 4501/4501/4501 4502/4502/4502 4503/4503/4503 
f 4504/4504/4504 4505/4505/4505 4506/4506/4506 
f 4507/4507/4507 4508/4508/4508 4509/4509/4509 
f 4510/4510/4510 4511/4511/4511 4512/4512/4512 
f 4513/4513/4513 4514/4514/4514 4515/4515/4515 
f 4516/4516/4516 4517/4517/4517 4518/4518/4518 
f 4519/4519/4519 4520/4520/4520 4521/4521/4521 
f 4522/4522/4522 4523/4523/4523 4524/4524/4524 
f 4525/4525/4525 4526/4526/4526 4527/4527/4527 
f 4528/4528/4528 4529/4529/4529 4530/4530/4530 
f 4531/4531/4531 4532/4532/4532 4533/4533/4533 
f 4534/4534/4534 4535/4535/4535 4536/4536/4536 
f 4537/4537/4537 4538/4538/4538 4539/4539/4539 
f 4540/4540/4540 4541/4541/4541 4542/4542/4542 
f 4543/4543/4543 4544/4544/4544 4545/4545/4545 
f 4546/4546/4546 4547/4547/4547 4548/4548/4548 
f 4549/4549/4549 4550/4550/4550 4551/4551/4551 
f 4552/4552/4552 4553/4553/4553 4554/4554/4554 
f 4555/4555/4555 4556/4556/4556 4557/4557/4557 
f 4558/4558/4558 4559/4559/4559 4560/4560/4560 
f 4561/4561/4561 4562/4562/4562 4563/4563/4563 
f 4564/4564/4564 4565/4565/4565 4566/4566/4566 
f 4567/4567/4567 4568/4568/4568 4569/4569/4569 
f 4570/4570/4570 4571/4571/4571 4572/4572/4572 
f 4573/4573/4573 4574/4574/4574 4575/4575/4575 
f 4576/4576/4576 4577/4577/4577 4578/4578/4578 
f 4579/4579/4579 4580/4580/4580 4581/4581/4581 
f 4582/4582/4582 4583/4583/4583 4584/4584/4584 
f 4585/4585/4585 4586/4586/4586 4587/4587/4587 
f 4588/4588/4588 4589/4589/4589 4590/4590/4590 
f 4591/4591/4591 4592/4592/4592 4593/4593/4593 
f 4594/4594/4594 4595/4595/4595 4596/4596/4596 
f 4597/4597/4597 4598/4598/4598 4599/4599/4599 
f 4600/4600/4600 4601/4601/4601 4602/4602/4602 
f 4603/4603/4603 4604/4604/4604 4605/4605/4605 
f 4606/4606/4606 4607/4607/4607 4608/4608/4608 
f 4609/4609/4609 4610/4610/4610 4611/4611/4611 
f 4612/4612/4612 4613/4613/4613 4614/4614/4614 
f 4615/4615/4615 4616/4616/4616 4617/4617/4617 
f 4618/4618/4618 4619/4619/4619 4620/4620/4620 
f 4621/4621/4621 4622/4622/4622 4623/4623/4623 
f 4624/4624/4624 4625/4625/4625 4626/4626/4626 
f 4627/4627/4627 4628/4628/4628 4629/4629/4629 
f 4630/4630/4630 4631/4631/4631 4632/4632/4632 
f 4633/4633/4633 4634/4634/4634 4635/4635/4635 
f 4636/4636/4636 4637/4637/4637 4638/4638/4638 
f 4639/4639/4639 4640/4640/4640 4641/4641/4641 
f 4642/4642/4642 4643/4643/4643 4644/4644/4644 
f 4645/4645/4645 4646/4646/4646 4647/4647/4647 
f 4648/4648/4648 4649/4649/4649 4650/4650/4650 
f 4651/4651/4651 4652/4652/4652 4653/4653/4653 
f 4654/4654/4654 4655/4655/4655 4656/4656/4656 
f 4657/4657/4657 4658/4658/4658 4659/4659/4659 
f 4660/4660/4660 4661/4661/4661 4662/4662/4662 
f 4663/4663/4663 4664/4664/4664 4665/4665/4665 
f 4666/4666/4666 4667/4667/4667 4668/4668/4668 
f 4669/4669/4669 4670/4670/4670 4671/4671/4671 
f 4672/4672/4672 4673/4673/4673 4674/4674/4674 
f 4675/4675/4675 4676/4676/4676 4677/4677/4677 
f 4678/4678/4678 4679/4679/4679 4680/4680/4680 
f 4681/4681/4681 4682/4682/4682 4683/4683/4683 
f 4684/4684/4684 4685/4685/4685 4686/4686/4686 
f 4687/4687/4687 4688/4688/4688 4689/4689/4689 
f 4690/4690/4690 4691/4691/4691 4692/4692/4692 
f 4693/4693/4693 4694/4694/4694 4695/4695/4695 
f 4696/4696/4696 4697/4697/4697 4698/4698/4698 
f 4699/4699/4699 4700/4700/4700 4701/4701/4701 
f 4702/4702/4702 4703/4703/4703 4704/4704/4704 
f 4705/4705/4705 4706/4706/4706 4707/4707/4707 
f 4708/4708/4708 4709/4709/4709 4710/4710/4710 
f 4711/4711/4711 4712/4712/4712 4713/4713/4713 
f 4714/4714/4714 4715/4715/4715 4716/4716/4716 
f 4717/4717/4717 4718/4718/4718 4719/4719/4719 
f 4720/4720/4720 4721/4721/4721 4722/4722/4722 
f 4723/4723/4723 4724/4724/4724 4725/4725/4725 
f 4726/4726/4726 4727/4727/4727 4728/4728/4728 
f 4729/4729/4729 4730/4730/4730 4731/4731/4731 
f 4732/4732/4732 4733/4733/4733 4734/4734/4734 
f 4735/4735/4735 4736/4736/4736 4737/4737/4737 
f 4738/4738/4738 4739/4739/4739 4740/4740/4740 
f 4741/4741/4741 4742/4742/4742 4743/4743/4743 
f 4744/4744/4744 4745/4745/4745 4746/4746/4746 
f 4747/4747/4747 4748/4748/4748 4749/4749/4749 
f 4750/4750/4750 4751/4751/4751 4752/4752/4752 
f 4753/4753/4753 4754/4754/4754 4755/4755/4755 
f 4756/4756/4756 4757/4757/4757 4758/4758/4758 
f 4759/4759/4759 4760/4760/4760 4761/4761/4761 
f 4762/4762/4762 4763/4763/4763 4764/4764/4764 
f 4765/4765/4765 4766/4766/4766 4767/4767/4767 
f 4768/4768/4768 4769/4769/4769 4770/4770/4770 
f 4771/4771/4771 4772/4772/4772 4773/4773/4773 
f 4774/4774/4774 4775/4775/4775 4776/4776/4776 
f 4777/4777/4777 4778/4778/4778 4779/4779/4779 
f 4780/4780/4780 4781/4781/4781 4782/4782/4782 
f 4783/4783/4783 4784/4784/4784 4785/4785/4785 
f 4786/4786/4786 4787/4787/4787 4788/4788/4788 
f 4789/4789/4789 4790/4790/4790 4791/4791/4791 
f 4792/4792/4792 4793/4793/4793 4794/4794/4794 
f 4795/4795/4795 4796/4796/4796 4797/4797/4797 
f 4798/4798/4798 4799/4799/4799 4800/4800/4800 
f 4801/4801/4801 4802/4802/4802 4803/4803/4803 
f 4804/4804/4804 4805/4805/4805 4806/4806/4806 
f 4807/4807/4807 4808/4808/4808 4809/4809/4809 
f 4810/4810/4810 4811/4811/4811 4812/4812/4812 
f 4813/4813/4813 4814/4814/4814 4815/4815/4815 
f 4816/4816/4816 4817/4817/4817 4818/4818/4818 
f 4819/4819/4819 4820/4820/4820 4821/4821/4821 
f 4822/4822/4822 4823/4823/4823 4824/4824/4824 
f 4825/4825/4825 4826/4826/4826 4827/4827/4827 
f 4828/4828/4828 4829/4829/4829 4830/4830/4830 
f 4831/4831/4831 4832/4832/4832 4833/4833/4833 
f 4834/4834/4834 4835/4835/4835 4836/4836/4836 
f 4837/4837/4837 4838/4838/4838 4839/4839/4839 
f 4840/4840/4840 4841/4841/4841 4842/4842/4842 
f 4843/4843/4843 4844/4844/4844 4845/4845/4845 
f 4846/4846/4846 4847/4847/4847 4848/4848/4848 
f 4849/4849/4849 4850/4850/4850 4851/4851/4851 
f 4852/4852/4852 4853/4853/4853 4854/4854/4854 
f 4855/4855/4855 4856/4856/4856 4857/4857/4857 
f 4858/4858/4858 4859/4859/4859 4860/4860/4860 
f 4861/4861/4861 4862/4862/4862 4863/4863/4863 
f 4864/4864/4864 4865/4865/4865 4866/4866/4866 
f 4867/4867/4867 4868/4868/4868 4869/4869/4869 
f 4870/4870/4870 4871/4871/4871 4872/4872/4872 
f 4873/4873/4873 4874/4874/4874 4875/4875/4875 
f 4876/4876/4876 4877/4877/4877 4878/4878/4878 
f 4879/4879/4879 4880/4880/4880 4881/4881/4881 
f 4882/4882/4882 4883/4883/4883 4884/4884/4884 
f 4885/4885/4885 4886/4886/4886 4887/4887/4887 
f 4888/4888/4888 4889/4889/4889 4890/4890/4890 
f 4891/4891/4891 4892/4892/4892 4893/4893/4893 
f 4894/4894/4894 4895/4895/4895 4896/4896/4896 
f 4897/4897/4897 4898/4898/4898 4899/4899/4899 
f 4900/4900/4900 4901/4901/4901 4902/4902/4902 
f 4903/4903/4903 4904/4904/4904 4905/4905/4905 
f 4906/4906/4906 4907/4907/4907 4908/4908/4908 
f 4909/4909/4909 4910/4910/4910 4911/4911/4911 
f 4912/4912/4912 4913/4913/4913 4914/4914/4914 
f 4915/4915/4915 4916/4916/4916 4917/4917/4917 
f 4918/4918/4918 4919/4919/4919 4920/4920/4920 
f 4921/4921/4921 4922/4922/4922 4923/4923/4923 
f 4924/4924/4924 4925/4925/4925 4926/4926/4926 
f 4927/4927/4927 4928/4928/4928 4929/4929/4929 
f 4930/4930/4930 4931/4931/4931 4932/4932/4932 
f 4933/4933/4933 4934/4934/4934 4935/4935/4935 
f 4936/4936/4936 4937/4937/4937 4938/4938/4938 
f 4939/4939/4939 4940/4940/4940 4941/4941/4941 
f 4942/4942/4942 4943/4943/4943 4944/4944/4944 
f 4945/4945/4945 4946/4946/4946 4947/4947/4947 
f 4948/4948/4948 4949/4949/4949 4950/4950/4950 
f 4951/4951/4951 4952/4952/4952 4953/4953/4953 
f 4954/4954/4954 4955/4955/4955 4956/4956/4956 
f 4957/4957/4957 4958/4958/4958 4959/4959/4959 
f 4960/4960/4960 4961/4961/4961 4962/4962/4962 
f 4963/4963/4963 4964/4964/4964 4965/4965/4965 
f 4966/4966/4966 4967/4967/4967 4968/4968/4968 
f 4969/4969/4969 4970/4970/4970 4971/4971/4971 
f 4972/4972/4972 4973/4973/4973 4974/4974/4974 
f 4975/4975/4975 4976/4976/4976 4977/4977/4977 
f 4978/4978/4978 4979/4979/4979 4980/4980/4980 
f 4981/4981/4981 4982/4982/4982 4983/4983/4983 
f 4984/4984/4984 4985/4985/4985 4986/4986/4986 
f 4987/4987/4987 4988/4988/4988 4989/4989/4989 
f 4990/4990/4990 4991/4991/4991 4992/4992/4992 
f 4993/4993/4993 4994/4994/4994 4995/4995/4995 
f 4996/4996/4996 4997/4997/4997 4998/4998/4998 
f 4999/4999/4999 5000/5000/5000 5001/5001/5001 
f 5002/5002/5002 5003/5003/5003 5004/5004/5004 
f 5005/5005/5005 5006/5006/5006 5007/5007/5007 
f 5008/5008/5008 5009/5009/5009 5010/5010/5010 
f 5011/5011/5011 5012/5012/5012 5013/5013/5013 
f 5014/5014/5014 5015/5015/5015 5016/5016/5016 
f 5017/5017/5017 5018/5018/5018 5019/5019/5019 
f 5020/5020/5020 5021/5021/5021 5022/5022/5022 
f 5023/5023/5023 5024/5024/5024 5025/5025/5025 
f 5026/5026/5026 5027/5027/5027 5028/5028/5028 
f 5029/5029/5029 5030/5030/5030 5031/5031/5031 
f 5032/5032/5032 5033/5033/5033 5034/5034/5034 
f 5035/5035/5035 5036/5036/5036 5037/5037/5037 
f 5038/5038/5038 5039/5039/5039 5040/5040/5040 
f 5041/5041/5041 5042/5042/5042 5043/5043/5043 
f 5044/5044/5044 5045/5045/5045 5046/5046/5046 
f 5047/5047/5047 5048/5048/5048 5049/5049/5049 
f 5050/5050/5050 5051/5051/5051 5052/5052/5052 
f 5053/5053/5053 5054/5054/5054 5055/5055/5055 
f 5056/5056/5056 5057/5057/5057 5058/5058/5058 
f 5059/5059/5059 5060/5060/5060 5061/5061/5061 
f 5062/5062/5062 5063/5063/5063 5064/5064/5064 
f 5065/5065/5065 5066/5066/5066 5067/5067/5067 
f 5068/5068/5068 5069/5069/5069 5070/5070/5070 
f 5071/5071/5071 5072/5072/5072 5073/5073/5073 
f 5074/5074/5074 5075/5075/5075 5076/5076/5076 
f 5077/5077/5077 5078/5078/5078 5079/5079/5079 
f 5080/5080/5080 5081/5081/5081 5082/5082/5082 
f 5083/5083/5083 5084/5084/5084 5085/5085/5085 
f 5086/5086/5086 5087/5087/5087 5088/5088/5088 
f 5089/5089/5089 5090/5090/5090 5091/5091/5091 
f 5092/5092/5092 5093/5093/5093 5094/5094/5094 
f 5095/5095/5095 5096/5096/5096 5097/5097/5097 
f 5098/5098/5098 5099/5099/5099 5100/5100/5100 
f 5101/5101/5101 5102/5102/5102 5103/5103/5103 
f 5104/5104/5104 5105/5105/5105 5106/5106/5106 
f 5107/5107/5107 5108/5108/5108 5109/5109/5109 
f 5110/5110/5110 5111/5111/5111 5112/5112/5112 
f 5113/5113/5113 5114/5114/5114 5115/5115/5115 
f 5116/5116/5116 5117/5117/5117 5118/5118/5118 
f 5119/5119/5119 5120/5120/5120 5121/5121/5121 
f 5122/5122/5122 5123/5123/5123 5124/5124/5124 
f 5125/5125/5125 5126/5126/5126 5127/5127/5127 
f 5128/5128/5128 5129/5129/5129 5130/5130/5130 
f 5131/5131/5131 5132/5132/5132 5133/5133/5133 
f 5134/5134/5134 5135/5135/5135 5136/5136/5136 
f 5137/5137/5137 5138/5138/5138 5139/5139/5139 
f 5140/5140/5140 5141/5141/5141 5142/5142/5142 
f 5143/5143/5143 5144/5144/5144 5145/5145/5145 
f 5146/5146/5146 5147/5147/5147 5148/5148/5148 
f 5149/5149/5149 5150/5150/5150 5151/5151/5151 
f 5152/5152/5152 5153/5153/5153 5154/5154/5154 
f 5155/5155/5155 5156/5156/5156 5157/5157/5157 
f 5158/5158/5158 5159/5159/5159 5160/5160/5160 
f 5161/5161/5161 5162/5162/5162 5163/5163/5163 
f 5164/5164/5164 5165/5165/5165 5166/5166/5166 
f 5167/5167/5167 5168/5168/5168 5169/5169/5169 
f 5170/5170/5170 5171/5171/5171 5172/5172/5172 
f 5173/5173/5173 5174/5174/5174 5175/5175/5175 
f 5176/5176/5176 5177/5177/5177 5178/5178/5178 
f 5179/5179/5179 5180/5180/5180 5181/5181/5181 
f 5182/5182/5182 5183/5183/5183 5184/5184/5184 
f 5185/5185/5185 5186/5186/5186 5187/5187/5187 
f 5188/5188/5188 5189/5189/5189 5190/5190/5190 
f 5191/5191/5191 5192/5192/5192 5193/5193/5193 
f 5194/5194/5194 5195/5195/5195 5196/5196/5196 
f 5197/5197/5197 5198/5198/5198 5199/5199/5199 
f 5200/5200/5200 5201/5201/5201 5202/5202/5202 
f 5203/5203/5203 5204/5204/5204 5205/5205/5205 
f 5206/5206/5206 5207/5207/5207 5208/5208/5208 
f 5209/5209/5209 5210/5210/5210 5211/5211/5211 
f 5212/5212/5212 5213/5213/5213 5214/5214/5214 
f 5215/5215/5215 5216/5216/5216 5217/5217/5217 
f 5218/5218/5218 5219/5219/5219 5220/5220/5220 
f 5221/5221/5221 5222/5222/5222 5223/5223/5223 
f 5224/5224/5224 5225/5225/5225 5226/5226/5226 
f 5227/5227/5227 5228/5228/5228 5229/5229/5229 
f 5230/5230/5230 5231/5231/5231 5232/5232/5232 
f 5233/5233/5233 5234/5234/5234 5235/5235/5235 
f 5236/5236/5236 5237/5237/5237 5238/5238/5238 
f 5239/5239/5239 5240/5240/5240 5241/5241/5241 
f 5242/5242/5242 5243/5243/5243 5244/5244/5244 
f 5245/5245/5245 5246/5246/5246 5247/5247/5247 
f 5248/5248/5248 5249/5249/5249 5250/5250/5250 
f 5251/5251/5251 5252/5252/5252 5253/5253/5253 
f 5254/5254/5254 5255/5255/5255 5256/5256/5256 
f 5257/5257/5257 5258/5258/5258 5259/5259/5259 
f 5260/5260/5260 5261/5261/5261 5262/5262/5262 
f 5263/5263/5263 5264/5264/5264 5265/5265/5265 
f 5266/5266/5266 5267/5267/5267 5268/5268/5268 
f 5269/5269/5269 5270/5270/5270 5271/5271/5271 
f 5272/5272/5272 5273/5273/5273 5274/5274/5274 
f 5275/5275/5275 5276/5276/5276 5277/5277/5277 
f 5278/5278/5278 5279/5279/5279 5280/5280/5280 
f 5281/5281/5281 5282/5282/5282 5283/5283/5283 
f 5284/5284/5284 5285/5285/5285 5286/5286/5286 
f 5287/5287/5287 5288/5288/5288 5289/5289/5289 
f 5290/5290/5290 5291/5291/5291 5292/5292/5292 
f 5293/5293/5293 5294/5294/5294 5295/5295/5295 
f 5296/5296/5296 5297/5297/5297 5298/5298/5298 
f 5299/5299/5299 5300/5300/5300 5301/5301/5301 
f 5302/5302/5302 5303/5303/5303 5304/5304/5304 
f 5305/5305/5305 5306/5306/5306 5307/5307/5307 
f 5308/5308/5308 5309/5309/5309 5310/5310/5310 
f 5311/5311/5311 5312/5312/5312 5313/5313/5313 
f 5314/5314/5314 5315/5315/5315 5316/5316/5316 
f 5317/5317/5317 5318/5318/5318 5319/5319/5319 
f 5320/5320/5320 5321/5321/5321 5322/5322/5322 
f 5323/5323/5323 5324/5324/5324 5325/5325/5325 
f 5326/5326/5326 5327/5327/5327 5328/5328/5328 
f 5329/5329/5329 5330/5330/5330 5331/5331/5331 
f 5332/5332/5332 5333/5333/5333 5334/5334/5334 
f 5335/5335/5335 5336/5336/5336 5337/5337/5337 
f 5338/5338/5338 5339/5339/5339 5340/5340/5340 
f 5341/5341/5341 5342/5342/5342 5343/5343/5343 
f 5344/5344/5344 5345/5345/5345 5346/5346/5346 
f 5347/5347/5347 5348/5348/5348 5349/5349/5349 
f 5350/5350/5350 5351/5351/5351 5352/5352/5352 
f 5353/5353/5353 5354/5354/5354 5355/5355/5355 
f 5356/5356/5356 5357/5357/5357 5358/5358/5358 
f 5359/5359/5359 5360/5360/5360 5361/5361/5361 
f 5362/5362/5362 5363/5363/5363 5364/5364/5364 
f 5365/5365/5365 5366/5366/5366 5367/5367/5367 
f 5368/5368/5368 5369/5369/5369 5370/5370/5370 
f 5371/5371/5371 5372/5372/5372 5373/5373/5373 
f 5374/5374/5374 5375/5375/5375 5376/5376/5376 
f 5377/5377/5377 5378/5378/5378 5379/5379/5379 
f 5380/5380/5380 5381/5381/5381 5382/5382/5382 
f 5383/5383/5383 5384/5384/5384 5385/5385/5385 
f 5386/5386/5386 5387/5387/5387 5388/5388/5388 
f 5389/5389/5389 5390/5390/5390 5391/5391/5391 
f 5392/5392/5392 5393/5393/5393 5394/5394/5394 
f 5395/5395/5395 5396/5396/5396 5397/5397/5397 
f 5398/5398/5398 5399/5399/5399 5400/5400/5400 
f 5401/5401/5401 5402/5402/5402 5403/5403/5403 
f 5404/5404/5404 5405/5405/5405 5406/5406/5406 
f 5407/5407/5407 5408/5408/5408 5409/5409/5409 
f 5410/5410/5410 5411/5411/5411 5412/5412/5412 
f 5413/5413/5413 5414/5414/5414 5415/5415/5415 
f 5416/5416/5416 5417/5417/5417 5418/5418/5418 
f 5419/5419/5419 5420/5420/5420 5421/5421/5421 
f 5422/5422/5422 5423/5423/5423 5424/5424/5424 
f 5425/5425/5425 5426/5426/5426 5427/5427/5427 
f 5428/5428/5428 5429/5429/5429 5430/5430/5430 
f 5431/5431/5431 5432/5432/5432 5433/5433/5433 
f 5434/5434/5434 5435/5435/5435 5436/5436/5436 
f 5437/5437/5437 5438/5438/5438 5439/5439/5439 
f 5440/5440/5440 5441/5441/5441 5442/5442/5442 
f 5443/5443/5443 5444/5444/5444 5445/5445/5445 
f 5446/5446/5446 5447/5447/5447 5448/5448/5448 
f 5449/5449/5449 5450/5450/5450 5451/5451/5451 
f 5452/5452/5452 5453/5453/5453 5454/5454/5454 
f 5455/5455/5455 5456/5456/5456 5457/5457/5457 
f 5458/5458/5458 5459/5459/5459 5460/5460/5460 
f 5461/5461/5461 5462/5462/5462 5463/5463/5463 
f 5464/5464/5464 5465/5465/5465 5466/5466/5466 
f 5467/5467/5467 5468/5468/5468 5469/5469/5469 
f 5470/5470/5470 5471/5471/5471 5472/5472/5472 
f 5473/5473/5473 5474/5474/5474 5475/5475/5475 
f 5476/5476/5476 5477/5477/5477 5478/5478/5478 
f 5479/5479/5479 5480/5480/5480 5481/5481/5481 
f 5482/5482/5482 5483/5483/5483 5484/5484/5484 
f 5485/5485/5485 5486/5486/5486 5487/5487/5487 
f 5488/5488/5488 5489/5489/5489 5490/5490/5490 
f 5491/5491/5491 5492/5492/5492 5493/5493/5493 
f 5494/5494/5494 5495/5495/5495 5496/5496/5496 
f 5497/5497/5497 5498/5498/5498 5499/5499/5499 
f 5500/5500/5500 5501/5501/5501 5502/5502/5502 
f 5503/5503/5503 5504/5504/5504 5505/5505/5505 
f 5506/5506/5506 5507/5507/5507 5508/5508/5508 
f 5509/5509/5509 5510/5510/5510 5511/5511/5511 
f 5512/5512/5512 5513/5513/5513 5514/5514/5514 
f 5515/5515/5515 5516/5516/5516 5517/5517/5517 
f 5518/5518/5518 5519/5519/5519 5520/5520/5520 
f 5521/5521/5521 5522/5522/5522 5523/5523/5523 
f 5524/5524/5524 5525/5525/5525 5526/5526/5526 
f 5527/5527/5527 5528/5528/5528 5529/5529/5529 
f 5530/5530/5530 5531/5531/5531 5532/5532/5532 
f 5533/5533/5533 5534/5534/5534 5535/5535/5535 
f 5536/5536/5536 5537/5537/5537 5538/5538/5538 
f 5539/5539/5539 5540/5540/5540 5541/5541/5541 
f 5542/5542/5542 5543/5543/5543 5544/5544/5544 
f 5545/5545/5545 5546/5546/5546 5547/5547/5547 
f 5548/5548/5548 5549/5549/5549 5550/5550/5550 
f 5551/5551/5551 5552/5552/5552 5553/5553/5553 
f 5554/5554/5554 5555/5555/5555 5556/5556/5556 
f 5557/5557/5557 5558/5558/5558 5559/5559/5559 
f 5560/5560/5560 5561/5561/5561 5562/5562/5562 
f 5563/5563/5563 5564/5564/5564 5565/5565/5565 
f 5566/5566/5566 5567/5567/5567 5568/5568/5568 
f 5569/5569/5569 5570/5570/5570 5571/5571/5571 
f 5572/5572/5572 5573/5573/5573 5574/5574/5574 
f 5575/5575/5575 5576/5576/5576 5577/5577/5577 
f 5578/5578/5578 5579/5579/5579 5580/5580/5580 
f 5581/5581/5581 5582/5582/5582 5583/5583/5583 
f 5584/5584/5584 5585/5585/5585 5586/5586/5586 
f 5587/5587/5587 5588/5588/5588 5589/5589/5589 
f 5590/5590/5590 5591/5591/5591 5592/5592/5592 
f 5593/5593/5593 5594/5594/5594 5595/5595/5595 
f 5596/5596/5596 5597/5597/5597 5598/5598/5598 
f 5599/5599/5599 5600/5600/5600 5601/5601/5601 
f 5602/5602/5602 5603/5603/5603 5604/5604/5604 
f 5605/5605/5605 5606/5606/5606 5607/5607/5607 
f 5608/5608/5608 5609/5609/5609 5610/5610/5610 
f 5611/5611/5611 5612/5612/5612 5613/5613/5613 
f 5614/5614/5614 5615/5615/5615 5616/5616/5616 
f 5617/5617/5617 5618/5618/5618 5619/5619/5619 
f 5620/5620/5620 5621/5621/5621 5622/5622/5622 
f 5623/5623/5623 5624/5624/5624 5625/5625/5625 
f 5626/5626/5626 5627/5627/5627 5628/5628/5628 
f 5629/5629/5629 5630/5630/5630 5631/5631/5631 
f 5632/5632/5632 5633/5633/5633 5634/5634/5634 
f 5635/5635/5635 5636/5636/5636 5637/5637/5637 
f 5638/5638/5638 5639/5639/5639 5640/5640/5640 
f 5641/5641/5641 5642/5642/5642 5643/5643/5643 
f 5644/5644/5644 5645/5645/5645 5646/5646/5646 
f 5647/5647/5647 5648/5648/5648 5649/5649/5649 
f 5650/5650/5650 5651/5651/5651 5652/5652/5652 
f 5653/5653/5653 5654/5654/5654 5655/5655/5655 
f 5656/5656/5656 5657/5657/5657 5658/5658/5658 
f 5659/5659/5659 5660/5660/5660 5661/5661/5661 
f 5662/5662/5662 5663/5663/5663 5664/5664/5664 
f 5665/5665/5665 5666/5666/5666 5667/5667/5667 
f 5668/5668/5668 5669/5669/5669 5670/5670/5670 
f 5671/5671/5671 5672/5672/5672 5673/5673/5673 
f 5674/5674/5674 5675/5675/5675 5676/5676/5676 
f 5677/5677/5677 5678/5678/5678 5679/5679/5679 
f 5680/5680/5680 5681/5681/5681 5682/5682/5682 
f 5683/5683/5683 5684/5684/5684 5685/5685/5685 
f 5686/5686/5686 5687/5687/5687 5688/5688/5688 
f 5689/5689/5689 5690/5690/5690 5691/5691/5691 
f 5692/5692/5692 5693/5693/5693 5694/5694/5694 
f 5695/5695/5695 5696/5696/5696 5697/5697/5697 
f 5698/5698/5698 5699/5699/5699 5700/5700/5700 
f 5701/5701/5701 5702/5702/5702 5703/5703/5703 
f 5704/5704/5704 5705/5705/5705 5706/5706/5706 
f 5707/5707/5707 5708/5708/5708 5709/5709/5709 
f 5710/5710/5710 5711/5711/5711 5712/5712/5712 
f 5713/5713/5713 5714/5714/5714 5715/5715/5715 
f 5716/5716/5716 5717/5717/5717 5718/5718/5718 
f 5719/5719/5719 5720/5720/5720 5721/5721/5721 
f 5722/5722/5722 5723/5723/5723 5724/5724/5724 
f 5725/5725/5725 5726/5726/5726 5727/5727/5727 
f 5728/5728/5728 5729/5729/5729 5730/5730/5730 
f 5731/5731/5731 5732/5732/5732 5733/5733/5733 
f 5734/5734/5734 5735/5735/5735 5736/5736/5736 
f 5737/5737/5737 5738/5738/5738 5739/5739/5739 
f 5740/5740/5740 5741/5741/5741 5742/5742/5742 
f 5743/5743/5743 5744/5744/5744 5745/5745/5745 
f 5746/5746/5746 5747/5747/5747 5748/5748/5748 
f 5749/5749/5749 5750/5750/5750 5751/5751/5751 
f 5752/5752/5752 5753/5753/5753 5754/5754/5754 
f 5755/5755/5755 5756/5756/5756 5757/5757/5757 
f 5758/5758/5758 5759/5759/5759 5760/5760/5760 
f 5761/5761/5761 5762/5762/5762 5763/5763/5763 
f 5764/5764/5764 5765/5765/5765 5766/5766/5766 
f 5767/5767/5767 5768/5768/5768 5769/5769/5769 
f 5770/5770/5770 5771/5771/5771 5772/5772/5772 
f 5773/5773/5773 5774/5774/5774 5775/5775/5775 
f 5776/5776/5776 5777/5777/5777 5778/5778/5778 
f 5779/5779/5779 5780/5780/5780 5781/5781/5781 
f 5782/5782/5782 5783/5783/5783 5784/5784/5784 
f 5785/5785/5785 5786/5786/5786 5787/5787/5787 
f 5788/5788/5788 5789/5789/5789 5790/5790/5790 
f 5791/5791/5791 5792/5792/5792 5793/5793/5793 
f 5794/5794/5794 5795/5795/5795 5796/5796/5796 
f 5797/5797/5797 5798/5798/5798 5799/5799/5799 
f 5800/5800/5800 5801/5801/5801 5802/5802/5802 
f 5803/5803/5803 5804/5804/5804 5805/5805/5805 
f 5806/5806/5806 5807/5807/5807 5808/5808/5808 
f 5809/5809/5809 5810/5810/5810 5811/5811/5811 
f 5812/5812/5812 5813/5813/5813 5814/5814/5814 
f 5815/5815/5815 5816/5816/5816 5817/5817/5817 
f 5818/5818/5818 5819/5819/5819 5820/5820/5820 
f 5821/5821/5821 5822/5822/5822 5823/5823/5823 
f 5824/5824/5824 5825/5825/5825 5826/5826/5826 
f 5827/5827/5827 5828/5828/5828 5829/5829/5829 
f 5830/5830/5830 5831/5831/5831 5832/5832/5832 
f 5833/5833/5833 5834/5834/5834 5835/5835/5835 
f 5836/5836/5836 5837/5837/5837 5838/5838/5838 
f 5839/5839/5839 5840/5840/5840 5841/5841/5841 
f 5842/5842/5842 5843/5843/5843 5844/5844/5844 
f 5845/5845/5845 5846/5846/5846 5847/5847/5847 
f 5848/5848/5848 5849/5849/5849 5850/5850/5850 
f 5851/5851/5851 5852/5852/5852 5853/5853/5853 
f 5854/5854/5854 5855/5855/5855 5856/5856/5856 
f 5857/5857/5857 5858/5858/5858 5859/5859/5859 
f 5860/5860/5860 5861/5861/5861 5862/5862/5862 
f 5863/5863/5863 5864/5864/5864 5865/5865/5865 
f 5866/5866/5866 5867/5867/5867 5868/5868/5868 
f 5869/5869/5869 5870/5870/5870 5871/5871/5871 
f 5872/5872/5872 5873/5873/5873 5874/5874/5874 
f 5875/5875/5875 5876/5876/5876 5877/5877/5877 
f 5878/5878/5878 5879/5879/5879 5880/5880/5880 
f 5881/5881/5881 5882/5882/5882 5883/5883/5883 
f 5884/5884/5884 5885/5885/5885 5886/5886/5886 
f 5887/5887/5887 5888/5888/5888 5889/5889/5889 
f 5890/5890/5890 5891/5891/5891 5892/5892/5892 
f 5893/5893/5893 5894/5894/5894 5895/5895/5895 
f 5896/5896/5896 5897/5897/5897 5898/5898/5898 
f 5899/5899/5899 5900/5900/5900 5901/5901/5901 
f 5902/5902/5902 5903/5903/5903 5904/5904/5904 
f 5905/5905/5905 5906/5906/5906 5907/5907/5907 
f 5908/5908/5908 5909/5909/5909 5910/5910/5910 
f 5911/5911/5911 5912/5912/5912 5913/5913/5913 
f 5914/5914/5914 5915/5915/5915 5916/5916/5916 
f 5917/5917/5917 5918/5918/5918 5919/5919/5919 
f 5920/5920/5920 5921/5921/5921 5922/5922/5922 
f 5923/5923/5923 5924/5924/5924 5925/5925/5925 
f 5926/5926/5926 5927/5927/5927 5928/5928/5928 
f 5929/5929/5929 5930/5930/5930 5931/5931/5931 
f 5932/5932/5932 5933/5933/5933 5934/5934/5934 
f 5935/5935/5935 5936/5936/5936 5937/5937/5937 
f 5938/5938/5938 5939/5939/5939 5940/5940/5940 
f 5941/5941/5941 5942/5942/5942 5943/5943/5943 
f 5944/5944/5944 5945/5945/5945 5946/5946/5946 
f 5947/5947/5947 5948/5948/5948 5949/5949/5949 
f 5950/5950/5950 5951/5951/5951 5952/5952/5952 
f 5953/5953/5953 5954/5954/5954 5955/5955/5955 
f 5956/5956/5956 5957/5957/5957 5958/5958/5958 
f 5959/5959/5959 5960/5960/5960 5961/5961/5961 
f 5962/5962/5962 5963/5963/5963 5964/5964/5964 
f 5965/5965/5965 5966/5966/5966 5967/5967/5967 
f 5968/5968/5968 5969/5969/5969 5970/5970/5970 
f 5971/5971/5971 5972/5972/5972 5973/5973/5973 
f 5974/5974/5974 5975/5975/5975 5976/5976/5976 
f 5977/5977/5977 5978/5978/5978 5979/5979/5979 
f 5980/5980/5980 5981/5981/5981 5982/5982/5982 
f 5983/5983/5983 5984/5984/5984 5985/5985/5985 
f 5986/5986/5986 5987/5987/5987 5988/5988/5988 
f 5989/5989/5989 5990/5990/5990 5991/5991/5991 
f 5992/5992/5992 5993/5993/5993 5994/5994/5994 
f 5995/5995/5995 5996/5996/5996 5997/5997/5997 
f 5998/5998/5998 5999/5999/5999 6000/6000/6000 
f 6001/6001/6001 6002/6002/6002 6003/6003/6003 
f 6004/6004/6004 6005/6005/6005 6006/6006/6006 
f 6007/6007/6007 6008/6008/6008 6009/6009/6009 
f 6010/6010/6010 6011/6011/6011 6012/6012/6012 
f 6013/6013/6013 6014/6014/6014 6015/6015/6015 
f 6016/6016/6016 6017/6017/6017 6018/6018/6018 
f 6019/6019/6019 6020/6020/6020 6021/6021/6021 
f 6022/6022/6022 6023/6023/6023 6024/6024/6024 
f 6025/6025/6025 6026/6026/6026 6027/6027/6027 
f 6028/6028/6028 6029/6029/6029 6030/6030/6030 
f 6031/6031/6031 6032/6032/6032 6033/6033/6033 
f 6034/6034/6034 6035/6035/6035 6036/6036/6036 
f 6037/6037/6037 6038/6038/6038 6039/6039/6039 
f 6040/6040/6040 6041/6041/6041 6042/6042/6042 
f 6043/6043/6043 6044/6044/6044 6045/6045/6045 
f 6046/6046/6046 6047/6047/6047 6048/6048/6048 
f 6049/6049/6049 6050/6050/6050 6051/6051/6051 
f 6052/6052/6052 6053/6053/6053 6054/6054/6054 
f 6055/6055/6055 6056/6056/6056 6057/6057/6057 
f 6058/6058/6058 6059/6059/6059 6060/6060/6060 
f 6061/6061/6061 6062/6062/6062 6063/6063/6063 
f 6064/6064/6064 6065/6065/6065 6066/6066/6066 
f 6067/6067/6067 6068/6068/6068 6069/6069/6069 
f 6070/6070/6070 6071/6071/6071 6072/6072/6072 
f 6073/6073/6073 6074/6074/6074 6075/6075/6075 
f 6076/6076/6076 6077/6077/6077 6078/6078/6078 
f 6079/6079/6079 6080/6080/6080 6081/6081/6081 
f 6082/6082/6082 6083/6083/6083 6084/6084/6084 
f 6085/6085/6085 6086/6086/6086 6087/6087/6087 
f 6088/6088/6088 6089/6089/6089 6090/6090/6090 
f 6091/6091/6091 6092/6092/6092 6093/6093/6093 
f 6094/6094/6094 6095/6095/6095 6096/6096/6096 
f 6097/6097/6097 6098/6098/6098 6099/6099/6099 
f 6100/6100/6100 6101/6101/6101 6102/6102/6102 
f 6103/6103/6103 6104/6104/6104 6105/6105/6105 
f 6106/6106/6106 6107/6107/6107 6108/6108/6108 
f 6109/6109/6109 6110/6110/6110 6111/6111/6111 
f 6112/6112/6112 6113/6113/6113 6114/6114/6114 
f 6115/6115/6115 6116/6116/6116 6117/6117/6117 
f 6118/6118/6118 6119/6119/6119 6120/6120/6120 
f 6121/6121/6121 6122/6122/6122 6123/6123/6123 
f 6124/6124/6124 6125/6125/6125 6126/6126/6126 
f 6127/6127/6127 6128/6128/6128 6129/6129/6129 
f 6130/6130/6130 6131/6131/6131 6132/6132/6132 
f 6133/6133/6133 6134/6134/6134 6135/6135/6135 
f 6136/6136/6136 6137/6137/6137 6138/6138/6138 
f 6139/6139/6139 6140/6140/6140 6141/6141/6141 
f 6142/6142/6142 6143/6143/6143 6144/6144/6144 
f 6145/6145/6145 6146/6146/6146 6147/6147/6147 
f 6148/6148/6148 6149/6149/6149 6150/6150/6150 
f 6151/6151/6151 6152/6152/6152 6153/6153/6153 
f 6154/6154/6154 6155/6155/6155 6156/6156/6156 
f 6157/6157/6157 6158/6158/6158 6159/6159/6159 
f 6160/6160/6160 6161/6161/6161 6162/6162/6162 
f 6163/6163/6163 6164/6164/6164 6165/6165/6165 
f 6166/6166/6166 6167/6167/6167 6168/6168/6168 
f 6169/6169/6169 6170/6170/6170 6171/6171/6171 
f 6172/6172/6172 6173/6173/6173 6174/6174/6174 
f 6175/6175/6175 6176/6176/6176 6177/6177/6177 
f 6178/6178/6178 6179/6179/6179 6180/6180/6180 
f 6181/6181/6181 6182/6182/6182 6183/6183/6183 
f 6184/6184/6184 6185/6185/6185 6186/6186/6186 
f 6187/6187/6187 6188/6188/6188 6189/6189/6189 
f 6190/6190/6190 6191/6191/6191 6192/6192/6192 
f 6193/6193/6193 6194/6194/6194 6195/6195/6195 
f 6196/6196/6196 6197/6197/6197 6198/6198/6198 
f 6199/6199/6199 6200/6200/6200 6201/6201/6201 
f 6202/6202/6202 6203/6203/6203 6204/6204/6204 
f 6205/6205/6205 6206/6206/6206 6207/6207/6207 
f 6208/6208/6208 6209/6209/6209 6210/6210/6210 
f 6211/6211/6211 6212/6212/6212 6213/6213/6213 
f 6214/6214/6214 6215/6215/6215 6216/6216/6216 
f 6217/6217/6217 6218/6218/6218 6219/6219/6219 
f 6220/6220/6220 6221/6221/6221 6222/6222/6222 
f 6223/6223/6223 6224/6224/6224 6225/6225/6225 
f 6226/6226/6226 6227/6227/6227 6228/6228/6228 
f 6229/6229/6229 6230/6230/6230 6231/6231/6231 
f 6232/6232/6232 6233/6233/6233 6234/6234/6234 
f 6235/6235/6235 6236/6236/6236 6237/6237/6237 
f 6238/6238/6238 6239/6239/6239 6240/6240/6240 
f 6241/6241/6241 6242/6242/6242 6243/6243/6243 
f 6244/6244/6244 6245/6245/6245 6246/6246/6246 
f 6247/6247/6247 6248/6248/6248 6249/6249/6249 
f 6250/6250/6250 6251/6251/6251 6252/6252/6252 
f 6253/6253/6253 6254/6254/6254 6255/6255/6255 
f 6256/6256/6256 6257/6257/6257 6258/6258/6258 
f 6259/6259/6259 6260/6260/6260 6261/6261/6261 
f 6262/6262/6262 6263/6263/6263 6264/6264/6264 
f 6265/6265/6265 6266/6266/6266 6267/6267/6267 
f 6268/6268/6268 6269/6269/6269 6270/6270/6270 
f 6271/6271/6271 6272/6272/6272 6273/6273/6273 
f 6274/6274/6274 6275/6275/6275 6276/6276/6276 
f 6277/6277/6277 6278/6278/6278 6279/6279/6279 
f 6280/6280/6280 6281/6281/6281 6282/6282/6282 
f 6283/6283/6283 6284/6284/6284 6285/6285/6285 
f 6286/6286/6286 6287/6287/6287 6288/6288/6288 
f 6289/6289/6289 6290/6290/6290 6291/6291/6291 
f 6292/6292/6292 6293/6293/6293 6294/6294/6294 
f 6295/6295/6295 6296/6296/6296 6297/6297/6297 
f 6298/6298/6298 6299/6299/6299 6300/6300/6300 
f 6301/6301/6301 6302/6302/6302 6303/6303/6303 
f 6304/6304/6304 6305/6305/6305 6306/6306/6306 
f 6307/6307/6307 6308/6308/6308 6309/6309/6309 
f 6310/6310/6310 6311/6311/6311 6312/6312/6312 
f 6313/6313/6313 6314/6314/6314 6315/6315/6315 
f 6316/6316/6316 6317/6317/6317 6318/6318/6318 
f 6319/6319/6319 6320/6320/6320 6321/6321/6321 
f 6322/6322/6322 6323/6323/6323 6324/6324/6324 
f 6325/6325/6325 6326/6326/6326 6327/6327/6327 
f 6328/6328/6328 6329/6329/6329 6330/6330/6330 
f 6331/6331/6331 6332/6332/6332 6333/6333/6333 
f 6334/6334/6334 6335/6335/6335 6336/6336/6336 

