# This file is brought to you by Roblox Corporation
# Generated by Roblox Studio

mtllib 1.mtl

g Alas1

v -2.43996 1.42868 -1.07255 
v -2.50532 0.208215 -1.00024 
v -2.51042 0.206313 -1.00496 
v -2.90147 0.130163 -0.932824 
v -2.73899 1.44311 -1.02339 
v -2.73477 1.44445 -1.01842 
v -2.51042 0.206313 -1.00496 
v -2.44462 1.42747 -1.07742 
v -2.43996 1.42868 -1.07255 
v -2.17487 1.42882 -1.15241 
v -2.23107 0.207884 -1.02699 
v -2.23707 0.205343 -1.0314 
v -2.23707 0.205343 -1.0314 
v -2.18084 1.42676 -1.15686 
v -2.17487 1.42882 -1.15241 
v -2.3482 1.63801 -1.016 
v -2.06294 0.717198 -0.971374 
v -2.06799 0.712675 -0.97587 
v -2.94524 1.58726 -1.0069 
v -3.19484 0.282011 -0.898453 
v -3.19912 0.280241 -0.90339 
v -2.94949 1.58531 -1.01183 
v -2.89687 0.131774 -0.927954 
v -2.56217 1.58917 -0.978449 
v -2.42991 0.628596 -0.94645 
v -2.43512 0.625749 -0.951083 
v -1.92439 0.615931 -1.13466 
v -2.0763 1.48836 -1.17897 
v -2.07028 1.49046 -1.17454 
v -2.73477 1.44445 -1.01842 
v -2.85096 1.78173 -0.998746 
v -2.8474 1.78224 -0.993626 
v -3.05755 1.93026 -1.01406 
v -2.94524 1.58726 -1.0069 
v -2.94949 1.58531 -1.01183 
v -2.85096 1.78173 -0.998746 
v -2.73477 1.44445 -1.01842 
v -2.73899 1.44311 -1.02339 
v -1.79014 0.849968 -1.0455 
v -2.1224 1.68381 -1.05789 
v -2.11815 1.68832 -1.05319 
v -2.06294 0.717198 -0.971374 
v -2.3482 1.63801 -1.016 
v -2.34321 1.64283 -1.01153 
v -3.50918 0.596115 -0.879286 
v -3.22676 1.7839 -1.01028 
v -3.22156 1.7856 -1.00557 
v -3.77611 1.00604 -0.829966 
v -3.42681 2.05433 -0.992115 
v -3.42349 2.05726 -0.987062 
v -2.86899 0.748111 -0.872112 
v -2.82806 1.73246 -0.952262 
v -2.823 1.73599 -0.947649 
v -2.55727 1.59252 -0.973776 
v -2.0763 1.48836 -1.17897 
v -1.92439 0.615931 -1.13466 
v -1.93038 0.612786 -1.13902 
v -1.89156 1.62161 -1.20465 
v -1.76654 0.861364 -1.19703 
v -1.77258 0.858856 -1.20143 
v -1.79469 0.84542 -1.05012 
v -1.62148 0.864519 -0.990389 
v -1.80797 1.41419 -1.02078 
v -1.80434 1.42033 -1.0162 
v -1.44607 -0.354702 -0.957455 
v -1.61785 1.06141 -1.10199 
v -1.61283 1.06592 -1.09749 
v -1.32718 0.276942 -1.0229 
v -1.47444 1.29338 -1.14673 
v -1.4696 1.2984 -1.14225 
v -1.61785 1.06141 -1.10199 
v -1.44607 -0.354702 -0.957455 
v -1.45154 -0.359104 -0.961839 
v -1.67526 -0.66562 -0.869299 
v -1.79469 0.84542 -1.05012 
v -1.79014 0.849968 -1.0455 
v -1.81313 0.611136 -0.879945 
v -1.98993 1.23999 -0.967938 
v -1.98612 1.24614 -0.963389 
v -1.67526 -0.66562 -0.869299 
v -1.68017 -0.670205 -0.873826 
v -1.62615 0.858322 -0.994717 
v -1.76501 1.80427 -1.26057 
v -1.62485 1.05754 -1.22248 
v -1.63155 1.05401 -1.22652 
v -1.75811 1.80906 -1.25679 
v -1.50674 1.24138 -1.26147 
v -1.67794 1.96098 -1.39468 
v -1.84537 1.84377 -1.18867 
v -1.62725 1.97861 -1.17898 
v -1.36699 1.4009 -1.20789 
v -1.36202 1.63202 -1.31145 
v -1.49401 1.92885 -1.37545 
v -1.2911 1.63551 -1.23964 
v -1.42343 1.53565 -1.33979 
v -1.76654 0.861364 -1.19703 
v -1.89156 1.62161 -1.20465 
v -1.88598 1.62301 -1.20004 
v -2.00738 1.81602 -1.07979 
v -1.61283 1.06592 -1.09749 
v -2.00273 1.82062 -1.07519 
v -1.38864 1.15362 -1.05842 
v -1.65731 1.67374 -1.08484 
v -1.65369 1.68114 -1.08051 
v -1.3926 1.14713 -1.06287 
v -3.50399 0.597661 -0.874568 
v -3.97698 1.59752 -0.797211 
v -4.60409 -0.161896 -0.461789 
v -4.60916 -0.16487 -0.466449 
v -5.15187 -0.746094 -0.286498 
v -4.23588 1.54865 -0.750785 
v -4.23092 1.55197 -0.746125 
v -4.60916 -0.16487 -0.466449 
v -3.98164 1.59409 -0.801938 
v -3.97698 1.59752 -0.797211 
v -3.5888 1.2892 -0.802743 
v -4.19372 0.121837 -0.603497 
v -4.19848 0.119796 -0.608306 
v -4.19848 0.119796 -0.608306 
v -3.59314 1.28588 -0.807556 
v -3.5888 1.2892 -0.802743 
v -6.01475 -1.80163 -0.00888896 
v -4.62383 1.4677 -0.684572 
v -4.61893 1.47111 -0.679906 
v -5.06309 1.46404 -0.565883 
v -7.0546 -1.73421 0.1857 
v -7.05907 -1.73753 0.180918 
v -7.05907 -1.73753 0.180918 
v -5.06706 1.45923 -0.570608 
v -5.06309 1.46404 -0.565883 
v -4.61893 1.47111 -0.679906 
v -6.00921 -1.799 -0.00434095 
v -6.01475 -1.80163 -0.00888896 
v -5.14649 -0.743104 -0.281928 
v -3.56557 1.72014 -0.752572 
v -3.67667 0.936844 -0.6132 
v -3.68257 0.930999 -0.617196 
v -4.11553 1.26304 -0.805382 
v -3.75331 2.34467 -0.967743 
v -4.11241 1.26717 -0.800411 
v -5.4385 1.21271 -0.536368 
v -4.5494 2.70487 -0.926036 
v -5.43466 1.21773 -0.531644 
v -3.77196 1.00955 -0.825127 
v -3.56077 1.72677 -0.748369 
v -4.01614 1.16622 -0.520325 
v -3.94228 2.10154 -0.742613 
v -4.01218 1.17366 -0.516084 
v -5.02471 2.3671 -0.560779 
v -5.33751 0.820099 -0.193278 
v -5.34072 0.812347 -0.197607 
v -5.96971 1.00252 -0.105978 
v -5.42491 2.52257 -0.587942 
v -5.96542 1.00999 -0.101827 
v -4.60517 2.33349 -0.6339 
v -4.73256 0.877168 -0.355482 
v -4.73729 0.871119 -0.35982 
v -4.37791 1.08144 -0.441573 
v -4.2546 2.28601 -0.721312 
v -4.37322 1.08791 -0.437308 
v -3.26466 0.936634 -0.825861 
v -3.67952 -0.0647826 -0.641879 
v -3.68471 -0.067088 -0.646559 
v -2.76716 -0.740438 -0.75291 
v -2.43512 0.625749 -0.951083 
v -2.42991 0.628596 -0.94645 
v -3.1934 -0.502746 -0.703393 
v -2.8742 0.745452 -0.876761 
v -2.13748 -0.838762 -0.748437 
v -2.13236 -0.834615 -0.743911 
v -2.215 1.13616 -0.916483 
v -2.04805 0.399811 -0.813784 
v -2.05256 0.39322 -0.818076 
v -2.76165 -0.738123 -0.748327 
v -3.18805 -0.501093 -0.698725 
v -3.68471 -0.067088 -0.646559 
v -3.26953 0.93365 -0.830574 
v -3.26466 0.936634 -0.825861 
v -2.84779 1.14792 -0.790878 
v -2.84173 0.185125 -0.649173 
v -2.84702 0.17941 -0.653406 
v -2.49453 1.09485 -0.844362 
v -2.4128 0.209944 -0.741215 
v -2.41758 0.204251 -0.745606 
v -3.21713 1.40699 -0.75847 
v -3.26058 0.491979 -0.597741 
v -3.2655 0.485848 -0.602008 
v -2.82806 1.73246 -0.952262 
v -2.86899 0.748111 -0.872112 
v -2.8742 0.745452 -0.876761 
v -3.26953 0.93365 -0.830574 
v -3.09787 1.97067 -0.941048 
v -3.09334 1.97435 -0.936316 
v -2.21107 1.14242 -0.91198 
v -1.81691 0.603842 -0.884266 
v -3.21258 1.41367 -0.754208 
v -3.35434 2.25486 -0.942471 
v -2.84173 0.185125 -0.649173 
v -2.84779 1.14792 -0.790878 
v -2.84346 1.1544 -0.786516 
v -2.4128 0.209944 -0.741215 
v -2.49453 1.09485 -0.844362 
v -2.49069 1.10139 -0.839894 
v -4.30852 2.68018 -0.965202 
v -4.88734 1.31517 -0.668756 
v -4.89261 1.31166 -0.673308 
v -1.93599 2.21961 -1.29486 
v -1.82692 1.75422 -1.3317 
v -1.8338 1.75313 -1.33585 
v -1.82692 1.75422 -1.3317 
v -1.93599 2.21961 -1.29486 
v -1.92875 2.21457 -1.29131 
v -1.92831 2.23857 -1.28412 
v -1.83938 1.78195 -1.28923 
v -1.82362 2.23066 -1.37058 
v -1.77663 1.77768 -1.38827 
v -1.67794 1.96098 -1.39468 
v -1.96091 2.2232 -1.26807 
v -1.84537 1.84377 -1.18867 
v -2.05945 2.19643 -1.18983 
v -1.75811 1.80906 -1.25679 
v -1.98561 2.18656 -1.25824 
v -3.29872 2.18902 -1.01007 
v -3.22156 1.7856 -1.00557 
v -3.22676 1.7839 -1.01028 
v -3.29352 2.19111 -1.00538 
v -3.05338 1.93265 -1.00913 
v -1.93023 2.2941 -1.213 
v -2.01016 1.8544 -1.08172 
v -2.00883 1.84363 -1.08538 
v -1.93431 2.30595 -1.21049 
v -1.84384 2.20265 -1.36243 
v -1.90784 2.56618 -1.32931 
v -1.92875 2.21457 -1.29131 
v -2.0414 2.50531 -1.25539 
v -1.82238 2.57675 -1.39932 
v -1.79257 2.13879 -1.42399 
v -5.20627 3.63186 -1.04701 
v -5.13472 3.32444 -0.990675 
v -5.20357 3.61814 -1.04552 
v -4.99814 3.14193 -0.979079 
v -5.13856 3.32027 -0.995509 
v -5.13472 3.32444 -0.990675 
v -5.20357 3.61814 -1.04552 
v -5.13472 3.32444 -0.990675 
v -5.1388 3.33244 -0.994747 
v -5.00198 3.13777 -0.983913 
v -4.05214 2.5915 -0.978664 
v -4.092 2.88292 -0.995474 
v -4.08871 2.88684 -0.990509 
v -1.79054 2.38557 -1.38575 
v -1.50398 1.99318 -1.33608 
v -1.53803 2.28361 -1.35987 
v -1.57957 2.10614 -1.26224 
v -1.73818 2.06095 -1.47997 
v -1.71116 2.55516 -1.51916 
v -1.44853 2.21439 -1.39026 
v -1.49401 1.92885 -1.37545 
v -1.50398 1.99318 -1.33608 
v -1.49401 1.92885 -1.37545 
v -1.45522 2.21692 -1.3944 
v -1.44853 2.21439 -1.39026 
v -1.64046 2.34934 -1.3113 
v -1.69999 2.25667 -1.20828 
v -1.62725 1.97861 -1.17898 
v -1.57957 2.10614 -1.26224 
v -1.64046 2.34934 -1.3113 
v -1.57957 2.10614 -1.26224 
v -1.2911 1.63551 -1.23964 
v -1.50398 1.99318 -1.33608 
v -1.57957 2.10614 -1.26224 
v -1.49002 2.47851 -1.41551 
v -1.44853 2.21439 -1.39026 
v -1.45522 2.21692 -1.3944 
v -1.76019 2.56514 -1.46901 
v -1.4855 2.48795 -1.41201 
v -1.63891 2.62186 -1.50198 
v -1.64023 2.63645 -1.5014 
v -1.63891 2.62186 -1.50198 
v -1.4855 2.48795 -1.41201 
v -1.49002 2.47851 -1.41551 
v -1.4855 2.48795 -1.41201 
v -1.79547 2.51021 -1.26377 
v -1.68467 2.52925 -1.32967 
v -1.58234 2.48198 -1.38967 
v -1.53803 2.28361 -1.35987 
v -4.092 2.88292 -0.995474 
v -4.05214 2.5915 -0.978664 
v -4.05597 2.58759 -0.98353 
v -5.53315 1.534 -0.502916 
v -4.60077 2.99644 -0.907441 
v -5.52977 1.53947 -0.498169 
v -4.60392 2.99032 -0.912122 
v -5.4385 1.21271 -0.536368 
v -4.55271 2.70025 -0.930915 
v -4.5494 2.70487 -0.926036 
v -4.31436 2.96376 -0.91998 
v -5.06706 1.45923 -0.570608 
v -4.31804 2.95815 -0.924648 
v -4.31436 2.96376 -0.91998 
v -4.73256 0.877168 -0.355482 
v -4.60517 2.33349 -0.6339 
v -4.60124 2.34124 -0.629724 
v -6.58068 1.30457 -0.0491824 
v -5.66495 2.80711 -0.617946 
v -6.57795 1.31345 -0.0450643 
v -6.58068 1.30457 -0.0491824 
v -5.66798 2.79821 -0.622004 
v -5.66495 2.80711 -0.617946 
v -5.96971 1.00252 -0.105978 
v -5.42803 2.51397 -0.592069 
v -5.42491 2.52257 -0.587942 
v -5.02156 2.37547 -0.556596 
v -4.58408 3.01518 -0.944138 
v -4.5494 2.70487 -0.926036 
v -4.55271 2.70025 -0.930915 
v -5.09538 3.01253 -0.970241 
v -5.13472 3.32444 -0.990675 
v -5.09278 3.01928 -0.965592 
v -5.1388 3.33244 -0.994747 
v -4.96457 2.82315 -0.967104 
v -5.00198 3.13777 -0.983913 
v -4.96457 2.82315 -0.967104 
v -4.96857 2.81921 -0.971932 
v -4.5494 2.70487 -0.926036 
v -4.58408 3.01518 -0.944138 
v -4.58113 3.01951 -0.939165 
v -5.09172 3.13509 -0.876717 
v -5.22923 3.29802 -0.930224 
v -5.09009 3.14334 -0.872287 
v -5.09172 3.13509 -0.876717 
v -5.23086 3.28977 -0.934653 
v -5.22923 3.29802 -0.930224 
v -4.75602 2.76056 -0.907254 
v -4.79054 3.07037 -0.938369 
v -4.78774 3.07521 -0.933437 
v -4.75904 2.75548 -0.912119 
v -4.31311 2.67677 -0.969948 
v -4.11553 1.26304 -0.805382 
v -3.75602 2.34049 -0.972768 
v -3.75331 2.34467 -0.967743 
v -4.47261 1.36246 -0.761674 
v -4.05597 2.58759 -0.98353 
v -4.05214 2.5915 -0.978664 
v -3.56122 2.57222 -0.964992 
v -3.59314 1.28588 -0.807556 
v -3.35832 2.2505 -0.947255 
v -3.35434 2.25486 -0.942471 
v -3.52395 2.40266 -0.968915 
v -3.42349 2.05726 -0.987062 
v -3.42681 2.05433 -0.992115 
v -4.47261 1.36246 -0.761674 
v -4.05214 2.5915 -0.978664 
v -4.46834 1.36634 -0.756902 
v -4.25852 2.27853 -0.725556 
v -4.01565 2.81343 -0.915149 
v -3.80673 2.6619 -0.94694 
v -3.94652 2.09446 -0.746873 
v -3.56568 2.56857 -0.969746 
v -3.75331 2.34467 -0.967743 
v -3.78264 2.66372 -0.994719 
v -3.78061 2.66797 -0.98962 
v -4.30852 2.68018 -0.965202 
v -4.34426 2.9915 -0.977593 
v -4.34025 2.99483 -0.972706 
v -3.75602 2.34049 -0.972768 
v -3.52289 2.404 -0.963532 
v -4.34426 2.9915 -0.977593 
v -4.30852 2.68018 -0.965202 
v -4.31311 2.67677 -0.969948 
v -4.23588 1.54865 -0.750785 
v -3.81147 2.65841 -0.951642 
v -3.80673 2.6619 -0.94694 
v -4.0201 2.80951 -0.919877 
v -3.56026 2.56512 -0.971542 
v -3.55628 2.56947 -0.966758 
v -3.56026 2.56512 -0.971542 
v -3.35832 2.2505 -0.947255 
v -1.47444 1.29338 -1.14673 
v -1.32718 0.276942 -1.0229 
v -1.332 0.272041 -1.0274 
v -0.145053 1.22984 -1.05958 
v -0.393806 0.523035 -1.02599 
v -0.388981 0.518133 -1.0305 
v -1.3397 1.66897 -1.21003 
v -1.19214 0.65533 -1.08688 
v -1.19696 0.650428 -1.09138 
v -0.393806 0.523035 -1.02599 
v -0.145053 1.22984 -1.05958 
v -0.150083 1.23634 -1.05541 
v 0.342117 1.46194 -1.12904 
v 0.103261 0.664572 -1.13142 
v 0.109301 0.662064 -1.13581 
v 0.202375 1.65535 -1.1535 
v -0.0383158 0.860072 -1.15709 
v -0.0316176 0.856544 -1.16113 
v -0.258769 0.144647 -0.962014 
v -0.0102112 0.852984 -0.995925 
v -0.0150467 0.857949 -0.991433 
v -0.253945 0.139745 -0.966519 
v 0.221955 1.24 -0.967937 
v 0.0364975 0.74866 -0.886389 
v 0.0411662 0.742463 -0.890717 
v -0.0984516 -0.453915 -0.873452 
v 0.216679 0.792825 -0.947513 
v 0.211528 0.797308 -0.943042 
v 0.21815 1.24614 -0.963389 
v 0.0399944 1.41419 -1.02078 
v -0.146896 0.989585 -0.951752 
v -0.142937 0.983092 -0.956201 
v -1.41849 1.35133 -1.04436 
v -1.26566 1.61916 -1.14329 
v -1.4152 1.36016 -1.04033 
v -1.41849 1.35133 -1.04436 
v -1.26894 1.61033 -1.14732 
v -1.26566 1.61916 -1.14329 
v -1.33456 1.67678 -1.20623 
v 0.186998 2.29099 -1.19636 
v -0.352774 1.36016 -1.04033 
v -0.110659 1.67375 -1.08484 
v -0.114285 1.68114 -1.08051 
v 0.0363632 1.42034 -1.0162 
v -0.110659 1.67375 -1.08484 
v -0.352774 1.36016 -1.04033 
v -0.349487 1.35133 -1.04436 
v 0.231289 1.80789 -1.07966 
v -0.0150467 0.857949 -0.991433 
v -0.0102112 0.852984 -0.995925 
v 0.226433 1.81297 -1.07519 
v 0.336575 1.46326 -1.12441 
v 0.522694 1.30713 -1.07975 
v 0.327216 0.403806 -1.05988 
v 0.333208 0.400661 -1.06424 
v 0.354315 1.6845 -1.0554 
v 0.516678 1.30938 -1.07533 
v 0.803507 1.43903 -1.01069 
v 0.729136 0.145704 -0.940071 
v 0.735139 0.143163 -0.944475 
v 0.797551 1.44077 -1.00622 
v 1.00738 0.147985 -0.916751 
v 1.06773 1.44598 -0.982519 
v 1.06327 1.44688 -0.977591 
v 1.00228 0.149888 -0.912022 
v 0.506253 0.623002 -0.885633 
v 0.576983 1.64018 -1.01962 
v 0.501621 0.627558 -0.881029 
v 1.34345 0.238451 -0.879546 
v 1.29945 1.58698 -0.957691 
v 1.2955 1.58813 -0.95266 
v 1.33885 0.240063 -0.874675 
v 0.849567 0.580243 -0.784953 
v 0.783323 1.60009 -0.966944 
v 0.778333 1.60491 -0.962474 
v 0.591726 1.63039 -1.086 
v 0.516678 1.30938 -1.07533 
v 0.522694 1.30713 -1.07975 
v 0.429816 1.71325 -1.12418 
v 0.336575 1.46326 -1.12441 
v 0.342117 1.46194 -1.12904 
v 0.585792 1.63131 -1.08149 
v 0.803507 1.43903 -1.01069 
v 0.801779 1.6534 -1.03326 
v 0.797132 1.65369 -1.02837 
v 0.211528 0.797308 -0.943042 
v 0.354315 1.6845 -1.0554 
v 0.349666 1.6891 -1.0508 
v 0.506253 0.623002 -0.885633 
v 0.581225 1.63567 -1.02433 
v 0.576983 1.64018 -1.01962 
v 0.797551 1.44077 -1.00622 
v 1.07942 1.78224 -0.993625 
v 1.06327 1.44688 -0.977591 
v 1.06773 1.44598 -0.982519 
v 1.69964 0.392303 -0.839159 
v 1.55871 1.8757 -0.952211 
v 1.5545 1.87784 -0.947278 
v -0.0929803 -0.458317 -0.877835 
v 0.191057 -0.660112 -0.792274 
v 0.195964 -0.664697 -0.7968 
v 0.31486 0.543396 -0.788532 
v 0.443099 1.14242 -0.91198 
v 0.311087 0.55069 -0.784211 
v 0.501621 0.627558 -0.881029 
v 0.719737 -0.857007 -0.653815 
v 0.849567 0.580243 -0.784953 
v 0.8445 0.584655 -0.780448 
v 0.726556 1.09486 -0.844362 
v 0.648123 0.386538 -0.700111 
v 0.652638 0.379947 -0.704403 
v 1.39914 -0.656089 -0.638336 
v 1.29787 0.765386 -0.763563 
v 1.29262 0.768141 -0.758937 
v 0.724851 -0.861154 -0.658341 
v 1.0635 0.275993 -0.607311 
v 1.07549 1.1544 -0.786516 
v 1.05873 0.281687 -0.60292 
v 1.39363 -0.653774 -0.633754 
v 1.85083 -0.367051 -0.605067 
v 1.69561 0.95624 -0.693802 
v 1.69037 0.958683 -0.689147 
v 1.47079 0.410249 -0.531366 
v 1.44461 1.41368 -0.754207 
v 1.4655 0.415963 -0.527133 
v 0.8445 0.584655 -0.780448 
v 0.31486 0.543396 -0.788532 
v 0.447024 1.13616 -0.916483 
v 0.443099 1.14242 -0.91198 
v 1.05629 1.7297 -0.953354 
v 1.05139 1.73304 -0.948681 
v 1.5545 1.87784 -0.947278 
v 1.69536 0.394072 -0.834222 
v 1.69964 0.392303 -0.839159 
v 1.07982 1.14792 -0.790878 
v 0.722721 1.10139 -0.839893 
v 1.47079 0.410249 -0.531366 
v 1.44916 1.40699 -0.758469 
v 1.44461 1.41368 -0.754207 
v 1.32214 1.96193 -0.935402 
v 1.84548 -0.365398 -0.600399 
v 2.07453 1.4211 -0.694416 
v 2.25823 0.179123 -0.559531 
v 2.26341 0.176818 -0.564211 
v 2.26341 0.176818 -0.564211 
v 2.0794 1.41812 -0.699129 
v 2.07453 1.4211 -0.694416 
v 2.4195 1.67688 -0.694138 
v 2.67308 0.29708 -0.529822 
v 2.67785 0.295039 -0.534631 
v 2.8118 1.64949 -0.624541 
v 3.20943 0.00323319 -0.381131 
v 3.2145 0.000259101 -0.385791 
v 3.78636 -0.497081 -0.196574 
v 3.18833 1.69204 -0.589 
v 3.1837 1.69567 -0.584283 
v 3.7816 -0.493497 -0.191889 
v 3.6734 1.92709 -0.472388 
v 5.11636 -1.122 0.229828 
v 5.1219 -1.12463 0.22528 
v 3.67863 1.92406 -0.477 
v 8.61342 1.4035 0.313501 
v 7.73562 0.00966597 0.373907 
v 7.73878 0.00378221 0.369187 
v 8.61027 1.40938 0.31822 
v 1.86255 0.730559 -0.505117 
v 1.79279 1.72677 -0.748369 
v 1.85762 0.73669 -0.50085 
v 1.78246 2.15992 -0.930544 
v 2.0095 0.801768 -0.805325 
v 2.0147 0.800222 -0.810043 
v 1.79759 1.72014 -0.752571 
v 2.25494 1.17755 -0.472573 
v 2.17431 2.10154 -0.742612 
v 2.24904 1.1834 -0.468577 
v 2.67785 0.295039 -0.534631 
v 2.42394 1.67384 -0.698954 
v 2.4195 1.67688 -0.694138 
v 2.81672 1.64634 -0.629228 
v 3.04094 1.15836 -0.341081 
v 2.83326 2.34124 -0.629723 
v 3.03625 1.16484 -0.336816 
v 2.63773 1.27946 -0.443926 
v 2.48663 2.28601 -0.721311 
v 2.63376 1.2869 -0.439684 
v 3.58403 1.05846 -0.185391 
v 3.25359 2.37547 -0.556595 
v 3.5793 1.06451 -0.181053 
v 4.23551 1.02045 -0.049508 
v 3.65694 2.52257 -0.587941 
v 4.2323 1.0282 -0.0451785 
v -1.27847 1.55253 -1.06977 
v -1.25367 1.75611 -1.17522 
v -1.27497 1.56404 -1.06685 
v -0.254008 1.98795 -1.33661 
v -0.468048 1.62814 -1.23816 
v -0.335384 1.53244 -1.33722 
v -0.468048 1.62814 -1.23816 
v -0.254008 1.98795 -1.33661 
v -0.18155 2.09713 -1.2648 
v -0.263461 1.92607 -1.37498 
v -0.253281 1.23555 -1.26442 
v -0.0820657 1.95497 -1.39757 
v 0.0853584 1.8378 -1.19158 
v -0.312753 2.21693 -1.3944 
v -0.254008 1.98795 -1.33661 
v -0.263461 1.92607 -1.37498 
v -0.135372 1.96972 -1.18237 
v -0.397286 1.62579 -1.31369 
v -0.18155 2.09713 -1.2648 
v -1.25717 1.7446 -1.17814 
v -1.26077 1.70836 -1.14613 
v -0.498997 1.6991 -1.14531 
v -0.392317 1.39466 -1.21013 
v -0.0615024 2.24897 -1.21156 
v -0.135372 1.96972 -1.18237 
v -0.18155 2.09713 -1.2648 
v -0.179975 2.47185 -1.3924 
v -0.120525 2.34358 -1.31484 
v -0.22284 2.285 -1.36391 
v -0.0771157 2.51875 -1.33186 
v -0.02228 2.0505 -1.47942 
v -0.0486271 2.56336 -1.52097 
v 0.0319733 2.12813 -1.42351 
v 0.00032109 2.57326 -1.47096 
v -0.22284 2.285 -1.36391 
v -0.18155 2.09713 -1.2648 
v -0.120525 2.34358 -1.31484 
v 0.0321513 2.49953 -1.26669 
v 0.0620227 2.58563 -1.40132 
v 0.160776 2.21458 -1.29131 
v 0.0653048 2.22833 -1.3728 
v 0.081058 1.77963 -1.29144 
v 0.0183086 1.77536 -1.39048 
v -0.0820657 1.95497 -1.39757 
v 0.200913 2.21705 -1.27092 
v 0.0853584 1.8378 -1.19158 
v 0.298501 2.19054 -1.19332 
v -0.00296789 1.80428 -1.26057 
v 0.224662 2.18067 -1.26173 
v 0.169988 2.23625 -1.28633 
v 0.298501 2.19054 -1.19332 
v 0.195505 1.65993 -1.14969 
v 0.202375 1.65535 -1.1535 
v 0.336575 1.46326 -1.12441 
v 0.429816 1.71325 -1.12418 
v 0.424252 1.71385 -1.11954 
v -0.150083 1.23634 -1.05541 
v 0.186998 2.29099 -1.19636 
v 0.1818 2.30021 -1.19302 
v 1.08298 1.78173 -0.998745 
v 1.29945 1.58698 -0.957691 
v 1.28834 1.92121 -0.979056 
v 1.28491 1.922 -0.973918 
v 0.0305401 2.37943 -1.38859 
v 0.0859888 2.20185 -1.36422 
v 0.147139 2.57534 -1.33147 
v 0.168019 2.21961 -1.29486 
v 0.279725 2.51467 -1.25814 
v 3.42718 3.4552 -1.03837 
v 3.37083 3.33244 -0.994747 
v 3.42947 3.44992 -1.04331 
v 2.06591 2.39392 -0.952993 
v 2.0137 2.66663 -0.995001 
v 2.01264 2.66797 -0.989619 
v 2.37486 2.64302 -0.955692 
v 2.32152 2.87744 -0.999148 
v 2.31949 2.88168 -0.994049 
v 2.37235 2.64722 -0.950643 
v 3.36674 3.32444 -0.990674 
v 3.22811 3.15795 -0.948478 
v 3.22946 3.14753 -0.952271 
v 2.01264 2.66797 -0.989619 
v 2.06347 2.39624 -0.947774 
v 2.06591 2.39392 -0.952993 
v 1.32719 1.9584 -0.940014 
v 1.28491 1.922 -0.973918 
v 1.2955 1.58813 -0.95266 
v 1.29945 1.58698 -0.957691 
v 1.53134 2.11057 -0.964483 
v 1.5545 1.87784 -0.947278 
v 1.55871 1.8757 -0.952211 
v 1.78766 2.15804 -0.935245 
v 1.58637 2.25486 -0.94247 
v 2.0794 1.41812 -0.699129 
v 1.5909 2.25117 -0.947203 
v 2.06347 2.39624 -0.947774 
v 2.27879 1.24525 -0.770526 
v 2.28294 1.24174 -0.775364 
v 2.25494 1.17755 -0.472573 
v 2.17854 2.09446 -0.746872 
v 2.17431 2.10154 -0.742612 
v 2.49055 2.27853 -0.725556 
v 2.65705 1.39382 -0.759303 
v 2.37235 2.64722 -0.950643 
v 2.65394 1.39795 -0.754332 
v 2.83719 2.33349 -0.6339 
v 2.06591 2.39392 -0.952993 
v 1.55871 1.8757 -0.952211 
v 1.53551 2.10818 -0.96941 
v 1.53134 2.11057 -0.964483 
v 1.78766 2.15804 -0.935245 
v 1.75387 2.40238 -0.963724 
v 1.74867 2.40448 -0.959036 
v 1.78246 2.15992 -0.930544 
v 2.66064 2.7554 -0.924743 
v 2.5679 2.98519 -0.978503 
v 2.56461 2.98912 -0.973539 
v 2.65677 2.75931 -0.919885 
v 2.37486 2.64302 -0.955692 
v 3.07679 1.51588 -0.684824 
v 2.66064 2.7554 -0.924743 
v 2.65677 2.75931 -0.919885 
v 2.92236 2.76668 -0.884237 
v 2.81716 3.01619 -0.944052 
v 2.81316 3.01952 -0.939164 
v 2.91751 2.77013 -0.879561 
v 3.07251 1.51977 -0.680052 
v 2.91751 2.77013 -0.879561 
v 3.54982 1.25907 -0.518424 
v 3.5551 1.25557 -0.522977 
v 2.92236 2.76668 -0.884237 
v 3.25674 2.3671 -0.560779 
v 4.10392 1.3364 -0.460734 
v 3.20762 2.77373 -0.850418 
v 4.10008 1.34142 -0.456011 
v 3.21121 2.7689 -0.855219 
v 4.93947 1.46209 0.00215477 
v 3.9 2.79821 -0.622003 
v 3.89698 2.80711 -0.617945 
v 4.93518 1.46957 0.00630647 
v 3.66005 2.51397 -0.592068 
v 6.04576 2.75748 -0.283934 
v 5.56664 2.03634 -0.15821 
v 5.5691 2.02707 -0.162253 
v 8.59173 2.95741 -0.258992 
v 8.03047 1.90484 0.0696488 
v 8.03254 1.89537 0.0656123 
v 5.41417 2.98135 -0.664876 
v 5.10008 2.14 -0.510088 
v 5.10268 2.13325 -0.514737 
v 3.21121 2.7689 -0.855219 
v 3.01977 3.07521 -0.933436 
v 3.20762 2.77373 -0.850418 
v 3.21121 2.7689 -0.855219 
v 3.02272 3.07088 -0.938409 
v 3.01977 3.07521 -0.933436 
v 5.49927 3.21319 -0.705926 
v 5.41177 2.98844 -0.660267 
v 5.41417 2.98135 -0.664876 
v 5.49704 3.22055 -0.701353 
v 5.41177 2.98844 -0.660267 
v 6.0433 2.76674 -0.279891 
v 6.25514 3.06745 -0.483414 
v 5.8702 2.62573 -0.291887 
v 5.87094 2.61292 -0.294569 
v 5.8702 2.62573 -0.291887 
v 6.25514 3.06745 -0.483414 
v 6.2544 3.08027 -0.480732 
v 8.58965 2.96688 -0.254955 
v -2.3597 1.63039 -1.086 
v -2.17487 1.42882 -1.15241 
v -2.18084 1.42676 -1.15686 
v -2.07028 1.49046 -1.17454 
v -2.19779 1.71325 -1.12418 
v -2.19223 1.71385 -1.11954 
v -2.03057 1.82113 -1.15043 
v -2.19779 1.71325 -1.12418 
v -2.19223 1.71385 -1.11954 
v -2.0763 1.48836 -1.17897 
v -2.02562 1.82118 -1.14562 
v -2.35377 1.63131 -1.08149 
v -2.19223 1.71385 -1.11954 
v -2.19779 1.71325 -1.12418 
v -2.56511 1.65369 -1.02837 
v -2.35377 1.63131 -1.08149 
v -2.3597 1.63039 -1.086 
v -2.56274 1.67491 -0.98858 
v -2.39282 2.05729 -1.16101 
v -2.82377 2.14832 -1.13697 
v -2.3597 1.63039 -1.086 
v -2.35377 1.63131 -1.08149 
v -2.35377 1.63131 -1.08149 
v -2.11764 1.6891 -1.0508 
v -2.00273 1.82062 -1.07519 
v -2.00738 1.81602 -1.07979 
v -2.27595 2.12228 -1.18835 
v -2.01016 1.8544 -1.08172 
v -2.10535 2.21666 -1.23032 
v -2.4094 2.34167 -1.15674 
v -2.74349 2.40191 -1.10467 
v -2.38367 2.38636 -1.12721 
v -2.78118 2.39462 -1.13421 
v -2.38367 2.38636 -1.12721 
v -2.22918 2.43064 -1.20011 
v -2.4094 2.34167 -1.15674 
v -2.13347 2.35026 -1.12289 
v -1.93942 2.43588 -1.19266 
v -2.18011 2.46291 -1.17193 
v -2.18011 2.46291 -1.17193 
v -2.38367 2.38636 -1.12721 
v -2.31556 2.26934 -1.0676 
v -3.36652 2.67017 -1.1189 
v -3.05184 1.95805 -0.957037 
v -2.73461 2.29252 -1.0315 
v -2.74349 2.40191 -1.10467 
v -1.98561 2.18656 -1.25824 
v -2.06647 2.19054 -1.19332 
v -2.05945 2.19643 -1.18983 
v -1.88598 1.62301 -1.20004 
v -1.89156 1.62161 -1.20465 
v -1.33456 1.67678 -1.20623 
v -1.93599 2.21961 -1.29486 
v -1.94977 2.3002 -1.19302 
v -1.57957 2.10614 -1.26224 
v -1.93599 2.21961 -1.29486 
v -1.62725 1.97861 -1.17898 
v -1.62725 1.97861 -1.17898 
v -1.25367 1.75611 -1.17522 
v -1.57957 2.10614 -1.26224 
v -1.54513 2.285 -1.36391 
v -1.73818 2.06095 -1.47997 
v -1.79257 2.13879 -1.42399 
v -1.88808 1.93304 -1.11889 
v -1.99926 1.80788 -1.07966 
v -1.99441 1.81297 -1.07519 
v -1.89293 1.92795 -1.12335 
v -1.47444 1.29338 -1.14673 
v -1.88808 1.93304 -1.11889 
v -1.4696 1.2984 -1.14225 
v -1.47444 1.29338 -1.14673 
v -1.27497 1.56404 -1.06685 
v -1.99264 2.18066 -1.26173 
v -1.92831 2.23857 -1.28412 
v -1.82362 2.23066 -1.37058 
v -1.83328 2.22833 -1.3728 
v -1.96091 2.2232 -1.26807 
v -1.79054 2.38557 -1.38575 
v -1.79851 2.37943 -1.38859 
v -1.64745 2.34358 -1.31484 
v -1.84384 2.20265 -1.36243 
v -1.45522 2.21692 -1.3944 
v -1.85396 2.20185 -1.36422 
v -1.93599 2.21961 -1.29486 
v -1.64046 2.34934 -1.3113 
v -2.10535 2.21666 -1.23032 
v -1.93431 2.30595 -1.21049 
v -1.92875 2.21457 -1.29131 
v -1.95497 2.29099 -1.19636 
v -1.79851 2.37943 -1.38859 
v -1.96889 2.21705 -1.27092 
v -1.96091 2.2232 -1.26807 
v -1.92831 2.23857 -1.28412 
v -1.83328 2.22833 -1.3728 
v -1.93796 2.23625 -1.28633 
v -2.12229 1.6845 -1.0554 
v -3.79692 2.65675 -0.950242 
v -4.58469 1.64634 -0.629229 
v -4.57977 1.64949 -0.624542 
v -4.02127 2.78789 -0.924044 
v -4.9892 1.67913 -0.549641 
v -4.98399 1.68226 -0.545034 
v -3.55628 2.56947 -0.966758 
v -4.19191 1.67384 -0.698954 
v -4.18747 1.67688 -0.694139 
v -3.35434 2.25486 -0.942471 
v -3.84738 1.41812 -0.699129 
v -3.8425 1.4211 -0.694417 
v -3.09787 1.97067 -0.941048 
v -3.35888 2.25117 -0.947204 
v -3.35434 2.25486 -0.942471 
v -5.18703 2.92278 -0.855348 
v -6.32966 1.56826 -0.452114 
v -6.32635 1.57364 -0.447342 
v -6.56716 2.16214 -0.422127 
v -9.24804 -0.0449835 0.431046 
v -9.24424 -0.0407774 0.435883 
v -6.94396 2.73889 -0.523343 
v -10.3814 1.4035 0.313499 
v -10.3782 1.40938 0.318219 
v -6.57079 2.15741 -0.426933 
v -6.0412 1.8869 -0.396909 
v -8.07986 -0.891368 0.372047 
v -8.07538 -0.888044 0.376829 
v -8.07986 -0.891368 0.372047 
v -6.0412 1.8869 -0.396909 
v -6.04548 1.88296 -0.401674 
v -4.60077 2.99644 -0.907441 
v -3.56026 2.56512 -0.971542 
v -4.58469 1.64634 -0.629229 
v -3.79692 2.65675 -0.950242 
v -3.80139 2.6531 -0.954996 
v -3.29872 2.18902 -1.01007 
v -3.52184 2.40238 -0.963725 
v -3.51664 2.40448 -0.959037 
v -3.29352 2.19111 -1.00538 
v -3.52019 2.41031 -0.959683 
v -3.29547 2.15524 -0.942984 
v -4.9892 1.67913 -0.549641 
v -4.02127 2.78789 -0.924044 
v -4.02601 2.7844 -0.928745 
v -10.3814 1.4035 0.313499 
v -6.94396 2.73889 -0.523343 
v -6.94698 2.73285 -0.52806 
v -5.81922 3.06732 -0.683738 
v -7.45204 2.15117 -0.131783 
v -7.44932 2.16005 -0.127665 
v -5.26776 3.22032 -0.93327 
v -6.77138 2.02212 -0.495835 
v -6.7673 2.02593 -0.491012 
v -4.31436 2.96376 -0.91998 
v -5.4466 1.92406 -0.477001 
v -5.44138 1.92709 -0.472389 
v -2.43996 1.42868 -1.07255 
v -2.56975 1.65339 -1.03326 
v -2.56511 1.65369 -1.02837 
v -2.56975 1.65339 -1.03326 
v -2.56511 1.65369 -1.02837 
v -2.44462 1.42747 -1.07742 
v -2.1224 1.68381 -1.05789 
v -2.3492 1.63567 -1.02433 
v -2.34496 1.64018 -1.01962 
v -2.11815 1.68832 -1.05319 
v -2.8474 1.78224 -0.993626 
v -2.81936 1.73304 -0.948681 
v -2.55727 1.59252 -0.973776 
v -2.56217 1.58917 -0.978449 
v -2.56217 1.58917 -0.978449 
v -2.82426 1.72969 -0.953354 
v -2.81936 1.73304 -0.948681 
v -2.3482 1.63801 -1.016 
v -2.5513 1.60009 -0.966944 
v -2.54631 1.60491 -0.962474 
v -2.54631 1.60491 -0.962474 
v -2.34321 1.64283 -1.01153 
v -2.3482 1.63801 -1.016 
v -2.85096 1.78173 -0.998746 
v -3.29931 2.11057 -0.964483 
v -3.05338 1.93265 -1.00913 
v -3.05755 1.93026 -1.01406 
v -2.74349 2.40191 -1.10467 
v -3.34391 2.21869 -0.915902 
v -2.73461 2.29252 -1.0315 
v -3.05288 1.922 -0.973918 
v -2.8474 1.78224 -0.993626 
v -2.85096 1.78173 -0.998746 
v -2.84804 1.80437 -0.964618 
v -3.05631 1.92121 -0.979056 
v -3.30348 2.10818 -0.969411 
v -3.09334 1.97435 -0.936316 
v -2.82806 1.73246 -0.952262 
v -3.09516 1.9584 -0.940015 
v -3.09011 1.96193 -0.935402 
v -2.823 1.73599 -0.947649 
v -4.80467 3.06665 -0.892115 
v -4.65648 3.61999 -1.15131 
v -4.57444 3.0304 -0.93314 
v -4.33371 3.00156 -0.969339 
v -4.78312 3.0872 -0.927158 
v -3.78264 2.66372 -0.994719 
v -4.0895 2.87744 -0.999149 
v -4.08747 2.88168 -0.994049 
v -3.77792 2.67461 -0.985528 
v -3.65744 3.24569 -1.06743 
v -3.28581 2.8579 -1.12446 
v -3.69199 3.37063 -1.16802 
v -3.78061 2.66797 -0.98962 
v -4.092 2.88292 -0.995474 
v -4.33587 2.98519 -0.978503 
v -4.33258 2.98912 -0.973539 
v -4.99608 3.15795 -0.948479 
v -5.1388 3.33244 -0.994747 
v -5.13472 3.32444 -0.990675 
v -4.33258 2.98912 -0.973539 
v -4.08871 2.88684 -0.990509 
v -4.092 2.88292 -0.995474 
v -3.52395 2.40266 -0.968915 
v -3.78061 2.66797 -0.989619 
v -3.52289 2.404 -0.963532 
v -3.78167 2.66663 -0.995002 
v -5.27175 3.21637 -0.938098 
v -5.13472 3.32444 -0.990675 
v -5.13856 3.32027 -0.995509 
v -4.31003 3.79898 -1.18108 
v -4.6013 3.76831 -1.0699 
v -4.2741 3.73111 -1.08532 
v -4.65553 3.80163 -1.15498 
v -4.05799 3.71966 -1.19106 
v -4.02888 3.63175 -1.09415 
v -5.19515 3.4552 -1.03837 
v -5.1388 3.33244 -0.994747 
v -5.17595 3.57725 -0.954203 
v -5.20627 3.63186 -1.04701 
v -4.99608 3.15795 -0.948479 
v -3.27599 2.81212 -1.04025 
v -2.00319 2.53102 -1.22986 
v -1.79547 2.51021 -1.26377 
v -1.86581 2.59372 -1.30173 
v -2.00319 2.53102 -1.22986 
v -1.86581 2.59372 -1.30173 
v -2.0477 2.51466 -1.25814 
v -1.68467 2.52925 -1.32967 
v -1.4855 2.48795 -1.41201 
v -1.69522 2.60674 -1.44669 
v -1.58234 2.48198 -1.38967 
v -1.76602 2.62572 -1.37755 
v -2.78118 2.39462 -1.13421 
v -2.74349 2.40191 -1.10467 
v -1.91511 2.57533 -1.33147 
v -1.76829 2.57325 -1.47096 
v -1.83 2.58563 -1.40132 
v -1.69522 2.60674 -1.44669 
v -1.76602 2.62572 -1.37755 
v -1.64023 2.63645 -1.5014 
v -1.71935 2.56336 -1.52097 
v -1.64023 2.63645 -1.5014 
v -4.58113 3.01951 -0.939165 
v -4.34025 2.99483 -0.972706 
v -4.34426 2.9915 -0.977593 
v -5.27175 3.21637 -0.938098 
v -5.09009 3.14334 -0.872287 
v -5.09274 3.13692 -0.876992 
v -5.22923 3.29802 -0.930224 
v -6.56406 2.44395 -0.589521 
v -5.09009 3.14334 -0.872287 
v -6.57079 2.15741 -0.426933 
v -4.80467 3.06665 -0.892115 
v -4.80781 3.06053 -0.896796 
v -4.99814 3.11833 -0.91954 
v -5.19019 2.91755 -0.860169 
v -5.18703 2.92278 -0.855348 
v -5.19019 2.91755 -0.860169 
v -5.88926 3.30464 -0.776064 
v -7.81373 2.75748 -0.283935 
v -7.81127 2.76674 -0.279892 
v -6.96775 3.13729 -0.693539 
v -10.3597 2.95741 -0.258993 
v -10.3576 2.96688 -0.254957 
v -5.82147 3.05763 -0.68768 
v -7.33461 2.03634 -0.158211 
v -5.81922 3.06732 -0.683738 
v -7.63817 2.62573 -0.291888 
v -5.95575 3.35952 -0.883818 
v -8.02237 3.08027 -0.480733 
v -6.96968 3.12823 -0.697719 
v -5.23086 3.28977 -0.934653 
v -6.73359 3.33959 -0.917966 
v -5.20627 3.63186 -1.04701 
v -6.73485 3.33348 -0.92287 
v -5.88926 3.30464 -0.776064 
v -5.17595 3.57725 -0.954203 
v -5.95575 3.35952 -0.883818 
v -5.26776 3.22032 -0.93327 
v -5.20627 3.63186 -1.04701 
v -5.20357 3.61814 -1.04552 
v -7.26725 3.21319 -0.705927 
v -7.26501 3.22055 -0.701354 
v -6.96968 3.12823 -0.697719 
v -5.88926 3.30464 -0.776064 
v -5.22923 3.29802 -0.930224 
v -5.66495 2.80711 -0.617946 
v -5.88926 3.30464 -0.776064 
v -5.81922 3.06732 -0.683738 
v -5.02156 2.37547 -0.556596 
v -4.91404 3.27248 -0.901206 
v -5.42491 2.52257 -0.587942 
v -3.81147 2.65841 -0.951642 
v -4.02601 2.7844 -0.928745 
v -4.0201 2.80951 -0.919877 
v -4.31881 2.95985 -0.924708 
v -4.31436 2.96376 -0.91998 
v -3.80673 2.6619 -0.94694 
v -3.56122 2.57222 -0.964992 
v -3.56568 2.56857 -0.969746 
v -3.56568 2.56857 -0.969746 
v -4.01565 2.81343 -0.915149 
v -4.60445 2.99084 -0.912108 
v -4.65193 3.16393 -0.895586 
v -5.4466 1.92406 -0.477001 
v -4.60077 2.99644 -0.907441 
v -4.31436 2.96376 -0.91998 
v -4.31804 2.95815 -0.924648 
v -4.60445 2.99084 -0.912108 
v -4.99814 3.11833 -0.91954 
v -4.78774 3.07521 -0.933437 
v -4.79054 3.07037 -0.938369 
v -5.00093 3.11348 -0.924472 
v -4.58408 3.01518 -0.944138 
v -4.79069 3.07087 -0.93841 
v -4.78774 3.07521 -0.933437 
v -4.58514 3.01618 -0.944052 
v -4.78774 3.07521 -0.933437 
v -4.58113 3.01951 -0.939165 
v -4.58408 3.01518 -0.944138 
v -4.60077 2.99644 -0.907441 
v -4.60392 2.99032 -0.912122 
v -5.00093 3.11348 -0.924472 
v -4.80732 3.06023 -0.896819 
v -5.09274 3.13692 -0.876992 
v -5.09009 3.14334 -0.872287 
v -4.80467 3.06665 -0.892115 
v -4.80781 3.06053 -0.896796 
v -0.140722 1.97862 -1.17898 
v -0.514303 1.75611 -1.17522 
v -0.493004 1.56404 -1.06685 
v -0.188401 2.10614 -1.26224 
v -0.22284 2.285 -1.36391 
v 0.0245992 2.13879 -1.42399 
v -0.0297972 2.06095 -1.47997 
v 0.168019 2.21961 -1.29486 
v -0.188401 2.10614 -1.26224 
v -0.140722 1.97862 -1.17898 
v -0.433415 1.67679 -1.20623 
v 0.1818 2.30021 -1.19302 
v 0.168019 2.21961 -1.29486 
v 0.217642 2.18656 -1.25824 
v 0.298501 2.19054 -1.19332 
v 0.224662 2.18067 -1.26173 
v 0.118009 1.62301 -1.20004 
v 0.262597 1.82114 -1.15043 
v 0.123587 1.62161 -1.20465 
v 0.120104 1.93304 -1.11889 
v -0.293533 1.29338 -1.14673 
v -0.298378 1.2984 -1.14225 
v -0.293533 1.29338 -1.14673 
v 0.120104 1.93304 -1.11889 
v 0.124961 1.92796 -1.12335 
v 0.231289 1.80789 -1.07966 
v 0.257645 1.82118 -1.14562 
v 0.231289 1.80789 -1.07966 
v 0.226433 1.81297 -1.07519 
v -0.312753 2.21693 -1.3944 
v -0.120525 2.34358 -1.31484 
v 0.07587 2.20266 -1.36243 
v 0.0859888 2.20185 -1.36422 
v -0.127511 2.34934 -1.3113 
v 0.168019 2.21961 -1.29486 
v 0.160333 2.23858 -1.28412 
v 0.0653048 2.22833 -1.3728 
v 0.0556491 2.23066 -1.37058 
v 0.192937 2.2232 -1.26807 
v 0.0305401 2.37943 -1.38859 
v 0.0225642 2.38558 -1.38575 
v 0.169988 2.23625 -1.28633 
v 0.186998 2.29099 -1.19636 
v 0.200913 2.21705 -1.27092 
v 0.166341 2.30595 -1.21049 
v 0.337373 2.21666 -1.23032 
v 0.160776 2.21458 -1.29131 
v 0.217642 2.18656 -1.25824 
v 0.29148 2.19643 -1.18983 
v 0.298501 2.19054 -1.19332 
v 0.349666 1.6891 -1.0508 
v 0.239408 1.81602 -1.07979 
v 0.234759 1.82062 -1.07519 
v 0.302311 1.49046 -1.17454 
v 0.429816 1.71325 -1.12418 
v 0.308329 1.48836 -1.17897 
v 0.424252 1.71385 -1.11954 
v 0.429816 1.71325 -1.12418 
v 0.406894 1.42882 -1.15241 
v 0.591726 1.63039 -1.086 
v 0.412871 1.42676 -1.15686 
v 0.424252 1.71385 -1.11954 
v 0.585792 1.63131 -1.08149 
v 0.429816 1.71325 -1.12418 
v 0.424252 1.71385 -1.11954 
v 0.585792 1.63131 -1.08149 
v 0.591726 1.63039 -1.086 
v 0.797132 1.65369 -1.02837 
v 0.591726 1.63039 -1.086 
v 0.585792 1.63131 -1.08149 
v 0.794762 1.67492 -0.98858 
v 1.0558 2.14832 -1.13697 
v 0.624849 2.05729 -1.16101 
v 0.242184 1.8544 -1.08172 
v 0.50798 2.12229 -1.18835 
v 0.337373 2.21666 -1.23032 
v 0.171447 2.43588 -1.19266 
v 0.365494 2.35026 -1.12289 
v 0.41214 2.46291 -1.17193 
v 0.615693 2.38636 -1.12721 
v 0.461205 2.43064 -1.20011 
v 0.41214 2.46291 -1.17193 
v 0.641422 2.34167 -1.15674 
v 0.975513 2.40191 -1.10467 
v 0.641422 2.34167 -1.15674 
v 0.615693 2.38636 -1.12721 
v 1.0132 2.39462 -1.13421 
v 0.615693 2.38636 -1.12721 
v 0.547583 2.26934 -1.0676 
v 0.966635 2.29252 -1.0315 
v 0.975513 2.40191 -1.10467 
v 1.59855 2.67017 -1.1189 
v 1.28386 1.95805 -0.957036 
v 0.354315 1.6845 -1.0554 
v 0.354423 1.68381 -1.05789 
v 0.576983 1.64018 -1.01962 
v 0.581225 1.63567 -1.02433 
v 0.350181 1.68832 -1.05319 
v 0.671989 1.42868 -1.07255 
v 0.801779 1.6534 -1.03326 
v 0.676648 1.42747 -1.07742 
v 0.801779 1.6534 -1.03326 
v 0.671989 1.42868 -1.07255 
v 0.797132 1.65369 -1.02837 
v 0.797132 1.65369 -1.02837 
v 0.801779 1.6534 -1.03326 
v 1.07942 1.78224 -0.993625 
v 0.580224 1.63801 -1.016 
v 0.778333 1.60491 -0.962474 
v 0.783323 1.60009 -0.966944 
v 0.575235 1.64283 -1.01153 
v 1.05139 1.73304 -0.948681 
v 0.794192 1.58918 -0.978449 
v 0.789293 1.59253 -0.973776 
v 1.05629 1.7297 -0.953354 
v 1.07942 1.78224 -0.993625 
v 1.08298 1.78173 -0.998745 
v 1.32214 1.96193 -0.935402 
v 1.06008 1.73246 -0.952262 
v 1.05503 1.73599 -0.947649 
v 1.08006 1.80437 -0.964618 
v 0.966635 2.29252 -1.0315 
v 1.57594 2.21869 -0.915901 
v 0.975513 2.40191 -1.10467 
v 1.53134 2.11057 -0.964483 
v 1.28957 1.93026 -1.01406 
v 1.28541 1.93266 -1.00913 
v 1.52749 2.15524 -0.942983 
v 1.28491 1.922 -0.973918 
v 1.08298 1.78173 -0.998745 
v 1.07942 1.78224 -0.993625 
v 1.08298 1.78173 -0.998745 
v 1.28491 1.922 -0.973918 
v 1.28834 1.92121 -0.979056 
v 1.32719 1.9584 -0.940014 
v 1.58637 2.25486 -0.94247 
v 1.3299 1.97067 -0.941048 
v 1.32537 1.97435 -0.936315 
v 1.53551 2.10818 -0.96941 
v 1.5909 2.25117 -0.947203 
v 2.0794 1.41812 -0.699129 
v 2.07453 1.4211 -0.694416 
v 2.42394 1.67384 -0.698954 
v 1.78831 2.56947 -0.966758 
v 2.4195 1.67688 -0.694138 
v 2.81672 1.64634 -0.629228 
v 2.02895 2.65675 -0.950241 
v 2.8118 1.64949 -0.624541 
v 4.56169 1.56826 -0.452113 
v 3.41905 2.92278 -0.855348 
v 4.55838 1.57364 -0.447341 
v 3.18833 1.69204 -0.589 
v 2.2533 2.78789 -0.924043 
v 3.1837 1.69567 -0.584283 
v 4.27323 1.8869 -0.396908 
v 6.31188 -0.891368 0.372048 
v 4.2775 1.88296 -0.401674 
v 6.31188 -0.891368 0.372048 
v 4.27323 1.8869 -0.396908 
v 6.3074 -0.888043 0.37683 
v 4.79918 2.16214 -0.422127 
v 7.48007 -0.0449827 0.431048 
v 4.80282 2.15741 -0.426932 
v 7.48007 -0.0449827 0.431048 
v 4.79918 2.16214 -0.422127 
v 7.47626 -0.0407766 0.435884 
v 8.61342 1.4035 0.313501 
v 5.17599 2.73889 -0.523342 
v 8.61027 1.40938 0.31822 
v 2.8328 2.99644 -0.90744 
v 1.74867 2.40448 -0.959036 
v 1.53074 2.18902 -1.01007 
v 1.52554 2.19111 -1.00538 
v 1.75222 2.41031 -0.959682 
v 1.75387 2.40238 -0.963724 
v 1.78831 2.56947 -0.966758 
v 2.42394 1.67384 -0.698954 
v 1.79229 2.56512 -0.971542 
v 2.02895 2.65675 -0.950241 
v 2.81672 1.64634 -0.629228 
v 2.03341 2.6531 -0.954995 
v 2.2533 2.78789 -0.924043 
v 3.18833 1.69204 -0.589 
v 2.25756 2.78415 -0.928834 
v 3.67863 1.92406 -0.477 
v 2.54639 2.96376 -0.919979 
v 3.6734 1.92709 -0.472388 
v 5.00341 2.02212 -0.495834 
v 3.49978 3.22032 -0.93327 
v 4.99932 2.02593 -0.491012 
v 5.68407 2.15117 -0.131782 
v 4.05125 3.06732 -0.683738 
v 5.68135 2.16005 -0.127664 
v 5.17599 2.73889 -0.523342 
v 8.61342 1.4035 0.313501 
v 5.179 2.73285 -0.528059 
v 3.03669 3.06665 -0.892114 
v -0.185633 2.48198 -1.38967 
v -0.0727541 2.60674 -1.44669 
v -0.282475 2.48795 -1.41201 
v -0.0833048 2.52926 -1.32967 
v -0.00195205 2.62572 -1.37755 
v 0.0274929 2.51021 -1.26377 
v 0.0978363 2.59372 -1.30173 
v 0.235215 2.53102 -1.22986 
v 0.0978363 2.59372 -1.30173 
v 0.279725 2.51467 -1.25814 
v 0.147139 2.57534 -1.33147 
v 0.235215 2.53102 -1.22986 
v 1.50802 2.81212 -1.04025 
v 1.0132 2.39462 -1.13421 
v 0.975513 2.40191 -1.10467 
v -0.127746 2.63645 -1.5014 
v -0.0727541 2.60674 -1.44669 
v 0.00032109 2.57326 -1.47096 
v -0.127746 2.63645 -1.5014 
v -0.0486271 2.56336 -1.52097 
v 0.0620227 2.58563 -1.40132 
v -0.00195205 2.62572 -1.37755 
v 1.51784 2.8579 -1.12446 
v 1.88947 3.24569 -1.06743 
v 1.92401 3.37063 -1.16802 
v 2.00994 2.67461 -0.985527 
v 2.31949 2.88168 -0.994049 
v 2.01467 2.66372 -0.994719 
v 2.01264 2.66797 -0.989619 
v 2.32152 2.87744 -0.999148 
v 2.8885 3.61999 -1.15131 
v 2.56574 3.00156 -0.969338 
v 2.80647 3.0304 -0.933139 
v 3.01514 3.0872 -0.927157 
v 2.56461 2.98912 -0.973539 
v 2.32403 2.88292 -0.995473 
v 2.32074 2.88685 -0.990509 
v 2.01264 2.66797 -0.989619 
v 1.75597 2.40266 -0.968914 
v 1.75492 2.404 -0.963532 
v 2.0137 2.66663 -0.995001 
v 2.32403 2.88292 -0.995473 
v 2.56461 2.98912 -0.973539 
v 2.5679 2.98519 -0.978503 
v 3.37083 3.33244 -0.994747 
v 3.22811 3.15795 -0.948478 
v 3.36674 3.32444 -0.990674 
v 3.36674 3.32444 -0.990674 
v 3.50377 3.21637 -0.938098 
v 3.37059 3.32027 -0.995508 
v 2.26091 3.63175 -1.09415 
v 2.29002 3.71966 -1.19106 
v 2.50613 3.73111 -1.08532 
v 2.54206 3.79898 -1.18108 
v 2.83333 3.76831 -1.0699 
v 2.88755 3.80163 -1.15498 
v 3.4383 3.63186 -1.04701 
v 3.40797 3.57725 -0.954202 
v 3.42718 3.4552 -1.03837 
v 2.81316 3.01952 -0.939164 
v 2.57628 2.99151 -0.977593 
v 2.57228 2.99484 -0.972706 
v 1.79771 2.56857 -0.969745 
v 1.79324 2.57222 -0.964992 
v 2.03341 2.6531 -0.954995 
v 2.04302 2.65816 -0.951731 
v 2.03876 2.6619 -0.94694 
v 2.25756 2.78415 -0.928834 
v 2.25213 2.80951 -0.919876 
v 2.54639 2.96376 -0.919979 
v 2.55084 2.95985 -0.924707 
v 2.24768 2.81343 -0.915148 
v 2.55084 2.95985 -0.924707 
v 2.55007 2.95815 -0.924647 
v 2.54639 2.96376 -0.919979 
v 3.25359 2.37547 -0.556595 
v 3.14607 3.27248 -0.901205 
v 2.88395 3.16393 -0.895586 
v 2.8328 2.99644 -0.90744 
v 4.2775 1.88296 -0.401674 
v 2.83648 2.99084 -0.912108 
v 3.65694 2.52257 -0.587941 
v 2.55007 2.95815 -0.924647 
v 2.57628 2.99151 -0.977593 
v 2.81316 3.01952 -0.939164 
v 2.81716 3.01619 -0.944052 
v 3.01977 3.07521 -0.933436 
v 2.8161 3.01518 -0.944138 
v 2.81316 3.01952 -0.939164 
v 2.8161 3.01518 -0.944138 
v 3.01977 3.07521 -0.933436 
v 3.02272 3.07088 -0.938409 
v 3.23016 3.11833 -0.919539 
v 3.02256 3.07037 -0.938369 
v 3.01977 3.07521 -0.933436 
v 3.02256 3.07037 -0.938369 
v 3.23016 3.11833 -0.919539 
v 3.23296 3.11348 -0.924472 
v 2.83594 2.99033 -0.912121 
v 2.8328 2.99644 -0.90744 
v 3.03984 3.06053 -0.896796 
v 3.32212 3.14334 -0.872287 
v 3.03934 3.06023 -0.896819 
v 3.03669 3.06665 -0.892114 
v 3.32477 3.13692 -0.876991 
v 3.42222 2.91755 -0.860168 
v 3.23296 3.11348 -0.924472 
v 3.42222 2.91755 -0.860168 
v 3.41905 2.92278 -0.855348 
v 3.42222 2.91755 -0.860168 
v 3.03669 3.06665 -0.892114 
v 4.80282 2.15741 -0.426932 
v 3.03984 3.06053 -0.896796 
v 4.79608 2.44395 -0.58952 
v 3.46125 3.29802 -0.930223 
v 3.32212 3.14334 -0.872287 
v 3.50377 3.21637 -0.938098 
v 5.179 2.73285 -0.528059 
v 4.0535 3.05763 -0.687679 
v 5.56664 2.03634 -0.15821 
v 4.12129 3.30464 -0.776063 
v 4.05125 3.06732 -0.683738 
v 6.04576 2.75748 -0.283934 
v 4.12129 3.30464 -0.776063 
v 6.0433 2.76674 -0.279891 
v 8.59173 2.95741 -0.258992 
v 5.19978 3.13729 -0.693538 
v 8.58965 2.96688 -0.254955 
v 4.18778 3.35952 -0.883818 
v 5.8702 2.62573 -0.291887 
v 6.2544 3.08027 -0.480732 
v 3.49978 3.22032 -0.93327 
v 4.18778 3.35952 -0.883818 
v 3.4383 3.63186 -1.04701 
v 3.40797 3.57725 -0.954202 
v 4.12129 3.30464 -0.776063 
v 5.2017 3.12823 -0.697718 
v 3.46288 3.28977 -0.934653 
v 3.4383 3.63186 -1.04701 
v 4.96562 3.33959 -0.917965 
v 4.96688 3.33348 -0.922869 
v 3.4356 3.61814 -1.04552 
v 5.49704 3.22055 -0.701353 
v 5.49927 3.21319 -0.705926 
v 4.12129 3.30464 -0.776063 
v 3.89698 2.80711 -0.617945 
v 4.05125 3.06732 -0.683738 
v 4.12129 3.30464 -0.776063 
v -2.39282 2.05729 -1.16101 
v -2.69185 1.11709 -1.09215 
v -2.42178 1.13794 -1.14258 
v -2.23107 0.207884 -1.02699 
v -2.17487 1.42882 -1.15241 
v -2.56552 1.44077 -1.00622 
v -2.35377 1.63131 -1.08149 
v -2.56552 1.44077 -1.00622 
v -2.17487 1.42882 -1.15241 
v -2.82377 2.14832 -1.13697 
v -3.05245 1.36777 -1.0118 
v -2.28465 1.30938 -1.07533 
v -2.19223 1.71385 -1.11954 
v -2.35377 1.63131 -1.08149 
v -2.28465 1.30938 -1.07533 
v -1.92439 0.615931 -1.13466 
v -2.07028 1.49046 -1.17454 
v -2.09519 0.403804 -1.05988 
v -2.07028 1.49046 -1.17454 
v -2.04171 1.41433 -1.21455 
v -2.27595 2.12228 -1.18835 
v -2.56511 1.65369 -1.02837 
v -2.83124 1.44688 -0.977591 
v -2.43996 1.42868 -1.07255 
v -2.49711 0.145703 -0.940072 
v -2.83124 1.44688 -0.977591 
v -2.77026 0.149886 -0.912023 
v -2.50532 0.208215 -1.00024 
v -2.43996 1.42868 -1.07255 
v -3.10682 0.240061 -0.874675 
v -2.73477 1.44445 -1.01842 
v -3.06347 1.58813 -0.95266 
v -2.54631 1.60491 -0.962474 
v -2.06294 0.717198 -0.971374 
v -2.34321 1.64283 -1.01153 
v -2.26959 0.627557 -0.881029 
v -1.79014 0.849968 -1.0455 
v -2.11815 1.68832 -1.05319 
v -2.34496 1.64018 -1.01962 
v -2.21107 1.14242 -0.91198 
v -1.98612 1.24614 -0.963389 
v -2.18803 1.72637 -1.00719 
v -2.56511 1.65369 -1.02837 
v -2.39282 2.05729 -1.16101 
v -2.56274 1.67491 -0.98858 
v -2.34406 1.65611 -1.03207 
v -3.72937 2.13986 -0.967867 
v -2.17879 1.74181 -1.06295 
v -2.10455 1.46326 -1.12441 
v -2.02562 1.82118 -1.14562 
v -2.19223 1.71385 -1.11954 
v -2.17879 1.74181 -1.06295 
v -2.00883 1.84363 -1.08538 
v -2.01016 1.8544 -1.08172 
v -2.27595 2.12228 -1.18835 
v -2.01016 1.8544 -1.08172 
v -2.10535 2.21666 -1.23032 
v -2.31556 2.26934 -1.0676 
v -2.71629 1.72923 -0.947499 
v -2.94524 1.58726 -1.0069 
v -3.05338 1.93265 -1.00913 
v -3.32247 1.87784 -0.947279 
v -3.05288 1.922 -0.973918 
v -3.06347 1.58813 -0.95266 
v -2.8474 1.78224 -0.993626 
v -3.05184 1.95805 -0.957037 
v -2.85211 1.79356 -0.967698 
v -2.84804 1.80437 -0.964618 
v -3.05658 1.94794 -0.960186 
v -2.73477 1.44445 -1.01842 
v -2.8474 1.78224 -0.993626 
v -2.84804 1.80437 -0.964618 
v -2.56572 1.66441 -0.992089 
v -2.85211 1.79356 -0.967698 
v -1.88598 1.62301 -1.20004 
v -2.10455 1.46326 -1.12441 
v -1.76654 0.861364 -1.19703 
v -1.88598 1.62301 -1.20004 
v -1.87123 0.664571 -1.13142 
v -1.97035 1.65535 -1.1535 
v -1.72966 0.860071 -1.15709 
v -1.96348 1.65993 -1.14969 
v -1.62485 1.05754 -1.22248 
v -1.75811 1.80906 -1.25679 
v -1.85333 1.8378 -1.19158 
v -1.6195 1.03808 -1.19903 
v -1.61155 1.04391 -1.19608 
v -1.61789 1.23633 -1.05541 
v -1.19214 0.65533 -1.08688 
v -1.33456 1.67678 -1.20623 
v -1.99441 1.81297 -1.07519 
v -1.75293 0.857947 -0.991433 
v -1.4696 1.2984 -1.14225 
v -1.84537 1.84377 -1.18867 
v -1.61155 1.04391 -1.19608 
v -1.50674 1.24138 -1.26147 
v -1.37417 0.523033 -1.02599 
v -1.9795 0.797307 -0.943042 
v -1.44607 -0.354702 -0.957455 
v -1.61283 1.06592 -1.09749 
v -1.98612 1.24614 -0.963389 
v -1.62148 0.864519 -0.990389 
v -1.80434 1.42033 -1.0162 
v -2.11764 1.6891 -1.0508 
v -1.80434 1.42033 -1.0162 
v -1.80434 1.42033 -1.0162 
v -1.38864 1.15362 -1.05842 
v -1.65369 1.68114 -1.08051 
v -1.5092 0.144646 -0.962014 
v -1.32718 0.276942 -1.0229 
v -1.62108 0.989583 -0.951753 
v -2.00273 1.82062 -1.07519 
v -1.82692 1.75422 -1.3317 
v -1.84537 1.84377 -1.18867 
v -1.75811 1.80906 -1.25679 
v -2.05945 2.19643 -1.18983 
v -1.96348 1.65993 -1.14969 
v -1.92831 2.23857 -1.28412 
v -1.84903 1.77962 -1.29144 
v -1.83938 1.78195 -1.28923 
v -1.94977 2.3002 -1.19302 
v -1.6326 1.96972 -1.18237 
v -1.37566 1.39466 -1.21013 
v -1.36699 1.4009 -1.20789 
v -1.62725 1.97861 -1.17898 
v -1.57957 2.10614 -1.26224 
v -1.26898 1.6991 -1.14531 
v -1.26077 1.70836 -1.14613 
v -1.27497 1.56404 -1.06685 
v -1.62725 1.97861 -1.17898 
v -1.6326 1.96972 -1.18237 
v -1.65369 1.68114 -1.08051 
v -1.96156 1.8868 -1.06605 
v -1.88808 1.93304 -1.11889 
v -1.81427 2.04853 -1.12937 
v -1.62725 1.97861 -1.17898 
v -1.26566 1.61916 -1.14329 
v -1.4152 1.36016 -1.04033 
v -1.27847 1.55253 -1.06977 
v -1.80447 0.748659 -0.88639 
v -3.5888 1.2892 -0.802743 
v -4.44106 0.29708 -0.529822 
v -4.19372 0.121837 -0.603497 
v -4.57977 1.64949 -0.624542 
v -4.97741 0.00323319 -0.381132 
v -4.60409 -0.161896 -0.461789 
v -4.98399 1.68226 -0.545034 
v -5.14649 -0.743104 -0.281928 
v -4.23092 1.55197 -0.746125 
v -3.97698 1.59752 -0.797211 
v -4.18747 1.67688 -0.694139 
v -4.0262 0.179123 -0.559532 
v -3.26466 0.936634 -0.825861 
v -3.8425 1.4211 -0.694417 
v -3.67952 -0.0647826 -0.641879 
v -3.67667 0.936844 -0.6132 
v -3.56077 1.72677 -0.748369 
v -4.01701 1.1834 -0.468578 
v -3.42349 2.05726 -0.987062 
v -4.04676 1.24525 -0.770526 
v -3.77196 1.00955 -0.825127 
v -5.44138 1.92709 -0.472389 
v -6.00921 -1.799 -0.00434095 
v -4.61893 1.47111 -0.679906 
v -7.0546 -1.73421 0.1857 
v -6.0412 1.8869 -0.396909 
v -8.07538 -0.888044 0.376829 
v -8.39731 -1.20724 0.342052 
v -6.56716 2.16214 -0.422127 
v -9.24424 -0.0407774 0.435883 
v -5.52977 1.53947 -0.498169 
v -9.5036 0.00966555 0.373905 
v -6.94396 2.73889 -0.523343 
v -10.3782 1.40938 0.318219 
v -6.88433 -1.122 0.229827 
v -5.54958 -0.493498 -0.168035 
v -5.06309 1.46404 -0.565883 
v -4.73256 0.877168 -0.355482 
v -5.02156 2.37547 -0.556596 
v -5.34727 1.0645 -0.181053 
v -5.33751 0.820099 -0.193278 
v -5.42491 2.52257 -0.587942 
v -6.00027 1.0282 -0.0451793 
v -4.68549 2.77012 -0.879561 
v -5.3178 1.25907 -0.518425 
v -4.88734 1.31517 -0.668756 
v -5.43466 1.21773 -0.531644 
v -4.97559 2.77373 -0.850419 
v -5.86806 1.34142 -0.456011 
v -4.42474 2.75931 -0.919886 
v -4.84049 1.51976 -0.680053 
v -4.46834 1.36634 -0.756902 
v -4.2546 2.28601 -0.721312 
v -4.40173 1.2869 -0.439685 
v -3.94228 2.10154 -0.742613 
v -3.75331 2.34467 -0.967743 
v -4.42191 1.39795 -0.754333 
v -4.11241 1.26717 -0.800411 
v -3.77748 0.801767 -0.805326 
v -3.22156 1.7856 -1.00557 
v -3.55044 2.15992 -0.930544 
v -3.94228 2.10154 -0.742613 
v -3.35434 2.25486 -0.942471 
v -3.83145 2.39624 -0.947774 
v -4.60124 2.34124 -0.629724 
v -4.37322 1.08791 -0.437308 
v -4.2546 2.28601 -0.721312 
v -6.07403 1.87921 -0.497615 
v -7.45204 2.15117 -0.131783 
v -6.58068 1.30457 -0.0491824 
v -6.57795 1.31345 -0.0450643 
v -5.96542 1.00999 -0.101827 
v -5.66495 2.80711 -0.617946 
v -6.70315 1.46957 0.00630552 
v -6.57795 1.31345 -0.0450643 
v -7.44932 2.16005 -0.127665 
v -7.45204 2.15117 -0.131783 
v -5.02156 2.37547 -0.556596 
v -4.01218 1.17366 -0.516084 
v -4.80422 1.16484 -0.336816 
v -4.60124 2.34124 -0.629724 
v -3.50399 0.597661 -0.874568 
v -2.89687 0.131774 -0.927954 
v -3.06059 0.76814 -0.758938 
v -2.76165 -0.738123 -0.748327 
v -2.42991 0.628596 -0.94645 
v -2.94524 1.58726 -1.0069 
v -3.46333 0.394071 -0.834222 
v -3.19484 0.282011 -0.898453 
v -2.4161 0.386537 -0.700112 
v -2.49069 1.10139 -0.839894 
v -2.13236 -0.834615 -0.743911 
v -2.61247 0.584653 -0.780448 
v -1.66952 -0.453915 -0.873452 
v -1.95903 -0.660114 -0.792274 
v -1.67526 -0.66562 -0.869299 
v -2.07906 0.550689 -0.784211 
v -1.81313 0.611136 -0.879945 
v -1.98612 1.24614 -0.963389 
v -2.04805 0.399811 -0.813784 
v -3.1616 -0.653776 -0.633754 
v -3.18805 -0.501093 -0.698725 
v -3.45835 0.958682 -0.689148 
v -3.61346 -0.365398 -0.6004 
v -2.86899 0.748111 -0.872112 
v -3.26058 0.491979 -0.597741 
v -3.21258 1.41367 -0.754208 
v -3.6256 0.736689 -0.500851 
v -2.84346 1.1544 -0.786516 
v -3.23347 0.415961 -0.527134 
v -2.84173 0.185125 -0.649173 
v -2.48771 -0.857008 -0.653816 
v -2.8267 0.281686 -0.60292 
v -2.4128 0.209944 -0.741215 
v -3.32247 1.87784 -0.947279 
v -2.55727 1.59252 -0.973776 
v -2.81936 1.73304 -0.948681 
v -2.95067 1.91039 -0.93615 
v -3.34391 2.21869 -0.915902 
v -2.21107 1.14242 -0.91198 
v -3.09334 1.97435 -0.936316 
v -3.35434 2.25486 -0.942471 
v -2.823 1.73599 -0.947649 
v -3.09011 1.96193 -0.935402 
v -5.18703 2.92278 -0.855348 
v -6.32635 1.57364 -0.447342 
v -5.93577 1.31419 -0.477352 
v -4.31613 3.60863 -1.17297 
v -4.33371 3.00156 -0.969339 
v -4.086 2.89884 -0.985034 
v -4.31613 3.60863 -1.17297 
v -4.62121 2.51041 -0.971438 
v -4.26268 2.53867 -0.977661 
v -5.19515 3.4552 -1.03837 
v -5.04598 2.49367 -0.909608 
v -4.65648 3.61999 -1.15131 
v -4.08143 3.51305 -1.20699 
v -3.73816 3.19038 -1.16788 
v -3.97894 2.41828 -0.98711 
v -3.36652 2.67017 -1.1189 
v -3.77792 2.67461 -0.985528 
v -3.73816 3.19038 -1.16788 
v -4.08143 3.51305 -1.20699 
v -3.78061 2.66797 -0.98962 
v -4.08747 2.88168 -0.994049 
v -4.14032 2.64722 -0.950644 
v -4.0893 2.88929 -0.98883 
v -4.0893 2.88929 -0.98883 
v -4.33371 3.00156 -0.969339 
v -4.33583 2.99154 -0.973186 
v -3.78221 2.66528 -0.989134 
v -4.086 2.89884 -0.985034 
v -3.78221 2.66528 -0.989134 
v -3.52019 2.41031 -0.959683 
v -3.65744 3.24569 -1.06743 
v -4.0376 2.97384 -0.927314 
v -3.66879 2.68885 -0.932095 
v -4.02888 3.63175 -1.09415 
v -4.30088 3.08404 -0.920546 
v -4.31613 3.60863 -1.17297 
v -4.65309 3.79046 -1.15165 
v -4.65648 3.61999 -1.15131 
v -5.20357 3.61814 -1.04552 
v -4.31022 3.78705 -1.17788 
v -4.06127 3.70825 -1.18803 
v -3.69819 3.36164 -1.16506 
v -4.08143 3.51305 -1.20699 
v -3.73816 3.19038 -1.16788 
v -4.06127 3.70825 -1.18803 
v -4.08143 3.51305 -1.20699 
v -4.65648 3.61999 -1.15131 
v -4.99608 3.15795 -0.948479 
v -5.1388 3.33244 -0.994747 
v -6.73359 3.33959 -0.917966 
v -5.19515 3.4552 -1.03837 
v -5.20627 3.63186 -1.04701 
v -4.91404 3.27248 -0.901206 
v -4.6013 3.76831 -1.0699 
v -5.17595 3.57725 -0.954203 
v -4.2741 3.73111 -1.08532 
v -4.65193 3.16393 -0.895586 
v -3.36652 2.67017 -1.1189 
v -1.92875 2.21457 -1.29131 
v -2.06647 2.19054 -1.19332 
v -1.96348 1.65993 -1.14969 
v -2.05945 2.19643 -1.18983 
v -1.96889 2.21705 -1.27092 
v -1.84537 1.84377 -1.18867 
v -1.96091 2.2232 -1.26807 
v -2.10535 2.21666 -1.23032 
v -2.01016 1.8544 -1.08172 
v -1.93431 2.30595 -1.21049 
v -1.93796 2.23625 -1.28633 
v -1.58642 2.09713 -1.2648 
v -1.85333 1.8378 -1.19158 
v -1.92875 2.21457 -1.29131 
v -1.6326 1.96972 -1.18237 
v -1.62725 1.97861 -1.17898 
v -1.50398 1.99318 -1.33608 
v -1.44853 2.21439 -1.39026 
v -1.53803 2.28361 -1.35987 
v -1.69999 2.25667 -1.20828 
v -2.73461 2.29252 -1.0315 
v -3.22156 1.7856 -1.00557 
v -3.29352 2.19111 -1.00538 
v -3.55044 2.15992 -0.930544 
v -2.27595 2.12228 -1.18835 
v -2.40655 2.33293 -1.1526 
v -2.39282 2.05729 -1.16101 
v -2.40655 2.33293 -1.1526 
v -2.82377 2.14832 -1.13697 
v -2.39282 2.05729 -1.16101 
v -2.13347 2.35026 -1.12289 
v -1.93599 2.21961 -1.29486 
v -1.57957 2.10614 -1.26224 
v -1.64046 2.34934 -1.3113 
v -2.10535 2.21666 -1.23032 
v -2.22371 2.42176 -1.19677 
v -1.92875 2.21457 -1.29131 
v -2.0414 2.50531 -1.25539 
v -1.93942 2.43588 -1.19266 
v -1.44853 2.21439 -1.39026 
v -1.4855 2.48795 -1.41201 
v -1.53803 2.28361 -1.35987 
v -1.79547 2.51021 -1.26377 
v -1.58234 2.48198 -1.38967 
v -3.2911 2.84927 -1.12096 
v -2.78297 2.38583 -1.12993 
v -3.36652 2.67017 -1.1189 
v -3.27599 2.81212 -1.04025 
v -2.74349 2.40191 -1.10467 
v -3.29931 2.11057 -0.964483 
v -6.41412 1.57579 -0.509047 
v -4.96457 2.82315 -0.967104 
v -5.26776 3.22032 -0.93327 
v -6.7673 2.02593 -0.491012 
v -4.80467 3.06665 -0.892115 
v -5.09009 3.14334 -0.872287 
v -5.13472 3.32444 -0.990675 
v -7.17974 2.98844 -0.660268 
v -6.86805 2.14 -0.510089 
v -4.75602 2.76056 -0.907254 
v -4.5494 2.70487 -0.926036 
v -4.31436 2.96376 -0.91998 
v -4.80467 3.06665 -0.892115 
v -4.60077 2.99644 -0.907441 
v -4.60124 2.34124 -0.629724 
v -5.02156 2.37547 -0.556596 
v -6.96775 3.13729 -0.693539 
v -9.79844 1.90484 0.0696474 
v -6.56406 2.44395 -0.589521 
v -5.81922 3.06732 -0.683738 
v -10.3576 2.96688 -0.254957 
v -7.33461 2.03634 -0.158211 
v -5.88926 3.30464 -0.776064 
v -7.81127 2.76674 -0.279892 
v -5.66495 2.80711 -0.617946 
v -5.42491 2.52257 -0.587942 
v -4.60077 2.99644 -0.907441 
v -5.09278 3.01928 -0.965592 
v -4.99814 3.14193 -0.979079 
v -5.26776 3.22032 -0.93327 
v -4.96457 2.82315 -0.967104 
v -5.77803 2.62353 -0.842915 
v -6.73359 3.33959 -0.917966 
v -5.13472 3.32444 -0.990675 
v -4.78312 3.0872 -0.927158 
v -4.99608 3.15795 -0.948479 
v -4.99744 3.14753 -0.952272 
v -4.99814 3.11833 -0.91954 
v -4.75602 2.76056 -0.907254 
v -4.78774 3.07521 -0.933437 
v -4.5494 2.70487 -0.926036 
v -4.78774 3.07521 -0.933437 
v -4.97559 2.77373 -0.850419 
v -4.78498 3.07672 -0.93087 
v -5.20627 3.63186 -1.04701 
v -7.17974 2.98844 -0.660268 
v -5.13472 3.32444 -0.990675 
v -5.22923 3.29802 -0.930224 
v -5.8902 3.29253 -0.779145 
v -7.63817 2.62573 -0.291888 
v -7.63891 2.61292 -0.29457 
v -5.88926 3.30464 -0.776064 
v -7.26501 3.22055 -0.701354 
v -5.88926 3.30464 -0.776064 
v -5.66495 2.80711 -0.617946 
v -5.17595 3.57725 -0.954203 
v -5.18703 2.92278 -0.855348 
v -5.42491 2.52257 -0.587942 
v -5.17595 3.57725 -0.954203 
v -5.66495 2.80711 -0.617946 
v -4.91404 3.27248 -0.901206 
v -4.57683 3.01988 -0.936759 
v -4.78312 3.0872 -0.927158 
v -4.78498 3.07672 -0.93087 
v -3.51664 2.40448 -0.959037 
v -3.56122 2.57222 -0.964992 
v -3.79692 2.65675 -0.950242 
v -3.83145 2.39624 -0.947774 
v -3.42349 2.05726 -0.987062 
v -3.52289 2.404 -0.963532 
v -3.52469 2.40038 -0.962999 
v -3.29547 2.15524 -0.942984 
v -3.52019 2.41031 -0.959683 
v -3.30042 2.1455 -0.946208 
v -3.29547 2.15524 -0.942984 
v -3.05658 1.94794 -0.960186 
v -3.05184 1.95805 -0.957037 
v -4.14032 2.64722 -0.950644 
v -4.02127 2.78789 -0.924044 
v -4.05214 2.5915 -0.978664 
v -4.30852 2.68018 -0.965202 
v -3.80673 2.6619 -0.94694 
v -3.55628 2.56947 -0.966758 
v -4.01565 2.81343 -0.915149 
v -4.08871 2.88684 -0.990509 
v -4.42474 2.75931 -0.919886 
v -4.05214 2.5915 -0.978664 
v -4.33258 2.98912 -0.973539 
v -4.58113 3.01951 -0.939165 
v -4.30852 2.68018 -0.965202 
v -4.34025 2.99483 -0.972706 
v -3.75331 2.34467 -0.967743 
v -3.78061 2.66797 -0.989619 
v -4.58113 3.01951 -0.939165 
v -4.68549 2.77012 -0.879561 
v -4.31436 2.96376 -0.91998 
v -4.57444 3.0304 -0.93314 
v -4.2546 2.28601 -0.721312 
v -0.498997 1.6991 -1.14531 
v -0.188401 2.10614 -1.26224 
v -0.507206 1.70836 -1.14613 
v -0.433415 1.67679 -1.20623 
v -0.575834 0.655331 -1.08688 
v -0.150083 1.23634 -1.05541 
v -0.393806 0.523035 -1.02599 
v 0.0853584 1.8378 -1.19158 
v -0.156423 1.04391 -1.19608 
v -0.148475 1.03808 -1.19903 
v 0.0773983 1.84377 -1.18867 
v -0.261229 1.24138 -1.26147 
v -0.0150467 0.857949 -0.991433 
v 0.226433 1.81297 -1.07519 
v -0.298378 1.2984 -1.14225 
v -0.0383158 0.860072 -1.15709 
v 0.195505 1.65993 -1.14969 
v -0.143122 1.05754 -1.22248 
v 0.103261 0.664572 -1.13142 
v 0.336575 1.46326 -1.12441 
v -0.00143683 0.861365 -1.19703 
v 0.118009 1.62301 -1.20004 
v -0.0383158 0.860072 -1.15709 
v 0.202375 1.65535 -1.1535 
v 0.195505 1.65993 -1.14969 
v -0.440797 0.276942 -1.0229 
v -0.155145 1.06593 -1.09749 
v -0.321907 -0.354701 -0.957455 
v 0.211528 0.797308 -0.943042 
v -0.258769 0.144647 -0.962014 
v 0.0363632 1.42034 -1.0162 
v -0.379336 1.15363 -1.05842 
v -0.146896 0.989585 -0.951752 
v -0.114285 1.68114 -1.08051 
v 0.0363632 1.42034 -1.0162 
v -0.14649 0.864521 -0.990389 
v 0.21815 1.24614 -0.963389 
v 0.0364975 0.74866 -0.886389 
v 0.349666 1.6891 -1.0508 
v 0.420059 1.72637 -1.00719 
v 0.0363632 1.42034 -1.0162 
v 0.21815 1.24614 -0.963389 
v -0.009866 1.80906 -1.25679 
v -0.135372 1.96972 -1.18237 
v -0.400982 1.4009 -1.20789 
v -0.392317 1.39466 -1.21013 
v 0.1818 2.30021 -1.19302 
v -0.140722 1.97862 -1.17898 
v -0.493004 1.56404 -1.06685 
v -0.135372 1.96972 -1.18237 
v -0.140722 1.97862 -1.17898 
v -0.156423 1.04391 -1.19608 
v 0.0853584 1.8378 -1.19158 
v 0.0773983 1.84377 -1.18867 
v 0.337373 2.21666 -1.23032 
v 0.0589472 1.75422 -1.3317 
v 0.273738 1.41433 -1.21455 
v 0.336575 1.46326 -1.12441 
v 0.257645 1.82118 -1.14562 
v 0.118009 1.62301 -1.20004 
v 0.29148 2.19643 -1.18983 
v -0.009866 1.80906 -1.25679 
v 0.195505 1.65993 -1.14969 
v 0.081058 1.77963 -1.29144 
v 0.160333 2.23858 -1.28412 
v 0.0714023 1.78195 -1.28923 
v -0.502317 1.61916 -1.14329 
v -0.114285 1.68114 -1.08051 
v -0.140722 1.97862 -1.17898 
v 0.120104 1.93304 -1.11889 
v -0.352774 1.36016 -1.04033 
v -0.489506 1.55253 -1.06977 
v 0.0462943 2.04854 -1.12937 
v 0.193585 1.88681 -1.06605 
v 0.234759 1.82062 -1.07519 
v 0.501621 0.627558 -0.881029 
v 0.350181 1.68832 -1.05319 
v 0.0221709 0.849969 -1.0455 
v 0.302311 1.49046 -1.17454 
v 0.156417 0.615933 -1.13466 
v 0.516678 1.30938 -1.07533 
v 0.327216 0.403806 -1.05988 
v 0.516678 1.30938 -1.07533 
v 0.424252 1.71385 -1.11954 
v 0.302311 1.49046 -1.17454 
v 0.50798 2.12229 -1.18835 
v 0.653805 1.13794 -1.14258 
v 0.585792 1.63131 -1.08149 
v 0.624849 2.05729 -1.16101 
v 0.923881 1.11709 -1.09215 
v 0.463099 0.207886 -1.02699 
v 0.797551 1.44077 -1.00622 
v 0.406894 1.42882 -1.15241 
v 0.585792 1.63131 -1.08149 
v 0.406894 1.42882 -1.15241 
v 0.797551 1.44077 -1.00622 
v 1.0558 2.14832 -1.13697 
v 1.28448 1.36777 -1.0118 
v 0.797132 1.65369 -1.02837 
v 0.729136 0.145704 -0.940071 
v 0.576983 1.64018 -1.01962 
v 0.575235 1.64283 -1.01153 
v 0.294968 0.7172 -0.971374 
v 0.778333 1.60491 -0.962474 
v 0.443099 1.14242 -0.91198 
v 0.737351 0.208217 -1.00024 
v 1.06327 1.44688 -0.977591 
v 0.671989 1.42868 -1.07255 
v 1.00228 0.149888 -0.912022 
v 0.966799 1.44445 -1.01842 
v 1.33885 0.240063 -0.874675 
v 1.2955 1.58813 -0.95266 
v 0.671989 1.42868 -1.07255 
v 1.06327 1.44688 -0.977591 
v 0.797132 1.65369 -1.02837 
v 1.07942 1.78224 -0.993625 
v 0.966799 1.44445 -1.01842 
v 1.2955 1.58813 -0.95266 
v 0.424252 1.71385 -1.11954 
v 0.410819 1.74182 -1.06294 
v 0.242184 1.8544 -1.08172 
v 0.240855 1.84363 -1.08538 
v 0.50798 2.12229 -1.18835 
v 0.624849 2.05729 -1.16101 
v 0.57609 1.65611 -1.03207 
v 0.794762 1.67492 -0.98858 
v 1.9614 2.13986 -0.967867 
v 1.07942 1.78224 -0.993625 
v 1.08006 1.80437 -0.964618 
v 0.797749 1.66441 -0.992089 
v 1.08413 1.79356 -0.967698 
v 0.547583 2.26934 -1.0676 
v 0.94832 1.72923 -0.947499 
v 1.28386 1.95805 -0.957036 
v 1.28491 1.922 -0.973918 
v 1.17726 1.58726 -1.0069 
v 1.5545 1.87784 -0.947278 
v 1.28541 1.93266 -1.00913 
v 1.08413 1.79356 -0.967698 
v 1.28861 1.94794 -0.960185 
v 1.28386 1.95805 -0.957036 
v 1.12889 0.131775 -0.927953 
v -0.0984516 -0.453915 -0.873452 
v 0.191057 -0.660112 -0.792274 
v -0.0927153 -0.665619 -0.869299 
v 0.311087 0.55069 -0.784211 
v 0.21815 1.24614 -0.963389 
v 0.0451603 0.611137 -0.879945 
v 0.364389 -0.834614 -0.743911 
v 0.8445 0.584655 -0.780448 
v 1.69536 0.394072 -0.834222 
v 1.17726 1.58726 -1.0069 
v 1.42686 0.282012 -0.898452 
v 0.99368 -0.738122 -0.748327 
v 1.29262 0.768141 -0.758937 
v 0.66194 0.628598 -0.946449 
v 0.648123 0.386538 -0.700111 
v 0.722721 1.10139 -0.839893 
v 0.280074 0.399812 -0.813784 
v 0.64483 0.209945 -0.741215 
v 1.05873 0.281687 -0.60292 
v 0.719737 -0.857007 -0.653815 
v 1.07549 1.1544 -0.786516 
v 1.07375 0.185126 -0.649173 
v 1.4655 0.415963 -0.527133 
v 1.39363 -0.653774 -0.633754 
v 1.69037 0.958683 -0.689147 
v 1.42008 -0.501092 -0.698724 
v 1.84548 -0.365398 -0.600399 
v 1.10102 0.748112 -0.872112 
v 1.44461 1.41368 -0.754207 
v 1.4926 0.49198 -0.59774 
v 1.85762 0.73669 -0.50085 
v 0.443099 1.14242 -0.91198 
v 0.789293 1.59253 -0.973776 
v 1.05139 1.73304 -0.948681 
v 1.1827 1.91039 -0.93615 
v 1.5545 1.87784 -0.947278 
v 2.0095 0.801768 -0.805325 
v 1.45359 1.7856 -1.00557 
v 1.73601 0.597662 -0.874568 
v 1.78246 2.15992 -0.930544 
v 1.57594 2.21869 -0.915901 
v 1.05503 1.73599 -0.947649 
v 1.32214 1.96193 -0.935402 
v 1.79279 1.72677 -0.748369 
v 1.32537 1.97435 -0.936315 
v 1.49669 0.936634 -0.82586 
v 2.07453 1.4211 -0.694416 
v 1.58637 2.25486 -0.94247 
v 1.91155 -0.0647818 -0.641879 
v 2.25823 0.179123 -0.559531 
v 1.82082 1.2892 -0.802742 
v 2.67308 0.29708 -0.529822 
v 2.4195 1.67688 -0.694138 
v 1.9087 0.936844 -0.613199 
v 2.24904 1.1834 -0.468577 
v 2.27879 1.24525 -0.770526 
v 1.65552 2.05726 -0.987062 
v 2.00398 1.00955 -0.825127 
v 2.42574 0.121837 -0.603496 
v 2.8118 1.64949 -0.624541 
v 2.83612 -0.161896 -0.461789 
v 3.20943 0.00323319 -0.381131 
v 4.24124 -1.799 -0.00433999 
v 3.6734 1.92709 -0.472388 
v 2.85096 1.47111 -0.679906 
v 3.37852 -0.743104 -0.281928 
v 3.1837 1.69567 -0.584283 
v 2.46295 1.55197 -0.746125 
v 2.209 1.59753 -0.797211 
v 3.25359 2.37547 -0.556595 
v 2.96459 0.87717 -0.355481 
v 3.5793 1.06451 -0.181053 
v 3.7816 -0.493497 -0.191889 
v 5.11636 -1.122 0.229828 
v 5.28662 -1.7342 0.185702 
v 4.27323 1.8869 -0.396908 
v 3.29511 1.46404 -0.565883 
v 3.65694 2.52257 -0.587941 
v 3.56954 0.8201 -0.193277 
v 4.2323 1.0282 -0.0451785 
v 6.62934 -1.20724 0.342053 
v 4.79918 2.16214 -0.422127 
v 3.7618 1.53947 -0.498168 
v 6.3074 -0.888043 0.37683 
v 7.47626 -0.0407766 0.435884 
v 8.61027 1.40938 0.31822 
v 5.17599 2.73889 -0.523342 
v 7.73562 0.00966597 0.373907 
v 2.17431 2.10154 -0.742612 
v 2.2442 1.17366 -0.516083 
v 2.63376 1.2869 -0.439684 
v 2.65394 1.39795 -0.754332 
v 1.98533 2.34467 -0.967743 
v 2.34444 1.26717 -0.80041 
v 2.17431 2.10154 -0.742612 
v 1.58637 2.25486 -0.94247 
v 2.06347 2.39624 -0.947774 
v 2.48663 2.28601 -0.721311 
v 4.10008 1.34142 -0.456011 
v 3.20762 2.77373 -0.850418 
v 3.66668 1.21773 -0.531643 
v 2.91751 2.77013 -0.879561 
v 3.11937 1.31517 -0.668755 
v 3.54982 1.25907 -0.518424 
v 2.65677 2.75931 -0.919885 
v 2.70036 1.36634 -0.756901 
v 3.07251 1.51977 -0.680052 
v 2.60524 1.08791 -0.437307 
v 2.83326 2.34124 -0.629723 
v 2.48663 2.28601 -0.721311 
v 2.83326 2.34124 -0.629723 
v 3.03625 1.16484 -0.336816 
v 3.25359 2.37547 -0.556595 
v 4.55838 1.57364 -0.447341 
v 3.41905 2.92278 -0.855348 
v 4.16779 1.31419 -0.477351 
v 3.89698 2.80711 -0.617945 
v 4.19745 1.00999 -0.101826 
v 4.93518 1.46957 0.00630647 
v 4.30606 1.87921 -0.497614 
v 5.68407 2.15117 -0.131782 
v 4.80998 1.31345 -0.0450634 
v 4.8127 1.30457 -0.0491815 
v 5.68135 2.16005 -0.127664 
v -0.18155 2.09713 -1.2648 
v 0.200913 2.21705 -1.27092 
v 0.0773983 1.84377 -1.18867 
v 0.0853584 1.8378 -1.19158 
v -0.135372 1.96972 -1.18237 
v 0.160776 2.21458 -1.29131 
v -0.140722 1.97862 -1.17898 
v -0.263992 1.99318 -1.33608 
v -0.229938 2.28362 -1.35987 
v -0.319446 2.21439 -1.39026 
v 0.169988 2.23625 -1.28633 
v 0.160776 2.21458 -1.29131 
v 0.195505 1.65993 -1.14969 
v 0.298501 2.19054 -1.19332 
v 0.29148 2.19643 -1.18983 
v 0.0773983 1.84377 -1.18867 
v 0.200913 2.21705 -1.27092 
v 0.192937 2.2232 -1.26807 
v 0.337373 2.21666 -1.23032 
v 0.166341 2.30595 -1.21049 
v 0.242184 1.8544 -1.08172 
v -0.0679788 2.25667 -1.20828 
v 0.365494 2.35026 -1.12289 
v 0.638572 2.33293 -1.1526 
v 0.50798 2.12229 -1.18835 
v 0.624849 2.05729 -1.16101 
v 0.624849 2.05729 -1.16101 
v 1.0558 2.14832 -1.13697 
v 0.638572 2.33293 -1.1526 
v 1.53134 2.11057 -0.964483 
v 1.45359 1.7856 -1.00557 
v 1.78246 2.15992 -0.930544 
v 1.52554 2.19111 -1.00538 
v 0.966635 2.29252 -1.0315 
v -0.188401 2.10614 -1.26224 
v 0.168019 2.21961 -1.29486 
v -0.127511 2.34934 -1.3113 
v -0.282475 2.48795 -1.41201 
v -0.319446 2.21439 -1.39026 
v -0.229938 2.28362 -1.35987 
v 0.171447 2.43588 -1.19266 
v 0.0274929 2.51021 -1.26377 
v -0.185633 2.48198 -1.38967 
v 0.273427 2.50531 -1.25539 
v 0.160776 2.21458 -1.29131 
v 0.337373 2.21666 -1.23032 
v 0.455737 2.42176 -1.19677 
v 1.97019 3.19038 -1.16788 
v 1.93021 3.36164 -1.16506 
v 1.52312 2.84927 -1.12096 
v 1.01499 2.38583 -1.12993 
v 1.59855 2.67017 -1.1189 
v 1.50802 2.81212 -1.04025 
v 0.975513 2.40191 -1.10467 
v 1.59855 2.67017 -1.1189 
v 2.00994 2.67461 -0.985527 
v 1.97019 3.19038 -1.16788 
v 1.59855 2.67017 -1.1189 
v 1.88947 3.24569 -1.06743 
v 1.90082 2.68885 -0.932094 
v 2.21097 2.41828 -0.98711 
v 1.97019 3.19038 -1.16788 
v 2.49471 2.53867 -0.97766 
v 2.31803 2.89884 -0.985034 
v 2.31345 3.51305 -1.20699 
v 2.31345 3.51305 -1.20699 
v 2.56574 3.00156 -0.969338 
v 2.54816 3.60863 -1.17297 
v 2.54816 3.60863 -1.17297 
v 2.85323 2.51041 -0.971437 
v 2.8885 3.61999 -1.15131 
v 3.27801 2.49367 -0.909608 
v 3.42718 3.4552 -1.03837 
v 2.01424 2.66528 -0.989134 
v 1.75222 2.41031 -0.959682 
v 2.01424 2.66528 -0.989134 
v 2.32133 2.88929 -0.98883 
v 2.31803 2.89884 -0.985034 
v 2.26963 2.97384 -0.927313 
v 2.01264 2.66797 -0.989619 
v 2.37235 2.64722 -0.950643 
v 2.31949 2.88168 -0.994049 
v 2.56574 3.00156 -0.969338 
v 2.56786 2.99154 -0.973186 
v 2.5329 3.08405 -0.920545 
v 2.26091 3.63175 -1.09415 
v 2.31345 3.51305 -1.20699 
v 2.2933 3.70825 -1.18803 
v 2.54816 3.60863 -1.17297 
v 2.2933 3.70825 -1.18803 
v 2.31345 3.51305 -1.20699 
v 2.54225 3.78705 -1.17788 
v 2.88512 3.79046 -1.15165 
v 2.8885 3.61999 -1.15131 
v 3.4356 3.61814 -1.04552 
v 2.8885 3.61999 -1.15131 
v 2.50613 3.73111 -1.08532 
v 3.40797 3.57725 -0.954202 
v 2.83333 3.76831 -1.0699 
v 3.14607 3.27248 -0.901205 
v 2.88395 3.16393 -0.895586 
v 3.37083 3.33244 -0.994747 
v 3.22811 3.15795 -0.948478 
v 3.42718 3.4552 -1.03837 
v 4.96562 3.33959 -0.917965 
v 3.4383 3.63186 -1.04701 
v 1.52749 2.15524 -0.942983 
v 1.28861 1.94794 -0.960185 
v 1.53245 2.1455 -0.946208 
v 1.52749 2.15524 -0.942983 
v 1.75671 2.40038 -0.962999 
v 1.75671 2.40038 -0.962999 
v 1.75222 2.41031 -0.959682 
v 1.74867 2.40448 -0.959036 
v 2.37235 2.64722 -0.950643 
v 2.02895 2.65675 -0.950241 
v 1.79324 2.57222 -0.964992 
v 1.65552 2.05726 -0.987062 
v 2.06347 2.39624 -0.947774 
v 1.75492 2.404 -0.963532 
v 2.28417 2.5915 -0.978663 
v 1.78831 2.56947 -0.966758 
v 2.2533 2.78789 -0.924043 
v 2.03876 2.6619 -0.94694 
v 2.54055 2.68019 -0.965201 
v 2.54639 2.96376 -0.919979 
v 2.24768 2.81343 -0.915148 
v 2.48663 2.28601 -0.721311 
v 2.01264 2.66797 -0.989619 
v 1.98533 2.34467 -0.967743 
v 2.28417 2.5915 -0.978663 
v 2.65677 2.75931 -0.919885 
v 2.32074 2.88685 -0.990509 
v 2.56461 2.98912 -0.973539 
v 2.54055 2.68019 -0.965201 
v 2.81316 3.01952 -0.939164 
v 2.57228 2.99484 -0.972706 
v 3.01977 3.07521 -0.933436 
v 2.81316 3.01952 -0.939164 
v 2.78143 2.70487 -0.926035 
v 2.83326 2.34124 -0.629723 
v 2.91751 2.77013 -0.879561 
v 2.8328 2.99644 -0.90744 
v 2.54639 2.96376 -0.919979 
v 3.01514 3.0872 -0.927157 
v 2.80647 3.0304 -0.933139 
v 2.80885 3.01988 -0.936759 
v 3.01514 3.0872 -0.927157 
v 2.80885 3.01988 -0.936759 
v 3.01701 3.07672 -0.930869 
v 2.78143 2.70487 -0.926035 
v 3.03669 3.06665 -0.892114 
v 2.8328 2.99644 -0.90744 
v 3.25359 2.37547 -0.556595 
v 2.98804 2.76057 -0.907253 
v 4.64615 1.57579 -0.509046 
v 3.49978 3.22032 -0.93327 
v 3.1966 2.82315 -0.967104 
v 4.99932 2.02593 -0.491012 
v 3.03669 3.06665 -0.892114 
v 3.32212 3.14334 -0.872287 
v 5.41177 2.98844 -0.660267 
v 3.36674 3.32444 -0.990674 
v 5.10008 2.14 -0.510088 
v 3.65694 2.52257 -0.587941 
v 4.05125 3.06732 -0.683738 
v 3.89698 2.80711 -0.617945 
v 8.03047 1.90484 0.0696488 
v 5.19978 3.13729 -0.693538 
v 4.79608 2.44395 -0.58952 
v 8.58965 2.96688 -0.254955 
v 4.12129 3.30464 -0.776063 
v 5.56664 2.03634 -0.15821 
v 6.0433 2.76674 -0.279891 
v 3.32481 3.01928 -0.965591 
v 3.23016 3.11833 -0.919539 
v 3.01977 3.07521 -0.933436 
v 2.98804 2.76057 -0.907253 
v 3.20762 2.77373 -0.850418 
v 3.22946 3.14753 -0.952271 
v 3.22946 3.14753 -0.952271 
v 3.22811 3.15795 -0.948478 
v 3.49978 3.22032 -0.93327 
v 3.23017 3.14193 -0.979078 
v 3.1966 2.82315 -0.967104 
v 4.01006 2.62353 -0.842915 
v 4.96562 3.33959 -0.917965 
v 3.36674 3.32444 -0.990674 
v 5.41177 2.98844 -0.660267 
v 3.4383 3.63186 -1.04701 
v 3.36674 3.32444 -0.990674 
v 3.41905 2.92278 -0.855348 
v 3.40797 3.57725 -0.954202 
v 3.65694 2.52257 -0.587941 
v 3.89698 2.80711 -0.617945 
v 3.14607 3.27248 -0.901205 
v 3.89698 2.80711 -0.617945 
v 4.12129 3.30464 -0.776063 
v 3.40797 3.57725 -0.954202 
v 3.46125 3.29802 -0.930223 
v 4.12222 3.29253 -0.779144 
v 5.87094 2.61292 -0.294569 
v 5.8702 2.62573 -0.291887 
v 4.12129 3.30464 -0.776063 
v 5.49704 3.22055 -0.701353 
v -2.49711 0.145703 -0.940072 
v -2.57148 1.43903 -1.01069 
v -2.50311 0.143162 -0.944476 
v -2.56552 1.44077 -1.00622 
v -2.29067 1.30713 -1.07975 
v -2.09519 0.403804 -1.05988 
v -2.28465 1.30938 -1.07533 
v -2.10118 0.400659 -1.06424 
v -2.12229 1.6845 -1.0554 
v -1.98465 0.792823 -0.947513 
v -1.9795 0.797307 -0.943042 
v -2.77535 0.147983 -0.916752 
v -2.83124 1.44688 -0.977591 
v -2.8357 1.44598 -0.98252 
v -3.06347 1.58813 -0.95266 
v -3.11142 0.23845 -0.879546 
v -3.10682 0.240061 -0.874675 
v -3.11142 0.23845 -0.879546 
v -3.06347 1.58813 -0.95266 
v -3.06743 1.58698 -0.957691 
v -2.77026 0.149886 -0.912023 
v -2.34496 1.64018 -1.01962 
v -2.27423 0.623 -0.885633 
v -2.26959 0.627557 -0.881029 
v -2.61754 0.580241 -0.784953 
v -2.54631 1.60491 -0.962474 
v -2.5513 1.60009 -0.966944 
v -2.3597 1.63039 -1.086 
v -2.28465 1.30938 -1.07533 
v -2.35377 1.63131 -1.08149 
v -2.57148 1.43903 -1.01069 
v -2.56511 1.65369 -1.02837 
v -2.56975 1.65339 -1.03326 
v -2.28465 1.30938 -1.07533 
v -2.3597 1.63039 -1.086 
v -2.29067 1.30713 -1.07975 
v -2.10455 1.46326 -1.12441 
v -2.19779 1.71325 -1.12418 
v -2.11009 1.46194 -1.12904 
v -2.11764 1.6891 -1.0508 
v -3.46761 0.392302 -0.83916 
v -3.32247 1.87784 -0.947279 
v -3.32669 1.8757 -0.952211 
v -2.8474 1.78224 -0.993626 
v -2.8357 1.44598 -0.98252 
v -2.83124 1.44688 -0.977591 
v -2.56552 1.44077 -1.00622 
v -2.27423 0.623 -0.885633 
v -2.34496 1.64018 -1.01962 
v -2.3492 1.63567 -1.02433 
v -2.11009 1.46194 -1.12904 
v -1.87123 0.664571 -1.13142 
v -2.10455 1.46326 -1.12441 
v -1.87727 0.662063 -1.13581 
v -1.97035 1.65535 -1.1535 
v -1.73636 0.856544 -1.16113 
v -1.72966 0.860071 -1.15709 
v -1.62292 1.22984 -1.05958 
v -1.37417 0.523033 -1.02599 
v -1.61789 1.23633 -1.05541 
v -1.37899 0.518132 -1.0305 
v -0.42827 1.66897 -1.21003 
v -0.57101 0.65043 -1.09138 
v -0.575834 0.655331 -1.08688 
v -1.75776 0.852982 -0.995926 
v -1.5092 0.144646 -0.962014 
v -1.75293 0.857947 -0.991433 
v -1.98465 0.792823 -0.947513 
v -1.66952 -0.453915 -0.873452 
v -1.9795 0.797307 -0.943042 
v -1.98993 1.23999 -0.967938 
v -1.80447 0.748659 -0.88639 
v -1.98612 1.24614 -0.963389 
v -1.80914 0.742462 -0.890718 
v -1.51403 0.139745 -0.966519 
v -1.80797 1.41419 -1.02078 
v -1.62504 0.98309 -0.956201 
v -1.62108 0.989583 -0.951753 
v -0.433415 1.67679 -1.20623 
v -1.95497 2.29099 -1.19636 
v -1.62292 1.22984 -1.05958 
v -1.61789 1.23633 -1.05541 
v -0.349487 1.35133 -1.04436 
v -0.502317 1.61916 -1.14329 
v -0.49903 1.61033 -1.14732 
v -0.352774 1.36016 -1.04033 
v -1.65731 1.67374 -1.08484 
v -1.4152 1.36016 -1.04033 
v -1.65369 1.68114 -1.08051 
v -1.99926 1.80788 -1.07966 
v -1.99926 1.80788 -1.07966 
v -1.75293 0.857947 -0.991433 
v -1.99441 1.81297 -1.07519 
v -1.80797 1.41419 -1.02078 
v -1.62108 0.989583 -0.951753 
v -1.80434 1.42033 -1.0162 
v -1.65731 1.67374 -1.08484 
v -1.41849 1.35133 -1.04436 
v -1.4152 1.36016 -1.04033 
v -1.67499 -0.458317 -0.877836 
v -4.57977 1.64949 -0.624542 
v -4.98248 0.000259101 -0.385792 
v -4.97741 0.00323319 -0.381132 
v -5.55496 -0.496488 -0.172604 
v -4.98399 1.68226 -0.545034 
v -4.9892 1.67913 -0.549641 
v -4.18747 1.67688 -0.694139 
v -4.44582 0.295039 -0.534631 
v -4.44106 0.29708 -0.529822 
v -3.8425 1.4211 -0.694417 
v -4.03138 0.176817 -0.564211 
v -4.0262 0.179123 -0.559532 
v -4.03138 0.176817 -0.564211 
v -3.8425 1.4211 -0.694417 
v -3.84738 1.41812 -0.699129 
v -4.98399 1.68226 -0.545034 
v -5.55496 -0.496488 -0.172604 
v -5.54958 -0.493498 -0.168035 
v -10.3814 1.4035 0.313499 
v -9.50675 0.00378132 0.369186 
v -9.5036 0.00966555 0.373905 
v -10.3782 1.40938 0.318219 
v -5.44138 1.92709 -0.472389 
v -6.88987 -1.12463 0.225279 
v -6.88433 -1.122 0.229827 
v -5.4466 1.92406 -0.477001 
v -3.56077 1.72677 -0.748369 
v -3.63052 0.730559 -0.505118 
v -3.6256 0.736689 -0.500851 
v -4.44582 0.295039 -0.534631 
v -4.18747 1.67688 -0.694139 
v -4.19191 1.67384 -0.698954 
v -3.94228 2.10154 -0.742613 
v -4.02291 1.17755 -0.472574 
v -4.01701 1.1834 -0.468578 
v -3.55044 2.15992 -0.930544 
v -3.78267 0.800222 -0.810044 
v -3.77748 0.801767 -0.805326 
v -3.56557 1.72014 -0.752572 
v -4.98248 0.000259101 -0.385792 
v -4.57977 1.64949 -0.624542 
v -4.58469 1.64634 -0.629229 
v -5.02156 2.37547 -0.556596 
v -5.352 1.05845 -0.185391 
v -5.34727 1.0645 -0.181053 
v -5.42491 2.52257 -0.587942 
v -6.00349 1.02045 -0.0495088 
v -6.00027 1.0282 -0.0451793 
v -4.60124 2.34124 -0.629724 
v -4.80891 1.15836 -0.341082 
v -4.80422 1.16484 -0.336816 
v -4.2546 2.28601 -0.721312 
v -4.4057 1.27946 -0.443926 
v -4.40173 1.2869 -0.439685 
v -3.45835 0.958682 -0.689148 
v -3.61881 -0.367052 -0.605068 
v -3.61346 -0.365398 -0.6004 
v -2.48771 -0.857008 -0.653816 
v -2.61247 0.584653 -0.780448 
v -2.49453 1.09485 -0.844362 
v -2.42061 0.379946 -0.704403 
v -2.4161 0.386537 -0.700112 
v -1.95903 -0.660114 -0.792274 
v -1.96394 -0.664698 -0.7968 
v -2.21107 1.14242 -0.91198 
v -2.08283 0.543394 -0.788532 
v -2.07906 0.550689 -0.784211 
v -3.16711 -0.65609 -0.638337 
v -3.06059 0.76814 -0.758938 
v -3.06585 0.765384 -0.763563 
v -3.1616 -0.653776 -0.633754 
v -3.61881 -0.367052 -0.605068 
v -3.45835 0.958682 -0.689148 
v -3.46358 0.956239 -0.693802 
v -2.84346 1.1544 -0.786516 
v -2.83147 0.275992 -0.607311 
v -2.8267 0.281686 -0.60292 
v -2.61754 0.580241 -0.784953 
v -2.49282 -0.861155 -0.658341 
v -2.48771 -0.857008 -0.653816 
v -3.21258 1.41367 -0.754208 
v -3.23877 0.410247 -0.531367 
v -3.23347 0.415961 -0.527134 
v -3.46333 0.394071 -0.834222 
v -2.81936 1.73304 -0.948681 
v -2.82426 1.72969 -0.953354 
v -2.08283 0.543394 -0.788532 
v -2.21107 1.14242 -0.91198 
v -2.215 1.13616 -0.916483 
v -3.23877 0.410247 -0.531367 
v -3.21258 1.41367 -0.754208 
v -3.21713 1.40699 -0.75847 
v -3.09011 1.96193 -0.935402 
v -2.84779 1.14792 -0.790878 
v -2.49069 1.10139 -0.839894 
v -0.514303 1.75611 -1.17522 
v -0.489506 1.55253 -1.06977 
v -0.493004 1.56404 -1.06685 
v -1.76501 1.80427 -1.26057 
v -2.06647 2.19054 -1.19332 
v -1.99264 2.18066 -1.26173 
v -1.84903 1.77962 -1.29144 
v -1.93796 2.23625 -1.28633 
v -1.83328 2.22833 -1.3728 
v -1.96889 2.21705 -1.27092 
v -1.68591 1.95496 -1.39757 
v -1.85333 1.8378 -1.19158 
v -1.92875 2.21457 -1.29131 
v -1.78628 1.77535 -1.39048 
v -1.97035 1.65535 -1.1535 
v -1.96348 1.65993 -1.14969 
v -2.85096 1.78173 -0.998746 
v -3.06743 1.58698 -0.957691 
v -3.05288 1.922 -0.973918 
v -3.05631 1.92121 -0.979056 
v -2.19223 1.71385 -1.11954 
v -1.94977 2.3002 -1.19302 
v -1.95497 2.29099 -1.19636 
v -1.79851 2.37943 -1.38859 
v -1.91511 2.57533 -1.33147 
v -1.85396 2.20185 -1.36422 
v -1.93599 2.21961 -1.29486 
v -2.0477 2.51466 -1.25814 
v -1.83 2.58563 -1.40132 
v -1.79995 2.12813 -1.42351 
v -5.1388 3.33244 -0.994747 
v -5.19515 3.4552 -1.03837 
v -5.19744 3.44992 -1.04331 
v -4.08747 2.88168 -0.994049 
v -4.14284 2.64302 -0.955693 
v -4.14032 2.64722 -0.950644 
v -4.99608 3.15795 -0.948479 
v -5.13472 3.32444 -0.990675 
v -4.99744 3.14753 -0.952272 
v -4.0895 2.87744 -0.999149 
v -3.83389 2.39392 -0.952994 
v -3.78061 2.66797 -0.989619 
v -3.78167 2.66663 -0.995002 
v -1.76829 2.57325 -1.47096 
v -1.68591 1.95496 -1.39757 
v -1.51469 1.23554 -1.26442 
v -1.85333 1.8378 -1.19158 
v -1.45522 2.21692 -1.3944 
v -1.50451 1.92607 -1.37499 
v -1.51397 1.98795 -1.33661 
v -1.43259 1.53244 -1.33722 
v -1.51397 1.98795 -1.33661 
v -1.50451 1.92607 -1.37499 
v -1.29993 1.62814 -1.23816 
v -1.29993 1.62814 -1.23816 
v -1.58642 2.09713 -1.2648 
v -1.51397 1.98795 -1.33661 
v -1.37069 1.62579 -1.31369 
v -1.6326 1.96972 -1.18237 
v -1.58642 2.09713 -1.2648 
v -1.37566 1.39466 -1.21013 
v -1.26898 1.6991 -1.14531 
v -0.510805 1.7446 -1.17814 
v -0.188401 2.10614 -1.26224 
v -0.476878 1.63551 -1.23964 
v -0.507206 1.70836 -1.14613 
v -1.58642 2.09713 -1.2648 
v -1.6326 1.96972 -1.18237 
v -1.70647 2.24897 -1.21156 
v -1.71935 2.56336 -1.52097 
v -1.74569 2.0505 -1.47942 
v -1.588 2.47185 -1.3924 
v -1.64745 2.34358 -1.31484 
v -1.69086 2.51875 -1.33186 
v -1.54513 2.285 -1.36391 
v -1.54513 2.285 -1.36391 
v -1.58642 2.09713 -1.2648 
v -1.80012 2.49953 -1.26669 
v -1.64745 2.34358 -1.31484 
v -3.83145 2.39624 -0.947774 
v -4.97559 2.77373 -0.850419 
v -5.8719 1.33639 -0.460735 
v -5.86806 1.34142 -0.456011 
v -4.97918 2.7689 -0.85522 
v -5.02471 2.3671 -0.560779 
v -4.68549 2.77012 -0.879561 
v -5.32307 1.25557 -0.522977 
v -5.3178 1.25907 -0.518425 
v -4.69034 2.76668 -0.884238 
v -6.70744 1.46209 0.00215381 
v -5.66495 2.80711 -0.617946 
v -5.66798 2.79821 -0.622004 
v -10.3597 2.95741 -0.258993 
v -9.80052 1.89537 0.065611 
v -9.79844 1.90484 0.0696474 
v -7.81373 2.75748 -0.283935 
v -7.33708 2.02707 -0.162255 
v -7.33461 2.03634 -0.158211 
v -6.70315 1.46957 0.00630552 
v -5.42803 2.51397 -0.592069 
v -7.18214 2.98135 -0.664877 
v -6.87066 2.13325 -0.514738 
v -6.86805 2.14 -0.510089 
v -7.26725 3.21319 -0.705927 
v -7.18214 2.98135 -0.664877 
v -7.17974 2.98844 -0.660268 
v -7.26501 3.22055 -0.701354 
v -4.78774 3.07521 -0.933437 
v -4.97918 2.7689 -0.85522 
v -4.97559 2.77373 -0.850419 
v -4.97918 2.7689 -0.85522 
v -4.78774 3.07521 -0.933437 
v -4.79069 3.07087 -0.93841 
v -7.17974 2.98844 -0.660268 
v -10.3597 2.95741 -0.258993 
v -9.79844 1.90484 0.0696474 
v -10.3576 2.96688 -0.254957 
v -7.63817 2.62573 -0.291888 
v -8.02237 3.08027 -0.480733 
v -8.02311 3.06745 -0.483415 
v -7.63891 2.61292 -0.29457 
v -7.81127 2.76674 -0.279892 
v -4.42474 2.75931 -0.919886 
v -4.84477 1.51588 -0.684825 
v -4.84049 1.51976 -0.680053 
v -3.55563 2.15804 -0.935245 
v -3.84738 1.41812 -0.699129 
v -3.35434 2.25486 -0.942471 
v -3.35888 2.25117 -0.947204 
v -3.29931 2.11057 -0.964483 
v -3.32669 1.8757 -0.952211 
v -3.32247 1.87784 -0.947279 
v -3.09516 1.9584 -0.940015 
v -3.06347 1.58813 -0.95266 
v -3.83145 2.39624 -0.947774 
v -4.05092 1.24174 -0.775365 
v -4.04676 1.24525 -0.770526 
v -4.14032 2.64722 -0.950644 
v -4.42503 1.39382 -0.759303 
v -4.42191 1.39795 -0.754333 
v -4.60517 2.33349 -0.6339 
v -4.25852 2.27853 -0.725556 
v -3.94652 2.09446 -0.746873 
v -3.83389 2.39392 -0.952994 
v -3.51664 2.40448 -0.959037 
v -3.55563 2.15804 -0.935245 
v -3.55044 2.15992 -0.930544 
v -4.42861 2.7554 -0.924743 
v -4.33258 2.98912 -0.973539 
v -4.33587 2.98519 -0.978503 
v -3.52184 2.40238 -0.963725 
v -3.30348 2.10818 -0.969411 
v -4.33258 2.98912 -0.973539 
v -4.42861 2.7554 -0.924743 
v -4.42474 2.75931 -0.919886 
v -4.58113 3.01951 -0.939165 
v -4.69034 2.76668 -0.884238 
v -4.68549 2.77012 -0.879561 
v -4.58514 3.01618 -0.944052 
v -4.42861 2.7554 -0.924743 
v -4.14284 2.64302 -0.955693 
v -0.293533 1.29338 -1.14673 
v -0.435973 0.272041 -1.0274 
v -0.440797 0.276942 -1.0229 
v -0.150123 1.06141 -1.10199 
v -0.321907 -0.354701 -0.957455 
v -0.155145 1.06593 -1.09749 
v -0.298378 1.2984 -1.14225 
v 0.0399944 1.41419 -1.02078 
v -0.14649 0.864521 -0.990389 
v 0.0363632 1.42034 -1.0162 
v -0.00143683 0.861365 -1.19703 
v 0.123587 1.62161 -1.20465 
v 0.00460261 0.858857 -1.20143 
v 0.354423 1.68381 -1.05789 
v 0.0267214 0.845422 -1.05012 
v 0.0221709 0.849969 -1.0455 
v -0.316435 -0.359103 -0.961838 
v 0.0267214 0.845422 -1.05012 
v -0.0878083 -0.670204 -0.873826 
v -0.0927153 -0.665619 -0.869299 
v -0.141821 0.858324 -0.994717 
v 0.0221709 0.849969 -1.0455 
v 0.221955 1.24 -0.967937 
v 0.0451603 0.611137 -0.879945 
v 0.21815 1.24614 -0.963389 
v -0.00296789 1.80428 -1.26057 
v -0.136424 1.05401 -1.22652 
v -0.143122 1.05754 -1.22248 
v -0.140722 1.97862 -1.17898 
v -0.405951 1.63202 -1.31145 
v -0.400982 1.4009 -1.20789 
v -0.476878 1.63551 -1.23964 
v -0.273961 1.92885 -1.37545 
v -0.344547 1.53565 -1.33979 
v -0.0900308 1.96098 -1.39468 
v -0.261229 1.24138 -1.26147 
v 0.0773983 1.84377 -1.18867 
v -0.00296789 1.80428 -1.26057 
v -0.143122 1.05754 -1.22248 
v -0.009866 1.80906 -1.25679 
v 0.123587 1.62161 -1.20465 
v -0.00143683 0.861365 -1.19703 
v 0.118009 1.62301 -1.20004 
v -0.110659 1.67375 -1.08484 
v -0.375376 1.14713 -1.06287 
v -0.379336 1.15363 -1.05842 
v -0.110659 1.67375 -1.08484 
v -0.379336 1.15363 -1.05842 
v -0.114285 1.68114 -1.08051 
v 0.239408 1.81602 -1.07979 
v 0.239408 1.81602 -1.07979 
v -0.155145 1.06593 -1.09749 
v 0.234759 1.82062 -1.07519 
v 0.156417 0.615933 -1.13466 
v 0.308329 1.48836 -1.17897 
v 0.162408 0.612788 -1.13902 
v 0.406894 1.42882 -1.15241 
v 0.469101 0.205345 -1.0314 
v 0.463099 0.207886 -1.02699 
v 0.469101 0.205345 -1.0314 
v 0.406894 1.42882 -1.15241 
v 0.412871 1.42676 -1.15686 
v 0.742445 0.206314 -1.00496 
v 0.671989 1.42868 -1.07255 
v 0.676648 1.42747 -1.07742 
v 0.671989 1.42868 -1.07255 
v 0.742445 0.206314 -1.00496 
v 0.737351 0.208217 -1.00024 
v 1.13349 0.130164 -0.932824 
v 0.966799 1.44445 -1.01842 
v 0.971017 1.44311 -1.02339 
v 0.580224 1.63801 -1.016 
v 0.300015 0.712677 -0.975869 
v 0.294968 0.7172 -0.971374 
v 1.12889 0.131775 -0.927953 
v 0.66194 0.628598 -0.946449 
v 0.794192 1.58918 -0.978449 
v 0.667143 0.625751 -0.951083 
v 1.43114 0.280242 -0.90339 
v 1.17726 1.58726 -1.0069 
v 1.18151 1.58531 -1.01183 
v 1.17726 1.58726 -1.0069 
v 1.43114 0.280242 -0.90339 
v 1.42686 0.282012 -0.898452 
v 0.308329 1.48836 -1.17897 
v 0.156417 0.615933 -1.13466 
v 0.302311 1.49046 -1.17454 
v 0.354423 1.68381 -1.05789 
v 0.350181 1.68832 -1.05319 
v 0.966799 1.44445 -1.01842 
v 1.08298 1.78173 -0.998745 
v 0.971017 1.44311 -1.02339 
v 1.08298 1.78173 -0.998745 
v 0.966799 1.44445 -1.01842 
v 1.07942 1.78224 -0.993625 
v 1.17726 1.58726 -1.0069 
v 1.28957 1.93026 -1.01406 
v 1.18151 1.58531 -1.01183 
v 0.575235 1.64283 -1.01153 
v 0.789293 1.59253 -0.973776 
v 1.06008 1.73246 -0.952262 
v 1.10102 0.748112 -0.872112 
v 1.05503 1.73599 -0.947649 
v 1.74121 0.596116 -0.879286 
v 1.45359 1.7856 -1.00557 
v 1.45879 1.7839 -1.01028 
v 2.00814 1.00604 -0.829965 
v 1.65552 2.05726 -0.987062 
v 1.65883 2.05433 -0.992114 
v 1.45359 1.7856 -1.00557 
v 1.74121 0.596116 -0.879286 
v 1.73601 0.597662 -0.874568 
v 0.369503 -0.838761 -0.748436 
v 0.294968 0.7172 -0.971374 
v 0.300015 0.712677 -0.975869 
v 0.447024 1.13616 -0.916483 
v 0.28459 0.393222 -0.818075 
v 0.280074 0.399812 -0.813784 
v 0.364389 -0.834614 -0.743911 
v 0.99919 -0.740437 -0.752909 
v 1.42543 -0.502745 -0.703393 
v 1.10622 0.745453 -0.87676 
v 0.66194 0.628598 -0.946449 
v 0.99919 -0.740437 -0.752909 
v 0.99368 -0.738122 -0.748327 
v 0.726556 1.09486 -0.844362 
v 0.649605 0.204252 -0.745606 
v 0.64483 0.209945 -0.741215 
v 1.07982 1.14792 -0.790878 
v 1.07905 0.179412 -0.653406 
v 1.07375 0.185126 -0.649173 
v 1.42008 -0.501092 -0.698724 
v 1.91673 -0.0670875 -0.646558 
v 1.49669 0.936634 -0.82586 
v 1.50156 0.933651 -0.830573 
v 1.44916 1.40699 -0.758469 
v 1.49753 0.485849 -0.602007 
v 1.4926 0.49198 -0.59774 
v 0.0489331 0.603843 -0.884266 
v 0.447024 1.13616 -0.916483 
v 0.280074 0.399812 -0.813784 
v 0.443099 1.14242 -0.91198 
v 1.10102 0.748112 -0.872112 
v 1.06008 1.73246 -0.952262 
v 1.10622 0.745453 -0.87676 
v 1.50156 0.933651 -0.830573 
v 1.32537 1.97435 -0.936315 
v 1.3299 1.97067 -0.941048 
v 1.49669 0.936634 -0.82586 
v 0.722721 1.10139 -0.839893 
v 1.07982 1.14792 -0.790878 
v 1.07375 0.185126 -0.649173 
v 1.07549 1.1544 -0.786516 
v 1.44916 1.40699 -0.758469 
v 1.4926 0.49198 -0.59774 
v 1.44461 1.41368 -0.754207 
v 1.58637 2.25486 -0.94247 
v 1.82517 1.28588 -0.807555 
v 1.82082 1.2892 -0.802742 
v 1.91673 -0.0670875 -0.646558 
v 1.91155 -0.0647818 -0.641879 
v 2.43051 0.119796 -0.608305 
v 2.42574 0.121837 -0.603496 
v 2.84119 -0.16487 -0.466449 
v 2.209 1.59753 -0.797211 
v 2.21367 1.59409 -0.801937 
v 2.83612 -0.161896 -0.461789 
v 3.38328 -0.746687 -0.286613 
v 2.46295 1.55197 -0.746125 
v 2.46739 1.54829 -0.75088 
v 4.24678 -1.80163 -0.00888801 
v 2.85096 1.47111 -0.679906 
v 2.85586 1.4677 -0.684572 
v 4.24124 -1.799 -0.00433999 
v 3.37852 -0.743104 -0.281928 
v 5.2911 -1.73753 0.180919 
v 3.29511 1.46404 -0.565883 
v 3.29909 1.45923 -0.570607 
v 3.29511 1.46404 -0.565883 
v 5.2911 -1.73753 0.180919 
v 5.28662 -1.7342 0.185702 
v 1.79759 1.72014 -0.752571 
v 1.9146 0.930999 -0.617195 
v 1.9087 0.936844 -0.613199 
v 2.00398 1.00955 -0.825127 
v 1.79759 1.72014 -0.752571 
v 1.9087 0.936844 -0.613199 
v 1.79279 1.72677 -0.748369 
v 1.98533 2.34467 -0.967743 
v 2.34756 1.26304 -0.805381 
v 2.34444 1.26717 -0.80041 
v 2.78143 2.70487 -0.926035 
v 3.67052 1.21271 -0.536367 
v 3.66668 1.21773 -0.531643 
v 2.17431 2.10154 -0.742612 
v 2.24817 1.16622 -0.520325 
v 2.2442 1.17366 -0.516083 
v 2.83719 2.33349 -0.6339 
v 2.96932 0.87112 -0.359819 
v 2.96459 0.87717 -0.355481 
v 2.48663 2.28601 -0.721311 
v 2.60994 1.08144 -0.441573 
v 2.60524 1.08791 -0.437307 
v 3.25674 2.3671 -0.560779 
v 3.57275 0.812348 -0.197607 
v 3.56954 0.8201 -0.193277 
v 3.65694 2.52257 -0.587941 
v 4.20174 1.00252 -0.105978 
v 4.19745 1.00999 -0.101826 
v 2.54055 2.68019 -0.965201 
v 3.12464 1.31167 -0.673307 
v 3.11937 1.31517 -0.668755 
v -0.263992 1.99318 -1.33608 
v -0.312753 2.21693 -1.3944 
v -0.273961 1.92885 -1.37545 
v -0.319446 2.21439 -1.39026 
v -0.319446 2.21439 -1.39026 
v -0.273961 1.92885 -1.37545 
v -0.263992 1.99318 -1.33608 
v -0.229938 2.28362 -1.35987 
v -0.188401 2.10614 -1.26224 
v -0.0568172 2.55517 -1.51916 
v -0.0297972 2.06095 -1.47997 
v 0.0245992 2.13879 -1.42399 
v -0.127511 2.34934 -1.3113 
v -0.188401 2.10614 -1.26224 
v -0.263992 1.99318 -1.33608 
v -0.188401 2.10614 -1.26224 
v -0.140722 1.97862 -1.17898 
v -0.0679788 2.25667 -1.20828 
v -0.127511 2.34934 -1.3113 
v -0.319446 2.21439 -1.39026 
v -0.27795 2.47851 -1.41551 
v -0.312753 2.21693 -1.3944 
v -0.129066 2.62186 -1.50198 
v -0.27795 2.47851 -1.41551 
v -0.282475 2.48795 -1.41201 
v -0.127746 2.63645 -1.5014 
v -0.00778145 2.56514 -1.46901 
v 0.0544087 2.57675 -1.39932 
v -0.282475 2.48795 -1.41201 
v -0.185633 2.48198 -1.38967 
v -0.229938 2.28362 -1.35987 
v -0.0833048 2.52926 -1.32967 
v 0.0274929 2.51021 -1.26377 
v -0.0900308 1.96098 -1.39468 
v 0.192937 2.2232 -1.26807 
v 0.0225642 2.38558 -1.38575 
v 0.0556491 2.23066 -1.37058 
v 0.00865287 1.77768 -1.38827 
v 0.0714023 1.78195 -1.28923 
v 0.0773983 1.84377 -1.18867 
v 0.160333 2.23858 -1.28412 
v 0.168019 2.21961 -1.29486 
v 0.0658315 1.75313 -1.33585 
v 0.0589472 1.75422 -1.3317 
v 0.160776 2.21458 -1.29131 
v -0.009866 1.80906 -1.25679 
v 0.29148 2.19643 -1.18983 
v 0.217642 2.18656 -1.25824 
v 1.28541 1.93266 -1.00913 
v 0.242184 1.8544 -1.08172 
v 0.162252 2.2941 -1.213 
v 0.240855 1.84363 -1.08538 
v 1.45359 1.7856 -1.00557 
v 1.53074 2.18902 -1.01007 
v 1.45879 1.7839 -1.01028 
v 1.52554 2.19111 -1.00538 
v 0.162252 2.2941 -1.213 
v 0.242184 1.8544 -1.08172 
v 0.166341 2.30595 -1.21049 
v 0.07587 2.20266 -1.36243 
v 0.139869 2.56618 -1.32931 
v 0.160776 2.21458 -1.29131 
v 0.273427 2.50531 -1.25539 
v 3.36674 3.32444 -0.990674 
v 3.4383 3.63186 -1.04701 
v 3.4356 3.61814 -1.04552 
v 2.32403 2.88292 -0.995473 
v 2.28417 2.5915 -0.978663 
v 2.32074 2.88685 -0.990509 
v 3.37059 3.32027 -0.995508 
v 3.23401 3.13777 -0.983913 
v 3.23017 3.14193 -0.979078 
v 3.36674 3.32444 -0.990674 
v 3.36674 3.32444 -0.990674 
v 3.4356 3.61814 -1.04552 
v 3.37083 3.33244 -0.994747 
v 2.28799 2.58759 -0.98353 
v 1.82517 1.28588 -0.807555 
v 1.58637 2.25486 -0.94247 
v 1.59035 2.25051 -0.947255 
v 1.65552 2.05726 -0.987062 
v 1.75597 2.40266 -0.968914 
v 1.65883 2.05433 -0.992114 
v 1.79324 2.57222 -0.964992 
v 2.21367 1.59409 -0.801937 
v 2.209 1.59753 -0.797211 
v 2.34756 1.26304 -0.805381 
v 1.98533 2.34467 -0.967743 
v 1.98804 2.34049 -0.972768 
v 2.70464 1.36246 -0.761673 
v 2.28417 2.5915 -0.978663 
v 2.28799 2.58759 -0.98353 
v 2.28417 2.5915 -0.978663 
v 2.70464 1.36246 -0.761673 
v 2.70036 1.36634 -0.756901 
v 2.17854 2.09446 -0.746872 
v 2.03876 2.6619 -0.94694 
v 2.46739 1.54829 -0.75088 
v 2.46295 1.55197 -0.746125 
v 2.49055 2.27853 -0.725556 
v 2.24768 2.81343 -0.915148 
v 2.85586 1.4677 -0.684572 
v 2.85096 1.47111 -0.679906 
v 1.79324 2.57222 -0.964992 
v 1.79771 2.56857 -0.969745 
v 1.75597 2.40266 -0.968914 
v 1.65552 2.05726 -0.987062 
v 1.75492 2.404 -0.963532 
v 2.01467 2.66372 -0.994719 
v 1.98804 2.34049 -0.972768 
v 1.98533 2.34467 -0.967743 
v 2.01467 2.66372 -0.994719 
v 1.98533 2.34467 -0.967743 
v 2.01264 2.66797 -0.989619 
v 2.57628 2.99151 -0.977593 
v 2.54055 2.68019 -0.965201 
v 2.57228 2.99484 -0.972706 
v 2.54055 2.68019 -0.965201 
v 2.57628 2.99151 -0.977593 
v 2.54514 2.67677 -0.969948 
v 1.79229 2.56512 -0.971542 
v 1.78831 2.56947 -0.966758 
v 2.04302 2.65816 -0.951731 
v 2.25213 2.80951 -0.919876 
v 2.54514 2.67677 -0.969948 
v 2.54639 2.96376 -0.919979 
v 2.55007 2.95815 -0.924647 
v 2.78474 2.70025 -0.930915 
v 2.8328 2.99644 -0.90744 
v 3.76518 1.534 -0.502915 
v 3.7618 1.53947 -0.498168 
v 3.76518 1.534 -0.502915 
v 2.8328 2.99644 -0.90744 
v 2.83594 2.99033 -0.912121 
v 2.83719 2.33349 -0.6339 
v 2.96459 0.87717 -0.355481 
v 2.83326 2.34124 -0.629723 
v 3.25359 2.37547 -0.556595 
v 3.66005 2.51397 -0.592068 
v 4.8127 1.30457 -0.0491815 
v 3.89698 2.80711 -0.617945 
v 3.9 2.79821 -0.622003 
v 4.80998 1.31345 -0.0450634 
v 2.8161 3.01518 -0.944138 
v 2.78474 2.70025 -0.930915 
v 2.78143 2.70487 -0.926035 
v 3.2006 2.81921 -0.971931 
v 3.1966 2.82315 -0.967104 
v 3.23401 3.13777 -0.983913 
v 3.1966 2.82315 -0.967104 
v 3.23017 3.14193 -0.979078 
v 3.36674 3.32444 -0.990674 
v 3.32741 3.01253 -0.97024 
v 3.32481 3.01928 -0.965591 
v 3.32741 3.01253 -0.97024 
v 3.36674 3.32444 -0.990674 
v 3.37083 3.33244 -0.994747 
v 2.8161 3.01518 -0.944138 
v 2.78143 2.70487 -0.926035 
v 2.81316 3.01952 -0.939164 
v 3.02256 3.07037 -0.938369 
v 2.99107 2.75548 -0.912119 
v 2.98804 2.76057 -0.907253 
v 3.01977 3.07521 -0.933436 
v 3.46125 3.29802 -0.930223 
v 3.32375 3.13509 -0.876716 
v 3.32212 3.14334 -0.872287 
v 3.46288 3.28977 -0.934653 
v -2.23707 0.205343 -1.0314 
v -2.49711 0.145703 -0.940072 
v -2.50311 0.143162 -0.944476 
v -2.50532 0.208215 -1.00024 
v -2.77026 0.149886 -0.912023 
v -2.77535 0.147983 -0.916752 
v -2.77535 0.147983 -0.916752 
v -2.51042 0.206313 -1.00496 
v -2.50532 0.208215 -1.00024 
v -2.23107 0.207884 -1.02699 
v -1.92439 0.615931 -1.13466 
v -2.09519 0.403804 -1.05988 
v -2.10118 0.400659 -1.06424 
v -1.93038 0.612786 -1.13902 
v -3.11142 0.23845 -0.879546 
v -2.90147 0.130163 -0.932824 
v -2.89687 0.131774 -0.927954 
v -3.19484 0.282011 -0.898453 
v -3.46333 0.394071 -0.834222 
v -3.46761 0.392302 -0.83916 
v -3.77748 0.801767 -0.805326 
v -3.50918 0.596115 -0.879286 
v -3.50399 0.597661 -0.874568 
v -3.50918 0.596115 -0.879286 
v -3.77748 0.801767 -0.805326 
v -3.78267 0.800222 -0.810044 
v -3.19912 0.280241 -0.90339 
v -3.10682 0.240061 -0.874675 
v -1.81313 0.611136 -0.879945 
v -2.07906 0.550689 -0.784211 
v -2.08283 0.543394 -0.788532 
v -4.04676 1.24525 -0.770526 
v -3.77611 1.00604 -0.829966 
v -3.77196 1.00955 -0.825127 
v -2.69534 1.11544 -1.09725 
v -2.42178 1.13794 -1.14258 
v -2.69185 1.11709 -1.09215 
v -2.42564 1.13728 -1.14764 
v -2.69185 1.11709 -1.09215 
v -3.0558 1.36433 -1.01681 
v -2.69534 1.11544 -1.09725 
v -2.04655 1.41332 -1.21939 
v -2.42178 1.13794 -1.14258 
v -2.42564 1.13728 -1.14764 
v -2.04171 1.41433 -1.21455 
v -2.17879 1.74181 -1.06295 
v -2.34566 1.64597 -1.03594 
v -2.17882 1.73177 -1.06693 
v -2.34406 1.65611 -1.03207 
v -4.05092 1.24174 -0.775365 
v -3.72937 2.13986 -0.967867 
v -3.05245 1.36777 -1.0118 
v -2.56572 1.66441 -0.992089 
v -2.56572 1.66441 -0.992089 
v -2.34406 1.65611 -1.03207 
v -2.56274 1.67491 -0.98858 
v -1.82692 1.75422 -1.3317 
v -1.32718 0.276942 -1.0229 
v -1.5092 0.144646 -0.962014 
v -1.51403 0.139745 -0.966519 
v -1.76654 0.861364 -1.19703 
v -1.87123 0.664571 -1.13142 
v -1.87727 0.662063 -1.13581 
v -1.77258 0.858856 -1.20143 
v -1.51403 0.139745 -0.966519 
v -1.332 0.272041 -1.0274 
v -1.32718 0.276942 -1.0229 
v -1.19214 0.65533 -1.08688 
v -1.37417 0.523033 -1.02599 
v -1.37899 0.518132 -1.0305 
v -1.19696 0.650428 -1.09138 
v -1.80914 0.742462 -0.890718 
v -1.62615 0.858322 -0.994717 
v -1.62148 0.864519 -0.990389 
v -1.95903 -0.660114 -0.792274 
v -1.68017 -0.670205 -0.873826 
v -1.67526 -0.66562 -0.869299 
v -1.96394 -0.664698 -0.7968 
v -2.08283 0.543394 -0.788532 
v -1.81691 0.603842 -0.884266 
v -1.81313 0.611136 -0.879945 
v -1.62148 0.864519 -0.990389 
v -1.80447 0.748659 -0.88639 
v -1.80914 0.742462 -0.890718 
v -1.44607 -0.354702 -0.957455 
v -1.66952 -0.453915 -0.873452 
v -1.67499 -0.458317 -0.877836 
v -1.45154 -0.359104 -0.961839 
v -1.62485 1.05754 -1.22248 
v -1.72966 0.860071 -1.15709 
v -1.73636 0.856544 -1.16113 
v -1.61155 1.04391 -1.19608 
v -1.51469 1.23554 -1.26442 
v -1.50674 1.24138 -1.26147 
v -1.29993 1.62814 -1.23816 
v -1.43259 1.53244 -1.33722 
v -1.42343 1.53565 -1.33979 
v -1.8338 1.75313 -1.33585 
v -1.37566 1.39466 -1.21013 
v -1.37069 1.62579 -1.31369 
v -1.36202 1.63202 -1.31145 
v -1.36699 1.4009 -1.20789 
v -1.2911 1.63551 -1.23964 
v -1.6195 1.03808 -1.19903 
v -1.73636 0.856544 -1.16113 
v -1.63155 1.05401 -1.22652 
v -1.62485 1.05754 -1.22248 
v -1.38864 1.15362 -1.05842 
v -1.62108 0.989583 -0.951753 
v -1.62504 0.98309 -0.956201 
v -1.3926 1.14713 -1.06287 
v -1.26077 1.70836 -1.14613 
v -1.29993 1.62814 -1.23816 
v -1.2911 1.63551 -1.23964 
v -1.29993 1.62814 -1.23816 
v -1.26077 1.70836 -1.14613 
v -1.26898 1.6991 -1.14531 
v -4.42191 1.39795 -0.754333 
v -4.11553 1.26304 -0.805382 
v -4.11241 1.26717 -0.800411 
v -5.15187 -0.746094 -0.286498 
v -5.54958 -0.493498 -0.168035 
v -5.55496 -0.496488 -0.172604 
v -5.52977 1.53947 -0.498169 
v -8.39731 -1.20724 0.342052 
v -8.40112 -1.21144 0.337215 
v -5.53315 1.534 -0.502916 
v -5.54958 -0.493498 -0.168035 
v -5.15187 -0.746094 -0.286498 
v -5.14649 -0.743104 -0.281928 
v -4.97741 0.00323319 -0.381132 
v -4.60916 -0.16487 -0.466449 
v -4.60409 -0.161896 -0.461789 
v -4.98248 0.000259101 -0.385792 
v -6.88433 -1.122 0.229827 
v -6.01475 -1.80163 -0.00888896 
v -6.00921 -1.799 -0.00434095 
v -9.24424 -0.0407774 0.435883 
v -9.24804 -0.0449835 0.431046 
v -6.07403 1.87921 -0.497615 
v -9.5036 0.00966555 0.373905 
v -9.50675 0.00378132 0.369186 
v -7.05907 -1.73753 0.180918 
v -8.07538 -0.888044 0.376829 
v -8.07986 -0.891368 0.372047 
v -7.0546 -1.73421 0.1857 
v -6.88987 -1.12463 0.225279 
v -6.00349 1.02045 -0.0495088 
v -5.34072 0.812347 -0.197607 
v -5.33751 0.820099 -0.193278 
v -5.4385 1.21271 -0.536368 
v -5.86806 1.34142 -0.456011 
v -5.8719 1.33639 -0.460735 
v -6.32635 1.57364 -0.447342 
v -5.93908 1.3088 -0.482123 
v -5.93577 1.31419 -0.477352 
v -6.32966 1.56826 -0.452114 
v -5.43466 1.21773 -0.531644 
v -4.88734 1.31517 -0.668756 
v -5.3178 1.25907 -0.518425 
v -5.32307 1.25557 -0.522977 
v -4.89261 1.31166 -0.673308 
v -5.352 1.05845 -0.185391 
v -4.73729 0.871119 -0.35982 
v -4.73256 0.877168 -0.355482 
v -9.50675 0.00378132 0.369186 
v -6.07687 1.87298 -0.502327 
v -6.07403 1.87921 -0.497615 
v -5.96971 1.00252 -0.105978 
v -6.70315 1.46957 0.00630552 
v -6.70744 1.46209 0.00215381 
v -5.96542 1.00999 -0.101827 
v -5.33751 0.820099 -0.193278 
v -6.00027 1.0282 -0.0451793 
v -6.00349 1.02045 -0.0495088 
v -5.34727 1.0645 -0.181053 
v -4.47261 1.36246 -0.761674 
v -4.84049 1.51976 -0.680053 
v -4.84477 1.51588 -0.684825 
v -3.1616 -0.653776 -0.633754 
v -2.76716 -0.740438 -0.75291 
v -2.76165 -0.738123 -0.748327 
v -3.16711 -0.65609 -0.638337 
v -3.61346 -0.365398 -0.6004 
v -3.1934 -0.502746 -0.703393 
v -3.18805 -0.501093 -0.698725 
v -2.83147 0.275992 -0.607311 
v -2.41758 0.204251 -0.745606 
v -2.4128 0.209944 -0.741215 
v -2.13748 -0.838762 -0.748437 
v -2.48771 -0.857008 -0.653816 
v -2.49282 -0.861155 -0.658341 
v -2.48771 -0.857008 -0.653816 
v -2.13748 -0.838762 -0.748437 
v -2.13236 -0.834615 -0.743911 
v -2.8267 0.281686 -0.60292 
v -3.68471 -0.067088 -0.646559 
v -4.0262 0.179123 -0.559532 
v -4.03138 0.176817 -0.564211 
v -4.44582 0.295039 -0.534631 
v -4.19848 0.119796 -0.608306 
v -4.19372 0.121837 -0.603497 
v -4.44106 0.29708 -0.529822 
v -3.67952 -0.0647826 -0.641879 
v -3.61881 -0.367052 -0.605068 
v -3.23347 0.415961 -0.527134 
v -2.84702 0.17941 -0.653406 
v -2.84173 0.185125 -0.649173 
v -3.23877 0.410247 -0.531367 
v -4.02291 1.17755 -0.472574 
v -3.68257 0.930999 -0.617196 
v -3.67667 0.936844 -0.6132 
v -4.42503 1.39382 -0.759303 
v -4.46834 1.36634 -0.756902 
v -3.6256 0.736689 -0.500851 
v -3.2655 0.485848 -0.602008 
v -3.26058 0.491979 -0.597741 
v -2.04805 0.399811 -0.813784 
v -2.4161 0.386537 -0.700112 
v -2.42061 0.379946 -0.704403 
v -2.42061 0.379946 -0.704403 
v -2.05256 0.39322 -0.818076 
v -2.04805 0.399811 -0.813784 
v -3.63052 0.730559 -0.505118 
v -4.80422 1.16484 -0.336816 
v -4.37791 1.08144 -0.441573 
v -4.37322 1.08791 -0.437308 
v -4.80891 1.15836 -0.341082 
v -4.01614 1.16622 -0.520325 
v -4.40173 1.2869 -0.439685 
v -4.4057 1.27946 -0.443926 
v -4.01701 1.1834 -0.468578 
v -4.01218 1.17366 -0.516084 
v -6.7673 2.02593 -0.491012 
v -6.41821 1.57197 -0.51387 
v -6.41412 1.57579 -0.509047 
v -2.00883 1.84363 -1.08538 
v -2.27905 2.11851 -1.19336 
v -2.10884 2.21181 -1.23514 
v -2.38314 2.37189 -1.12829 
v -2.22371 2.42176 -1.19677 
v -2.17894 2.44885 -1.17349 
v -2.0414 2.50531 -1.25539 
v -2.17894 2.44885 -1.17349 
v -1.9426 2.42592 -1.19634 
v -2.13592 2.34083 -1.12689 
v -1.95497 2.29099 -1.19636 
v -1.93599 2.21961 -1.29486 
v -1.92875 2.21457 -1.29131 
v -1.93023 2.2941 -1.213 
v -2.10884 2.21181 -1.23514 
v -1.93599 2.21961 -1.29486 
v -2.40655 2.33293 -1.1526 
v -2.39563 2.0531 -1.16603 
v -2.82685 2.14333 -1.14184 
v -2.38314 2.37189 -1.12829 
v -2.7373 2.28434 -1.03582 
v -2.7463 2.38814 -1.10604 
v -2.40655 2.33293 -1.1526 
v -2.7463 2.38814 -1.10604 
v -2.78297 2.38583 -1.12993 
v -2.38314 2.37189 -1.12829 
v -2.31754 2.2605 -1.07184 
v -2.00277 2.517 -1.23157 
v -4.27618 3.71892 -1.08821 
v -4.06127 3.70825 -1.18803 
v -4.03288 3.62039 -1.09697 
v -4.31022 3.78705 -1.17788 
v -4.60192 3.75551 -1.07261 
v -4.65309 3.79046 -1.15165 
v -3.69819 3.36164 -1.16506 
v -2.00277 2.517 -1.23157 
v -1.86598 2.57934 -1.303 
v -3.2911 2.84927 -1.12096 
v -3.66272 3.23549 -1.07032 
v -5.20357 3.61814 -1.04552 
v -3.28123 2.80178 -1.04309 
v -2.78297 2.38583 -1.12993 
v -2.7463 2.38814 -1.10604 
v -1.90784 2.56618 -1.32931 
v -1.84903 1.77962 -1.29144 
v -1.78628 1.77535 -1.39048 
v -1.77663 1.77768 -1.38827 
v -1.74569 2.0505 -1.47942 
v -1.53803 2.28361 -1.35987 
v -1.79995 2.12813 -1.42351 
v -1.64046 2.34934 -1.3113 
v -1.85396 2.20185 -1.36422 
v -1.45522 2.21692 -1.3944 
v -1.73818 2.06095 -1.47997 
v -1.44853 2.21439 -1.39026 
v -1.83938 1.78195 -1.28923 
v -1.92875 2.21457 -1.29131 
v -1.93431 2.30595 -1.21049 
v -1.93599 2.21961 -1.29486 
v -1.84384 2.20265 -1.36243 
v -1.64745 2.34358 -1.31484 
v -1.92875 2.21457 -1.29131 
v -1.80012 2.49953 -1.26669 
v -1.92875 2.21457 -1.29131 
v -1.58642 2.09713 -1.2648 
v -1.6326 1.96972 -1.18237 
v -1.6326 1.96972 -1.18237 
v -1.25717 1.7446 -1.17814 
v -1.27847 1.55253 -1.06977 
v -1.58642 2.09713 -1.2648 
v -1.6955 2.592 -1.44713 
v -1.49002 2.47851 -1.41551 
v -1.588 2.47185 -1.3924 
v -1.82238 2.57675 -1.39932 
v -1.76019 2.56514 -1.46901 
v -1.6955 2.592 -1.44713 
v -1.71116 2.55516 -1.51916 
v -1.63891 2.62186 -1.50198 
v -1.76716 2.61106 -1.37795 
v -1.76716 2.61106 -1.37795 
v -1.63891 2.62186 -1.50198 
v -1.86598 2.57934 -1.303 
v -1.69086 2.51875 -1.33186 
v -6.41821 1.57197 -0.51387 
v -4.96857 2.81921 -0.971932 
v -4.96457 2.82315 -0.967104 
v -5.09278 3.01928 -0.965592 
v -6.86805 2.14 -0.510089 
v -6.87066 2.13325 -0.514738 
v -5.04839 2.48796 -0.914466 
v -5.77803 2.62353 -0.842915 
v -5.77971 2.61716 -0.847742 
v -5.77803 2.62353 -0.842915 
v -5.04839 2.48796 -0.914466 
v -5.04598 2.49367 -0.909608 
v -4.75904 2.75548 -0.912119 
v -4.75602 2.76056 -0.907254 
v -6.07687 1.87298 -0.502327 
v -4.80732 3.06023 -0.896819 
v -4.80467 3.06665 -0.892115 
v -4.96457 2.82315 -0.967104 
v -6.56406 2.44395 -0.589521 
v -9.79844 1.90484 0.0696474 
v -9.80052 1.89537 0.065611 
v -6.56587 2.43519 -0.593798 
v -5.81922 3.06732 -0.683738 
v -7.33461 2.03634 -0.158211 
v -7.33708 2.02707 -0.162255 
v -6.77138 2.02212 -0.495835 
v -5.09009 3.14334 -0.872287 
v -6.56406 2.44395 -0.589521 
v -6.56587 2.43519 -0.593798 
v -5.09538 3.01253 -0.970241 
v -6.73359 3.33959 -0.917966 
v -5.77971 2.61716 -0.847742 
v -6.73359 3.33959 -0.917966 
v -6.73485 3.33348 -0.92287 
v -5.95521 3.34574 -0.885767 
v -5.17629 3.56459 -0.957008 
v -5.8902 3.29253 -0.779145 
v -5.23086 3.28977 -0.934653 
v -5.09172 3.13509 -0.876717 
v -5.20357 3.61814 -1.04552 
v -5.09172 3.13509 -0.876717 
v -5.09009 3.14334 -0.872287 
v -5.95521 3.34574 -0.885767 
v -7.63891 2.61292 -0.29457 
v -8.02311 3.06745 -0.483415 
v -5.8902 3.29253 -0.779145 
v -5.8902 3.29253 -0.779145 
v -5.82147 3.05763 -0.68768 
v -7.33708 2.02707 -0.162255 
v -5.82147 3.05763 -0.68768 
v -5.81922 3.06732 -0.683738 
v -5.8902 3.29253 -0.779145 
v -5.66798 2.79821 -0.622004 
v -5.82147 3.05763 -0.68768 
v -4.916 3.26311 -0.905287 
v -5.02471 2.3671 -0.560779 
v -5.42803 2.51397 -0.592069 
v -3.05658 1.94794 -0.960186 
v -3.36916 2.66445 -1.12372 
v -2.7373 2.28434 -1.03582 
v -3.34776 2.21152 -0.920236 
v -2.7463 2.38814 -1.10604 
v -3.30042 2.1455 -0.946208 
v -3.52469 2.40038 -0.962999 
v -2.85211 1.79356 -0.967698 
v -4.26268 2.53867 -0.977661 
v -3.98113 2.41134 -0.991778 
v -3.97894 2.41828 -0.98711 
v -3.98113 2.41134 -0.991778 
v -4.26268 2.53867 -0.977661 
v -4.26443 2.53176 -0.982381 
v -4.62121 2.51041 -0.971438 
v -3.73237 2.13419 -0.972649 
v -3.0558 1.36433 -1.01681 
v -3.72937 2.13986 -0.967867 
v -4.62311 2.5042 -0.976271 
v -4.99744 3.14753 -0.952272 
v -4.65891 3.61459 -1.15621 
v -4.78498 3.07672 -0.93087 
v -5.19744 3.44992 -1.04331 
v -5.13472 3.32444 -0.990675 
v -5.17629 3.56459 -0.957008 
v -4.33583 2.99154 -0.973186 
v -4.57683 3.01988 -0.936759 
v -3.78221 2.66528 -0.989134 
v -4.26443 2.53176 -0.982381 
v -4.65388 3.15456 -0.899667 
v -4.33583 2.99154 -0.973186 
v -4.57444 3.0304 -0.93314 
v -4.57683 3.01988 -0.936759 
v -4.62121 2.51041 -0.971438 
v -4.57444 3.0304 -0.93314 
v -4.33371 3.00156 -0.969339 
v -0.388981 0.518133 -1.0305 
v -0.575834 0.655331 -1.08688 
v -0.57101 0.65043 -1.09138 
v -0.440797 0.276942 -1.0229 
v -0.253945 0.139745 -0.966519 
v -0.258769 0.144647 -0.962014 
v -0.253945 0.139745 -0.966519 
v -0.440797 0.276942 -1.0229 
v -0.435973 0.272041 -1.0274 
v -0.393806 0.523035 -1.02599 
v -0.143122 1.05754 -1.22248 
v -0.0316176 0.856544 -1.16113 
v -0.0383158 0.860072 -1.15709 
v -0.00143683 0.861365 -1.19703 
v 0.109301 0.662064 -1.13581 
v 0.103261 0.664572 -1.13142 
v 0.109301 0.662064 -1.13581 
v -0.00143683 0.861365 -1.19703 
v 0.00460261 0.858857 -1.20143 
v 0.0411662 0.742463 -0.890717 
v -0.14649 0.864521 -0.990389 
v -0.141821 0.858324 -0.994717 
v -0.321907 -0.354701 -0.957455 
v -0.0929803 -0.458317 -0.877835 
v -0.0984516 -0.453915 -0.873452 
v -0.316435 -0.359103 -0.961838 
v 0.0364975 0.74866 -0.886389 
v -0.0878083 -0.670204 -0.873826 
v 0.191057 -0.660112 -0.792274 
v -0.0927153 -0.665619 -0.869299 
v 0.191057 -0.660112 -0.792274 
v -0.0878083 -0.670204 -0.873826 
v 0.195964 -0.664697 -0.7968 
v 0.31486 0.543396 -0.788532 
v 0.0451603 0.611137 -0.879945 
v 0.0489331 0.603843 -0.884266 
v -0.136424 1.05401 -1.22652 
v -0.405951 1.63202 -1.31145 
v -0.392317 1.39466 -1.21013 
v -0.400982 1.4009 -1.20789 
v -0.392317 1.39466 -1.21013 
v -0.405951 1.63202 -1.31145 
v -0.397286 1.62579 -1.31369 
v -0.344547 1.53565 -1.33979 
v -0.468048 1.62814 -1.23816 
v -0.476878 1.63551 -1.23964 
v -0.468048 1.62814 -1.23816 
v -0.344547 1.53565 -1.33979 
v -0.335384 1.53244 -1.33722 
v 0.0589472 1.75422 -1.3317 
v 0.278575 1.41332 -1.21939 
v 0.273738 1.41433 -1.21455 
v 0.0658315 1.75313 -1.33585 
v -0.253281 1.23555 -1.26442 
v -0.156423 1.04391 -1.19608 
v -0.261229 1.24138 -1.26147 
v -0.507206 1.70836 -1.14613 
v -0.476878 1.63551 -1.23964 
v -0.468048 1.62814 -1.23816 
v -0.468048 1.62814 -1.23816 
v -0.498997 1.6991 -1.14531 
v -0.507206 1.70836 -1.14613 
v -0.142937 0.983092 -0.956201 
v -0.379336 1.15363 -1.05842 
v -0.375376 1.14713 -1.06287 
v -0.146896 0.989585 -0.951752 
v -0.148475 1.03808 -1.19903 
v 0.333208 0.400661 -1.06424 
v 0.156417 0.615933 -1.13466 
v 0.162408 0.612788 -1.13902 
v 0.729136 0.145704 -0.940071 
v 0.469101 0.205345 -1.0314 
v 0.735139 0.143163 -0.944475 
v 0.463099 0.207886 -1.02699 
v 0.156417 0.615933 -1.13466 
v 0.333208 0.400661 -1.06424 
v 0.327216 0.403806 -1.05988 
v 1.00738 0.147985 -0.916751 
v 0.737351 0.208217 -1.00024 
v 0.742445 0.206314 -1.00496 
v 1.34345 0.238451 -0.879546 
v 1.12889 0.131775 -0.927953 
v 1.13349 0.130164 -0.932824 
v 1.00228 0.149888 -0.912022 
v 1.12889 0.131775 -0.927953 
v 1.34345 0.238451 -0.879546 
v 1.33885 0.240063 -0.874675 
v 1.69964 0.392303 -0.839159 
v 1.42686 0.282012 -0.898452 
v 1.43114 0.280242 -0.90339 
v 1.69536 0.394072 -0.834222 
v 0.311087 0.55069 -0.784211 
v 1.74121 0.596116 -0.879286 
v 2.0095 0.801768 -0.805325 
v 1.73601 0.597662 -0.874568 
v 2.0147 0.800222 -0.810043 
v 2.00814 1.00604 -0.829965 
v 2.27879 1.24525 -0.770526 
v 2.00398 1.00955 -0.825127 
v 0.653805 1.13794 -1.14258 
v 0.927365 1.11544 -1.09725 
v 0.923881 1.11709 -1.09215 
v 0.653805 1.13794 -1.14258 
v 0.273738 1.41433 -1.21455 
v 0.278575 1.41332 -1.21939 
v 0.410819 1.74182 -1.06294 
v 0.577691 1.64597 -1.03594 
v 0.57609 1.65611 -1.03207 
v 0.577691 1.64597 -1.03594 
v 0.410819 1.74182 -1.06294 
v 0.410843 1.73177 -1.06693 
v 0.657667 1.13728 -1.14764 
v 0.657667 1.13728 -1.14764 
v 1.28783 1.36433 -1.01681 
v 0.923881 1.11709 -1.09215 
v 0.927365 1.11544 -1.09725 
v 1.28448 1.36777 -1.0118 
v 0.797749 1.66441 -0.992089 
v 0.794762 1.67492 -0.98858 
v 1.9614 2.13986 -0.967867 
v 1.28448 1.36777 -1.0118 
v 1.28783 1.36433 -1.01681 
v 2.27879 1.24525 -0.770526 
v 2.00814 1.00604 -0.829965 
v 2.28294 1.24174 -0.775364 
v 2.34756 1.26304 -0.805381 
v 2.65394 1.39795 -0.754332 
v 2.34444 1.26717 -0.80041 
v 0.652638 0.379947 -0.704403 
v 0.280074 0.399812 -0.813784 
v 0.28459 0.393222 -0.818075 
v 0.719737 -0.857007 -0.653815 
v 0.369503 -0.838761 -0.748436 
v 0.724851 -0.861154 -0.658341 
v 0.364389 -0.834614 -0.743911 
v 1.0635 0.275993 -0.607311 
v 0.64483 0.209945 -0.741215 
v 0.649605 0.204252 -0.745606 
v 0.99919 -0.740437 -0.752909 
v 1.39363 -0.653774 -0.633754 
v 0.99368 -0.738122 -0.748327 
v 1.39363 -0.653774 -0.633754 
v 0.99919 -0.740437 -0.752909 
v 1.39914 -0.656089 -0.638336 
v 1.42543 -0.502745 -0.703393 
v 1.84548 -0.365398 -0.600399 
v 1.42008 -0.501092 -0.698724 
v 0.64483 0.209945 -0.741215 
v 1.0635 0.275993 -0.607311 
v 1.05873 0.281687 -0.60292 
v 1.84548 -0.365398 -0.600399 
v 1.42543 -0.502745 -0.703393 
v 1.85083 -0.367051 -0.605067 
v 1.91673 -0.0670875 -0.646558 
v 2.25823 0.179123 -0.559531 
v 1.91155 -0.0647818 -0.641879 
v 1.07905 0.179412 -0.653406 
v 1.4655 0.415963 -0.527133 
v 1.07375 0.185126 -0.649173 
v 2.26341 0.176818 -0.564211 
v 2.67785 0.295039 -0.534631 
v 2.42574 0.121837 -0.603496 
v 2.43051 0.119796 -0.608305 
v 2.67308 0.29708 -0.529822 
v 1.47079 0.410249 -0.531366 
v 0.648123 0.386538 -0.700111 
v 1.49753 0.485849 -0.602007 
v 1.85762 0.73669 -0.50085 
v 1.4926 0.49198 -0.59774 
v 2.25494 1.17755 -0.472573 
v 1.9087 0.936844 -0.613199 
v 1.9146 0.930999 -0.617195 
v 2.65705 1.39382 -0.759303 
v 2.70464 1.36246 -0.761673 
v 3.07251 1.51977 -0.680052 
v 2.70036 1.36634 -0.756901 
v 3.07679 1.51588 -0.684824 
v 1.86255 0.730559 -0.505117 
v 1.9087 0.936844 -0.613199 
v 2.25494 1.17755 -0.472573 
v 2.24904 1.1834 -0.468577 
v 2.24817 1.16622 -0.520325 
v 2.63376 1.2869 -0.439684 
v 2.2442 1.17366 -0.516083 
v 2.63773 1.27946 -0.443926 
v 2.60994 1.08144 -0.441573 
v 3.03625 1.16484 -0.336816 
v 2.60524 1.08791 -0.437307 
v 3.04094 1.15836 -0.341081 
v 2.84119 -0.16487 -0.466449 
v 3.20943 0.00323319 -0.381131 
v 2.83612 -0.161896 -0.461789 
v 3.38328 -0.746687 -0.286613 
v 3.7816 -0.493497 -0.191889 
v 3.37852 -0.743104 -0.281928 
v 3.78636 -0.497081 -0.196574 
v 3.2145 0.000259101 -0.385791 
v 4.23551 1.02045 -0.049508 
v 3.56954 0.8201 -0.193277 
v 3.57275 0.812348 -0.197607 
v 3.7618 1.53947 -0.498168 
v 6.63314 -1.21144 0.337216 
v 6.62934 -1.20724 0.342053 
v 3.76518 1.534 -0.502915 
v 4.24678 -1.80163 -0.00888801 
v 5.11636 -1.122 0.229828 
v 4.24124 -1.799 -0.00433999 
v 5.2911 -1.73753 0.180919 
v 6.3074 -0.888043 0.37683 
v 5.28662 -1.7342 0.185702 
v 5.1219 -1.12463 0.22528 
v 6.31188 -0.891368 0.372048 
v 4.30606 1.87921 -0.497614 
v 7.73878 0.00378221 0.369187 
v 7.73562 0.00966597 0.373907 
v 7.47626 -0.0407766 0.435884 
v 7.47626 -0.0407766 0.435884 
v 6.63314 -1.21144 0.337216 
v 7.48007 -0.0449827 0.431048 
v 3.58403 1.05846 -0.185391 
v 2.96459 0.87717 -0.355481 
v 2.96932 0.87112 -0.359819 
v 3.67052 1.21271 -0.536367 
v 4.10008 1.34142 -0.456011 
v 3.66668 1.21773 -0.531643 
v 3.11937 1.31517 -0.668755 
v 3.5551 1.25557 -0.522977 
v 3.54982 1.25907 -0.518424 
v 3.12464 1.31167 -0.673307 
v 4.10392 1.3364 -0.460734 
v 4.1711 1.30881 -0.482123 
v 4.55838 1.57364 -0.447341 
v 4.16779 1.31419 -0.477351 
v 4.65023 1.57197 -0.513869 
v 4.99932 2.02593 -0.491012 
v 4.64615 1.57579 -0.509046 
v 4.56169 1.56826 -0.452113 
v 4.2323 1.0282 -0.0451785 
v 3.5793 1.06451 -0.181053 
v 4.20174 1.00252 -0.105978 
v 4.93518 1.46957 0.00630647 
v 4.19745 1.00999 -0.101826 
v 4.30889 1.87298 -0.502326 
v 4.93947 1.46209 0.00215477 
v -0.510805 1.7446 -1.17814 
v -0.135372 1.96972 -1.18237 
v -0.489506 1.55253 -1.06977 
v -0.02228 2.0505 -1.47942 
v -0.312753 2.21693 -1.3944 
v -0.0297972 2.06095 -1.47997 
v -0.02228 2.0505 -1.47942 
v -0.229938 2.28362 -1.35987 
v -0.319446 2.21439 -1.39026 
v -0.27795 2.47851 -1.41551 
v -0.0724768 2.59201 -1.44713 
v -0.179975 2.47185 -1.3924 
v 0.0319733 2.12813 -1.42351 
v -0.127511 2.34934 -1.3113 
v 0.0859888 2.20185 -1.36422 
v 0.081058 1.77963 -1.29144 
v 0.00865287 1.77768 -1.38827 
v 0.0183086 1.77536 -1.39048 
v -0.18155 2.09713 -1.2648 
v -0.18155 2.09713 -1.2648 
v 0.160776 2.21458 -1.29131 
v -0.135372 1.96972 -1.18237 
v 0.07587 2.20266 -1.36243 
v 0.160776 2.21458 -1.29131 
v -0.120525 2.34358 -1.31484 
v 0.0714023 1.78195 -1.28923 
v 0.166341 2.30595 -1.21049 
v 0.160776 2.21458 -1.29131 
v 0.168019 2.21961 -1.29486 
v 0.0321513 2.49953 -1.26669 
v 0.234795 2.517 -1.23157 
v 0.174631 2.42592 -1.19634 
v 0.0980082 2.57934 -1.303 
v -0.000817597 2.61106 -1.37795 
v -0.129066 2.62186 -1.50198 
v -0.129066 2.62186 -1.50198 
v -0.00778145 2.56514 -1.46901 
v -0.0724768 2.59201 -1.44713 
v -0.0568172 2.55517 -1.51916 
v 0.0544087 2.57675 -1.39932 
v -0.000817597 2.61106 -1.37795 
v 0.139869 2.56618 -1.32931 
v -0.0771157 2.51875 -1.33186 
v 0.273427 2.50531 -1.25539 
v 0.0980082 2.57934 -1.303 
v 0.186998 2.29099 -1.19636 
v 0.160776 2.21458 -1.29131 
v 0.168019 2.21961 -1.29486 
v 0.511076 2.11851 -1.19336 
v 0.240855 1.84363 -1.08538 
v 0.340872 2.21181 -1.23513 
v 0.168019 2.21961 -1.29486 
v 0.340872 2.21181 -1.23513 
v 0.162252 2.2941 -1.213 
v 0.410964 2.44885 -1.17349 
v 0.36795 2.34083 -1.12689 
v 0.410964 2.44885 -1.17349 
v 0.455737 2.42176 -1.19677 
v 0.615162 2.37189 -1.12829 
v 0.638572 2.33293 -1.1526 
v 0.978328 2.38814 -1.10604 
v 0.638572 2.33293 -1.1526 
v 1.01499 2.38583 -1.12993 
v 0.96933 2.28434 -1.03582 
v 0.549564 2.2605 -1.07184 
v 0.615162 2.37189 -1.12829 
v 0.615162 2.37189 -1.12829 
v 0.62766 2.0531 -1.16602 
v 1.05887 2.14334 -1.14184 
v 0.978328 2.38814 -1.10604 
v 0.234795 2.517 -1.23157 
v 2.26491 3.62039 -1.09697 
v 1.93021 3.36164 -1.16506 
v 2.2933 3.70825 -1.18803 
v 2.50821 3.71892 -1.08821 
v 2.54225 3.78705 -1.17788 
v 2.83394 3.75551 -1.07261 
v 2.88512 3.79046 -1.15165 
v 1.89474 3.2355 -1.07032 
v 1.52312 2.84927 -1.12096 
v 1.01499 2.38583 -1.12993 
v 1.51326 2.80178 -1.04309 
v 0.978328 2.38814 -1.10604 
v 3.4356 3.61814 -1.04552 
v 0.410843 1.73177 -1.06693 
v 1.08413 1.79356 -0.967698 
v 1.28861 1.94794 -0.960185 
v 0.978328 2.38814 -1.10604 
v 1.57978 2.21153 -0.920235 
v 0.96933 2.28434 -1.03582 
v 1.60119 2.66446 -1.12372 
v 1.75671 2.40038 -0.962999 
v 1.53245 2.1455 -0.946208 
v 1.9644 2.13419 -0.972649 
v 1.9614 2.13986 -0.967867 
v 2.21097 2.41828 -0.98711 
v 1.9644 2.13419 -0.972649 
v 2.21316 2.41134 -0.991778 
v 2.21097 2.41828 -0.98711 
v 2.49471 2.53867 -0.97766 
v 2.49471 2.53867 -0.97766 
v 2.21316 2.41134 -0.991778 
v 2.49645 2.53176 -0.98238 
v 2.85323 2.51041 -0.971437 
v 3.28042 2.48796 -0.914466 
v 3.27801 2.49367 -0.909608 
v 3.28042 2.48796 -0.914466 
v 2.85323 2.51041 -0.971437 
v 2.85514 2.5042 -0.976271 
v 2.01424 2.66528 -0.989134 
v 2.56786 2.99154 -0.973186 
v 2.89094 3.61459 -1.15621 
v 2.80885 3.01988 -0.936759 
v 3.01701 3.07672 -0.930869 
v 3.22946 3.14753 -0.952271 
v 3.42947 3.44992 -1.04331 
v 3.36674 3.32444 -0.990674 
v 3.40831 3.56459 -0.957007 
v 2.80647 3.0304 -0.933139 
v 2.56574 3.00156 -0.969338 
v 2.49645 2.53176 -0.98238 
v 2.85514 2.5042 -0.976271 
v 3.25674 2.3671 -0.560779 
v 3.14803 3.26311 -0.905287 
v 3.66005 2.51397 -0.592068 
v 2.88591 3.15456 -0.899666 
v 4.1711 1.30881 -0.482123 
v 2.98804 2.76057 -0.907253 
v 2.99107 2.75548 -0.912119 
v 3.1966 2.82315 -0.967104 
v 3.2006 2.81921 -0.971931 
v 4.01006 2.62353 -0.842915 
v 3.27801 2.49367 -0.909608 
v 4.30889 1.87298 -0.502326 
v 3.03669 3.06665 -0.892114 
v 3.03934 3.06023 -0.896819 
v 4.01174 2.61716 -0.847741 
v 3.32481 3.01928 -0.965591 
v 5.10268 2.13325 -0.514737 
v 5.10008 2.14 -0.510088 
v 4.30606 1.87921 -0.497614 
v 4.16779 1.31419 -0.477351 
v 5.00341 2.02212 -0.495834 
v 4.05125 3.06732 -0.683738 
v 5.5691 2.02707 -0.162253 
v 5.56664 2.03634 -0.15821 
v 4.79608 2.44395 -0.58952 
v 8.03254 1.89537 0.0656123 
v 8.03047 1.90484 0.0696488 
v 8.03254 1.89537 0.0656123 
v 4.79608 2.44395 -0.58952 
v 4.7979 2.43519 -0.593797 
v 3.32212 3.14334 -0.872287 
v 4.7979 2.43519 -0.593797 
v 3.46288 3.28977 -0.934653 
v 3.32375 3.13509 -0.876716 
v 3.40831 3.56459 -0.957007 
v 4.18723 3.34574 -0.885766 
v 4.12222 3.29253 -0.779144 
v 3.4356 3.61814 -1.04552 
v 3.32741 3.01253 -0.97024 
v 4.96562 3.33959 -0.917965 
v 4.96688 3.33348 -0.922869 
v 5.5691 2.02707 -0.162253 
v 4.05125 3.06732 -0.683738 
v 4.0535 3.05763 -0.687679 
v 3.9 2.79821 -0.622003 
v 4.12222 3.29253 -0.779144 
v 4.0535 3.05763 -0.687679 
v 4.12222 3.29253 -0.779144 
v 5.87094 2.61292 -0.294569 
v 4.18723 3.34574 -0.885766 
v 6.25514 3.06745 -0.483414 
v 4.12222 3.29253 -0.779144 
v -2.39563 2.0531 -1.16603 
v -2.42564 1.13728 -1.14764 
v -2.69534 1.11544 -1.09725 
v -2.51042 0.206313 -1.00496 
v -2.8357 1.44598 -0.98252 
v -2.44462 1.42747 -1.07742 
v -2.44462 1.42747 -1.07742 
v -2.8357 1.44598 -0.98252 
v -2.56975 1.65339 -1.03326 
v -2.82685 2.14333 -1.14184 
v -3.0558 1.36433 -1.01681 
v -2.3597 1.63039 -1.086 
v -2.18084 1.42676 -1.15686 
v -2.57148 1.43903 -1.01069 
v -2.10118 0.400659 -1.06424 
v -2.29067 1.30713 -1.07975 
v -1.93038 0.612786 -1.13902 
v -2.23707 0.205343 -1.0314 
v -2.57148 1.43903 -1.01069 
v -2.18084 1.42676 -1.15686 
v -2.0763 1.48836 -1.17897 
v -2.29067 1.30713 -1.07975 
v -2.19779 1.71325 -1.12418 
v -2.0763 1.48836 -1.17897 
v -2.19088 1.72052 -1.01196 
v -1.80797 1.41419 -1.02078 
v -1.98993 1.23999 -0.967938 
v -2.50311 0.143162 -0.944476 
v -2.77535 0.147983 -0.916752 
v -3.11142 0.23845 -0.879546 
v -2.73899 1.44311 -1.02339 
v -2.90147 0.130163 -0.932824 
v -3.06743 1.58698 -0.957691 
v -2.3482 1.63801 -1.016 
v -2.06799 0.712675 -0.97587 
v -2.5513 1.60009 -0.966944 
v -2.27423 0.623 -0.885633 
v -2.1224 1.68381 -1.05789 
v -1.79469 0.84542 -1.05012 
v -2.3492 1.63567 -1.02433 
v -2.215 1.13616 -0.916483 
v -2.3597 1.63039 -1.086 
v -2.27905 2.11851 -1.19336 
v -2.04655 1.41332 -1.21939 
v -2.27905 2.11851 -1.19336 
v -2.00883 1.84363 -1.08538 
v -2.17882 1.73177 -1.06693 
v -2.10884 2.21181 -1.23514 
v -2.11009 1.46194 -1.12904 
v -2.03057 1.82113 -1.15043 
v -1.89156 1.62161 -1.20465 
v -2.19779 1.71325 -1.12418 
v -1.8338 1.75313 -1.33585 
v -2.39563 2.0531 -1.16603 
v -2.34566 1.64597 -1.03594 
v -2.85096 1.78173 -0.998746 
v -2.73899 1.44311 -1.02339 
v -3.06743 1.58698 -0.957691 
v -3.05631 1.92121 -0.979056 
v -2.94949 1.58531 -1.01183 
v -3.32669 1.8757 -0.952211 
v -3.05755 1.93026 -1.01406 
v -3.73237 2.13419 -0.972649 
v -2.85096 1.78173 -0.998746 
v -2.56975 1.65339 -1.03326 
v -2.56572 1.66441 -0.992089 
v -2.31754 2.2605 -1.07184 
v -2.71923 1.72265 -0.952129 
v -1.96479 1.88061 -1.0707 
v -1.73636 0.856544 -1.16113 
v -1.97035 1.65535 -1.1535 
v -1.63155 1.05401 -1.22652 
v -1.87727 0.662063 -1.13581 
v -2.11009 1.46194 -1.12904 
v -1.77258 0.858856 -1.20143 
v -1.89156 1.62161 -1.20465 
v -1.76501 1.80427 -1.26057 
v -1.75776 0.852982 -0.995926 
v -1.99926 1.80788 -1.07966 
v -1.47444 1.29338 -1.14673 
v -1.3397 1.66897 -1.21003 
v -1.19696 0.650428 -1.09138 
v -1.62292 1.22984 -1.05958 
v -1.6195 1.03808 -1.19903 
v -1.85333 1.8378 -1.19158 
v -1.51469 1.23554 -1.26442 
v -1.68591 1.95496 -1.39757 
v -1.50674 1.24138 -1.26147 
v -1.37899 0.518132 -1.0305 
v -1.61785 1.06141 -1.10199 
v -1.45154 -0.359104 -0.961839 
v -1.98465 0.792823 -0.947513 
v -1.80914 0.742462 -0.890718 
v -1.98993 1.23999 -0.967938 
v -1.62615 0.858322 -0.994717 
v -1.80797 1.41419 -1.02078 
v -2.12229 1.6845 -1.0554 
v -1.3926 1.14713 -1.06287 
v -1.80797 1.41419 -1.02078 
v -1.65731 1.67374 -1.08484 
v -1.51403 0.139745 -0.966519 
v -1.332 0.272041 -1.0274 
v -1.62504 0.98309 -0.956201 
v -2.00738 1.81602 -1.07979 
v -1.50674 1.24138 -1.26147 
v -1.68591 1.95496 -1.39757 
v -1.67794 1.96098 -1.39468 
v -1.3397 1.66897 -1.21003 
v -1.92875 2.21457 -1.29131 
v -1.33456 1.67678 -1.20623 
v -2.06647 2.19054 -1.19332 
v -1.76501 1.80427 -1.26057 
v -1.97035 1.65535 -1.1535 
v -1.83328 2.22833 -1.3728 
v -1.77663 1.77768 -1.38827 
v -1.78628 1.77535 -1.39048 
v -1.43259 1.53244 -1.33722 
v -1.50451 1.92607 -1.37499 
v -1.49401 1.92885 -1.37545 
v -1.49401 1.92885 -1.37545 
v -1.42343 1.53565 -1.33979 
v -1.43259 1.53244 -1.33722 
v -1.58642 2.09713 -1.2648 
v -1.36202 1.63202 -1.31145 
v -1.37069 1.62579 -1.31369 
v -1.58642 2.09713 -1.2648 
v -1.25367 1.75611 -1.17522 
v -1.25717 1.7446 -1.17814 
v -1.92875 2.21457 -1.29131 
v -1.89293 1.92795 -1.12335 
v -1.65731 1.67374 -1.08484 
v -1.81857 2.04135 -1.13359 
v -1.6326 1.96972 -1.18237 
v -1.26894 1.61033 -1.14732 
v -1.41849 1.35133 -1.04436 
v -1.6326 1.96972 -1.18237 
v -1.26566 1.61916 -1.14329 
v -1.26894 1.61033 -1.14732 
v -1.62725 1.97861 -1.17898 
v -2.49453 1.09485 -0.844362 
v -3.59314 1.28588 -0.807556 
v -4.19848 0.119796 -0.608306 
v -4.44582 0.295039 -0.534631 
v -4.58469 1.64634 -0.629229 
v -4.60916 -0.16487 -0.466449 
v -4.98248 0.000259101 -0.385792 
v -5.15187 -0.746094 -0.286498 
v -4.9892 1.67913 -0.549641 
v -4.23588 1.54865 -0.750785 
v -3.98164 1.59409 -0.801938 
v -4.19191 1.67384 -0.698954 
v -3.26953 0.93365 -0.830574 
v -3.68471 -0.067088 -0.646559 
v -4.03138 0.176817 -0.564211 
v -3.84738 1.41812 -0.699129 
v -3.56557 1.72014 -0.752572 
v -3.68257 0.930999 -0.617196 
v -4.02291 1.17755 -0.472574 
v -6.01475 -1.80163 -0.00888896 
v -5.4466 1.92406 -0.477001 
v -4.62383 1.4677 -0.684572 
v -6.04548 1.88296 -0.401674 
v -7.05907 -1.73753 0.180918 
v -8.07986 -0.891368 0.372047 
v -6.57079 2.15741 -0.426933 
v -8.40112 -1.21144 0.337215 
v -9.24804 -0.0449835 0.431046 
v -5.53315 1.534 -0.502916 
v -10.3814 1.4035 0.313499 
v -6.94698 2.73285 -0.52806 
v -9.50675 0.00378132 0.369186 
v -6.88987 -1.12463 0.225279 
v -5.55496 -0.496488 -0.172604 
v -5.06706 1.45923 -0.570608 
v -5.02471 2.3671 -0.560779 
v -4.73729 0.871119 -0.35982 
v -5.352 1.05845 -0.185391 
v -4.05092 1.24174 -0.775365 
v -3.42681 2.05433 -0.992115 
v -3.77611 1.00604 -0.829966 
v -4.69034 2.76668 -0.884238 
v -4.89261 1.31166 -0.673308 
v -5.32307 1.25557 -0.522977 
v -5.8719 1.33639 -0.460735 
v -4.97918 2.7689 -0.85522 
v -5.4385 1.21271 -0.536368 
v -4.42861 2.7554 -0.924743 
v -4.47261 1.36246 -0.761674 
v -4.84477 1.51588 -0.684825 
v -3.94652 2.09446 -0.746873 
v -4.4057 1.27946 -0.443926 
v -4.25852 2.27853 -0.725556 
v -4.42503 1.39382 -0.759303 
v -3.75602 2.34049 -0.972768 
v -4.11553 1.26304 -0.805382 
v -3.94652 2.09446 -0.746873 
v -3.35832 2.2505 -0.947255 
v -3.83389 2.39392 -0.952994 
v -4.37791 1.08144 -0.441573 
v -4.60517 2.33349 -0.6339 
v -4.25852 2.27853 -0.725556 
v -5.42803 2.51397 -0.592069 
v -5.34072 0.812347 -0.197607 
v -6.00349 1.02045 -0.0495088 
v -6.07687 1.87298 -0.502327 
v -5.66798 2.79821 -0.622004 
v -5.96971 1.00252 -0.105978 
v -6.70744 1.46209 0.00215381 
v -6.32966 1.56826 -0.452114 
v -5.19019 2.91755 -0.860169 
v -5.93908 1.3088 -0.482123 
v -5.02471 2.3671 -0.560779 
v -4.01614 1.16622 -0.520325 
v -4.80891 1.15836 -0.341082 
v -4.60517 2.33349 -0.6339 
v -3.22676 1.7839 -1.01028 
v -3.78267 0.800222 -0.810044 
v -3.55563 2.15804 -0.935245 
v -2.13748 -0.838762 -0.748437 
v -2.61754 0.580241 -0.784953 
v -2.76716 -0.740438 -0.75291 
v -3.06585 0.765384 -0.763563 
v -2.43512 0.625749 -0.951083 
v -3.46761 0.392302 -0.83916 
v -2.94949 1.58531 -1.01183 
v -3.19912 0.280241 -0.90339 
v -2.42061 0.379946 -0.704403 
v -1.96394 -0.664698 -0.7968 
v -1.68017 -0.670205 -0.873826 
v -1.67499 -0.458317 -0.877836 
v -2.08283 0.543394 -0.788532 
v -1.98993 1.23999 -0.967938 
v -1.81691 0.603842 -0.884266 
v -2.05256 0.39322 -0.818076 
v -3.16711 -0.65609 -0.638337 
v -3.46358 0.956239 -0.693802 
v -3.1934 -0.502746 -0.703393 
v -3.61881 -0.367052 -0.605068 
v -2.8742 0.745452 -0.876761 
v -3.21713 1.40699 -0.75847 
v -3.2655 0.485848 -0.602008 
v -3.63052 0.730559 -0.505118 
v -2.84779 1.14792 -0.790878 
v -2.84702 0.17941 -0.653406 
v -3.23877 0.410247 -0.531367 
v -2.49282 -0.861155 -0.658341 
v -2.41758 0.204251 -0.745606 
v -2.83147 0.275992 -0.607311 
v -3.32669 1.8757 -0.952211 
v -3.50918 0.596115 -0.879286 
v -2.95426 1.90393 -0.940686 
v -3.34776 2.21152 -0.920236 
v -2.56217 1.58917 -0.978449 
v -2.82426 1.72969 -0.953354 
v -2.215 1.13616 -0.916483 
v -3.09787 1.97067 -0.941048 
v -3.35888 2.25117 -0.947204 
v -2.82806 1.73246 -0.952262 
v -3.09516 1.9584 -0.940015 
v -1.76501 1.80427 -1.26057 
v -1.98561 2.18656 -1.25824 
v -1.75811 1.80906 -1.25679 
v -3.73941 3.18471 -1.17286 
v -4.26443 2.53176 -0.982381 
v -4.08284 3.50821 -1.21207 
v -3.36916 2.66445 -1.12372 
v -3.98113 2.41134 -0.991778 
v -4.0893 2.88929 -0.98883 
v -4.08284 3.50821 -1.21207 
v -3.73941 3.18471 -1.17286 
v -4.31821 3.60353 -1.17796 
v -3.78221 2.66528 -0.989134 
v -3.36916 2.66445 -1.12372 
v -2.78118 2.39462 -1.13421 
v -3.36916 2.66445 -1.12372 
v -3.28581 2.8579 -1.12446 
v -3.73941 3.18471 -1.17286 
v -3.69199 3.37063 -1.16802 
v -4.62311 2.5042 -0.976271 
v -5.04839 2.48796 -0.914466 
v -4.65891 3.61459 -1.15621 
v -4.33583 2.99154 -0.973186 
v -4.31821 3.60353 -1.17796 
v -5.19744 3.44992 -1.04331 
v -3.22676 1.7839 -1.01028 
v -3.55563 2.15804 -0.935245 
v -3.29872 2.18902 -1.01007 
v -3.66272 3.23549 -1.07032 
v -3.28123 2.80178 -1.04309 
v -3.6724 2.68159 -0.936459 
v -4.30354 3.07551 -0.924771 
v -4.03288 3.62039 -1.09697 
v -4.04079 2.96595 -0.931613 
v -4.65553 3.80163 -1.15498 
v -4.31821 3.60353 -1.17796 
v -4.65891 3.61459 -1.15621 
v -5.20627 3.63186 -1.04701 
v -4.05799 3.71966 -1.19106 
v -4.31003 3.79898 -1.18108 
v -4.08284 3.50821 -1.21207 
v -4.05799 3.71966 -1.19106 
v -4.08284 3.50821 -1.21207 
v -5.13472 3.32444 -0.990675 
v -4.65891 3.61459 -1.15621 
v -4.99744 3.14753 -0.952272 
v -5.19744 3.44992 -1.04331 
v -6.73485 3.33348 -0.92287 
v -5.95575 3.35952 -0.883818 
v -5.20627 3.63186 -1.04701 
v -5.20357 3.61814 -1.04552 
v -4.27618 3.71892 -1.08821 
v -4.65388 3.15456 -0.899667 
v -4.60192 3.75551 -1.07261 
v -2.7463 2.38814 -1.10604 
v -1.93599 2.21961 -1.29486 
v -1.99264 2.18066 -1.26173 
v -1.77663 1.77768 -1.38827 
v -1.83328 2.22833 -1.3728 
v -1.82362 2.23066 -1.37058 
v -1.79851 2.37943 -1.38859 
v -1.67794 1.96098 -1.39468 
v -1.68591 1.95496 -1.39757 
v -1.44853 2.21439 -1.39026 
v -1.74569 2.0505 -1.47942 
v -1.45522 2.21692 -1.3944 
v -1.57957 2.10614 -1.26224 
v -1.45522 2.21692 -1.3944 
v -1.49401 1.92885 -1.37545 
v -1.50451 1.92607 -1.37499 
v -1.51397 1.98795 -1.33661 
v -1.54513 2.285 -1.36391 
v -1.25367 1.75611 -1.17522 
v -1.58642 2.09713 -1.2648 
v -1.57957 2.10614 -1.26224 
v -2.7373 2.28434 -1.03582 
v -2.13592 2.34083 -1.12689 
v -2.4094 2.34167 -1.15674 
v -2.27905 2.11851 -1.19336 
v -2.39563 2.0531 -1.16603 
v -1.70647 2.24897 -1.21156 
v -2.10884 2.21181 -1.23514 
v -1.93023 2.2941 -1.213 
v -2.00883 1.84363 -1.08538 
v -2.39563 2.0531 -1.16603 
v -2.82685 2.14333 -1.14184 
v -2.4094 2.34167 -1.15674 
v -1.71935 2.56336 -1.52097 
v -1.73818 2.06095 -1.47997 
v -1.74569 2.0505 -1.47942 
v -1.58642 2.09713 -1.2648 
v -1.92875 2.21457 -1.29131 
v -1.64745 2.34358 -1.31484 
v -1.79054 2.38557 -1.38575 
v -1.73818 2.06095 -1.47997 
v -1.71935 2.56336 -1.52097 
v -1.71116 2.55516 -1.51916 
v -1.63891 2.62186 -1.50198 
v -1.71116 2.55516 -1.51916 
v -1.71935 2.56336 -1.52097 
v -1.49002 2.47851 -1.41551 
v -1.45522 2.21692 -1.3944 
v -1.54513 2.285 -1.36391 
v -1.588 2.47185 -1.3924 
v -1.64023 2.63645 -1.5014 
v -2.0477 2.51466 -1.25814 
v -1.93599 2.21961 -1.29486 
v -2.10884 2.21181 -1.23514 
v -2.22918 2.43064 -1.20011 
v -1.9426 2.42592 -1.19634 
v -1.80012 2.49953 -1.26669 
v -3.78264 2.66372 -0.994719 
v -4.14284 2.64302 -0.955693 
v -4.0895 2.87744 -0.999149 
v -6.41821 1.57197 -0.51387 
v -5.27175 3.21637 -0.938098 
v -4.96857 2.81921 -0.971932 
v -6.77138 2.02212 -0.495835 
v -7.18214 2.98135 -0.664877 
v -5.1388 3.33244 -0.994747 
v -6.87066 2.13325 -0.514738 
v -5.09538 3.01253 -0.970241 
v -4.80732 3.06023 -0.896819 
v -5.09274 3.13692 -0.876992 
v -4.55271 2.70025 -0.930915 
v -4.75904 2.75548 -0.912119 
v -4.80781 3.06053 -0.896796 
v -4.60392 2.99032 -0.912122 
v -9.80052 1.89537 0.065611 
v -6.96968 3.12823 -0.697719 
v -6.56587 2.43519 -0.593798 
v -5.82147 3.05763 -0.68768 
v -6.58068 1.30457 -0.0491824 
v -7.45204 2.15117 -0.131783 
v -10.3597 2.95741 -0.258993 
v -5.8902 3.29253 -0.779145 
v -7.33708 2.02707 -0.162255 
v -7.81373 2.75748 -0.283935 
v -5.66798 2.79821 -0.622004 
v -5.42803 2.51397 -0.592069 
v -4.60445 2.99084 -0.912108 
v -5.77971 2.61716 -0.847742 
v -6.73485 3.33348 -0.92287 
v -7.18214 2.98135 -0.664877 
v -5.20357 3.61814 -1.04552 
v -5.1388 3.33244 -0.994747 
v -5.95521 3.34574 -0.885767 
v -7.26501 3.22055 -0.701354 
v -5.20627 3.63186 -1.04701 
v -5.20357 3.61814 -1.04552 
v -5.00198 3.13777 -0.983913 
v -5.27175 3.21637 -0.938098 
v -5.13856 3.32027 -0.995509 
v -5.00093 3.11348 -0.924472 
v -4.79054 3.07037 -0.938369 
v -4.75904 2.75548 -0.912119 
v -4.96857 2.81921 -0.971932 
v -5.17629 3.56459 -0.957008 
v -4.916 3.26311 -0.905287 
v -5.19019 2.91755 -0.860169 
v -5.95521 3.34574 -0.885767 
v -8.02311 3.06745 -0.483415 
v -8.02237 3.08027 -0.480733 
v -7.81373 2.75748 -0.283935 
v -5.88926 3.30464 -0.776064 
v -5.8902 3.29253 -0.779145 
v -5.95575 3.35952 -0.883818 
v -7.26725 3.21319 -0.705927 
v -5.23086 3.28977 -0.934653 
v -5.17629 3.56459 -0.957008 
v -5.42803 2.51397 -0.592069 
v -5.66798 2.79821 -0.622004 
v -4.916 3.26311 -0.905287 
v -5.66798 2.79821 -0.622004 
v -5.8902 3.29253 -0.779145 
v -5.17629 3.56459 -0.957008 
v -4.31881 2.95985 -0.924708 
v -4.14284 2.64302 -0.955693 
v -4.05597 2.58759 -0.98353 
v -3.80139 2.6531 -0.954996 
v -3.56568 2.56857 -0.969746 
v -3.42681 2.05433 -0.992115 
v -3.83389 2.39392 -0.952994 
v -3.52395 2.40266 -0.968915 
v -3.52184 2.40238 -0.963725 
v -3.30348 2.10818 -0.969411 
v -4.02601 2.7844 -0.928745 
v -3.81147 2.65841 -0.951642 
v -4.31311 2.67677 -0.969948 
v -4.0201 2.80951 -0.919877 
v -4.25852 2.27853 -0.725556 
v -3.56026 2.56512 -0.971542 
v -4.31804 2.95815 -0.924648 
v -4.05597 2.58759 -0.98353 
v -4.42861 2.7554 -0.924743 
v -4.092 2.88292 -0.995474 
v -4.33587 2.98519 -0.978503 
v -4.31311 2.67677 -0.969948 
v -4.58514 3.01618 -0.944052 
v -4.34426 2.9915 -0.977593 
v -3.75602 2.34049 -0.972768 
v -3.78167 2.66663 -0.995002 
v -4.69034 2.76668 -0.884238 
v -4.60517 2.33349 -0.6339 
v -5.02471 2.3671 -0.560779 
v -4.55271 2.70025 -0.930915 
v -4.97918 2.7689 -0.85522 
v -4.79069 3.07087 -0.93841 
v -4.58408 3.01518 -0.944138 
v -0.18155 2.09713 -1.2648 
v -0.510805 1.7446 -1.17814 
v -0.514303 1.75611 -1.17522 
v -0.145053 1.22984 -1.05958 
v -0.57101 0.65043 -1.09138 
v -0.42827 1.66897 -1.21003 
v 0.231289 1.80789 -1.07966 
v -0.0102112 0.852984 -0.995925 
v -0.293533 1.29338 -1.14673 
v 0.0853584 1.8378 -1.19158 
v -0.148475 1.03808 -1.19903 
v -0.253281 1.23555 -1.26442 
v -0.0820657 1.95497 -1.39757 
v -0.261229 1.24138 -1.26147 
v 0.202375 1.65535 -1.1535 
v -0.0316176 0.856544 -1.16113 
v -0.136424 1.05401 -1.22652 
v 0.342117 1.46194 -1.12904 
v 0.00460261 0.858857 -1.20143 
v 0.123587 1.62161 -1.20465 
v 0.109301 0.662064 -1.13581 
v -0.00296789 1.80428 -1.26057 
v 0.354315 1.6845 -1.0554 
v -0.150123 1.06141 -1.10199 
v 0.239408 1.81602 -1.07979 
v -0.388981 0.518133 -1.0305 
v -0.435973 0.272041 -1.0274 
v -0.253945 0.139745 -0.966519 
v -0.375376 1.14713 -1.06287 
v 0.0399944 1.41419 -1.02078 
v -0.142937 0.983092 -0.956201 
v -0.110659 1.67375 -1.08484 
v 0.216679 0.792825 -0.947513 
v -0.316435 -0.359103 -0.961838 
v 0.221955 1.24 -0.967937 
v 0.0411662 0.742463 -0.890717 
v -0.141821 0.858324 -0.994717 
v 0.0399944 1.41419 -1.02078 
v -0.49903 1.61033 -1.14732 
v -0.110659 1.67375 -1.08484 
v -0.349487 1.35133 -1.04436 
v -0.273961 1.92885 -1.37545 
v -0.335384 1.53244 -1.33722 
v -0.344547 1.53565 -1.33979 
v -0.18155 2.09713 -1.2648 
v -0.397286 1.62579 -1.31369 
v -0.405951 1.63202 -1.31145 
v -0.335384 1.53244 -1.33722 
v -0.273961 1.92885 -1.37545 
v -0.263461 1.92607 -1.37498 
v 0.160776 2.21458 -1.29131 
v -0.42827 1.66897 -1.21003 
v -0.433415 1.67679 -1.20623 
v -0.0900308 1.96098 -1.39468 
v -0.00296789 1.80428 -1.26057 
v 0.298501 2.19054 -1.19332 
v 0.202375 1.65535 -1.1535 
v 0.0653048 2.22833 -1.3728 
v 0.0183086 1.77536 -1.39048 
v 0.00865287 1.77768 -1.38827 
v 0.217642 2.18656 -1.25824 
v -0.009866 1.80906 -1.25679 
v 0.160776 2.21458 -1.29131 
v -0.135372 1.96972 -1.18237 
v -0.49903 1.61033 -1.14732 
v -0.502317 1.61916 -1.14329 
v -0.135372 1.96972 -1.18237 
v -0.502317 1.61916 -1.14329 
v -0.140722 1.97862 -1.17898 
v 0.0505959 2.04135 -1.13359 
v 0.124961 1.92796 -1.12335 
v 0.0399944 1.41419 -1.02078 
v 0.196814 1.88061 -1.0707 
v 0.422904 1.72052 -1.01196 
v 0.221955 1.24 -0.967937 
v 0.522694 1.30713 -1.07975 
v 0.333208 0.400661 -1.06424 
v 0.162408 0.612788 -1.13902 
v 0.469101 0.205345 -1.0314 
v 0.412871 1.42676 -1.15686 
v 0.803507 1.43903 -1.01069 
v 0.308329 1.48836 -1.17897 
v 0.429816 1.71325 -1.12418 
v 0.522694 1.30713 -1.07975 
v 0.308329 1.48836 -1.17897 
v 0.591726 1.63039 -1.086 
v 0.803507 1.43903 -1.01069 
v 0.412871 1.42676 -1.15686 
v 0.62766 2.0531 -1.16602 
v 0.927365 1.11544 -1.09725 
v 0.657667 1.13728 -1.14764 
v 0.801779 1.6534 -1.03326 
v 1.06773 1.44598 -0.982519 
v 0.676648 1.42747 -1.07742 
v 1.05887 2.14334 -1.14184 
v 1.28783 1.36433 -1.01681 
v 0.742445 0.206314 -1.00496 
v 0.676648 1.42747 -1.07742 
v 1.06773 1.44598 -0.982519 
v 0.506253 0.623002 -0.885633 
v 0.0267214 0.845422 -1.05012 
v 0.354423 1.68381 -1.05789 
v 0.581225 1.63567 -1.02433 
v 0.783323 1.60009 -0.966944 
v 0.300015 0.712677 -0.975869 
v 0.580224 1.63801 -1.016 
v 0.447024 1.13616 -0.916483 
v 0.735139 0.143163 -0.944475 
v 1.00738 0.147985 -0.916751 
v 0.971017 1.44311 -1.02339 
v 1.34345 0.238451 -0.879546 
v 1.13349 0.130164 -0.932824 
v 1.29945 1.58698 -0.957691 
v 0.591726 1.63039 -1.086 
v 0.262597 1.82114 -1.15043 
v 0.342117 1.46194 -1.12904 
v 0.123587 1.62161 -1.20465 
v 0.429816 1.71325 -1.12418 
v 0.0658315 1.75313 -1.33585 
v 0.340872 2.21181 -1.23513 
v 0.278575 1.41332 -1.21939 
v 0.511076 2.11851 -1.19336 
v 0.511076 2.11851 -1.19336 
v 0.410843 1.73177 -1.06693 
v 0.240855 1.84363 -1.08538 
v 0.62766 2.0531 -1.16602 
v 0.577691 1.64597 -1.03594 
v 0.801779 1.6534 -1.03326 
v 1.08298 1.78173 -0.998745 
v 0.797749 1.66441 -0.992089 
v 0.549564 2.2605 -1.07184 
v 0.951258 1.72265 -0.952129 
v 1.08298 1.78173 -0.998745 
v 1.29945 1.58698 -0.957691 
v 0.971017 1.44311 -1.02339 
v 1.28834 1.92121 -0.979056 
v 1.18151 1.58531 -1.01183 
v 1.28957 1.93026 -1.01406 
v 1.55871 1.8757 -0.952211 
v 1.9644 2.13419 -0.972649 
v 0.726556 1.09486 -0.844362 
v -0.0929803 -0.458317 -0.877835 
v 0.195964 -0.664697 -0.7968 
v -0.0878083 -0.670204 -0.873826 
v 0.31486 0.543396 -0.788532 
v 0.0489331 0.603843 -0.884266 
v 0.221955 1.24 -0.967937 
v 0.369503 -0.838761 -0.748436 
v 0.849567 0.580243 -0.784953 
v 1.29787 0.765386 -0.763563 
v 0.99919 -0.740437 -0.752909 
v 0.667143 0.625751 -0.951083 
v 1.18151 1.58531 -1.01183 
v 1.69964 0.392303 -0.839159 
v 1.43114 0.280242 -0.90339 
v 0.652638 0.379947 -0.704403 
v 0.28459 0.393222 -0.818075 
v 1.0635 0.275993 -0.607311 
v 0.649605 0.204252 -0.745606 
v 0.724851 -0.861154 -0.658341 
v 1.07982 1.14792 -0.790878 
v 1.47079 0.410249 -0.531366 
v 1.07905 0.179412 -0.653406 
v 1.39914 -0.656089 -0.638336 
v 1.42543 -0.502745 -0.703393 
v 1.69561 0.95624 -0.693802 
v 1.85083 -0.367051 -0.605067 
v 1.10622 0.745453 -0.87676 
v 1.49753 0.485849 -0.602007 
v 1.44916 1.40699 -0.758469 
v 1.86255 0.730559 -0.505117 
v 0.794192 1.58918 -0.978449 
v 0.447024 1.13616 -0.916483 
v 1.05629 1.7297 -0.953354 
v 1.18629 1.90393 -0.940686 
v 1.45879 1.7839 -1.01028 
v 2.0147 0.800222 -0.810043 
v 1.74121 0.596116 -0.879286 
v 1.55871 1.8757 -0.952211 
v 1.57978 2.21153 -0.920235 
v 2.0794 1.41812 -0.699129 
v 1.3299 1.97067 -0.941048 
v 1.5909 2.25117 -0.947203 
v 1.06008 1.73246 -0.952262 
v 1.32719 1.9584 -0.940014 
v 1.79759 1.72014 -0.752571 
v 1.50156 0.933651 -0.830573 
v 1.78766 2.15804 -0.935245 
v 2.26341 0.176818 -0.564211 
v 1.91673 -0.0670875 -0.646558 
v 2.67785 0.295039 -0.534631 
v 1.82517 1.28588 -0.807555 
v 2.42394 1.67384 -0.698954 
v 1.9146 0.930999 -0.617195 
v 2.25494 1.17755 -0.472573 
v 2.43051 0.119796 -0.608305 
v 2.81672 1.64634 -0.629228 
v 3.2145 0.000259101 -0.385791 
v 2.84119 -0.16487 -0.466449 
v 3.18833 1.69204 -0.589 
v 3.38328 -0.746687 -0.286613 
v 2.46739 1.54829 -0.75088 
v 2.21367 1.59409 -0.801937 
v 3.67863 1.92406 -0.477 
v 4.24678 -1.80163 -0.00888801 
v 2.85586 1.4677 -0.684572 
v 3.78636 -0.497081 -0.196574 
v 5.1219 -1.12463 0.22528 
v 4.2775 1.88296 -0.401674 
v 5.2911 -1.73753 0.180919 
v 3.29909 1.45923 -0.570607 
v 2.96932 0.87112 -0.359819 
v 3.25674 2.3671 -0.560779 
v 3.58403 1.05846 -0.185391 
v 4.80282 2.15741 -0.426932 
v 6.63314 -1.21144 0.337216 
v 3.76518 1.534 -0.502915 
v 6.31188 -0.891368 0.372048 
v 7.48007 -0.0449827 0.431048 
v 7.73878 0.00378221 0.369187 
v 5.179 2.73285 -0.528059 
v 8.61342 1.4035 0.313501 
v 1.65883 2.05433 -0.992114 
v 2.28294 1.24174 -0.775364 
v 2.00814 1.00604 -0.829965 
v 1.98804 2.34049 -0.972768 
v 2.65705 1.39382 -0.759303 
v 2.34756 1.26304 -0.805381 
v 2.17854 2.09446 -0.746872 
v 1.59035 2.25051 -0.947255 
v 2.06591 2.39392 -0.952993 
v 2.49055 2.27853 -0.725556 
v 2.63773 1.27946 -0.443926 
v 2.17854 2.09446 -0.746872 
v 3.67052 1.21271 -0.536367 
v 3.21121 2.7689 -0.855219 
v 4.10392 1.3364 -0.460734 
v 2.92236 2.76668 -0.884237 
v 3.5551 1.25557 -0.522977 
v 3.12464 1.31167 -0.673307 
v 2.66064 2.7554 -0.924743 
v 3.07679 1.51588 -0.684824 
v 2.70464 1.36246 -0.761673 
v 2.83719 2.33349 -0.6339 
v 2.60994 1.08144 -0.441573 
v 2.49055 2.27853 -0.725556 
v 2.24817 1.16622 -0.520325 
v 3.04094 1.15836 -0.341081 
v 2.83719 2.33349 -0.6339 
v 3.66005 2.51397 -0.592068 
v 3.57275 0.812348 -0.197607 
v 3.25674 2.3671 -0.560779 
v 4.23551 1.02045 -0.049508 
v 4.30889 1.87298 -0.502326 
v 4.20174 1.00252 -0.105978 
v 3.9 2.79821 -0.622003 
v 4.93947 1.46209 0.00215477 
v 3.42222 2.91755 -0.860168 
v 4.56169 1.56826 -0.452113 
v 4.1711 1.30881 -0.482123 
v -0.188401 2.10614 -1.26224 
v -0.273961 1.92885 -1.37545 
v -0.312753 2.21693 -1.3944 
v -0.263461 1.92607 -1.37498 
v -0.18155 2.09713 -1.2648 
v -0.514303 1.75611 -1.17522 
v -0.188401 2.10614 -1.26224 
v -0.02228 2.0505 -1.47942 
v -0.319446 2.21439 -1.39026 
v -0.312753 2.21693 -1.3944 
v -0.254008 1.98795 -1.33661 
v -0.22284 2.285 -1.36391 
v 0.0305401 2.37943 -1.38859 
v -0.0820657 1.95497 -1.39757 
v -0.0900308 1.96098 -1.39468 
v 0.224662 2.18067 -1.26173 
v 0.168019 2.21961 -1.29486 
v 0.0556491 2.23066 -1.37058 
v 0.240855 1.84363 -1.08538 
v 0.162252 2.2941 -1.213 
v 0.340872 2.21181 -1.23513 
v -0.0615024 2.24897 -1.21156 
v 0.36795 2.34083 -1.12689 
v 0.96933 2.28434 -1.03582 
v 0.511076 2.11851 -1.19336 
v 0.641422 2.34167 -1.15674 
v 0.62766 2.0531 -1.16602 
v 0.641422 2.34167 -1.15674 
v 1.05887 2.14334 -1.14184 
v 0.62766 2.0531 -1.16602 
v 0.160776 2.21458 -1.29131 
v -0.18155 2.09713 -1.2648 
v -0.120525 2.34358 -1.31484 
v -0.312753 2.21693 -1.3944 
v -0.27795 2.47851 -1.41551 
v -0.22284 2.285 -1.36391 
v -0.179975 2.47185 -1.3924 
v -0.129066 2.62186 -1.50198 
v -0.0486271 2.56336 -1.52097 
v -0.0568172 2.55517 -1.51916 
v -0.0486271 2.56336 -1.52097 
v -0.129066 2.62186 -1.50198 
v -0.127746 2.63645 -1.5014 
v -0.0297972 2.06095 -1.47997 
v -0.0568172 2.55517 -1.51916 
v -0.0486271 2.56336 -1.52097 
v -0.0486271 2.56336 -1.52097 
v -0.02228 2.0505 -1.47942 
v -0.0297972 2.06095 -1.47997 
v 0.0225642 2.38558 -1.38575 
v 0.168019 2.21961 -1.29486 
v 0.279725 2.51467 -1.25814 
v 0.340872 2.21181 -1.23513 
v 0.461205 2.43064 -1.20011 
v 0.174631 2.42592 -1.19634 
v 0.0321513 2.49953 -1.26669 
v 1.0132 2.39462 -1.13421 
v 1.60119 2.66446 -1.12372 
v 0.978328 2.38814 -1.10604 
v 1.51326 2.80178 -1.04309 
v 1.51784 2.8579 -1.12446 
v 2.01424 2.66528 -0.989134 
v 1.60119 2.66446 -1.12372 
v 1.97144 3.18471 -1.17286 
v 1.60119 2.66446 -1.12372 
v 1.97144 3.18471 -1.17286 
v 1.92401 3.37063 -1.16802 
v 2.21316 2.41134 -0.991778 
v 1.97144 3.18471 -1.17286 
v 2.49645 2.53176 -0.98238 
v 2.31486 3.50821 -1.21207 
v 2.31486 3.50821 -1.21207 
v 2.32133 2.88929 -0.98883 
v 2.55024 3.60353 -1.17796 
v 1.45879 1.7839 -1.01028 
v 1.53074 2.18902 -1.01007 
v 1.78766 2.15804 -0.935245 
v 1.89474 3.2355 -1.07032 
v 1.90443 2.68159 -0.936458 
v 2.55024 3.60353 -1.17796 
v 2.56786 2.99154 -0.973186 
v 2.85514 2.5042 -0.976271 
v 2.89094 3.61459 -1.15621 
v 3.28042 2.48796 -0.914466 
v 3.42947 3.44992 -1.04331 
v 2.26491 3.62039 -1.09697 
v 2.53557 3.07551 -0.92477 
v 2.27282 2.96595 -0.931613 
v 2.31486 3.50821 -1.21207 
v 2.29002 3.71966 -1.19106 
v 2.29002 3.71966 -1.19106 
v 2.55024 3.60353 -1.17796 
v 2.31486 3.50821 -1.21207 
v 2.54206 3.79898 -1.18108 
v 2.88755 3.80163 -1.15498 
v 2.89094 3.61459 -1.15621 
v 3.4383 3.63186 -1.04701 
v 2.89094 3.61459 -1.15621 
v 2.50821 3.71892 -1.08821 
v 2.88591 3.15456 -0.899666 
v 2.83394 3.75551 -1.07261 
v 3.36674 3.32444 -0.990674 
v 3.22946 3.14753 -0.952271 
v 4.96688 3.33348 -0.922869 
v 3.42947 3.44992 -1.04331 
v 4.18778 3.35952 -0.883818 
v 3.4356 3.61814 -1.04552 
v 3.4383 3.63186 -1.04701 
v 2.01467 2.66372 -0.994719 
v 2.32152 2.87744 -0.999148 
v 2.37486 2.64302 -0.955692 
v 1.53551 2.10818 -0.96941 
v 1.75387 2.40238 -0.963724 
v 2.06591 2.39392 -0.952993 
v 1.65883 2.05433 -0.992114 
v 1.75597 2.40266 -0.968914 
v 2.37486 2.64302 -0.955692 
v 2.28799 2.58759 -0.98353 
v 1.79771 2.56857 -0.969745 
v 2.03341 2.6531 -0.954995 
v 2.25756 2.78415 -0.928834 
v 2.04302 2.65816 -0.951731 
v 1.79229 2.56512 -0.971542 
v 2.49055 2.27853 -0.725556 
v 2.54514 2.67677 -0.969948 
v 2.55084 2.95985 -0.924707 
v 2.25213 2.80951 -0.919876 
v 2.83648 2.99084 -0.912108 
v 2.55007 2.95815 -0.924647 
v 1.98804 2.34049 -0.972768 
v 2.0137 2.66663 -0.995001 
v 2.32403 2.88292 -0.995473 
v 2.66064 2.7554 -0.924743 
v 2.28799 2.58759 -0.98353 
v 2.5679 2.98519 -0.978503 
v 2.81716 3.01619 -0.944052 
v 2.54514 2.67677 -0.969948 
v 2.57628 2.99151 -0.977593 
v 3.14803 3.26311 -0.905287 
v 2.83719 2.33349 -0.6339 
v 2.92236 2.76668 -0.884237 
v 3.25674 2.3671 -0.560779 
v 2.78474 2.70025 -0.930915 
v 3.02272 3.07088 -0.938409 
v 3.21121 2.7689 -0.855219 
v 2.8161 3.01518 -0.944138 
v 2.78474 2.70025 -0.930915 
v 2.99107 2.75548 -0.912119 
v 3.03984 3.06053 -0.896796 
v 2.83594 2.99033 -0.912121 
v 3.03934 3.06023 -0.896819 
v 3.32477 3.13692 -0.876991 
v 4.65023 1.57197 -0.513869 
v 3.2006 2.81921 -0.971931 
v 3.50377 3.21637 -0.938098 
v 5.00341 2.02212 -0.495834 
v 3.37083 3.33244 -0.994747 
v 5.41417 2.98135 -0.664876 
v 5.10268 2.13325 -0.514737 
v 3.32741 3.01253 -0.97024 
v 3.66005 2.51397 -0.592068 
v 4.0535 3.05763 -0.687679 
v 4.8127 1.30457 -0.0491815 
v 3.9 2.79821 -0.622003 
v 5.68407 2.15117 -0.131782 
v 5.2017 3.12823 -0.697718 
v 8.03254 1.89537 0.0656123 
v 4.7979 2.43519 -0.593797 
v 8.59173 2.95741 -0.258992 
v 5.5691 2.02707 -0.162253 
v 4.12222 3.29253 -0.779144 
v 6.04576 2.75748 -0.283934 
v 4.01174 2.61716 -0.847741 
v 3.23401 3.13777 -0.983913 
v 3.50377 3.21637 -0.938098 
v 3.2006 2.81921 -0.971931 
v 3.23296 3.11348 -0.924472 
v 2.99107 2.75548 -0.912119 
v 3.02256 3.07037 -0.938369 
v 3.37059 3.32027 -0.995508 
v 3.40831 3.56459 -0.957007 
v 4.18723 3.34574 -0.885766 
v 4.96688 3.33348 -0.922869 
v 3.4356 3.61814 -1.04552 
v 5.41417 2.98135 -0.664876 
v 3.37083 3.33244 -0.994747 
v 5.49704 3.22055 -0.701353 
v 3.4383 3.63186 -1.04701 
v 3.42222 2.91755 -0.860168 
v 3.46288 3.28977 -0.934653 
v 3.66005 2.51397 -0.592068 
v 3.40831 3.56459 -0.957007 
v 3.9 2.79821 -0.622003 
v 3.14803 3.26311 -0.905287 
v 4.12222 3.29253 -0.779144 
v 3.9 2.79821 -0.622003 
v 3.40831 3.56459 -0.957007 
v 4.12129 3.30464 -0.776063 
v 4.18723 3.34574 -0.885766 
v 6.2544 3.08027 -0.480732 
v 6.25514 3.06745 -0.483414 
v 4.18778 3.35952 -0.883818 
v 5.49927 3.21319 -0.705926 

vn 0.905512 0.212598 0.362205 
vn 0.755906 -0.338583 0.566929 
vn 0.165354 -0.299213 -0.937008 
vn 0.11811 -0.409449 -0.905512 
vn 0.244094 0.00787402 -0.968504 
vn 0.866142 0.102362 0.480315 
vn 0.165354 -0.299213 -0.937008 
vn 0.19685 0.0629921 -0.976378 
vn 0.905512 0.212598 0.362205 
vn 0.952756 0.307087 0.0551181 
vn 0.811024 -0.322835 0.496063 
vn 0.11811 -0.338583 -0.937008 
vn 0.11811 -0.338583 -0.937008 
vn 0.125984 0.0787402 -0.992126 
vn 0.952756 0.307087 0.0551181 
vn 0.00787402 0.188976 -0.984252 
vn 0.937008 0.15748 0.307087 
vn 0.188976 -0.0708661 -0.976378 
vn 0.866142 0.0629921 0.503937 
vn 0.519685 -0.401575 0.748031 
vn 0.11811 -0.417323 -0.897638 
vn 0.251969 -0.023622 -0.968504 
vn 0.559055 -0.417323 0.716535 
vn 0.141732 0.141732 -0.976378 
vn 0.929134 0 0.370079 
vn 0.188976 -0.102362 -0.976378 
vn 0.952756 -0.133858 0.267717 
vn 0.0866142 0.0866142 -0.992126 
vn 0.937008 0.330709 0.133858 
vn 0.866142 0.102362 0.480315 
vn -0.015748 0.307087 -0.952756 
vn 0.283465 0.385827 0.88189 
vn 0.133858 0.165354 -0.976378 
vn 0.866142 0.0629921 0.503937 
vn 0.251969 -0.023622 -0.968504 
vn -0.015748 0.307087 -0.952756 
vn 0.866142 0.102362 0.480315 
vn 0.244094 0.00787402 -0.968504 
vn 0.905512 0.244094 0.346457 
vn 0.023622 0.220472 -0.976378 
vn 0.606299 0.685039 0.409449 
vn 0.937008 0.15748 0.307087 
vn 0.00787402 0.188976 -0.984252 
vn 0.685039 0.700787 0.204724 
vn 0.00787402 -0.472441 -0.88189 
vn 0.188976 -0.0551181 -0.976378 
vn 0.929134 0 0.370079 
vn 0.0551181 -0.598425 -0.795276 
vn 0.314961 -0.0866142 -0.944882 
vn 0.818898 0.0629921 0.566929 
vn 0.88189 -0.0629921 0.472441 
vn 0.188976 0.0708661 -0.976378 
vn 0.913386 0.307087 0.267717 
vn 0.834646 0.433071 0.338583 
vn 0.0866142 0.0866142 -0.992126 
vn 0.952756 -0.133858 0.267717 
vn 0.173228 -0.188976 -0.968504 
vn 0.110236 0.11811 -0.984252 
vn 0.976378 -0.110236 0.188976 
vn 0.15748 -0.141732 -0.976378 
vn 0.188976 -0.0314961 -0.984252 
vn 0.913386 -0.0551181 0.409449 
vn -0.173228 -0.165354 -0.968504 
vn 0.173228 0.173228 0.968504 
vn 0.850394 -0.188976 0.488189 
vn 0.15748 0 -0.984252 
vn 0.92126 0.299213 0.23622 
vn 0.834646 -0.125984 0.543307 
vn 0.15748 0.00787402 -0.984252 
vn 0.913386 0.346457 0.212598 
vn 0.15748 0 -0.984252 
vn 0.850394 -0.188976 0.488189 
vn 0.220472 -0.314961 -0.92126 
vn 0.724409 -0.23622 0.653543 
vn 0.188976 -0.0314961 -0.984252 
vn 0.905512 0.244094 0.346457 
vn 0.771654 -0.0787402 0.629921 
vn -0.19685 -0.181102 -0.96063 
vn 0.204724 0.165354 0.968504 
vn 0.724409 -0.23622 0.653543 
vn 0.244094 -0.417323 -0.874016 
vn 0.299213 -0.251969 -0.92126 
vn 0.0393701 0 -1 
vn 0.992126 -0.0944882 0.0629921 
vn 0.11811 -0.173228 -0.976378 
vn 0.944882 0.314961 -0.0866142 
vn 0.992126 -0.0551181 -0.133858 
vn 0.818898 0.181102 -0.535433 
vn 0.0551181 0.0944882 0.992126 
vn 0.188976 0.244094 0.952756 
vn 0.488189 -0.314961 0.811024 
vn 0.716535 0.0787402 -0.692913 
vn 0.401575 -0.0393701 -0.913386 
vn 0.952756 -0.15748 -0.259843 
vn 0.346457 -0.251969 -0.905512 
vn 0.976378 -0.110236 0.188976 
vn 0.110236 0.11811 -0.984252 
vn 0.897638 0.338583 0.291339 
vn -0.165354 0.291339 -0.944882 
vn 0.92126 0.299213 0.23622 
vn 0.393701 0.787402 0.480315 
vn 0.905512 0.00787402 0.417323 
vn -0.181102 -0.212598 -0.96063 
vn 0.188976 0.204724 0.96063 
vn 0.338583 -0.220472 -0.913386 
vn 0.496063 -0.448819 0.748031 
vn 0.708661 -0.133858 0.692913 
vn 0.472441 -0.346457 0.811024 
vn 0.0314961 -0.543307 -0.834646 
vn -0.015748 -0.559055 -0.826772 
vn 0.133858 -0.244094 -0.96063 
vn 0.732283 -0.149606 0.661417 
vn 0.0314961 -0.543307 -0.834646 
vn 0.141732 -0.244094 -0.96063 
vn 0.708661 -0.133858 0.692913 
vn 0.716535 -0.133858 0.685039 
vn 0.362205 -0.401575 0.84252 
vn -0.0314961 -0.511811 -0.858268 
vn -0.0314961 -0.511811 -0.858268 
vn 0.204724 -0.244094 -0.944882 
vn 0.716535 -0.133858 0.685039 
vn -0.0629921 -0.574803 -0.811024 
vn 0.125984 -0.259843 -0.96063 
vn 0.716535 -0.15748 0.685039 
vn 0.598425 -0.125984 0.795276 
vn 0.291339 -0.322835 0.897638 
vn -0.0708661 -0.645669 -0.755906 
vn -0.0708661 -0.645669 -0.755906 
vn 0.204724 -0.346457 -0.913386 
vn 0.598425 -0.125984 0.795276 
vn 0.716535 -0.15748 0.685039 
vn 0.417323 -0.377953 0.826772 
vn -0.0629921 -0.574803 -0.811024 
vn 0.448819 -0.370079 0.818898 
vn -0.259843 -0.204724 -0.944882 
vn 0.606299 -0.283465 0.740157 
vn 0.102362 -0.629921 -0.76378 
vn 0.173228 -0.582677 -0.795276 
vn 0.716535 0.015748 0.700787 
vn 0.362205 -0.283465 0.889764 
vn 0.0944882 -0.661417 -0.748031 
vn 0.787402 -0.0314961 0.614173 
vn 0.354331 -0.244094 0.905512 
vn 0.354331 -0.338583 0.874016 
vn 0.251969 0.204724 0.944882 
vn 0.307087 -0.685039 -0.661417 
vn 0.23622 0.220472 0.944882 
vn 0.519685 -0.173228 0.834646 
vn -0.173228 -0.251969 -0.952756 
vn 0.440945 -0.15748 0.88189 
vn 0.330709 -0.708661 -0.622047 
vn 0.165354 -0.889764 -0.433071 
vn 0.181102 0.275591 0.944882 
vn 0.377953 -0.173228 0.913386 
vn -0.212598 -0.220472 -0.952756 
vn 0.574803 -0.220472 0.787402 
vn 0.228346 -0.590551 -0.779528 
vn 0.251969 -0.629921 -0.732283 
vn 0.220472 0.23622 0.944882 
vn 0.566929 -0.188976 0.795276 
vn 0.80315 -0.125984 0.574803 
vn 0.417323 -0.393701 0.818898 
vn -0.0393701 -0.543307 -0.834646 
vn 0.0629921 -0.440945 -0.897638 
vn 0.188976 -0.102362 -0.976378 
vn 0.929134 0 0.370079 
vn 0.0472441 -0.440945 -0.897638 
vn 0.165354 -0.133858 -0.976378 
vn 0.19685 -0.433071 -0.88189 
vn 0.692913 -0.259843 0.669291 
vn -0.204724 -0.173228 -0.968504 
vn 0.755906 -0.141732 0.637795 
vn 0.338583 -0.425197 -0.834646 
vn 0.606299 -0.377953 0.700787 
vn 0.566929 -0.401575 0.716535 
vn -0.0393701 -0.543307 -0.834646 
vn 0.181102 -0.19685 -0.96063 
vn 0.80315 -0.125984 0.574803 
vn -0.228346 -0.188976 -0.952756 
vn 0.622047 -0.259843 0.740157 
vn 0.19685 -0.574803 -0.795276 
vn -0.19685 -0.181102 -0.96063 
vn 0.708661 -0.212598 0.669291 
vn 0.267717 -0.456693 -0.850394 
vn -0.244094 -0.19685 -0.944882 
vn 0.551181 -0.251969 0.795276 
vn 0.19685 -0.637795 -0.748031 
vn 0.188976 0.0708661 -0.976378 
vn 0.88189 -0.0629921 0.472441 
vn 0.165354 -0.133858 -0.976378 
vn 0.181102 -0.19685 -0.96063 
vn 0.251969 0.023622 -0.968504 
vn 0.905512 0.220472 0.354331 
vn 0.19685 0.188976 0.96063 
vn 0.385827 -0.377953 -0.84252 
vn 0.244094 0.204724 0.944882 
vn 0.88189 0.15748 0.440945 
vn 0.622047 -0.259843 0.740157 
vn -0.228346 -0.188976 -0.952756 
vn 0.228346 0.19685 0.952756 
vn 0.708661 -0.212598 0.669291 
vn -0.19685 -0.181102 -0.96063 
vn 0.19685 0.19685 0.96063 
vn 0.889764 -0.0393701 0.456693 
vn 0.574803 -0.307087 0.76378 
vn 0.0708661 -0.456693 -0.889764 
vn -0.370079 0.0708661 -0.929134 
vn 0.992126 -0.11811 -0.023622 
vn 0.133858 -0.102362 -0.984252 
vn 0.992126 -0.11811 -0.023622 
vn -0.370079 0.0708661 -0.929134 
vn 0.322835 -0.496063 0.80315 
vn 0.102362 0.307087 0.944882 
vn 0.251969 -0.220472 0.944882 
vn 0.685039 0.488189 -0.543307 
vn 0.76378 -0.307087 -0.566929 
vn 0.818898 0.181102 -0.535433 
vn -0.0866142 0.362205 0.929134 
vn 0.0551181 0.0944882 0.992126 
vn -0.11811 0.346457 0.929134 
vn 0.944882 0.314961 -0.0866142 
vn 0.527559 0.795276 -0.299213 
vn 0.125984 0.141732 -0.984252 
vn 0.929134 0 0.370079 
vn 0.188976 -0.0551181 -0.976378 
vn 0.84252 0.385827 0.370079 
vn 0.732283 0.440945 0.519685 
vn 0.700787 -0.653543 0.291339 
vn 0.307087 0.0866142 0.944882 
vn 0.779528 -0.622047 0.0551181 
vn 0.181102 0.204724 0.96063 
vn 0.818898 0.0393701 0.574803 
vn 0.598425 -0.401575 0.692913 
vn 0.322835 -0.496063 0.80315 
vn 0.472441 -0.377953 0.795276 
vn 0.645669 -0.401575 0.653543 
vn 0.787402 0.598425 -0.15748 
vn -0.259843 0.527559 -0.811024 
vn 0.362205 -0.0866142 0.929134 
vn 0.480315 -0.173228 -0.858268 
vn 0.80315 0.314961 0.503937 
vn -0.0944882 0.244094 -0.968504 
vn 0.314961 0.811024 0.488189 
vn 0.480315 -0.173228 -0.858268 
vn 0.362205 -0.0866142 0.929134 
vn -0.173228 0.165354 -0.968504 
vn 0.244094 0.0472441 -0.968504 
vn 0.834646 0.00787402 0.559055 
vn 0.212598 0.141732 -0.968504 
vn 0.732283 0.472441 0.496063 
vn 0.519685 0.771654 -0.362205 
vn 0.944882 0.259843 0.19685 
vn 0.409449 -0.0393701 0.913386 
vn 0.614173 0.480315 0.629921 
vn 0.362205 -0.0708661 -0.929134 
vn 0.433071 -0.181102 -0.88189 
vn 0.968504 -0.23622 0.015748 
vn 0.401575 -0.0393701 -0.913386 
vn 0.944882 0.259843 0.19685 
vn 0.401575 -0.0393701 -0.913386 
vn 0.11811 -0.0708661 -0.992126 
vn 0.968504 -0.23622 0.015748 
vn 0.440945 0.188976 0.874016 
vn 0.433071 0.275591 0.858268 
vn 0.188976 0.244094 0.952756 
vn 0.614173 0.480315 0.629921 
vn 0.440945 0.188976 0.874016 
vn 0.614173 0.480315 0.629921 
vn 0.952756 -0.15748 -0.259843 
vn 0.944882 0.259843 0.19685 
vn 0.614173 0.480315 0.629921 
vn 0.23622 -0.125984 -0.96063 
vn 0.968504 -0.23622 0.015748 
vn 0.11811 -0.0708661 -0.992126 
vn 0.685039 -0.370079 0.629921 
vn 0.88189 0.417323 0.228346 
vn 0.362205 -0.188976 -0.913386 
vn 0.283465 0.527559 -0.795276 
vn 0.362205 -0.188976 -0.913386 
vn 0.88189 0.417323 0.228346 
vn 0.23622 -0.125984 -0.96063 
vn 0.88189 0.417323 0.228346 
vn 0.346457 0.417323 0.84252 
vn 0.519685 0.464567 0.716535 
vn 0.433071 0.401575 0.80315 
vn 0.409449 -0.0393701 0.913386 
vn 0.212598 0.141732 -0.968504 
vn 0.834646 0.00787402 0.559055 
vn 0.275591 -0.141732 -0.952756 
vn 0.228346 -0.448819 -0.866142 
vn 0.913386 0.291339 0.283465 
vn 0.488189 -0.133858 0.858268 
vn 0.322835 -0.00787402 -0.944882 
vn 0.0944882 -0.661417 -0.748031 
vn 0.314961 -0.204724 -0.92126 
vn 0.787402 -0.0314961 0.614173 
vn 0.92126 0.283465 0.267717 
vn 0.204724 -0.346457 -0.913386 
vn 0.267717 0.0551181 -0.96063 
vn 0.92126 0.283465 0.267717 
vn 0.574803 -0.220472 0.787402 
vn -0.212598 -0.220472 -0.952756 
vn 0.228346 0.251969 0.937008 
vn 0.0472441 -1 0.0314961 
vn 0.188976 0.291339 0.937008 
vn 0.181102 -0.125984 0.976378 
vn 0.0472441 -1 0.0314961 
vn -0.165354 -0.275591 -0.944882 
vn 0.188976 0.291339 0.937008 
vn 0.165354 -0.889764 -0.433071 
vn -0.173228 -0.267717 -0.944882 
vn 0.181102 0.275591 0.944882 
vn 0.181102 0.267717 0.944882 
vn 0.228346 0.149606 -0.96063 
vn 0.787402 -0.0314961 0.614173 
vn 0.314961 -0.204724 -0.92126 
vn 0.409449 -0.385827 -0.826772 
vn 0.362205 -0.0866142 0.929134 
vn 0.708661 -0.0629921 0.700787 
vn -0.173228 0.165354 -0.968504 
vn 0.811024 -0.125984 0.574803 
vn 0.244094 0.0472441 -0.968504 
vn 0.811024 -0.125984 0.574803 
vn 0.283465 -0.251969 -0.92126 
vn 0.787402 -0.0314961 0.614173 
vn 0.228346 0.149606 -0.96063 
vn 0.700787 0.488189 0.519685 
vn 0.606299 -0.267717 -0.748031 
vn 0.496063 0.866142 -0.0393701 
vn 0.622047 0.0393701 0.779528 
vn 0.606299 -0.267717 -0.748031 
vn 0.0629921 0.0866142 -0.992126 
vn 0.496063 0.866142 -0.0393701 
vn 0.732283 -0.0472441 0.677165 
vn 0.220472 0.133858 -0.968504 
vn 0.716535 0.527559 0.456693 
vn 0.362205 -0.251969 -0.897638 
vn 0.228346 -0.149606 -0.96063 
vn 0.173228 -0.582677 -0.795276 
vn 0.346457 -0.15748 -0.929134 
vn 0.716535 0.015748 0.700787 
vn 0.102362 -0.566929 -0.818898 
vn 0.275591 -0.141732 -0.952756 
vn 0.834646 0.00787402 0.559055 
vn 0.929134 0.228346 0.275591 
vn 0.204724 -0.244094 -0.944882 
vn 0.291339 -0.0393701 -0.952756 
vn 0.88189 0.15748 0.440945 
vn 0.354331 0.19685 -0.913386 
vn 0.818898 0.0629921 0.566929 
vn 0.314961 -0.0866142 -0.944882 
vn 0.102362 -0.566929 -0.818898 
vn 0.834646 0.00787402 0.559055 
vn 0.433071 -0.307087 0.850394 
vn -0.212598 -0.220472 -0.952756 
vn 0.929134 0.173228 0.314961 
vn 0.952756 0.228346 0.220472 
vn -0.228346 -0.204724 -0.952756 
vn 0.259843 0.0708661 -0.96063 
vn 0.716535 0.015748 0.700787 
vn 0.307087 0.102362 -0.944882 
vn 0.685039 0.393701 0.614173 
vn 0.889764 -0.0393701 0.456693 
vn 0.15748 0.181102 -0.968504 
vn 0.732283 0.527559 0.433071 
vn 0.346457 -0.15748 -0.929134 
vn 0.488189 0.283465 0.826772 
vn 0.15748 0.181102 -0.968504 
vn 0.889764 -0.0393701 0.456693 
vn 0.228346 -0.149606 -0.96063 
vn 0.133858 -0.244094 -0.96063 
vn 0.244094 0.0472441 -0.968504 
vn 0.952756 0.228346 0.220472 
vn 0.275591 0.0393701 -0.96063 
vn -0.149606 0.283465 -0.944882 
vn 0.291339 0.811024 0.511811 
vn -0.149606 0.283465 -0.944882 
vn 0.291339 -0.0393701 -0.952756 
vn 0.15748 0.00787402 -0.984252 
vn 0.834646 -0.125984 0.543307 
vn 0.267717 -0.299213 -0.913386 
vn 0.929134 -0.338583 -0.141732 
vn -0.0551181 -0.220472 0.976378 
vn 0.535433 -0.811024 -0.220472 
vn 0.11811 -0.0866142 -0.992126 
vn 0.84252 -0.133858 0.527559 
vn 0.259843 -0.299213 -0.92126 
vn -0.0551181 -0.220472 0.976378 
vn 0.929134 -0.338583 -0.141732 
vn 0.110236 0.0629921 0.992126 
vn 0.866142 -0.220472 -0.448819 
vn -0.133858 -0.346457 0.929134 
vn 0.433071 -0.724409 -0.535433 
vn 0.968504 -0.244094 0.0944882 
vn -0.212598 -0.307087 0.929134 
vn 0.488189 -0.826772 -0.283465 
vn -0.0551181 -0.228346 0.976378 
vn 0.889764 -0.291339 -0.346457 
vn 0.141732 0.023622 0.992126 
vn 0.543307 -0.80315 -0.259843 
vn 0.19685 -0.181102 -0.96063 
vn -0.0314961 -0.165354 0.984252 
vn 0.519685 -0.850394 0.0393701 
vn -0.015748 -0.204724 0.976378 
vn 0.92126 -0.204724 -0.330709 
vn 0.141732 0.0472441 0.992126 
vn -0.204724 0.165354 0.968504 
vn 0.173228 -0.165354 -0.968504 
vn -0.0314961 -0.165354 0.984252 
vn 0.464567 -0.88189 -0.0393701 
vn -0.0787402 -0.992126 0.102362 
vn 0.952756 0.244094 0.181102 
vn 0.165354 -0.133858 0.976378 
vn -0.0787402 -0.992126 0.102362 
vn 0.338583 -0.165354 -0.92126 
vn 0.952756 0.244094 0.181102 
vn 0.929134 0.346457 -0.141732 
vn 0.968504 -0.259843 0 
vn -0.165354 -0.133858 0.976378 
vn 0.181102 -0.212598 -0.96063 
vn -0.188976 0.204724 0.96063 
vn -0.173228 0.173228 0.968504 
vn 0.181102 -0.212598 -0.96063 
vn -0.165354 -0.133858 0.976378 
vn 0.0787402 -0.992126 0.102362 
vn 0.897638 0.0551181 -0.440945 
vn 0.141732 0.023622 0.992126 
vn 0.889764 -0.291339 -0.346457 
vn 0.275591 0.228346 0.937008 
vn 0.0866142 -0.0708661 0.992126 
vn 0.929134 -0.181102 -0.314961 
vn -0.0944882 -0.299213 0.944882 
vn 0.574803 -0.748031 -0.338583 
vn 0.84252 0.0629921 -0.535433 
vn 0.0866142 -0.015748 1 
vn 0.944882 -0.015748 -0.330709 
vn 0.0393701 -0.220472 0.976378 
vn 0.811024 -0.566929 -0.165354 
vn 0.11811 0.0551181 0.992126 
vn 0.755906 -0.543307 -0.370079 
vn 0.80315 -0.0314961 -0.590551 
vn 0.188976 0.015748 0.984252 
vn 0.110236 -0.228346 0.968504 
vn 0.889764 -0.173228 -0.417323 
vn 0.291339 0.417323 0.858268 
vn 0.188976 0.0629921 0.976378 
vn 0.84252 -0.370079 -0.393701 
vn 0.76378 0.00787402 -0.645669 
vn 0.212598 0.0472441 0.976378 
vn 0.19685 -0.149606 0.968504 
vn 0.913386 -0.0629921 -0.401575 
vn 0.685039 0.220472 -0.692913 
vn 0.212598 0.456693 0.866142 
vn 0.409449 0.362205 -0.834646 
vn 0.0866142 -0.015748 1 
vn 0.929134 -0.181102 -0.314961 
vn 0.464567 0.377953 -0.80315 
vn 0.0866142 -0.0708661 0.992126 
vn 0.866142 -0.220472 -0.448819 
vn -0.133858 0.354331 0.929134 
vn 0.944882 -0.015748 -0.330709 
vn 0.149606 0.377953 -0.913386 
vn -0.19685 0.370079 0.905512 
vn 0.141732 0.0472441 0.992126 
vn 0.84252 0.0629921 -0.535433 
vn 0.291339 0.259843 0.92126 
vn 0.889764 -0.173228 -0.417323 
vn 0.700787 0.188976 -0.692913 
vn 0.291339 0.417323 0.858268 
vn 0.11811 0.0551181 0.992126 
vn -0.283465 0.385827 0.88189 
vn 0.188976 0.015748 0.984252 
vn 0.80315 -0.0314961 -0.590551 
vn 0.84252 -0.370079 -0.385827 
vn 0.771654 0.023622 -0.637795 
vn 0.204724 0.0944882 0.976378 
vn 0.661417 -0.732283 -0.15748 
vn 0.0551181 -0.165354 0.984252 
vn 0.740157 -0.653543 -0.181102 
vn 0.629921 -0.755906 0.173228 
vn -0.19685 0.188976 0.96063 
vn 0.0708661 -0.102362 0.992126 
vn 0.188976 0.0629921 0.976378 
vn 0.0787402 -0.165354 0.984252 
vn 0.913386 -0.0629921 -0.401575 
vn 0.173228 0.125984 0.976378 
vn 0.19685 -0.181102 -0.96063 
vn 0.0944882 -0.0944882 0.992126 
vn 0.755906 -0.645669 0.102362 
vn 0.88189 -0.433071 -0.173228 
vn 0.88189 0.0866142 -0.464567 
vn 0.15748 0.149606 0.976378 
vn 0.795276 -0.582677 -0.141732 
vn 0.826772 -0.559055 0.0944882 
vn -0.228346 0.19685 0.952756 
vn 0.11811 -0.0866142 0.992126 
vn 0.133858 -0.15748 0.976378 
vn 0.897638 -0.362205 -0.251969 
vn 0.874016 0.141732 -0.456693 
vn 0.149606 0.173228 0.976378 
vn 0.88189 -0.448819 0.149606 
vn -0.244094 0.204724 0.944882 
vn 0.133858 -0.0393701 0.992126 
vn 0.173228 0.125984 0.976378 
vn 0.629921 -0.755906 0.173228 
vn 0.204724 -0.173228 -0.968504 
vn -0.19685 0.188976 0.96063 
vn 0.472441 0.330709 -0.818898 
vn 0.0393701 0.614173 0.787402 
vn 0.204724 0.0944882 0.976378 
vn 0.220472 -0.141732 0.968504 
vn 0.84252 -0.370079 -0.385827 
vn 0.228346 -0.188976 -0.952756 
vn -0.19685 0.19685 0.96063 
vn 0.88189 -0.448819 0.149606 
vn 0.244094 -0.19685 -0.944882 
vn -0.244094 0.204724 0.944882 
vn -0.0944882 0.716535 0.692913 
vn 0.165354 -0.15748 0.976378 
vn 0.181102 0.228346 0.96063 
vn 0.188976 -0.0944882 0.976378 
vn 0.929134 -0.307087 -0.212598 
vn 0.929134 -0.307087 -0.212598 
vn 0.80315 0.173228 -0.574803 
vn 0.181102 0.228346 0.96063 
vn 0.204724 0.251969 0.944882 
vn 0.212598 -0.0866142 0.976378 
vn 0.913386 -0.307087 -0.259843 
vn 0.165354 0.275591 0.944882 
vn 0.19685 -0.0866142 0.976378 
vn 0.929134 -0.322835 -0.165354 
vn 0.937008 -0.307087 -0.15748 
vn 0.692913 0.188976 -0.700787 
vn 0.188976 0.307087 0.929134 
vn 0.220472 -0.0472441 0.976378 
vn 0.0944882 0.346457 0.937008 
vn 0.212598 -0.023622 0.976378 
vn 0.976378 -0.19685 -0.0629921 
vn 0.653543 0.251969 -0.716535 
vn 0.818898 0.00787402 -0.566929 
vn -0.0314961 -0.19685 0.984252 
vn 0.354331 -0.858268 -0.377953 
vn 0.425197 0.244094 0.874016 
vn 0.897638 -0.425197 0.141732 
vn -0.251969 0.204724 0.944882 
vn 0.15748 -0.015748 0.984252 
vn 0.133858 0.11811 0.984252 
vn 0.19685 -0.102362 0.976378 
vn 0.929134 -0.275591 -0.23622 
vn 0.259843 -0.204724 -0.944882 
vn 0.866142 -0.401575 0.283465 
vn -0.23622 0.220472 0.944882 
vn 0.125984 -0.015748 0.992126 
vn 0.913386 -0.307087 -0.259843 
vn 0.740157 0.181102 -0.653543 
vn 0.204724 0.251969 0.944882 
vn 0.740157 0.204724 -0.637795 
vn 0.874016 -0.472441 0.0708661 
vn -0.228346 0.251969 0.937008 
vn 0.173228 -0.0472441 0.984252 
vn 0.866142 -0.488189 0.110236 
vn -0.220472 0.23622 0.944882 
vn 0.19685 -0.015748 0.976378 
vn 0.897638 -0.440945 0.00787402 
vn -0.181102 0.267717 0.944882 
vn 0.204724 -0.0393701 0.976378 
vn 0.88189 -0.472441 0.0393701 
vn -0.181102 0.275591 0.944882 
vn 0.275591 0.023622 0.96063 
vn 0.110236 -0.755906 0.637795 
vn 0.929134 0.330709 -0.15748 
vn 0.251969 -0.0393701 0.968504 
vn 0.944882 -0.259843 -0.19685 
vn 0.165354 -0.818898 0.543307 
vn 0.527559 -0.708661 -0.464567 
vn 0.165354 -0.818898 0.543307 
vn 0.944882 -0.259843 -0.19685 
vn 0.409449 -0.244094 -0.88189 
vn 0.488189 -0.173228 -0.858268 
vn -0.0787402 -0.291339 -0.952756 
vn 0.0472441 -0.102362 -0.992126 
vn 0.826772 -0.181102 0.535433 
vn -0.11811 -0.0708661 -0.992126 
vn 0.944882 -0.259843 -0.19685 
vn 0.488189 -0.173228 -0.858268 
vn 0.716535 -0.456693 -0.527559 
vn 0.0472441 -0.141732 -0.992126 
vn 0.409449 -0.244094 -0.88189 
vn 0.299213 -0.244094 -0.92126 
vn 0.393701 -0.00787402 0.92126 
vn 0.141732 -0.322835 0.937008 
vn 0.362205 -0.929134 0.0944882 
vn 0.433071 -0.275591 -0.858268 
vn 0.716535 -0.456693 -0.527559 
vn 0.409449 -0.244094 -0.88189 
vn 0.425197 -0.401575 -0.811024 
vn 0.456693 -0.188976 -0.866142 
vn 0.417323 0.0393701 -0.905512 
vn 0.519685 -0.464567 -0.716535 
vn 0.275591 -0.559055 -0.787402 
vn 0.220472 0.15748 -0.96063 
vn 0.779528 -0.590551 0.19685 
vn 0.685039 0.362205 -0.637795 
vn 0.417323 0.0393701 -0.905512 
vn 0.409449 -0.244094 -0.88189 
vn 0.456693 -0.188976 -0.866142 
vn 0.346457 -0.417323 -0.84252 
vn 0.645669 0.393701 -0.653543 
vn -0.322835 -0.496063 0.80315 
vn 0.228346 0.23622 -0.944882 
vn 0.629921 -0.511811 0.590551 
vn 0.125984 -0.275591 -0.952756 
vn 0.0472441 -0.102362 -0.992126 
vn 0.992126 0.133858 0.0393701 
vn 0.826772 -0.181102 0.535433 
vn 0.952756 0.244094 -0.173228 
vn -0.0393701 0 -1 
vn 0.173228 0.141732 -0.976378 
vn 0.80315 0.299213 0.511811 
vn 0.952756 0.244094 -0.173228 
vn 0.0314961 0.0393701 1 
vn 0.968504 -0.244094 0.0944882 
vn 0.0866142 -0.0708661 0.992126 
vn 0.464567 0.377953 -0.80315 
vn -0.023622 0.322835 0.944882 
vn 0.110236 0.0629921 0.992126 
vn 0.968504 -0.259843 0 
vn 0.275591 0.133858 0.952756 
vn 0.015748 0.307087 -0.952756 
vn 0.76378 0.00787402 -0.645669 
vn 0.496063 0.433071 -0.755906 
vn 0.165354 0.409449 0.897638 
vn 0.259843 0.204724 -0.944882 
vn 0.826772 -0.0314961 -0.566929 
vn 0.598425 0.401575 -0.692913 
vn 0.370079 0.0708661 -0.929134 
vn 0.472441 0.370079 -0.80315 
vn 0.015748 0.110236 0.992126 
vn 0.173228 0.165354 -0.968504 
vn 0.19685 -0.15748 -0.968504 
vn 0.598425 0.0629921 -0.795276 
vn 0.19685 0.385827 -0.897638 
vn 0.204724 0.535433 0.818898 
vn 0.598425 0.023622 -0.795276 
vn 0.267717 0.275591 -0.92126 
vn 0.228346 0.661417 0.716535 
vn 0.299213 0.204724 0.929134 
vn -0.362205 -0.0866142 0.929134 
vn 0.133858 0.0551181 0.992126 
vn 0.574803 -0.755906 0.314961 
vn 0.204724 0.535433 0.818898 
vn 0.299213 0.141732 0.944882 
vn 0.598425 0.0629921 -0.795276 
vn 0.377953 0.330709 -0.866142 
vn 0.165354 0.409449 0.897638 
vn 0.212598 0.0472441 0.976378 
vn 0.76378 0.00787402 -0.645669 
vn 0.11811 0.480315 0.866142 
vn 0.204724 0.0944882 0.976378 
vn 0.771654 0.023622 -0.637795 
vn 0.850394 0.0787402 -0.527559 
vn -0.19685 0.76378 0.614173 
vn 0.80315 0.173228 -0.574803 
vn 0.251969 0.307087 -0.92126 
vn 0.299213 0.141732 0.944882 
vn 0.259843 -0.0472441 0.968504 
vn 0.897638 -0.299213 -0.330709 
vn 0.866142 -0.401575 0.283465 
vn 0.228346 -0.204724 -0.952756 
vn -0.23622 0.220472 0.944882 
vn 0.212598 -0.220472 -0.952756 
vn 0.834646 -0.370079 -0.409449 
vn 0.299213 0.204724 0.929134 
vn 0.299213 -0.0708661 0.952756 
vn 0.212598 -0.220472 -0.952756 
vn 0.598425 0.0629921 -0.795276 
vn 0.771654 0.023622 -0.637795 
vn 0.503937 0.385827 -0.771654 
vn 0.11811 0.480315 0.866142 
vn 0.850394 0.0787402 -0.527559 
vn 0.480315 0.425197 -0.76378 
vn 0.023622 0.511811 0.858268 
vn 0.133858 0.11811 0.984252 
vn 0.653543 0.110236 -0.748031 
vn 0.330709 0.283465 -0.897638 
vn 0.133858 0.622047 0.771654 
vn 0.212598 0.259843 0.944882 
vn 0.598425 0.023622 -0.795276 
vn 0.913386 -0.338583 -0.220472 
vn 0.653543 0.110236 -0.748031 
vn 0.212598 0.259843 0.944882 
vn 0.692913 0.149606 -0.700787 
vn 0.425197 0.291339 -0.850394 
vn 0.125984 0.527559 0.84252 
vn 0.141732 0.267717 0.952756 
vn 0.251969 -0.0551181 0.968504 
vn 0.141732 0.267717 0.952756 
vn 0.181102 -0.0944882 0.976378 
vn 0.905512 -0.417323 -0.023622 
vn 0.692913 0.149606 -0.700787 
vn 0.173228 -0.251969 -0.952756 
vn 0.929134 -0.307087 -0.204724 
vn 0.204724 0.362205 0.905512 
vn 0.291339 -0.015748 0.96063 
vn 0.535433 0.125984 -0.834646 
vn 0.952756 -0.283465 -0.0708661 
vn 0.165354 -0.275591 -0.944882 
vn -0.188976 0.291339 0.937008 
vn 0.307087 0.0866142 0.944882 
vn 0.173228 -0.267717 -0.944882 
vn 0.732283 -0.102362 -0.669291 
vn -0.0314961 -0.0944882 0.992126 
vn 0.251969 -0.937008 0.259843 
vn 0.606299 0.00787402 -0.795276 
vn 0.0787402 -0.0629921 0.992126 
vn 0.511811 -0.818898 0.251969 
vn 0.716535 -0.346457 -0.598425 
vn 0.0551181 -0.15748 0.984252 
vn 0.519685 -0.84252 -0.149606 
vn 0.535433 0.125984 -0.834646 
vn 0.11811 0.677165 0.724409 
vn 0.204724 0.362205 0.905512 
vn 0.535433 0.125984 -0.834646 
vn 0.291339 0.244094 -0.92126 
vn 0.11811 0.677165 0.724409 
vn 0.488189 -0.0944882 -0.866142 
vn 0.259843 0.0629921 0.96063 
vn 0.716535 -0.346457 -0.598425 
vn 0.850394 0.307087 0.425197 
vn 0.259843 0.0629921 0.96063 
vn 0.622047 0.362205 0.692913 
vn 0.692913 -0.220472 -0.692913 
vn 0.0629921 0.0314961 1 
vn 0.15748 -0.661417 0.732283 
vn 0.0629921 0.0314961 1 
vn 0.692913 -0.220472 -0.692913 
vn 0.84252 0.511811 0.165354 
vn 0.622047 0.503937 0.598425 
vn -0.409449 0.362205 -0.834646 
vn 0.952756 0.307087 0.0551181 
vn 0.125984 0.0787402 -0.992126 
vn 0.937008 0.330709 0.133858 
vn -0.464567 0.377953 -0.80315 
vn 0.023622 0.322835 0.944882 
vn -0.141732 0.464567 -0.874016 
vn -0.464567 0.377953 -0.80315 
vn 0.023622 0.322835 0.944882 
vn 0.0866142 0.0866142 -0.992126 
vn 0.314961 0.472441 0.818898 
vn 0.133858 0.354331 0.929134 
vn 0.023622 0.322835 0.944882 
vn -0.464567 0.377953 -0.80315 
vn 0.19685 0.370079 0.905512 
vn 0.133858 0.354331 0.929134 
vn -0.409449 0.362205 -0.834646 
vn 0.125984 -0.00787402 0.992126 
vn 0.141732 0.110236 0.984252 
vn 0.15748 0.133858 0.976378 
vn -0.409449 0.362205 -0.834646 
vn 0.133858 0.354331 0.929134 
vn 0.133858 0.354331 0.929134 
vn -0.291339 0.259843 0.92126 
vn 0.393701 0.787402 0.480315 
vn -0.165354 0.291339 -0.944882 
vn 0.15748 0.102362 0.984252 
vn 0.307087 0.0866142 0.944882 
vn 0.181102 0.133858 0.976378 
vn -0.165354 0.267717 -0.944882 
vn 0.299213 0.771654 0.566929 
vn -0.0629921 0.874016 0.480315 
vn 0.102362 0.267717 -0.96063 
vn -0.0629921 0.874016 0.480315 
vn -0.370079 0.314961 -0.874016 
vn -0.165354 0.267717 -0.944882 
vn 0.149606 0.299213 0.944882 
vn 0.204724 0.338583 0.92126 
vn -0.11811 0.76378 0.629921 
vn -0.11811 0.76378 0.629921 
vn -0.0629921 0.874016 0.480315 
vn 0.11811 0.267717 0.952756 
vn 0.141732 0.15748 0.976378 
vn 0.0787402 0.0393701 1 
vn 0.149606 0.244094 0.96063 
vn 0.299213 0.771654 0.566929 
vn 0.527559 0.795276 -0.299213 
vn -0.952756 0.244094 -0.173228 
vn -0.11811 0.346457 0.929134 
vn 0.897638 0.338583 0.291339 
vn 0.110236 0.11811 -0.984252 
vn 0.929134 0.346457 -0.141732 
vn -0.370079 0.0708661 -0.929134 
vn -0.275591 0.133858 0.952756 
vn 0.614173 0.480315 0.629921 
vn -0.370079 0.0708661 -0.929134 
vn 0.188976 0.244094 0.952756 
vn 0.188976 0.244094 0.952756 
vn 0.929134 0.330709 -0.15748 
vn 0.614173 0.480315 0.629921 
vn -0.417323 0.0393701 -0.905512 
vn 0.362205 -0.0708661 -0.929134 
vn 0.787402 0.598425 -0.15748 
vn 0.307087 0.84252 0.440945 
vn -0.897638 0.0551181 -0.440945 
vn -0.275591 0.228346 0.937008 
vn -0.181102 0.251969 -0.952756 
vn 0.15748 0.00787402 -0.984252 
vn 0.307087 0.84252 0.440945 
vn 0.913386 0.346457 0.212598 
vn 0.15748 0.00787402 -0.984252 
vn 0.251969 -0.0393701 0.968504 
vn -0.173228 0.141732 -0.976378 
vn 0.102362 0.307087 0.944882 
vn 0.685039 0.488189 -0.543307 
vn -0.228346 0.23622 -0.944882 
vn -0.0866142 0.362205 0.929134 
vn 0.519685 0.771654 -0.362205 
vn -0.259843 0.204724 -0.944882 
vn -0.456693 -0.188976 -0.866142 
vn 0.818898 0.0393701 0.574803 
vn 0.11811 -0.0708661 -0.992126 
vn -0.826772 -0.0314961 -0.566929 
vn -0.370079 0.0708661 -0.929134 
vn 0.440945 0.188976 0.874016 
vn 0.181102 0.133858 0.976378 
vn 0.181102 0.204724 0.96063 
vn 0.322835 -0.496063 0.80315 
vn -0.968504 -0.259843 0 
vn -0.259843 0.204724 -0.944882 
vn -0.992126 0.133858 0.0393701 
vn -0.0866142 0.362205 0.929134 
vn 0.102362 0.307087 0.944882 
vn -0.228346 0.23622 -0.944882 
vn -0.80315 0.299213 0.511811 
vn -0.84252 0.0629921 -0.535433 
vn 0.0551181 0.669291 0.740157 
vn -0.740157 0.204724 -0.637795 
vn -0.165354 0.275591 0.944882 
vn 0.133858 0.669291 0.724409 
vn -0.740157 0.220472 -0.637795 
vn -0.149606 0.299213 0.944882 
vn 0.291339 0.811024 0.511811 
vn -0.740157 0.181102 -0.653543 
vn -0.204724 0.251969 0.944882 
vn 0.19685 0.76378 0.614173 
vn -0.80315 0.173228 -0.574803 
vn -0.181102 0.228346 0.96063 
vn 0.251969 0.023622 -0.968504 
vn -0.251969 0.307087 -0.92126 
vn 0.19685 0.76378 0.614173 
vn -0.204724 0.440945 0.874016 
vn -0.913386 -0.188976 -0.362205 
vn -0.354331 0.0551181 0.929134 
vn -0.110236 0.519685 0.850394 
vn -0.913386 -0.0472441 -0.401575 
vn -0.346457 0.133858 0.929134 
vn -0.0472441 0.677165 0.732283 
vn -0.818898 0.00787402 -0.566929 
vn -0.425197 0.244094 0.874016 
vn -0.377953 0.188976 -0.905512 
vn -0.125984 0.417323 0.897638 
vn -0.952756 -0.149606 -0.251969 
vn -0.291339 0.023622 0.96063 
vn -0.952756 -0.149606 -0.251969 
vn -0.125984 0.417323 0.897638 
vn -0.511811 0.212598 -0.834646 
vn 0.015748 0.771654 0.637795 
vn -0.149606 0.283465 -0.944882 
vn -0.740157 0.204724 -0.637795 
vn 0.0551181 0.669291 0.740157 
vn -0.330709 0.291339 -0.897638 
vn 0.125984 0.141732 -0.984252 
vn -0.480315 0.425197 -0.76378 
vn -0.023622 0.511811 0.858268 
vn 0.84252 0.385827 0.370079 
vn -0.015748 0.0629921 1 
vn 0.0314961 0.0314961 1 
vn -0.740157 0.220472 -0.637795 
vn 0.133858 0.669291 0.724409 
vn -0.299213 0.307087 -0.905512 
vn -0.818898 0.00787402 -0.566929 
vn -0.0472441 0.677165 0.732283 
vn -0.251969 0.149606 -0.952756 
vn 0.141732 0.322835 0.937008 
vn -0.866142 -0.15748 -0.472441 
vn -0.488189 0.23622 0.84252 
vn -0.0629921 0.425197 0.905512 
vn -0.913386 -0.00787402 -0.409449 
vn -0.338583 0.110236 0.937008 
vn 0.181102 0.755906 0.629921 
vn -0.653543 0.251969 -0.716535 
vn -0.0944882 0.346457 0.937008 
vn 0.905512 0.212598 0.362205 
vn -0.149606 0.377953 -0.913386 
vn 0.19685 0.370079 0.905512 
vn -0.149606 0.377953 -0.913386 
vn 0.19685 0.370079 0.905512 
vn 0.19685 0.0629921 -0.976378 
vn 0.023622 0.220472 -0.976378 
vn -0.700787 0.188976 -0.692913 
vn -0.291339 0.417323 0.858268 
vn 0.606299 0.685039 0.409449 
vn 0.283465 0.385827 0.88189 
vn -0.0393701 0.614173 0.787402 
vn 0.834646 0.433071 0.338583 
vn 0.141732 0.141732 -0.976378 
vn 0.141732 0.141732 -0.976378 
vn -0.472441 0.330709 -0.818898 
vn -0.0393701 0.614173 0.787402 
vn 0.00787402 0.188976 -0.984252 
vn -0.685039 0.220472 -0.692913 
vn -0.212598 0.456693 0.866142 
vn -0.212598 0.456693 0.866142 
vn 0.685039 0.700787 0.204724 
vn 0.00787402 0.188976 -0.984252 
vn -0.015748 0.307087 -0.952756 
vn -0.11811 0.480315 0.866142 
vn 0.732283 0.440945 0.519685 
vn 0.133858 0.165354 -0.976378 
vn 0.299213 0.771654 0.566929 
vn 0.220472 0.212598 0.952756 
vn 0.149606 0.244094 0.96063 
vn -0.165354 0.409449 0.897638 
vn 0.283465 0.385827 0.88189 
vn -0.015748 0.307087 -0.952756 
vn 0.0708661 0.023622 1 
vn -0.496063 0.433071 -0.755906 
vn -0.503937 0.385827 -0.771654 
vn 0.905512 0.220472 0.354331 
vn 0.188976 0.0708661 -0.976378 
vn -0.377953 0.330709 -0.866142 
vn 0.0944882 0.716535 0.692913 
vn 0.913386 0.307087 0.267717 
vn 0.0787402 0.795276 0.598425 
vn 0.125984 0.149606 0.984252 
vn 0.0866142 -0.00787402 0.992126 
vn 0.0787402 0.00787402 1 
vn -0.00787402 0.00787402 1 
vn 0.307087 0.102362 -0.944882 
vn -0.267717 0.275591 -0.92126 
vn -0.228346 0.661417 0.716535 
vn 0.00787402 0.0393701 1 
vn 0.385827 0.393701 0.834646 
vn 0.346457 0.299213 -0.889764 
vn 0.448819 0.338583 -0.826772 
vn 0.685039 0.393701 0.614173 
vn 0.212598 0.141732 -0.968504 
vn -0.330709 0.283465 -0.897638 
vn -0.133858 0.622047 0.771654 
vn -0.133858 0.0551181 0.992126 
vn -0.173228 0.165354 -0.968504 
vn 0.362205 -0.0866142 0.929134 
vn -0.133858 0.622047 0.771654 
vn 0.732283 0.472441 0.496063 
vn 0.212598 0.141732 -0.968504 
vn 0.354331 0.19685 -0.913386 
vn -0.204724 0.535433 0.818898 
vn 0.488189 0.283465 0.826772 
vn -0.19685 0.385827 -0.897638 
vn -0.433071 0.220472 -0.874016 
vn 0.314961 0.811024 0.488189 
vn -0.0944882 0.244094 -0.968504 
vn 0.015748 0.448819 -0.889764 
vn 0.0472441 0.535433 0.84252 
vn 0.15748 0.488189 0.858268 
vn -0.165354 0.409449 -0.897638 
vn 0.244094 0.440945 -0.866142 
vn 0.307087 0.456693 0.834646 
vn -0.015748 0.110236 0.992126 
vn -0.173228 0.165354 -0.968504 
vn 0.023622 0.519685 0.850394 
vn -0.259843 0.527559 -0.811024 
vn -0.133858 0.0551181 0.992126 
vn 0.393701 0.409449 0.826772 
vn -0.0393701 0.740157 0.669291 
vn 0.346457 0.417323 0.84252 
vn 0.015748 0.834646 0.543307 
vn -0.0393701 0.740157 0.669291 
vn 0.015748 0.834646 0.543307 
vn -0.472441 0.370079 -0.80315 
vn 0.519685 0.464567 0.716535 
vn 0.88189 0.417323 0.228346 
vn 0.0314961 0.976378 0.212598 
vn 0.433071 0.401575 0.80315 
vn 0.141732 0.968504 0.19685 
vn 0.102362 0.267717 -0.96063 
vn 0.299213 0.771654 0.566929 
vn -0.598425 0.401575 -0.692913 
vn -0.685039 0.362205 -0.637795 
vn -0.645669 0.393701 -0.653543 
vn 0.0314961 0.976378 0.212598 
vn 0.141732 0.968504 0.19685 
vn 0.283465 0.527559 -0.795276 
vn -0.220472 0.15748 -0.96063 
vn 0.283465 0.527559 -0.795276 
vn -0.125984 0.527559 0.84252 
vn 0.732283 0.527559 0.433071 
vn 0.15748 0.181102 -0.968504 
vn -0.433071 0.220472 -0.874016 
vn 0.11811 0.811024 0.574803 
vn -0.125984 0.15748 -0.976378 
vn 0.496063 0.866142 -0.0393701 
vn 0.212598 -0.0708661 0.976378 
vn 0.622047 0.0393701 0.779528 
vn -0.377953 0.188976 -0.905512 
vn 0.0787402 0.795276 0.598425 
vn -0.181102 0.188976 -0.968504 
vn -0.0787402 0.692913 0.716535 
vn -0.448819 0.141732 -0.88189 
vn -0.204724 0.440945 0.874016 
vn -0.448819 0.141732 -0.88189 
vn 0.0787402 0.480315 0.874016 
vn -0.732283 -0.102362 -0.669291 
vn -0.622047 0.362205 0.692913 
vn -0.00787402 0.937008 0.354331 
vn -0.606299 0.00787402 -0.795276 
vn -0.622047 0.503937 0.598425 
vn -0.125984 -0.314961 -0.944882 
vn 0.0314961 -0.0944882 0.992126 
vn 0.141732 0.322835 0.937008 
vn -0.0629921 0.0314961 1 
vn -0.307087 0.574803 -0.76378 
vn -0.84252 0.511811 0.165354 
vn -0.141732 0.0472441 -0.992126 
vn 0.0629921 0.0866142 -0.992126 
vn -0.19685 0.0944882 0.976378 
vn -0.259843 0.527559 -0.811024 
vn -0.566929 -0.0314961 0.826772 
vn 0.0787402 0.480315 0.874016 
vn 0.023622 0.519685 0.850394 
vn -0.307087 0.574803 -0.76378 
vn -0.0629921 0.425197 0.905512 
vn -0.259843 0.527559 -0.811024 
vn 0.480315 -0.173228 -0.858268 
vn -0.488189 -0.0944882 -0.866142 
vn -0.850394 0.307087 0.425197 
vn -0.141732 0.0472441 -0.992126 
vn 0.0787402 0.480315 0.874016 
vn 0.496063 0.866142 -0.0393701 
vn 0.188976 0.291339 0.937008 
vn 0.0787402 0.480315 0.874016 
vn 0.141732 0.322835 0.937008 
vn 0.181102 0.267717 0.944882 
vn 0.11811 0.291339 0.944882 
vn 0.181102 0.275591 0.944882 
vn 0.244094 0.0472441 -0.968504 
vn -0.299213 0.307087 -0.905512 
vn 0.275591 0.0393701 -0.96063 
vn -0.259843 0.267717 -0.929134 
vn 0.181102 0.755906 0.629921 
vn 0.952756 0.228346 0.220472 
vn 0.929134 0.228346 0.275591 
vn 0.259843 0.0708661 -0.96063 
vn 0.259843 0.0708661 -0.96063 
vn 0.929134 0.173228 0.314961 
vn -0.275591 0.19685 -0.937008 
vn 0.11811 0.291339 0.944882 
vn -0.653543 0.251969 -0.716535 
vn 0.015748 0.771654 0.637795 
vn 0.92126 0.283465 0.267717 
vn 0.267717 0.0551181 -0.96063 
vn -0.275591 0.19685 -0.937008 
vn -0.0787402 0.692913 0.716535 
vn 0.716535 0.527559 0.456693 
vn 0.220472 0.133858 -0.968504 
vn -0.244094 0.220472 -0.944882 
vn 0.228346 0.149606 -0.96063 
vn -0.291339 0.244094 -0.92126 
vn -0.11811 0.677165 0.724409 
vn -0.425197 0.291339 -0.850394 
vn -0.11811 0.677165 0.724409 
vn 0.700787 0.488189 0.519685 
vn 0.228346 0.149606 -0.96063 
vn 0.913386 0.291339 0.283465 
vn 0.322835 -0.00787402 -0.944882 
vn -0.244094 0.220472 -0.944882 
vn 0.385827 -0.0393701 -0.92126 
vn -0.125984 0.15748 -0.976378 
vn 0.11811 0.811024 0.574803 
vn 0.897638 0.251969 0.370079 
vn -0.181102 0.188976 -0.968504 
vn -0.188976 0.244094 0.952756 
vn -0.929134 0.330709 -0.15748 
vn -0.251969 -0.0393701 0.968504 
vn -0.614173 0.480315 0.629921 
vn 0.417323 0.0393701 -0.905512 
vn -0.787402 0.598425 -0.15748 
vn -0.362205 -0.0708661 -0.929134 
vn 0.370079 0.0708661 -0.929134 
vn -0.614173 0.480315 0.629921 
vn -0.188976 0.244094 0.952756 
vn -0.929134 0.346457 -0.141732 
vn 0.275591 0.133858 0.952756 
vn 0.370079 0.0708661 -0.929134 
vn -0.527559 0.795276 -0.299213 
vn 0.952756 0.244094 -0.173228 
vn 0.173228 0.141732 -0.976378 
vn -0.897638 0.338583 0.291339 
vn 0.141732 0.464567 -0.874016 
vn -0.110236 0.11811 -0.984252 
vn -0.307087 0.84252 0.440945 
vn -0.15748 0.00787402 -0.984252 
vn -0.913386 0.346457 0.212598 
vn -0.15748 0.00787402 -0.984252 
vn -0.307087 0.84252 0.440945 
vn 0.181102 0.251969 -0.952756 
vn 0.897638 0.0551181 -0.440945 
vn -0.314961 0.472441 0.818898 
vn 0.897638 0.0551181 -0.440945 
vn 0.275591 0.228346 0.937008 
vn -0.11811 -0.0708661 -0.992126 
vn 0.456693 -0.188976 -0.866142 
vn -0.818898 0.0393701 0.574803 
vn 0.826772 -0.0314961 -0.566929 
vn -0.440945 0.188976 0.874016 
vn 0.370079 0.0708661 -0.929134 
vn -0.102362 0.307087 0.944882 
vn 0.228346 0.23622 -0.944882 
vn -0.685039 0.488189 -0.543307 
vn 0.0866142 0.362205 0.929134 
vn 0.259843 0.204724 -0.944882 
vn -0.519685 0.771654 -0.362205 
vn 0.80315 0.299213 0.511811 
vn 0.968504 -0.259843 0 
vn 0.992126 0.133858 0.0393701 
vn -0.181102 0.204724 0.96063 
vn -0.181102 0.133858 0.976378 
vn -0.322835 -0.496063 0.80315 
vn -0.527559 0.795276 -0.299213 
vn 0.11811 0.346457 0.929134 
vn 0.952756 0.244094 -0.173228 
vn 0.291339 0.259843 0.92126 
vn 0.165354 0.291339 -0.944882 
vn -0.393701 0.787402 0.480315 
vn -0.937008 0.330709 0.133858 
vn 0.464567 0.377953 -0.80315 
vn -0.0866142 0.0866142 -0.992126 
vn -0.023622 0.322835 0.944882 
vn 0.464567 0.377953 -0.80315 
vn -0.952756 0.307087 0.0551181 
vn 0.409449 0.362205 -0.834646 
vn -0.125984 0.0787402 -0.992126 
vn -0.023622 0.322835 0.944882 
vn -0.133858 0.354331 0.929134 
vn 0.464567 0.377953 -0.80315 
vn -0.023622 0.322835 0.944882 
vn -0.133858 0.354331 0.929134 
vn 0.409449 0.362205 -0.834646 
vn -0.19685 0.370079 0.905512 
vn 0.409449 0.362205 -0.834646 
vn -0.133858 0.354331 0.929134 
vn -0.125984 -0.00787402 0.992126 
vn -0.15748 0.133858 0.976378 
vn -0.141732 0.110236 0.984252 
vn -0.307087 0.0866142 0.944882 
vn -0.15748 0.102362 0.984252 
vn -0.181102 0.133858 0.976378 
vn -0.204724 0.338583 0.92126 
vn -0.149606 0.299213 0.944882 
vn 0.11811 0.76378 0.629921 
vn 0.0629921 0.874016 0.480315 
vn 0.370079 0.314961 -0.874016 
vn 0.11811 0.76378 0.629921 
vn 0.165354 0.267717 -0.944882 
vn -0.299213 0.771654 0.566929 
vn 0.165354 0.267717 -0.944882 
vn 0.0629921 0.874016 0.480315 
vn -0.102362 0.267717 -0.96063 
vn 0.0629921 0.874016 0.480315 
vn -0.11811 0.267717 0.952756 
vn -0.149606 0.244094 0.96063 
vn -0.299213 0.771654 0.566929 
vn -0.141732 0.15748 0.976378 
vn -0.0787402 0.0393701 1 
vn 0.84252 0.0629921 -0.535433 
vn -0.023622 0.220472 -0.976378 
vn 0.291339 0.417323 0.858268 
vn 0.700787 0.188976 -0.692913 
vn -0.606299 0.685039 0.409449 
vn -0.905512 0.212598 0.362205 
vn 0.149606 0.377953 -0.913386 
vn -0.19685 0.0629921 -0.976378 
vn 0.149606 0.377953 -0.913386 
vn -0.905512 0.212598 0.362205 
vn -0.19685 0.370079 0.905512 
vn -0.19685 0.370079 0.905512 
vn 0.149606 0.377953 -0.913386 
vn -0.283465 0.385827 0.88189 
vn -0.00787402 0.188976 -0.984252 
vn 0.212598 0.456693 0.866142 
vn 0.685039 0.220472 -0.692913 
vn -0.685039 0.700787 0.204724 
vn 0.0393701 0.614173 0.787402 
vn -0.141732 0.141732 -0.976378 
vn -0.834646 0.433071 0.338583 
vn 0.472441 0.330709 -0.818898 
vn -0.283465 0.385827 0.88189 
vn 0.015748 0.307087 -0.952756 
vn -0.0944882 0.716535 0.692913 
vn -0.188976 0.0708661 -0.976378 
vn -0.913386 0.307087 0.267717 
vn -0.0708661 0.023622 1 
vn -0.149606 0.244094 0.96063 
vn -0.220472 0.212598 0.952756 
vn -0.299213 0.771654 0.566929 
vn 0.11811 0.480315 0.866142 
vn -0.133858 0.165354 -0.976378 
vn -0.732283 0.440945 0.519685 
vn -0.0314961 0.0314961 1 
vn 0.165354 0.409449 0.897638 
vn 0.015748 0.307087 -0.952756 
vn -0.283465 0.385827 0.88189 
vn 0.015748 0.307087 -0.952756 
vn 0.165354 0.409449 0.897638 
vn 0.496063 0.433071 -0.755906 
vn 0.377953 0.330709 -0.866142 
vn -0.19685 0.76378 0.614173 
vn -0.251969 0.023622 -0.968504 
vn -0.905512 0.220472 0.354331 
vn 0.503937 0.385827 -0.771654 
vn 0.251969 0.307087 -0.92126 
vn 0.80315 0.173228 -0.574803 
vn 0.181102 0.228346 0.96063 
vn 0.740157 0.181102 -0.653543 
vn -0.291339 0.811024 0.511811 
vn 0.204724 0.251969 0.944882 
vn 0.740157 0.204724 -0.637795 
vn -0.0551181 0.669291 0.740157 
vn 0.165354 0.275591 0.944882 
vn 0.913386 -0.188976 -0.362205 
vn 0.204724 0.440945 0.874016 
vn 0.354331 0.0551181 0.929134 
vn 0.692913 0.188976 -0.700787 
vn -0.0944882 0.669291 0.732283 
vn 0.188976 0.307087 0.929134 
vn 0.125984 0.417323 0.897638 
vn 0.952756 -0.149606 -0.251969 
vn 0.511811 0.212598 -0.834646 
vn 0.952756 -0.149606 -0.251969 
vn 0.125984 0.417323 0.897638 
vn 0.291339 0.023622 0.96063 
vn 0.110236 0.519685 0.850394 
vn 0.913386 -0.0472441 -0.401575 
vn 0.377953 0.188976 -0.905512 
vn 0.913386 -0.0472441 -0.401575 
vn 0.110236 0.519685 0.850394 
vn 0.346457 0.133858 0.929134 
vn 0.818898 0.00787402 -0.566929 
vn 0.0472441 0.677165 0.732283 
vn 0.425197 0.244094 0.874016 
vn -0.015748 0.771654 0.637795 
vn 0.023622 0.511811 0.858268 
vn -0.125984 0.141732 -0.984252 
vn -0.84252 0.385827 0.370079 
vn 0.015748 0.0629921 1 
vn 0.480315 0.425197 -0.76378 
vn -0.291339 0.811024 0.511811 
vn 0.740157 0.181102 -0.653543 
vn 0.149606 0.283465 -0.944882 
vn -0.0551181 0.669291 0.740157 
vn 0.740157 0.204724 -0.637795 
vn 0.330709 0.291339 -0.897638 
vn -0.0944882 0.669291 0.732283 
vn 0.692913 0.188976 -0.700787 
vn 0.275591 0.291339 -0.913386 
vn 0.653543 0.251969 -0.716535 
vn -0.181102 0.755906 0.629921 
vn 0.0944882 0.346457 0.937008 
vn 0.913386 -0.00787402 -0.409449 
vn 0.0629921 0.425197 0.905512 
vn 0.338583 0.110236 0.937008 
vn 0.866142 -0.15748 -0.472441 
vn -0.141732 0.322835 0.937008 
vn 0.488189 0.23622 0.84252 
vn 0.0472441 0.677165 0.732283 
vn 0.818898 0.00787402 -0.566929 
vn 0.251969 0.149606 -0.952756 
vn -0.0787402 0.795276 0.598425 
vn -0.433071 0.401575 0.80315 
vn -0.0314961 0.976378 0.212598 
vn -0.88189 0.417323 0.228346 
vn -0.519685 0.464567 0.716535 
vn -0.141732 0.968504 0.19685 
vn -0.346457 0.417323 0.84252 
vn -0.015748 0.834646 0.543307 
vn 0.0393701 0.740157 0.669291 
vn -0.015748 0.834646 0.543307 
vn 0.472441 0.370079 -0.80315 
vn 0.598425 0.401575 -0.692913 
vn 0.0393701 0.740157 0.669291 
vn -0.393701 0.409449 0.826772 
vn -0.102362 0.267717 -0.96063 
vn -0.299213 0.771654 0.566929 
vn -0.283465 0.527559 -0.795276 
vn -0.0314961 0.976378 0.212598 
vn 0.685039 0.362205 -0.637795 
vn -0.283465 0.527559 -0.795276 
vn 0.220472 0.15748 -0.96063 
vn 0.645669 0.393701 -0.653543 
vn -0.141732 0.968504 0.19685 
vn -0.346457 0.299213 -0.889764 
vn -0.385827 0.393701 0.834646 
vn -0.448819 0.338583 -0.826772 
vn -0.00787402 0.0393701 1 
vn 0.228346 0.661417 0.716535 
vn -0.307087 0.102362 -0.944882 
vn -0.685039 0.393701 0.614173 
vn 0.267717 0.275591 -0.92126 
vn -0.125984 0.149606 0.984252 
vn -0.0787402 0.00787402 1 
vn -0.0866142 -0.00787402 0.992126 
vn 0.00787402 0.00787402 1 
vn 0.133858 0.622047 0.771654 
vn -0.212598 0.141732 -0.968504 
vn -0.732283 0.472441 0.496063 
vn 0.204724 0.535433 0.818898 
vn -0.354331 0.19685 -0.913386 
vn -0.488189 0.283465 0.826772 
vn 0.19685 0.385827 -0.897638 
vn -0.212598 0.141732 -0.968504 
vn 0.133858 0.622047 0.771654 
vn 0.330709 0.283465 -0.897638 
vn 0.173228 0.165354 -0.968504 
vn 0.133858 0.0551181 0.992126 
vn -0.362205 -0.0866142 0.929134 
vn -0.314961 0.811024 0.488189 
vn 0.433071 0.220472 -0.874016 
vn 0.0944882 0.244094 -0.968504 
vn -0.307087 0.456693 0.834646 
vn -0.244094 0.440945 -0.866142 
vn -0.15748 0.488189 0.858268 
vn -0.015748 0.448819 -0.889764 
vn -0.0472441 0.535433 0.84252 
vn 0.165354 0.409449 -0.897638 
vn 0.259843 0.527559 -0.811024 
vn -0.023622 0.519685 0.850394 
vn 0.015748 0.110236 0.992126 
vn 0.125984 0.527559 0.84252 
vn -0.15748 0.181102 -0.968504 
vn -0.732283 0.527559 0.433071 
vn -0.259843 0.0708661 -0.96063 
vn -0.929134 0.228346 0.275591 
vn 0.330709 0.291339 -0.897638 
vn -0.267717 0.0393701 -0.96063 
vn -0.929134 0.244094 0.275591 
vn 0.275591 0.291339 -0.913386 
vn -0.275591 0.0393701 -0.96063 
vn -0.181102 0.755906 0.629921 
vn 0.259843 0.267717 -0.929134 
vn -0.929134 0.173228 0.314961 
vn 0.259843 0.267717 -0.929134 
vn -0.267717 0.0551181 -0.96063 
vn -0.92126 0.283465 0.267717 
vn -0.181102 0.267717 0.944882 
vn -0.11811 0.291339 0.944882 
vn -0.11811 0.291339 0.944882 
vn -0.015748 0.771654 0.637795 
vn 0.511811 0.212598 -0.834646 
vn 0.275591 0.19685 -0.937008 
vn -0.181102 0.275591 0.944882 
vn -0.267717 0.0551181 -0.96063 
vn -0.15748 0.181102 -0.968504 
vn 0.125984 0.527559 0.84252 
vn 0.425197 0.291339 -0.850394 
vn 0.11811 0.677165 0.724409 
vn -0.228346 0.149606 -0.96063 
vn -0.700787 0.488189 0.519685 
vn -0.228346 0.149606 -0.96063 
vn 0.11811 0.677165 0.724409 
vn 0.291339 0.244094 -0.92126 
vn 0.0787402 0.692913 0.716535 
vn -0.220472 0.133858 -0.968504 
vn -0.716535 0.527559 0.456693 
vn -0.220472 0.133858 -0.968504 
vn 0.0787402 0.692913 0.716535 
vn 0.244094 0.220472 -0.944882 
vn -0.322835 -0.00787402 -0.944882 
vn -0.913386 0.291339 0.283465 
vn 0.181102 0.188976 -0.968504 
vn -0.11811 0.811024 0.574803 
vn -0.385827 -0.0393701 -0.92126 
vn -0.897638 0.251969 0.370079 
vn 0.125984 0.15748 -0.976378 
vn 0.448819 0.141732 -0.88189 
vn 0.244094 0.220472 -0.944882 
vn 0.448819 0.141732 -0.88189 
vn 0.204724 0.440945 0.874016 
vn 0.448819 0.141732 -0.88189 
vn -0.0787402 0.795276 0.598425 
vn 0.377953 0.188976 -0.905512 
vn 0.181102 0.188976 -0.968504 
vn -0.212598 -0.0708661 0.976378 
vn -0.496063 0.866142 -0.0393701 
vn -0.622047 0.0393701 0.779528 
vn 0.433071 0.220472 -0.874016 
vn 0.251969 0.149606 -0.952756 
vn 0.125984 -0.314961 -0.944882 
vn -0.0314961 -0.0944882 0.992126 
vn -0.0787402 0.480315 0.874016 
vn -0.141732 0.322835 0.937008 
vn 0.732283 -0.102362 -0.669291 
vn -0.0787402 0.480315 0.874016 
vn 0.622047 0.362205 0.692913 
vn 0.606299 0.00787402 -0.795276 
vn 0.00787402 0.937008 0.354331 
vn 0.622047 0.503937 0.598425 
vn 0.307087 0.574803 -0.76378 
vn 0.0629921 0.0314961 1 
vn 0.84252 0.511811 0.165354 
vn 0.0629921 0.425197 0.905512 
vn 0.307087 0.574803 -0.76378 
vn 0.259843 0.527559 -0.811024 
vn -0.023622 0.519685 0.850394 
vn -0.0787402 0.480315 0.874016 
vn 0.141732 0.0472441 -0.992126 
vn -0.0629921 0.0866142 -0.992126 
vn 0.259843 0.527559 -0.811024 
vn 0.19685 0.0944882 0.976378 
vn 0.566929 -0.0314961 0.826772 
vn -0.480315 -0.173228 -0.858268 
vn 0.850394 0.307087 0.425197 
vn 0.488189 -0.0944882 -0.866142 
vn -0.0787402 0.480315 0.874016 
vn -0.188976 0.291339 0.937008 
vn -0.141732 0.322835 0.937008 
vn -0.0787402 0.480315 0.874016 
vn 0.141732 0.110236 0.984252 
vn 0.0629921 -0.314961 0.944882 
vn 0.322835 -0.377953 0.866142 
vn 0.811024 -0.322835 0.496063 
vn 0.952756 0.307087 0.0551181 
vn -0.11811 0.0551181 0.992126 
vn 0.133858 0.354331 0.929134 
vn -0.11811 0.0551181 0.992126 
vn 0.952756 0.307087 0.0551181 
vn 0.15748 0.133858 0.976378 
vn -0.0551181 -0.173228 0.984252 
vn -0.0866142 -0.015748 1 
vn 0.023622 0.322835 0.944882 
vn 0.133858 0.354331 0.929134 
vn -0.0866142 -0.015748 1 
vn 0.952756 -0.133858 0.267717 
vn 0.937008 0.330709 0.133858 
vn 0.0944882 -0.299213 0.944882 
vn 0.937008 0.330709 0.133858 
vn 0.543307 -0.314961 0.779528 
vn 0.15748 0.102362 0.984252 
vn 0.19685 0.370079 0.905512 
vn -0.188976 0.015748 0.984252 
vn 0.905512 0.212598 0.362205 
vn -0.0393701 -0.220472 0.976378 
vn -0.188976 0.015748 0.984252 
vn -0.110236 -0.228346 0.968504 
vn 0.755906 -0.338583 0.566929 
vn 0.905512 0.212598 0.362205 
vn -0.19685 -0.149606 0.968504 
vn 0.866142 0.102362 0.480315 
vn -0.212598 0.0472441 0.976378 
vn -0.212598 0.456693 0.866142 
vn 0.937008 0.15748 0.307087 
vn 0.685039 0.700787 0.204724 
vn -0.188976 0.0629921 0.976378 
vn 0.905512 0.244094 0.346457 
vn 0.606299 0.685039 0.409449 
vn -0.291339 0.417323 0.858268 
vn 0.19685 0.188976 0.96063 
vn 0.204724 0.165354 0.968504 
vn 0.149606 0.165354 0.976378 
vn 0.19685 0.370079 0.905512 
vn 0.141732 0.110236 0.984252 
vn 0.125984 -0.00787402 0.992126 
vn 0.188976 -0.0393701 0.984252 
vn -0.102362 -0.0787402 0.992126 
vn 0.173228 0 0.984252 
vn -0.0866142 -0.0708661 0.992126 
vn 0.314961 0.472441 0.818898 
vn 0.023622 0.322835 0.944882 
vn 0.173228 0 0.984252 
vn 0.779528 -0.622047 0.0551181 
vn 0.307087 0.0866142 0.944882 
vn 0.15748 0.102362 0.984252 
vn 0.307087 0.0866142 0.944882 
vn 0.181102 0.133858 0.976378 
vn 0.11811 0.267717 0.952756 
vn 0.15748 0.188976 0.968504 
vn 0.866142 0.0629921 0.503937 
vn 0.732283 0.440945 0.519685 
vn -0.204724 0.0944882 0.976378 
vn -0.165354 0.409449 0.897638 
vn -0.212598 0.0472441 0.976378 
vn 0.283465 0.385827 0.88189 
vn 0.0787402 0.0393701 1 
vn -0.440945 -0.795276 0.425197 
vn 0.0708661 0.023622 1 
vn -0.566929 -0.740157 0.362205 
vn 0.866142 0.102362 0.480315 
vn 0.283465 0.385827 0.88189 
vn 0.0708661 0.023622 1 
vn -0.173228 -0.944882 0.267717 
vn -0.440945 -0.795276 0.425197 
vn 0.897638 0.338583 0.291339 
vn -0.0866142 -0.0708661 0.992126 
vn 0.976378 -0.110236 0.188976 
vn 0.897638 0.338583 0.291339 
vn 0.133858 -0.346457 0.929134 
vn -0.968504 -0.244094 0.0944882 
vn 0.212598 -0.307087 0.929134 
vn -0.0314961 0.0393701 1 
vn 0.992126 -0.0944882 0.0629921 
vn 0.944882 0.314961 -0.0866142 
vn -0.826772 -0.181102 0.535433 
vn -0.519685 -0.811024 0.283465 
vn 0.362205 -0.283465 0.889764 
vn -0.110236 0.0629921 0.992126 
vn 0.84252 -0.133858 0.527559 
vn 0.929134 0.346457 -0.141732 
vn -0.275591 0.228346 0.937008 
vn -0.141732 0.023622 0.992126 
vn 0.913386 0.346457 0.212598 
vn 0.0551181 0.0944882 0.992126 
vn 0.362205 -0.283465 0.889764 
vn 0.992126 -0.0551181 -0.133858 
vn 0.0551181 -0.220472 0.976378 
vn -0.141732 0.0472441 0.992126 
vn 0.850394 -0.188976 0.488189 
vn 0.92126 0.299213 0.23622 
vn 0.204724 0.165354 0.968504 
vn 0.913386 -0.0551181 0.409449 
vn 0.173228 0.173228 0.968504 
vn -0.291339 0.259843 0.92126 
vn 0.173228 0.173228 0.968504 
vn 0.173228 0.173228 0.968504 
vn 0.905512 0.00787402 0.417323 
vn 0.188976 0.204724 0.96063 
vn 0.0551181 -0.228346 0.976378 
vn 0.834646 -0.125984 0.543307 
vn 0.0314961 -0.165354 0.984252 
vn 0.393701 0.787402 0.480315 
vn 0.992126 -0.11811 -0.023622 
vn 0.0551181 0.0944882 0.992126 
vn 0.944882 0.314961 -0.0866142 
vn -0.11811 0.346457 0.929134 
vn -0.0314961 0.0393701 1 
vn 0.102362 0.307087 0.944882 
vn -0.629921 -0.511811 0.590551 
vn 0.251969 -0.220472 0.944882 
vn -0.275591 0.133858 0.952756 
vn -0.716535 -0.456693 -0.527559 
vn -0.362205 -0.929134 0.0944882 
vn 0.488189 -0.314961 0.811024 
vn 0.188976 0.244094 0.952756 
vn 0.614173 0.480315 0.629921 
vn -0.141732 -0.322835 0.937008 
vn 0.393701 -0.00787402 0.92126 
vn 0.251969 -0.0393701 0.968504 
vn 0.188976 0.244094 0.952756 
vn -0.716535 -0.456693 -0.527559 
vn 0.188976 0.204724 0.96063 
vn 0.173228 0.173228 0.968504 
vn 0.307087 0.84252 0.440945 
vn 0.244094 0.220472 0.944882 
vn 0.188976 0.244094 0.952756 
vn 0.952756 0.244094 0.181102 
vn 0.165354 -0.133858 0.976378 
vn 0.110236 -0.755906 0.637795 
vn 0.0314961 -0.165354 0.984252 
vn 0.716535 -0.133858 0.685039 
vn -0.212598 -0.0866142 0.976378 
vn 0.362205 -0.401575 0.84252 
vn -0.165354 0.275591 0.944882 
vn -0.19685 -0.0866142 0.976378 
vn 0.472441 -0.346457 0.811024 
vn -0.149606 0.299213 0.944882 
vn 0.448819 -0.370079 0.818898 
vn 0.732283 -0.149606 0.661417 
vn 0.708661 -0.133858 0.692913 
vn -0.204724 0.251969 0.944882 
vn -0.188976 -0.0944882 0.976378 
vn 0.80315 -0.125984 0.574803 
vn -0.181102 0.228346 0.96063 
vn 0.417323 -0.393701 0.818898 
vn 0.606299 -0.283465 0.740157 
vn 0.251969 0.204724 0.944882 
vn -0.125984 -0.015748 0.992126 
vn 0.818898 0.0629921 0.566929 
vn -0.259843 -0.0472441 0.968504 
vn 0.354331 -0.338583 0.874016 
vn -0.0944882 0.346457 0.937008 
vn 0.417323 -0.377953 0.826772 
vn 0.716535 -0.15748 0.685039 
vn 0.291339 -0.322835 0.897638 
vn -0.125984 0.417323 0.897638 
vn -0.291339 0.023622 0.96063 
vn 0.125984 -0.267717 0.952756 
vn -0.110236 0.519685 0.850394 
vn -0.346457 0.133858 0.929134 
vn 0.488189 -0.133858 0.858268 
vn 0.0314961 -0.19685 0.984252 
vn -0.0472441 0.677165 0.732283 
vn -0.425197 0.244094 0.874016 
vn -0.212598 -0.023622 0.976378 
vn -0.188976 -0.0629921 0.984252 
vn 0.598425 -0.125984 0.795276 
vn 0.574803 -0.220472 0.787402 
vn 0.181102 0.267717 0.944882 
vn -0.204724 -0.0393701 0.976378 
vn 0.440945 -0.15748 0.88189 
vn 0.181102 0.275591 0.944882 
vn -0.275591 0.023622 0.96063 
vn -0.141732 0.267717 0.952756 
vn -0.181102 -0.0944882 0.976378 
vn 0.574803 -0.307087 0.76378 
vn 0.354331 -0.244094 0.905512 
vn -0.204724 0.362205 0.905512 
vn -0.291339 -0.015748 0.96063 
vn -0.212598 0.259843 0.944882 
vn -0.251969 -0.0551181 0.968504 
vn 0.433071 -0.307087 0.850394 
vn 0.220472 0.23622 0.944882 
vn -0.19685 -0.015748 0.976378 
vn 0.23622 0.220472 0.944882 
vn 0.716535 0.015748 0.700787 
vn -0.299213 -0.0708661 0.952756 
vn 0.362205 -0.283465 0.889764 
vn -0.19685 -0.102362 0.976378 
vn 0.929134 0 0.370079 
vn -0.133858 0.11811 0.984252 
vn 0.23622 0.220472 0.944882 
vn 0.88189 0.15748 0.440945 
vn -0.299213 0.141732 0.944882 
vn 0.228346 0.251969 0.937008 
vn 0.566929 -0.188976 0.795276 
vn 0.220472 0.23622 0.944882 
vn 0.362205 -0.133858 0.92126 
vn -0.866142 -0.15748 -0.472441 
vn 0.0472441 -1 0.0314961 
vn 0.181102 -0.125984 0.976378 
vn 0.377953 -0.173228 0.913386 
vn 0.188976 0.291339 0.937008 
vn -0.307087 0.0866142 0.944882 
vn 0.181102 -0.125984 0.976378 
vn -0.488189 0.23622 0.84252 
vn -0.866142 -0.15748 -0.472441 
vn 0.181102 0.267717 0.944882 
vn 0.519685 -0.173228 0.834646 
vn -0.173228 -0.0472441 0.984252 
vn 0.228346 0.251969 0.937008 
vn 0.496063 -0.448819 0.748031 
vn 0.559055 -0.417323 0.716535 
vn -0.15748 0.149606 0.976378 
vn 0.606299 -0.377953 0.700787 
vn 0.929134 0 0.370079 
vn 0.866142 0.0629921 0.503937 
vn -0.220472 -0.141732 0.968504 
vn 0.519685 -0.401575 0.748031 
vn -0.0944882 -0.0944882 0.992126 
vn 0.19685 0.19685 0.96063 
vn 0.692913 -0.259843 0.669291 
vn -0.173228 0.125984 0.976378 
vn 0.015748 -0.204724 0.976378 
vn -0.0551181 -0.165354 0.984252 
vn 0.724409 -0.23622 0.653543 
vn -0.0708661 -0.102362 0.992126 
vn 0.771654 -0.0787402 0.629921 
vn 0.204724 0.165354 0.968504 
vn 0.755906 -0.141732 0.637795 
vn -0.133858 -0.15748 0.976378 
vn 0.566929 -0.401575 0.716535 
vn -0.149606 0.173228 0.976378 
vn -0.165354 -0.15748 0.976378 
vn 0.88189 -0.0629921 0.472441 
vn 0.551181 -0.251969 0.795276 
vn 0.244094 0.204724 0.944882 
vn -0.15748 -0.015748 0.984252 
vn 0.228346 0.19685 0.952756 
vn -0.133858 -0.0393701 0.992126 
vn 0.622047 -0.259843 0.740157 
vn -0.0787402 -0.165354 0.984252 
vn -0.11811 -0.0866142 0.992126 
vn 0.708661 -0.212598 0.669291 
vn -0.204724 0.0944882 0.976378 
vn 0.834646 0.433071 0.338583 
vn -0.0393701 0.614173 0.787402 
vn 0.19685 0.188976 0.96063 
vn 0.220472 0.212598 0.952756 
vn 0.19685 0.188976 0.96063 
vn 0.905512 0.220472 0.354331 
vn 0.19685 0.76378 0.614173 
vn 0.913386 0.307087 0.267717 
vn 0.0944882 0.716535 0.692913 
vn -0.204724 0.440945 0.874016 
vn -0.354331 0.0551181 0.929134 
vn 0.220472 -0.23622 0.944882 
vn 0.102362 0.141732 0.984252 
vn 0.0787402 0.00787402 1 
vn 0.0393701 0.015748 1 
vn 0.102362 0.141732 0.984252 
vn 0.110236 -0.141732 0.984252 
vn 0.0314961 -0.0787402 1 
vn -0.015748 0.110236 0.992126 
vn 0.102362 -0.15748 0.984252 
vn 0.125984 0.149606 0.984252 
vn 0.0708661 0.125984 0.992126 
vn 0.0629921 0.15748 0.984252 
vn -0.0629921 -0.0472441 1 
vn 0.141732 0.15748 0.976378 
vn 0.00787402 0.0393701 1 
vn 0.0629921 0.15748 0.984252 
vn 0.0708661 0.125984 0.992126 
vn 0.685039 0.393701 0.614173 
vn -0.228346 0.661417 0.716535 
vn -0.299213 0.204724 0.929134 
vn -0.488189 -0.874016 -0.023622 
vn -0.488189 -0.874016 -0.023622 
vn 0.0787402 0.00787402 1 
vn -0.19685 -0.976378 -0.125984 
vn -0.685039 -0.724409 0.0629921 
vn 0.0393701 0.015748 1 
vn -0.685039 -0.724409 0.0629921 
vn -0.015748 0.0629921 1 
vn 0.385827 0.393701 0.834646 
vn 0.181102 0.23622 0.952756 
vn 0.204724 0.212598 0.952756 
vn 0.307087 0.456693 0.834646 
vn 0.15748 0.259843 0.952756 
vn 0.102362 0.141732 0.984252 
vn 0.165354 -0.401575 0.897638 
vn 0.125984 0.149606 0.984252 
vn 0.480315 -0.173228 -0.858268 
vn -0.015748 -0.448819 0.897638 
vn -0.23622 -0.440945 0.866142 
vn -0.448819 -0.338583 0.826772 
vn 0.0708661 0.125984 0.992126 
vn 0.0629921 0.15748 0.984252 
vn -0.23622 -0.440945 0.866142 
vn 0.0708661 0.125984 0.992126 
vn 0.125984 0.149606 0.984252 
vn -0.133858 0.0551181 0.992126 
vn -0.173228 0.165354 -0.968504 
vn -0.19685 0.0944882 0.976378 
vn -0.015748 0.110236 0.992126 
vn -0.259843 0.527559 -0.811024 
vn 0.11811 0.291339 0.944882 
vn 0.0472441 0.535433 0.84252 
vn 0.023622 0.519685 0.850394 
vn 0.15748 0.488189 0.858268 
vn 0.11811 0.291339 0.944882 
vn 0.141732 0.15748 0.976378 
vn 0.322835 -0.496063 0.80315 
vn -0.952756 0.244094 -0.173228 
vn -0.0314961 0.0393701 1 
vn -0.11811 0.346457 0.929134 
vn -0.992126 0.133858 0.0393701 
vn 0.0551181 0.0944882 0.992126 
vn -0.0866142 0.362205 0.929134 
vn 0.181102 0.133858 0.976378 
vn 0.307087 0.0866142 0.944882 
vn 0.181102 0.204724 0.96063 
vn -0.80315 0.299213 0.511811 
vn -0.409449 -0.244094 -0.88189 
vn -0.826772 -0.181102 0.535433 
vn 0.322835 -0.496063 0.80315 
vn -0.716535 -0.456693 -0.527559 
vn 0.188976 0.244094 0.952756 
vn 0.944882 0.259843 0.19685 
vn 0.968504 -0.23622 0.015748 
vn 0.409449 -0.0393701 0.913386 
vn 0.433071 0.275591 0.858268 
vn 0.149606 0.244094 0.96063 
vn 0.929134 0 0.370079 
vn 0.84252 0.385827 0.370079 
vn -0.133858 0.11811 0.984252 
vn 0.15748 0.102362 0.984252 
vn 0.165354 -0.267717 0.944882 
vn 0.141732 0.110236 0.984252 
vn 0.165354 -0.267717 0.944882 
vn 0.15748 0.133858 0.976378 
vn 0.141732 0.110236 0.984252 
vn 0.149606 0.299213 0.944882 
vn -0.370079 0.0708661 -0.929134 
vn 0.614173 0.480315 0.629921 
vn 0.440945 0.188976 0.874016 
vn 0.181102 0.133858 0.976378 
vn 0.370079 -0.314961 0.874016 
vn 0.322835 -0.496063 0.80315 
vn 0.472441 -0.377953 0.795276 
vn 0.204724 0.338583 0.92126 
vn 0.968504 -0.23622 0.015748 
vn 0.88189 0.417323 0.228346 
vn 0.409449 -0.0393701 0.913386 
vn 0.346457 0.417323 0.84252 
vn 0.433071 0.401575 0.80315 
vn -0.346457 -0.299213 0.889764 
vn -0.110236 -0.267717 0.952756 
vn 0.141732 0.15748 0.976378 
vn 0.393701 0.409449 0.826772 
vn 0.299213 0.771654 0.566929 
vn -0.11811 0.480315 0.866142 
vn 0.133858 -0.283465 0.952756 
vn 0.811024 -0.125984 0.574803 
vn -0.0629921 0.425197 0.905512 
vn -0.338583 0.110236 0.937008 
vn 0.897638 0.251969 0.370079 
vn 0.11811 0.811024 0.574803 
vn 0.362205 -0.0866142 0.929134 
vn -0.259843 0.0629921 0.96063 
vn -0.0551181 -0.15748 0.984252 
vn 0.732283 -0.0472441 0.677165 
vn 0.787402 -0.0314961 0.614173 
vn 0.181102 0.755906 0.629921 
vn 0.0787402 0.795276 0.598425 
vn 0.913386 0.291339 0.283465 
vn 0.228346 0.251969 0.937008 
vn 0.181102 0.267717 0.944882 
vn -0.00787402 0.937008 0.354331 
vn -0.0787402 -0.0629921 0.992126 
vn 0.212598 -0.0708661 0.976378 
vn 0.141732 0.322835 0.937008 
vn -0.622047 0.503937 0.598425 
vn 0.0314961 -0.0944882 0.992126 
vn 0.0787402 0.480315 0.874016 
vn -0.622047 0.362205 0.692913 
vn 0.188976 0.291339 0.937008 
vn 0.181102 0.275591 0.944882 
vn 0.015748 0.771654 0.637795 
vn 0.708661 -0.0629921 0.700787 
vn 0.80315 0.314961 0.503937 
vn -0.0629921 0.425197 0.905512 
vn 0.811024 -0.125984 0.574803 
vn -0.0472441 -0.133858 0.992126 
vn -0.19685 0.0944882 0.976378 
vn 0.314961 0.811024 0.488189 
vn -0.00787402 0.00787402 1 
vn -0.133858 0.0551181 0.992126 
vn -0.574803 -0.755906 0.314961 
vn -0.0787402 0.692913 0.716535 
vn 0.732283 -0.0472441 0.677165 
vn 0.716535 0.527559 0.456693 
vn 0.787402 -0.0314961 0.614173 
vn -0.11811 0.677165 0.724409 
vn -0.204724 0.362205 0.905512 
vn -0.346457 -0.913386 0.220472 
vn -0.259843 0.527559 -0.811024 
vn -0.259843 0.0629921 0.96063 
vn 0.362205 -0.0866142 0.929134 
vn 0.496063 0.866142 -0.0393701 
vn -0.0551181 -0.464567 -0.88189 
vn -0.0629921 0.0314961 1 
vn -0.15748 -0.661417 0.732283 
vn 0.0787402 0.480315 0.874016 
vn -0.850394 0.307087 0.425197 
vn 0.0787402 0.480315 0.874016 
vn 0.188976 0.291339 0.937008 
vn 0.023622 0.519685 0.850394 
vn -0.204724 0.440945 0.874016 
vn 0.181102 0.275591 0.944882 
vn 0.023622 0.519685 0.850394 
vn 0.188976 0.291339 0.937008 
vn 0.11811 0.291339 0.944882 
vn -0.173228 -0.96063 0.220472 
vn -0.00787402 0.00787402 1 
vn -0.346457 -0.913386 0.220472 
vn -0.023622 0.511811 0.858268 
vn 0.929134 0.228346 0.275591 
vn 0.0551181 0.669291 0.740157 
vn -0.299213 0.141732 0.944882 
vn 0.818898 0.0629921 0.566929 
vn 0.488189 0.283465 0.826772 
vn -0.708661 -0.637795 0.307087 
vn 0.0314961 0.0314961 1 
vn -0.015748 0.0629921 1 
vn -0.637795 -0.653543 0.409449 
vn 0.0314961 0.0314961 1 
vn -0.566929 -0.740157 0.362205 
vn 0.0787402 0.0393701 1 
vn -0.299213 0.204724 0.929134 
vn 0.133858 0.669291 0.724409 
vn 0.834646 0.00787402 0.559055 
vn 0.889764 -0.0393701 0.456693 
vn 0.952756 0.228346 0.220472 
vn 0.291339 0.811024 0.511811 
vn 0.929134 0.173228 0.314961 
vn 0.732283 0.472441 0.496063 
vn -0.212598 0.259843 0.944882 
vn 0.834646 0.00787402 0.559055 
vn -0.133858 0.622047 0.771654 
vn -0.125984 0.527559 0.84252 
vn 0.889764 -0.0393701 0.456693 
vn 0.732283 0.527559 0.433071 
vn 0.716535 0.015748 0.700787 
vn -0.204724 0.535433 0.818898 
vn 0.700787 0.488189 0.519685 
vn -0.141732 0.267717 0.952756 
vn 0.92126 0.283465 0.267717 
vn 0.0866142 -0.00787402 0.992126 
vn 0.220472 0.23622 0.944882 
vn 0.141732 -0.322835 0.937008 
vn -0.614173 0.480315 0.629921 
vn -0.393701 -0.00787402 0.92126 
vn -0.929134 0.346457 -0.141732 
vn -0.84252 -0.133858 0.527559 
vn 0.110236 0.0629921 0.992126 
vn -0.0551181 -0.220472 0.976378 
vn 0.826772 -0.181102 0.535433 
vn -0.362205 -0.283465 0.889764 
vn 0.519685 -0.811024 0.283465 
vn -0.0551181 0.0944882 0.992126 
vn -0.992126 -0.0551181 -0.133858 
vn 0.141732 0.023622 0.992126 
vn 0.275591 0.228346 0.937008 
vn -0.913386 0.346457 0.212598 
vn -0.212598 -0.307087 0.929134 
vn 0.0314961 0.0393701 1 
vn -0.992126 -0.0944882 0.0629921 
vn -0.133858 -0.346457 0.929134 
vn 0.0866142 -0.0708661 0.992126 
vn -0.976378 -0.110236 0.188976 
vn -0.897638 0.338583 0.291339 
vn -0.212598 -0.307087 0.929134 
vn 0.968504 -0.244094 0.0944882 
vn 0.0314961 0.0393701 1 
vn -0.834646 -0.125984 0.543307 
vn -0.92126 0.299213 0.23622 
vn -0.850394 -0.188976 0.488189 
vn 0.141732 0.0472441 0.992126 
vn -0.0551181 -0.228346 0.976378 
vn -0.173228 0.173228 0.968504 
vn -0.905512 0.00787402 0.417323 
vn -0.0314961 -0.165354 0.984252 
vn -0.188976 0.204724 0.96063 
vn -0.173228 0.173228 0.968504 
vn -0.913386 -0.0551181 0.409449 
vn -0.204724 0.165354 0.968504 
vn -0.0314961 -0.165354 0.984252 
vn 0.291339 0.259843 0.92126 
vn -0.149606 0.165354 0.976378 
vn -0.173228 0.173228 0.968504 
vn -0.204724 0.165354 0.968504 
vn -0.944882 0.314961 -0.0866142 
vn 0.716535 -0.456693 -0.527559 
vn -0.488189 -0.314961 0.811024 
vn 0.362205 -0.929134 0.0944882 
vn 0.275591 0.133858 0.952756 
vn -0.188976 0.244094 0.952756 
vn -0.251969 -0.0393701 0.968504 
vn 0.716535 -0.456693 -0.527559 
vn -0.188976 0.244094 0.952756 
vn -0.362205 -0.283465 0.889764 
vn 0.826772 -0.181102 0.535433 
vn -0.0551181 0.0944882 0.992126 
vn -0.181102 0.133858 0.976378 
vn -0.992126 -0.11811 -0.023622 
vn -0.543307 -0.314961 0.779528 
vn 0.0866142 -0.0708661 0.992126 
vn -0.314961 0.472441 0.818898 
vn -0.897638 0.338583 0.291339 
vn 0.11811 0.346457 0.929134 
vn -0.944882 0.314961 -0.0866142 
vn 0.0314961 0.0393701 1 
vn 0.629921 -0.511811 0.590551 
vn -0.102362 0.307087 0.944882 
vn -0.251969 -0.220472 0.944882 
vn -0.952756 0.244094 0.181102 
vn -0.188976 0.204724 0.96063 
vn -0.188976 0.244094 0.952756 
vn -0.307087 0.84252 0.440945 
vn -0.165354 -0.133858 0.976378 
vn -0.110236 -0.755906 0.637795 
vn -0.244094 0.220472 0.944882 
vn -0.173228 0.173228 0.968504 
vn -0.393701 0.787402 0.480315 
vn 0.188976 0.0629921 0.976378 
vn -0.606299 0.685039 0.409449 
vn -0.905512 0.244094 0.346457 
vn -0.937008 0.330709 0.133858 
vn -0.952756 -0.133858 0.267717 
vn 0.0866142 -0.015748 1 
vn -0.0944882 -0.299213 0.944882 
vn 0.0866142 -0.015748 1 
vn -0.023622 0.322835 0.944882 
vn -0.937008 0.330709 0.133858 
vn -0.15748 0.102362 0.984252 
vn -0.322835 -0.377953 0.866142 
vn -0.133858 0.354331 0.929134 
vn -0.141732 0.110236 0.984252 
vn -0.0629921 -0.314961 0.944882 
vn -0.811024 -0.322835 0.496063 
vn 0.11811 0.0551181 0.992126 
vn -0.952756 0.307087 0.0551181 
vn -0.133858 0.354331 0.929134 
vn -0.952756 0.307087 0.0551181 
vn 0.11811 0.0551181 0.992126 
vn -0.15748 0.133858 0.976378 
vn 0.0551181 -0.173228 0.984252 
vn -0.19685 0.370079 0.905512 
vn 0.0393701 -0.220472 0.976378 
vn 0.291339 0.417323 0.858268 
vn -0.685039 0.700787 0.204724 
vn -0.937008 0.15748 0.307087 
vn 0.212598 0.456693 0.866142 
vn -0.19685 0.188976 0.96063 
vn -0.755906 -0.338583 0.566929 
vn 0.188976 0.015748 0.984252 
vn -0.905512 0.212598 0.362205 
vn 0.110236 -0.228346 0.968504 
vn -0.866142 0.102362 0.480315 
vn 0.19685 -0.149606 0.968504 
vn 0.212598 0.0472441 0.976378 
vn -0.905512 0.212598 0.362205 
vn 0.188976 0.015748 0.984252 
vn -0.19685 0.370079 0.905512 
vn -0.283465 0.385827 0.88189 
vn -0.866142 0.102362 0.480315 
vn 0.212598 0.0472441 0.976378 
vn -0.023622 0.322835 0.944882 
vn -0.173228 0 0.984252 
vn -0.307087 0.0866142 0.944882 
vn -0.779528 -0.622047 0.0551181 
vn -0.15748 0.102362 0.984252 
vn -0.141732 0.110236 0.984252 
vn -0.188976 -0.0393701 0.984252 
vn -0.125984 -0.00787402 0.992126 
vn 0.102362 -0.0787402 0.992126 
vn -0.283465 0.385827 0.88189 
vn -0.0708661 0.023622 1 
vn 0.173228 -0.944882 0.267717 
vn 0.440945 -0.795276 0.425197 
vn -0.11811 0.267717 0.952756 
vn -0.15748 0.188976 0.968504 
vn -0.0787402 0.0393701 1 
vn 0.165354 0.409449 0.897638 
vn -0.866142 0.0629921 0.503937 
vn 0.204724 0.0944882 0.976378 
vn -0.732283 0.440945 0.519685 
vn 0.440945 -0.795276 0.425197 
vn 0.566929 -0.740157 0.362205 
vn -0.0787402 0.0393701 1 
vn -0.559055 -0.417323 0.716535 
vn -0.015748 -0.204724 0.976378 
vn 0.0551181 -0.165354 0.984252 
vn -0.724409 -0.23622 0.653543 
vn 0.0708661 -0.102362 0.992126 
vn -0.204724 0.165354 0.968504 
vn -0.771654 -0.0787402 0.629921 
vn -0.692913 -0.259843 0.669291 
vn 0.173228 0.125984 0.976378 
vn 0.220472 -0.141732 0.968504 
vn -0.866142 0.0629921 0.503937 
vn -0.519685 -0.401575 0.748031 
vn -0.606299 -0.377953 0.700787 
vn 0.15748 0.149606 0.976378 
vn -0.929134 0 0.370079 
vn 0.0944882 -0.0944882 0.992126 
vn -0.19685 0.19685 0.96063 
vn -0.755906 -0.141732 0.637795 
vn -0.708661 -0.212598 0.669291 
vn 0.11811 -0.0866142 0.992126 
vn 0.0787402 -0.165354 0.984252 
vn -0.228346 0.19685 0.952756 
vn -0.622047 -0.259843 0.740157 
vn 0.133858 -0.0393701 0.992126 
vn 0.133858 -0.15748 0.976378 
vn 0.149606 0.173228 0.976378 
vn -0.566929 -0.401575 0.716535 
vn 0.165354 -0.15748 0.976378 
vn -0.88189 -0.0629921 0.472441 
vn -0.244094 0.204724 0.944882 
vn -0.551181 -0.251969 0.795276 
vn 0.15748 -0.015748 0.984252 
vn -0.19685 0.188976 0.96063 
vn -0.834646 0.433071 0.338583 
vn 0.0393701 0.614173 0.787402 
vn -0.19685 0.188976 0.96063 
vn 0.204724 0.0944882 0.976378 
vn 0.19685 -0.102362 0.976378 
vn -0.929134 0 0.370079 
vn -0.496063 -0.448819 0.748031 
vn 0.133858 0.11811 0.984252 
vn -0.220472 0.212598 0.952756 
vn -0.913386 0.307087 0.267717 
vn -0.0944882 0.716535 0.692913 
vn -0.251969 0.204724 0.944882 
vn -0.905512 0.220472 0.354331 
vn -0.80315 -0.125984 0.574803 
vn 0.181102 0.228346 0.96063 
vn -0.19685 0.76378 0.614173 
vn -0.417323 -0.393701 0.818898 
vn 0.188976 -0.0944882 0.976378 
vn -0.716535 -0.133858 0.685039 
vn 0.212598 -0.0866142 0.976378 
vn 0.204724 0.251969 0.944882 
vn -0.606299 -0.283465 0.740157 
vn 0.125984 -0.015748 0.992126 
vn 0.259843 -0.0472441 0.968504 
vn -0.818898 0.0629921 0.566929 
vn -0.354331 -0.338583 0.874016 
vn -0.362205 -0.401575 0.84252 
vn 0.165354 0.275591 0.944882 
vn -0.472441 -0.346457 0.811024 
vn 0.19685 -0.0866142 0.976378 
vn -0.417323 -0.377953 0.826772 
vn 0.0944882 0.346457 0.937008 
vn -0.716535 -0.15748 0.685039 
vn -0.401575 -0.330709 0.850394 
vn 0.188976 0.307087 0.929134 
vn -0.692913 -0.125984 0.708661 
vn -0.708661 -0.133858 0.692913 
vn -0.181102 0.267717 0.944882 
vn -0.574803 -0.220472 0.787402 
vn 0.204724 -0.0393701 0.976378 
vn 0.220472 -0.0472441 0.976378 
vn 0.212598 -0.023622 0.976378 
vn -0.291339 -0.322835 0.897638 
vn 0.125984 0.417323 0.897638 
vn -0.598425 -0.125984 0.795276 
vn -0.181102 0.275591 0.944882 
vn -0.440945 -0.15748 0.88189 
vn 0.275591 0.023622 0.96063 
vn -0.125984 -0.267717 0.952756 
vn 0.110236 0.519685 0.850394 
vn -0.488189 -0.133858 0.858268 
vn 0.291339 0.023622 0.96063 
vn 0.346457 0.133858 0.929134 
vn 0.425197 0.244094 0.874016 
vn 0.0472441 0.677165 0.732283 
vn -0.0314961 -0.19685 0.984252 
vn -0.23622 0.220472 0.944882 
vn -0.519685 -0.173228 0.834646 
vn 0.19685 -0.015748 0.976378 
vn 0.299213 -0.0708661 0.952756 
vn -0.716535 0.015748 0.700787 
vn -0.362205 -0.283465 0.889764 
vn -0.23622 0.220472 0.944882 
vn -0.88189 0.15748 0.440945 
vn 0.299213 0.141732 0.944882 
vn -0.220472 0.23622 0.944882 
vn 0.291339 -0.015748 0.96063 
vn 0.204724 0.362205 0.905512 
vn -0.354331 -0.244094 0.905512 
vn 0.141732 0.267717 0.952756 
vn -0.574803 -0.307087 0.76378 
vn 0.181102 -0.0944882 0.976378 
vn 0.212598 0.259843 0.944882 
vn -0.433071 -0.307087 0.850394 
vn 0.251969 -0.0551181 0.968504 
vn -0.566929 -0.188976 0.795276 
vn -0.228346 0.251969 0.937008 
vn -0.220472 0.23622 0.944882 
vn -0.228346 0.251969 0.937008 
vn 0.173228 -0.0472441 0.984252 
vn -0.181102 0.267717 0.944882 
vn 0.354331 0.0551181 0.929134 
vn 0.204724 0.440945 0.874016 
vn -0.220472 -0.23622 0.944882 
vn -0.188976 0.291339 0.937008 
vn -0.377953 -0.173228 0.913386 
vn 0.307087 0.0866142 0.944882 
vn -0.362205 -0.133858 0.92126 
vn 0.866142 -0.15748 -0.472441 
vn -0.181102 -0.125984 0.976378 
vn -0.0472441 -1 0.0314961 
vn 0.488189 0.23622 0.84252 
vn 0.409449 -0.244094 -0.88189 
vn 0.992126 0.133858 0.0393701 
vn -0.0551181 0.0944882 0.992126 
vn 0.826772 -0.181102 0.535433 
vn 0.716535 -0.456693 -0.527559 
vn -0.322835 -0.496063 0.80315 
vn -0.188976 0.244094 0.952756 
vn -0.944882 0.259843 0.19685 
vn -0.409449 -0.0393701 0.913386 
vn -0.968504 -0.23622 0.015748 
vn 0.80315 0.299213 0.511811 
vn -0.322835 -0.496063 0.80315 
vn 0.0314961 0.0393701 1 
vn 0.952756 0.244094 -0.173228 
vn 0.11811 0.346457 0.929134 
vn -0.0551181 0.0944882 0.992126 
vn 0.992126 0.133858 0.0393701 
vn 0.0866142 0.362205 0.929134 
vn -0.181102 0.133858 0.976378 
vn -0.181102 0.204724 0.96063 
vn -0.307087 0.0866142 0.944882 
vn -0.433071 0.275591 0.858268 
vn -0.149606 0.299213 0.944882 
vn -0.165354 -0.267717 0.944882 
vn -0.15748 0.102362 0.984252 
vn -0.141732 0.110236 0.984252 
vn -0.141732 0.110236 0.984252 
vn -0.15748 0.133858 0.976378 
vn -0.165354 -0.267717 0.944882 
vn 0.11811 0.480315 0.866142 
vn -0.929134 0 0.370079 
vn 0.133858 0.11811 0.984252 
vn -0.84252 0.385827 0.370079 
vn -0.149606 0.244094 0.96063 
vn -0.614173 0.480315 0.629921 
vn 0.370079 0.0708661 -0.929134 
vn -0.440945 0.188976 0.874016 
vn -0.88189 0.417323 0.228346 
vn -0.968504 -0.23622 0.015748 
vn -0.409449 -0.0393701 0.913386 
vn -0.204724 0.338583 0.92126 
vn -0.346457 0.417323 0.84252 
vn -0.433071 0.401575 0.80315 
vn -0.472441 -0.377953 0.795276 
vn -0.322835 -0.496063 0.80315 
vn -0.181102 0.133858 0.976378 
vn -0.370079 -0.314961 0.874016 
vn -0.0629921 0.15748 0.984252 
vn 0.448819 -0.338583 0.826772 
vn 0.346457 -0.299213 0.889764 
vn 0.110236 -0.267717 0.952756 
vn -0.141732 0.15748 0.976378 
vn -0.393701 0.409449 0.826772 
vn -0.299213 0.771654 0.566929 
vn -0.141732 0.15748 0.976378 
vn -0.00787402 0.0393701 1 
vn -0.0629921 0.15748 0.984252 
vn -0.141732 0.15748 0.976378 
vn -0.385827 0.393701 0.834646 
vn -0.204724 0.212598 0.952756 
vn 0.0629921 -0.0472441 1 
vn -0.0629921 0.15748 0.984252 
vn -0.0314961 -0.0787402 1 
vn -0.0393701 0.015748 1 
vn -0.0708661 0.125984 0.992126 
vn -0.0708661 0.125984 0.992126 
vn -0.0787402 0.00787402 1 
vn -0.102362 0.141732 0.984252 
vn -0.102362 0.141732 0.984252 
vn -0.110236 -0.141732 0.984252 
vn -0.125984 0.149606 0.984252 
vn -0.102362 -0.15748 0.984252 
vn 0.015748 0.110236 0.992126 
vn 0.685039 -0.724409 0.0629921 
vn 0.015748 0.0629921 1 
vn 0.685039 -0.724409 0.0629921 
vn 0.488189 -0.874016 -0.023622 
vn -0.0393701 0.015748 1 
vn -0.181102 0.23622 0.952756 
vn -0.685039 0.393701 0.614173 
vn 0.299213 0.204724 0.929134 
vn 0.228346 0.661417 0.716535 
vn -0.0787402 0.00787402 1 
vn 0.19685 -0.976378 -0.125984 
vn -0.15748 0.259843 0.952756 
vn -0.307087 0.456693 0.834646 
vn -0.0708661 0.125984 0.992126 
vn 0.23622 -0.440945 0.866142 
vn -0.102362 0.141732 0.984252 
vn 0.23622 -0.440945 0.866142 
vn -0.0708661 0.125984 0.992126 
vn 0.015748 -0.448819 0.897638 
vn -0.165354 -0.401575 0.897638 
vn -0.125984 0.149606 0.984252 
vn -0.480315 -0.173228 -0.858268 
vn -0.125984 0.149606 0.984252 
vn -0.15748 0.488189 0.858268 
vn -0.023622 0.519685 0.850394 
vn -0.0472441 0.535433 0.84252 
vn -0.11811 0.291339 0.944882 
vn -0.11811 0.291339 0.944882 
vn 0.173228 0.165354 -0.968504 
vn 0.133858 0.0551181 0.992126 
vn 0.015748 0.110236 0.992126 
vn 0.19685 0.0944882 0.976378 
vn 0.259843 0.527559 -0.811024 
vn -0.0314961 0.0314961 1 
vn 0.566929 -0.740157 0.362205 
vn 0.637795 -0.653543 0.409449 
vn -0.0314961 0.0314961 1 
vn 0.708661 -0.637795 0.307087 
vn 0.708661 -0.637795 0.307087 
vn 0.015748 0.0629921 1 
vn 0.023622 0.511811 0.858268 
vn 0.299213 0.204724 0.929134 
vn -0.0551181 0.669291 0.740157 
vn -0.929134 0.228346 0.275591 
vn -0.818898 0.0629921 0.566929 
vn 0.299213 0.141732 0.944882 
vn -0.488189 0.283465 0.826772 
vn -0.834646 0.00787402 0.559055 
vn -0.291339 0.811024 0.511811 
vn -0.0944882 0.669291 0.732283 
vn -0.929134 0.244094 0.275591 
vn -0.889764 -0.0393701 0.456693 
vn -0.181102 0.755906 0.629921 
vn -0.929134 0.173228 0.314961 
vn -0.220472 0.23622 0.944882 
vn 0.204724 0.535433 0.818898 
vn -0.716535 0.015748 0.700787 
vn -0.834646 0.00787402 0.559055 
vn 0.212598 0.259843 0.944882 
vn -0.732283 0.472441 0.496063 
vn 0.133858 0.622047 0.771654 
vn -0.889764 -0.0393701 0.456693 
vn 0.125984 0.527559 0.84252 
vn -0.732283 0.527559 0.433071 
vn 0.11811 0.677165 0.724409 
vn -0.700787 0.488189 0.519685 
vn -0.787402 -0.0314961 0.614173 
vn -0.228346 0.251969 0.937008 
vn 0.141732 0.267717 0.952756 
vn -0.015748 0.771654 0.637795 
vn -0.92126 0.283465 0.267717 
vn 0.00787402 0.00787402 1 
vn -0.0866142 -0.00787402 0.992126 
vn 0.173228 -0.96063 0.220472 
vn 0.00787402 0.00787402 1 
vn 0.173228 -0.96063 0.220472 
vn 0.346457 -0.913386 0.220472 
vn -0.787402 -0.0314961 0.614173 
vn -0.0787402 0.795276 0.598425 
vn -0.913386 0.291339 0.283465 
vn -0.181102 0.267717 0.944882 
vn -0.732283 -0.0472441 0.677165 
vn -0.133858 -0.283465 0.952756 
vn 0.0629921 0.425197 0.905512 
vn -0.811024 -0.125984 0.574803 
vn 0.338583 0.110236 0.937008 
vn -0.897638 0.251969 0.370079 
vn -0.11811 0.811024 0.574803 
vn 0.259843 0.0629921 0.96063 
vn -0.362205 -0.0866142 0.929134 
vn 0.0551181 -0.15748 0.984252 
vn -0.181102 0.275591 0.944882 
vn -0.141732 0.322835 0.937008 
vn -0.188976 0.291339 0.937008 
vn 0.0787402 -0.0629921 0.992126 
vn 0.00787402 0.937008 0.354331 
vn -0.212598 -0.0708661 0.976378 
vn 0.622047 0.503937 0.598425 
vn -0.0787402 0.480315 0.874016 
vn -0.0314961 -0.0944882 0.992126 
vn 0.622047 0.362205 0.692913 
vn -0.708661 -0.0629921 0.700787 
vn 0.0787402 0.692913 0.716535 
vn -0.716535 0.527559 0.456693 
vn -0.732283 -0.0472441 0.677165 
vn 0.204724 0.362205 0.905512 
vn 0.574803 -0.755906 0.314961 
vn 0.574803 -0.755906 0.314961 
vn 0.133858 0.0551181 0.992126 
vn 0.0629921 0.425197 0.905512 
vn -0.80315 0.314961 0.503937 
vn -0.811024 -0.125984 0.574803 
vn 0.0472441 -0.133858 0.992126 
vn 0.19685 0.0944882 0.976378 
vn -0.314961 0.811024 0.488189 
vn 0.259843 0.0629921 0.96063 
vn 0.259843 0.527559 -0.811024 
vn -0.362205 -0.0866142 0.929134 
vn 0.204724 0.440945 0.874016 
vn -0.023622 0.519685 0.850394 
vn -0.181102 0.275591 0.944882 
vn -0.188976 0.291339 0.937008 
vn -0.11811 0.291339 0.944882 
vn -0.188976 0.291339 0.937008 
vn -0.0787402 0.480315 0.874016 
vn -0.023622 0.519685 0.850394 
vn -0.496063 0.866142 -0.0393701 
vn 0.0551181 -0.464567 -0.88189 
vn 0.15748 -0.661417 0.732283 
vn 0.0629921 0.0314961 1 
vn -0.0787402 0.480315 0.874016 
vn 0.850394 0.307087 0.425197 
vn -0.0393701 -0.220472 0.976378 
vn -0.944882 -0.015748 -0.330709 
vn -0.811024 -0.566929 -0.165354 
vn -0.11811 0.0551181 0.992126 
vn -0.929134 -0.181102 -0.314961 
vn 0.0944882 -0.299213 0.944882 
vn -0.0866142 -0.015748 1 
vn -0.574803 -0.748031 -0.338583 
vn -0.84252 0.0629921 -0.535433 
vn -0.92126 -0.204724 -0.330709 
vn -0.141732 0.0472441 0.992126 
vn -0.755906 -0.543307 -0.370079 
vn -0.188976 0.015748 0.984252 
vn -0.80315 -0.0314961 -0.590551 
vn -0.212598 0.0472441 0.976378 
vn -0.84252 -0.370079 -0.393701 
vn -0.19685 -0.149606 0.968504 
vn -0.84252 -0.370079 -0.393701 
vn -0.212598 0.0472441 0.976378 
vn -0.76378 0.00787402 -0.645669 
vn -0.110236 -0.228346 0.968504 
vn -0.291339 0.417323 0.858268 
vn -0.889764 -0.173228 -0.417323 
vn -0.188976 0.0629921 0.976378 
vn -0.913386 -0.0629921 -0.401575 
vn -0.212598 0.456693 0.866142 
vn -0.685039 0.220472 -0.692913 
vn -0.409449 0.362205 -0.834646 
vn -0.0866142 -0.015748 1 
vn 0.133858 0.354331 0.929134 
vn -0.944882 -0.015748 -0.330709 
vn 0.19685 0.370079 0.905512 
vn -0.149606 0.377953 -0.913386 
vn -0.0866142 -0.015748 1 
vn -0.409449 0.362205 -0.834646 
vn -0.929134 -0.181102 -0.314961 
vn -0.0866142 -0.0708661 0.992126 
vn -0.464567 0.377953 -0.80315 
vn -0.866142 -0.220472 -0.448819 
vn -0.291339 0.259843 0.92126 
vn -0.84252 -0.370079 -0.385827 
vn -0.204724 0.0944882 0.976378 
vn -0.771654 0.023622 -0.637795 
vn 0.283465 0.385827 0.88189 
vn -0.80315 -0.0314961 -0.590551 
vn -0.188976 0.015748 0.984252 
vn -0.11811 0.0551181 0.992126 
vn -0.889764 -0.173228 -0.417323 
vn -0.291339 0.417323 0.858268 
vn -0.700787 0.188976 -0.692913 
vn -0.866142 -0.220472 -0.448819 
vn 0.133858 -0.346457 0.929134 
vn -0.0866142 -0.0708661 0.992126 
vn -0.433071 -0.724409 -0.535433 
vn -0.968504 -0.244094 0.0944882 
vn -0.488189 -0.826772 -0.283465 
vn 0.212598 -0.307087 0.929134 
vn -0.929134 -0.338583 -0.141732 
vn 0.0551181 -0.220472 0.976378 
vn -0.110236 0.0629921 0.992126 
vn -0.535433 -0.811024 -0.220472 
vn -0.11811 -0.0866142 -0.992126 
vn -0.259843 -0.299213 -0.92126 
vn -0.84252 -0.133858 0.527559 
vn -0.889764 -0.291339 -0.346457 
vn 0.0551181 -0.228346 0.976378 
vn -0.141732 0.023622 0.992126 
vn -0.92126 -0.204724 -0.330709 
vn 0.015748 -0.204724 0.976378 
vn -0.141732 0.0472441 0.992126 
vn -0.19685 -0.181102 -0.96063 
vn 0.0314961 -0.165354 0.984252 
vn 0.204724 0.165354 0.968504 
vn -0.519685 -0.850394 0.0393701 
vn -0.543307 -0.80315 -0.259843 
vn -0.173228 -0.165354 -0.968504 
vn -0.464567 -0.88189 -0.0393701 
vn 0.0314961 -0.165354 0.984252 
vn -0.929134 0.346457 -0.141732 
vn -0.968504 -0.259843 0 
vn -0.929134 -0.338583 -0.141732 
vn -0.110236 0.0629921 0.992126 
vn 0.0787402 -0.992126 0.102362 
vn -0.952756 0.244094 0.181102 
vn -0.338583 -0.165354 -0.92126 
vn -0.165354 -0.133858 0.976378 
vn -0.181102 -0.212598 -0.96063 
vn 0.165354 -0.133858 0.976378 
vn 0.188976 0.204724 0.96063 
vn -0.897638 0.0551181 -0.440945 
vn -0.897638 0.0551181 -0.440945 
vn -0.141732 0.023622 0.992126 
vn -0.275591 0.228346 0.937008 
vn -0.173228 -0.165354 -0.968504 
vn 0.0314961 -0.165354 0.984252 
vn 0.173228 0.173228 0.968504 
vn -0.181102 -0.212598 -0.96063 
vn -0.0787402 -0.992126 0.102362 
vn 0.165354 -0.133858 0.976378 
vn -0.661417 -0.732283 -0.15748 
vn -0.165354 0.275591 0.944882 
vn -0.929134 -0.322835 -0.165354 
vn -0.19685 -0.0866142 0.976378 
vn -0.952756 -0.307087 -0.0708661 
vn -0.149606 0.299213 0.944882 
vn -0.740157 0.220472 -0.637795 
vn -0.204724 0.251969 0.944882 
vn -0.913386 -0.307087 -0.259843 
vn -0.212598 -0.0866142 0.976378 
vn -0.181102 0.228346 0.96063 
vn -0.929134 -0.307087 -0.212598 
vn -0.188976 -0.0944882 0.976378 
vn -0.929134 -0.307087 -0.212598 
vn -0.181102 0.228346 0.96063 
vn -0.80315 0.173228 -0.574803 
vn -0.149606 0.299213 0.944882 
vn -0.952756 -0.307087 -0.0708661 
vn -0.188976 -0.0629921 0.984252 
vn -0.818898 0.00787402 -0.566929 
vn -0.354331 -0.858268 -0.377953 
vn 0.0314961 -0.19685 0.984252 
vn -0.425197 0.244094 0.874016 
vn -0.0944882 0.346457 0.937008 
vn -0.976378 -0.19685 -0.0629921 
vn -0.212598 -0.023622 0.976378 
vn -0.653543 0.251969 -0.716535 
vn 0.251969 0.204724 0.944882 
vn -0.897638 -0.425197 0.141732 
vn -0.15748 -0.015748 0.984252 
vn -0.913386 -0.307087 -0.259843 
vn -0.204724 0.251969 0.944882 
vn -0.740157 0.181102 -0.653543 
vn 0.23622 0.220472 0.944882 
vn -0.866142 -0.401575 0.283465 
vn -0.125984 -0.015748 0.992126 
vn -0.133858 0.11811 0.984252 
vn -0.929134 -0.275591 -0.23622 
vn -0.19685 -0.102362 0.976378 
vn -0.259843 -0.204724 -0.944882 
vn -0.929134 -0.322835 -0.165354 
vn -0.165354 0.275591 0.944882 
vn -0.740157 0.204724 -0.637795 
vn 0.181102 0.267717 0.944882 
vn -0.897638 -0.440945 0.00787402 
vn -0.204724 -0.0393701 0.976378 
vn 0.181102 0.275591 0.944882 
vn -0.88189 -0.472441 0.0393701 
vn -0.275591 0.023622 0.96063 
vn 0.228346 0.251969 0.937008 
vn -0.874016 -0.472441 0.0708661 
vn -0.173228 -0.0472441 0.984252 
vn 0.220472 0.23622 0.944882 
vn -0.866142 -0.488189 0.110236 
vn -0.19685 -0.015748 0.976378 
vn -0.149606 0.173228 0.976378 
vn -0.897638 -0.362205 -0.251969 
vn -0.165354 -0.15748 0.976378 
vn -0.0787402 -0.165354 0.984252 
vn -0.173228 0.125984 0.976378 
vn -0.19685 -0.181102 -0.96063 
vn -0.755906 -0.645669 0.102362 
vn -0.0944882 -0.0944882 0.992126 
vn -0.0551181 -0.165354 0.984252 
vn -0.740157 -0.653543 -0.181102 
vn 0.19685 0.188976 0.96063 
vn -0.629921 -0.755906 0.173228 
vn -0.0708661 -0.102362 0.992126 
vn -0.88189 -0.433071 -0.173228 
vn -0.15748 0.149606 0.976378 
vn -0.88189 0.0866142 -0.464567 
vn -0.133858 -0.15748 0.976378 
vn -0.897638 -0.362205 -0.251969 
vn -0.149606 0.173228 0.976378 
vn -0.874016 0.141732 -0.456693 
vn 0.228346 0.19685 0.952756 
vn -0.826772 -0.559055 0.0944882 
vn -0.11811 -0.0866142 0.992126 
vn -0.913386 -0.0629921 -0.401575 
vn -0.795276 -0.582677 -0.141732 
vn -0.0787402 -0.165354 0.984252 
vn 0.244094 0.204724 0.944882 
vn -0.88189 -0.448819 0.149606 
vn -0.133858 -0.0393701 0.992126 
vn -0.220472 -0.141732 0.968504 
vn -0.0393701 0.614173 0.787402 
vn -0.472441 0.330709 -0.818898 
vn -0.629921 -0.755906 0.173228 
vn 0.19685 0.188976 0.96063 
vn -0.204724 -0.173228 -0.968504 
vn -0.88189 -0.448819 0.149606 
vn 0.244094 0.204724 0.944882 
vn -0.244094 -0.19685 -0.944882 
vn 0.0944882 0.716535 0.692913 
vn -0.228346 -0.188976 -0.952756 
vn 0.19685 0.19685 0.96063 
vn -0.929134 0.330709 -0.15748 
vn -0.110236 -0.755906 0.637795 
vn -0.251969 -0.0393701 0.968504 
vn 0.0393701 0 -1 
vn -0.952756 0.244094 -0.173228 
vn -0.173228 0.141732 -0.976378 
vn -0.629921 -0.511811 0.590551 
vn -0.80315 0.299213 0.511811 
vn -0.228346 0.23622 -0.944882 
vn -0.992126 0.133858 0.0393701 
vn -0.0472441 -0.102362 -0.992126 
vn -0.826772 -0.181102 0.535433 
vn 0.322835 -0.496063 0.80315 
vn -0.125984 -0.275591 -0.952756 
vn -0.968504 -0.244094 0.0944882 
vn -0.0314961 0.0393701 1 
vn -0.015748 0.307087 -0.952756 
vn -0.76378 0.00787402 -0.645669 
vn -0.165354 0.409449 0.897638 
vn -0.496063 0.433071 -0.755906 
vn 0.023622 0.322835 0.944882 
vn -0.275591 0.133858 0.952756 
vn -0.968504 -0.259843 0 
vn -0.259843 0.204724 -0.944882 
vn -0.598425 0.401575 -0.692913 
vn -0.826772 -0.0314961 -0.566929 
vn -0.370079 0.0708661 -0.929134 
vn -0.472441 0.370079 -0.80315 
vn -0.645669 0.393701 -0.653543 
vn -0.779528 -0.590551 0.19685 
vn -0.173228 0.165354 -0.968504 
vn -0.015748 0.110236 0.992126 
vn -0.19685 -0.15748 -0.968504 
vn -0.228346 0.661417 0.716535 
vn -0.598425 0.023622 -0.795276 
vn -0.299213 0.204724 0.929134 
vn -0.133858 0.0551181 0.992126 
vn 0.362205 -0.0866142 0.929134 
vn -0.574803 -0.755906 0.314961 
vn -0.267717 0.275591 -0.92126 
vn -0.598425 0.0629921 -0.795276 
vn -0.204724 0.535433 0.818898 
vn -0.19685 0.385827 -0.897638 
vn -0.685039 0.362205 -0.637795 
vn -0.0472441 -0.102362 -0.992126 
vn 0.0787402 -0.291339 -0.952756 
vn -0.826772 -0.181102 0.535433 
vn 0.11811 -0.0708661 -0.992126 
vn -0.488189 -0.173228 -0.858268 
vn -0.944882 -0.259843 -0.19685 
vn -0.527559 -0.708661 -0.464567 
vn -0.944882 -0.259843 -0.19685 
vn -0.488189 -0.173228 -0.858268 
vn -0.165354 -0.818898 0.543307 
vn -0.165354 -0.818898 0.543307 
vn -0.409449 -0.244094 -0.88189 
vn -0.944882 -0.259843 -0.19685 
vn -0.0472441 -0.141732 -0.992126 
vn -0.716535 -0.456693 -0.527559 
vn -0.409449 -0.244094 -0.88189 
vn -0.362205 -0.929134 0.0944882 
vn -0.141732 -0.322835 0.937008 
vn -0.299213 -0.244094 -0.92126 
vn -0.614173 0.480315 0.629921 
vn -0.952756 -0.15748 -0.259843 
vn -0.393701 -0.00787402 0.92126 
vn -0.409449 -0.244094 -0.88189 
vn -0.716535 -0.456693 -0.527559 
vn -0.433071 -0.275591 -0.858268 
vn -0.220472 0.15748 -0.96063 
vn -0.275591 -0.559055 -0.787402 
vn -0.425197 -0.401575 -0.811024 
vn -0.456693 -0.188976 -0.866142 
vn -0.519685 -0.464567 -0.716535 
vn -0.417323 0.0393701 -0.905512 
vn -0.417323 0.0393701 -0.905512 
vn -0.409449 -0.244094 -0.88189 
vn -0.346457 -0.417323 -0.84252 
vn -0.456693 -0.188976 -0.866142 
vn -0.299213 0.141732 0.944882 
vn -0.204724 0.362205 0.905512 
vn -0.929134 -0.307087 -0.204724 
vn -0.291339 -0.015748 0.96063 
vn -0.535433 0.125984 -0.834646 
vn -0.173228 -0.251969 -0.952756 
vn -0.141732 0.267717 0.952756 
vn -0.905512 -0.417323 -0.023622 
vn -0.181102 -0.0944882 0.976378 
vn -0.692913 0.149606 -0.700787 
vn -0.952756 -0.283465 -0.0708661 
vn 0.188976 0.291339 0.937008 
vn -0.165354 -0.275591 -0.944882 
vn -0.606299 0.00787402 -0.795276 
vn -0.511811 -0.818898 0.251969 
vn -0.0787402 -0.0629921 0.992126 
vn -0.732283 -0.102362 -0.669291 
vn -0.251969 -0.937008 0.259843 
vn 0.0314961 -0.0944882 0.992126 
vn -0.307087 0.0866142 0.944882 
vn -0.173228 -0.267717 -0.944882 
vn -0.716535 -0.346457 -0.598425 
vn -0.519685 -0.84252 -0.149606 
vn -0.0551181 -0.15748 0.984252 
vn -0.488189 -0.0944882 -0.866142 
vn -0.716535 -0.346457 -0.598425 
vn -0.259843 0.0629921 0.96063 
vn -0.850394 0.307087 0.425197 
vn -0.11811 0.677165 0.724409 
vn -0.535433 0.125984 -0.834646 
vn -0.204724 0.362205 0.905512 
vn -0.535433 0.125984 -0.834646 
vn -0.11811 0.677165 0.724409 
vn -0.291339 0.244094 -0.92126 
vn -0.259843 0.0629921 0.96063 
vn -0.606299 0.00787402 -0.795276 
vn -0.0787402 -0.0629921 0.992126 
vn -0.622047 0.503937 0.598425 
vn -0.0629921 0.0314961 1 
vn -0.84252 0.511811 0.165354 
vn -0.692913 -0.220472 -0.692913 
vn -0.15748 -0.661417 0.732283 
vn -0.622047 0.362205 0.692913 
vn -0.212598 0.259843 0.944882 
vn -0.913386 -0.338583 -0.220472 
vn -0.251969 -0.0551181 0.968504 
vn -0.850394 0.0787402 -0.527559 
vn -0.80315 0.173228 -0.574803 
vn 0.19685 0.76378 0.614173 
vn -0.251969 0.307087 -0.92126 
vn -0.11811 0.480315 0.866142 
vn -0.771654 0.023622 -0.637795 
vn -0.204724 0.0944882 0.976378 
vn -0.377953 0.330709 -0.866142 
vn -0.212598 0.0472441 0.976378 
vn -0.299213 0.141732 0.944882 
vn -0.897638 -0.299213 -0.330709 
vn -0.259843 -0.0472441 0.968504 
vn -0.299213 0.204724 0.929134 
vn -0.834646 -0.370079 -0.409449 
vn -0.299213 -0.0708661 0.952756 
vn -0.212598 -0.220472 -0.952756 
vn -0.212598 -0.220472 -0.952756 
vn -0.228346 -0.204724 -0.952756 
vn -0.598425 0.0629921 -0.795276 
vn -0.023622 0.511811 0.858268 
vn -0.850394 0.0787402 -0.527559 
vn -0.133858 0.11811 0.984252 
vn -0.653543 0.110236 -0.748031 
vn -0.133858 0.622047 0.771654 
vn -0.330709 0.283465 -0.897638 
vn -0.480315 0.425197 -0.76378 
vn -0.503937 0.385827 -0.771654 
vn -0.133858 0.622047 0.771654 
vn -0.653543 0.110236 -0.748031 
vn -0.212598 0.259843 0.944882 
vn -0.125984 0.527559 0.84252 
vn -0.692913 0.149606 -0.700787 
vn -0.141732 0.267717 0.952756 
vn -0.425197 0.291339 -0.850394 
vn -0.653543 0.110236 -0.748031 
vn -0.598425 0.023622 -0.795276 
vn -0.15748 0.00787402 -0.984252 
vn -0.267717 -0.299213 -0.913386 
vn -0.834646 -0.125984 0.543307 
vn -0.15748 0 -0.984252 
vn -0.850394 -0.188976 0.488189 
vn -0.92126 0.299213 0.23622 
vn -0.913386 0.346457 0.212598 
vn 0.173228 -0.165354 -0.968504 
vn -0.913386 -0.0551181 0.409449 
vn -0.173228 0.173228 0.968504 
vn -0.976378 -0.110236 0.188976 
vn -0.110236 0.11811 -0.984252 
vn -0.15748 -0.141732 -0.976378 
vn -0.023622 0.220472 -0.976378 
vn -0.188976 -0.0314961 -0.984252 
vn -0.905512 0.244094 0.346457 
vn -0.220472 -0.314961 -0.92126 
vn -0.188976 -0.0314961 -0.984252 
vn -0.244094 -0.417323 -0.874016 
vn -0.724409 -0.23622 0.653543 
vn -0.299213 -0.251969 -0.92126 
vn -0.905512 0.244094 0.346457 
vn 0.19685 -0.181102 -0.96063 
vn -0.771654 -0.0787402 0.629921 
vn -0.204724 0.165354 0.968504 
vn -0.0393701 0 -1 
vn -0.11811 -0.173228 -0.976378 
vn -0.992126 -0.0944882 0.0629921 
vn -0.188976 0.244094 0.952756 
vn -0.716535 0.0787402 -0.692913 
vn -0.488189 -0.314961 0.811024 
vn -0.952756 -0.15748 -0.259843 
vn -0.401575 -0.0393701 -0.913386 
vn -0.346457 -0.251969 -0.905512 
vn -0.818898 0.181102 -0.535433 
vn -0.992126 -0.0551181 -0.133858 
vn -0.0551181 0.0944882 0.992126 
vn -0.0393701 0 -1 
vn -0.992126 -0.0944882 0.0629921 
vn -0.944882 0.314961 -0.0866142 
vn -0.110236 0.11811 -0.984252 
vn -0.976378 -0.110236 0.188976 
vn -0.897638 0.338583 0.291339 
vn 0.181102 -0.212598 -0.96063 
vn -0.338583 -0.220472 -0.913386 
vn -0.905512 0.00787402 0.417323 
vn 0.181102 -0.212598 -0.96063 
vn -0.905512 0.00787402 0.417323 
vn -0.188976 0.204724 0.96063 
vn 0.165354 0.291339 -0.944882 
vn 0.165354 0.291339 -0.944882 
vn -0.92126 0.299213 0.23622 
vn -0.393701 0.787402 0.480315 
vn -0.952756 -0.133858 0.267717 
vn -0.0866142 0.0866142 -0.992126 
vn -0.173228 -0.188976 -0.968504 
vn -0.952756 0.307087 0.0551181 
vn -0.11811 -0.338583 -0.937008 
vn -0.811024 -0.322835 0.496063 
vn -0.11811 -0.338583 -0.937008 
vn -0.952756 0.307087 0.0551181 
vn -0.125984 0.0787402 -0.992126 
vn -0.165354 -0.299213 -0.937008 
vn -0.905512 0.212598 0.362205 
vn -0.19685 0.0629921 -0.976378 
vn -0.905512 0.212598 0.362205 
vn -0.165354 -0.299213 -0.937008 
vn -0.755906 -0.338583 0.566929 
vn -0.11811 -0.409449 -0.905512 
vn -0.866142 0.102362 0.480315 
vn -0.244094 0.00787402 -0.968504 
vn -0.00787402 0.188976 -0.984252 
vn -0.188976 -0.0708661 -0.976378 
vn -0.937008 0.15748 0.307087 
vn -0.559055 -0.417323 0.716535 
vn -0.929134 0 0.370079 
vn -0.141732 0.141732 -0.976378 
vn -0.188976 -0.102362 -0.976378 
vn -0.11811 -0.417323 -0.897638 
vn -0.866142 0.0629921 0.503937 
vn -0.251969 -0.023622 -0.968504 
vn -0.866142 0.0629921 0.503937 
vn -0.11811 -0.417323 -0.897638 
vn -0.519685 -0.401575 0.748031 
vn -0.0866142 0.0866142 -0.992126 
vn -0.952756 -0.133858 0.267717 
vn -0.937008 0.330709 0.133858 
vn -0.023622 0.220472 -0.976378 
vn -0.606299 0.685039 0.409449 
vn -0.866142 0.102362 0.480315 
vn 0.015748 0.307087 -0.952756 
vn -0.244094 0.00787402 -0.968504 
vn 0.015748 0.307087 -0.952756 
vn -0.866142 0.102362 0.480315 
vn -0.283465 0.385827 0.88189 
vn -0.866142 0.0629921 0.503937 
vn -0.133858 0.165354 -0.976378 
vn -0.251969 -0.023622 -0.968504 
vn -0.685039 0.700787 0.204724 
vn -0.834646 0.433071 0.338583 
vn -0.188976 0.0708661 -0.976378 
vn -0.88189 -0.0629921 0.472441 
vn -0.913386 0.307087 0.267717 
vn -0.00787402 -0.472441 -0.88189 
vn -0.929134 0 0.370079 
vn -0.188976 -0.0551181 -0.976378 
vn -0.0551181 -0.598425 -0.795276 
vn -0.818898 0.0629921 0.566929 
vn -0.314961 -0.0866142 -0.944882 
vn -0.929134 0 0.370079 
vn -0.00787402 -0.472441 -0.88189 
vn -0.496063 -0.448819 0.748031 
vn -0.19685 -0.433071 -0.88189 
vn -0.937008 0.15748 0.307087 
vn -0.188976 -0.0708661 -0.976378 
vn 0.204724 -0.173228 -0.968504 
vn -0.338583 -0.425197 -0.834646 
vn -0.755906 -0.141732 0.637795 
vn -0.692913 -0.259843 0.669291 
vn -0.0629921 -0.440945 -0.897638 
vn -0.0472441 -0.440945 -0.897638 
vn -0.165354 -0.133858 -0.976378 
vn -0.929134 0 0.370079 
vn -0.0629921 -0.440945 -0.897638 
vn -0.606299 -0.377953 0.700787 
vn 0.19685 -0.181102 -0.96063 
vn -0.267717 -0.456693 -0.850394 
vn -0.708661 -0.212598 0.669291 
vn 0.228346 -0.188976 -0.952756 
vn -0.19685 -0.574803 -0.795276 
vn -0.622047 -0.259843 0.740157 
vn -0.566929 -0.401575 0.716535 
vn 0.0393701 -0.543307 -0.834646 
vn -0.80315 -0.125984 0.574803 
vn -0.181102 -0.19685 -0.96063 
vn 0.244094 -0.19685 -0.944882 
vn -0.19685 -0.637795 -0.748031 
vn -0.551181 -0.251969 0.795276 
vn -0.385827 -0.377953 -0.84252 
vn 0.204724 -0.173228 -0.968504 
vn -0.755906 -0.141732 0.637795 
vn -0.19685 0.188976 0.96063 
vn -0.88189 -0.0629921 0.472441 
vn -0.188976 0.0708661 -0.976378 
vn -0.165354 -0.133858 -0.976378 
vn -0.181102 -0.19685 -0.96063 
vn -0.905512 0.220472 0.354331 
vn -0.251969 0.023622 -0.968504 
vn -0.80315 -0.125984 0.574803 
vn -0.19685 0.19685 0.96063 
vn 0.228346 -0.188976 -0.952756 
vn -0.622047 -0.259843 0.740157 
vn -0.228346 0.19685 0.952756 
vn 0.244094 -0.19685 -0.944882 
vn -0.551181 -0.251969 0.795276 
vn -0.244094 0.204724 0.944882 
vn -0.88189 0.15748 0.440945 
vn -0.204724 -0.244094 -0.944882 
vn -0.716535 -0.133858 0.685039 
vn 0.0393701 -0.543307 -0.834646 
vn -0.417323 -0.393701 0.818898 
vn 0.0314961 -0.511811 -0.858268 
vn -0.362205 -0.401575 0.84252 
vn -0.0314961 -0.543307 -0.834646 
vn -0.708661 -0.133858 0.692913 
vn -0.141732 -0.244094 -0.96063 
vn -0.472441 -0.346457 0.811024 
vn -0.023622 -0.590551 -0.80315 
vn -0.692913 -0.125984 0.708661 
vn -0.173228 -0.251969 -0.952756 
vn 0.0629921 -0.574803 -0.811024 
vn -0.716535 -0.15748 0.685039 
vn -0.125984 -0.259843 -0.96063 
vn -0.417323 -0.377953 0.826772 
vn -0.401575 -0.330709 0.850394 
vn 0.0708661 -0.645669 -0.755906 
vn -0.598425 -0.125984 0.795276 
vn -0.204724 -0.346457 -0.913386 
vn -0.598425 -0.125984 0.795276 
vn 0.0708661 -0.645669 -0.755906 
vn -0.291339 -0.322835 0.897638 
vn 0.259843 -0.204724 -0.944882 
vn -0.102362 -0.629921 -0.76378 
vn -0.606299 -0.283465 0.740157 
vn -0.354331 -0.338583 0.874016 
vn 0.259843 -0.204724 -0.944882 
vn -0.606299 -0.283465 0.740157 
vn -0.251969 0.204724 0.944882 
vn -0.716535 0.015748 0.700787 
vn -0.173228 -0.582677 -0.795276 
vn -0.362205 -0.283465 0.889764 
vn -0.787402 -0.0314961 0.614173 
vn -0.0944882 -0.661417 -0.748031 
vn -0.354331 -0.244094 0.905512 
vn -0.23622 0.220472 0.944882 
vn -0.307087 -0.685039 -0.661417 
vn -0.519685 -0.173228 0.834646 
vn 0.212598 -0.220472 -0.952756 
vn -0.228346 -0.590551 -0.779528 
vn -0.574803 -0.220472 0.787402 
vn -0.220472 0.23622 0.944882 
vn -0.251969 -0.629921 -0.732283 
vn -0.566929 -0.188976 0.795276 
vn 0.173228 -0.251969 -0.952756 
vn -0.330709 -0.708661 -0.622047 
vn -0.440945 -0.15748 0.88189 
vn -0.181102 0.275591 0.944882 
vn -0.165354 -0.889764 -0.433071 
vn -0.377953 -0.173228 0.913386 
vn -0.889764 -0.0393701 0.456693 
vn -0.0708661 -0.456693 -0.889764 
vn -0.574803 -0.307087 0.76378 
vn -0.944882 0.259843 0.19685 
vn -0.11811 -0.0708661 -0.992126 
vn -0.401575 -0.0393701 -0.913386 
vn -0.968504 -0.23622 0.015748 
vn -0.968504 -0.23622 0.015748 
vn -0.401575 -0.0393701 -0.913386 
vn -0.944882 0.259843 0.19685 
vn -0.409449 -0.0393701 0.913386 
vn -0.614173 0.480315 0.629921 
vn -0.433071 -0.181102 -0.88189 
vn -0.362205 -0.0708661 -0.929134 
vn -0.787402 0.598425 -0.15748 
vn -0.440945 0.188976 0.874016 
vn -0.614173 0.480315 0.629921 
vn -0.944882 0.259843 0.19685 
vn -0.614173 0.480315 0.629921 
vn -0.188976 0.244094 0.952756 
vn -0.433071 0.275591 0.858268 
vn -0.440945 0.188976 0.874016 
vn -0.968504 -0.23622 0.015748 
vn -0.23622 -0.125984 -0.96063 
vn -0.11811 -0.0708661 -0.992126 
vn -0.362205 -0.188976 -0.913386 
vn -0.23622 -0.125984 -0.96063 
vn -0.88189 0.417323 0.228346 
vn -0.283465 0.527559 -0.795276 
vn -0.685039 -0.370079 0.629921 
vn -0.645669 -0.401575 0.653543 
vn -0.88189 0.417323 0.228346 
vn -0.433071 0.401575 0.80315 
vn -0.409449 -0.0393701 0.913386 
vn -0.519685 0.464567 0.716535 
vn -0.346457 0.417323 0.84252 
vn -0.818898 0.181102 -0.535433 
vn 0.0866142 0.362205 0.929134 
vn -0.519685 0.771654 -0.362205 
vn -0.685039 0.488189 -0.543307 
vn -0.76378 -0.307087 -0.566929 
vn -0.251969 -0.220472 0.944882 
vn -0.0551181 0.0944882 0.992126 
vn -0.102362 0.307087 0.944882 
vn 0.370079 0.0708661 -0.929134 
vn -0.133858 -0.102362 -0.984252 
vn -0.992126 -0.11811 -0.023622 
vn -0.322835 -0.496063 0.80315 
vn -0.944882 0.314961 -0.0866142 
vn 0.11811 0.346457 0.929134 
vn -0.527559 0.795276 -0.299213 
vn -0.732283 0.440945 0.519685 
vn -0.307087 0.0866142 0.944882 
vn -0.700787 -0.653543 0.291339 
vn -0.779528 -0.622047 0.0551181 
vn -0.929134 0 0.370079 
vn -0.125984 0.141732 -0.984252 
vn -0.188976 -0.0551181 -0.976378 
vn -0.84252 0.385827 0.370079 
vn -0.700787 -0.653543 0.291339 
vn -0.307087 0.0866142 0.944882 
vn -0.181102 0.204724 0.96063 
vn -0.818898 0.0393701 0.574803 
vn -0.598425 -0.401575 0.692913 
vn -0.322835 -0.496063 0.80315 
vn -0.472441 -0.377953 0.795276 
vn -0.362205 -0.0866142 0.929134 
vn 0.259843 0.527559 -0.811024 
vn -0.480315 -0.173228 -0.858268 
vn -0.212598 0.141732 -0.968504 
vn -0.834646 0.00787402 0.559055 
vn -0.732283 0.472441 0.496063 
vn 0.0944882 0.244094 -0.968504 
vn -0.244094 0.0472441 -0.968504 
vn -0.80315 0.314961 0.503937 
vn -0.314961 0.811024 0.488189 
vn -0.362205 -0.0866142 0.929134 
vn -0.480315 -0.173228 -0.858268 
vn 0.173228 0.165354 -0.968504 
vn -0.275591 -0.141732 -0.952756 
vn -0.204724 -0.244094 -0.944882 
vn -0.88189 0.15748 0.440945 
vn -0.291339 -0.0393701 -0.952756 
vn -0.818898 0.0629921 0.566929 
vn -0.354331 0.19685 -0.913386 
vn -0.314961 -0.0866142 -0.944882 
vn -0.929134 0.228346 0.275591 
vn -0.141732 -0.244094 -0.96063 
vn -0.708661 -0.133858 0.692913 
vn -0.173228 -0.582677 -0.795276 
vn -0.716535 0.015748 0.700787 
vn -0.346457 -0.15748 -0.929134 
vn -0.102362 -0.566929 -0.818898 
vn -0.834646 0.00787402 0.559055 
vn -0.275591 -0.141732 -0.952756 
vn -0.834646 0.00787402 0.559055 
vn -0.102362 -0.566929 -0.818898 
vn -0.433071 -0.307087 0.850394 
vn 0.228346 -0.204724 -0.952756 
vn -0.929134 0.244094 0.275591 
vn -0.173228 -0.251969 -0.952756 
vn -0.692913 -0.125984 0.708661 
vn 0.212598 -0.220472 -0.952756 
vn -0.929134 0.173228 0.314961 
vn -0.125984 -0.259843 -0.96063 
vn -0.716535 -0.15748 0.685039 
vn -0.929134 0.228346 0.275591 
vn -0.259843 0.0708661 -0.96063 
vn -0.354331 0.19685 -0.913386 
vn -0.818898 0.0629921 0.566929 
vn -0.488189 0.283465 0.826772 
vn -0.307087 0.102362 -0.944882 
vn -0.346457 -0.15748 -0.929134 
vn -0.716535 0.015748 0.700787 
vn -0.307087 0.102362 -0.944882 
vn -0.716535 0.015748 0.700787 
vn -0.685039 0.393701 0.614173 
vn -0.15748 0.181102 -0.968504 
vn -0.889764 -0.0393701 0.456693 
vn -0.732283 0.527559 0.433071 
vn -0.889764 -0.0393701 0.456693 
vn -0.15748 0.181102 -0.968504 
vn -0.228346 -0.149606 -0.96063 
vn 0.149606 0.283465 -0.944882 
vn -0.291339 0.811024 0.511811 
vn -0.267717 0.0393701 -0.96063 
vn -0.275591 0.0393701 -0.96063 
vn -0.228346 -0.149606 -0.96063 
vn -0.92126 0.283465 0.267717 
vn -0.267717 0.0551181 -0.96063 
vn -0.314961 -0.204724 -0.92126 
vn -0.913386 0.291339 0.283465 
vn -0.228346 -0.448819 -0.866142 
vn -0.488189 -0.133858 0.858268 
vn -0.228346 -0.448819 -0.866142 
vn -0.913386 0.291339 0.283465 
vn -0.322835 -0.00787402 -0.944882 
vn 0.212598 -0.220472 -0.952756 
vn -0.574803 -0.220472 0.787402 
vn -0.228346 0.251969 0.937008 
vn -0.181102 0.267717 0.944882 
vn 0.173228 -0.267717 -0.944882 
vn -0.0472441 -1 0.0314961 
vn -0.188976 0.291339 0.937008 
vn 0.165354 -0.275591 -0.944882 
vn -0.181102 -0.125984 0.976378 
vn -0.228346 0.149606 -0.96063 
vn -0.314961 -0.204724 -0.92126 
vn -0.787402 -0.0314961 0.614173 
vn -0.283465 -0.251969 -0.92126 
vn -0.811024 -0.125984 0.574803 
vn -0.244094 0.0472441 -0.968504 
vn -0.811024 -0.125984 0.574803 
vn -0.80315 0.314961 0.503937 
vn -0.362205 -0.0866142 0.929134 
vn -0.409449 -0.385827 -0.826772 
vn -0.708661 -0.0629921 0.700787 
vn -0.409449 -0.385827 -0.826772 
vn -0.362205 -0.0866142 0.929134 
vn 0.173228 0.165354 -0.968504 
vn -0.228346 0.149606 -0.96063 
vn -0.787402 -0.0314961 0.614173 
vn -0.700787 0.488189 0.519685 
vn -0.220472 0.133858 -0.968504 
vn -0.362205 -0.251969 -0.897638 
vn -0.732283 -0.0472441 0.677165 
vn -0.716535 0.527559 0.456693 
vn -0.496063 0.866142 -0.0393701 
vn -0.606299 -0.267717 -0.748031 
vn -0.622047 0.0393701 0.779528 
vn -0.0629921 0.0866142 -0.992126 
vn 0.11811 -0.338583 -0.937008 
vn -0.0393701 -0.220472 0.976378 
vn -0.811024 -0.566929 -0.165354 
vn 0.755906 -0.338583 0.566929 
vn -0.110236 -0.228346 0.968504 
vn -0.755906 -0.543307 -0.370079 
vn -0.755906 -0.543307 -0.370079 
vn 0.165354 -0.299213 -0.937008 
vn 0.755906 -0.338583 0.566929 
vn 0.811024 -0.322835 0.496063 
vn 0.952756 -0.133858 0.267717 
vn 0.0944882 -0.299213 0.944882 
vn -0.574803 -0.748031 -0.338583 
vn 0.173228 -0.188976 -0.968504 
vn -0.84252 -0.370079 -0.393701 
vn 0.11811 -0.409449 -0.905512 
vn 0.559055 -0.417323 0.716535 
vn 0.519685 -0.401575 0.748031 
vn -0.220472 -0.141732 0.968504 
vn -0.84252 -0.370079 -0.385827 
vn -0.19685 -0.102362 0.976378 
vn 0.00787402 -0.472441 -0.88189 
vn 0.496063 -0.448819 0.748031 
vn 0.00787402 -0.472441 -0.88189 
vn -0.19685 -0.102362 0.976378 
vn -0.929134 -0.275591 -0.23622 
vn 0.11811 -0.417323 -0.897638 
vn -0.19685 -0.149606 0.968504 
vn 0.771654 -0.0787402 0.629921 
vn -0.0708661 -0.102362 0.992126 
vn -0.629921 -0.755906 0.173228 
vn -0.259843 -0.0472441 0.968504 
vn 0.0551181 -0.598425 -0.795276 
vn 0.354331 -0.338583 0.874016 
vn -0.259843 -0.488189 -0.834646 
vn 0.322835 -0.377953 0.866142 
vn 0.0629921 -0.314961 0.944882 
vn -0.0393701 -0.393701 -0.92126 
vn 0.0629921 -0.314961 0.944882 
vn -0.527559 -0.559055 -0.645669 
vn -0.259843 -0.488189 -0.834646 
vn 0.0629921 -0.322835 -0.944882 
vn 0.322835 -0.377953 0.866142 
vn -0.0393701 -0.393701 -0.92126 
vn 0.543307 -0.314961 0.779528 
vn 0.173228 0 0.984252 
vn 0.188976 -0.968504 -0.165354 
vn 0.393701 -0.874016 -0.283465 
vn 0.188976 -0.0393701 0.984252 
vn -0.897638 -0.299213 -0.330709 
vn -0.102362 -0.0787402 0.992126 
vn -0.0551181 -0.173228 0.984252 
vn -0.173228 -0.944882 0.267717 
vn -0.173228 -0.944882 0.267717 
vn 0.188976 -0.0393701 0.984252 
vn 0.125984 -0.00787402 0.992126 
vn 0.992126 -0.11811 -0.023622 
vn 0.834646 -0.125984 0.543307 
vn 0.0551181 -0.228346 0.976378 
vn -0.543307 -0.80315 -0.259843 
vn 0.976378 -0.110236 0.188976 
vn 0.133858 -0.346457 0.929134 
vn -0.433071 -0.724409 -0.535433 
vn 0.15748 -0.141732 -0.976378 
vn -0.543307 -0.80315 -0.259843 
vn 0.267717 -0.299213 -0.913386 
vn 0.834646 -0.125984 0.543307 
vn 0.84252 -0.133858 0.527559 
vn 0.0551181 -0.220472 0.976378 
vn -0.535433 -0.811024 -0.220472 
vn 0.259843 -0.299213 -0.92126 
vn -0.519685 -0.850394 0.0393701 
vn 0.299213 -0.251969 -0.92126 
vn 0.913386 -0.0551181 0.409449 
vn -0.0551181 -0.165354 0.984252 
vn 0.244094 -0.417323 -0.874016 
vn 0.724409 -0.23622 0.653543 
vn -0.740157 -0.653543 -0.181102 
vn -0.629921 -0.755906 0.173228 
vn 0.385827 -0.377953 -0.84252 
vn 0.771654 -0.0787402 0.629921 
vn 0.913386 -0.0551181 0.409449 
vn 0.0314961 -0.165354 0.984252 
vn -0.519685 -0.850394 0.0393701 
vn 0.850394 -0.188976 0.488189 
vn 0.015748 -0.204724 0.976378 
vn -0.661417 -0.732283 -0.15748 
vn 0.220472 -0.314961 -0.92126 
vn 0.992126 -0.0944882 0.0629921 
vn 0.212598 -0.307087 0.929134 
vn -0.488189 -0.826772 -0.283465 
vn 0.362205 -0.283465 0.889764 
vn 0.0787402 -0.291339 -0.952756 
vn 0.992126 -0.0551181 -0.133858 
vn -0.165354 -0.818898 0.543307 
vn -0.527559 -0.708661 -0.464567 
vn 0.346457 -0.251969 -0.905512 
vn 0.133858 -0.102362 -0.984252 
vn -0.362205 -0.929134 0.0944882 
vn -0.0472441 -0.141732 -0.992126 
vn 0.716535 0.0787402 -0.692913 
vn 0.488189 -0.314961 0.811024 
vn 0.952756 -0.15748 -0.259843 
vn -0.519685 -0.811024 0.283465 
vn -0.488189 -0.826772 -0.283465 
vn 0.11811 -0.173228 -0.976378 
vn 0.992126 -0.0944882 0.0629921 
vn 0.905512 0.00787402 0.417323 
vn 0.0314961 -0.165354 0.984252 
vn -0.464567 -0.88189 -0.0393701 
vn 0.338583 -0.220472 -0.913386 
vn 0.393701 -0.00787402 0.92126 
vn -0.165354 -0.818898 0.543307 
vn 0.952756 -0.15748 -0.259843 
vn -0.165354 -0.818898 0.543307 
vn 0.393701 -0.00787402 0.92126 
vn -0.141732 -0.322835 0.937008 
vn -0.299213 -0.0708661 0.952756 
vn 0.173228 -0.582677 -0.795276 
vn 0.362205 -0.283465 0.889764 
vn -0.015748 -0.559055 -0.826772 
vn -0.188976 -0.0629921 0.984252 
vn -0.952756 -0.307087 -0.0708661 
vn 0.488189 -0.133858 0.858268 
vn 0.125984 -0.267717 0.952756 
vn -0.220472 -0.755906 -0.614173 
vn 0.228346 -0.448819 -0.866142 
vn -0.188976 -0.0629921 0.984252 
vn -0.015748 -0.559055 -0.826772 
vn 0.448819 -0.370079 0.818898 
vn -0.19685 -0.0866142 0.976378 
vn 0.0314961 -0.543307 -0.834646 
vn 0.472441 -0.346457 0.811024 
vn -0.929134 -0.322835 -0.165354 
vn -0.212598 -0.023622 0.976378 
vn -0.0629921 -0.574803 -0.811024 
vn 0.417323 -0.377953 0.826772 
vn -0.346457 0.133858 0.929134 
vn -0.913386 -0.0472441 -0.401575 
vn 0.362205 -0.133858 0.92126 
vn 0.0314961 -0.19685 0.984252 
vn -0.354331 -0.858268 -0.377953 
vn -0.0708661 -0.645669 -0.755906 
vn -0.291339 0.023622 0.96063 
vn -0.952756 -0.149606 -0.251969 
vn 0.291339 -0.322835 0.897638 
vn -0.976378 -0.19685 -0.0629921 
vn -0.88189 -0.472441 0.0393701 
vn 0.330709 -0.708661 -0.622047 
vn 0.440945 -0.15748 0.88189 
vn 0.0944882 -0.661417 -0.748031 
vn -0.291339 -0.015748 0.96063 
vn -0.929134 -0.307087 -0.204724 
vn -0.354331 0.0551181 0.929134 
vn -0.015748 -0.779528 -0.622047 
vn 0.220472 -0.23622 0.944882 
vn -0.913386 -0.188976 -0.362205 
vn 0.354331 -0.244094 0.905512 
vn 0.574803 -0.307087 0.76378 
vn -0.181102 -0.0944882 0.976378 
vn -0.905512 -0.417323 -0.023622 
vn 0.0708661 -0.456693 -0.889764 
vn -0.897638 -0.440945 0.00787402 
vn 0.228346 -0.590551 -0.779528 
vn 0.574803 -0.220472 0.787402 
vn -0.354331 -0.858268 -0.377953 
vn 0.19685 -0.582677 -0.787402 
vn 0.362205 -0.133858 0.92126 
vn 0.165354 -0.889764 -0.433071 
vn -0.307087 0.0866142 0.944882 
vn -0.952756 -0.283465 -0.0708661 
vn 0.377953 -0.173228 0.913386 
vn 0.440945 -0.15748 0.88189 
vn -0.275591 0.023622 0.96063 
vn -0.88189 -0.472441 0.0393701 
vn -0.204724 -0.0393701 0.976378 
vn 0.102362 -0.566929 -0.818898 
vn -0.251969 -0.0551181 0.968504 
vn -0.913386 -0.338583 -0.220472 
vn -0.133858 -0.15748 0.976378 
vn 0.0629921 -0.440945 -0.897638 
vn 0.606299 -0.377953 0.700787 
vn -0.88189 -0.433071 -0.173228 
vn -0.165354 -0.15748 0.976378 
vn 0.0472441 -0.440945 -0.897638 
vn 0.566929 -0.401575 0.716535 
vn -0.826772 -0.559055 0.0944882 
vn 0.267717 -0.456693 -0.850394 
vn 0.708661 -0.212598 0.669291 
vn 0.19685 -0.433071 -0.88189 
vn -0.0787402 -0.165354 0.984252 
vn -0.795276 -0.582677 -0.141732 
vn -0.0787402 -0.165354 0.984252 
vn 0.19685 -0.433071 -0.88189 
vn 0.692913 -0.259843 0.669291 
vn -0.11811 -0.0866142 0.992126 
vn -0.0393701 -0.543307 -0.834646 
vn -0.188976 -0.0944882 0.976378 
vn -0.929134 -0.307087 -0.212598 
vn -0.913386 -0.307087 -0.259843 
vn -0.0314961 -0.511811 -0.858268 
vn 0.362205 -0.401575 0.84252 
vn -0.212598 -0.0866142 0.976378 
vn 0.417323 -0.393701 0.818898 
vn -0.897638 -0.362205 -0.251969 
vn -0.133858 -0.0393701 0.992126 
vn 0.19685 -0.574803 -0.795276 
vn 0.622047 -0.259843 0.740157 
vn -0.88189 -0.448819 0.149606 
vn -0.866142 -0.401575 0.283465 
vn 0.102362 -0.629921 -0.76378 
vn 0.606299 -0.283465 0.740157 
vn -0.834646 -0.370079 -0.409449 
vn 0.433071 -0.307087 0.850394 
vn -0.15748 -0.015748 0.984252 
vn 0.19685 -0.637795 -0.748031 
vn 0.551181 -0.251969 0.795276 
vn 0.755906 -0.141732 0.637795 
vn -0.0944882 -0.0944882 0.992126 
vn -0.755906 -0.645669 0.102362 
vn -0.755906 -0.645669 0.102362 
vn 0.338583 -0.425197 -0.834646 
vn 0.755906 -0.141732 0.637795 
vn -0.897638 -0.425197 0.141732 
vn -0.173228 -0.0472441 0.984252 
vn 0.251969 -0.629921 -0.732283 
vn 0.566929 -0.188976 0.795276 
vn -0.874016 -0.472441 0.0708661 
vn 0.307087 -0.685039 -0.661417 
vn -0.19685 -0.015748 0.976378 
vn -0.866142 -0.488189 0.110236 
vn -0.125984 -0.015748 0.992126 
vn 0.519685 -0.173228 0.834646 
vn -0.338583 0.110236 0.937008 
vn -0.275591 -0.740157 -0.614173 
vn 0.133858 -0.283465 0.952756 
vn 0.779528 -0.622047 0.0551181 
vn -0.15748 -0.102362 -0.984252 
vn -0.181102 -0.133858 -0.976378 
vn 0.0629921 -0.874016 -0.488189 
vn 0.370079 -0.314961 0.874016 
vn 0.110236 -0.755906 -0.645669 
vn 0.472441 -0.377953 0.795276 
vn 0.110236 -0.755906 -0.645669 
vn -0.204724 -0.338583 -0.92126 
vn -0.149606 -0.299213 -0.944882 
vn -0.968504 -0.259843 0 
vn -0.370079 0.0708661 -0.929134 
vn 0.322835 -0.496063 0.80315 
vn 0.700787 -0.653543 0.291339 
vn -0.181102 -0.133858 -0.976378 
vn -0.370079 0.0708661 -0.929134 
vn 0.165354 -0.267717 0.944882 
vn -0.141732 -0.110236 -0.984252 
vn -0.15748 -0.133858 -0.976378 
vn 0.0629921 -0.874016 -0.488189 
vn -0.149606 -0.244094 -0.96063 
vn -0.291339 -0.771654 -0.566929 
vn 0.165354 -0.267717 0.944882 
vn -0.291339 -0.771654 -0.566929 
vn -0.110236 -0.267717 0.952756 
vn 0.0629921 -0.874016 -0.488189 
vn -0.11811 -0.267717 -0.952756 
vn 0.0314961 -0.732283 -0.685039 
vn -0.15748 -0.480315 -0.858268 
vn -0.23622 -0.440945 0.866142 
vn -0.299213 -0.448819 -0.84252 
vn -0.015748 -0.448819 0.897638 
vn -0.0472441 -0.527559 -0.84252 
vn 0.165354 -0.401575 0.897638 
vn -0.448819 -0.338583 0.826772 
vn 0.0314961 -0.732283 -0.685039 
vn -0.0314961 -0.826772 -0.559055 
vn -0.346457 -0.299213 0.889764 
vn -0.385827 -0.393701 -0.834646 
vn 0.480315 -0.173228 -0.858268 
vn -0.385827 -0.401575 -0.826772 
vn -0.110236 -0.267717 0.952756 
vn -0.291339 -0.771654 -0.566929 
vn 0.598425 -0.401575 0.692913 
vn -0.629921 -0.511811 0.590551 
vn -0.125984 -0.275591 -0.952756 
vn 0.76378 -0.307087 -0.566929 
vn -0.275591 -0.559055 -0.787402 
vn 0.409449 -0.0393701 0.913386 
vn -0.779528 -0.590551 0.19685 
vn 0.440945 0.188976 0.874016 
vn -0.826772 -0.0314961 -0.566929 
vn 0.11811 -0.0708661 -0.992126 
vn 0.362205 -0.0708661 -0.929134 
vn 0.968504 -0.23622 0.015748 
vn 0.251969 -0.220472 0.944882 
vn 0.322835 -0.496063 0.80315 
vn 0.181102 0.204724 0.96063 
vn -0.370079 0.0708661 -0.929134 
vn 0.818898 0.0393701 0.574803 
vn -0.456693 -0.188976 -0.866142 
vn 0.322835 -0.496063 0.80315 
vn -0.346457 -0.417323 -0.84252 
vn 0.322835 -0.496063 0.80315 
vn -0.409449 -0.244094 -0.88189 
vn -0.716535 -0.456693 -0.527559 
vn -0.716535 -0.456693 -0.527559 
vn 0.299213 -0.244094 -0.92126 
vn 0.110236 -0.755906 0.637795 
vn -0.409449 -0.244094 -0.88189 
vn -0.0393701 -0.976378 -0.220472 
vn 0.23622 -0.125984 -0.96063 
vn -0.425197 -0.401575 -0.811024 
vn 0.645669 -0.401575 0.653543 
vn 0.685039 -0.370079 0.629921 
vn -0.0393701 -0.976378 -0.220472 
vn 0.433071 -0.181102 -0.88189 
vn 0.362205 -0.188976 -0.913386 
vn -0.149606 -0.968504 -0.212598 
vn -0.149606 -0.968504 -0.212598 
vn 0.362205 -0.188976 -0.913386 
vn -0.0314961 -0.826772 -0.559055 
vn -0.519685 -0.464567 -0.716535 
vn -0.275591 -0.740157 -0.614173 
vn 0.283465 -0.251969 -0.92126 
vn 0.811024 -0.125984 0.574803 
vn 0.708661 -0.0629921 0.700787 
vn -0.0551181 -0.15748 0.984252 
vn -0.519685 -0.84252 -0.149606 
vn -0.125984 -0.732283 -0.669291 
vn -0.0472441 -0.133858 0.992126 
vn -0.346457 -0.771654 -0.527559 
vn -0.0472441 -0.133858 0.992126 
vn -0.125984 -0.732283 -0.669291 
vn 0.102362 -0.15748 0.984252 
vn 0.362205 -0.251969 -0.897638 
vn 0.732283 -0.0472441 0.677165 
vn 0.19685 -0.582677 -0.787402 
vn 0.385827 -0.0393701 -0.92126 
vn 0.897638 0.251969 0.370079 
vn 0.811024 -0.125984 0.574803 
vn 0.212598 -0.0708661 0.976378 
vn -0.0787402 -0.0629921 0.992126 
vn -0.511811 -0.818898 0.251969 
vn 0.181102 -0.866142 -0.472441 
vn 0.141732 0.322835 0.937008 
vn 0.0314961 -0.0944882 0.992126 
vn -0.251969 -0.937008 0.259843 
vn -0.913386 -0.00787402 -0.409449 
vn 0.622047 0.0393701 0.779528 
vn 0.212598 -0.0708661 0.976378 
vn 0.181102 -0.866142 -0.472441 
vn 0.409449 -0.385827 -0.826772 
vn -0.19685 0.0944882 0.976378 
vn -0.346457 -0.771654 -0.527559 
vn -0.19685 0.0944882 0.976378 
vn -0.566929 -0.0314961 0.826772 
vn -0.125984 -0.220472 -0.968504 
vn -0.023622 -0.519685 -0.858268 
vn -0.0551181 -0.464567 -0.88189 
vn 0.0629921 0.0866142 -0.992126 
vn 0.606299 -0.267717 -0.748031 
vn 0.480315 -0.173228 -0.858268 
vn 0.606299 -0.267717 -0.748031 
vn 0.622047 0.0393701 0.779528 
vn -0.125984 -0.220472 -0.968504 
vn -0.15748 -0.661417 0.732283 
vn -0.692913 -0.220472 -0.692913 
vn -0.0551181 -0.464567 -0.88189 
vn -0.0551181 -0.464567 -0.88189 
vn -0.125984 -0.314961 -0.944882 
vn -0.251969 -0.937008 0.259843 
vn -0.125984 -0.314961 -0.944882 
vn 0.141732 0.322835 0.937008 
vn -0.0551181 -0.464567 -0.88189 
vn -0.165354 -0.275591 -0.944882 
vn -0.125984 -0.314961 -0.944882 
vn -0.11811 -0.291339 -0.944882 
vn -0.173228 -0.251969 -0.952756 
vn -0.173228 -0.267717 -0.944882 
vn -0.566929 -0.740157 0.362205 
vn -0.133858 -0.15748 -0.976378 
vn -0.149606 -0.244094 -0.96063 
vn -0.212598 -0.212598 -0.952756 
vn -0.291339 -0.771654 -0.566929 
vn -0.637795 -0.653543 0.409449 
vn -0.708661 -0.637795 0.307087 
vn -0.440945 -0.795276 0.425197 
vn 0.0314961 -0.0787402 1 
vn -0.440945 -0.629921 -0.637795 
vn -0.0629921 -0.0472441 1 
vn -0.440945 -0.629921 -0.637795 
vn 0.0314961 -0.0787402 1 
vn -0.181102 -0.748031 -0.637795 
vn 0.110236 -0.141732 0.984252 
vn -0.629921 -0.574803 -0.527559 
vn -0.527559 -0.559055 -0.645669 
vn -0.102362 -0.0787402 0.992126 
vn -0.0629921 -0.661417 -0.748031 
vn -0.574803 -0.755906 0.314961 
vn -0.125984 -0.149606 -0.984252 
vn -0.346457 -0.913386 0.220472 
vn -0.19685 -0.15748 -0.968504 
vn 0.362205 -0.0866142 0.929134 
vn -0.023622 -0.519685 -0.858268 
vn -0.19685 -0.976378 -0.125984 
vn -0.173228 -0.96063 0.220472 
vn -0.685039 -0.724409 0.0629921 
vn -0.181102 -0.748031 -0.637795 
vn -0.11811 -0.291339 -0.944882 
vn -0.19685 -0.976378 -0.125984 
vn 0.0866142 -0.00787402 0.992126 
vn -0.173228 -0.96063 0.220472 
vn 0.110236 -0.141732 0.984252 
vn 0.0866142 -0.00787402 0.992126 
vn 0.0787402 0.00787402 1 
vn 0.535433 -0.811024 -0.220472 
vn -0.84252 -0.133858 0.527559 
vn -0.259843 -0.299213 -0.92126 
vn -0.834646 -0.125984 0.543307 
vn 0.543307 -0.80315 -0.259843 
vn -0.0551181 -0.228346 0.976378 
vn 0.543307 -0.80315 -0.259843 
vn -0.834646 -0.125984 0.543307 
vn -0.267717 -0.299213 -0.913386 
vn -0.0551181 -0.220472 0.976378 
vn -0.992126 -0.0944882 0.0629921 
vn 0.488189 -0.826772 -0.283465 
vn -0.212598 -0.307087 0.929134 
vn -0.976378 -0.110236 0.188976 
vn 0.433071 -0.724409 -0.535433 
vn -0.133858 -0.346457 0.929134 
vn 0.433071 -0.724409 -0.535433 
vn -0.976378 -0.110236 0.188976 
vn -0.15748 -0.141732 -0.976378 
vn 0.519685 -0.850394 0.0393701 
vn -0.913386 -0.0551181 0.409449 
vn -0.299213 -0.251969 -0.92126 
vn -0.850394 -0.188976 0.488189 
vn 0.661417 -0.732283 -0.15748 
vn -0.015748 -0.204724 0.976378 
vn -0.220472 -0.314961 -0.92126 
vn -0.0314961 -0.165354 0.984252 
vn -0.244094 -0.417323 -0.874016 
vn 0.0551181 -0.165354 0.984252 
vn -0.724409 -0.23622 0.653543 
vn 0.0551181 -0.165354 0.984252 
vn -0.244094 -0.417323 -0.874016 
vn 0.740157 -0.653543 -0.181102 
vn 0.629921 -0.755906 0.173228 
vn -0.771654 -0.0787402 0.629921 
vn -0.385827 -0.377953 -0.84252 
vn -0.11811 -0.173228 -0.976378 
vn -0.716535 0.0787402 -0.692913 
vn 0.362205 -0.929134 0.0944882 
vn -0.488189 -0.314961 0.811024 
vn 0.362205 -0.929134 0.0944882 
vn -0.716535 0.0787402 -0.692913 
vn 0.0472441 -0.141732 -0.992126 
vn -0.346457 -0.251969 -0.905512 
vn 0.165354 -0.818898 0.543307 
vn -0.952756 -0.15748 -0.259843 
vn 0.165354 -0.818898 0.543307 
vn -0.346457 -0.251969 -0.905512 
vn 0.527559 -0.708661 -0.464567 
vn -0.992126 -0.11811 -0.023622 
vn -0.0629921 -0.322835 -0.944882 
vn -0.543307 -0.314961 0.779528 
vn -0.133858 -0.102362 -0.984252 
vn -0.0787402 -0.291339 -0.952756 
vn -0.362205 -0.283465 0.889764 
vn -0.992126 -0.0551181 -0.133858 
vn -0.393701 -0.00787402 0.92126 
vn -0.952756 -0.15748 -0.259843 
vn 0.165354 -0.818898 0.543307 
vn 0.165354 -0.818898 0.543307 
vn 0.141732 -0.322835 0.937008 
vn -0.393701 -0.00787402 0.92126 
vn 0.464567 -0.88189 -0.0393701 
vn -0.905512 0.00787402 0.417323 
vn -0.338583 -0.220472 -0.913386 
vn -0.0314961 -0.165354 0.984252 
vn 0.519685 -0.811024 0.283465 
vn 0.574803 -0.748031 -0.338583 
vn -0.952756 -0.133858 0.267717 
vn -0.173228 -0.188976 -0.968504 
vn 0.0393701 -0.220472 0.976378 
vn -0.11811 -0.338583 -0.937008 
vn 0.811024 -0.566929 -0.165354 
vn -0.811024 -0.322835 0.496063 
vn -0.952756 -0.133858 0.267717 
vn 0.574803 -0.748031 -0.338583 
vn -0.0944882 -0.299213 0.944882 
vn 0.755906 -0.543307 -0.370079 
vn -0.755906 -0.338583 0.566929 
vn -0.165354 -0.299213 -0.937008 
vn 0.84252 -0.370079 -0.393701 
vn -0.559055 -0.417323 0.716535 
vn -0.11811 -0.409449 -0.905512 
vn 0.110236 -0.228346 0.968504 
vn -0.559055 -0.417323 0.716535 
vn 0.84252 -0.370079 -0.393701 
vn 0.19685 -0.149606 0.968504 
vn 0.84252 -0.370079 -0.385827 
vn -0.519685 -0.401575 0.748031 
vn -0.11811 -0.417323 -0.897638 
vn 0.220472 -0.141732 0.968504 
vn 0.0708661 -0.102362 0.992126 
vn -0.00787402 -0.472441 -0.88189 
vn 0.19685 -0.102362 0.976378 
vn -0.496063 -0.448819 0.748031 
vn 0.929134 -0.275591 -0.23622 
vn -0.0551181 -0.598425 -0.795276 
vn 0.259843 -0.0472441 0.968504 
vn -0.354331 -0.338583 0.874016 
vn -0.322835 -0.377953 0.866142 
vn 0.259843 -0.488189 -0.834646 
vn -0.0629921 -0.314961 0.944882 
vn -0.322835 -0.377953 0.866142 
vn -0.543307 -0.314961 0.779528 
vn -0.0629921 -0.322835 -0.944882 
vn -0.173228 0 0.984252 
vn -0.188976 -0.968504 -0.165354 
vn -0.188976 -0.0393701 0.984252 
vn -0.188976 -0.968504 -0.165354 
vn -0.173228 0 0.984252 
vn -0.393701 -0.874016 -0.283465 
vn 0.0393701 -0.393701 -0.92126 
vn 0.0393701 -0.393701 -0.92126 
vn 0.527559 -0.559055 -0.645669 
vn -0.0629921 -0.314961 0.944882 
vn 0.259843 -0.488189 -0.834646 
vn 0.0551181 -0.173228 0.984252 
vn 0.173228 -0.944882 0.267717 
vn -0.125984 -0.00787402 0.992126 
vn 0.102362 -0.0787402 0.992126 
vn 0.0551181 -0.173228 0.984252 
vn 0.527559 -0.559055 -0.645669 
vn 0.259843 -0.0472441 0.968504 
vn -0.0551181 -0.598425 -0.795276 
vn 0.897638 -0.299213 -0.330709 
vn -0.173228 -0.582677 -0.795276 
vn 0.299213 -0.0708661 0.952756 
vn -0.362205 -0.283465 0.889764 
vn 0.755906 -0.645669 0.102362 
vn -0.755906 -0.141732 0.637795 
vn -0.338583 -0.425197 -0.834646 
vn 0.0787402 -0.165354 0.984252 
vn -0.19685 -0.433071 -0.88189 
vn 0.795276 -0.582677 -0.141732 
vn -0.692913 -0.259843 0.669291 
vn 0.826772 -0.559055 0.0944882 
vn -0.708661 -0.212598 0.669291 
vn -0.267717 -0.456693 -0.850394 
vn -0.0629921 -0.440945 -0.897638 
vn 0.133858 -0.15748 0.976378 
vn -0.606299 -0.377953 0.700787 
vn 0.133858 -0.15748 0.976378 
vn -0.0629921 -0.440945 -0.897638 
vn 0.88189 -0.433071 -0.173228 
vn -0.0472441 -0.440945 -0.897638 
vn 0.165354 -0.15748 0.976378 
vn -0.566929 -0.401575 0.716535 
vn -0.708661 -0.212598 0.669291 
vn 0.826772 -0.559055 0.0944882 
vn 0.11811 -0.0866142 0.992126 
vn 0.165354 -0.15748 0.976378 
vn -0.0472441 -0.440945 -0.897638 
vn 0.897638 -0.362205 -0.251969 
vn 0.0393701 -0.543307 -0.834646 
vn 0.188976 -0.0944882 0.976378 
vn -0.417323 -0.393701 0.818898 
vn -0.19685 -0.574803 -0.795276 
vn 0.133858 -0.0393701 0.992126 
vn -0.622047 -0.259843 0.740157 
vn 0.929134 -0.307087 -0.212598 
vn 0.913386 -0.307087 -0.259843 
vn -0.362205 -0.401575 0.84252 
vn 0.0314961 -0.511811 -0.858268 
vn 0.212598 -0.0866142 0.976378 
vn 0.88189 -0.448819 0.149606 
vn 0.0944882 -0.0944882 0.992126 
vn -0.19685 -0.637795 -0.748031 
vn 0.15748 -0.015748 0.984252 
vn -0.551181 -0.251969 0.795276 
vn 0.866142 -0.401575 0.283465 
vn -0.606299 -0.283465 0.740157 
vn -0.102362 -0.629921 -0.76378 
vn 0.834646 -0.370079 -0.409449 
vn -0.102362 -0.566929 -0.818898 
vn 0.251969 -0.0551181 0.968504 
vn -0.433071 -0.307087 0.850394 
vn 0.913386 -0.338583 -0.220472 
vn 0.897638 -0.425197 0.141732 
vn -0.606299 -0.283465 0.740157 
vn 0.866142 -0.401575 0.283465 
vn 0.125984 -0.015748 0.992126 
vn -0.307087 -0.685039 -0.661417 
vn 0.19685 -0.015748 0.976378 
vn -0.519685 -0.173228 0.834646 
vn 0.866142 -0.488189 0.110236 
vn -0.251969 -0.629921 -0.732283 
vn 0.173228 -0.0472441 0.984252 
vn -0.566929 -0.188976 0.795276 
vn 0.874016 -0.472441 0.0708661 
vn -0.0314961 -0.543307 -0.834646 
vn 0.19685 -0.0866142 0.976378 
vn -0.472441 -0.346457 0.811024 
vn -0.023622 -0.590551 -0.80315 
vn 0.220472 -0.0472441 0.976378 
vn -0.401575 -0.330709 0.850394 
vn 0.937008 -0.307087 -0.15748 
vn 0.929134 -0.322835 -0.165354 
vn 0.88189 -0.472441 0.0393701 
vn -0.440945 -0.15748 0.88189 
vn -0.330709 -0.708661 -0.622047 
vn -0.488189 -0.133858 0.858268 
vn 0.220472 -0.755906 -0.614173 
vn -0.125984 -0.267717 0.952756 
vn -0.228346 -0.448819 -0.866142 
vn 0.0629921 -0.574803 -0.811024 
vn 0.212598 -0.023622 0.976378 
vn -0.417323 -0.377953 0.826772 
vn 0.0708661 -0.645669 -0.755906 
vn 0.291339 0.023622 0.96063 
vn -0.291339 -0.322835 0.897638 
vn 0.976378 -0.19685 -0.0629921 
vn 0.952756 -0.149606 -0.251969 
vn -0.362205 -0.133858 0.92126 
vn 0.354331 -0.858268 -0.377953 
vn -0.0314961 -0.19685 0.984252 
vn 0.346457 0.133858 0.929134 
vn 0.346457 0.133858 0.929134 
vn 0.220472 -0.755906 -0.614173 
vn 0.913386 -0.0472441 -0.401575 
vn 0.897638 -0.440945 0.00787402 
vn -0.574803 -0.220472 0.787402 
vn -0.228346 -0.590551 -0.779528 
vn -0.0944882 -0.661417 -0.748031 
vn 0.291339 -0.015748 0.96063 
vn -0.354331 -0.244094 0.905512 
vn -0.574803 -0.307087 0.76378 
vn 0.905512 -0.417323 -0.023622 
vn 0.181102 -0.0944882 0.976378 
vn -0.0708661 -0.456693 -0.889764 
vn 0.929134 -0.307087 -0.204724 
vn 0.015748 -0.779528 -0.622047 
vn 0.354331 0.0551181 0.929134 
vn -0.220472 -0.23622 0.944882 
vn 0.275591 -0.740157 -0.614173 
vn 0.338583 0.110236 0.937008 
vn -0.133858 -0.283465 0.952756 
vn 0.913386 -0.188976 -0.362205 
vn 0.275591 0.023622 0.96063 
vn 0.204724 -0.0393701 0.976378 
vn -0.165354 -0.889764 -0.433071 
vn 0.307087 0.0866142 0.944882 
vn -0.377953 -0.173228 0.913386 
vn -0.19685 -0.582677 -0.787402 
vn 0.952756 -0.283465 -0.0708661 
vn -0.299213 -0.244094 -0.92126 
vn 0.716535 -0.456693 -0.527559 
vn -0.110236 -0.755906 0.637795 
vn 0.275591 -0.559055 -0.787402 
vn -0.11811 -0.0708661 -0.992126 
vn -0.362205 -0.0708661 -0.929134 
vn 0.275591 -0.559055 -0.787402 
vn -0.409449 -0.0393701 0.913386 
vn -0.968504 -0.23622 0.015748 
vn -0.23622 -0.125984 -0.96063 
vn 0.0393701 -0.976378 -0.220472 
vn 0.425197 -0.401575 -0.811024 
vn 0.779528 -0.590551 0.19685 
vn -0.440945 0.188976 0.874016 
vn 0.826772 -0.0314961 -0.566929 
vn 0.629921 -0.511811 0.590551 
vn -0.76378 -0.307087 -0.566929 
vn 0.125984 -0.275591 -0.952756 
vn 0.409449 -0.244094 -0.88189 
vn 0.409449 -0.244094 -0.88189 
vn -0.322835 -0.496063 0.80315 
vn 0.716535 -0.456693 -0.527559 
vn -0.818898 0.0393701 0.574803 
vn -0.322835 -0.496063 0.80315 
vn 0.456693 -0.188976 -0.866142 
vn -0.251969 -0.220472 0.944882 
vn -0.181102 0.204724 0.96063 
vn -0.322835 -0.496063 0.80315 
vn 0.370079 0.0708661 -0.929134 
vn 0.346457 -0.417323 -0.84252 
vn -0.0314961 -0.732283 -0.685039 
vn 0.204724 -0.338583 -0.92126 
vn 0.0314961 -0.826772 -0.559055 
vn 0.149606 -0.968504 -0.212598 
vn -0.362205 -0.188976 -0.913386 
vn -0.362205 -0.188976 -0.913386 
vn -0.685039 -0.370079 0.629921 
vn 0.0393701 -0.976378 -0.220472 
vn -0.433071 -0.181102 -0.88189 
vn -0.645669 -0.401575 0.653543 
vn 0.149606 -0.968504 -0.212598 
vn -0.598425 -0.401575 0.692913 
vn 0.519685 -0.464567 -0.716535 
vn -0.472441 -0.377953 0.795276 
vn 0.0314961 -0.826772 -0.559055 
vn 0.968504 -0.259843 0 
vn -0.322835 -0.496063 0.80315 
vn 0.370079 0.0708661 -0.929134 
vn 0.15748 -0.102362 -0.984252 
vn -0.779528 -0.622047 0.0551181 
vn 0.181102 -0.133858 -0.976378 
vn 0.370079 0.0708661 -0.929134 
vn 0.181102 -0.133858 -0.976378 
vn -0.700787 -0.653543 0.291339 
vn -0.110236 -0.755906 -0.645669 
vn 0.149606 -0.299213 -0.944882 
vn -0.110236 -0.755906 -0.645669 
vn -0.370079 -0.314961 0.874016 
vn -0.0629921 -0.874016 -0.488189 
vn -0.165354 -0.267717 0.944882 
vn 0.291339 -0.771654 -0.566929 
vn -0.165354 -0.267717 0.944882 
vn 0.110236 -0.267717 0.952756 
vn 0.149606 -0.244094 -0.96063 
vn 0.11811 -0.267717 -0.952756 
vn -0.0629921 -0.874016 -0.488189 
vn -0.0629921 -0.874016 -0.488189 
vn 0.141732 -0.110236 -0.984252 
vn 0.15748 -0.133858 -0.976378 
vn 0.291339 -0.771654 -0.566929 
vn -0.0314961 -0.732283 -0.685039 
vn 0.299213 -0.448819 -0.84252 
vn 0.448819 -0.338583 0.826772 
vn 0.23622 -0.440945 0.866142 
vn 0.15748 -0.480315 -0.858268 
vn 0.015748 -0.448819 0.897638 
vn 0.0472441 -0.527559 -0.84252 
vn -0.165354 -0.401575 0.897638 
vn 0.385827 -0.393701 -0.834646 
vn 0.346457 -0.299213 0.889764 
vn 0.110236 -0.267717 0.952756 
vn 0.385827 -0.401575 -0.826772 
vn 0.291339 -0.771654 -0.566929 
vn -0.480315 -0.173228 -0.858268 
vn -0.393701 -0.874016 -0.283465 
vn 0.440945 -0.795276 0.425197 
vn 0.566929 -0.740157 0.362205 
vn 0.291339 -0.771654 -0.566929 
vn 0.212598 -0.212598 -0.952756 
vn 0.149606 -0.244094 -0.96063 
vn 0.133858 -0.15748 -0.976378 
vn 0.708661 -0.637795 0.307087 
vn 0.637795 -0.653543 0.409449 
vn 0.629921 -0.574803 -0.527559 
vn 0.102362 -0.0787402 0.992126 
vn 0.0629921 -0.0472441 1 
vn 0.629921 -0.574803 -0.527559 
vn 0.440945 -0.629921 -0.637795 
vn 0.0629921 -0.0472441 1 
vn -0.0314961 -0.0787402 1 
vn -0.0314961 -0.0787402 1 
vn 0.440945 -0.629921 -0.637795 
vn 0.181102 -0.748031 -0.637795 
vn -0.110236 -0.141732 0.984252 
vn 0.125984 -0.732283 -0.669291 
vn -0.102362 -0.15748 0.984252 
vn 0.125984 -0.732283 -0.669291 
vn -0.110236 -0.141732 0.984252 
vn 0.0629921 -0.661417 -0.748031 
vn 0.685039 -0.724409 0.0629921 
vn 0.19685 -0.976378 -0.125984 
vn 0.125984 -0.149606 -0.984252 
vn 0.173228 -0.96063 0.220472 
vn 0.346457 -0.913386 0.220472 
vn 0.574803 -0.755906 0.314961 
vn 0.19685 -0.15748 -0.968504 
vn -0.362205 -0.0866142 0.929134 
vn 0.023622 -0.519685 -0.858268 
vn -0.0866142 -0.00787402 0.992126 
vn -0.0787402 0.00787402 1 
vn 0.181102 -0.748031 -0.637795 
vn 0.0629921 -0.661417 -0.748031 
vn 0.173228 -0.251969 -0.952756 
vn 0.11811 -0.291339 -0.944882 
vn 0.173228 -0.267717 -0.944882 
vn 0.11811 -0.291339 -0.944882 
vn 0.015748 -0.779528 -0.622047 
vn -0.732283 -0.0472441 0.677165 
vn -0.362205 -0.251969 -0.897638 
vn -0.811024 -0.125984 0.574803 
vn -0.283465 -0.251969 -0.92126 
vn 0.0472441 -0.133858 0.992126 
vn -0.102362 -0.15748 0.984252 
vn -0.19685 -0.582677 -0.787402 
vn -0.897638 0.251969 0.370079 
vn -0.385827 -0.0393701 -0.92126 
vn 0.346457 -0.771654 -0.527559 
vn -0.708661 -0.0629921 0.700787 
vn 0.519685 -0.84252 -0.149606 
vn 0.0551181 -0.15748 0.984252 
vn -0.362205 -0.133858 0.92126 
vn -0.220472 -0.23622 0.944882 
vn 0.913386 -0.00787402 -0.409449 
vn -0.141732 0.322835 0.937008 
vn 0.251969 -0.937008 0.259843 
vn -0.0314961 -0.0944882 0.992126 
vn -0.212598 -0.0708661 0.976378 
vn 0.511811 -0.818898 0.251969 
vn 0.0787402 -0.0629921 0.992126 
vn 0.511811 -0.818898 0.251969 
vn -0.212598 -0.0708661 0.976378 
vn -0.181102 -0.866142 -0.472441 
vn -0.622047 0.0393701 0.779528 
vn -0.181102 -0.866142 -0.472441 
vn -0.0629921 0.0866142 -0.992126 
vn -0.606299 -0.267717 -0.748031 
vn 0.023622 -0.519685 -0.858268 
vn 0.125984 -0.220472 -0.968504 
vn 0.0551181 -0.464567 -0.88189 
vn -0.480315 -0.173228 -0.858268 
vn -0.409449 -0.385827 -0.826772 
vn 0.19685 0.0944882 0.976378 
vn 0.566929 -0.0314961 0.826772 
vn 0.251969 -0.937008 0.259843 
vn -0.141732 0.322835 0.937008 
vn 0.125984 -0.314961 -0.944882 
vn 0.165354 -0.275591 -0.944882 
vn 0.0551181 -0.464567 -0.88189 
vn 0.125984 -0.314961 -0.944882 
vn 0.0551181 -0.464567 -0.88189 
vn 0.15748 -0.661417 0.732283 
vn 0.125984 -0.220472 -0.968504 
vn 0.692913 -0.220472 -0.692913 
vn 0.0551181 -0.464567 -0.88189 
vn -0.141732 -0.110236 -0.984252 
vn -0.0393701 -0.393701 -0.92126 
vn -0.259843 -0.488189 -0.834646 
vn 0.165354 -0.299213 -0.937008 
vn -0.80315 -0.0314961 -0.590551 
vn 0.19685 0.0629921 -0.976378 
vn 0.19685 0.0629921 -0.976378 
vn -0.80315 -0.0314961 -0.590551 
vn -0.149606 0.377953 -0.913386 
vn -0.15748 -0.133858 -0.976378 
vn -0.527559 -0.559055 -0.645669 
vn -0.409449 0.362205 -0.834646 
vn 0.125984 0.0787402 -0.992126 
vn -0.944882 -0.015748 -0.330709 
vn -0.574803 -0.748031 -0.338583 
vn -0.929134 -0.181102 -0.314961 
vn 0.173228 -0.188976 -0.968504 
vn 0.11811 -0.338583 -0.937008 
vn -0.944882 -0.015748 -0.330709 
vn 0.125984 0.0787402 -0.992126 
vn 0.0866142 0.0866142 -0.992126 
vn -0.929134 -0.181102 -0.314961 
vn -0.464567 0.377953 -0.80315 
vn 0.0866142 0.0866142 -0.992126 
vn -0.149606 -0.165354 -0.976378 
vn -0.173228 -0.165354 -0.968504 
vn -0.19685 -0.181102 -0.96063 
vn -0.811024 -0.566929 -0.165354 
vn -0.755906 -0.543307 -0.370079 
vn -0.84252 -0.370079 -0.393701 
vn 0.244094 0.00787402 -0.968504 
vn 0.11811 -0.409449 -0.905512 
vn -0.76378 0.00787402 -0.645669 
vn 0.00787402 0.188976 -0.984252 
vn 0.188976 -0.0708661 -0.976378 
vn -0.685039 0.220472 -0.692913 
vn -0.889764 -0.173228 -0.417323 
vn 0.023622 0.220472 -0.976378 
vn 0.188976 -0.0314961 -0.984252 
vn -0.700787 0.188976 -0.692913 
vn -0.204724 -0.173228 -0.968504 
vn -0.409449 0.362205 -0.834646 
vn -0.15748 -0.102362 -0.984252 
vn 0.0629921 -0.322835 -0.944882 
vn -0.15748 -0.102362 -0.984252 
vn 0.779528 -0.622047 0.0551181 
vn 0.393701 -0.874016 -0.283465 
vn -0.181102 -0.133858 -0.976378 
vn -0.866142 -0.220472 -0.448819 
vn -0.141732 0.464567 -0.874016 
vn 0.110236 0.11811 -0.984252 
vn -0.464567 0.377953 -0.80315 
vn 0.133858 -0.102362 -0.984252 
vn -0.141732 -0.110236 -0.984252 
vn 0.188976 -0.968504 -0.165354 
vn -0.015748 0.307087 -0.952756 
vn 0.244094 0.00787402 -0.968504 
vn -0.76378 0.00787402 -0.645669 
vn -0.496063 0.433071 -0.755906 
vn 0.251969 -0.023622 -0.968504 
vn -0.771654 0.023622 -0.637795 
vn 0.133858 0.165354 -0.976378 
vn -0.629921 -0.574803 -0.527559 
vn -0.015748 0.307087 -0.952756 
vn -0.149606 0.377953 -0.913386 
vn -0.173228 -0.944882 0.267717 
vn -0.11811 -0.267717 -0.952756 
vn -0.15748 -0.188976 -0.968504 
vn -0.173228 -0.173228 -0.968504 
vn -0.488189 -0.826772 -0.283465 
vn -0.968504 -0.244094 0.0944882 
vn 0.11811 -0.173228 -0.976378 
vn -0.433071 -0.724409 -0.535433 
vn -0.866142 -0.220472 -0.448819 
vn 0.15748 -0.141732 -0.976378 
vn 0.110236 0.11811 -0.984252 
vn 0.0393701 0 -1 
vn -0.889764 -0.291339 -0.346457 
vn -0.897638 0.0551181 -0.440945 
vn 0.15748 0.00787402 -0.984252 
vn 0.11811 -0.0866142 -0.992126 
vn 0.259843 -0.299213 -0.92126 
vn -0.929134 -0.338583 -0.141732 
vn -0.519685 -0.811024 0.283465 
vn -0.826772 -0.181102 0.535433 
vn 0.0787402 -0.291339 -0.952756 
vn -0.0472441 -0.102362 -0.992126 
vn 0.992126 -0.0551181 -0.133858 
vn -0.535433 -0.811024 -0.220472 
vn 0.15748 0 -0.984252 
vn 0.220472 -0.314961 -0.92126 
vn -0.92126 -0.204724 -0.330709 
vn -0.519685 -0.850394 0.0393701 
vn -0.19685 -0.181102 -0.96063 
vn 0.299213 -0.251969 -0.92126 
vn -0.173228 -0.165354 -0.968504 
vn -0.84252 0.0629921 -0.535433 
vn 0.338583 -0.220472 -0.913386 
vn -0.173228 -0.165354 -0.968504 
vn -0.181102 -0.212598 -0.96063 
vn -0.543307 -0.80315 -0.259843 
vn 0.267717 -0.299213 -0.913386 
vn -0.464567 -0.88189 -0.0393701 
vn -0.165354 0.291339 -0.944882 
vn 0.992126 -0.0551181 -0.133858 
vn -0.0472441 -0.102362 -0.992126 
vn 0.818898 0.181102 -0.535433 
vn 0.11811 -0.0866142 -0.992126 
vn 0.322835 -0.496063 0.80315 
vn 0.929134 0.346457 -0.141732 
vn -0.952756 0.244094 -0.173228 
vn 0.0393701 0 -1 
vn -0.968504 -0.244094 0.0944882 
vn -0.228346 0.23622 -0.944882 
vn 0.76378 -0.307087 -0.566929 
vn -0.125984 -0.275591 -0.952756 
vn -0.527559 -0.708661 -0.464567 
vn -0.488189 -0.173228 -0.858268 
vn 0.401575 -0.0393701 -0.913386 
vn 0.401575 -0.0393701 -0.913386 
vn 0.346457 -0.251969 -0.905512 
vn -0.527559 -0.708661 -0.464567 
vn -0.409449 -0.244094 -0.88189 
vn 0.716535 0.0787402 -0.692913 
vn -0.0472441 -0.141732 -0.992126 
vn -0.409449 -0.244094 -0.88189 
vn 0.929134 0.330709 -0.15748 
vn 0.299213 -0.244094 -0.92126 
vn 0.322835 -0.496063 0.80315 
vn -0.181102 0.251969 -0.952756 
vn -0.181102 -0.212598 -0.96063 
vn -0.244094 -0.220472 -0.944882 
vn -0.716535 -0.456693 -0.527559 
vn 0.338583 -0.165354 -0.92126 
vn -0.0787402 -0.992126 0.102362 
vn -0.716535 -0.456693 -0.527559 
vn 0.952756 0.244094 0.181102 
vn 0.338583 -0.165354 -0.92126 
vn 0.188976 0.244094 0.952756 
vn -0.19685 -0.181102 -0.96063 
vn 0.204724 -0.244094 -0.944882 
vn -0.0314961 -0.511811 -0.858268 
vn -0.913386 -0.307087 -0.259843 
vn -0.740157 0.204724 -0.637795 
vn 0.0314961 -0.543307 -0.834646 
vn -0.929134 -0.322835 -0.165354 
vn -0.015748 -0.559055 -0.826772 
vn -0.740157 0.220472 -0.637795 
vn 0.133858 -0.244094 -0.96063 
vn 0.141732 -0.244094 -0.96063 
vn -0.740157 0.181102 -0.653543 
vn 0.181102 -0.19685 -0.96063 
vn -0.0393701 -0.543307 -0.834646 
vn -0.929134 -0.307087 -0.212598 
vn -0.80315 0.173228 -0.574803 
vn -0.259843 -0.204724 -0.944882 
vn 0.102362 -0.629921 -0.76378 
vn -0.866142 -0.401575 0.283465 
vn -0.0629921 -0.574803 -0.811024 
vn -0.653543 0.251969 -0.716535 
vn 0.125984 -0.259843 -0.96063 
vn -0.511811 0.212598 -0.834646 
vn -0.0708661 -0.645669 -0.755906 
vn -0.952756 -0.149606 -0.251969 
vn -0.377953 0.188976 -0.905512 
vn -0.220472 -0.755906 -0.614173 
vn -0.913386 -0.0472441 -0.401575 
vn 0.228346 -0.448819 -0.866142 
vn -0.818898 0.00787402 -0.566929 
vn -0.251969 0.149606 -0.952756 
vn -0.354331 -0.858268 -0.377953 
vn -0.976378 -0.19685 -0.0629921 
vn -0.952756 -0.307087 -0.0708661 
vn 0.204724 -0.346457 -0.913386 
vn -0.173228 -0.251969 -0.952756 
vn 0.228346 -0.590551 -0.779528 
vn -0.897638 -0.440945 0.00787402 
vn -0.897638 -0.299213 -0.330709 
vn 0.314961 -0.0866142 -0.944882 
vn 0.0551181 -0.598425 -0.795276 
vn -0.692913 0.149606 -0.700787 
vn 0.0708661 -0.456693 -0.889764 
vn -0.905512 -0.417323 -0.023622 
vn -0.929134 -0.307087 -0.204724 
vn -0.535433 0.125984 -0.834646 
vn 0.0944882 -0.661417 -0.748031 
vn -0.653543 0.110236 -0.748031 
vn 0.102362 -0.566929 -0.818898 
vn -0.913386 -0.338583 -0.220472 
vn -0.228346 -0.204724 -0.952756 
vn -0.866142 -0.488189 0.110236 
vn -0.212598 -0.220472 -0.952756 
vn -0.834646 -0.370079 -0.409449 
vn 0.346457 -0.15748 -0.929134 
vn 0.173228 -0.582677 -0.795276 
vn -0.228346 -0.204724 -0.952756 
vn 0.291339 -0.0393701 -0.952756 
vn -0.598425 0.0629921 -0.795276 
vn 0.251969 -0.629921 -0.732283 
vn -0.212598 -0.220472 -0.952756 
vn -0.212598 -0.220472 -0.952756 
vn -0.173228 -0.267717 -0.944882 
vn 0.330709 -0.708661 -0.622047 
vn -0.88189 -0.472441 0.0393701 
vn 0.19685 -0.582677 -0.787402 
vn -0.165354 -0.275591 -0.944882 
vn 0.165354 -0.889764 -0.433071 
vn -0.952756 -0.283465 -0.0708661 
vn -0.913386 -0.188976 -0.362205 
vn -0.448819 0.141732 -0.88189 
vn -0.015748 -0.779528 -0.622047 
vn -0.173228 -0.251969 -0.952756 
vn 0.307087 -0.685039 -0.661417 
vn -0.874016 -0.472441 0.0708661 
vn -0.212598 -0.220472 -0.952756 
vn 0.188976 -0.0551181 -0.976378 
vn -0.929134 -0.275591 -0.23622 
vn -0.850394 0.0787402 -0.527559 
vn 0.19685 -0.433071 -0.88189 
vn -0.913386 -0.0629921 -0.401575 
vn 0.0629921 -0.440945 -0.897638 
vn -0.88189 0.0866142 -0.464567 
vn 0.188976 -0.102362 -0.976378 
vn -0.84252 -0.370079 -0.385827 
vn 0.251969 -0.023622 -0.968504 
vn 0.11811 -0.417323 -0.897638 
vn -0.755906 -0.645669 0.102362 
vn -0.740157 -0.653543 -0.181102 
vn 0.244094 -0.417323 -0.874016 
vn -0.661417 -0.732283 -0.15748 
vn -0.629921 -0.755906 0.173228 
vn -0.19685 -0.181102 -0.96063 
vn 0.385827 -0.377953 -0.84252 
vn 0.338583 -0.425197 -0.834646 
vn -0.88189 -0.433071 -0.173228 
vn -0.874016 0.141732 -0.456693 
vn 0.0472441 -0.440945 -0.897638 
vn -0.897638 -0.362205 -0.251969 
vn 0.165354 -0.133858 -0.976378 
vn -0.244094 -0.19685 -0.944882 
vn 0.19685 -0.637795 -0.748031 
vn -0.897638 -0.425197 0.141732 
vn -0.228346 -0.188976 -0.952756 
vn 0.19685 -0.574803 -0.795276 
vn -0.88189 -0.448819 0.149606 
vn -0.795276 -0.582677 -0.141732 
vn 0.267717 -0.456693 -0.850394 
vn -0.826772 -0.559055 0.0944882 
vn -0.771654 0.023622 -0.637795 
vn 0.00787402 -0.472441 -0.88189 
vn -0.19685 -0.188976 -0.96063 
vn -0.212598 -0.212598 -0.952756 
vn 0.141732 0.141732 -0.976378 
vn -0.472441 0.330709 -0.818898 
vn -0.204724 -0.173228 -0.968504 
vn 0.251969 0.023622 -0.968504 
vn -0.251969 0.307087 -0.92126 
vn 0.188976 0.0708661 -0.976378 
vn -0.377953 0.330709 -0.866142 
vn 0.0393701 0 -1 
vn 0.527559 0.795276 -0.299213 
vn 0.944882 0.314961 -0.0866142 
vn -0.0629921 -0.149606 -0.984252 
vn -0.181102 -0.748031 -0.637795 
vn -0.0708661 -0.125984 -0.992126 
vn -0.133858 -0.15748 -0.976378 
vn -0.440945 -0.629921 -0.637795 
vn -0.488189 -0.874016 -0.023622 
vn -0.0708661 -0.125984 -0.992126 
vn -0.0629921 -0.149606 -0.984252 
vn -0.102362 -0.133858 -0.984252 
vn -0.685039 -0.724409 0.0629921 
vn -0.133858 -0.15748 -0.976378 
vn 0.102362 0.267717 -0.96063 
vn -0.133858 -0.15748 -0.976378 
vn 0.346457 0.299213 -0.889764 
vn -0.0629921 -0.149606 -0.984252 
vn 0.448819 0.338583 -0.826772 
vn -0.0629921 -0.661417 -0.748031 
vn -0.125984 -0.732283 -0.669291 
vn -0.125984 -0.149606 -0.984252 
vn -0.19685 -0.976378 -0.125984 
vn -0.102362 -0.133858 -0.984252 
vn -0.19685 -0.15748 -0.968504 
vn 0.188976 -0.0551181 -0.976378 
vn -0.850394 0.0787402 -0.527559 
vn 0.125984 0.141732 -0.984252 
vn -0.385827 -0.393701 -0.834646 
vn -0.385827 -0.401575 -0.826772 
vn -0.204724 -0.212598 -0.952756 
vn -0.15748 -0.259843 -0.952756 
vn -0.299213 -0.448819 -0.84252 
vn -0.181102 -0.23622 -0.952756 
vn -0.165354 0.409449 -0.897638 
vn -0.102362 -0.133858 -0.984252 
vn -0.125984 -0.149606 -0.984252 
vn -0.259843 0.527559 -0.811024 
vn 0.244094 0.440945 -0.866142 
vn 0.015748 0.448819 -0.889764 
vn -0.0708661 -0.125984 -0.992126 
vn 0.244094 0.440945 -0.866142 
vn -0.0708661 -0.125984 -0.992126 
vn 0.362205 -0.0866142 0.929134 
vn -0.125984 -0.149606 -0.984252 
vn -0.574803 -0.755906 0.314961 
vn -0.19685 -0.15748 -0.968504 
vn -0.566929 -0.0314961 0.826772 
vn -0.307087 0.574803 -0.76378 
vn -0.259843 0.527559 -0.811024 
vn 0.480315 -0.173228 -0.858268 
vn -0.15748 -0.480315 -0.858268 
vn -0.11811 -0.291339 -0.944882 
vn -0.0472441 -0.527559 -0.84252 
vn -0.291339 -0.771654 -0.566929 
vn -0.370079 0.0708661 -0.929134 
vn -0.173228 0.141732 -0.976378 
vn 0.76378 -0.307087 -0.566929 
vn -0.228346 0.23622 -0.944882 
vn 0.685039 0.488189 -0.543307 
vn -0.259843 0.204724 -0.944882 
vn 0.818898 0.181102 -0.535433 
vn -0.0472441 -0.102362 -0.992126 
vn 0.968504 -0.23622 0.015748 
vn -0.275591 -0.559055 -0.787402 
vn 0.11811 -0.0708661 -0.992126 
vn 0.614173 0.480315 0.629921 
vn 0.11811 -0.0708661 -0.992126 
vn 0.401575 -0.0393701 -0.913386 
vn -0.488189 -0.173228 -0.858268 
vn -0.944882 -0.259843 -0.19685 
vn -0.417323 0.0393701 -0.905512 
vn 0.929134 0.330709 -0.15748 
vn -0.409449 -0.244094 -0.88189 
vn 0.614173 0.480315 0.629921 
vn -0.149606 -0.244094 -0.96063 
vn -0.149606 -0.299213 -0.944882 
vn -0.165354 0.267717 -0.944882 
vn -0.15748 -0.102362 -0.984252 
vn -0.141732 -0.110236 -0.984252 
vn -0.433071 -0.275591 -0.858268 
vn -0.181102 -0.133858 -0.976378 
vn 0.700787 -0.653543 0.291339 
vn 0.779528 -0.622047 0.0551181 
vn -0.141732 -0.110236 -0.984252 
vn -0.15748 -0.133858 -0.976378 
vn -0.165354 0.267717 -0.944882 
vn -0.220472 0.15748 -0.96063 
vn 0.362205 -0.0708661 -0.929134 
vn -0.275591 -0.559055 -0.787402 
vn -0.409449 -0.244094 -0.88189 
vn 0.322835 -0.496063 0.80315 
vn -0.456693 -0.188976 -0.866142 
vn 0.519685 0.771654 -0.362205 
vn 0.362205 -0.0708661 -0.929134 
vn -0.220472 0.15748 -0.96063 
vn 0.433071 -0.181102 -0.88189 
vn 0.362205 -0.188976 -0.913386 
vn 0.433071 -0.181102 -0.88189 
vn -0.220472 0.15748 -0.96063 
vn 0.23622 -0.125984 -0.96063 
vn 0.11811 -0.0708661 -0.992126 
vn -0.417323 0.0393701 -0.905512 
vn -0.425197 -0.401575 -0.811024 
vn 0.283465 0.527559 -0.795276 
vn -0.472441 0.370079 -0.80315 
vn -0.370079 0.0708661 -0.929134 
vn -0.181102 -0.133858 -0.976378 
vn -0.370079 0.314961 -0.874016 
vn -0.204724 -0.338583 -0.92126 
vn -0.346457 -0.417323 -0.84252 
vn 0.307087 0.102362 -0.944882 
vn -0.598425 0.023622 -0.795276 
vn -0.267717 0.275591 -0.92126 
vn -0.275591 -0.740157 -0.614173 
vn -0.433071 0.220472 -0.874016 
vn 0.283465 -0.251969 -0.92126 
vn -0.913386 -0.00787402 -0.409449 
vn -0.716535 -0.346457 -0.598425 
vn -0.173228 0.165354 -0.968504 
vn -0.519685 -0.84252 -0.149606 
vn 0.409449 -0.385827 -0.826772 
vn 0.385827 -0.0393701 -0.92126 
vn -0.125984 0.15748 -0.976378 
vn 0.314961 -0.204724 -0.92126 
vn 0.362205 -0.251969 -0.897638 
vn -0.181102 0.188976 -0.968504 
vn 0.322835 -0.00787402 -0.944882 
vn -0.511811 -0.818898 0.251969 
vn -0.141732 0.0472441 -0.992126 
vn 0.181102 -0.866142 -0.472441 
vn -0.125984 -0.314961 -0.944882 
vn 0.0472441 -1 0.0314961 
vn -0.866142 -0.15748 -0.472441 
vn -0.606299 0.00787402 -0.795276 
vn -0.0551181 -0.464567 -0.88189 
vn -0.251969 -0.937008 0.259843 
vn -0.732283 -0.102362 -0.669291 
vn -0.165354 -0.275591 -0.944882 
vn -0.173228 -0.267717 -0.944882 
vn -0.275591 0.19685 -0.937008 
vn -0.346457 -0.771654 -0.527559 
vn -0.566929 -0.0314961 0.826772 
vn -0.716535 -0.346457 -0.598425 
vn 0.480315 -0.173228 -0.858268 
vn -0.173228 0.165354 -0.968504 
vn -0.125984 -0.220472 -0.968504 
vn -0.850394 0.307087 0.425197 
vn -0.259843 0.527559 -0.811024 
vn 0.480315 -0.173228 -0.858268 
vn 0.244094 0.0472441 -0.968504 
vn -0.433071 0.220472 -0.874016 
vn -0.0944882 0.244094 -0.968504 
vn -0.244094 0.220472 -0.944882 
vn 0.220472 0.133858 -0.968504 
vn 0.362205 -0.251969 -0.897638 
vn 0.283465 -0.251969 -0.92126 
vn -0.023622 -0.519685 -0.858268 
vn -0.11811 -0.291339 -0.944882 
vn -0.448819 0.141732 -0.88189 
vn -0.125984 -0.220472 -0.968504 
vn -0.692913 -0.220472 -0.692913 
vn -0.84252 0.511811 0.165354 
vn -0.732283 -0.102362 -0.669291 
vn 0.0787402 0.480315 0.874016 
vn -0.0551181 -0.464567 -0.88189 
vn -0.307087 0.574803 -0.76378 
vn -0.488189 -0.0944882 -0.866142 
vn 0.0629921 0.0866142 -0.992126 
vn -0.023622 -0.519685 -0.858268 
vn -0.173228 -0.267717 -0.944882 
vn -0.165354 -0.275591 -0.944882 
vn -0.11811 -0.291339 -0.944882 
vn -0.165354 -0.275591 -0.944882 
vn -0.0551181 -0.464567 -0.88189 
vn -0.023622 -0.519685 -0.858268 
vn -0.259843 0.267717 -0.929134 
vn -0.598425 0.023622 -0.795276 
vn 0.275591 -0.141732 -0.952756 
vn -0.330709 0.291339 -0.897638 
vn 0.259843 0.0708661 -0.96063 
vn 0.314961 -0.0866142 -0.944882 
vn -0.598425 0.0629921 -0.795276 
vn 0.354331 0.19685 -0.913386 
vn -0.480315 0.425197 -0.76378 
vn -0.503937 0.385827 -0.771654 
vn -0.299213 0.307087 -0.905512 
vn 0.244094 0.0472441 -0.968504 
vn 0.228346 -0.149606 -0.96063 
vn 0.275591 0.0393701 -0.96063 
vn -0.212598 -0.220472 -0.952756 
vn -0.149606 0.283465 -0.944882 
vn 0.267717 0.0551181 -0.96063 
vn 0.275591 -0.141732 -0.952756 
vn -0.653543 0.110236 -0.748031 
vn 0.212598 0.141732 -0.968504 
vn -0.330709 0.283465 -0.897638 
vn 0.228346 -0.149606 -0.96063 
vn -0.425197 0.291339 -0.850394 
vn 0.15748 0.181102 -0.968504 
vn 0.346457 -0.15748 -0.929134 
vn -0.19685 0.385827 -0.897638 
vn -0.692913 0.149606 -0.700787 
vn -0.212598 -0.220472 -0.952756 
vn -0.173228 -0.251969 -0.952756 
vn 0.314961 -0.204724 -0.92126 
vn -0.535433 0.125984 -0.834646 
vn -0.291339 0.244094 -0.92126 
vn 0.228346 0.149606 -0.96063 
vn 0.409449 -0.244094 -0.88189 
vn -0.299213 -0.244094 -0.92126 
vn -0.929134 0.330709 -0.15748 
vn 0.929134 -0.338583 -0.141732 
vn -0.259843 -0.299213 -0.92126 
vn -0.11811 -0.0866142 -0.992126 
vn 0.897638 0.0551181 -0.440945 
vn 0.889764 -0.291339 -0.346457 
vn -0.15748 0.00787402 -0.984252 
vn 0.826772 -0.181102 0.535433 
vn 0.519685 -0.811024 0.283465 
vn -0.0787402 -0.291339 -0.952756 
vn 0.0472441 -0.102362 -0.992126 
vn -0.992126 -0.0551181 -0.133858 
vn 0.968504 -0.244094 0.0944882 
vn 0.488189 -0.826772 -0.283465 
vn -0.11811 -0.173228 -0.976378 
vn 0.866142 -0.220472 -0.448819 
vn -0.15748 -0.141732 -0.976378 
vn -0.110236 0.11811 -0.984252 
vn 0.433071 -0.724409 -0.535433 
vn -0.0393701 0 -1 
vn 0.84252 0.0629921 -0.535433 
vn -0.15748 0 -0.984252 
vn 0.165354 0.291339 -0.944882 
vn 0.535433 -0.811024 -0.220472 
vn -0.267717 -0.299213 -0.913386 
vn 0.543307 -0.80315 -0.259843 
vn -0.338583 -0.220472 -0.913386 
vn 0.173228 -0.165354 -0.968504 
vn 0.464567 -0.88189 -0.0393701 
vn 0.181102 -0.212598 -0.96063 
vn 0.92126 -0.204724 -0.330709 
vn -0.220472 -0.314961 -0.92126 
vn 0.19685 -0.181102 -0.96063 
vn 0.519685 -0.850394 0.0393701 
vn -0.299213 -0.251969 -0.92126 
vn 0.173228 -0.165354 -0.968504 
vn -0.338583 -0.165354 -0.92126 
vn 0.181102 -0.212598 -0.96063 
vn 0.0787402 -0.992126 0.102362 
vn -0.401575 -0.0393701 -0.913386 
vn 0.527559 -0.708661 -0.464567 
vn -0.346457 -0.251969 -0.905512 
vn 0.409449 -0.244094 -0.88189 
vn 0.0472441 -0.141732 -0.992126 
vn -0.716535 0.0787402 -0.692913 
vn 0.527559 -0.708661 -0.464567 
vn -0.401575 -0.0393701 -0.913386 
vn 0.488189 -0.173228 -0.858268 
vn -0.322835 -0.496063 0.80315 
vn -0.11811 -0.0866142 -0.992126 
vn -0.929134 0.346457 -0.141732 
vn -0.818898 0.181102 -0.535433 
vn -0.0393701 0 -1 
vn 0.952756 0.244094 -0.173228 
vn 0.968504 -0.244094 0.0944882 
vn 0.228346 0.23622 -0.944882 
vn 0.125984 -0.275591 -0.952756 
vn -0.76378 -0.307087 -0.566929 
vn -0.527559 0.795276 -0.299213 
vn -0.944882 0.314961 -0.0866142 
vn -0.322835 -0.496063 0.80315 
vn 0.716535 -0.456693 -0.527559 
vn -0.338583 -0.165354 -0.92126 
vn -0.952756 0.244094 0.181102 
vn 0.716535 -0.456693 -0.527559 
vn -0.952756 0.244094 0.181102 
vn -0.188976 0.244094 0.952756 
vn 0.244094 -0.220472 -0.944882 
vn 0.181102 0.251969 -0.952756 
vn 0.173228 -0.165354 -0.968504 
vn 0.173228 -0.173228 -0.968504 
vn 0.149606 -0.165354 -0.976378 
vn 0.19685 -0.181102 -0.96063 
vn 0.929134 -0.181102 -0.314961 
vn 0.574803 -0.748031 -0.338583 
vn -0.173228 -0.188976 -0.968504 
vn -0.11811 -0.338583 -0.937008 
vn -0.125984 0.0787402 -0.992126 
vn 0.944882 -0.015748 -0.330709 
vn -0.0866142 0.0866142 -0.992126 
vn 0.464567 0.377953 -0.80315 
vn 0.929134 -0.181102 -0.314961 
vn -0.0866142 0.0866142 -0.992126 
vn 0.409449 0.362205 -0.834646 
vn 0.944882 -0.015748 -0.330709 
vn -0.125984 0.0787402 -0.992126 
vn 0.141732 -0.110236 -0.984252 
vn 0.259843 -0.488189 -0.834646 
vn 0.0393701 -0.393701 -0.92126 
vn 0.149606 0.377953 -0.913386 
vn 0.80315 -0.0314961 -0.590551 
vn -0.19685 0.0629921 -0.976378 
vn 0.15748 -0.133858 -0.976378 
vn 0.527559 -0.559055 -0.645669 
vn -0.165354 -0.299213 -0.937008 
vn -0.19685 0.0629921 -0.976378 
vn 0.80315 -0.0314961 -0.590551 
vn 0.889764 -0.173228 -0.417323 
vn -0.188976 -0.0314961 -0.984252 
vn -0.023622 0.220472 -0.976378 
vn 0.700787 0.188976 -0.692913 
vn 0.685039 0.220472 -0.692913 
vn -0.188976 -0.0708661 -0.976378 
vn -0.00787402 0.188976 -0.984252 
vn 0.204724 -0.173228 -0.968504 
vn 0.811024 -0.566929 -0.165354 
vn 0.755906 -0.543307 -0.370079 
vn -0.244094 0.00787402 -0.968504 
vn 0.84252 -0.370079 -0.393701 
vn -0.11811 -0.409449 -0.905512 
vn 0.76378 0.00787402 -0.645669 
vn 0.409449 0.362205 -0.834646 
vn 0.141732 0.464567 -0.874016 
vn 0.866142 -0.220472 -0.448819 
vn -0.110236 0.11811 -0.984252 
vn 0.464567 0.377953 -0.80315 
vn -0.133858 -0.102362 -0.984252 
vn 0.181102 -0.133858 -0.976378 
vn -0.0629921 -0.322835 -0.944882 
vn 0.15748 -0.102362 -0.984252 
vn 0.15748 -0.102362 -0.984252 
vn -0.393701 -0.874016 -0.283465 
vn -0.779528 -0.622047 0.0551181 
vn 0.141732 -0.110236 -0.984252 
vn -0.188976 -0.968504 -0.165354 
vn 0.149606 0.377953 -0.913386 
vn 0.015748 0.307087 -0.952756 
vn 0.173228 -0.944882 0.267717 
vn 0.11811 -0.267717 -0.952756 
vn 0.15748 -0.188976 -0.968504 
vn 0.015748 0.307087 -0.952756 
vn 0.76378 0.00787402 -0.645669 
vn -0.244094 0.00787402 -0.968504 
vn 0.496063 0.433071 -0.755906 
vn -0.251969 -0.023622 -0.968504 
vn -0.133858 0.165354 -0.976378 
vn 0.771654 0.023622 -0.637795 
vn 0.629921 -0.574803 -0.527559 
vn 0.19685 -0.181102 -0.96063 
vn 0.661417 -0.732283 -0.15748 
vn 0.740157 -0.653543 -0.181102 
vn -0.244094 -0.417323 -0.874016 
vn 0.629921 -0.755906 0.173228 
vn -0.385827 -0.377953 -0.84252 
vn 0.19685 -0.181102 -0.96063 
vn -0.19685 -0.433071 -0.88189 
vn 0.913386 -0.0629921 -0.401575 
vn 0.88189 0.0866142 -0.464567 
vn -0.0629921 -0.440945 -0.897638 
vn -0.188976 -0.102362 -0.976378 
vn -0.251969 -0.023622 -0.968504 
vn 0.84252 -0.370079 -0.385827 
vn -0.11811 -0.417323 -0.897638 
vn 0.755906 -0.645669 0.102362 
vn -0.338583 -0.425197 -0.834646 
vn 0.826772 -0.559055 0.0944882 
vn -0.267717 -0.456693 -0.850394 
vn 0.795276 -0.582677 -0.141732 
vn 0.228346 -0.188976 -0.952756 
vn 0.88189 -0.448819 0.149606 
vn -0.19685 -0.574803 -0.795276 
vn 0.88189 -0.433071 -0.173228 
vn -0.0472441 -0.440945 -0.897638 
vn 0.874016 0.141732 -0.456693 
vn 0.897638 -0.362205 -0.251969 
vn -0.165354 -0.133858 -0.976378 
vn -0.19685 -0.637795 -0.748031 
vn 0.244094 -0.19685 -0.944882 
vn 0.897638 -0.425197 0.141732 
vn -0.141732 0.141732 -0.976378 
vn 0.204724 -0.173228 -0.968504 
vn 0.472441 0.330709 -0.818898 
vn 0.19685 -0.188976 -0.96063 
vn -0.188976 -0.0551181 -0.976378 
vn 0.929134 -0.275591 -0.23622 
vn -0.00787402 -0.472441 -0.88189 
vn 0.771654 0.023622 -0.637795 
vn 0.212598 -0.212598 -0.952756 
vn 0.80315 0.173228 -0.574803 
vn -0.251969 0.023622 -0.968504 
vn 0.251969 0.307087 -0.92126 
vn -0.188976 0.0708661 -0.976378 
vn 0.377953 0.330709 -0.866142 
vn 0.259843 -0.204724 -0.944882 
vn -0.181102 -0.19685 -0.96063 
vn 0.850394 0.0787402 -0.527559 
vn 0.929134 -0.307087 -0.212598 
vn 0.0393701 -0.543307 -0.834646 
vn 0.913386 -0.307087 -0.259843 
vn -0.204724 -0.244094 -0.944882 
vn 0.740157 0.181102 -0.653543 
vn -0.102362 -0.629921 -0.76378 
vn 0.866142 -0.401575 0.283465 
vn 0.0314961 -0.511811 -0.858268 
vn 0.740157 0.204724 -0.637795 
vn 0.929134 -0.322835 -0.165354 
vn -0.0314961 -0.543307 -0.834646 
vn 0.692913 0.188976 -0.700787 
vn -0.023622 -0.590551 -0.80315 
vn -0.173228 -0.251969 -0.952756 
vn -0.141732 -0.244094 -0.96063 
vn 0.653543 0.251969 -0.716535 
vn 0.0629921 -0.574803 -0.811024 
vn -0.125984 -0.259843 -0.96063 
vn 0.937008 -0.307087 -0.15748 
vn 0.976378 -0.19685 -0.0629921 
vn 0.511811 0.212598 -0.834646 
vn 0.0708661 -0.645669 -0.755906 
vn -0.204724 -0.346457 -0.913386 
vn -0.228346 -0.590551 -0.779528 
vn 0.173228 -0.251969 -0.952756 
vn 0.897638 -0.440945 0.00787402 
vn 0.377953 0.188976 -0.905512 
vn 0.220472 -0.755906 -0.614173 
vn -0.228346 -0.448819 -0.866142 
vn 0.952756 -0.149606 -0.251969 
vn 0.913386 -0.0472441 -0.401575 
vn 0.354331 -0.858268 -0.377953 
vn 0.251969 0.149606 -0.952756 
vn 0.818898 0.00787402 -0.566929 
vn -0.314961 -0.0866142 -0.944882 
vn 0.897638 -0.299213 -0.330709 
vn -0.0551181 -0.598425 -0.795276 
vn -0.346457 -0.15748 -0.929134 
vn 0.834646 -0.370079 -0.409449 
vn -0.173228 -0.582677 -0.795276 
vn 0.228346 -0.204724 -0.952756 
vn -0.291339 -0.0393701 -0.952756 
vn 0.598425 0.0629921 -0.795276 
vn 0.212598 -0.220472 -0.952756 
vn 0.866142 -0.488189 0.110236 
vn 0.228346 -0.204724 -0.952756 
vn -0.0944882 -0.661417 -0.748031 
vn 0.535433 0.125984 -0.834646 
vn 0.929134 -0.307087 -0.204724 
vn 0.692913 0.149606 -0.700787 
vn 0.905512 -0.417323 -0.023622 
vn -0.0708661 -0.456693 -0.889764 
vn 0.653543 0.110236 -0.748031 
vn 0.913386 -0.338583 -0.220472 
vn -0.102362 -0.566929 -0.818898 
vn 0.212598 -0.220472 -0.952756 
vn -0.251969 -0.629921 -0.732283 
vn 0.212598 -0.220472 -0.952756 
vn -0.307087 -0.685039 -0.661417 
vn 0.874016 -0.472441 0.0708661 
vn 0.212598 -0.220472 -0.952756 
vn 0.173228 -0.267717 -0.944882 
vn -0.330709 -0.708661 -0.622047 
vn 0.173228 -0.251969 -0.952756 
vn 0.88189 -0.472441 0.0393701 
vn -0.19685 -0.582677 -0.787402 
vn -0.165354 -0.889764 -0.433071 
vn 0.165354 -0.275591 -0.944882 
vn 0.952756 -0.283465 -0.0708661 
vn 0.448819 0.141732 -0.88189 
vn 0.913386 -0.188976 -0.362205 
vn 0.015748 -0.779528 -0.622047 
vn -0.614173 0.480315 0.629921 
vn -0.401575 -0.0393701 -0.913386 
vn -0.11811 -0.0708661 -0.992126 
vn 0.488189 -0.173228 -0.858268 
vn 0.409449 -0.244094 -0.88189 
vn -0.929134 0.330709 -0.15748 
vn -0.614173 0.480315 0.629921 
vn 0.275591 -0.559055 -0.787402 
vn -0.968504 -0.23622 0.015748 
vn -0.11811 -0.0708661 -0.992126 
vn 0.944882 -0.259843 -0.19685 
vn 0.417323 0.0393701 -0.905512 
vn 0.259843 0.204724 -0.944882 
vn 0.0472441 -0.102362 -0.992126 
vn -0.818898 0.181102 -0.535433 
vn 0.173228 0.141732 -0.976378 
vn 0.370079 0.0708661 -0.929134 
vn -0.685039 0.488189 -0.543307 
vn -0.779528 -0.622047 0.0551181 
vn -0.700787 -0.653543 0.291339 
vn 0.181102 -0.133858 -0.976378 
vn 0.433071 -0.275591 -0.858268 
vn 0.149606 -0.299213 -0.944882 
vn 0.149606 -0.244094 -0.96063 
vn 0.15748 -0.102362 -0.984252 
vn 0.165354 0.267717 -0.944882 
vn 0.141732 -0.110236 -0.984252 
vn 0.165354 0.267717 -0.944882 
vn 0.15748 -0.133858 -0.976378 
vn 0.141732 -0.110236 -0.984252 
vn -0.322835 -0.496063 0.80315 
vn 0.409449 -0.244094 -0.88189 
vn 0.456693 -0.188976 -0.866142 
vn -0.11811 -0.0708661 -0.992126 
vn -0.23622 -0.125984 -0.96063 
vn 0.417323 0.0393701 -0.905512 
vn 0.425197 -0.401575 -0.811024 
vn -0.362205 -0.188976 -0.913386 
vn 0.220472 0.15748 -0.96063 
vn -0.433071 -0.181102 -0.88189 
vn 0.220472 0.15748 -0.96063 
vn -0.362205 -0.188976 -0.913386 
vn -0.283465 0.527559 -0.795276 
vn -0.362205 -0.0708661 -0.929134 
vn -0.433071 -0.181102 -0.88189 
vn 0.220472 0.15748 -0.96063 
vn 0.220472 0.15748 -0.96063 
vn 0.275591 -0.559055 -0.787402 
vn -0.362205 -0.0708661 -0.929134 
vn -0.519685 0.771654 -0.362205 
vn 0.370079 0.0708661 -0.929134 
vn 0.472441 0.370079 -0.80315 
vn 0.181102 -0.133858 -0.976378 
vn 0.370079 0.314961 -0.874016 
vn 0.204724 -0.338583 -0.92126 
vn 0.346457 -0.417323 -0.84252 
vn -0.102362 0.267717 -0.96063 
vn 0.133858 -0.15748 -0.976378 
vn 0.291339 -0.771654 -0.566929 
vn 0.385827 -0.401575 -0.826772 
vn -0.346457 0.299213 -0.889764 
vn 0.685039 -0.724409 0.0629921 
vn 0.133858 -0.15748 -0.976378 
vn 0.0629921 -0.149606 -0.984252 
vn 0.133858 -0.15748 -0.976378 
vn 0.0629921 -0.149606 -0.984252 
vn -0.448819 0.338583 -0.826772 
vn 0.440945 -0.629921 -0.637795 
vn 0.0629921 -0.149606 -0.984252 
vn 0.181102 -0.748031 -0.637795 
vn 0.0708661 -0.125984 -0.992126 
vn 0.0708661 -0.125984 -0.992126 
vn 0.488189 -0.874016 -0.023622 
vn 0.102362 -0.133858 -0.984252 
vn -0.188976 -0.0551181 -0.976378 
vn -0.125984 0.141732 -0.984252 
vn 0.850394 0.0787402 -0.527559 
vn 0.385827 -0.393701 -0.834646 
vn 0.204724 -0.212598 -0.952756 
vn 0.102362 -0.133858 -0.984252 
vn 0.19685 -0.976378 -0.125984 
vn 0.0629921 -0.661417 -0.748031 
vn 0.125984 -0.149606 -0.984252 
vn 0.125984 -0.732283 -0.669291 
vn 0.19685 -0.15748 -0.968504 
vn 0.299213 -0.448819 -0.84252 
vn 0.15748 -0.259843 -0.952756 
vn 0.181102 -0.23622 -0.952756 
vn 0.0708661 -0.125984 -0.992126 
vn -0.244094 0.440945 -0.866142 
vn -0.244094 0.440945 -0.866142 
vn 0.102362 -0.133858 -0.984252 
vn 0.0708661 -0.125984 -0.992126 
vn -0.015748 0.448819 -0.889764 
vn 0.165354 0.409449 -0.897638 
vn 0.125984 -0.149606 -0.984252 
vn 0.259843 0.527559 -0.811024 
vn 0.125984 -0.149606 -0.984252 
vn 0.15748 -0.480315 -0.858268 
vn 0.11811 -0.291339 -0.944882 
vn 0.0472441 -0.527559 -0.84252 
vn -0.362205 -0.0866142 0.929134 
vn 0.574803 -0.755906 0.314961 
vn 0.566929 -0.0314961 0.826772 
vn 0.19685 -0.15748 -0.968504 
vn 0.307087 0.574803 -0.76378 
vn -0.480315 -0.173228 -0.858268 
vn 0.259843 0.527559 -0.811024 
vn -0.307087 0.102362 -0.944882 
vn 0.267717 0.275591 -0.92126 
vn 0.598425 0.023622 -0.795276 
vn 0.503937 0.385827 -0.771654 
vn 0.480315 0.425197 -0.76378 
vn 0.598425 0.0629921 -0.795276 
vn -0.314961 -0.0866142 -0.944882 
vn -0.354331 0.19685 -0.913386 
vn 0.598425 0.023622 -0.795276 
vn -0.275591 -0.141732 -0.952756 
vn -0.259843 0.0708661 -0.96063 
vn 0.330709 0.291339 -0.897638 
vn 0.275591 0.291339 -0.913386 
vn -0.267717 0.0393701 -0.96063 
vn 0.149606 0.283465 -0.944882 
vn 0.212598 -0.220472 -0.952756 
vn -0.228346 -0.149606 -0.96063 
vn 0.259843 0.267717 -0.929134 
vn -0.275591 0.0393701 -0.96063 
vn 0.275591 0.19685 -0.937008 
vn -0.267717 0.0551181 -0.96063 
vn -0.346457 -0.15748 -0.929134 
vn 0.19685 0.385827 -0.897638 
vn -0.212598 0.141732 -0.968504 
vn 0.653543 0.110236 -0.748031 
vn -0.275591 -0.141732 -0.952756 
vn 0.330709 0.283465 -0.897638 
vn 0.425197 0.291339 -0.850394 
vn -0.228346 -0.149606 -0.96063 
vn -0.15748 0.181102 -0.968504 
vn 0.11811 -0.291339 -0.944882 
vn 0.212598 -0.220472 -0.952756 
vn 0.692913 0.149606 -0.700787 
vn 0.173228 -0.251969 -0.952756 
vn -0.314961 -0.204724 -0.92126 
vn 0.291339 0.244094 -0.92126 
vn 0.535433 0.125984 -0.834646 
vn -0.228346 0.149606 -0.96063 
vn -0.314961 -0.204724 -0.92126 
vn -0.362205 -0.251969 -0.897638 
vn 0.181102 0.188976 -0.968504 
vn -0.322835 -0.00787402 -0.944882 
vn -0.385827 -0.0393701 -0.92126 
vn 0.125984 0.15748 -0.976378 
vn 0.275591 -0.740157 -0.614173 
vn -0.283465 -0.251969 -0.92126 
vn 0.433071 0.220472 -0.874016 
vn 0.913386 -0.00787402 -0.409449 
vn 0.173228 0.165354 -0.968504 
vn 0.716535 -0.346457 -0.598425 
vn 0.519685 -0.84252 -0.149606 
vn -0.409449 -0.385827 -0.826772 
vn 0.173228 -0.267717 -0.944882 
vn 0.125984 -0.314961 -0.944882 
vn -0.0472441 -1 0.0314961 
vn 0.165354 -0.275591 -0.944882 
vn 0.866142 -0.15748 -0.472441 
vn 0.141732 0.0472441 -0.992126 
vn 0.511811 -0.818898 0.251969 
vn -0.181102 -0.866142 -0.472441 
vn 0.606299 0.00787402 -0.795276 
vn 0.251969 -0.937008 0.259843 
vn 0.0551181 -0.464567 -0.88189 
vn 0.732283 -0.102362 -0.669291 
vn 0.346457 -0.771654 -0.527559 
vn -0.244094 0.0472441 -0.968504 
vn 0.433071 0.220472 -0.874016 
vn -0.283465 -0.251969 -0.92126 
vn 0.244094 0.220472 -0.944882 
vn -0.362205 -0.251969 -0.897638 
vn -0.220472 0.133858 -0.968504 
vn 0.0944882 0.244094 -0.968504 
vn 0.023622 -0.519685 -0.858268 
vn 0.125984 -0.220472 -0.968504 
vn 0.566929 -0.0314961 0.826772 
vn -0.480315 -0.173228 -0.858268 
vn 0.716535 -0.346457 -0.598425 
vn 0.173228 0.165354 -0.968504 
vn 0.850394 0.307087 0.425197 
vn 0.259843 0.527559 -0.811024 
vn 0.448819 0.141732 -0.88189 
vn -0.0629921 0.0866142 -0.992126 
vn 0.173228 -0.267717 -0.944882 
vn 0.023622 -0.519685 -0.858268 
vn 0.165354 -0.275591 -0.944882 
vn 0.11811 -0.291339 -0.944882 
vn 0.0551181 -0.464567 -0.88189 
vn 0.165354 -0.275591 -0.944882 
vn 0.023622 -0.519685 -0.858268 
vn -0.0787402 0.480315 0.874016 
vn 0.125984 -0.220472 -0.968504 
vn 0.84252 0.511811 0.165354 
vn 0.692913 -0.220472 -0.692913 
vn 0.307087 0.574803 -0.76378 
vn 0.488189 -0.0944882 -0.866142 

vt 56.0662 -2.94641 
vt 56.0572 -3.09897 
vt 56.0578 -3.09921 
vt 56.0488 -3.10873 
vt 56.0601 -2.94461 
vt 56.0595 -2.94444 
vt 56.0578 -3.09921 
vt 56.0669 -2.94657 
vt 56.0662 -2.94641 
vt 56.0762 -2.9464 
vt 56.0606 -3.09901 
vt 56.0611 -3.09933 
vt 56.0611 -3.09933 
vt 56.0768 -2.94666 
vt 56.0762 -2.9464 
vt 56.0592 -2.92025 
vt 56.0536 -3.03535 
vt 56.0542 -3.03592 
vt 56.058 -2.92659 
vt 56.0445 -3.08975 
vt 56.0451 -3.08997 
vt 56.0587 -2.92684 
vt 56.0482 -3.10853 
vt 56.0545 -2.92635 
vt 56.0505 -3.04643 
vt 56.0511 -3.04678 
vt 56.074 -3.04801 
vt 56.0796 -2.93896 
vt 56.079 -2.93869 
vt 56.0595 -2.94444 
vt 56.057 -2.90228 
vt 56.0564 -2.90222 
vt 56.0589 -2.88372 
vt 56.058 -2.92659 
vt 56.0587 -2.92684 
vt 56.057 -2.90228 
vt 56.0595 -2.94444 
vt 56.0601 -2.94461 
vt 56.0629 -3.01875 
vt 56.0644 -2.91452 
vt 56.0638 -2.91396 
vt 56.0536 -3.03535 
vt 56.0592 -2.92025 
vt 56.0586 -2.91965 
vt 56.0421 -3.05049 
vt 56.0585 -2.90201 
vt 56.0579 -2.9018 
vt 56.0359 -2.99925 
vt 56.0562 -2.86821 
vt 56.0556 -2.86784 
vt 56.0412 -3.03149 
vt 56.0512 -2.90844 
vt 56.0506 -2.908 
vt 56.0539 -2.92593 
vt 56.0796 -2.93896 
vt 56.074 -3.04801 
vt 56.0746 -3.0484 
vt 56.0828 -2.9223 
vt 56.0818 -3.01733 
vt 56.0824 -3.01764 
vt 56.0634 -3.01932 
vt 56.056 -3.01693 
vt 56.0598 -2.94823 
vt 56.0592 -2.94746 
vt 56.0519 -3.16934 
vt 56.0699 -2.99232 
vt 56.0694 -2.99176 
vt 56.06 -3.09038 
vt 56.0755 -2.96333 
vt 56.075 -2.9627 
vt 56.0699 -2.99232 
vt 56.0519 -3.16934 
vt 56.0524 -3.16989 
vt 56.0408 -3.2082 
vt 56.0634 -3.01932 
vt 56.0629 -3.01875 
vt 56.0422 -3.04861 
vt 56.0532 -2.97 
vt 56.0526 -2.96923 
vt 56.0408 -3.2082 
vt 56.0414 -3.20878 
vt 56.0565 -3.01771 
vt 56.0898 -2.89947 
vt 56.085 -2.99281 
vt 56.0855 -2.99325 
vt 56.0893 -2.89887 
vt 56.0899 -2.96983 
vt 56.1065 -2.87988 
vt 56.0808 -2.89453 
vt 56.0796 -2.87767 
vt 56.0832 -2.94989 
vt 56.0961 -2.921 
vt 56.1041 -2.88389 
vt 56.0871 -2.92056 
vt 56.0997 -2.93304 
vt 56.0818 -3.01733 
vt 56.0828 -2.9223 
vt 56.0822 -2.92212 
vt 56.0672 -2.898 
vt 56.0694 -2.99176 
vt 56.0666 -2.89742 
vt 56.0645 -2.9808 
vt 56.0678 -2.91578 
vt 56.0672 -2.91486 
vt 56.065 -2.98161 
vt 56.0415 -3.05029 
vt 56.0318 -2.92531 
vt 55.9899 -3.14524 
vt 55.9905 -3.14561 
vt 55.968 -3.21826 
vt 56.026 -2.93142 
vt 56.0254 -2.931 
vt 55.9905 -3.14561 
vt 56.0324 -2.92574 
vt 56.0318 -2.92531 
vt 56.0325 -2.96385 
vt 56.0076 -3.10977 
vt 56.0082 -3.11003 
vt 56.0082 -3.11003 
vt 56.0331 -2.96426 
vt 56.0325 -2.96385 
vt 55.9333 -3.3502 
vt 56.0178 -2.94154 
vt 56.0172 -2.94111 
vt 56.0029 -2.942 
vt 55.909 -3.34178 
vt 55.9096 -3.34219 
vt 55.9096 -3.34219 
vt 56.0035 -2.9426 
vt 56.0029 -2.942 
vt 56.0172 -2.94111 
vt 55.9327 -3.34987 
vt 55.9333 -3.3502 
vt 55.9674 -3.21789 
vt 56.0263 -2.90998 
vt 56.0088 -3.00789 
vt 56.0093 -3.00863 
vt 56.0329 -2.96712 
vt 56.0532 -2.83192 
vt 56.0322 -2.9666 
vt 55.9992 -2.97341 
vt 56.0479 -2.78689 
vt 55.9986 -2.97278 
vt 56.0353 -2.99881 
vt 56.0257 -2.90915 
vt 55.9972 -2.97922 
vt 56.025 -2.86231 
vt 55.9967 -2.97829 
vt 56.0023 -2.82911 
vt 55.9563 -3.02249 
vt 55.9569 -3.02346 
vt 55.9454 -2.99969 
vt 56.0057 -2.80968 
vt 55.9449 -2.99875 
vt 56.0114 -2.83331 
vt 55.9766 -3.01535 
vt 55.9772 -3.01611 
vt 55.9874 -2.98982 
vt 56.0223 -2.83925 
vt 55.9868 -2.98901 
vt 56.0354 -3.00792 
vt 56.0124 -3.1331 
vt 56.013 -3.13339 
vt 56.0263 -3.21755 
vt 56.0511 -3.04678 
vt 56.0505 -3.04643 
vt 56.0201 -3.18784 
vt 56.0418 -3.03182 
vt 56.0257 -3.22985 
vt 56.0252 -3.22933 
vt 56.0467 -2.98298 
vt 56.0339 -3.07502 
vt 56.0344 -3.07585 
vt 56.0257 -3.21727 
vt 56.0195 -3.18764 
vt 56.013 -3.13339 
vt 56.036 -3.00829 
vt 56.0354 -3.00792 
vt 56.031 -2.98151 
vt 56.0133 -3.10186 
vt 56.0139 -3.10257 
vt 56.0377 -2.98814 
vt 56.0248 -3.09876 
vt 56.0254 -3.09947 
vt 56.027 -2.94913 
vt 56.0069 -3.0635 
vt 56.0074 -3.06427 
vt 56.0512 -2.90844 
vt 56.0412 -3.03149 
vt 56.0418 -3.03182 
vt 56.036 -3.00829 
vt 56.0498 -2.87867 
vt 56.0492 -2.87821 
vt 56.0462 -2.9822 
vt 56.0427 -3.04952 
vt 56.0265 -2.94829 
vt 56.05 -2.84314 
vt 56.0133 -3.10186 
vt 56.031 -2.98151 
vt 56.0305 -2.9807 
vt 56.0248 -3.09876 
vt 56.0377 -2.98814 
vt 56.0372 -2.98733 
vt 56.0528 -2.78998 
vt 56.0158 -2.9606 
vt 56.0163 -2.96104 
vt 56.094 -2.84755 
vt 56.0986 -2.90572 
vt 56.0992 -2.90586 
vt 56.0986 -2.90572 
vt 56.094 -2.84755 
vt 56.0936 -2.84818 
vt 56.0927 -2.84518 
vt 56.0933 -2.90226 
vt 56.1035 -2.84617 
vt 56.1057 -2.90279 
vt 56.1065 -2.87988 
vt 56.0907 -2.8471 
vt 56.0808 -2.89453 
vt 56.0809 -2.85045 
vt 56.0893 -2.89887 
vt 56.0895 -2.85168 
vt 56.0584 -2.85137 
vt 56.0579 -2.9018 
vt 56.0585 -2.90201 
vt 56.0579 -2.85111 
vt 56.0583 -2.88342 
vt 56.0838 -2.83824 
vt 56.0674 -2.8932 
vt 56.0679 -2.89455 
vt 56.0835 -2.83676 
vt 56.1025 -2.84967 
vt 56.0983 -2.80423 
vt 56.0936 -2.84818 
vt 56.0891 -2.81184 
vt 56.1071 -2.80291 
vt 56.1102 -2.85765 
vt 56.0631 -2.67102 
vt 56.056 -2.70945 
vt 56.0629 -2.67273 
vt 56.0546 -2.73226 
vt 56.0566 -2.70997 
vt 56.056 -2.70945 
vt 56.0629 -2.67273 
vt 56.056 -2.70945 
vt 56.0565 -2.70845 
vt 56.0552 -2.73278 
vt 56.0545 -2.80106 
vt 56.0566 -2.76464 
vt 56.056 -2.76414 
vt 56.1054 -2.8268 
vt 56.0992 -2.87585 
vt 56.1022 -2.83955 
vt 56.09 -2.86173 
vt 56.1172 -2.86738 
vt 56.1221 -2.8056 
vt 56.106 -2.8482 
vt 56.1041 -2.88389 
vt 56.0992 -2.87585 
vt 56.1041 -2.88389 
vt 56.1065 -2.84788 
vt 56.106 -2.8482 
vt 56.0961 -2.83133 
vt 56.0832 -2.84292 
vt 56.0796 -2.87767 
vt 56.09 -2.86173 
vt 56.0961 -2.83133 
vt 56.09 -2.86173 
vt 56.0871 -2.92056 
vt 56.0992 -2.87585 
vt 56.09 -2.86173 
vt 56.1091 -2.81519 
vt 56.106 -2.8482 
vt 56.1065 -2.84788 
vt 56.1158 -2.80436 
vt 56.1087 -2.81401 
vt 56.1199 -2.79727 
vt 56.1199 -2.79544 
vt 56.1199 -2.79727 
vt 56.1087 -2.81401 
vt 56.1091 -2.81519 
vt 56.1087 -2.81401 
vt 56.0902 -2.81122 
vt 56.0984 -2.80884 
vt 56.1059 -2.81475 
vt 56.1022 -2.83955 
vt 56.0566 -2.76464 
vt 56.0545 -2.80106 
vt 56.0551 -2.80155 
vt 55.995 -2.93325 
vt 56.0456 -2.75045 
vt 55.9945 -2.93257 
vt 56.0462 -2.75121 
vt 55.9992 -2.97341 
vt 56.0485 -2.78747 
vt 56.0479 -2.78689 
vt 56.0472 -2.75453 
vt 56.0035 -2.9426 
vt 56.0478 -2.75523 
vt 56.0472 -2.75453 
vt 55.9766 -3.01535 
vt 56.0114 -2.83331 
vt 56.0109 -2.83235 
vt 55.9383 -2.96193 
vt 56.0094 -2.77411 
vt 55.9378 -2.96082 
vt 55.9383 -2.96193 
vt 56.0099 -2.77522 
vt 56.0094 -2.77411 
vt 55.9454 -2.99969 
vt 56.0062 -2.81075 
vt 56.0057 -2.80968 
vt 56.0018 -2.82807 
vt 56.0502 -2.7481 
vt 56.0479 -2.78689 
vt 56.0485 -2.78747 
vt 56.0535 -2.74843 
vt 56.056 -2.70945 
vt 56.0529 -2.74759 
vt 56.0565 -2.70845 
vt 56.0531 -2.77211 
vt 56.0552 -2.73278 
vt 56.0531 -2.77211 
vt 56.0537 -2.7726 
vt 56.0479 -2.78689 
vt 56.0502 -2.7481 
vt 56.0496 -2.74756 
vt 56.0418 -2.73311 
vt 56.0485 -2.71275 
vt 56.0412 -2.73208 
vt 56.0418 -2.73311 
vt 56.049 -2.71378 
vt 56.0485 -2.71275 
vt 56.0456 -2.77993 
vt 56.0495 -2.7412 
vt 56.0489 -2.7406 
vt 56.0462 -2.78056 
vt 56.0534 -2.7904 
vt 56.0329 -2.96712 
vt 56.0538 -2.83244 
vt 56.0532 -2.83192 
vt 56.0274 -2.95469 
vt 56.0551 -2.80155 
vt 56.0545 -2.80106 
vt 56.0528 -2.80347 
vt 56.0331 -2.96426 
vt 56.0506 -2.84369 
vt 56.05 -2.84314 
vt 56.0533 -2.82467 
vt 56.0556 -2.86784 
vt 56.0562 -2.86821 
vt 56.0274 -2.95469 
vt 56.0545 -2.80106 
vt 56.0268 -2.95421 
vt 56.0229 -2.84018 
vt 56.0466 -2.77332 
vt 56.0505 -2.79226 
vt 56.0255 -2.86319 
vt 56.0534 -2.80393 
vt 56.0532 -2.83192 
vt 56.0565 -2.79203 
vt 56.0559 -2.7915 
vt 56.0528 -2.78998 
vt 56.0544 -2.75106 
vt 56.0538 -2.75065 
vt 56.0538 -2.83244 
vt 56.0526 -2.8245 
vt 56.0544 -2.75106 
vt 56.0528 -2.78998 
vt 56.0534 -2.7904 
vt 56.026 -2.93142 
vt 56.0511 -2.7927 
vt 56.0505 -2.79226 
vt 56.0472 -2.77381 
vt 56.0536 -2.80436 
vt 56.053 -2.80382 
vt 56.0536 -2.80436 
vt 56.0506 -2.84369 
vt 56.0755 -2.96333 
vt 56.06 -3.09038 
vt 56.0606 -3.09099 
vt 56.0646 -2.97127 
vt 56.0604 -3.05962 
vt 56.061 -3.06023 
vt 56.0834 -2.91638 
vt 56.068 -3.04308 
vt 56.0686 -3.0437 
vt 56.0604 -3.05962 
vt 56.0646 -2.97127 
vt 56.0641 -2.97046 
vt 56.0733 -2.94226 
vt 56.0736 -3.04193 
vt 56.0742 -3.04224 
vt 56.0764 -2.91808 
vt 56.0768 -3.01749 
vt 56.0773 -3.01793 
vt 56.0524 -3.10692 
vt 56.0567 -3.01838 
vt 56.0561 -3.01776 
vt 56.053 -3.10753 
vt 56.0532 -2.97 
vt 56.043 -3.03142 
vt 56.0435 -3.03219 
vt 56.0414 -3.18174 
vt 56.0506 -3.0259 
vt 56.0501 -3.02534 
vt 56.0526 -2.96923 
vt 56.0598 -2.94823 
vt 56.0512 -3.0013 
vt 56.0517 -3.00211 
vt 56.0627 -2.95608 
vt 56.0751 -2.92261 
vt 56.0622 -2.95498 
vt 56.0627 -2.95608 
vt 56.0756 -2.92371 
vt 56.0751 -2.92261 
vt 56.083 -2.9154 
vt 56.0817 -2.83863 
vt 56.0622 -2.95498 
vt 56.0678 -2.91578 
vt 56.0672 -2.91486 
vt 56.0592 -2.94746 
vt 56.0678 -2.91578 
vt 56.0622 -2.95498 
vt 56.0627 -2.95608 
vt 56.0671 -2.89901 
vt 56.0561 -3.01776 
vt 56.0567 -3.01838 
vt 56.0666 -2.89838 
vt 56.0727 -2.94209 
vt 56.0672 -2.96161 
vt 56.0647 -3.07452 
vt 56.0652 -3.07492 
vt 56.0641 -2.91444 
vt 56.0666 -2.96133 
vt 56.0585 -2.94512 
vt 56.0497 -3.10679 
vt 56.0502 -3.1071 
vt 56.058 -2.9449 
vt 56.0468 -3.1065 
vt 56.055 -2.94425 
vt 56.0544 -2.94414 
vt 56.0462 -3.10626 
vt 56.0429 -3.04712 
vt 56.0596 -2.91998 
vt 56.0423 -3.04656 
vt 56.0421 -3.09519 
vt 56.0519 -2.92663 
vt 56.0513 -2.92648 
vt 56.0415 -3.09499 
vt 56.0303 -3.05247 
vt 56.0531 -2.92499 
vt 56.0525 -2.92439 
vt 56.0679 -2.9212 
vt 56.0666 -2.96133 
vt 56.0672 -2.96161 
vt 56.0727 -2.91084 
vt 56.0727 -2.94209 
vt 56.0733 -2.94226 
vt 56.0674 -2.92109 
vt 56.0585 -2.94512 
vt 56.0613 -2.91833 
vt 56.0607 -2.91829 
vt 56.0501 -3.02534 
vt 56.0641 -2.91444 
vt 56.0635 -2.91386 
vt 56.0429 -3.04712 
vt 56.0602 -2.92054 
vt 56.0596 -2.91998 
vt 56.058 -2.9449 
vt 56.0564 -2.90222 
vt 56.0544 -2.94414 
vt 56.055 -2.94425 
vt 56.0371 -3.07596 
vt 56.0512 -2.89054 
vt 56.0506 -2.89027 
vt 56.0419 -3.18229 
vt 56.0312 -3.20751 
vt 56.0318 -3.20809 
vt 56.0308 -3.05708 
vt 56.0462 -2.9822 
vt 56.0302 -3.05616 
vt 56.0423 -3.04656 
vt 56.0139 -3.23213 
vt 56.0303 -3.05247 
vt 56.0297 -3.05192 
vt 56.0377 -2.98814 
vt 56.0197 -3.07668 
vt 56.0202 -3.07751 
vt 56.012 -3.20701 
vt 56.0276 -3.02933 
vt 56.0271 -3.02898 
vt 56.0145 -3.23264 
vt 56.0081 -3.0905 
vt 56.0305 -2.9807 
vt 56.0075 -3.08979 
vt 56.0114 -3.20672 
vt 56.0078 -3.17088 
vt 56.0189 -3.00547 
vt 56.0183 -3.00516 
vt 55.9986 -3.07372 
vt 56.0265 -2.94829 
vt 55.9981 -3.073 
vt 56.0297 -3.05192 
vt 56.0308 -3.05708 
vt 56.0467 -2.98298 
vt 56.0462 -2.9822 
vt 56.0513 -2.90879 
vt 56.0508 -2.90837 
vt 56.0506 -2.89027 
vt 56.0365 -3.07574 
vt 56.0371 -3.07596 
vt 56.031 -2.98151 
vt 56.0372 -2.98733 
vt 55.9986 -3.07372 
vt 56.027 -2.94913 
vt 56.0265 -2.94829 
vt 56.0491 -2.87976 
vt 56.0072 -3.17067 
vt 56.019 -2.94736 
vt 56.0021 -3.10261 
vt 56.0027 -3.1029 
vt 56.0027 -3.1029 
vt 56.0196 -2.94773 
vt 56.019 -2.94736 
vt 56.0189 -2.91539 
vt 55.9984 -3.08786 
vt 55.999 -3.08812 
vt 56.0103 -2.91881 
vt 55.9798 -3.1246 
vt 55.9804 -3.12497 
vt 55.9568 -3.18713 
vt 56.0058 -2.9135 
vt 56.0052 -2.91304 
vt 55.9562 -3.18669 
vt 55.9912 -2.88411 
vt 55.9035 -3.26525 
vt 55.904 -3.26558 
vt 55.9918 -2.88449 
vt 55.893 -2.94956 
vt 55.8854 -3.12379 
vt 55.886 -3.12453 
vt 55.8924 -2.94883 
vt 55.9953 -3.03368 
vt 56.0257 -2.90915 
vt 55.9948 -3.03291 
vt 56.0485 -2.85501 
vt 56.0328 -3.02478 
vt 56.0334 -3.02497 
vt 56.0263 -2.90998 
vt 55.9913 -2.97781 
vt 56.025 -2.86231 
vt 55.9908 -2.97708 
vt 55.999 -3.08812 
vt 56.0196 -2.91577 
vt 56.0189 -2.91539 
vt 56.0108 -2.91921 
vt 55.9748 -2.9802 
vt 56.0109 -2.83234 
vt 55.9743 -2.9794 
vt 55.9877 -2.96507 
vt 56.0223 -2.83925 
vt 55.9871 -2.96414 
vt 55.9554 -2.99269 
vt 56.0018 -2.82807 
vt 55.9548 -2.99194 
vt 55.9384 -2.99744 
vt 56.0057 -2.80968 
vt 55.9378 -2.99647 
vt 56.0659 -2.93093 
vt 56.0791 -2.90549 
vt 56.0655 -2.9295 
vt 56.0993 -2.87651 
vt 56.087 -2.92148 
vt 56.0993 -2.93345 
vt 56.087 -2.92148 
vt 56.0993 -2.87651 
vt 56.0903 -2.86286 
vt 56.1041 -2.88424 
vt 56.0902 -2.97056 
vt 56.1069 -2.88063 
vt 56.0811 -2.89527 
vt 56.1065 -2.84788 
vt 56.0993 -2.87651 
vt 56.1041 -2.88424 
vt 56.08 -2.87878 
vt 56.0964 -2.92178 
vt 56.0903 -2.86286 
vt 56.0794 -2.90693 
vt 56.0754 -2.91146 
vt 56.0753 -2.91261 
vt 56.0834 -2.95067 
vt 56.0836 -2.84388 
vt 56.08 -2.87878 
vt 56.0903 -2.86286 
vt 56.1062 -2.81602 
vt 56.0965 -2.83205 
vt 56.1027 -2.83938 
vt 56.0987 -2.81016 
vt 56.1171 -2.86869 
vt 56.1223 -2.80458 
vt 56.1101 -2.85898 
vt 56.1161 -2.80334 
vt 56.1027 -2.83938 
vt 56.0903 -2.86286 
vt 56.0965 -2.83205 
vt 56.0905 -2.81256 
vt 56.1073 -2.8018 
vt 56.0936 -2.84818 
vt 56.1038 -2.84646 
vt 56.0936 -2.90255 
vt 56.106 -2.90308 
vt 56.1069 -2.88063 
vt 56.091 -2.84787 
vt 56.0811 -2.89527 
vt 56.0813 -2.85118 
vt 56.0898 -2.89947 
vt 56.0899 -2.85242 
vt 56.093 -2.84547 
vt 56.0813 -2.85118 
vt 56.0759 -2.91751 
vt 56.0764 -2.91808 
vt 56.0727 -2.94209 
vt 56.0727 -2.91084 
vt 56.0721 -2.91077 
vt 56.0641 -2.97046 
vt 56.0817 -2.83863 
vt 56.0813 -2.83747 
vt 56.057 -2.90228 
vt 56.0519 -2.92663 
vt 56.0546 -2.88485 
vt 56.0539 -2.88475 
vt 56.1058 -2.82757 
vt 56.1027 -2.84977 
vt 56.0986 -2.80308 
vt 56.094 -2.84755 
vt 56.0894 -2.81067 
vt 56.062 -2.6931 
vt 56.0565 -2.70845 
vt 56.0626 -2.69376 
vt 56.0513 -2.82576 
vt 56.0566 -2.79167 
vt 56.0559 -2.7915 
vt 56.0516 -2.79462 
vt 56.0571 -2.76532 
vt 56.0564 -2.76479 
vt 56.051 -2.7941 
vt 56.056 -2.70945 
vt 56.0507 -2.73026 
vt 56.0512 -2.73156 
vt 56.0559 -2.7915 
vt 56.0507 -2.82547 
vt 56.0513 -2.82576 
vt 56.0497 -2.8802 
vt 56.0539 -2.88475 
vt 56.0513 -2.92648 
vt 56.0519 -2.92663 
vt 56.0527 -2.86118 
vt 56.0506 -2.89027 
vt 56.0512 -2.89054 
vt 56.0491 -2.85524 
vt 56.05 -2.84314 
vt 56.0196 -2.94773 
vt 56.0506 -2.8436 
vt 56.0507 -2.82547 
vt 56.0285 -2.96934 
vt 56.0291 -2.96978 
vt 55.9913 -2.97781 
vt 56.0255 -2.86319 
vt 56.025 -2.86231 
vt 56.0229 -2.84018 
vt 56.0271 -2.95077 
vt 56.051 -2.7941 
vt 56.0265 -2.95026 
vt 56.0114 -2.83331 
vt 56.0513 -2.82576 
vt 56.0512 -2.89054 
vt 56.0534 -2.86148 
vt 56.0527 -2.86118 
vt 56.0491 -2.85524 
vt 56.0526 -2.8247 
vt 56.0521 -2.82444 
vt 56.0485 -2.85501 
vt 56.0478 -2.78058 
vt 56.0545 -2.75185 
vt 56.0539 -2.75136 
vt 56.0472 -2.78009 
vt 56.0516 -2.79462 
vt 56.0178 -2.93552 
vt 56.0478 -2.78058 
vt 56.0472 -2.78009 
vt 56.0427 -2.77917 
vt 56.0502 -2.74798 
vt 56.0496 -2.74756 
vt 56.0421 -2.77873 
vt 56.0172 -2.93503 
vt 56.0421 -2.77873 
vt 55.997 -2.96762 
vt 55.9976 -2.96805 
vt 56.0427 -2.77917 
vt 56.0023 -2.82911 
vt 55.9898 -2.95795 
vt 56.0385 -2.77828 
vt 55.9892 -2.95732 
vt 56.0391 -2.77889 
vt 55.9319 -2.94224 
vt 56.0099 -2.77522 
vt 56.0094 -2.77411 
vt 55.9314 -2.9413 
vt 56.0062 -2.81075 
vt 55.9677 -2.78032 
vt 55.952 -2.87046 
vt 55.9525 -2.87162 
vt 55.9646 -2.75532 
vt 55.9235 -2.88689 
vt 55.924 -2.88808 
vt 56.0153 -2.75233 
vt 55.9959 -2.8575 
vt 55.9965 -2.85834 
vt 56.0391 -2.77889 
vt 56.0489 -2.7406 
vt 56.0385 -2.77828 
vt 56.0391 -2.77889 
vt 56.0495 -2.74114 
vt 56.0489 -2.7406 
vt 56.0204 -2.72335 
vt 56.0147 -2.75145 
vt 56.0153 -2.75233 
vt 56.0199 -2.72243 
vt 56.0147 -2.75145 
vt 55.9672 -2.77916 
vt 55.9926 -2.74157 
vt 55.9687 -2.79678 
vt 55.969 -2.79839 
vt 55.9687 -2.79678 
vt 55.9926 -2.74157 
vt 55.9923 -2.73997 
vt 55.9641 -2.75414 
vt 56.1845 -3.06793 
vt 56.1614 -3.07623 
vt 56.1621 -3.07679 
vt 56.1483 -3.079 
vt 56.1642 -3.0727 
vt 56.1635 -3.07212 
vt 56.1433 -3.07599 
vt 56.1642 -3.0727 
vt 56.1635 -3.07212 
vt 56.149 -3.07955 
vt 56.1427 -3.07538 
vt 56.1837 -3.06737 
vt 56.1635 -3.07212 
vt 56.1642 -3.0727 
vt 56.2101 -3.06073 
vt 56.1837 -3.06737 
vt 56.1845 -3.06793 
vt 56.2098 -3.05575 
vt 56.1886 -3.07731 
vt 56.2425 -3.0743 
vt 56.1845 -3.06793 
vt 56.1837 -3.06737 
vt 56.1837 -3.06737 
vt 56.1542 -3.06353 
vt 56.1398 -3.06658 
vt 56.1404 -3.06716 
vt 56.174 -3.08073 
vt 56.1408 -3.0674 
vt 56.1527 -3.08597 
vt 56.1907 -3.07677 
vt 56.2324 -3.07027 
vt 56.1875 -3.07308 
vt 56.2371 -3.07396 
vt 56.1875 -3.07308 
vt 56.1681 -3.0822 
vt 56.1907 -3.07677 
vt 56.1562 -3.07254 
vt 56.1319 -3.08126 
vt 56.162 -3.07867 
vt 56.162 -3.07867 
vt 56.1875 -3.07308 
vt 56.1789 -3.06563 
vt 56.3103 -3.07204 
vt 56.271 -3.05181 
vt 56.2313 -3.06112 
vt 56.2324 -3.07027 
vt 56.1377 -3.08946 
vt 56.1478 -3.08135 
vt 56.1469 -3.08091 
vt 56.1252 -3.08219 
vt 56.1259 -3.08276 
vt 56.0563 -3.08296 
vt 56.1315 -3.09404 
vt 56.1332 -3.08131 
vt 56.0869 -3.08996 
vt 56.1315 -3.09404 
vt 56.0929 -3.07956 
vt 56.0929 -3.07956 
vt 56.0462 -3.07908 
vt 56.0869 -3.08996 
vt 56.0826 -3.10267 
vt 56.1068 -3.11718 
vt 56.1136 -3.11018 
vt 56.1255 -3.07204 
vt 56.1394 -3.06714 
vt 56.1388 -3.06658 
vt 56.1261 -3.0726 
vt 56.0738 -3.07552 
vt 56.1255 -3.07204 
vt 56.0732 -3.07496 
vt 56.0738 -3.07552 
vt 56.0489 -3.06554 
vt 56.1386 -3.0899 
vt 56.1305 -3.0927 
vt 56.1175 -3.10351 
vt 56.1187 -3.10378 
vt 56.1346 -3.09069 
vt 56.1133 -3.1054 
vt 56.1143 -3.10576 
vt 56.0954 -3.09654 
vt 56.12 -3.10249 
vt 56.0714 -3.10648 
vt 56.1212 -3.10271 
vt 56.1315 -3.09404 
vt 56.0946 -3.09609 
vt 56.1527 -3.08597 
vt 56.1313 -3.08349 
vt 56.1306 -3.0936 
vt 56.1339 -3.08173 
vt 56.1143 -3.10576 
vt 56.1356 -3.09105 
vt 56.1346 -3.09069 
vt 56.1305 -3.0927 
vt 56.1187 -3.10378 
vt 56.1317 -3.09297 
vt 56.1548 -3.06411 
vt 56.3641 -3.05096 
vt 56.4626 -3.01084 
vt 56.462 -3.01025 
vt 56.3922 -3.04769 
vt 56.5132 -3.00089 
vt 56.5125 -3.00031 
vt 56.334 -3.05303 
vt 56.4135 -3.01955 
vt 56.4129 -3.01895 
vt 56.3088 -3.04999 
vt 56.3704 -3.01957 
vt 56.3698 -3.01898 
vt 56.2767 -3.04981 
vt 56.3094 -3.05058 
vt 56.3088 -3.04999 
vt 56.5379 -3.0391 
vt 56.6807 -2.9887 
vt 56.6803 -2.9881 
vt 56.7104 -2.98495 
vt 57.0455 -2.8783 
vt 57.045 -2.8777 
vt 56.7575 -2.9976 
vt 57.1872 -2.893 
vt 57.1868 -2.89241 
vt 56.7108 -2.98555 
vt 56.6447 -2.9818 
vt 56.8995 -2.88568 
vt 56.8989 -2.88508 
vt 56.8995 -2.88568 
vt 56.6447 -2.9818 
vt 56.6452 -2.98239 
vt 56.4646 -3.04561 
vt 56.3345 -3.05363 
vt 56.4626 -3.01084 
vt 56.3641 -3.05096 
vt 56.3647 -3.05156 
vt 56.3018 -3.05844 
vt 56.3297 -3.05265 
vt 56.3291 -3.05206 
vt 56.3012 -3.05786 
vt 56.3295 -3.05214 
vt 56.3014 -3.05006 
vt 56.5132 -3.00089 
vt 56.3922 -3.04769 
vt 56.3928 -3.04828 
vt 57.1872 -2.893 
vt 56.7575 -2.9976 
vt 56.7579 -2.99819 
vt 56.6169 -3.01765 
vt 56.821 -2.94866 
vt 56.8207 -2.94814 
vt 56.548 -3.04884 
vt 56.7359 -2.99416 
vt 56.7354 -2.99356 
vt 56.4288 -3.04718 
vt 56.5703 -2.99181 
vt 56.5697 -2.99123 
vt 56.1945 -3.06625 
vt 56.2107 -3.06134 
vt 56.2101 -3.06073 
vt 56.2107 -3.06134 
vt 56.2101 -3.06073 
vt 56.1951 -3.06686 
vt 56.1548 -3.06442 
vt 56.1832 -3.06022 
vt 56.1826 -3.05964 
vt 56.1543 -3.06383 
vt 56.2454 -3.05639 
vt 56.2419 -3.05077 
vt 56.2092 -3.0539 
vt 56.2098 -3.05449 
vt 56.2098 -3.05449 
vt 56.2425 -3.05135 
vt 56.2419 -3.05077 
vt 56.183 -3.05918 
vt 56.2084 -3.05305 
vt 56.2078 -3.05249 
vt 56.2078 -3.05249 
vt 56.1824 -3.05862 
vt 56.183 -3.05918 
vt 56.2459 -3.05703 
vt 56.3019 -3.05274 
vt 56.2712 -3.05832 
vt 56.2717 -3.05894 
vt 56.2324 -3.07027 
vt 56.3075 -3.04667 
vt 56.2313 -3.06112 
vt 56.2711 -3.05392 
vt 56.2454 -3.05639 
vt 56.2459 -3.05703 
vt 56.2455 -3.05276 
vt 56.2715 -3.05456 
vt 56.3024 -3.05336 
vt 56.2762 -3.04922 
vt 56.243 -3.05121 
vt 56.2764 -3.04968 
vt 56.2758 -3.04911 
vt 56.2424 -3.05064 
vt 56.4901 -3.0437 
vt 56.4716 -3.0761 
vt 56.4613 -3.04882 
vt 56.4312 -3.05335 
vt 56.4874 -3.04808 
vt 56.3623 -3.05652 
vt 56.4007 -3.05708 
vt 56.4004 -3.05644 
vt 56.3617 -3.05537 
vt 56.3467 -3.06561 
vt 56.3002 -3.07274 
vt 56.351 -3.07819 
vt 56.3621 -3.05588 
vt 56.401 -3.05662 
vt 56.4315 -3.05449 
vt 56.4311 -3.05387 
vt 56.514 -3.05074 
vt 56.5319 -3.05653 
vt 56.5313 -3.05602 
vt 56.4311 -3.05387 
vt 56.4006 -3.056 
vt 56.401 -3.05662 
vt 56.33 -3.0533 
vt 56.3621 -3.05588 
vt 56.3299 -3.05262 
vt 56.3622 -3.05656 
vt 56.5485 -3.04944 
vt 56.5313 -3.05602 
vt 56.5318 -3.05662 
vt 56.4283 -3.07982 
vt 56.4647 -3.06592 
vt 56.4238 -3.06785 
vt 56.4714 -3.07655 
vt 56.3968 -3.08106 
vt 56.3931 -3.06895 
vt 56.5389 -3.06198 
vt 56.5319 -3.05653 
vt 56.5365 -3.05146 
vt 56.5403 -3.06306 
vt 56.514 -3.05074 
vt 56.299 -3.06221 
vt 56.1399 -3.08591 
vt 56.1139 -3.09015 
vt 56.1227 -3.0949 
vt 56.1399 -3.08591 
vt 56.1227 -3.0949 
vt 56.1455 -3.08945 
vt 56.1001 -3.09839 
vt 56.0752 -3.10868 
vt 56.1014 -3.11302 
vt 56.0873 -3.10589 
vt 56.1103 -3.10438 
vt 56.2371 -3.07396 
vt 56.2324 -3.07027 
vt 56.1289 -3.09862 
vt 56.1105 -3.11605 
vt 56.1183 -3.10735 
vt 56.1014 -3.11302 
vt 56.1103 -3.10438 
vt 56.0945 -3.11986 
vt 56.1044 -3.1223 
vt 56.0945 -3.11986 
vt 56.4621 -3.04958 
vt 56.432 -3.05377 
vt 56.4325 -3.05438 
vt 56.5485 -3.04944 
vt 56.5258 -3.04122 
vt 56.5261 -3.04181 
vt 56.5432 -3.04846 
vt 56.71 -3.00587 
vt 56.5258 -3.04122 
vt 56.7108 -2.98555 
vt 56.4901 -3.0437 
vt 56.4905 -3.04428 
vt 56.5143 -3.04712 
vt 56.5383 -3.0397 
vt 56.5379 -3.0391 
vt 56.5383 -3.0397 
vt 56.6257 -3.02919 
vt 56.8662 -2.96767 
vt 56.8659 -2.96717 
vt 56.7605 -3.01887 
vt 57.1845 -2.96456 
vt 57.1842 -2.96405 
vt 56.6172 -3.01814 
vt 56.8063 -2.95196 
vt 56.6169 -3.01765 
vt 56.8443 -2.96867 
vt 56.634 -3.04266 
vt 56.8923 -2.99227 
vt 56.7607 -3.0194 
vt 56.5434 -3.04901 
vt 56.7312 -3.04693 
vt 56.5403 -3.06306 
vt 56.7314 -3.04754 
vt 56.6257 -3.02919 
vt 56.5365 -3.05146 
vt 56.634 -3.04266 
vt 56.548 -3.04884 
vt 56.5403 -3.06306 
vt 56.5399 -3.06287 
vt 56.7979 -3.02042 
vt 56.7976 -3.01985 
vt 56.7607 -3.0194 
vt 56.6257 -3.02919 
vt 56.5432 -3.04846 
vt 56.5976 -3.00943 
vt 56.6257 -3.02919 
vt 56.6169 -3.01765 
vt 56.5172 -3.00176 
vt 56.5038 -3.04483 
vt 56.5676 -3.00567 
vt 56.3659 -3.05114 
vt 56.3928 -3.04828 
vt 56.392 -3.04717 
vt 56.4294 -3.04777 
vt 56.4288 -3.04718 
vt 56.3653 -3.05055 
vt 56.3347 -3.05281 
vt 56.3352 -3.0534 
vt 56.3352 -3.0534 
vt 56.3915 -3.04658 
vt 56.4651 -3.0462 
vt 56.471 -3.04413 
vt 56.5703 -2.99181 
vt 56.4646 -3.04561 
vt 56.4288 -3.04718 
vt 56.4293 -3.04776 
vt 56.4651 -3.0462 
vt 56.5143 -3.04712 
vt 56.488 -3.04886 
vt 56.4883 -3.04948 
vt 56.5146 -3.04774 
vt 56.4625 -3.0502 
vt 56.4883 -3.04948 
vt 56.488 -3.04886 
vt 56.4626 -3.05019 
vt 56.488 -3.04886 
vt 56.4621 -3.04958 
vt 56.4625 -3.0502 
vt 56.4646 -3.04561 
vt 56.465 -3.0462 
vt 56.5146 -3.04774 
vt 56.4904 -3.04428 
vt 56.5261 -3.04181 
vt 56.5258 -3.04122 
vt 56.4901 -3.0437 
vt 56.4905 -3.04428 
vt 55.9071 -3.07956 
vt 55.9538 -3.07908 
vt 55.9511 -3.06554 
vt 55.9131 -3.08996 
vt 55.9174 -3.10267 
vt 55.8864 -3.11018 
vt 55.8932 -3.11718 
vt 55.8685 -3.09404 
vt 55.9131 -3.08996 
vt 55.9071 -3.07956 
vt 55.9437 -3.08296 
vt 55.8668 -3.08131 
vt 55.8685 -3.09404 
vt 55.8623 -3.08946 
vt 55.8522 -3.08135 
vt 55.8614 -3.0899 
vt 55.8748 -3.08219 
vt 55.8567 -3.07599 
vt 55.8741 -3.08276 
vt 55.8745 -3.07204 
vt 55.9262 -3.07552 
vt 55.9268 -3.07496 
vt 55.9262 -3.07552 
vt 55.8745 -3.07204 
vt 55.8739 -3.0726 
vt 55.8606 -3.06714 
vt 55.8573 -3.07538 
vt 55.8606 -3.06714 
vt 55.8612 -3.06658 
vt 55.9286 -3.10648 
vt 55.9046 -3.09654 
vt 55.88 -3.10249 
vt 55.8788 -3.10271 
vt 55.9054 -3.09609 
vt 55.8685 -3.09404 
vt 55.8695 -3.0927 
vt 55.8813 -3.10378 
vt 55.8825 -3.10351 
vt 55.8654 -3.09069 
vt 55.8857 -3.10576 
vt 55.8867 -3.1054 
vt 55.8683 -3.09297 
vt 55.8661 -3.08173 
vt 55.8644 -3.09105 
vt 55.8687 -3.08349 
vt 55.8473 -3.08597 
vt 55.8694 -3.0936 
vt 55.8623 -3.08946 
vt 55.8531 -3.08091 
vt 55.8522 -3.08135 
vt 55.8458 -3.06353 
vt 55.8596 -3.06716 
vt 55.8602 -3.06658 
vt 55.8517 -3.079 
vt 55.8358 -3.0727 
vt 55.851 -3.07955 
vt 55.8365 -3.07212 
vt 55.8358 -3.0727 
vt 55.8386 -3.07623 
vt 55.8155 -3.06793 
vt 55.8379 -3.07679 
vt 55.8365 -3.07212 
vt 55.8163 -3.06737 
vt 55.8358 -3.0727 
vt 55.8365 -3.07212 
vt 55.8163 -3.06737 
vt 55.8155 -3.06793 
vt 55.7899 -3.06073 
vt 55.8155 -3.06793 
vt 55.8163 -3.06737 
vt 55.7902 -3.05575 
vt 55.7575 -3.0743 
vt 55.8114 -3.07731 
vt 55.8592 -3.0674 
vt 55.826 -3.08073 
vt 55.8473 -3.08597 
vt 55.8681 -3.08126 
vt 55.8438 -3.07254 
vt 55.838 -3.07867 
vt 55.8125 -3.07308 
vt 55.8319 -3.0822 
vt 55.838 -3.07867 
vt 55.8093 -3.07677 
vt 55.7676 -3.07027 
vt 55.8093 -3.07677 
vt 55.8125 -3.07308 
vt 55.7629 -3.07396 
vt 55.8125 -3.07308 
vt 55.8211 -3.06563 
vt 55.7687 -3.06112 
vt 55.7676 -3.07027 
vt 55.6897 -3.07204 
vt 55.729 -3.05181 
vt 55.8452 -3.06411 
vt 55.8452 -3.06442 
vt 55.8174 -3.05964 
vt 55.8168 -3.06022 
vt 55.8457 -3.06383 
vt 55.8055 -3.06625 
vt 55.7893 -3.06134 
vt 55.8049 -3.06686 
vt 55.7893 -3.06134 
vt 55.8055 -3.06625 
vt 55.7899 -3.06073 
vt 55.7899 -3.06073 
vt 55.7893 -3.06134 
vt 55.7546 -3.05639 
vt 55.817 -3.05918 
vt 55.7922 -3.05249 
vt 55.7916 -3.05305 
vt 55.8176 -3.05862 
vt 55.7581 -3.05077 
vt 55.7902 -3.05449 
vt 55.7908 -3.0539 
vt 55.7575 -3.05135 
vt 55.7546 -3.05639 
vt 55.7541 -3.05703 
vt 55.7242 -3.04911 
vt 55.757 -3.05121 
vt 55.7576 -3.05064 
vt 55.7545 -3.05276 
vt 55.7687 -3.06112 
vt 55.6925 -3.04667 
vt 55.7676 -3.07027 
vt 55.6981 -3.05274 
vt 55.7283 -3.05894 
vt 55.7288 -3.05832 
vt 55.6986 -3.05006 
vt 55.7289 -3.05392 
vt 55.7541 -3.05703 
vt 55.7546 -3.05639 
vt 55.7541 -3.05703 
vt 55.7289 -3.05392 
vt 55.7285 -3.05456 
vt 55.7236 -3.04968 
vt 55.6912 -3.04999 
vt 55.7233 -3.04981 
vt 55.7238 -3.04922 
vt 55.6976 -3.05336 
vt 55.6906 -3.05058 
vt 55.6296 -3.01957 
vt 55.6302 -3.01898 
vt 55.5865 -3.01955 
vt 55.666 -3.05303 
vt 55.5871 -3.01895 
vt 55.5374 -3.01084 
vt 55.6359 -3.05096 
vt 55.538 -3.01025 
vt 55.3193 -2.9887 
vt 55.4621 -3.0391 
vt 55.3197 -2.9881 
vt 55.491 -3.00581 
vt 55.6078 -3.04769 
vt 55.4915 -3.00522 
vt 55.3553 -2.9818 
vt 55.1005 -2.88568 
vt 55.3548 -2.98239 
vt 55.1005 -2.88568 
vt 55.3553 -2.9818 
vt 55.1011 -2.88508 
vt 55.2896 -2.98495 
vt 54.9545 -2.8783 
vt 55.2892 -2.98555 
vt 54.9545 -2.8783 
vt 55.2896 -2.98495 
vt 54.955 -2.8777 
vt 54.8128 -2.893 
vt 55.2425 -2.9976 
vt 54.8132 -2.89241 
vt 55.5354 -3.04561 
vt 55.6709 -3.05206 
vt 55.6982 -3.05844 
vt 55.6988 -3.05786 
vt 55.6705 -3.05214 
vt 55.6703 -3.05265 
vt 55.666 -3.05303 
vt 55.5865 -3.01955 
vt 55.6655 -3.05362 
vt 55.6359 -3.05096 
vt 55.5374 -3.01084 
vt 55.6353 -3.05156 
vt 55.6078 -3.04769 
vt 55.491 -3.00581 
vt 55.6073 -3.04829 
vt 55.4297 -2.99181 
vt 55.5712 -3.04718 
vt 55.4303 -2.99123 
vt 55.2641 -2.99416 
vt 55.452 -3.04884 
vt 55.2646 -2.99356 
vt 55.179 -2.94866 
vt 55.3831 -3.01765 
vt 55.1793 -2.94814 
vt 55.2425 -2.9976 
vt 54.8128 -2.893 
vt 55.2421 -2.99819 
vt 55.5099 -3.0437 
vt 55.9127 -3.10589 
vt 55.8986 -3.11302 
vt 55.9248 -3.10868 
vt 55.8999 -3.09839 
vt 55.8897 -3.10438 
vt 55.8861 -3.09015 
vt 55.8773 -3.0949 
vt 55.8601 -3.08591 
vt 55.8773 -3.0949 
vt 55.8545 -3.08945 
vt 55.8711 -3.09862 
vt 55.8601 -3.08591 
vt 55.701 -3.06221 
vt 55.7629 -3.07396 
vt 55.7676 -3.07027 
vt 55.9055 -3.11986 
vt 55.8986 -3.11302 
vt 55.8895 -3.11605 
vt 55.9055 -3.11986 
vt 55.8956 -3.1223 
vt 55.8817 -3.10735 
vt 55.8897 -3.10438 
vt 55.6998 -3.07274 
vt 55.6533 -3.06561 
vt 55.649 -3.07818 
vt 55.6383 -3.05537 
vt 55.5996 -3.05644 
vt 55.6377 -3.05652 
vt 55.6379 -3.05588 
vt 55.5993 -3.05708 
vt 55.5284 -3.0761 
vt 55.5688 -3.05335 
vt 55.5387 -3.04882 
vt 55.5126 -3.04808 
vt 55.5689 -3.05387 
vt 55.599 -3.05662 
vt 55.5994 -3.056 
vt 55.6379 -3.05588 
vt 55.67 -3.0533 
vt 55.6701 -3.05262 
vt 55.6378 -3.05656 
vt 55.599 -3.05662 
vt 55.5689 -3.05387 
vt 55.5685 -3.05449 
vt 55.4681 -3.05653 
vt 55.486 -3.05074 
vt 55.4687 -3.05602 
vt 55.4687 -3.05602 
vt 55.4515 -3.04944 
vt 55.4682 -3.05662 
vt 55.6069 -3.06895 
vt 55.6032 -3.08106 
vt 55.5762 -3.06785 
vt 55.5717 -3.07982 
vt 55.5353 -3.06592 
vt 55.5286 -3.07655 
vt 55.4597 -3.06306 
vt 55.4635 -3.05146 
vt 55.4611 -3.06198 
vt 55.5379 -3.04958 
vt 55.5675 -3.05438 
vt 55.568 -3.05377 
vt 55.6648 -3.0534 
vt 55.6653 -3.05281 
vt 55.6353 -3.05156 
vt 55.6341 -3.05115 
vt 55.6347 -3.05055 
vt 55.6073 -3.04829 
vt 55.608 -3.04717 
vt 55.5712 -3.04718 
vt 55.5706 -3.04777 
vt 55.6085 -3.04658 
vt 55.5706 -3.04777 
vt 55.5707 -3.04776 
vt 55.5712 -3.04718 
vt 55.4828 -3.00176 
vt 55.4962 -3.04483 
vt 55.529 -3.04413 
vt 55.5354 -3.04561 
vt 55.3548 -2.98239 
vt 55.5349 -3.0462 
vt 55.4324 -3.00567 
vt 55.5707 -3.04776 
vt 55.5675 -3.05438 
vt 55.5379 -3.04958 
vt 55.5374 -3.05019 
vt 55.512 -3.04886 
vt 55.5375 -3.0502 
vt 55.5379 -3.04958 
vt 55.5375 -3.0502 
vt 55.512 -3.04886 
vt 55.5117 -3.04948 
vt 55.4857 -3.04712 
vt 55.5117 -3.04948 
vt 55.512 -3.04886 
vt 55.5117 -3.04948 
vt 55.4857 -3.04712 
vt 55.4854 -3.04774 
vt 55.535 -3.0462 
vt 55.5354 -3.04561 
vt 55.5095 -3.04428 
vt 55.4742 -3.04122 
vt 55.5096 -3.04428 
vt 55.5099 -3.0437 
vt 55.4739 -3.04181 
vt 55.4617 -3.0397 
vt 55.4854 -3.04774 
vt 55.4617 -3.0397 
vt 55.4621 -3.0391 
vt 55.4617 -3.0397 
vt 55.5099 -3.0437 
vt 55.2892 -2.98555 
vt 55.5095 -3.04428 
vt 55.29 -3.00587 
vt 55.4568 -3.04846 
vt 55.4742 -3.04122 
vt 55.4515 -3.04944 
vt 55.2421 -2.99819 
vt 55.3828 -3.01814 
vt 55.1937 -2.95196 
vt 55.3743 -3.02919 
vt 55.3831 -3.01765 
vt 55.1338 -2.96767 
vt 55.3743 -3.02919 
vt 55.1341 -2.96717 
vt 54.8155 -2.96456 
vt 55.2395 -3.01887 
vt 54.8158 -2.96405 
vt 55.366 -3.04266 
vt 55.1557 -2.96867 
vt 55.1077 -2.99227 
vt 55.452 -3.04884 
vt 55.366 -3.04266 
vt 55.4597 -3.06306 
vt 55.4635 -3.05146 
vt 55.3743 -3.02919 
vt 55.2393 -3.0194 
vt 55.4566 -3.04901 
vt 55.4597 -3.06306 
vt 55.2688 -3.04693 
vt 55.2686 -3.04754 
vt 55.4601 -3.06287 
vt 55.2024 -3.01985 
vt 55.2021 -3.02042 
vt 55.3743 -3.02919 
vt 55.4024 -3.00943 
vt 55.3831 -3.01765 
vt 55.3743 -3.02919 
vt 55.8114 -2.86784 
vt 55.774 -2.98536 
vt 55.8078 -2.98276 
vt 55.8316 -3.09901 
vt 55.8386 -2.9464 
vt 55.7898 -2.9449 
vt 55.8163 -2.92109 
vt 55.7898 -2.9449 
vt 55.8386 -2.9464 
vt 55.7575 -2.85646 
vt 55.7289 -2.95403 
vt 55.8249 -2.96133 
vt 55.8365 -2.91077 
vt 55.8163 -2.92109 
vt 55.8249 -2.96133 
vt 55.8699 -3.04801 
vt 55.8517 -2.93869 
vt 55.8486 -3.07452 
vt 55.8517 -2.93869 
vt 55.8553 -2.94821 
vt 55.826 -2.85971 
vt 55.7899 -2.91829 
vt 55.7566 -2.94414 
vt 55.8055 -2.94641 
vt 55.7984 -3.10679 
vt 55.7566 -2.94414 
vt 55.7642 -3.10626 
vt 55.7973 -3.09897 
vt 55.8055 -2.94641 
vt 55.7221 -3.09499 
vt 55.7687 -2.94444 
vt 55.7276 -2.92648 
vt 55.7922 -2.92439 
vt 55.8526 -3.03535 
vt 55.8176 -2.91965 
vt 55.8268 -3.04656 
vt 55.8867 -3.01875 
vt 55.8457 -2.91396 
vt 55.8174 -2.91998 
vt 55.8341 -2.9822 
vt 55.8622 -2.96923 
vt 55.837 -2.9092 
vt 55.7899 -2.91829 
vt 55.8114 -2.86784 
vt 55.7902 -2.91564 
vt 55.8175 -2.91799 
vt 55.6443 -2.85752 
vt 55.8382 -2.90727 
vt 55.8474 -2.94209 
vt 55.8573 -2.89735 
vt 55.8365 -2.91077 
vt 55.8382 -2.90727 
vt 55.8594 -2.89455 
vt 55.8592 -2.8932 
vt 55.826 -2.85971 
vt 55.8592 -2.8932 
vt 55.8473 -2.84792 
vt 55.8211 -2.84133 
vt 55.771 -2.90885 
vt 55.7423 -2.92659 
vt 55.7288 -2.88342 
vt 55.6952 -2.89027 
vt 55.7289 -2.88475 
vt 55.7276 -2.92648 
vt 55.7546 -2.90222 
vt 55.729 -2.88024 
vt 55.754 -2.90081 
vt 55.7545 -2.89945 
vt 55.7284 -2.88151 
vt 55.7687 -2.94444 
vt 55.7546 -2.90222 
vt 55.7545 -2.89945 
vt 55.7898 -2.91695 
vt 55.754 -2.90081 
vt 55.8748 -2.92212 
vt 55.8474 -2.94209 
vt 55.8897 -3.01733 
vt 55.8748 -2.92212 
vt 55.8766 -3.04193 
vt 55.8642 -2.91808 
vt 55.8943 -3.01749 
vt 55.8651 -2.91751 
vt 55.9074 -2.99281 
vt 55.8907 -2.89887 
vt 55.8788 -2.89527 
vt 55.9081 -2.99524 
vt 55.9091 -2.99451 
vt 55.9083 -2.97046 
vt 55.9615 -3.04308 
vt 55.9437 -2.9154 
vt 55.8612 -2.89838 
vt 55.8914 -3.01776 
vt 55.9268 -2.9627 
vt 55.8798 -2.89453 
vt 55.9091 -2.99451 
vt 55.9222 -2.96983 
vt 55.9387 -3.05962 
vt 55.8631 -3.02534 
vt 55.9297 -3.16934 
vt 55.9089 -2.99176 
vt 55.8622 -2.96923 
vt 55.9078 -3.01693 
vt 55.885 -2.94746 
vt 55.8458 -2.91386 
vt 55.885 -2.94746 
vt 55.885 -2.94746 
vt 55.9369 -2.9808 
vt 55.9038 -2.91486 
vt 55.9218 -3.10692 
vt 55.9446 -3.09038 
vt 55.9079 -3.0013 
vt 55.8602 -2.89742 
vt 55.8821 -2.90572 
vt 55.8798 -2.89453 
vt 55.8907 -2.89887 
vt 55.8531 -2.85045 
vt 55.8651 -2.91751 
vt 55.8695 -2.84518 
vt 55.8794 -2.90255 
vt 55.8806 -2.90226 
vt 55.8668 -2.83747 
vt 55.9064 -2.87878 
vt 55.9385 -2.95067 
vt 55.9396 -2.94989 
vt 55.9071 -2.87767 
vt 55.9131 -2.86173 
vt 55.9519 -2.91261 
vt 55.9529 -2.91146 
vt 55.9511 -2.9295 
vt 55.9071 -2.87767 
vt 55.9064 -2.87878 
vt 55.9038 -2.91486 
vt 55.8653 -2.88915 
vt 55.8745 -2.88337 
vt 55.8837 -2.86893 
vt 55.9071 -2.87767 
vt 55.9523 -2.92261 
vt 55.9336 -2.95498 
vt 55.9507 -2.93093 
vt 55.8849 -3.03142 
vt 55.6619 -2.96385 
vt 55.5554 -3.08786 
vt 55.5863 -3.10977 
vt 55.538 -2.91881 
vt 55.4883 -3.1246 
vt 55.535 -3.14524 
vt 55.4875 -2.91472 
vt 55.4672 -3.21789 
vt 55.5816 -2.931 
vt 55.6134 -2.92531 
vt 55.5871 -2.91539 
vt 55.6072 -3.10261 
vt 55.7024 -3.00792 
vt 55.6302 -2.94736 
vt 55.6506 -3.1331 
vt 55.6509 -3.00789 
vt 55.6654 -2.90915 
vt 55.6084 -2.97708 
vt 55.6826 -2.86784 
vt 55.6047 -2.96934 
vt 55.639 -2.99881 
vt 55.4303 -2.88411 
vt 55.3593 -3.34987 
vt 55.5331 -2.94111 
vt 55.2287 -3.34178 
vt 55.3553 -2.88914 
vt 55.1011 -3.23601 
vt 55.0608 -3.2759 
vt 55.2896 -2.85473 
vt 54.955 -3.1301 
vt 55.4193 -2.93257 
vt 54.9226 -3.12379 
vt 55.2425 -2.78264 
vt 54.8132 -2.94883 
vt 55.25 -3.26525 
vt 55.4168 -3.18669 
vt 55.4776 -2.942 
vt 55.5189 -3.01535 
vt 55.4828 -2.82807 
vt 55.4421 -2.99194 
vt 55.4433 -3.02249 
vt 55.4324 -2.80968 
vt 55.3605 -2.99647 
vt 55.5248 -2.77873 
vt 55.4458 -2.96762 
vt 55.4996 -2.9606 
vt 55.4312 -2.97278 
vt 55.4885 -2.77828 
vt 55.377 -2.95732 
vt 55.5574 -2.78009 
vt 55.5054 -2.93503 
vt 55.552 -2.95421 
vt 55.5787 -2.83925 
vt 55.5603 -2.96414 
vt 55.6177 -2.86231 
vt 55.6413 -2.83192 
vt 55.5578 -2.95026 
vt 55.5964 -2.9666 
vt 55.6383 -3.02478 
vt 55.7078 -2.9018 
vt 55.6667 -2.85501 
vt 55.6177 -2.86231 
vt 55.6912 -2.84314 
vt 55.6316 -2.82547 
vt 55.5353 -2.83235 
vt 55.5638 -2.98901 
vt 55.5787 -2.83925 
vt 55.3512 -2.8901 
vt 55.179 -2.8561 
vt 55.2879 -2.96193 
vt 55.2883 -2.96082 
vt 55.3648 -2.99875 
vt 55.4024 -2.77411 
vt 55.2726 -2.9413 
vt 55.2883 -2.96082 
vt 55.1793 -2.85499 
vt 55.179 -2.8561 
vt 55.4828 -2.82807 
vt 55.609 -2.97829 
vt 55.51 -2.9794 
vt 55.5353 -2.83235 
vt 55.6725 -3.05029 
vt 55.7484 -3.10853 
vt 55.7279 -3.02898 
vt 55.7653 -3.21727 
vt 55.8068 -3.04643 
vt 55.7423 -2.92659 
vt 55.6776 -3.07574 
vt 55.7111 -3.08975 
vt 55.8085 -3.07668 
vt 55.7992 -2.98733 
vt 55.844 -3.22933 
vt 55.7839 -3.05192 
vt 55.9018 -3.18174 
vt 55.8656 -3.20751 
vt 55.9011 -3.2082 
vt 55.8506 -3.05616 
vt 55.8839 -3.04861 
vt 55.8622 -2.96923 
vt 55.8545 -3.07502 
vt 55.7153 -3.20672 
vt 55.712 -3.18764 
vt 55.6782 -3.00516 
vt 55.6588 -3.17067 
vt 55.7519 -3.03149 
vt 55.7029 -3.0635 
vt 55.7089 -2.94829 
vt 55.6573 -3.03291 
vt 55.7551 -2.9807 
vt 55.7063 -3.073 
vt 55.7553 -3.10186 
vt 55.7995 -3.23213 
vt 55.7572 -3.08979 
vt 55.8089 -3.09876 
vt 55.6952 -2.89027 
vt 55.7908 -2.92593 
vt 55.7581 -2.90837 
vt 55.7417 -2.8862 
vt 55.6925 -2.84766 
vt 55.8341 -2.9822 
vt 55.7238 -2.87821 
vt 55.6912 -2.84314 
vt 55.7576 -2.908 
vt 55.7242 -2.87976 
vt 55.4621 -2.75965 
vt 55.3197 -2.92829 
vt 55.3685 -2.96073 
vt 55.571 -2.67392 
vt 55.5688 -2.74981 
vt 55.5997 -2.76265 
vt 55.571 -2.67392 
vt 55.5328 -2.8112 
vt 55.5777 -2.80767 
vt 55.4611 -2.6931 
vt 55.4798 -2.81329 
vt 55.5284 -2.6725 
vt 55.6003 -2.68587 
vt 55.6432 -2.7262 
vt 55.6131 -2.82272 
vt 55.6897 -2.79123 
vt 55.6383 -2.79067 
vt 55.6432 -2.7262 
vt 55.6003 -2.68587 
vt 55.6379 -2.7915 
vt 55.5996 -2.76479 
vt 55.593 -2.7941 
vt 55.5993 -2.76384 
vt 55.5993 -2.76384 
vt 55.5688 -2.74981 
vt 55.5685 -2.75106 
vt 55.6377 -2.79184 
vt 55.5997 -2.76265 
vt 55.6377 -2.79184 
vt 55.6705 -2.82371 
vt 55.6533 -2.71929 
vt 55.6058 -2.75327 
vt 55.6519 -2.78889 
vt 55.6069 -2.67103 
vt 55.5729 -2.73949 
vt 55.571 -2.67392 
vt 55.5289 -2.65119 
vt 55.5284 -2.6725 
vt 55.4601 -2.67273 
vt 55.5717 -2.65162 
vt 55.6028 -2.66147 
vt 55.6482 -2.7048 
vt 55.6003 -2.68587 
vt 55.6432 -2.7262 
vt 55.6028 -2.66147 
vt 55.6003 -2.68587 
vt 55.5284 -2.6725 
vt 55.486 -2.73026 
vt 55.4681 -2.70845 
vt 55.2688 -2.70755 
vt 55.4611 -2.6931 
vt 55.4597 -2.67102 
vt 55.4962 -2.71594 
vt 55.5353 -2.65396 
vt 55.4635 -2.67784 
vt 55.5762 -2.65861 
vt 55.529 -2.72951 
vt 55.6897 -2.79123 
vt 55.8694 -2.84818 
vt 55.8522 -2.85118 
vt 55.8651 -2.91751 
vt 55.8531 -2.85045 
vt 55.8644 -2.84787 
vt 55.8798 -2.89453 
vt 55.8654 -2.8471 
vt 55.8473 -2.84792 
vt 55.8592 -2.8932 
vt 55.8687 -2.83676 
vt 55.8683 -2.84547 
vt 55.9122 -2.86286 
vt 55.8788 -2.89527 
vt 55.8694 -2.84818 
vt 55.9064 -2.87878 
vt 55.9071 -2.87767 
vt 55.9225 -2.87585 
vt 55.9294 -2.8482 
vt 55.9182 -2.83955 
vt 55.898 -2.84292 
vt 55.7687 -2.83844 
vt 55.7078 -2.9018 
vt 55.6988 -2.85111 
vt 55.6667 -2.85501 
vt 55.826 -2.85971 
vt 55.8097 -2.83338 
vt 55.8114 -2.86784 
vt 55.8097 -2.83338 
vt 55.7575 -2.85646 
vt 55.8114 -2.86784 
vt 55.8438 -2.83122 
vt 55.8685 -2.84755 
vt 55.9131 -2.86173 
vt 55.9054 -2.83133 
vt 55.8473 -2.84792 
vt 55.8325 -2.82228 
vt 55.8694 -2.84818 
vt 55.8553 -2.81184 
vt 55.8681 -2.82052 
vt 55.9294 -2.8482 
vt 55.9248 -2.81401 
vt 55.9182 -2.83955 
vt 55.8861 -2.81122 
vt 55.9127 -2.81475 
vt 55.6991 -2.76884 
vt 55.7626 -2.82677 
vt 55.6897 -2.79123 
vt 55.701 -2.77349 
vt 55.7676 -2.82476 
vt 55.6981 -2.86118 
vt 55.3087 -2.92803 
vt 55.4899 -2.77211 
vt 55.452 -2.72246 
vt 55.2646 -2.87176 
vt 55.5099 -2.74167 
vt 55.4742 -2.73208 
vt 55.4687 -2.70945 
vt 55.213 -2.75145 
vt 55.252 -2.8575 
vt 55.516 -2.77993 
vt 55.5418 -2.78689 
vt 55.5712 -2.75453 
vt 55.5099 -2.74167 
vt 55.5354 -2.75045 
vt 55.5353 -2.83235 
vt 55.4828 -2.82807 
vt 55.2395 -2.73284 
vt 54.8857 -2.88689 
vt 55.29 -2.81951 
vt 55.3831 -2.74159 
vt 54.8158 -2.75414 
vt 55.1937 -2.87046 
vt 55.3743 -2.71192 
vt 55.1341 -2.77916 
vt 55.4024 -2.77411 
vt 55.4324 -2.80968 
vt 55.5354 -2.75045 
vt 55.4739 -2.74759 
vt 55.4857 -2.73226 
vt 55.452 -2.72246 
vt 55.4899 -2.77211 
vt 55.3882 -2.79706 
vt 55.2688 -2.70755 
vt 55.4687 -2.70945 
vt 55.5126 -2.7391 
vt 55.486 -2.73026 
vt 55.4858 -2.73156 
vt 55.4857 -2.73521 
vt 55.516 -2.77993 
vt 55.512 -2.7406 
vt 55.5418 -2.78689 
vt 55.512 -2.7406 
vt 55.4885 -2.77828 
vt 55.5124 -2.74041 
vt 55.4597 -2.67102 
vt 55.213 -2.75145 
vt 55.4687 -2.70945 
vt 55.4568 -2.71275 
vt 55.3742 -2.71343 
vt 55.1557 -2.79678 
vt 55.1556 -2.79839 
vt 55.3743 -2.71192 
vt 55.2024 -2.72243 
vt 55.3743 -2.71192 
vt 55.4024 -2.77411 
vt 55.4635 -2.67784 
vt 55.4621 -2.75965 
vt 55.4324 -2.80968 
vt 55.4635 -2.67784 
vt 55.4024 -2.77411 
vt 55.4962 -2.71594 
vt 55.5384 -2.74751 
vt 55.5126 -2.7391 
vt 55.5124 -2.74041 
vt 55.6709 -2.82444 
vt 55.6653 -2.80347 
vt 55.6359 -2.79291 
vt 55.6316 -2.82547 
vt 55.6826 -2.86784 
vt 55.6701 -2.8245 
vt 55.6699 -2.82495 
vt 55.6986 -2.8556 
vt 55.6705 -2.82371 
vt 55.6979 -2.85681 
vt 55.6986 -2.8556 
vt 55.7284 -2.88151 
vt 55.729 -2.88024 
vt 55.593 -2.7941 
vt 55.6078 -2.77651 
vt 55.604 -2.80106 
vt 55.5719 -2.78998 
vt 55.6347 -2.79226 
vt 55.666 -2.80382 
vt 55.6085 -2.77332 
vt 55.5994 -2.76414 
vt 55.5574 -2.78009 
vt 55.604 -2.80106 
vt 55.5689 -2.75136 
vt 55.5379 -2.74756 
vt 55.5719 -2.78998 
vt 55.568 -2.75065 
vt 55.6413 -2.83192 
vt 55.6379 -2.7915 
vt 55.5379 -2.74756 
vt 55.5248 -2.77873 
vt 55.5712 -2.75453 
vt 55.5387 -2.7462 
vt 55.5787 -2.83925 
vt 56.0481 -2.91261 
vt 56.0869 -2.86173 
vt 56.0471 -2.91146 
vt 56.0563 -2.9154 
vt 56.0385 -3.04308 
vt 56.0917 -2.97046 
vt 56.0613 -3.05962 
vt 56.1212 -2.89527 
vt 56.0909 -2.99451 
vt 56.0919 -2.99524 
vt 56.1202 -2.89453 
vt 56.0778 -2.96983 
vt 56.1086 -3.01776 
vt 56.1388 -2.89838 
vt 56.0732 -2.9627 
vt 56.1057 -3.01749 
vt 56.1349 -2.91751 
vt 56.0926 -2.99281 
vt 56.1234 -3.04193 
vt 56.1526 -2.94209 
vt 56.1103 -3.01733 
vt 56.1252 -2.92212 
vt 56.1057 -3.01749 
vt 56.1358 -2.91808 
vt 56.1349 -2.91751 
vt 56.0554 -3.09038 
vt 56.0911 -2.99176 
vt 56.0703 -3.16934 
vt 56.1369 -3.02534 
vt 56.0782 -3.10692 
vt 56.115 -2.94746 
vt 56.0631 -2.9808 
vt 56.0921 -3.0013 
vt 56.0962 -2.91486 
vt 56.115 -2.94746 
vt 56.0922 -3.01693 
vt 56.1378 -2.96923 
vt 56.1151 -3.03142 
vt 56.1542 -2.91386 
vt 56.163 -2.9092 
vt 56.115 -2.94746 
vt 56.1378 -2.96923 
vt 56.1093 -2.89887 
vt 56.0936 -2.87878 
vt 56.0604 -2.94989 
vt 56.0615 -2.95067 
vt 56.1332 -2.83747 
vt 56.0929 -2.87767 
vt 56.0489 -2.92949 
vt 56.0936 -2.87878 
vt 56.0929 -2.87767 
vt 56.0909 -2.99451 
vt 56.1212 -2.89527 
vt 56.1202 -2.89453 
vt 56.1527 -2.84792 
vt 56.1179 -2.90572 
vt 56.1447 -2.94821 
vt 56.1526 -2.94209 
vt 56.1427 -2.89735 
vt 56.1252 -2.92212 
vt 56.1469 -2.85045 
vt 56.1093 -2.89887 
vt 56.1349 -2.91751 
vt 56.1206 -2.90255 
vt 56.1305 -2.84518 
vt 56.1194 -2.90226 
vt 56.0477 -2.92261 
vt 56.0962 -2.91486 
vt 56.0929 -2.87767 
vt 56.1255 -2.88337 
vt 56.0664 -2.95498 
vt 56.0493 -2.93093 
vt 56.1163 -2.86893 
vt 56.1347 -2.88915 
vt 56.1398 -2.89742 
vt 56.1732 -3.04656 
vt 56.1543 -2.91396 
vt 56.1133 -3.01875 
vt 56.1483 -2.93869 
vt 56.1301 -3.04801 
vt 56.1751 -2.96133 
vt 56.1514 -3.07452 
vt 56.1751 -2.96133 
vt 56.1635 -2.91077 
vt 56.1483 -2.93869 
vt 56.174 -2.85971 
vt 56.1922 -2.98276 
vt 56.1837 -2.92109 
vt 56.1886 -2.86784 
vt 56.226 -2.98536 
vt 56.1684 -3.09901 
vt 56.2102 -2.9449 
vt 56.1614 -2.9464 
vt 56.1837 -2.92109 
vt 56.1614 -2.9464 
vt 56.2102 -2.9449 
vt 56.2425 -2.85646 
vt 56.2711 -2.95403 
vt 56.2101 -2.91829 
vt 56.2016 -3.10679 
vt 56.1826 -2.91998 
vt 56.1824 -2.91965 
vt 56.1474 -3.03535 
vt 56.2078 -2.92439 
vt 56.1659 -2.9822 
vt 56.2027 -3.09897 
vt 56.2434 -2.94414 
vt 56.1945 -2.94641 
vt 56.2358 -3.10626 
vt 56.2313 -2.94444 
vt 56.2779 -3.09499 
vt 56.2724 -2.92648 
vt 56.1945 -2.94641 
vt 56.2434 -2.94414 
vt 56.2101 -2.91829 
vt 56.2454 -2.90222 
vt 56.2313 -2.94444 
vt 56.2724 -2.92648 
vt 56.1635 -2.91077 
vt 56.1618 -2.90727 
vt 56.1408 -2.8932 
vt 56.1406 -2.89455 
vt 56.174 -2.85971 
vt 56.1886 -2.86784 
vt 56.1825 -2.91799 
vt 56.2098 -2.91564 
vt 56.3557 -2.85752 
vt 56.2454 -2.90222 
vt 56.2455 -2.89945 
vt 56.2102 -2.91695 
vt 56.246 -2.9008 
vt 56.1789 -2.84133 
vt 56.229 -2.90885 
vt 56.271 -2.88024 
vt 56.2711 -2.88475 
vt 56.2577 -2.92659 
vt 56.3048 -2.89027 
vt 56.2712 -2.88342 
vt 56.246 -2.9008 
vt 56.2716 -2.88151 
vt 56.271 -2.88024 
vt 56.2516 -3.10853 
vt 56.0982 -3.18174 
vt 56.1344 -3.20751 
vt 56.0989 -3.2082 
vt 56.1494 -3.05616 
vt 56.1378 -2.96923 
vt 56.1161 -3.04861 
vt 56.156 -3.22933 
vt 56.2161 -3.05192 
vt 56.3224 -3.07574 
vt 56.2577 -2.92659 
vt 56.2889 -3.08975 
vt 56.2347 -3.21727 
vt 56.2721 -3.02898 
vt 56.1932 -3.04643 
vt 56.1915 -3.07668 
vt 56.2008 -2.98733 
vt 56.1455 -3.07502 
vt 56.1911 -3.09876 
vt 56.2428 -3.08979 
vt 56.2005 -3.23213 
vt 56.2449 -2.9807 
vt 56.2447 -3.10186 
vt 56.2937 -3.073 
vt 56.2847 -3.20672 
vt 56.3218 -3.00516 
vt 56.288 -3.18764 
vt 56.3412 -3.17067 
vt 56.2481 -3.03149 
vt 56.2911 -2.94829 
vt 56.2971 -3.0635 
vt 56.3427 -3.03291 
vt 56.1659 -2.9822 
vt 56.2092 -2.92593 
vt 56.2419 -2.90837 
vt 56.2583 -2.8862 
vt 56.3048 -2.89027 
vt 56.3617 -3.02478 
vt 56.2922 -2.9018 
vt 56.3275 -3.05029 
vt 56.3333 -2.85501 
vt 56.3075 -2.84766 
vt 56.2424 -2.908 
vt 56.2758 -2.87976 
vt 56.3346 -2.90915 
vt 56.2762 -2.87821 
vt 56.2976 -3.00792 
vt 56.3698 -2.94736 
vt 56.3088 -2.84314 
vt 56.3494 -3.1331 
vt 56.3928 -3.10261 
vt 56.3381 -2.96385 
vt 56.4446 -3.08786 
vt 56.4129 -2.91539 
vt 56.3491 -3.00789 
vt 56.3916 -2.97708 
vt 56.3953 -2.96934 
vt 56.3174 -2.86784 
vt 56.361 -2.99881 
vt 56.4137 -3.10977 
vt 56.462 -2.91881 
vt 56.465 -3.14524 
vt 56.5117 -3.1246 
vt 56.6407 -3.34987 
vt 56.5697 -2.88411 
vt 56.4669 -2.94111 
vt 56.5328 -3.21789 
vt 56.5085 -2.91304 
vt 56.4184 -2.931 
vt 56.3866 -2.92531 
vt 56.5172 -2.82807 
vt 56.4811 -3.01535 
vt 56.5579 -2.99194 
vt 56.5832 -3.18669 
vt 56.75 -3.26525 
vt 56.7713 -3.34178 
vt 56.6447 -2.88914 
vt 56.5224 -2.94199 
vt 56.5676 -2.80968 
vt 56.5567 -3.02249 
vt 56.6395 -2.99647 
vt 56.9392 -3.2759 
vt 56.7104 -2.85473 
vt 56.5807 -2.93257 
vt 56.8989 -3.23601 
vt 57.045 -3.1301 
vt 57.1868 -2.94883 
vt 56.7575 -2.78264 
vt 57.0774 -3.12379 
vt 56.3823 -2.86231 
vt 56.391 -2.97829 
vt 56.4397 -2.96414 
vt 56.4422 -2.95026 
vt 56.3587 -2.83192 
vt 56.4036 -2.9666 
vt 56.3823 -2.86231 
vt 56.3088 -2.84314 
vt 56.3684 -2.82547 
vt 56.4213 -2.83925 
vt 56.623 -2.95732 
vt 56.5115 -2.77828 
vt 56.5688 -2.97278 
vt 56.4752 -2.77873 
vt 56.5004 -2.9606 
vt 56.5542 -2.96762 
vt 56.4426 -2.78009 
vt 56.448 -2.95421 
vt 56.4946 -2.93503 
vt 56.4362 -2.98901 
vt 56.4647 -2.83234 
vt 56.4213 -2.83925 
vt 56.4647 -2.83234 
vt 56.49 -2.9794 
vt 56.5172 -2.82807 
vt 56.6803 -2.92829 
vt 56.5379 -2.75965 
vt 56.6315 -2.96073 
vt 56.5976 -2.77411 
vt 56.6352 -2.99875 
vt 56.7274 -2.9413 
vt 56.6488 -2.8901 
vt 56.821 -2.8561 
vt 56.7117 -2.96082 
vt 56.7121 -2.96193 
vt 56.8207 -2.85499 
vt 56.0878 -2.86286 
vt 56.1356 -2.84787 
vt 56.1202 -2.89453 
vt 56.1212 -2.89527 
vt 56.0936 -2.87878 
vt 56.1306 -2.84818 
vt 56.0929 -2.87767 
vt 56.0775 -2.87585 
vt 56.0818 -2.83955 
vt 56.0706 -2.8482 
vt 56.1317 -2.84547 
vt 56.1306 -2.84818 
vt 56.1349 -2.91751 
vt 56.1478 -2.85118 
vt 56.1469 -2.85045 
vt 56.1202 -2.89453 
vt 56.1356 -2.84787 
vt 56.1346 -2.8471 
vt 56.1527 -2.84792 
vt 56.1313 -2.83676 
vt 56.1408 -2.8932 
vt 56.102 -2.84292 
vt 56.1562 -2.83122 
vt 56.1903 -2.83338 
vt 56.174 -2.85971 
vt 56.1886 -2.86784 
vt 56.1886 -2.86784 
vt 56.2425 -2.85646 
vt 56.1903 -2.83338 
vt 56.3019 -2.86118 
vt 56.2922 -2.9018 
vt 56.3333 -2.85501 
vt 56.3012 -2.85111 
vt 56.2313 -2.83844 
vt 56.0869 -2.86173 
vt 56.1315 -2.84755 
vt 56.0946 -2.83133 
vt 56.0752 -2.81401 
vt 56.0706 -2.8482 
vt 56.0818 -2.83955 
vt 56.1319 -2.82052 
vt 56.1139 -2.81122 
vt 56.0873 -2.81475 
vt 56.1447 -2.81184 
vt 56.1306 -2.84818 
vt 56.1527 -2.84792 
vt 56.1675 -2.82228 
vt 56.3568 -2.7262 
vt 56.3518 -2.7048 
vt 56.3009 -2.76884 
vt 56.2374 -2.82677 
vt 56.3103 -2.79123 
vt 56.299 -2.77349 
vt 56.2324 -2.82476 
vt 56.3103 -2.79123 
vt 56.3617 -2.79067 
vt 56.3568 -2.7262 
vt 56.3103 -2.79123 
vt 56.3467 -2.71929 
vt 56.3481 -2.78889 
vt 56.3869 -2.82272 
vt 56.3568 -2.7262 
vt 56.4223 -2.80767 
vt 56.4003 -2.76265 
vt 56.3997 -2.68587 
vt 56.3997 -2.68587 
vt 56.4312 -2.74981 
vt 56.429 -2.67392 
vt 56.429 -2.67392 
vt 56.4672 -2.8112 
vt 56.4716 -2.6725 
vt 56.5202 -2.81329 
vt 56.5389 -2.6931 
vt 56.3623 -2.79184 
vt 56.3295 -2.82371 
vt 56.3623 -2.79184 
vt 56.4007 -2.76384 
vt 56.4003 -2.76265 
vt 56.3942 -2.75327 
vt 56.3621 -2.7915 
vt 56.407 -2.7941 
vt 56.4004 -2.76479 
vt 56.4312 -2.74981 
vt 56.4315 -2.75106 
vt 56.4271 -2.73949 
vt 56.3931 -2.67103 
vt 56.3997 -2.68587 
vt 56.3972 -2.66147 
vt 56.429 -2.67392 
vt 56.3972 -2.66147 
vt 56.3997 -2.68587 
vt 56.4283 -2.65162 
vt 56.4711 -2.65119 
vt 56.4716 -2.6725 
vt 56.5399 -2.67273 
vt 56.4716 -2.6725 
vt 56.4238 -2.65861 
vt 56.5365 -2.67784 
vt 56.4647 -2.65396 
vt 56.5038 -2.71594 
vt 56.471 -2.72951 
vt 56.5319 -2.70845 
vt 56.514 -2.73026 
vt 56.5389 -2.6931 
vt 56.7312 -2.70755 
vt 56.5403 -2.67102 
vt 56.3014 -2.8556 
vt 56.2716 -2.88151 
vt 56.3021 -2.85681 
vt 56.3014 -2.8556 
vt 56.3301 -2.82495 
vt 56.3301 -2.82495 
vt 56.3295 -2.82371 
vt 56.3291 -2.82444 
vt 56.407 -2.7941 
vt 56.3641 -2.79291 
vt 56.3347 -2.80347 
vt 56.3174 -2.86784 
vt 56.3684 -2.82547 
vt 56.3299 -2.8245 
vt 56.396 -2.80106 
vt 56.334 -2.80382 
vt 56.3922 -2.77651 
vt 56.3653 -2.79226 
vt 56.4281 -2.78998 
vt 56.4288 -2.75453 
vt 56.3915 -2.77332 
vt 56.4213 -2.83925 
vt 56.3621 -2.7915 
vt 56.3587 -2.83192 
vt 56.396 -2.80106 
vt 56.4426 -2.78009 
vt 56.4006 -2.76414 
vt 56.4311 -2.75136 
vt 56.4281 -2.78998 
vt 56.4621 -2.74756 
vt 56.432 -2.75065 
vt 56.488 -2.7406 
vt 56.4621 -2.74756 
vt 56.4582 -2.78689 
vt 56.4647 -2.83234 
vt 56.4752 -2.77873 
vt 56.4646 -2.75045 
vt 56.4288 -2.75453 
vt 56.4874 -2.7391 
vt 56.4613 -2.7462 
vt 56.4616 -2.74751 
vt 56.4874 -2.7391 
vt 56.4616 -2.74751 
vt 56.4876 -2.74041 
vt 56.4582 -2.78689 
vt 56.4901 -2.74167 
vt 56.4646 -2.75044 
vt 56.5172 -2.82807 
vt 56.484 -2.77993 
vt 56.6913 -2.92803 
vt 56.548 -2.72246 
vt 56.5101 -2.77211 
vt 56.7354 -2.87176 
vt 56.4901 -2.74167 
vt 56.5258 -2.73208 
vt 56.787 -2.75145 
vt 56.5313 -2.70945 
vt 56.748 -2.8575 
vt 56.5676 -2.80968 
vt 56.6169 -2.74159 
vt 56.5976 -2.77411 
vt 57.1143 -2.88689 
vt 56.7605 -2.73284 
vt 56.71 -2.81951 
vt 57.1842 -2.75414 
vt 56.6257 -2.71192 
vt 56.8063 -2.87046 
vt 56.8659 -2.77916 
vt 56.5261 -2.74759 
vt 56.5143 -2.73521 
vt 56.488 -2.7406 
vt 56.484 -2.77993 
vt 56.5115 -2.77828 
vt 56.5142 -2.73156 
vt 56.5142 -2.73156 
vt 56.514 -2.73026 
vt 56.548 -2.72246 
vt 56.5143 -2.73226 
vt 56.5101 -2.77211 
vt 56.6118 -2.79706 
vt 56.7312 -2.70755 
vt 56.5313 -2.70945 
vt 56.787 -2.75145 
vt 56.5403 -2.67102 
vt 56.5313 -2.70945 
vt 56.5379 -2.75965 
vt 56.5365 -2.67784 
vt 56.5676 -2.80968 
vt 56.5976 -2.77411 
vt 56.5038 -2.71594 
vt 56.5976 -2.77411 
vt 56.6257 -2.71192 
vt 56.5365 -2.67784 
vt 56.5432 -2.71275 
vt 56.6258 -2.71343 
vt 56.8444 -2.79839 
vt 56.8443 -2.79678 
vt 56.6257 -2.71192 
vt 56.7976 -2.72243 
vt 55.9503 -3.10679 
vt 55.9415 -2.94512 
vt 55.9498 -3.1071 
vt 55.942 -2.9449 
vt 55.9328 -2.96161 
vt 55.9353 -3.07452 
vt 55.9334 -2.96133 
vt 55.9348 -3.07492 
vt 55.9359 -2.91444 
vt 55.9494 -3.0259 
vt 55.9499 -3.02534 
vt 55.9532 -3.1065 
vt 55.9456 -2.94414 
vt 55.945 -2.94425 
vt 55.9487 -2.92648 
vt 55.9579 -3.09519 
vt 55.9585 -3.09499 
vt 55.9579 -3.09519 
vt 55.9487 -2.92648 
vt 55.9481 -2.92663 
vt 55.9538 -3.10626 
vt 55.9404 -2.91998 
vt 55.9571 -3.04712 
vt 55.9577 -3.04656 
vt 55.9697 -3.05247 
vt 55.9475 -2.92439 
vt 55.9469 -2.92499 
vt 55.9321 -2.9212 
vt 55.9334 -2.96133 
vt 55.9326 -2.92109 
vt 55.9415 -2.94512 
vt 55.9393 -2.91829 
vt 55.9387 -2.91833 
vt 55.9334 -2.96133 
vt 55.9321 -2.9212 
vt 55.9328 -2.96161 
vt 55.9273 -2.94209 
vt 55.9273 -2.91084 
vt 55.9267 -2.94226 
vt 55.9365 -2.91386 
vt 55.9629 -3.07596 
vt 55.9494 -2.89027 
vt 55.9488 -2.89054 
vt 55.9436 -2.90222 
vt 55.945 -2.94425 
vt 55.9456 -2.94414 
vt 55.942 -2.9449 
vt 55.9571 -3.04712 
vt 55.9404 -2.91998 
vt 55.9398 -2.92054 
vt 55.9267 -2.94226 
vt 55.9264 -3.04193 
vt 55.9273 -2.94209 
vt 55.9258 -3.04224 
vt 55.9236 -2.91808 
vt 55.9227 -3.01793 
vt 55.9232 -3.01749 
vt 55.9354 -2.97127 
vt 55.9396 -3.05962 
vt 55.9359 -2.97046 
vt 55.939 -3.06023 
vt 55.9166 -2.91638 
vt 55.9314 -3.0437 
vt 55.932 -3.04308 
vt 55.9433 -3.01838 
vt 55.9476 -3.10692 
vt 55.9439 -3.01776 
vt 55.9494 -3.0259 
vt 55.9586 -3.18174 
vt 55.9499 -3.02534 
vt 55.9468 -2.97 
vt 55.957 -3.03142 
vt 55.9474 -2.96923 
vt 55.9565 -3.03219 
vt 55.947 -3.10753 
vt 55.9402 -2.94823 
vt 55.9483 -3.00211 
vt 55.9488 -3.0013 
vt 55.917 -2.9154 
vt 55.9183 -2.83863 
vt 55.9354 -2.97127 
vt 55.9359 -2.97046 
vt 55.9373 -2.95608 
vt 55.9249 -2.92261 
vt 55.9244 -2.92371 
vt 55.9378 -2.95498 
vt 55.9322 -2.91578 
vt 55.9378 -2.95498 
vt 55.9328 -2.91486 
vt 55.9329 -2.89901 
vt 55.9329 -2.89901 
vt 55.9439 -3.01776 
vt 55.9334 -2.89838 
vt 55.9402 -2.94823 
vt 55.9488 -3.0013 
vt 55.9408 -2.94746 
vt 55.9322 -2.91578 
vt 55.9373 -2.95608 
vt 55.9378 -2.95498 
vt 55.9581 -3.18229 
vt 55.9897 -2.91881 
vt 56.0196 -3.12497 
vt 56.0202 -3.1246 
vt 56.0462 -3.18706 
vt 55.9997 -2.91472 
vt 55.9991 -2.91511 
vt 55.981 -2.91539 
vt 56.001 -3.08812 
vt 56.0016 -3.08786 
vt 55.981 -2.94736 
vt 55.9973 -3.1029 
vt 55.9979 -3.10261 
vt 55.9973 -3.1029 
vt 55.981 -2.94736 
vt 55.9804 -2.94774 
vt 55.9997 -2.91472 
vt 56.0462 -3.18706 
vt 56.0468 -3.18669 
vt 56.107 -2.94956 
vt 56.114 -3.12453 
vt 56.1146 -3.12379 
vt 56.1076 -2.94883 
vt 56.0088 -2.88411 
vt 56.096 -3.26558 
vt 56.0965 -3.26525 
vt 56.0082 -2.88449 
vt 55.9743 -2.90915 
vt 56.0047 -3.03368 
vt 56.0052 -3.03291 
vt 56.001 -3.08812 
vt 55.981 -2.91539 
vt 55.9804 -2.91577 
vt 55.975 -2.86231 
vt 56.0087 -2.97781 
vt 56.0092 -2.97708 
vt 55.9515 -2.85501 
vt 55.9666 -3.02497 
vt 55.9672 -3.02478 
vt 55.9737 -2.90998 
vt 56.0196 -3.12497 
vt 55.9897 -2.91881 
vt 55.9892 -2.91921 
vt 55.9982 -2.82807 
vt 56.0446 -2.99269 
vt 56.0452 -2.99194 
vt 55.9943 -2.80968 
vt 56.0616 -2.99744 
vt 56.0622 -2.99647 
vt 55.9891 -2.83235 
vt 56.0252 -2.9802 
vt 56.0257 -2.9794 
vt 55.9777 -2.83925 
vt 56.0123 -2.96507 
vt 56.0129 -2.96414 
vt 55.9817 -3.00516 
vt 55.9922 -3.17088 
vt 55.9928 -3.17067 
vt 55.9861 -3.23213 
vt 55.9703 -3.05192 
vt 55.9623 -2.98814 
vt 55.9798 -3.07751 
vt 55.9803 -3.07668 
vt 55.9688 -3.20751 
vt 55.9682 -3.20809 
vt 55.9538 -2.9822 
vt 55.9692 -3.05708 
vt 55.9698 -3.05616 
vt 55.988 -3.20701 
vt 55.9729 -3.02898 
vt 55.9724 -3.02933 
vt 55.9886 -3.20672 
vt 55.9922 -3.17088 
vt 55.9817 -3.00516 
vt 55.9811 -3.00547 
vt 55.9695 -2.9807 
vt 55.9919 -3.0905 
vt 55.9925 -3.08979 
vt 55.9697 -3.05247 
vt 55.9855 -3.23264 
vt 55.9861 -3.23213 
vt 55.9735 -2.94829 
vt 56.0014 -3.07372 
vt 56.0019 -3.073 
vt 55.9635 -3.07574 
vt 55.9492 -2.90837 
vt 55.9487 -2.90879 
vt 55.9692 -3.05708 
vt 55.9538 -2.9822 
vt 55.9533 -2.98298 
vt 56.0014 -3.07372 
vt 55.9735 -2.94829 
vt 55.973 -2.94913 
vt 55.9509 -2.87976 
vt 55.969 -2.98151 
vt 55.9628 -2.98733 
vt 55.9209 -2.90549 
vt 55.9341 -2.93093 
vt 55.9345 -2.92949 
vt 55.9102 -2.89947 
vt 55.9187 -2.85118 
vt 55.9101 -2.85242 
vt 55.9064 -2.90255 
vt 55.907 -2.84547 
vt 55.8962 -2.84646 
vt 55.909 -2.84787 
vt 55.8931 -2.88063 
vt 55.9189 -2.89527 
vt 55.9064 -2.84818 
vt 55.894 -2.90308 
vt 55.9236 -2.91808 
vt 55.9241 -2.91751 
vt 55.943 -2.90228 
vt 55.9481 -2.92663 
vt 55.9461 -2.88475 
vt 55.9454 -2.88485 
vt 55.9279 -2.91077 
vt 55.9187 -2.83747 
vt 55.9183 -2.83863 
vt 55.8942 -2.82757 
vt 55.9014 -2.80308 
vt 55.8973 -2.84977 
vt 55.906 -2.84755 
vt 55.9105 -2.81067 
vt 55.8927 -2.8018 
vt 55.8899 -2.85898 
vt 55.9435 -2.70845 
vt 55.938 -2.6931 
vt 55.9374 -2.69376 
vt 55.9436 -2.76479 
vt 55.9484 -2.79462 
vt 55.949 -2.7941 
vt 55.9493 -2.73026 
vt 55.944 -2.70945 
vt 55.9488 -2.73156 
vt 55.9429 -2.76532 
vt 55.9487 -2.82576 
vt 55.9441 -2.7915 
vt 55.9434 -2.79167 
vt 55.8839 -2.80334 
vt 55.8931 -2.88063 
vt 55.9098 -2.97056 
vt 55.9189 -2.89527 
vt 55.8935 -2.84788 
vt 55.8959 -2.88424 
vt 55.9007 -2.87651 
vt 55.9007 -2.93345 
vt 55.9007 -2.87651 
vt 55.8959 -2.88424 
vt 55.913 -2.92148 
vt 55.913 -2.92148 
vt 55.9097 -2.86286 
vt 55.9007 -2.87651 
vt 55.9036 -2.92178 
vt 55.92 -2.87878 
vt 55.9097 -2.86286 
vt 55.9166 -2.95067 
vt 55.9247 -2.91261 
vt 55.9206 -2.90692 
vt 55.91 -2.86173 
vt 55.9129 -2.92056 
vt 55.9246 -2.91146 
vt 55.9097 -2.86286 
vt 55.92 -2.87878 
vt 55.9164 -2.84388 
vt 55.8777 -2.80458 
vt 55.8829 -2.86869 
vt 55.8938 -2.81602 
vt 55.9035 -2.83205 
vt 55.9013 -2.81016 
vt 55.8973 -2.83938 
vt 55.8973 -2.83938 
vt 55.9097 -2.86286 
vt 55.9095 -2.81256 
vt 55.9035 -2.83205 
vt 55.9493 -2.82547 
vt 55.9615 -2.77828 
vt 56.0102 -2.95795 
vt 56.0108 -2.95732 
vt 55.9609 -2.77889 
vt 55.9977 -2.82911 
vt 55.9579 -2.77873 
vt 56.0024 -2.96805 
vt 56.003 -2.96762 
vt 55.9573 -2.77917 
vt 56.0681 -2.94224 
vt 55.9906 -2.77411 
vt 55.9901 -2.77522 
vt 56.0354 -2.75532 
vt 56.076 -2.88808 
vt 56.0765 -2.88689 
vt 56.0323 -2.78032 
vt 56.0475 -2.87162 
vt 56.048 -2.87046 
vt 56.0686 -2.9413 
vt 55.9938 -2.81075 
vt 55.9847 -2.75233 
vt 56.0035 -2.85834 
vt 56.0041 -2.8575 
vt 55.9796 -2.72335 
vt 55.9847 -2.75233 
vt 55.9853 -2.75145 
vt 55.9801 -2.72243 
vt 55.9511 -2.7406 
vt 55.9609 -2.77889 
vt 55.9615 -2.77828 
vt 55.9609 -2.77889 
vt 55.9511 -2.7406 
vt 55.9505 -2.74114 
vt 55.9853 -2.75145 
vt 56.0354 -2.75532 
vt 56.0765 -2.88689 
vt 56.0359 -2.75414 
vt 56.0313 -2.79678 
vt 56.0077 -2.73997 
vt 56.0074 -2.74157 
vt 56.031 -2.79839 
vt 56.0328 -2.77916 
vt 55.9528 -2.78009 
vt 55.9822 -2.93552 
vt 55.9828 -2.93503 
vt 55.9509 -2.85524 
vt 55.9804 -2.94774 
vt 55.95 -2.84314 
vt 55.9494 -2.8436 
vt 55.9473 -2.86118 
vt 55.9488 -2.89054 
vt 55.9494 -2.89027 
vt 55.9503 -2.8802 
vt 55.9487 -2.92648 
vt 55.9493 -2.82547 
vt 55.9709 -2.96978 
vt 55.9715 -2.96934 
vt 55.949 -2.7941 
vt 55.9729 -2.95077 
vt 55.9735 -2.95026 
vt 55.9886 -2.83331 
vt 55.9771 -2.84018 
vt 55.9745 -2.86319 
vt 55.9487 -2.82576 
vt 55.9479 -2.82444 
vt 55.9509 -2.85524 
vt 55.9515 -2.85501 
vt 55.9522 -2.78058 
vt 55.9461 -2.75136 
vt 55.9455 -2.75185 
vt 55.9474 -2.8247 
vt 55.9466 -2.86148 
vt 55.9461 -2.75136 
vt 55.9522 -2.78058 
vt 55.9528 -2.78009 
vt 55.9504 -2.74756 
vt 55.9573 -2.77917 
vt 55.9579 -2.77873 
vt 55.9498 -2.74798 
vt 55.9522 -2.78058 
vt 55.9484 -2.79462 
vt 55.9245 -2.96333 
vt 55.9394 -3.09099 
vt 55.94 -3.09038 
vt 55.9301 -2.99232 
vt 55.9481 -3.16934 
vt 55.9306 -2.99176 
vt 55.925 -2.9627 
vt 55.9402 -2.94823 
vt 55.944 -3.01693 
vt 55.9408 -2.94746 
vt 55.9182 -3.01733 
vt 55.9172 -2.9223 
vt 55.9176 -3.01764 
vt 55.9356 -2.91452 
vt 55.9366 -3.01932 
vt 55.9371 -3.01875 
vt 55.9476 -3.16989 
vt 55.9366 -3.01932 
vt 55.9586 -3.20878 
vt 55.9592 -3.2082 
vt 55.9435 -3.01771 
vt 55.9371 -3.01875 
vt 55.9468 -2.97 
vt 55.9578 -3.04861 
vt 55.9474 -2.96923 
vt 55.9102 -2.89947 
vt 55.9145 -2.99325 
vt 55.915 -2.99281 
vt 55.9204 -2.87767 
vt 55.9039 -2.921 
vt 55.9168 -2.94989 
vt 55.9129 -2.92056 
vt 55.8959 -2.88389 
vt 55.9003 -2.93304 
vt 55.8935 -2.87988 
vt 55.9101 -2.96983 
vt 55.9192 -2.89453 
vt 55.9102 -2.89947 
vt 55.915 -2.99281 
vt 55.9107 -2.89887 
vt 55.9172 -2.9223 
vt 55.9182 -3.01733 
vt 55.9178 -2.92212 
vt 55.9322 -2.91578 
vt 55.935 -2.98161 
vt 55.9355 -2.9808 
vt 55.9322 -2.91578 
vt 55.9355 -2.9808 
vt 55.9328 -2.91486 
vt 55.9328 -2.898 
vt 55.9328 -2.898 
vt 55.9306 -2.99176 
vt 55.9334 -2.89742 
vt 55.926 -3.04801 
vt 55.9204 -2.93896 
vt 55.9254 -3.0484 
vt 55.9238 -2.9464 
vt 55.9389 -3.09933 
vt 55.9394 -3.09901 
vt 55.9389 -3.09933 
vt 55.9238 -2.9464 
vt 55.9232 -2.94665 
vt 55.9422 -3.09921 
vt 55.9338 -2.94641 
vt 55.9331 -2.94657 
vt 55.9338 -2.94641 
vt 55.9422 -3.09921 
vt 55.9428 -3.09897 
vt 55.9512 -3.10873 
vt 55.9405 -2.94444 
vt 55.9399 -2.94461 
vt 55.9408 -2.92025 
vt 55.9458 -3.03592 
vt 55.9464 -3.03535 
vt 55.9518 -3.10853 
vt 55.9495 -3.04643 
vt 55.9455 -2.92635 
vt 55.9489 -3.04678 
vt 55.9549 -3.08997 
vt 55.942 -2.92659 
vt 55.9413 -2.92684 
vt 55.942 -2.92659 
vt 55.9549 -3.08997 
vt 55.9555 -3.08975 
vt 55.9204 -2.93896 
vt 55.926 -3.04801 
vt 55.921 -2.93869 
vt 55.9356 -2.91452 
vt 55.9362 -2.91396 
vt 55.9405 -2.94444 
vt 55.943 -2.90228 
vt 55.9399 -2.94461 
vt 55.943 -2.90228 
vt 55.9405 -2.94444 
vt 55.9436 -2.90222 
vt 55.942 -2.92659 
vt 55.9411 -2.88372 
vt 55.9413 -2.92684 
vt 55.9414 -2.91965 
vt 55.9461 -2.92593 
vt 55.9488 -2.90844 
vt 55.9588 -3.03149 
vt 55.9494 -2.908 
vt 55.9579 -3.05049 
vt 55.9421 -2.9018 
vt 55.9415 -2.90201 
vt 55.9641 -2.99925 
vt 55.9444 -2.86784 
vt 55.9438 -2.86821 
vt 55.9421 -2.9018 
vt 55.9579 -3.05049 
vt 55.9585 -3.05029 
vt 55.9743 -3.22985 
vt 55.9464 -3.03535 
vt 55.9458 -3.03592 
vt 55.9533 -2.98298 
vt 55.9656 -3.07585 
vt 55.9661 -3.07502 
vt 55.9748 -3.22933 
vt 55.9737 -3.21755 
vt 55.9799 -3.18784 
vt 55.9582 -3.03182 
vt 55.9495 -3.04643 
vt 55.9737 -3.21755 
vt 55.9743 -3.21727 
vt 55.9623 -2.98814 
vt 55.9746 -3.09947 
vt 55.9752 -3.09876 
vt 55.969 -2.98151 
vt 55.9861 -3.10257 
vt 55.9867 -3.10186 
vt 55.9805 -3.18764 
vt 55.987 -3.13339 
vt 55.9646 -3.00792 
vt 55.964 -3.00829 
vt 55.973 -2.94913 
vt 55.9926 -3.06427 
vt 55.9931 -3.0635 
vt 55.9573 -3.04952 
vt 55.9533 -2.98298 
vt 55.9661 -3.07502 
vt 55.9538 -2.9822 
vt 55.9588 -3.03149 
vt 55.9488 -2.90844 
vt 55.9582 -3.03182 
vt 55.964 -3.00829 
vt 55.9508 -2.87821 
vt 55.9502 -2.87867 
vt 55.9646 -3.00792 
vt 55.9628 -2.98733 
vt 55.969 -2.98151 
vt 55.9867 -3.10186 
vt 55.9695 -2.9807 
vt 55.973 -2.94913 
vt 55.9931 -3.0635 
vt 55.9735 -2.94829 
vt 55.95 -2.84314 
vt 55.9669 -2.96426 
vt 55.9675 -2.96385 
vt 55.987 -3.13339 
vt 55.9876 -3.1331 
vt 55.9918 -3.11003 
vt 55.9924 -3.10977 
vt 56.0095 -3.14561 
vt 55.9682 -2.92531 
vt 55.9676 -2.92574 
vt 56.0101 -3.14524 
vt 56.032 -3.21834 
vt 55.9746 -2.931 
vt 55.974 -2.93146 
vt 56.0667 -3.3502 
vt 55.9828 -2.94111 
vt 55.9822 -2.94154 
vt 56.0673 -3.34987 
vt 56.0326 -3.21789 
vt 56.0904 -3.34219 
vt 55.9971 -2.94199 
vt 55.9965 -2.9426 
vt 55.9971 -2.94199 
vt 56.0904 -3.34219 
vt 56.091 -3.34178 
vt 55.9737 -2.90998 
vt 55.9907 -3.00863 
vt 55.9912 -3.00789 
vt 55.9647 -2.99881 
vt 55.9737 -2.90998 
vt 55.9912 -3.00789 
vt 55.9743 -2.90915 
vt 55.9468 -2.83192 
vt 55.9671 -2.96712 
vt 55.9678 -2.9666 
vt 55.9521 -2.78689 
vt 56.0008 -2.97341 
vt 56.0014 -2.97278 
vt 55.975 -2.86231 
vt 56.0028 -2.97922 
vt 56.0033 -2.97829 
vt 55.9886 -2.83331 
vt 56.0228 -3.01611 
vt 56.0234 -3.01535 
vt 55.9777 -2.83925 
vt 56.0126 -2.98982 
vt 56.0132 -2.98901 
vt 55.9977 -2.82911 
vt 56.0431 -3.02346 
vt 56.0437 -3.02249 
vt 55.9943 -2.80968 
vt 56.0546 -2.99969 
vt 56.0551 -2.99875 
vt 55.9472 -2.78998 
vt 55.9837 -2.96104 
vt 55.9842 -2.9606 
vt 55.9008 -2.87585 
vt 55.8935 -2.84788 
vt 55.8959 -2.88389 
vt 55.894 -2.8482 
vt 55.894 -2.8482 
vt 55.8959 -2.88389 
vt 55.9008 -2.87585 
vt 55.8978 -2.83955 
vt 55.91 -2.86173 
vt 55.8779 -2.8056 
vt 55.8828 -2.86738 
vt 55.8898 -2.85765 
vt 55.9039 -2.83133 
vt 55.91 -2.86173 
vt 55.9008 -2.87585 
vt 55.91 -2.86173 
vt 55.9204 -2.87767 
vt 55.9168 -2.84292 
vt 55.9039 -2.83133 
vt 55.894 -2.8482 
vt 55.8909 -2.81519 
vt 55.8935 -2.84788 
vt 55.8801 -2.79727 
vt 55.8909 -2.81519 
vt 55.8913 -2.81401 
vt 55.8801 -2.79544 
vt 55.8842 -2.80436 
vt 55.8929 -2.80291 
vt 55.8913 -2.81401 
vt 55.8941 -2.81475 
vt 55.8978 -2.83955 
vt 55.9016 -2.80884 
vt 55.9098 -2.81122 
vt 55.8935 -2.87988 
vt 55.9093 -2.8471 
vt 55.8946 -2.8268 
vt 55.8965 -2.84617 
vt 55.8943 -2.90279 
vt 55.9067 -2.90226 
vt 55.9192 -2.89453 
vt 55.9073 -2.84518 
vt 55.906 -2.84755 
vt 55.9008 -2.90586 
vt 55.9014 -2.90572 
vt 55.9064 -2.84818 
vt 55.9107 -2.89887 
vt 55.9191 -2.85045 
vt 55.9105 -2.85168 
vt 55.9417 -2.88342 
vt 55.9326 -2.8932 
vt 55.9162 -2.83824 
vt 55.9321 -2.89455 
vt 55.9421 -2.9018 
vt 55.9416 -2.85137 
vt 55.9415 -2.90201 
vt 55.9421 -2.85111 
vt 55.9162 -2.83824 
vt 55.9326 -2.8932 
vt 55.9165 -2.83676 
vt 55.8975 -2.84967 
vt 55.9017 -2.80423 
vt 55.9064 -2.84818 
vt 55.9109 -2.81184 
vt 55.944 -2.70945 
vt 55.9369 -2.67102 
vt 55.9371 -2.67273 
vt 55.9434 -2.76464 
vt 55.9455 -2.80106 
vt 55.944 -2.76414 
vt 55.9434 -2.70997 
vt 55.9448 -2.73278 
vt 55.9454 -2.73226 
vt 55.944 -2.70945 
vt 55.944 -2.70945 
vt 55.9371 -2.67273 
vt 55.9435 -2.70845 
vt 55.9449 -2.80155 
vt 55.9669 -2.96426 
vt 55.95 -2.84314 
vt 55.9494 -2.84369 
vt 55.9444 -2.86784 
vt 55.9467 -2.82467 
vt 55.9438 -2.86821 
vt 55.9472 -2.80347 
vt 55.9676 -2.92574 
vt 55.9682 -2.92531 
vt 55.9671 -2.96712 
vt 55.9468 -2.83192 
vt 55.9462 -2.83244 
vt 55.9726 -2.95469 
vt 55.9455 -2.80106 
vt 55.9449 -2.80155 
vt 55.9455 -2.80106 
vt 55.9726 -2.95469 
vt 55.9732 -2.95421 
vt 55.9745 -2.86319 
vt 55.9495 -2.79226 
vt 55.974 -2.93146 
vt 55.9746 -2.931 
vt 55.9771 -2.84018 
vt 55.9534 -2.77332 
vt 55.9822 -2.94154 
vt 55.9828 -2.94111 
vt 55.9472 -2.80347 
vt 55.9466 -2.80393 
vt 55.9467 -2.82467 
vt 55.9444 -2.86784 
vt 55.9474 -2.8245 
vt 55.9435 -2.79203 
vt 55.9462 -2.83244 
vt 55.9468 -2.83192 
vt 55.9435 -2.79203 
vt 55.9468 -2.83192 
vt 55.9441 -2.7915 
vt 55.9456 -2.75106 
vt 55.9472 -2.78998 
vt 55.9462 -2.75065 
vt 55.9472 -2.78998 
vt 55.9456 -2.75106 
vt 55.9466 -2.7904 
vt 55.9464 -2.80436 
vt 55.947 -2.80382 
vt 55.9489 -2.79273 
vt 55.9528 -2.77381 
vt 55.9466 -2.7904 
vt 55.9528 -2.75453 
vt 55.9522 -2.75523 
vt 55.9515 -2.78747 
vt 55.9544 -2.75044 
vt 56.005 -2.93325 
vt 56.0055 -2.93257 
vt 56.005 -2.93325 
vt 55.9544 -2.75044 
vt 55.9538 -2.75121 
vt 55.9886 -2.83331 
vt 56.0234 -3.01535 
vt 55.9891 -2.83234 
vt 55.9982 -2.82807 
vt 55.9938 -2.81075 
vt 56.0617 -2.96193 
vt 55.9906 -2.77411 
vt 55.9901 -2.77522 
vt 56.0622 -2.96082 
vt 55.9498 -2.7481 
vt 55.9515 -2.78747 
vt 55.9521 -2.78689 
vt 55.9463 -2.7726 
vt 55.9469 -2.77211 
vt 55.9448 -2.73278 
vt 55.9469 -2.77211 
vt 55.9454 -2.73226 
vt 55.944 -2.70945 
vt 55.9465 -2.74843 
vt 55.9471 -2.74759 
vt 55.9465 -2.74843 
vt 55.944 -2.70945 
vt 55.9435 -2.70845 
vt 55.9498 -2.7481 
vt 55.9521 -2.78689 
vt 55.9504 -2.74756 
vt 55.9505 -2.7412 
vt 55.9538 -2.78056 
vt 55.9544 -2.77993 
vt 55.9511 -2.7406 
vt 55.9515 -2.71275 
vt 55.9582 -2.73311 
vt 55.9588 -2.73208 
vt 55.951 -2.71378 
vt 55.8309 -3.06111 
vt 55.7984 -3.04969 
vt 55.7976 -3.05024 
vt 55.7973 -3.05721 
vt 55.7642 -3.04619 
vt 55.7636 -3.04678 
vt 55.7636 -3.04678 
vt 55.7967 -3.0578 
vt 55.7973 -3.05721 
vt 55.8316 -3.06056 
vt 55.8699 -3.07401 
vt 55.8486 -3.06467 
vt 55.8479 -3.06521 
vt 55.8692 -3.07456 
vt 55.7216 -3.04213 
vt 55.7478 -3.04879 
vt 55.7484 -3.04818 
vt 55.7111 -3.04449 
vt 55.6776 -3.03646 
vt 55.677 -3.03708 
vt 55.6383 -3.03285 
vt 55.6719 -3.04209 
vt 55.6725 -3.0415 
vt 55.6719 -3.04209 
vt 55.6383 -3.03285 
vt 55.6377 -3.03344 
vt 55.7106 -3.04511 
vt 55.7221 -3.04152 
vt 55.8839 -3.04218 
vt 55.8506 -3.03021 
vt 55.8501 -3.03075 
vt 55.6047 -3.0285 
vt 55.6385 -3.03593 
vt 55.639 -3.03532 
vt 55.7736 -3.06934 
vt 55.8078 -3.075 
vt 55.774 -3.0687 
vt 55.8073 -3.07564 
vt 55.774 -3.0687 
vt 55.7285 -3.05928 
vt 55.7736 -3.06934 
vt 55.8547 -3.08461 
vt 55.8078 -3.075 
vt 55.8073 -3.07564 
vt 55.8553 -3.084 
vt 55.8382 -3.06505 
vt 55.8173 -3.06167 
vt 55.8381 -3.06555 
vt 55.8175 -3.06119 
vt 55.6041 -3.0291 
vt 55.6443 -3.05317 
vt 55.7289 -3.05866 
vt 55.7898 -3.05619 
vt 55.7898 -3.05619 
vt 55.8175 -3.06119 
vt 55.7902 -3.05575 
vt 55.8821 -3.09864 
vt 55.9446 -3.06004 
vt 55.9218 -3.05243 
vt 55.9212 -3.053 
vt 55.8897 -3.08181 
vt 55.8766 -3.07361 
vt 55.8758 -3.07416 
vt 55.8889 -3.08236 
vt 55.9212 -3.053 
vt 55.944 -3.06061 
vt 55.9446 -3.06004 
vt 55.9615 -3.06804 
vt 55.9387 -3.06043 
vt 55.9381 -3.06099 
vt 55.9609 -3.0686 
vt 55.8844 -3.04352 
vt 55.9072 -3.05652 
vt 55.9078 -3.05598 
vt 55.8656 -3.03122 
vt 55.9005 -3.04141 
vt 55.9011 -3.04084 
vt 55.865 -3.03178 
vt 55.8501 -3.03075 
vt 55.8834 -3.04272 
vt 55.8839 -3.04218 
vt 55.9078 -3.05598 
vt 55.8849 -3.04298 
vt 55.8844 -3.04352 
vt 55.9297 -3.05186 
vt 55.9018 -3.04136 
vt 55.9011 -3.04191 
vt 55.9291 -3.05241 
vt 55.9074 -3.08499 
vt 55.8943 -3.07682 
vt 55.8935 -3.07732 
vt 55.9091 -3.08169 
vt 55.9212 -3.09023 
vt 55.9222 -3.08987 
vt 55.948 -3.08695 
vt 55.9314 -3.09933 
vt 55.9326 -3.09966 
vt 55.8813 -3.09916 
vt 55.9385 -3.08345 
vt 55.9392 -3.09639 
vt 55.9402 -3.09611 
vt 55.9396 -3.08317 
vt 55.9491 -3.08714 
vt 55.9081 -3.08206 
vt 55.8935 -3.07732 
vt 55.9066 -3.0855 
vt 55.9074 -3.08499 
vt 55.9369 -3.06448 
vt 55.9079 -3.05115 
vt 55.9074 -3.05171 
vt 55.9364 -3.06504 
vt 55.9529 -3.07545 
vt 55.948 -3.08695 
vt 55.9491 -3.08714 
vt 55.948 -3.08695 
vt 55.9529 -3.07545 
vt 55.9519 -3.07535 
vt 55.5578 -3.02647 
vt 55.5961 -3.03286 
vt 55.5964 -3.03223 
vt 55.4665 -2.96799 
vt 55.4168 -2.95319 
vt 55.4161 -2.95376 
vt 55.4193 -2.99445 
vt 55.0608 -2.88943 
vt 55.0604 -2.89003 
vt 55.4189 -2.99505 
vt 55.4168 -2.95319 
vt 55.4665 -2.96799 
vt 55.4672 -2.96742 
vt 55.4883 -2.97982 
vt 55.5344 -2.99049 
vt 55.535 -2.98991 
vt 55.4877 -2.98041 
vt 55.25 -2.90345 
vt 55.3587 -2.93329 
vt 55.3593 -2.93273 
vt 54.955 -2.8777 
vt 54.9545 -2.8783 
vt 55.3512 -2.99438 
vt 54.9226 -2.88544 
vt 54.9222 -2.88603 
vt 55.2281 -2.90957 
vt 55.1011 -2.88508 
vt 55.1005 -2.88568 
vt 55.2287 -2.90897 
vt 55.2493 -2.90402 
vt 55.3601 -2.93837 
vt 55.4429 -2.95688 
vt 55.4433 -2.95634 
vt 55.4307 -2.99923 
vt 55.377 -2.98918 
vt 55.3765 -2.98977 
vt 55.3197 -2.9881 
vt 55.3681 -2.99245 
vt 55.3685 -2.99185 
vt 55.3193 -2.9887 
vt 55.4312 -2.99864 
vt 55.4996 -3.01578 
vt 55.4458 -2.99699 
vt 55.4451 -2.99755 
vt 55.4989 -3.01635 
vt 55.4415 -2.95536 
vt 55.5183 -2.97716 
vt 55.5189 -2.97662 
vt 54.9222 -2.88603 
vt 55.3509 -2.99497 
vt 55.3512 -2.99438 
vt 55.3643 -2.94543 
vt 55.2726 -2.93139 
vt 55.2721 -2.93191 
vt 55.3648 -2.94491 
vt 55.4433 -2.95634 
vt 55.3605 -2.93783 
vt 55.3601 -2.93837 
vt 55.4421 -2.95481 
vt 55.5514 -3.02739 
vt 55.5054 -3.01719 
vt 55.5049 -3.01779 
vt 55.7153 -3.0114 
vt 55.7646 -3.0263 
vt 55.7653 -3.02572 
vt 55.7146 -3.01197 
vt 55.6588 -3.00723 
vt 55.7113 -3.02011 
vt 55.712 -3.01952 
vt 55.7566 -3.0081 
vt 55.8083 -3.02538 
vt 55.8089 -3.02483 
vt 55.8433 -3.02574 
vt 55.7995 -3.01391 
vt 55.7989 -3.01447 
vt 55.7995 -3.01391 
vt 55.8433 -3.02574 
vt 55.844 -3.02517 
vt 55.7572 -3.00755 
vt 55.6499 -3.013 
vt 55.6072 -3.00212 
vt 55.6066 -3.00271 
vt 55.5548 -2.99901 
vt 55.5857 -3.00822 
vt 55.5863 -3.00762 
vt 55.5554 -2.99841 
vt 55.6506 -3.01242 
vt 55.6581 -3.00782 
vt 55.7063 -2.99807 
vt 55.7546 -3.01386 
vt 55.7553 -3.01333 
vt 55.7057 -2.9986 
vt 55.6076 -2.99125 
vt 55.6502 -3.00933 
vt 55.6509 -3.00883 
vt 55.5574 -3.0271 
vt 55.552 -3.02679 
vt 55.6573 -2.99479 
vt 55.7023 -3.00743 
vt 55.7029 -3.0069 
vt 55.8545 -3.03391 
vt 55.8085 -3.0197 
vt 55.8079 -3.02023 
vt 55.8079 -3.02023 
vt 55.8539 -3.03444 
vt 55.8545 -3.03391 
vt 55.6567 -2.99532 
vt 55.51 -2.97428 
vt 55.5633 -2.98738 
vt 55.5638 -2.98685 
vt 55.5094 -2.97482 
vt 55.6085 -2.99722 
vt 55.5603 -2.98714 
vt 55.5598 -2.98767 
vt 55.6084 -2.99075 
vt 55.609 -2.99669 
vt 55.2646 -2.99356 
vt 55.3082 -2.99642 
vt 55.3087 -2.99581 
vt 55.8594 -3.06785 
vt 55.8256 -3.08135 
vt 55.8469 -3.08657 
vt 55.8126 -3.07322 
vt 55.8325 -3.08178 
vt 55.8381 -3.07887 
vt 55.8553 -3.08911 
vt 55.8381 -3.07887 
vt 55.8677 -3.08172 
vt 55.8435 -3.07304 
vt 55.8661 -3.08173 
vt 55.8685 -3.09404 
vt 55.8694 -3.0936 
vt 55.8692 -3.08381 
vt 55.8469 -3.08657 
vt 55.8685 -3.09404 
vt 55.8097 -3.07626 
vt 55.811 -3.07794 
vt 55.7571 -3.07491 
vt 55.8126 -3.07322 
vt 55.7683 -3.06166 
vt 55.7672 -3.07044 
vt 55.8097 -3.07626 
vt 55.7672 -3.07044 
vt 55.7626 -3.07342 
vt 55.8126 -3.07322 
vt 55.8208 -3.06616 
vt 55.8602 -3.08613 
vt 55.576 -3.06821 
vt 55.6028 -3.08069 
vt 55.6064 -3.0693 
vt 55.5717 -3.07942 
vt 55.5353 -3.06626 
vt 55.5289 -3.07614 
vt 55.6482 -3.07782 
vt 55.8602 -3.08613 
vt 55.8773 -3.09506 
vt 55.6991 -3.0723 
vt 55.6527 -3.06597 
vt 55.4601 -3.06287 
vt 55.7003 -3.06257 
vt 55.7626 -3.07342 
vt 55.7672 -3.07044 
vt 55.872 -3.09835 
vt 55.8794 -3.09361 
vt 55.8872 -3.10599 
vt 55.8884 -3.10572 
vt 55.8923 -3.11711 
vt 55.9182 -3.10217 
vt 55.8855 -3.11012 
vt 55.9054 -3.09609 
vt 55.8788 -3.10271 
vt 55.9286 -3.10648 
vt 55.8932 -3.11718 
vt 55.9294 -3.10596 
vt 55.8806 -3.09334 
vt 55.8694 -3.0936 
vt 55.8687 -3.08349 
vt 55.8685 -3.09404 
vt 55.88 -3.10249 
vt 55.9046 -3.09654 
vt 55.8694 -3.0936 
vt 55.8855 -3.09052 
vt 55.8694 -3.0936 
vt 55.9122 -3.09028 
vt 55.9064 -3.07998 
vt 55.9064 -3.07998 
vt 55.9534 -3.07945 
vt 55.9507 -3.0659 
vt 55.9122 -3.09028 
vt 55.8986 -3.11307 
vt 55.9242 -3.10912 
vt 55.912 -3.10623 
vt 55.8827 -3.1071 
vt 55.8905 -3.11581 
vt 55.8986 -3.11307 
vt 55.8966 -3.12208 
vt 55.9056 -3.11993 
vt 55.8896 -3.10443 
vt 55.8896 -3.10443 
vt 55.9056 -3.11993 
vt 55.8773 -3.09506 
vt 55.8991 -3.09866 
vt 55.3082 -2.99642 
vt 55.4894 -3.05367 
vt 55.4899 -3.05307 
vt 55.4739 -3.05288 
vt 55.252 -2.99594 
vt 55.2517 -2.99652 
vt 55.4795 -3.04649 
vt 55.3882 -3.03755 
vt 55.388 -3.03815 
vt 55.3882 -3.03755 
vt 55.4795 -3.04649 
vt 55.4798 -3.04588 
vt 55.5156 -3.0462 
vt 55.516 -3.04559 
vt 55.3509 -2.99497 
vt 55.5096 -3.04428 
vt 55.5099 -3.0437 
vt 55.4899 -3.05307 
vt 55.29 -3.00587 
vt 54.8857 -2.92348 
vt 54.8854 -2.92398 
vt 55.2898 -3.00641 
vt 55.3831 -3.01765 
vt 55.1937 -2.95196 
vt 55.1934 -2.95246 
vt 55.2641 -2.99416 
vt 55.4742 -3.04122 
vt 55.29 -3.00587 
vt 55.2898 -3.00641 
vt 55.4736 -3.05346 
vt 55.2688 -3.04693 
vt 55.388 -3.03815 
vt 55.2688 -3.04693 
vt 55.2686 -3.04754 
vt 55.3661 -3.0429 
vt 55.4635 -3.05181 
vt 55.3742 -3.02958 
vt 55.4566 -3.04901 
vt 55.474 -3.04177 
vt 55.4601 -3.06287 
vt 55.474 -3.04177 
vt 55.4742 -3.04122 
vt 55.3661 -3.0429 
vt 55.1556 -2.969 
vt 55.1076 -2.99261 
vt 55.3742 -3.02958 
vt 55.3742 -3.02958 
vt 55.3828 -3.01814 
vt 55.1934 -2.95246 
vt 55.3828 -3.01814 
vt 55.3831 -3.01765 
vt 55.3742 -3.02958 
vt 55.402 -3.00993 
vt 55.3828 -3.01814 
vt 55.496 -3.04534 
vt 55.4824 -3.00228 
vt 55.432 -3.00619 
vt 55.7284 -3.05221 
vt 55.6894 -3.07265 
vt 55.7683 -3.06166 
vt 55.692 -3.04721 
vt 55.7672 -3.07044 
vt 55.6979 -3.05046 
vt 55.6699 -3.05256 
vt 55.754 -3.05314 
vt 55.5777 -3.05439 
vt 55.6129 -3.05615 
vt 55.6131 -3.05557 
vt 55.6129 -3.05615 
vt 55.5777 -3.05439 
vt 55.5774 -3.05498 
vt 55.5328 -3.05361 
vt 55.644 -3.05376 
vt 55.7285 -3.05928 
vt 55.6443 -3.05317 
vt 55.5326 -3.05422 
vt 55.4858 -3.05122 
vt 55.5281 -3.07671 
vt 55.5124 -3.04854 
vt 55.4608 -3.0626 
vt 55.4687 -3.05602 
vt 55.4635 -3.05181 
vt 55.5685 -3.05383 
vt 55.5384 -3.04928 
vt 55.6377 -3.05582 
vt 55.5774 -3.05498 
vt 55.5288 -3.04464 
vt 55.5685 -3.05383 
vt 55.5387 -3.04882 
vt 55.5384 -3.04928 
vt 55.5328 -3.05361 
vt 55.5387 -3.04882 
vt 55.5688 -3.05335 
vt 56.0619 -3.06099 
vt 56.0385 -3.06804 
vt 56.0391 -3.0686 
vt 56.0554 -3.06004 
vt 56.0788 -3.053 
vt 56.0782 -3.05243 
vt 56.0788 -3.053 
vt 56.0554 -3.06004 
vt 56.056 -3.06061 
vt 56.0613 -3.06043 
vt 56.0926 -3.08499 
vt 56.1065 -3.07732 
vt 56.1057 -3.07682 
vt 56.1103 -3.08181 
vt 56.1242 -3.07416 
vt 56.1234 -3.07361 
vt 56.1242 -3.07416 
vt 56.1103 -3.08181 
vt 56.1111 -3.08236 
vt 56.1156 -3.04352 
vt 56.0922 -3.05598 
vt 56.0928 -3.05652 
vt 56.0703 -3.05186 
vt 56.0989 -3.04191 
vt 56.0982 -3.04136 
vt 56.0709 -3.05241 
vt 56.1151 -3.04298 
vt 56.0995 -3.04141 
vt 56.1344 -3.03122 
vt 56.0989 -3.04084 
vt 56.1344 -3.03122 
vt 56.0995 -3.04141 
vt 56.135 -3.03178 
vt 56.1499 -3.03075 
vt 56.1161 -3.04218 
vt 56.1166 -3.04272 
vt 56.0934 -3.0855 
vt 56.0598 -3.09611 
vt 56.0615 -3.08345 
vt 56.0604 -3.08317 
vt 56.0615 -3.08345 
vt 56.0598 -3.09611 
vt 56.0608 -3.09639 
vt 56.0674 -3.09966 
vt 56.052 -3.08695 
vt 56.0509 -3.08714 
vt 56.052 -3.08695 
vt 56.0674 -3.09966 
vt 56.0686 -3.09933 
vt 56.1179 -3.09864 
vt 56.1453 -3.08461 
vt 56.1447 -3.084 
vt 56.1187 -3.09916 
vt 56.0788 -3.09023 
vt 56.0909 -3.08169 
vt 56.0778 -3.08987 
vt 56.0471 -3.07545 
vt 56.0509 -3.08714 
vt 56.052 -3.08695 
vt 56.052 -3.08695 
vt 56.0481 -3.07535 
vt 56.0471 -3.07545 
vt 56.0926 -3.05171 
vt 56.0631 -3.06448 
vt 56.0636 -3.06504 
vt 56.0921 -3.05115 
vt 56.0919 -3.08206 
vt 56.1521 -3.06521 
vt 56.1301 -3.07401 
vt 56.1308 -3.07456 
vt 56.2016 -3.04969 
vt 56.1691 -3.06111 
vt 56.2024 -3.05024 
vt 56.1684 -3.06056 
vt 56.1301 -3.07401 
vt 56.1521 -3.06521 
vt 56.1514 -3.06467 
vt 56.2364 -3.04678 
vt 56.2027 -3.05721 
vt 56.2033 -3.0578 
vt 56.2784 -3.04213 
vt 56.2516 -3.04818 
vt 56.2522 -3.04879 
vt 56.2358 -3.04619 
vt 56.2516 -3.04818 
vt 56.2784 -3.04213 
vt 56.2779 -3.04152 
vt 56.323 -3.03708 
vt 56.2889 -3.04449 
vt 56.2894 -3.04511 
vt 56.3224 -3.03646 
vt 56.1494 -3.03021 
vt 56.3281 -3.04209 
vt 56.3617 -3.03285 
vt 56.3275 -3.0415 
vt 56.3623 -3.03344 
vt 56.3615 -3.03593 
vt 56.3953 -3.0285 
vt 56.361 -3.03532 
vt 56.1922 -3.075 
vt 56.2264 -3.06934 
vt 56.226 -3.0687 
vt 56.1922 -3.075 
vt 56.1447 -3.084 
vt 56.1453 -3.08461 
vt 56.1618 -3.06505 
vt 56.1827 -3.06167 
vt 56.1825 -3.06119 
vt 56.1827 -3.06167 
vt 56.1618 -3.06505 
vt 56.1619 -3.06555 
vt 56.1927 -3.07564 
vt 56.1927 -3.07564 
vt 56.2715 -3.05928 
vt 56.226 -3.0687 
vt 56.2264 -3.06934 
vt 56.2711 -3.05866 
vt 56.2102 -3.05619 
vt 56.2098 -3.05575 
vt 56.3557 -3.05317 
vt 56.2711 -3.05866 
vt 56.2715 -3.05928 
vt 56.3953 -3.0285 
vt 56.3615 -3.03593 
vt 56.3959 -3.0291 
vt 56.4039 -3.03286 
vt 56.4422 -3.02647 
vt 56.4036 -3.03223 
vt 56.1921 -3.02023 
vt 56.1455 -3.03391 
vt 56.1461 -3.03444 
vt 56.2005 -3.01391 
vt 56.1567 -3.02574 
vt 56.2011 -3.01447 
vt 56.156 -3.02517 
vt 56.2434 -3.0081 
vt 56.1911 -3.02483 
vt 56.1917 -3.02538 
vt 56.2354 -3.0263 
vt 56.2847 -3.0114 
vt 56.2347 -3.02572 
vt 56.2847 -3.0114 
vt 56.2354 -3.0263 
vt 56.2854 -3.01197 
vt 56.2887 -3.02011 
vt 56.3412 -3.00723 
vt 56.288 -3.01952 
vt 56.1911 -3.02483 
vt 56.2434 -3.0081 
vt 56.2428 -3.00755 
vt 56.3412 -3.00723 
vt 56.2887 -3.02011 
vt 56.3419 -3.00782 
vt 56.3501 -3.013 
vt 56.3928 -3.00212 
vt 56.3494 -3.01242 
vt 56.2454 -3.01386 
vt 56.2937 -2.99807 
vt 56.2447 -3.01333 
vt 56.3934 -3.00271 
vt 56.4452 -2.99901 
vt 56.4137 -3.00762 
vt 56.4143 -3.00822 
vt 56.4446 -2.99841 
vt 56.2943 -2.9986 
vt 56.1915 -3.0197 
vt 56.2977 -3.00743 
vt 56.3427 -2.99479 
vt 56.2971 -3.0069 
vt 56.3924 -2.99125 
vt 56.3491 -3.00883 
vt 56.3498 -3.00933 
vt 56.4426 -3.02709 
vt 56.4486 -3.02739 
vt 56.4946 -3.01719 
vt 56.448 -3.02679 
vt 56.4951 -3.01779 
vt 56.3433 -2.99532 
vt 56.3491 -3.00883 
vt 56.3924 -2.99125 
vt 56.3916 -2.99075 
vt 56.3915 -2.99722 
vt 56.4397 -2.98714 
vt 56.391 -2.99669 
vt 56.4402 -2.98767 
vt 56.4367 -2.98738 
vt 56.49 -2.97428 
vt 56.4362 -2.98685 
vt 56.4906 -2.97482 
vt 56.4656 -2.99049 
vt 56.5117 -2.97982 
vt 56.465 -2.98991 
vt 56.5334 -2.96801 
vt 56.5832 -2.95617 
vt 56.5328 -2.96742 
vt 56.5838 -2.95675 
vt 56.5123 -2.98041 
vt 56.6399 -2.93837 
vt 56.5567 -2.95634 
vt 56.5571 -2.95688 
vt 56.5807 -2.99445 
vt 56.9396 -2.89003 
vt 56.9392 -2.88943 
vt 56.5811 -2.99505 
vt 56.6413 -2.93329 
vt 56.75 -2.90345 
vt 56.6407 -2.93272 
vt 56.7719 -2.90957 
vt 56.8989 -2.88508 
vt 56.7713 -2.90897 
vt 56.7507 -2.90402 
vt 56.8995 -2.88568 
vt 56.6488 -2.99438 
vt 57.0778 -2.88603 
vt 57.0774 -2.88544 
vt 57.045 -2.8777 
vt 57.045 -2.8777 
vt 56.9396 -2.89003 
vt 57.0455 -2.8783 
vt 56.5585 -2.95536 
vt 56.4811 -2.97662 
vt 56.4817 -2.97716 
vt 56.5693 -2.99923 
vt 56.623 -2.98918 
vt 56.5688 -2.99864 
vt 56.5004 -3.01578 
vt 56.5549 -2.99755 
vt 56.5542 -2.99699 
vt 56.5011 -3.01635 
vt 56.6235 -2.98977 
vt 56.6319 -2.99245 
vt 56.6803 -2.9881 
vt 56.6315 -2.99185 
vt 56.6918 -2.99642 
vt 56.7354 -2.99356 
vt 56.6913 -2.99581 
vt 56.6807 -2.9887 
vt 56.6395 -2.93783 
vt 56.5579 -2.95481 
vt 56.6357 -2.94543 
vt 56.7274 -2.93139 
vt 56.6352 -2.94491 
vt 56.6491 -2.99497 
vt 56.7279 -2.93191 
vt 56.0466 -3.07945 
vt 56.0936 -3.07998 
vt 56.0493 -3.0659 
vt 56.1077 -3.11711 
vt 56.0714 -3.10648 
vt 56.1068 -3.11718 
vt 56.1077 -3.11711 
vt 56.0818 -3.10217 
vt 56.0706 -3.10596 
vt 56.0758 -3.10912 
vt 56.1014 -3.11307 
vt 56.088 -3.10623 
vt 56.1145 -3.11012 
vt 56.0946 -3.09609 
vt 56.1212 -3.10271 
vt 56.1206 -3.09361 
vt 56.1116 -3.10572 
vt 56.1128 -3.10599 
vt 56.0878 -3.09028 
vt 56.0878 -3.09028 
vt 56.1306 -3.0936 
vt 56.0936 -3.07998 
vt 56.12 -3.10249 
vt 56.1306 -3.0936 
vt 56.0954 -3.09654 
vt 56.1194 -3.09334 
vt 56.1313 -3.08349 
vt 56.1306 -3.0936 
vt 56.1315 -3.09404 
vt 56.1145 -3.09052 
vt 56.1398 -3.08613 
vt 56.1323 -3.08172 
vt 56.1227 -3.09506 
vt 56.1104 -3.10443 
vt 56.0944 -3.11993 
vt 56.0944 -3.11993 
vt 56.1095 -3.11581 
vt 56.1014 -3.11307 
vt 56.1034 -3.12208 
vt 56.1173 -3.1071 
vt 56.1104 -3.10443 
vt 56.128 -3.09835 
vt 56.1009 -3.09866 
vt 56.1447 -3.08911 
vt 56.1227 -3.09506 
vt 56.1339 -3.08173 
vt 56.1306 -3.0936 
vt 56.1315 -3.09404 
vt 56.1744 -3.08135 
vt 56.1406 -3.06785 
vt 56.1531 -3.08657 
vt 56.1315 -3.09404 
vt 56.1531 -3.08657 
vt 56.1308 -3.08381 
vt 56.1619 -3.07887 
vt 56.1565 -3.07304 
vt 56.1619 -3.07887 
vt 56.1675 -3.08178 
vt 56.1874 -3.07322 
vt 56.1903 -3.07626 
vt 56.2328 -3.07044 
vt 56.1903 -3.07626 
vt 56.2374 -3.07342 
vt 56.2317 -3.06166 
vt 56.1792 -3.06616 
vt 56.1874 -3.07322 
vt 56.1874 -3.07322 
vt 56.189 -3.07794 
vt 56.2429 -3.07491 
vt 56.2328 -3.07044 
vt 56.1398 -3.08613 
vt 56.3936 -3.0693 
vt 56.3518 -3.07782 
vt 56.3972 -3.08069 
vt 56.424 -3.06821 
vt 56.4283 -3.07942 
vt 56.4647 -3.06626 
vt 56.4711 -3.07614 
vt 56.3473 -3.06597 
vt 56.3009 -3.0723 
vt 56.2374 -3.07342 
vt 56.2997 -3.06257 
vt 56.2328 -3.07044 
vt 56.5399 -3.06287 
vt 56.1619 -3.06555 
vt 56.246 -3.05314 
vt 56.2716 -3.05221 
vt 56.2328 -3.07044 
vt 56.308 -3.04721 
vt 56.2317 -3.06166 
vt 56.3106 -3.07265 
vt 56.3301 -3.05256 
vt 56.3021 -3.05046 
vt 56.356 -3.05376 
vt 56.3557 -3.05317 
vt 56.3869 -3.05557 
vt 56.356 -3.05376 
vt 56.3871 -3.05615 
vt 56.3869 -3.05557 
vt 56.4223 -3.05439 
vt 56.4223 -3.05439 
vt 56.3871 -3.05615 
vt 56.4226 -3.05498 
vt 56.4672 -3.05361 
vt 56.5205 -3.04649 
vt 56.5202 -3.04588 
vt 56.5205 -3.04649 
vt 56.4672 -3.05361 
vt 56.4674 -3.05422 
vt 56.3623 -3.05582 
vt 56.4315 -3.05383 
vt 56.4719 -3.07671 
vt 56.4616 -3.04928 
vt 56.4876 -3.04854 
vt 56.5142 -3.05122 
vt 56.5392 -3.0626 
vt 56.5313 -3.05602 
vt 56.5365 -3.05181 
vt 56.4613 -3.04882 
vt 56.4312 -3.05335 
vt 56.4226 -3.05498 
vt 56.4674 -3.05422 
vt 56.5176 -3.00228 
vt 56.504 -3.04534 
vt 56.568 -3.00619 
vt 56.4712 -3.04464 
vt 56.6319 -2.99245 
vt 56.484 -3.04559 
vt 56.4844 -3.0462 
vt 56.5101 -3.05307 
vt 56.5106 -3.05367 
vt 56.6118 -3.03755 
vt 56.5202 -3.04588 
vt 56.6491 -2.99497 
vt 56.4901 -3.0437 
vt 56.4904 -3.04428 
vt 56.612 -3.03815 
vt 56.5261 -3.05288 
vt 56.7483 -2.99652 
vt 56.748 -2.99594 
vt 56.6488 -2.99438 
vt 56.6315 -2.99185 
vt 56.7359 -2.99416 
vt 56.6169 -3.01765 
vt 56.8066 -2.95246 
vt 56.8063 -2.95196 
vt 56.71 -3.00587 
vt 57.1146 -2.92398 
vt 57.1143 -2.92348 
vt 57.1146 -2.92398 
vt 56.71 -3.00587 
vt 56.7102 -3.00641 
vt 56.5258 -3.04122 
vt 56.7102 -3.00641 
vt 56.5434 -3.04901 
vt 56.526 -3.04177 
vt 56.5365 -3.05181 
vt 56.6339 -3.0429 
vt 56.6258 -3.02958 
vt 56.5399 -3.06287 
vt 56.5264 -3.05346 
vt 56.7312 -3.04693 
vt 56.7314 -3.04754 
vt 56.8066 -2.95246 
vt 56.6169 -3.01765 
vt 56.6172 -3.01814 
vt 56.598 -3.00993 
vt 56.6258 -3.02958 
vt 56.6172 -3.01814 
vt 56.6258 -3.02958 
vt 56.8444 -2.969 
vt 56.6339 -3.0429 
vt 56.8924 -2.99261 
vt 56.6258 -3.02958 
vt 56.189 -2.86836 
vt 56.1927 -2.98284 
vt 56.2264 -2.98557 
vt 56.2033 -3.09921 
vt 56.244 -2.94425 
vt 56.1951 -2.94657 
vt 56.1951 -2.94657 
vt 56.244 -2.94425 
vt 56.2107 -2.91833 
vt 56.2429 -2.85708 
vt 56.2715 -2.95446 
vt 56.1845 -2.9212 
vt 56.1621 -2.94666 
vt 56.2109 -2.94512 
vt 56.1521 -3.07492 
vt 56.1758 -2.96161 
vt 56.1308 -3.0484 
vt 56.1691 -3.09933 
vt 56.2109 -2.94512 
vt 56.1621 -2.94666 
vt 56.149 -2.93896 
vt 56.1758 -2.96161 
vt 56.1642 -2.91084 
vt 56.149 -2.93896 
vt 56.1634 -2.90994 
vt 56.1155 -2.94823 
vt 56.1382 -2.97 
vt 56.2024 -3.1071 
vt 56.2364 -3.1065 
vt 56.2784 -3.09519 
vt 56.2319 -2.94461 
vt 56.2522 -3.10873 
vt 56.2729 -2.92663 
vt 56.183 -2.92025 
vt 56.148 -3.03592 
vt 56.2084 -2.92499 
vt 56.1738 -3.04712 
vt 56.1548 -2.91452 
vt 56.1138 -3.01932 
vt 56.1832 -2.92054 
vt 56.1664 -2.98298 
vt 56.1845 -2.9212 
vt 56.1744 -2.86019 
vt 56.1453 -2.94834 
vt 56.1744 -2.86019 
vt 56.1406 -2.89455 
vt 56.1619 -2.90853 
vt 56.1531 -2.84852 
vt 56.1533 -2.94226 
vt 56.1433 -2.89736 
vt 56.1259 -2.9223 
vt 56.1642 -2.91084 
vt 56.1187 -2.90586 
vt 56.189 -2.86836 
vt 56.1827 -2.91925 
vt 56.2459 -2.90228 
vt 56.2319 -2.94461 
vt 56.2729 -2.92663 
vt 56.2715 -2.88485 
vt 56.2582 -2.92684 
vt 56.3053 -2.89054 
vt 56.2717 -2.88372 
vt 56.356 -2.85823 
vt 56.2459 -2.90228 
vt 56.2107 -2.91833 
vt 56.2102 -2.91695 
vt 56.1792 -2.84244 
vt 56.2294 -2.90967 
vt 56.1351 -2.88992 
vt 56.1065 -3.01793 
vt 56.1358 -2.91808 
vt 56.0934 -2.99325 
vt 56.1242 -3.04224 
vt 56.1533 -2.94226 
vt 56.1111 -3.01764 
vt 56.1259 -2.9223 
vt 56.1101 -2.89947 
vt 56.1092 -3.01838 
vt 56.1394 -2.89901 
vt 56.0738 -2.96333 
vt 56.057 -2.91638 
vt 56.0391 -3.0437 
vt 56.0924 -2.97127 
vt 56.0919 -2.99524 
vt 56.1212 -2.89527 
vt 56.0788 -2.97056 
vt 56.1002 -2.88063 
vt 56.0778 -2.96983 
vt 56.0619 -3.06023 
vt 56.0917 -2.99232 
vt 56.0709 -3.16989 
vt 56.1376 -3.0259 
vt 56.1156 -3.03219 
vt 56.1382 -2.97 
vt 56.0928 -3.01771 
vt 56.1155 -2.94823 
vt 56.1548 -2.91444 
vt 56.0636 -2.98161 
vt 56.1155 -2.94823 
vt 56.0967 -2.91578 
vt 56.0788 -3.10753 
vt 56.056 -3.09099 
vt 56.0926 -3.00211 
vt 56.1404 -2.898 
vt 56.0778 -2.96983 
vt 56.1002 -2.88063 
vt 56.0992 -2.87988 
vt 56.057 -2.91638 
vt 56.1306 -2.84818 
vt 56.0563 -2.9154 
vt 56.1478 -2.85118 
vt 56.1101 -2.89947 
vt 56.1358 -2.91808 
vt 56.1187 -2.84646 
vt 56.1116 -2.90279 
vt 56.1128 -2.90308 
vt 56.0686 -2.93345 
vt 56.0776 -2.88424 
vt 56.0763 -2.88389 
vt 56.0763 -2.88389 
vt 56.0674 -2.93304 
vt 56.0686 -2.93345 
vt 56.0878 -2.86286 
vt 56.0598 -2.921 
vt 56.0608 -2.92178 
vt 56.0878 -2.86286 
vt 56.0462 -2.90549 
vt 56.0466 -2.90693 
vt 56.1306 -2.84818 
vt 56.1261 -2.88401 
vt 56.0967 -2.91578 
vt 56.1168 -2.86983 
vt 56.0936 -2.87878 
vt 56.0481 -2.92371 
vt 56.0668 -2.95608 
vt 56.0936 -2.87878 
vt 56.0477 -2.92261 
vt 56.0481 -2.92371 
vt 56.0929 -2.87767 
vt 56.2013 -2.98814 
vt 56.3386 -2.96426 
vt 56.4143 -3.11003 
vt 56.4452 -3.08812 
vt 56.4626 -2.91921 
vt 56.4656 -3.14561 
vt 56.5123 -3.12497 
vt 56.5335 -3.21826 
vt 56.5132 -2.91511 
vt 56.419 -2.93142 
vt 56.3872 -2.92574 
vt 56.4135 -2.91577 
vt 56.2982 -3.00829 
vt 56.3501 -3.13339 
vt 56.3934 -3.1029 
vt 56.3704 -2.94774 
vt 56.3352 -2.90998 
vt 56.3498 -3.00863 
vt 56.3924 -2.97781 
vt 56.6413 -3.3502 
vt 56.5703 -2.88449 
vt 56.4675 -2.94154 
vt 56.6452 -2.88963 
vt 56.7719 -3.34219 
vt 56.8995 -3.23642 
vt 56.7108 -2.85532 
vt 56.9396 -3.27643 
vt 57.0455 -3.13062 
vt 56.5811 -2.93325 
vt 57.1872 -2.94956 
vt 56.7579 -2.78339 
vt 57.0778 -3.12453 
vt 56.7507 -3.26558 
vt 56.5839 -3.18706 
vt 56.5229 -2.9426 
vt 56.5176 -2.82911 
vt 56.4817 -3.01611 
vt 56.5585 -2.99269 
vt 56.3959 -2.96978 
vt 56.3179 -2.86821 
vt 56.3615 -2.99925 
vt 56.4758 -2.77917 
vt 56.5011 -2.96104 
vt 56.5549 -2.96805 
vt 56.6235 -2.95795 
vt 56.5119 -2.77889 
vt 56.5693 -2.97341 
vt 56.4431 -2.78058 
vt 56.4486 -2.95469 
vt 56.4951 -2.93552 
vt 56.3828 -2.86319 
vt 56.4402 -2.96507 
vt 56.4218 -2.84018 
vt 56.4426 -2.95077 
vt 56.359 -2.83244 
vt 56.4039 -2.96712 
vt 56.3828 -2.86319 
vt 56.3093 -2.84369 
vt 56.3687 -2.82576 
vt 56.4367 -2.98982 
vt 56.4651 -2.83331 
vt 56.4218 -2.84018 
vt 56.568 -2.81075 
vt 56.5571 -3.02346 
vt 56.6399 -2.99744 
vt 56.6491 -2.89088 
vt 56.598 -2.77522 
vt 56.6357 -2.99969 
vt 56.7279 -2.94224 
vt 56.6807 -2.92897 
vt 56.5383 -2.76031 
vt 56.6319 -2.9614 
vt 56.5176 -2.82911 
vt 56.3915 -2.97922 
vt 56.4906 -2.9802 
vt 56.4651 -2.83331 
vt 56.2928 -2.90201 
vt 56.3623 -3.02497 
vt 56.334 -2.85524 
vt 56.1567 -3.22985 
vt 56.2167 -3.05247 
vt 56.2354 -3.21755 
vt 56.2727 -3.02933 
vt 56.1939 -3.04678 
vt 56.323 -3.07596 
vt 56.2582 -2.92684 
vt 56.2894 -3.08997 
vt 56.1921 -3.07751 
vt 56.135 -3.20809 
vt 56.0995 -3.20878 
vt 56.0989 -3.18229 
vt 56.1499 -3.05708 
vt 56.1382 -2.97 
vt 56.1166 -3.04952 
vt 56.1461 -3.07585 
vt 56.2854 -3.20701 
vt 56.3224 -3.00547 
vt 56.2887 -3.18784 
vt 56.3419 -3.17088 
vt 56.2488 -3.03182 
vt 56.2916 -2.94913 
vt 56.2977 -3.06427 
vt 56.3433 -3.03368 
vt 56.2455 -2.98151 
vt 56.2454 -3.10257 
vt 56.2943 -3.07372 
vt 56.2011 -3.23264 
vt 56.1917 -3.09947 
vt 56.2434 -3.0905 
vt 56.3053 -2.89054 
vt 56.3281 -3.05049 
vt 56.2588 -2.88701 
vt 56.308 -2.84856 
vt 56.2098 -2.92635 
vt 56.2425 -2.90879 
vt 56.1664 -2.98298 
vt 56.2767 -2.87867 
vt 56.3094 -2.8436 
vt 56.243 -2.90844 
vt 56.2764 -2.8802 
vt 56.1101 -2.89947 
vt 56.1377 -2.85168 
vt 56.1093 -2.89887 
vt 56.3569 -2.72691 
vt 56.4226 -2.80853 
vt 56.3999 -2.68647 
vt 56.3106 -2.79194 
vt 56.3871 -2.82358 
vt 56.4007 -2.76384 
vt 56.3999 -2.68647 
vt 56.3569 -2.72691 
vt 56.4293 -2.67456 
vt 56.3623 -2.79184 
vt 56.3106 -2.79194 
vt 56.2371 -2.82567 
vt 56.3106 -2.79194 
vt 56.3002 -2.76776 
vt 56.3569 -2.72691 
vt 56.351 -2.70367 
vt 56.4674 -2.81197 
vt 56.5205 -2.81401 
vt 56.4719 -2.67318 
vt 56.4315 -2.75106 
vt 56.4293 -2.67456 
vt 56.5392 -2.69376 
vt 56.2928 -2.90201 
vt 56.334 -2.85524 
vt 56.3018 -2.85137 
vt 56.3473 -2.72056 
vt 56.2997 -2.77478 
vt 56.3486 -2.7898 
vt 56.4274 -2.74056 
vt 56.3936 -2.67245 
vt 56.3946 -2.75426 
vt 56.4714 -2.6498 
vt 56.4293 -2.67456 
vt 56.4719 -2.67318 
vt 56.5403 -2.67102 
vt 56.3968 -2.66004 
vt 56.4283 -2.65013 
vt 56.3999 -2.68647 
vt 56.3968 -2.66004 
vt 56.3999 -2.68647 
vt 56.5313 -2.70945 
vt 56.4719 -2.67318 
vt 56.5142 -2.73156 
vt 56.5392 -2.69376 
vt 56.7314 -2.70832 
vt 56.634 -2.70506 
vt 56.5403 -2.67102 
vt 56.5399 -2.67273 
vt 56.424 -2.66014 
vt 56.4712 -2.73068 
vt 56.4647 -2.65556 
vt 56.2328 -2.82648 
vt 56.1315 -2.84755 
vt 56.1386 -2.85242 
vt 56.1116 -2.90279 
vt 56.1187 -2.84646 
vt 56.1175 -2.84617 
vt 56.1143 -2.82757 
vt 56.0992 -2.87988 
vt 56.1002 -2.88063 
vt 56.0706 -2.8482 
vt 56.1077 -2.86869 
vt 56.0714 -2.84788 
vt 56.0869 -2.86173 
vt 56.0714 -2.84788 
vt 56.0763 -2.88389 
vt 56.0776 -2.88424 
vt 56.0787 -2.87651 
vt 56.0826 -2.83938 
vt 56.0462 -2.90549 
vt 56.0878 -2.86286 
vt 56.0869 -2.86173 
vt 56.2317 -2.83946 
vt 56.1565 -2.8324 
vt 56.1907 -2.83229 
vt 56.1744 -2.86019 
vt 56.189 -2.86836 
vt 56.1028 -2.84388 
vt 56.1531 -2.84852 
vt 56.1308 -2.83824 
vt 56.1406 -2.89455 
vt 56.189 -2.86836 
vt 56.2429 -2.85708 
vt 56.1907 -2.83229 
vt 56.1044 -2.80458 
vt 56.1068 -2.86738 
vt 56.1077 -2.86869 
vt 56.0878 -2.86286 
vt 56.1306 -2.84818 
vt 56.0954 -2.83205 
vt 56.1133 -2.8268 
vt 56.1068 -2.86738 
vt 56.1044 -2.80458 
vt 56.1034 -2.8056 
vt 56.0944 -2.79727 
vt 56.1034 -2.8056 
vt 56.1044 -2.80458 
vt 56.0758 -2.81519 
vt 56.0714 -2.84788 
vt 56.0826 -2.83938 
vt 56.088 -2.81602 
vt 56.0945 -2.79544 
vt 56.1455 -2.81067 
vt 56.1315 -2.84755 
vt 56.1531 -2.84852 
vt 56.1681 -2.82117 
vt 56.1323 -2.82176 
vt 56.1145 -2.81256 
vt 56.3623 -2.79203 
vt 56.4074 -2.79462 
vt 56.4007 -2.76532 
vt 56.6918 -2.9285 
vt 56.5485 -2.72295 
vt 56.5106 -2.7726 
vt 56.7359 -2.87224 
vt 56.7873 -2.75233 
vt 56.5319 -2.70845 
vt 56.7483 -2.85834 
vt 56.5264 -2.74843 
vt 56.4904 -2.74247 
vt 56.5261 -2.73289 
vt 56.4586 -2.78747 
vt 56.4844 -2.78056 
vt 56.4905 -2.74243 
vt 56.465 -2.75121 
vt 57.1146 -2.88808 
vt 56.7607 -2.73397 
vt 56.7102 -2.8206 
vt 56.6172 -2.7428 
vt 56.7121 -2.96193 
vt 56.821 -2.8561 
vt 57.1845 -2.75532 
vt 56.6258 -2.71343 
vt 56.8066 -2.87162 
vt 56.8662 -2.78032 
vt 56.598 -2.77522 
vt 56.568 -2.81075 
vt 56.4651 -2.75115 
vt 56.612 -2.79786 
vt 56.7314 -2.70832 
vt 56.7873 -2.75233 
vt 56.5399 -2.67273 
vt 56.5319 -2.70845 
vt 56.6339 -2.70678 
vt 56.7976 -2.72243 
vt 56.5403 -2.67102 
vt 56.5399 -2.67273 
vt 56.5147 -2.73278 
vt 56.5485 -2.72295 
vt 56.5318 -2.70997 
vt 56.5146 -2.73581 
vt 56.4883 -2.7412 
vt 56.4844 -2.78056 
vt 56.5106 -2.7726 
vt 56.5365 -2.67943 
vt 56.504 -2.71711 
vt 56.5383 -2.76031 
vt 56.6339 -2.70678 
vt 56.8924 -2.74157 
vt 56.8923 -2.73997 
vt 56.8662 -2.78032 
vt 56.6257 -2.71192 
vt 56.6258 -2.71343 
vt 56.634 -2.70506 
vt 56.7979 -2.72335 
vt 56.5434 -2.71378 
vt 56.5365 -2.67943 
vt 56.568 -2.81075 
vt 56.598 -2.77522 
vt 56.504 -2.71711 
vt 56.598 -2.77522 
vt 56.6258 -2.71343 
vt 56.5365 -2.67943 
vt 56.4294 -2.75502 
vt 56.4074 -2.79462 
vt 56.3965 -2.80155 
vt 56.3647 -2.79336 
vt 56.3352 -2.80393 
vt 56.3179 -2.86821 
vt 56.3687 -2.82576 
vt 56.33 -2.82467 
vt 56.3297 -2.8247 
vt 56.3024 -2.86148 
vt 56.3928 -2.77695 
vt 56.3659 -2.7927 
vt 56.4286 -2.7904 
vt 56.392 -2.77381 
vt 56.4218 -2.84018 
vt 56.3345 -2.80436 
vt 56.4293 -2.75523 
vt 56.3965 -2.80155 
vt 56.4431 -2.78058 
vt 56.401 -2.76464 
vt 56.4315 -2.75185 
vt 56.4286 -2.7904 
vt 56.4626 -2.74798 
vt 56.4325 -2.75106 
vt 56.359 -2.83244 
vt 56.3622 -2.79167 
vt 56.4758 -2.77917 
vt 56.4651 -2.83331 
vt 56.5176 -2.82911 
vt 56.4586 -2.78747 
vt 56.5119 -2.77889 
vt 56.4883 -2.74114 
vt 56.4625 -2.7481 
vt 55.9122 -2.86286 
vt 55.9534 -2.90692 
vt 55.9538 -2.90549 
vt 55.9076 -2.97127 
vt 55.9609 -3.0437 
vt 55.943 -2.91638 
vt 55.8606 -2.89901 
vt 55.8908 -3.01838 
vt 55.9262 -2.96333 
vt 55.8788 -2.89527 
vt 55.9081 -2.99524 
vt 55.9212 -2.97056 
vt 55.8998 -2.88063 
vt 55.9222 -2.96983 
vt 55.8642 -2.91808 
vt 55.8935 -3.01793 
vt 55.9066 -2.99325 
vt 55.8467 -2.94226 
vt 55.8889 -3.01764 
vt 55.8741 -2.9223 
vt 55.8758 -3.04224 
vt 55.8899 -2.89947 
vt 55.8452 -2.91444 
vt 55.9083 -2.99232 
vt 55.8596 -2.898 
vt 55.9381 -3.06023 
vt 55.944 -3.09099 
vt 55.9212 -3.10753 
vt 55.9364 -2.98161 
vt 55.8845 -2.94823 
vt 55.9074 -3.00211 
vt 55.9033 -2.91578 
vt 55.8624 -3.0259 
vt 55.9291 -3.16989 
vt 55.8618 -2.97 
vt 55.8844 -3.03219 
vt 55.9072 -3.01771 
vt 55.8845 -2.94823 
vt 55.9519 -2.92371 
vt 55.9033 -2.91578 
vt 55.9332 -2.95608 
vt 55.9237 -2.88389 
vt 55.9314 -2.93345 
vt 55.9326 -2.93304 
vt 55.9122 -2.86286 
vt 55.9392 -2.92178 
vt 55.9402 -2.921 
vt 55.9314 -2.93345 
vt 55.9237 -2.88389 
vt 55.9224 -2.88424 
vt 55.8694 -2.84818 
vt 55.943 -2.91638 
vt 55.9437 -2.9154 
vt 55.9008 -2.87988 
vt 55.8899 -2.89947 
vt 55.8522 -2.85118 
vt 55.8642 -2.91808 
vt 55.8813 -2.84646 
vt 55.8872 -2.90308 
vt 55.8884 -2.90279 
vt 55.8623 -2.85168 
vt 55.8907 -2.89887 
vt 55.8694 -2.84818 
vt 55.9064 -2.87878 
vt 55.9519 -2.92371 
vt 55.9523 -2.92261 
vt 55.9064 -2.87878 
vt 55.9523 -2.92261 
vt 55.9071 -2.87767 
vt 55.8832 -2.86983 
vt 55.8739 -2.88401 
vt 55.8845 -2.94823 
vt 55.8649 -2.88992 
vt 55.8366 -2.90993 
vt 55.8618 -2.97 
vt 55.8242 -2.96161 
vt 55.8479 -3.07492 
vt 55.8692 -3.0484 
vt 55.8309 -3.09933 
vt 55.8379 -2.94665 
vt 55.7891 -2.94512 
vt 55.851 -2.93896 
vt 55.8358 -2.91084 
vt 55.8242 -2.96161 
vt 55.851 -2.93896 
vt 55.8155 -2.9212 
vt 55.7891 -2.94512 
vt 55.8379 -2.94665 
vt 55.811 -2.86836 
vt 55.7736 -2.98557 
vt 55.8073 -2.98284 
vt 55.7893 -2.91833 
vt 55.756 -2.94425 
vt 55.8049 -2.94657 
vt 55.7571 -2.85708 
vt 55.7285 -2.95446 
vt 55.7967 -3.09921 
vt 55.8049 -2.94657 
vt 55.756 -2.94425 
vt 55.8262 -3.04712 
vt 55.8862 -3.01932 
vt 55.8452 -2.91452 
vt 55.8168 -2.92054 
vt 55.7916 -2.92499 
vt 55.852 -3.03592 
vt 55.817 -2.92025 
vt 55.8336 -2.98298 
vt 55.7976 -3.1071 
vt 55.7636 -3.1065 
vt 55.7681 -2.94461 
vt 55.7216 -3.09519 
vt 55.7478 -3.10873 
vt 55.7271 -2.92663 
vt 55.8155 -2.9212 
vt 55.8567 -2.89736 
vt 55.8467 -2.94226 
vt 55.8741 -2.9223 
vt 55.8358 -2.91084 
vt 55.8813 -2.90586 
vt 55.8469 -2.84852 
vt 55.8547 -2.94834 
vt 55.8256 -2.86019 
vt 55.8256 -2.86019 
vt 55.8381 -2.90853 
vt 55.8594 -2.89455 
vt 55.811 -2.86836 
vt 55.8173 -2.91925 
vt 55.7893 -2.91833 
vt 55.7541 -2.90228 
vt 55.7898 -2.91695 
vt 55.8208 -2.84244 
vt 55.7706 -2.90967 
vt 55.7541 -2.90228 
vt 55.7271 -2.92663 
vt 55.7681 -2.94461 
vt 55.7285 -2.88485 
vt 55.7418 -2.92684 
vt 55.7283 -2.88372 
vt 55.6947 -2.89054 
vt 55.644 -2.85823 
vt 55.7987 -2.98814 
vt 55.9011 -3.18229 
vt 55.865 -3.20809 
vt 55.9005 -3.20878 
vt 55.8501 -3.05708 
vt 55.8834 -3.04952 
vt 55.8618 -2.97 
vt 55.8433 -3.22985 
vt 55.7833 -3.05247 
vt 55.7273 -3.02933 
vt 55.7646 -3.21755 
vt 55.8061 -3.04678 
vt 55.7418 -2.92684 
vt 55.677 -3.07596 
vt 55.7106 -3.08997 
vt 55.8079 -3.07751 
vt 55.8539 -3.07585 
vt 55.7566 -3.0905 
vt 55.8083 -3.09947 
vt 55.7989 -3.23264 
vt 55.7545 -2.98151 
vt 55.7057 -3.07372 
vt 55.7546 -3.10257 
vt 55.7146 -3.20701 
vt 55.7113 -3.18784 
vt 55.6776 -3.00547 
vt 55.6581 -3.17088 
vt 55.7512 -3.03182 
vt 55.7023 -3.06427 
vt 55.7084 -2.94913 
vt 55.6567 -3.03368 
vt 55.7902 -2.92635 
vt 55.8336 -2.98298 
vt 55.7575 -2.90879 
vt 55.7412 -2.88701 
vt 55.7072 -2.90201 
vt 55.6377 -3.02497 
vt 55.6719 -3.05049 
vt 55.6947 -2.89054 
vt 55.692 -2.84856 
vt 55.6296 -2.94773 
vt 55.7233 -2.87867 
vt 55.6906 -2.8436 
vt 55.757 -2.90844 
vt 55.7236 -2.8802 
vt 55.6648 -2.90998 
vt 55.7018 -3.00829 
vt 55.666 -2.85524 
vt 55.6066 -3.1029 
vt 55.6499 -3.13339 
vt 55.5548 -3.08812 
vt 55.6614 -2.96426 
vt 55.5865 -2.91577 
vt 55.6502 -3.00863 
vt 55.6076 -2.97781 
vt 55.5857 -3.11003 
vt 55.5374 -2.91921 
vt 55.4877 -3.12497 
vt 55.5344 -3.14561 
vt 55.491 -2.9135 
vt 55.4666 -3.21834 
vt 55.5811 -2.93146 
vt 55.6128 -2.92574 
vt 55.4297 -2.88449 
vt 55.3587 -3.3502 
vt 55.5325 -2.94154 
vt 55.4162 -3.18713 
vt 55.2493 -3.26558 
vt 55.3548 -2.88963 
vt 55.2281 -3.34219 
vt 55.4771 -2.9426 
vt 55.5183 -3.01611 
vt 55.4824 -2.82911 
vt 55.4415 -2.99269 
vt 55.2892 -2.85532 
vt 55.0604 -3.27643 
vt 55.4189 -2.93325 
vt 55.1005 -3.23642 
vt 54.9545 -3.13062 
vt 54.9222 -3.12453 
vt 55.2421 -2.78339 
vt 54.8128 -2.94956 
vt 55.6821 -2.86821 
vt 55.6041 -2.96978 
vt 55.6385 -2.99925 
vt 55.641 -2.83244 
vt 55.5574 -2.95077 
vt 55.5961 -2.96712 
vt 55.6172 -2.86319 
vt 55.6907 -2.84369 
vt 55.6313 -2.82576 
vt 55.5782 -2.84018 
vt 55.5598 -2.96507 
vt 55.6172 -2.86319 
vt 55.4307 -2.97341 
vt 55.4881 -2.77889 
vt 55.3765 -2.95795 
vt 55.5242 -2.77917 
vt 55.4451 -2.96805 
vt 55.4989 -2.96104 
vt 55.5569 -2.78058 
vt 55.5049 -2.93552 
vt 55.5514 -2.95469 
vt 55.5349 -2.83331 
vt 55.5633 -2.98982 
vt 55.5782 -2.84018 
vt 55.6085 -2.97922 
vt 55.5094 -2.9802 
vt 55.5349 -2.83331 
vt 55.432 -2.81075 
vt 55.4429 -3.02346 
vt 55.4824 -2.82911 
vt 55.3601 -2.99744 
vt 55.3509 -2.89088 
vt 55.3643 -2.99969 
vt 55.402 -2.77522 
vt 55.2721 -2.94224 
vt 55.4617 -2.76031 
vt 55.3193 -2.92897 
vt 55.3681 -2.9614 
vt 55.9131 -2.86173 
vt 55.9237 -2.88389 
vt 55.9286 -2.84788 
vt 55.9224 -2.88424 
vt 55.9122 -2.86286 
vt 55.9538 -2.90549 
vt 55.9131 -2.86173 
vt 55.8923 -2.86869 
vt 55.9294 -2.8482 
vt 55.9286 -2.84788 
vt 55.9213 -2.87651 
vt 55.9174 -2.83938 
vt 55.8857 -2.82757 
vt 55.8998 -2.88063 
vt 55.9008 -2.87988 
vt 55.8614 -2.85242 
vt 55.8685 -2.84755 
vt 55.8825 -2.84617 
vt 55.8594 -2.89455 
vt 55.8692 -2.83824 
vt 55.8469 -2.84852 
vt 55.8972 -2.84388 
vt 55.8435 -2.8324 
vt 55.7683 -2.83946 
vt 55.8256 -2.86019 
vt 55.8093 -2.83229 
vt 55.811 -2.86836 
vt 55.8093 -2.83229 
vt 55.7571 -2.85708 
vt 55.811 -2.86836 
vt 55.8694 -2.84818 
vt 55.9122 -2.86286 
vt 55.9046 -2.83205 
vt 55.9286 -2.84788 
vt 55.9242 -2.81519 
vt 55.9174 -2.83938 
vt 55.912 -2.81602 
vt 55.9056 -2.79727 
vt 55.8956 -2.80458 
vt 55.8966 -2.8056 
vt 55.8956 -2.80458 
vt 55.9056 -2.79727 
vt 55.9055 -2.79544 
vt 55.8932 -2.86738 
vt 55.8966 -2.8056 
vt 55.8956 -2.80458 
vt 55.8956 -2.80458 
vt 55.8923 -2.86869 
vt 55.8932 -2.86738 
vt 55.8867 -2.8268 
vt 55.8685 -2.84755 
vt 55.8545 -2.81067 
vt 55.8469 -2.84852 
vt 55.8319 -2.82117 
vt 55.8677 -2.82176 
vt 55.8855 -2.81256 
vt 55.7629 -2.82567 
vt 55.6894 -2.79194 
vt 55.7672 -2.82648 
vt 55.7003 -2.77478 
vt 55.6998 -2.76776 
vt 55.6377 -2.79184 
vt 55.6894 -2.79194 
vt 55.6431 -2.72691 
vt 55.6894 -2.79194 
vt 55.6431 -2.72691 
vt 55.649 -2.70367 
vt 55.6129 -2.82358 
vt 55.6431 -2.72691 
vt 55.5774 -2.80853 
vt 55.6001 -2.68647 
vt 55.6001 -2.68647 
vt 55.5993 -2.76384 
vt 55.5707 -2.67456 
vt 55.7072 -2.90201 
vt 55.6982 -2.85137 
vt 55.666 -2.85524 
vt 55.6527 -2.72056 
vt 55.6514 -2.7898 
vt 55.5707 -2.67456 
vt 55.5685 -2.75106 
vt 55.5326 -2.81197 
vt 55.5281 -2.67318 
vt 55.4795 -2.81401 
vt 55.4608 -2.69376 
vt 55.6064 -2.67245 
vt 55.5726 -2.74056 
vt 55.6054 -2.75426 
vt 55.6001 -2.68647 
vt 55.6032 -2.66004 
vt 55.6032 -2.66004 
vt 55.5707 -2.67456 
vt 55.6001 -2.68647 
vt 55.5717 -2.65013 
vt 55.5286 -2.6498 
vt 55.5281 -2.67318 
vt 55.4597 -2.67102 
vt 55.5281 -2.67318 
vt 55.576 -2.66014 
vt 55.5288 -2.73068 
vt 55.5353 -2.65556 
vt 55.4687 -2.70945 
vt 55.4858 -2.73156 
vt 55.2686 -2.70832 
vt 55.4608 -2.69376 
vt 55.366 -2.70506 
vt 55.4601 -2.67273 
vt 55.4597 -2.67102 
vt 55.6377 -2.79203 
vt 55.5993 -2.76532 
vt 55.5926 -2.79462 
vt 55.6976 -2.86148 
vt 55.6703 -2.8247 
vt 55.6313 -2.82576 
vt 55.6821 -2.86821 
vt 55.67 -2.82467 
vt 55.5926 -2.79462 
vt 55.6035 -2.80155 
vt 55.6648 -2.80393 
vt 55.6353 -2.79336 
vt 55.6073 -2.77698 
vt 55.6341 -2.79273 
vt 55.6655 -2.80436 
vt 55.5782 -2.84018 
vt 55.5714 -2.7904 
vt 55.5706 -2.75502 
vt 55.608 -2.77381 
vt 55.5349 -2.75115 
vt 55.5707 -2.75523 
vt 55.641 -2.83244 
vt 55.6378 -2.79167 
vt 55.599 -2.76464 
vt 55.5569 -2.78058 
vt 55.6035 -2.80155 
vt 55.5685 -2.75185 
vt 55.5374 -2.74798 
vt 55.5714 -2.7904 
vt 55.5675 -2.75106 
vt 55.496 -2.71711 
vt 55.5349 -2.83331 
vt 55.5242 -2.77917 
vt 55.4824 -2.82911 
vt 55.5414 -2.78747 
vt 55.5117 -2.74114 
vt 55.4881 -2.77889 
vt 55.5375 -2.7481 
vt 55.5414 -2.78747 
vt 55.5156 -2.78056 
vt 55.5095 -2.74243 
vt 55.535 -2.75121 
vt 55.5096 -2.74247 
vt 55.4739 -2.73289 
vt 55.3082 -2.9285 
vt 55.4894 -2.7726 
vt 55.4515 -2.72295 
vt 55.2641 -2.87224 
vt 55.4681 -2.70845 
vt 55.2127 -2.75233 
vt 55.2517 -2.85834 
vt 55.4736 -2.74843 
vt 55.432 -2.81075 
vt 55.3828 -2.7428 
vt 55.2879 -2.96193 
vt 55.402 -2.77522 
vt 55.179 -2.8561 
vt 55.2393 -2.73397 
vt 54.8854 -2.88808 
vt 55.2898 -2.8206 
vt 54.8155 -2.75532 
vt 55.1934 -2.87162 
vt 55.3742 -2.71343 
vt 55.1338 -2.78032 
vt 55.388 -2.79786 
vt 55.4852 -2.73278 
vt 55.4515 -2.72295 
vt 55.4894 -2.7726 
vt 55.4854 -2.73581 
vt 55.5156 -2.78056 
vt 55.5117 -2.7412 
vt 55.4682 -2.70997 
vt 55.4635 -2.67943 
vt 55.3661 -2.70678 
vt 55.2686 -2.70832 
vt 55.4601 -2.67273 
vt 55.2127 -2.75233 
vt 55.4681 -2.70845 
vt 55.2024 -2.72243 
vt 55.4597 -2.67102 
vt 55.4617 -2.76031 
vt 55.4566 -2.71378 
vt 55.432 -2.81075 
vt 55.4635 -2.67943 
vt 55.402 -2.77522 
vt 55.496 -2.71711 
vt 55.3742 -2.71343 
vt 55.402 -2.77522 
vt 55.4635 -2.67943 
vt 55.3743 -2.71192 
vt 55.3661 -2.70678 
vt 55.1077 -2.73997 
vt 55.1076 -2.74157 
vt 55.366 -2.70506 
vt 55.2021 -2.72335 

usemtl Alas1Mtl

f 714/714/714 715/715/715 716/716/716 
f 715/715/715 714/714/714 738/738/738 
f 540/540/540 541/541/541 542/542/542 
f 541/541/541 540/540/540 543/543/543 
f 732/732/732 733/733/733 734/734/734 
f 735/735/735 736/736/736 737/737/737 
f 726/726/726 727/727/727 728/728/728 
f 727/727/727 726/726/726 729/729/729 
f 717/717/717 718/718/718 719/719/719 
f 718/718/718 717/717/717 730/730/730 
f 711/711/711 712/712/712 713/713/713 
f 712/712/712 711/711/711 731/731/731 
f 567/567/567 568/568/568 569/569/569 
f 567/567/567 710/710/710 568/568/568 
f 706/706/706 707/707/707 708/708/708 
f 706/706/706 708/708/708 709/709/709 
f 564/564/564 565/565/565 566/566/566 
f 564/564/564 701/701/701 565/565/565 
f 536/536/536 537/537/537 538/538/538 
f 538/538/538 539/539/539 536/536/536 
f 558/558/558 559/559/559 560/560/560 
f 558/558/558 675/675/675 559/559/559 
f 723/723/723 724/724/724 725/725/725 
f 532/532/532 533/533/533 534/534/534 
f 534/534/534 535/535/535 532/532/532 
f 702/702/702 703/703/703 704/704/704 
f 702/702/702 705/705/705 703/703/703 
f 720/720/720 721/721/721 722/722/722 
f 638/638/638 639/639/639 640/640/640 
f 692/692/692 693/693/693 694/694/694 
f 694/694/694 695/695/695 692/692/692 
f 697/697/697 698/698/698 699/699/699 
f 699/699/699 700/700/700 697/697/697 
f 689/689/689 690/690/690 691/691/691 
f 689/689/689 691/691/691 696/696/696 
f 684/684/684 685/685/685 686/686/686 
f 686/686/686 687/687/687 684/684/684 
f 561/561/561 562/562/562 563/563/563 
f 561/561/561 671/671/671 562/562/562 
f 529/529/529 530/530/530 531/531/531 
f 531/531/531 557/557/557 529/529/529 
f 644/644/644 645/645/645 646/646/646 
f 644/644/644 646/646/646 647/647/647 
f 672/672/672 673/673/673 674/674/674 
f 672/672/672 688/688/688 673/673/673 
f 554/554/554 555/555/555 556/556/556 
f 526/526/526 527/527/527 528/528/528 
f 668/668/668 669/669/669 670/670/670 
f 641/641/641 642/642/642 643/643/643 
f 651/651/651 652/652/652 653/653/653 
f 665/665/665 666/666/666 667/667/667 
f 667/667/667 676/676/676 665/665/665 
f 551/551/551 552/552/552 553/553/553 
f 523/523/523 524/524/524 525/525/525 
f 520/520/520 521/521/521 522/522/522 
f 544/544/544 545/545/545 546/546/546 
f 544/544/544 550/550/550 545/545/545 
f 648/648/648 649/649/649 650/650/650 
f 680/680/680 681/681/681 682/682/682 
f 682/682/682 683/683/683 680/680/680 
f 547/547/547 548/548/548 549/549/549 
f 549/549/549 661/661/661 547/547/547 
f 677/677/677 678/678/678 679/679/679 
f 474/474/474 475/475/475 476/476/476 
f 658/658/658 659/659/659 660/660/660 
f 510/510/510 511/511/511 512/512/512 
f 515/515/515 516/516/516 517/517/517 
f 501/501/501 502/502/502 503/503/503 
f 662/662/662 663/663/663 664/664/664 
f 630/630/630 631/631/631 632/632/632 
f 498/498/498 499/499/499 500/500/500 
f 500/500/500 519/519/519 498/498/498 
f 518/518/518 500/500/500 499/499/499 
f 499/499/499 654/654/654 518/518/518 
f 655/655/655 656/656/656 657/657/657 
f 447/447/447 448/448/448 449/449/449 
f 449/449/449 450/450/450 447/447/447 
f 494/494/494 495/495/495 496/496/496 
f 494/494/494 513/513/513 495/495/495 
f 471/471/471 472/472/472 473/473/473 
f 473/473/473 629/629/629 471/471/471 
f 490/490/490 491/491/491 492/492/492 
f 492/492/492 497/497/497 490/490/490 
f 509/509/509 492/492/492 491/491/491 
f 491/491/491 508/508/508 509/509/509 
f 440/440/440 441/441/441 442/442/442 
f 442/442/442 443/443/443 440/440/440 
f 484/484/484 485/485/485 486/486/486 
f 485/485/485 484/484/484 493/493/493 
f 487/487/487 488/488/488 489/489/489 
f 488/488/488 487/487/487 514/514/514 
f 451/451/451 452/452/452 453/453/453 
f 451/451/451 453/453/453 504/504/504 
f 461/461/461 462/462/462 463/463/463 
f 463/463/463 470/470/470 461/461/461 
f 436/436/436 437/437/437 438/438/438 
f 437/437/437 436/436/436 439/439/439 
f 467/467/467 468/468/468 469/469/469 
f 478/478/478 467/467/467 483/483/483 
f 467/467/467 478/478/478 479/479/479 
f 600/600/600 601/601/601 602/602/602 
f 603/603/603 602/602/602 601/601/601 
f 608/608/608 602/602/602 603/603/603 
f 602/602/602 608/608/608 634/634/634 
f 635/635/635 634/634/634 608/608/608 
f 634/634/634 635/635/635 636/636/636 
f 637/637/637 636/636/636 635/635/635 
f 444/444/444 445/445/445 446/446/446 
f 505/505/505 506/506/506 507/507/507 
f 480/480/480 481/481/481 482/482/482 
f 610/610/610 611/611/611 612/612/612 
f 619/619/619 611/611/611 610/610/610 
f 454/454/454 455/455/455 456/456/456 
f 455/455/455 454/454/454 460/460/460 
f 613/613/613 614/614/614 615/615/615 
f 614/614/614 613/613/613 633/633/633 
f 431/431/431 432/432/432 433/433/433 
f 432/432/432 431/431/431 435/435/435 
f 464/464/464 465/465/465 466/466/466 
f 404/404/404 405/405/405 406/406/406 
f 434/434/434 406/406/406 405/405/405 
f 405/405/405 404/404/404 477/477/477 
f 401/401/401 402/402/402 403/403/403 
f 402/402/402 401/401/401 407/407/407 
f 580/580/580 581/581/581 582/582/582 
f 583/583/583 584/584/584 585/585/585 
f 584/584/584 604/604/604 605/605/605 
f 606/606/606 605/605/605 604/604/604 
f 616/616/616 617/617/617 618/618/618 
f 623/623/623 624/624/624 625/625/625 
f 457/457/457 458/458/458 459/459/459 
f 397/397/397 398/398/398 399/399/399 
f 398/398/398 397/397/397 400/400/400 
f 388/388/388 389/389/389 390/390/390 
f 418/418/418 390/390/390 389/389/389 
f 418/418/418 389/389/389 609/609/609 
f 391/391/391 392/392/392 393/393/393 
f 392/392/392 391/391/391 430/430/430 
f 426/426/426 427/427/427 428/428/428 
f 427/427/427 426/426/426 429/429/429 
f 586/586/586 587/587/587 588/588/588 
f 586/586/586 592/592/592 587/587/587 
f 408/408/408 409/409/409 410/410/410 
f 409/409/409 408/408/408 422/422/422 
f 593/593/593 594/594/594 595/595/595 
f 597/597/597 593/593/593 595/595/595 
f 607/607/607 593/593/593 597/597/597 
f 599/599/599 607/607/607 597/597/597 
f 597/597/597 596/596/596 599/599/599 
f 596/596/596 597/597/597 598/598/598 
f 382/382/382 383/383/383 384/384/384 
f 620/620/620 621/621/621 622/622/622 
f 394/394/394 395/395/395 396/396/396 
f 626/626/626 627/627/627 628/628/628 
f 419/419/419 420/420/420 421/421/421 
f 423/423/423 424/424/424 425/425/425 
f 576/576/576 577/577/577 578/578/578 
f 578/578/578 591/591/591 576/576/576 
f 276/276/276 277/277/277 278/278/278 
f 279/279/279 280/280/280 281/281/281 
f 272/272/272 273/273/273 274/274/274 
f 273/273/273 272/272/272 282/282/282 
f 260/260/260 261/261/261 262/262/262 
f 573/573/573 574/574/574 575/575/575 
f 575/575/575 579/579/579 573/573/573 
f 93/93/93 94/94/94 95/95/95 
f 94/94/94 93/93/93 259/259/259 
f 385/385/385 386/386/386 387/387/387 
f 386/386/386 385/385/385 417/417/417 
f 207/207/207 208/208/208 209/209/209 
f 83/83/83 84/84/84 85/85/85 
f 84/84/84 83/83/83 86/86/86 
f 210/210/210 211/211/211 212/212/212 
f 269/269/269 270/270/270 271/271/271 
f 271/271/271 590/590/590 269/269/269 
f 68/68/68 69/69/69 70/70/70 
f 379/379/379 380/380/380 381/381/381 
f 570/570/570 571/571/571 572/572/572 
f 571/571/571 570/570/570 589/589/589 
f 102/102/102 103/103/103 104/104/104 
f 103/103/103 102/102/102 105/105/105 
f 411/411/411 412/412/412 413/413/413 
f 414/414/414 415/415/415 416/416/416 
f 58/58/58 59/59/59 60/60/60 
f 65/65/65 66/66/66 67/67/67 
f 96/96/96 97/97/97 98/98/98 
f 71/71/71 72/72/72 73/73/73 
f 99/99/99 100/100/100 71/71/71 
f 100/100/100 99/99/99 101/101/101 
f 55/55/55 56/56/56 57/57/57 
f 264/264/264 265/265/265 266/266/266 
f 267/267/267 264/264/264 266/266/266 
f 283/283/283 264/264/264 267/267/267 
f 284/284/284 283/283/283 267/267/267 
f 267/267/267 285/285/285 284/284/284 
f 285/285/285 267/267/267 286/286/286 
f 62/62/62 63/63/63 64/64/64 
f 63/63/63 62/62/62 82/82/82 
f 27/27/27 28/28/28 29/29/29 
f 74/74/74 75/75/75 76/76/76 
f 90/90/90 91/91/91 92/92/92 
f 90/90/90 92/92/92 268/268/268 
f 220/220/220 221/221/221 222/222/222 
f 10/10/10 11/11/11 12/12/12 
f 13/13/13 14/14/14 15/15/15 
f 252/252/252 253/253/253 254/254/254 
f 263/263/263 254/254/254 253/253/253 
f 257/257/257 252/252/252 258/258/258 
f 39/39/39 40/40/40 41/41/41 
f 40/40/40 39/39/39 61/61/61 
f 61/61/61 80/80/80 81/81/81 
f 87/87/87 88/88/88 89/89/89 
f 164/164/164 165/165/165 166/166/166 
f 166/166/166 174/174/174 164/164/164 
f 217/217/217 218/218/218 219/219/219 
f 218/218/218 217/217/217 251/251/251 
f 77/77/77 78/78/78 79/79/79 
f 78/78/78 77/77/77 195/195/195 
f 16/16/16 17/17/17 18/18/18 
f 169/169/169 18/18/18 17/17/17 
f 169/169/169 17/17/17 170/170/170 
f 42/42/42 43/43/43 44/44/44 
f 213/213/213 214/214/214 215/215/215 
f 215/215/215 214/214/214 216/216/216 
f 228/228/228 229/229/229 230/230/230 
f 229/229/229 228/228/228 231/231/231 
f 171/171/171 172/172/172 173/173/173 
f 172/172/172 171/171/171 194/194/194 
f 1/1/1 2/2/2 3/3/3 
f 7/7/7 8/8/8 9/9/9 
f 232/232/232 233/233/233 234/234/234 
f 235/235/235 234/234/234 233/233/233 
f 233/233/233 232/232/232 236/236/236 
f 237/237/237 236/236/236 232/232/232 
f 236/236/236 237/237/237 275/275/275 
f 275/275/275 237/237/237 256/256/256 
f 255/255/255 256/256/256 237/237/237 
f 24/24/24 25/25/25 26/26/26 
f 25/25/25 24/24/24 54/54/54 
f 36/36/36 37/37/37 38/38/38 
f 182/182/182 183/183/183 184/184/184 
f 51/51/51 52/52/52 53/53/53 
f 51/51/51 175/175/175 167/167/167 
f 167/167/167 168/168/168 51/51/51 
f 201/201/201 202/202/202 203/203/203 
f 30/30/30 31/31/31 32/32/32 
f 4/4/4 5/5/5 6/6/6 
f 6/6/6 23/23/23 4/4/4 
f 176/176/176 177/177/177 178/178/178 
f 33/33/33 34/34/34 35/35/35 
f 34/34/34 33/33/33 227/227/227 
f 188/188/188 189/189/189 190/190/190 
f 19/19/19 20/20/20 21/21/21 
f 21/21/21 22/22/22 19/19/19 
f 179/179/179 180/180/180 181/181/181 
f 198/198/198 199/199/199 200/200/200 
f 116/116/116 117/117/117 118/118/118 
f 223/223/223 224/224/224 225/225/225 
f 224/224/224 223/223/223 226/226/226 
f 45/45/45 46/46/46 47/47/47 
f 47/47/47 106/106/106 45/45/45 
f 161/161/161 162/162/162 163/163/163 
f 193/193/193 161/161/161 191/191/191 
f 191/191/191 192/192/192 193/193/193 
f 349/349/349 350/350/350 351/351/351 
f 350/350/350 349/349/349 367/367/367 
f 185/185/185 186/186/186 187/187/187 
f 186/186/186 185/185/185 196/196/196 
f 48/48/48 49/49/49 50/50/50 
f 50/50/50 144/144/144 48/48/48 
f 119/119/119 120/120/120 121/121/121 
f 197/197/197 121/121/121 120/120/120 
f 377/377/377 197/197/197 378/378/378 
f 346/346/346 347/347/347 348/348/348 
f 348/348/348 375/375/375 376/376/376 
f 135/135/135 136/136/136 137/137/137 
f 136/136/136 135/135/135 145/145/145 
f 107/107/107 108/108/108 109/109/109 
f 113/113/113 114/114/114 115/115/115 
f 345/345/345 115/115/115 114/114/114 
f 114/114/114 359/359/359 345/345/345 
f 110/110/110 111/111/111 112/112/112 
f 357/357/357 112/112/112 111/111/111 
f 112/112/112 134/134/134 110/110/110 
f 328/328/328 329/329/329 330/330/330 
f 331/331/331 332/332/332 333/333/333 
f 360/360/360 361/361/361 362/362/362 
f 361/361/361 360/360/360 366/366/366 
f 371/371/371 372/372/372 373/373/373 
f 241/241/241 242/242/242 243/243/243 
f 242/242/242 241/241/241 247/247/247 
f 321/321/321 247/247/247 241/241/241 
f 138/138/138 139/139/139 140/140/140 
f 287/287/287 288/288/288 289/289/289 
f 339/339/339 340/340/340 341/341/341 
f 131/131/131 132/132/132 133/133/133 
f 248/248/248 249/249/249 250/250/250 
f 368/368/368 369/369/369 370/370/370 
f 122/122/122 123/123/123 124/124/124 
f 356/356/356 124/124/124 123/123/123 
f 123/123/123 374/374/374 356/356/356 
f 125/125/125 126/126/126 127/127/127 
f 352/352/352 353/353/353 354/354/354 
f 146/146/146 147/147/147 148/148/148 
f 146/146/146 358/358/358 147/147/147 
f 363/363/363 364/364/364 365/365/365 
f 342/342/342 343/343/343 344/344/344 
f 204/204/204 205/205/205 206/206/206 
f 206/206/206 338/338/338 204/204/204 
f 128/128/128 129/129/129 130/130/130 
f 129/129/129 297/297/297 130/130/130 
f 141/141/141 142/142/142 143/143/143 
f 294/294/294 295/295/295 296/296/296 
f 158/158/158 159/159/159 160/160/160 
f 158/158/158 355/355/355 159/159/159 
f 298/298/298 299/299/299 300/300/300 
f 314/314/314 315/315/315 316/316/316 
f 325/325/325 326/326/326 327/327/327 
f 290/290/290 291/291/291 292/292/292 
f 290/290/290 293/293/293 291/291/291 
f 322/322/322 323/323/323 324/324/324 
f 334/334/334 335/335/335 336/336/336 
f 335/335/335 334/334/334 337/337/337 
f 155/155/155 156/156/156 157/157/157 
f 244/244/244 245/245/245 246/246/246 
f 301/301/301 302/302/302 303/303/303 
f 317/317/317 318/318/318 319/319/319 
f 317/317/317 320/320/320 318/318/318 
f 238/238/238 239/239/239 240/240/240 
f 149/149/149 150/150/150 151/151/151 
f 150/150/150 149/149/149 313/313/313 
f 152/152/152 153/153/153 154/154/154 
f 307/307/307 308/308/308 309/309/309 
f 304/304/304 305/305/305 306/306/306 
f 310/310/310 311/311/311 312/312/312 
f 860/860/860 861/861/861 862/862/862 
f 1238/1238/1238 1239/1239/1239 1240/1240/1240 
f 850/850/850 851/851/851 852/852/852 
f 851/851/851 850/850/850 1010/1010/1010 
f 1229/1229/1229 1230/1230/1230 1231/1231/1231 
f 1230/1230/1230 1229/1229/1229 1387/1387/1387 
f 1007/1007/1007 1008/1008/1008 1009/1009/1009 
f 1008/1008/1008 1007/1007/1007 1075/1075/1075 
f 883/883/883 884/884/884 885/885/885 
f 884/884/884 883/883/883 1017/1017/1017 
f 1271/1271/1271 1272/1272/1272 1273/1273/1273 
f 1272/1272/1272 1271/1271/1271 1396/1396/1396 
f 1244/1244/1244 1245/1245/1245 1246/1246/1246 
f 959/959/959 960/960/960 961/961/961 
f 960/960/960 959/959/959 1031/1031/1031 
f 1325/1325/1325 1326/1326/1326 1327/1327/1327 
f 1326/1326/1326 1325/1325/1325 1409/1409/1409 
f 886/886/886 887/887/887 888/888/888 
f 887/887/887 886/886/886 998/998/998 
f 1268/1268/1268 1269/1269/1269 1270/1270/1270 
f 1269/1269/1269 1268/1268/1268 1394/1394/1394 
f 863/863/863 864/864/864 865/865/865 
f 866/866/866 865/865/865 864/864/864 
f 865/865/865 866/866/866 1055/1055/1055 
f 1235/1235/1235 1236/1236/1236 1237/1237/1237 
f 1237/1237/1237 1250/1250/1250 1235/1235/1235 
f 1250/1250/1250 1351/1351/1351 1352/1352/1352 
f 853/853/853 854/854/854 855/855/855 
f 854/854/854 853/853/853 859/859/859 
f 933/933/933 859/859/859 853/853/853 
f 1074/1074/1074 1080/1080/1080 933/933/933 
f 933/933/933 1073/1073/1073 1074/1074/1074 
f 1400/1400/1400 1401/1401/1401 1402/1402/1402 
f 1274/1274/1274 1275/1275/1275 1276/1276/1276 
f 856/856/856 857/857/857 858/858/858 
f 1241/1241/1241 1242/1242/1242 1243/1243/1243 
f 1243/1243/1243 1277/1277/1277 1241/1241/1241 
f 1376/1376/1376 1277/1277/1277 1378/1378/1378 
f 1277/1277/1277 1376/1376/1376 1377/1377/1377 
f 1262/1262/1262 1263/1263/1263 1264/1264/1264 
f 1265/1265/1265 1266/1266/1266 1267/1267/1267 
f 1266/1266/1266 1265/1265/1265 1350/1350/1350 
f 1004/1004/1004 1005/1005/1005 1006/1006/1006 
f 1388/1388/1388 1389/1389/1389 1390/1390/1390 
f 1356/1356/1356 1357/1357/1357 1358/1358/1358 
f 1360/1360/1360 1356/1356/1356 1358/1358/1358 
f 877/877/877 878/878/878 879/879/879 
f 889/889/889 890/890/890 891/891/891 
f 1259/1259/1259 1260/1260/1260 1261/1261/1261 
f 1033/1033/1033 1034/1034/1034 1035/1035/1035 
f 1419/1419/1419 1420/1420/1420 1421/1421/1421 
f 1256/1256/1256 1257/1257/1257 1258/1258/1258 
f 841/841/841 842/842/842 843/843/843 
f 842/842/842 841/841/841 867/867/867 
f 1223/1223/1223 1224/1224/1224 1225/1225/1225 
f 880/880/880 881/881/881 882/882/882 
f 999/999/999 882/882/882 881/881/881 
f 882/882/882 999/999/999 1000/1000/1000 
f 1370/1370/1370 1371/1371/1371 1372/1372/1372 
f 1370/1370/1370 1383/1383/1383 1384/1384/1384 
f 1373/1373/1373 1374/1374/1374 1375/1375/1375 
f 1385/1385/1385 1374/1374/1374 1386/1386/1386 
f 868/868/868 869/869/869 870/870/870 
f 1053/1053/1053 870/870/870 869/869/869 
f 1025/1025/1025 1026/1026/1026 1027/1027/1027 
f 1416/1416/1416 1417/1417/1417 1418/1418/1418 
f 844/844/844 845/845/845 846/846/846 
f 1247/1247/1247 1248/1248/1248 1249/1249/1249 
f 1395/1395/1395 1379/1379/1379 1248/1248/1248 
f 1379/1379/1379 1395/1395/1395 1382/1382/1382 
f 1380/1380/1380 1379/1379/1379 1382/1382/1382 
f 1379/1379/1379 1380/1380/1380 1381/1381/1381 
f 835/835/835 836/836/836 837/837/837 
f 835/835/835 1051/1051/1051 1052/1052/1052 
f 1028/1028/1028 1029/1029/1029 1030/1030/1030 
f 1032/1032/1032 1030/1030/1030 1029/1029/1029 
f 1410/1410/1410 1411/1411/1411 1412/1412/1412 
f 1412/1412/1412 1413/1413/1413 1410/1410/1410 
f 1047/1047/1047 1048/1048/1048 1049/1049/1049 
f 1057/1057/1057 1049/1049/1049 1048/1048/1048 
f 1049/1049/1049 1054/1054/1054 1047/1047/1047 
f 1232/1232/1232 1233/1233/1233 1234/1234/1234 
f 1343/1343/1343 1233/1233/1233 1345/1345/1345 
f 1233/1233/1233 1343/1343/1343 1344/1344/1344 
f 838/838/838 839/839/839 840/840/840 
f 838/838/838 1050/1050/1050 1045/1045/1045 
f 1045/1045/1045 1046/1046/1046 838/838/838 
f 1226/1226/1226 1227/1227/1227 1228/1228/1228 
f 1340/1340/1340 1227/1227/1227 1342/1342/1342 
f 1227/1227/1227 1340/1340/1340 1341/1341/1341 
f 1014/1014/1014 1015/1015/1015 1016/1016/1016 
f 1015/1015/1015 1014/1014/1014 1036/1036/1036 
f 1038/1038/1038 1036/1036/1036 1014/1014/1014 
f 1391/1391/1391 1392/1392/1392 1393/1393/1393 
f 1414/1414/1414 1415/1415/1415 1392/1392/1392 
f 1414/1414/1414 1392/1392/1392 1404/1404/1404 
f 1403/1403/1403 1414/1414/1414 1404/1404/1404 
f 1403/1403/1403 1404/1404/1404 1405/1405/1405 
f 1001/1001/1001 1002/1002/1002 1003/1003/1003 
f 1023/1023/1023 1001/1001/1001 1024/1024/1024 
f 772/772/772 773/773/773 774/774/774 
f 773/773/773 772/772/772 778/778/778 
f 778/778/778 979/979/979 773/773/773 
f 979/979/979 778/778/778 977/977/977 
f 977/977/977 978/978/978 979/979/979 
f 978/978/978 987/987/987 979/979/979 
f 978/978/978 991/991/991 987/987/987 
f 989/989/989 987/987/987 991/991/991 
f 991/991/991 990/990/990 989/989/989 
f 988/988/988 989/989/989 990/990/990 
f 990/990/990 992/992/992 988/988/988 
f 992/992/992 993/993/993 988/988/988 
f 1160/1160/1160 1161/1161/1161 1162/1162/1162 
f 1161/1161/1161 1160/1160/1160 1163/1163/1163 
f 1287/1287/1287 1162/1162/1162 1161/1161/1161 
f 1162/1162/1162 1287/1287/1287 1289/1289/1289 
f 1287/1287/1287 1286/1286/1286 1289/1289/1289 
f 1286/1286/1286 1287/1287/1287 1288/1288/1288 
f 1288/1288/1288 1299/1299/1299 1286/1286/1286 
f 1299/1299/1299 1288/1288/1288 1298/1298/1298 
f 1294/1294/1294 1299/1299/1299 1298/1298/1298 
f 1294/1294/1294 1298/1298/1298 1295/1295/1295 
f 1294/1294/1294 1295/1295/1295 1296/1296/1296 
f 1296/1296/1296 1295/1295/1295 1297/1297/1297 
f 1011/1011/1011 1012/1012/1012 1013/1013/1013 
f 1011/1011/1011 1018/1018/1018 1019/1019/1019 
f 815/815/815 816/816/816 817/817/817 
f 828/828/828 829/829/829 830/830/830 
f 1119/1119/1119 1120/1120/1120 1121/1121/1121 
f 1120/1120/1120 1119/1119/1119 1124/1124/1124 
f 995/995/995 996/996/996 997/997/997 
f 997/997/997 1069/1069/1069 995/995/995 
f 1337/1337/1337 1338/1338/1338 1339/1339/1339 
f 1361/1361/1361 1362/1362/1362 1363/1363/1363 
f 799/799/799 800/800/800 801/801/801 
f 820/820/820 800/800/800 799/799/799 
f 799/799/799 801/801/801 818/818/818 
f 818/818/818 801/801/801 819/819/819 
f 821/821/821 822/822/822 823/823/823 
f 1085/1085/1085 1086/1086/1086 1087/1087/1087 
f 1087/1087/1087 1110/1110/1110 1085/1085/1085 
f 1111/1111/1111 1086/1086/1086 1085/1085/1085 
f 1086/1086/1086 1111/1111/1111 1112/1112/1112 
f 1113/1113/1113 1114/1114/1114 1115/1115/1115 
f 1020/1020/1020 1021/1021/1021 1022/1022/1022 
f 1021/1021/1021 1020/1020/1020 1037/1037/1037 
f 1406/1406/1406 1407/1407/1407 1408/1408/1408 
f 1407/1407/1407 1406/1406/1406 1425/1425/1425 
f 762/762/762 763/763/763 764/764/764 
f 764/764/764 834/834/834 762/762/762 
f 1131/1131/1131 1132/1132/1132 1133/1133/1133 
f 1132/1132/1132 1131/1131/1131 1174/1174/1174 
f 824/824/824 825/825/825 826/826/826 
f 1125/1125/1125 1126/1126/1126 1127/1127/1127 
f 785/785/785 786/786/786 787/787/787 
f 786/786/786 785/785/785 811/811/811 
f 1094/1094/1094 1095/1095/1095 1096/1096/1096 
f 1128/1128/1128 1129/1129/1129 1130/1130/1130 
f 1397/1397/1397 1398/1398/1398 1399/1399/1399 
f 1216/1216/1216 1217/1217/1217 1218/1218/1218 
f 1217/1217/1217 1216/1216/1216 1220/1220/1220 
f 1221/1221/1221 1216/1216/1216 1222/1222/1222 
f 1058/1058/1058 1059/1059/1059 1060/1060/1060 
f 1060/1060/1060 1061/1061/1061 1058/1058/1058 
f 1042/1042/1042 1043/1043/1043 1044/1044/1044 
f 1043/1043/1043 1042/1042/1042 1056/1056/1056 
f 1353/1353/1353 1354/1354/1354 1355/1355/1355 
f 1354/1354/1354 1353/1353/1353 1359/1359/1359 
f 812/812/812 813/813/813 814/814/814 
f 831/831/831 832/832/832 833/833/833 
f 1116/1116/1116 1117/1117/1117 1118/1118/1118 
f 1117/1117/1117 1116/1116/1116 1122/1122/1122 
f 1062/1062/1062 1063/1063/1063 1064/1064/1064 
f 1064/1064/1064 1065/1065/1065 1062/1062/1062 
f 768/768/768 769/769/769 770/770/770 
f 769/769/769 768/768/768 771/771/771 
f 1164/1164/1164 1165/1165/1165 1166/1166/1166 
f 1165/1165/1165 1164/1164/1164 1167/1167/1167 
f 1076/1076/1076 1077/1077/1077 1078/1078/1078 
f 1078/1078/1078 1079/1079/1079 1076/1076/1076 
f 1143/1143/1143 1144/1144/1144 1145/1145/1145 
f 1144/1144/1144 1143/1143/1143 1147/1147/1147 
f 750/750/750 751/751/751 752/752/752 
f 909/909/909 910/910/910 911/911/911 
f 912/912/912 913/913/913 914/914/914 
f 1188/1188/1188 1189/1189/1189 1190/1190/1190 
f 1189/1189/1189 1188/1188/1188 1191/1191/1191 
f 934/934/934 935/935/935 936/936/936 
f 934/934/934 937/937/937 935/935/935 
f 934/934/934 972/972/972 937/937/937 
f 968/968/968 969/969/969 934/934/934 
f 1308/1308/1308 1309/1309/1309 1310/1310/1310 
f 1308/1308/1308 1310/1310/1310 1311/1311/1311 
f 1308/1308/1308 1311/1311/1311 1323/1323/1323 
f 1322/1322/1322 1323/1323/1323 1324/1324/1324 
f 1336/1336/1336 1308/1308/1308 1322/1322/1322 
f 898/898/898 899/899/899 900/900/900 
f 900/900/900 901/901/901 898/898/898 
f 1175/1175/1175 1176/1176/1176 1177/1177/1177 
f 1176/1176/1176 1175/1175/1175 1178/1178/1178 
f 1066/1066/1066 1067/1067/1067 1068/1068/1068 
f 1070/1070/1070 1071/1071/1071 1072/1072/1072 
f 1364/1364/1364 1365/1365/1365 1366/1366/1366 
f 1367/1367/1367 1368/1368/1368 1369/1369/1369 
f 919/919/919 920/920/920 921/921/921 
f 1202/1202/1202 1203/1203/1203 1204/1204/1204 
f 942/942/942 943/943/943 944/944/944 
f 943/943/943 942/942/942 973/973/973 
f 973/973/973 985/985/985 943/943/943 
f 985/985/985 973/973/973 986/986/986 
f 944/944/944 967/967/967 942/942/942 
f 967/967/967 944/944/944 966/966/966 
f 966/966/966 964/964/964 967/967/967 
f 964/964/964 966/966/966 962/962/962 
f 962/962/962 963/963/963 964/964/964 
f 963/963/963 962/962/962 965/965/965 
f 971/971/971 963/963/963 965/965/965 
f 970/970/970 963/963/963 971/971/971 
f 1290/1290/1290 1291/1291/1291 1292/1292/1292 
f 1291/1291/1291 1290/1290/1290 1300/1300/1300 
f 1301/1301/1301 1300/1300/1300 1290/1290/1290 
f 1300/1300/1300 1301/1301/1301 1302/1302/1302 
f 1328/1328/1328 1302/1302/1302 1301/1301/1301 
f 1302/1302/1302 1328/1328/1328 1329/1329/1329 
f 1330/1330/1330 1329/1329/1329 1328/1328/1328 
f 1329/1329/1329 1330/1330/1330 1331/1331/1331 
f 1332/1332/1332 1331/1331/1331 1330/1330/1330 
f 1331/1331/1331 1332/1332/1332 1333/1333/1333 
f 1334/1334/1334 1333/1333/1333 1332/1332/1332 
f 1332/1332/1332 1335/1335/1335 1334/1334/1334 
f 946/946/946 947/947/947 948/948/948 
f 952/952/952 953/953/953 954/954/954 
f 1312/1312/1312 1313/1313/1313 1314/1314/1314 
f 1319/1319/1319 1320/1320/1320 1321/1321/1321 
f 775/775/775 776/776/776 777/777/777 
f 780/780/780 775/775/775 777/777/777 
f 777/777/777 776/776/776 974/974/974 
f 777/777/777 779/779/779 780/780/780 
f 779/779/779 783/783/783 780/780/780 
f 783/783/783 779/779/779 784/784/784 
f 975/975/975 974/974/974 776/776/776 
f 974/974/974 975/975/975 976/976/976 
f 980/980/980 976/976/976 975/975/975 
f 976/976/976 980/980/980 984/984/984 
f 983/983/983 984/984/984 980/980/980 
f 984/984/984 983/983/983 982/982/982 
f 981/981/981 982/982/982 983/983/983 
f 982/982/982 981/981/981 994/994/994 
f 1157/1157/1157 1158/1158/1158 1159/1159/1159 
f 1169/1169/1169 1159/1159/1159 1158/1158/1158 
f 1159/1159/1159 1285/1285/1285 1157/1157/1157 
f 1168/1168/1168 1159/1159/1159 1169/1169/1169 
f 1169/1169/1169 1170/1170/1170 1168/1168/1168 
f 1171/1171/1171 1168/1168/1168 1170/1170/1170 
f 1285/1285/1285 1283/1283/1283 1157/1157/1157 
f 1283/1283/1283 1285/1285/1285 1284/1284/1284 
f 1281/1281/1281 1283/1283/1283 1284/1284/1284 
f 1284/1284/1284 1282/1282/1282 1281/1281/1281 
f 1278/1278/1278 1281/1281/1281 1282/1282/1282 
f 1282/1282/1282 1279/1279/1279 1278/1278/1278 
f 1278/1278/1278 1279/1279/1279 1280/1280/1280 
f 1279/1279/1279 1293/1293/1293 1280/1280/1280 
f 765/765/765 766/766/766 767/767/767 
f 1154/1154/1154 1155/1155/1155 1156/1156/1156 
f 802/802/802 803/803/803 804/804/804 
f 803/803/803 802/802/802 805/805/805 
f 806/806/806 805/805/805 802/802/802 
f 793/793/793 794/794/794 795/795/795 
f 1088/1088/1088 1089/1089/1089 1090/1090/1090 
f 1103/1103/1103 1104/1104/1104 1105/1105/1105 
f 1104/1104/1104 1106/1106/1106 1105/1105/1105 
f 753/753/753 754/754/754 755/755/755 
f 790/790/790 791/791/791 792/792/792 
f 791/791/791 827/827/827 792/792/792 
f 1091/1091/1091 1092/1092/1092 1093/1093/1093 
f 1093/1093/1093 1092/1092/1092 1123/1123/1123 
f 1148/1148/1148 1149/1149/1149 1150/1150/1150 
f 745/745/745 746/746/746 747/747/747 
f 747/747/747 749/749/749 745/745/745 
f 788/788/788 745/745/745 749/749/749 
f 745/745/745 788/788/788 789/789/789 
f 1097/1097/1097 1098/1098/1098 1099/1099/1099 
f 1098/1098/1098 1097/1097/1097 1107/1107/1107 
f 1137/1137/1137 1098/1098/1098 1107/1107/1107 
f 1098/1098/1098 1137/1137/1137 1138/1138/1138 
f 1100/1100/1100 1101/1101/1101 1102/1102/1102 
f 1108/1108/1108 1100/1100/1100 1109/1109/1109 
f 807/807/807 808/808/808 809/809/809 
f 796/796/796 797/797/797 798/798/798 
f 797/797/797 796/796/796 810/810/810 
f 1081/1081/1081 1082/1082/1082 1083/1083/1083 
f 1082/1082/1082 1081/1081/1081 1084/1084/1084 
f 1346/1346/1346 1347/1347/1347 1348/1348/1348 
f 1347/1347/1347 1346/1346/1346 1349/1349/1349 
f 742/742/742 743/743/743 744/744/744 
f 743/743/743 742/742/742 748/748/748 
f 743/743/743 759/759/759 760/760/760 
f 739/739/739 740/740/740 741/741/741 
f 740/740/740 739/739/739 761/761/761 
f 739/739/739 895/895/895 896/896/896 
f 1139/1139/1139 1140/1140/1140 1141/1141/1141 
f 1140/1140/1140 1139/1139/1139 1146/1146/1146 
f 1140/1140/1140 1185/1185/1185 1186/1186/1186 
f 1134/1134/1134 1135/1135/1135 1136/1136/1136 
f 1135/1135/1135 1134/1134/1134 1142/1142/1142 
f 903/903/903 904/904/904 905/905/905 
f 906/906/906 907/907/907 908/908/908 
f 1192/1192/1192 1193/1193/1193 1194/1194/1194 
f 1193/1193/1193 1192/1192/1192 1195/1195/1195 
f 756/756/756 757/757/757 758/758/758 
f 925/925/925 756/756/756 758/758/758 
f 925/925/925 758/758/758 782/782/782 
f 758/758/758 781/781/781 782/782/782 
f 782/782/782 781/781/781 876/876/876 
f 781/781/781 875/875/875 876/876/876 
f 875/875/875 781/781/781 941/941/941 
f 1151/1151/1151 1152/1152/1152 1153/1153/1153 
f 1201/1201/1201 1152/1152/1152 1151/1151/1151 
f 1173/1173/1173 1152/1152/1152 1201/1201/1201 
f 1172/1172/1172 1152/1152/1152 1173/1173/1173 
f 1172/1172/1172 1173/1173/1173 1208/1208/1208 
f 1208/1208/1208 1254/1254/1254 1172/1172/1172 
f 1303/1303/1303 1172/1172/1172 1254/1254/1254 
f 916/916/916 917/917/917 918/918/918 
f 918/918/918 927/927/927 916/916/916 
f 1205/1205/1205 1206/1206/1206 1207/1207/1207 
f 1206/1206/1206 1205/1205/1205 1219/1219/1219 
f 938/938/938 939/939/939 940/940/940 
f 938/938/938 940/940/940 945/945/945 
f 1304/1304/1304 1305/1305/1305 1306/1306/1306 
f 1305/1305/1305 1304/1304/1304 1307/1307/1307 
f 871/871/871 872/872/872 873/873/873 
f 873/873/873 874/874/874 871/871/871 
f 1251/1251/1251 1252/1252/1252 1253/1253/1253 
f 1252/1252/1252 1251/1251/1251 1255/1255/1255 
f 1212/1212/1212 1213/1213/1213 1214/1214/1214 
f 922/922/922 923/923/923 924/924/924 
f 924/924/924 926/926/926 922/922/922 
f 1209/1209/1209 1210/1210/1210 1211/1211/1211 
f 1182/1182/1182 1183/1183/1183 1184/1184/1184 
f 1187/1187/1187 1182/1182/1182 1184/1184/1184 
f 892/892/892 893/893/893 894/894/894 
f 893/893/893 892/892/892 897/897/897 
f 902/902/902 894/894/894 893/893/893 
f 893/893/893 915/915/915 902/902/902 
f 1179/1179/1179 1180/1180/1180 1181/1181/1181 
f 1180/1180/1180 1196/1196/1196 1197/1197/1197 
f 929/929/929 930/930/930 931/931/931 
f 931/931/931 932/932/932 929/929/929 
f 1198/1198/1198 1199/1199/1199 1200/1200/1200 
f 1199/1199/1199 1198/1198/1198 1215/1215/1215 
f 847/847/847 848/848/848 849/849/849 
f 849/849/849 928/928/928 847/847/847 
f 949/949/949 950/950/950 951/951/951 
f 955/955/955 956/956/956 957/957/957 
f 955/955/955 958/958/958 956/956/956 
f 1315/1315/1315 1316/1316/1316 1317/1317/1317 
f 1316/1316/1316 1315/1315/1315 1318/1318/1318 
f 1039/1039/1039 1040/1040/1040 1041/1041/1041 
f 1422/1422/1422 1423/1423/1423 1424/1424/1424 
f 1634/1634/1634 1635/1635/1635 1636/1636/1636 
f 1491/1491/1491 1492/1492/1492 1493/1493/1493 
f 1492/1492/1492 1491/1491/1491 1494/1494/1494 
f 1494/1494/1494 1869/1869/1869 1871/1871/1871 
f 1869/1869/1869 1868/1868/1868 1871/1871/1871 
f 1868/1868/1868 1869/1869/1869 1870/1870/1870 
f 1870/1870/1870 1716/1716/1716 1868/1868/1868 
f 1716/1716/1716 1717/1717/1717 1713/1713/1713 
f 1713/1713/1713 1714/1714/1714 1715/1715/1715 
f 2034/2034/2034 2035/2035/2035 2036/2036/2036 
f 2268/2268/2268 2036/2036/2036 2035/2035/2035 
f 2268/2268/2268 2273/2273/2273 2274/2274/2274 
f 1832/1832/1832 1833/1833/1833 1834/1834/1834 
f 1832/1832/1832 1834/1834/1834 1841/1841/1841 
f 1918/1918/1918 1919/1919/1919 1920/1920/1920 
f 1872/1872/1872 1873/1873/1873 1874/1874/1874 
f 1749/1749/1749 1750/1750/1750 1751/1751/1751 
f 2174/2174/2174 2175/2175/2175 2176/2176/2176 
f 2309/2309/2309 2310/2310/2310 2311/2311/2311 
f 2341/2341/2341 2309/2309/2309 2311/2311/2311 
f 2306/2306/2306 2307/2307/2307 2308/2308/2308 
f 2306/2306/2306 2342/2342/2342 2343/2343/2343 
f 1752/1752/1752 1753/1753/1753 1754/1754/1754 
f 1752/1752/1752 1760/1760/1760 1753/1753/1753 
f 2163/2163/2163 2164/2164/2164 2165/2165/2165 
f 2177/2177/2177 2178/2178/2178 2179/2179/2179 
f 1755/1755/1755 1756/1756/1756 1757/1757/1757 
f 2180/2180/2180 2181/2181/2181 2182/2182/2182 
f 2237/2237/2237 2238/2238/2238 2239/2239/2239 
f 2244/2244/2244 2239/2239/2239 2238/2238/2238 
f 2238/2238/2238 2245/2245/2245 2244/2244/2244 
f 1851/1851/1851 1852/1852/1852 1853/1853/1853 
f 2358/2358/2358 2359/2359/2359 2360/2360/2360 
f 1761/1761/1761 1762/1762/1762 1763/1763/1763 
f 2166/2166/2166 2167/2167/2167 2168/2168/2168 
f 1554/1554/1554 1555/1555/1555 1556/1556/1556 
f 1556/1556/1556 1564/1564/1564 1554/1554/1554 
f 1944/1944/1944 1945/1945/1945 1946/1946/1946 
f 1945/1945/1945 1944/1944/1944 1967/1967/1967 
f 1510/1510/1510 1511/1511/1511 1512/1512/1512 
f 1510/1510/1510 1512/1512/1512 1539/1539/1539 
f 1947/1947/1947 1948/1948/1948 1949/1949/1949 
f 1547/1547/1547 1548/1548/1548 1549/1549/1549 
f 1549/1549/1549 1550/1550/1550 1547/1547/1547 
f 1939/1939/1939 1940/1940/1940 1941/1941/1941 
f 1940/1940/1940 1939/1939/1939 1943/1943/1943 
f 1859/1859/1859 1860/1860/1860 1861/1861/1861 
f 1860/1860/1860 1859/1859/1859 1894/1894/1894 
f 1543/1543/1543 1544/1544/1544 1545/1545/1545 
f 1544/1544/1544 1543/1543/1543 1758/1758/1758 
f 1959/1959/1959 1960/1960/1960 1961/1961/1961 
f 1960/1960/1960 1959/1959/1959 2172/2172/2172 
f 1551/1551/1551 1552/1552/1552 1553/1553/1553 
f 1552/1552/1552 1551/1551/1551 1759/1759/1759 
f 1896/1896/1896 1897/1897/1897 1898/1898/1898 
f 1896/1896/1896 2162/2162/2162 1897/1897/1897 
f 1814/1814/1814 1815/1815/1815 1816/1816/1816 
f 1815/1815/1815 1814/1814/1814 1818/1818/1818 
f 1816/1816/1816 1845/1845/1845 1814/1814/1814 
f 2329/2329/2329 2330/2330/2330 2331/2331/2331 
f 2361/2361/2361 2331/2331/2331 2330/2330/2330 
f 2330/2330/2330 2329/2329/2329 2332/2332/2332 
f 1865/1865/1865 1866/1866/1866 1867/1867/1867 
f 1867/1867/1867 1890/1890/1890 1865/1865/1865 
f 2279/2279/2279 2280/2280/2280 2281/2281/2281 
f 2281/2281/2281 2280/2280/2280 2290/2290/2290 
f 1731/1731/1731 1732/1732/1732 1733/1733/1733 
f 1731/1731/1731 1734/1734/1734 1732/1732/1732 
f 1733/1733/1733 1792/1792/1792 1731/1731/1731 
f 1792/1792/1792 1733/1733/1733 1794/1794/1794 
f 1793/1793/1793 1792/1792/1792 1794/1794/1794 
f 1794/1794/1794 1776/1776/1776 1793/1793/1793 
f 1775/1775/1775 1793/1793/1793 1776/1776/1776 
f 1775/1775/1775 1776/1776/1776 1777/1777/1777 
f 2188/2188/2188 2189/2189/2189 2190/2190/2190 
f 2190/2190/2190 2189/2189/2189 2212/2212/2212 
f 2189/2189/2189 2213/2213/2213 2212/2212/2212 
f 2212/2212/2212 2213/2213/2213 2211/2211/2211 
f 2213/2213/2213 2209/2209/2209 2211/2211/2211 
f 2209/2209/2209 2210/2210/2210 2211/2211/2211 
f 2209/2209/2209 2248/2248/2248 2210/2210/2210 
f 2248/2248/2248 2249/2249/2249 2210/2210/2210 
f 2158/2158/2158 2159/2159/2159 2160/2160/2160 
f 2159/2159/2159 2158/2158/2158 2161/2161/2161 
f 2327/2327/2327 2159/2159/2159 2161/2161/2161 
f 2159/2159/2159 2327/2327/2327 2328/2328/2328 
f 1640/1640/1640 1641/1641/1641 1642/1642/1642 
f 1640/1640/1640 1817/1817/1817 1641/1641/1641 
f 1817/1817/1817 1640/1640/1640 1822/1822/1822 
f 1469/1469/1469 1470/1470/1470 1471/1471/1471 
f 1473/1473/1473 1469/1469/1469 1471/1471/1471 
f 1469/1469/1469 1473/1473/1473 1480/1480/1480 
f 1480/1480/1480 1473/1473/1473 1481/1481/1481 
f 1497/1497/1497 1498/1498/1498 1470/1470/1470 
f 1498/1498/1498 1497/1497/1497 1499/1499/1499 
f 2015/2015/2015 2016/2016/2016 2017/2017/2017 
f 2018/2018/2018 2016/2016/2016 2015/2015/2015 
f 2015/2015/2015 2019/2019/2019 2018/2018/2018 
f 2019/2019/2019 2015/2015/2015 2020/2020/2020 
f 2019/2019/2019 2020/2020/2020 2021/2021/2021 
f 2024/2024/2024 2021/2021/2021 2025/2025/2025 
f 2025/2025/2025 2026/2026/2026 2024/2024/2024 
f 2029/2029/2029 2024/2024/2024 2026/2026/2026 
f 1779/1779/1779 1780/1780/1780 1781/1781/1781 
f 1842/1842/1842 1843/1843/1843 1844/1844/1844 
f 1843/1843/1843 1842/1842/1842 1850/1850/1850 
f 2196/2196/2196 2197/2197/2197 2198/2198/2198 
f 2350/2350/2350 2351/2351/2351 2352/2352/2352 
f 2351/2351/2351 2350/2350/2350 2366/2366/2366 
f 1855/1855/1855 1856/1856/1856 1857/1857/1857 
f 1856/1856/1856 1855/1855/1855 1858/1858/1858 
f 2354/2354/2354 2355/2355/2355 2356/2356/2356 
f 2355/2355/2355 2354/2354/2354 2357/2357/2357 
f 1709/1709/1709 1710/1710/1710 1711/1711/1711 
f 1889/1889/1889 1709/1709/1709 1711/1711/1711 
f 2241/2241/2241 2242/2242/2242 2243/2243/2243 
f 2291/2291/2291 2242/2242/2242 2241/2241/2241 
f 1819/1819/1819 1820/1820/1820 1821/1821/1821 
f 2333/2333/2333 2334/2334/2334 2335/2335/2335 
f 1606/1606/1606 1607/1607/1607 1608/1608/1608 
f 1607/1607/1607 1606/1606/1606 1643/1643/1643 
f 2115/2115/2115 2116/2116/2116 2117/2117/2117 
f 2116/2116/2116 2115/2115/2115 2150/2150/2150 
f 2217/2217/2217 2218/2218/2218 2219/2219/2219 
f 2225/2225/2225 2218/2218/2218 2217/2217/2217 
f 2225/2225/2225 2226/2226/2226 2218/2218/2218 
f 2225/2225/2225 2229/2229/2229 2226/2226/2226 
f 2228/2228/2228 2229/2229/2229 2225/2225/2225 
f 2229/2229/2229 2228/2228/2228 2257/2257/2257 
f 2225/2225/2225 2217/2217/2217 2235/2235/2235 
f 2236/2236/2236 2235/2235/2235 2217/2217/2217 
f 2235/2235/2235 2236/2236/2236 2272/2272/2272 
f 2263/2263/2263 2257/2257/2257 2264/2264/2264 
f 2272/2272/2272 2271/2271/2271 2270/2270/2270 
f 2269/2269/2269 2270/2270/2270 2271/2271/2271 
f 1693/1693/1693 1694/1694/1694 1695/1695/1695 
f 1694/1694/1694 1693/1693/1693 1736/1736/1736 
f 1694/1694/1694 1712/1712/1712 1695/1695/1695 
f 1695/1695/1695 1708/1708/1708 1693/1693/1693 
f 1737/1737/1737 1736/1736/1736 1738/1738/1738 
f 1708/1708/1708 1695/1695/1695 1707/1707/1707 
f 1695/1695/1695 1706/1706/1706 1707/1707/1707 
f 1706/1706/1706 1747/1747/1747 1707/1707/1707 
f 1695/1695/1695 1718/1718/1718 1706/1706/1706 
f 1718/1718/1718 1719/1719/1719 1706/1706/1706 
f 1558/1558/1558 1483/1483/1483 1467/1467/1467 
f 1467/1467/1467 1530/1530/1530 1558/1558/1558 
f 1483/1483/1483 1558/1558/1558 1778/1778/1778 
f 1530/1530/1530 1557/1557/1557 1558/1558/1558 
f 1778/1778/1778 1558/1558/1558 1560/1560/1560 
f 1558/1558/1558 1557/1557/1557 1560/1560/1560 
f 1778/1778/1778 1560/1560/1560 1786/1786/1786 
f 1767/1767/1767 1786/1786/1786 1560/1560/1560 
f 1786/1786/1786 1767/1767/1767 1790/1790/1790 
f 1560/1560/1560 1561/1561/1561 1767/1767/1767 
f 1557/1557/1557 1561/1561/1561 1560/1560/1560 
f 1557/1557/1557 1562/1562/1562 1561/1561/1561 
f 1562/1562/1562 1557/1557/1557 1563/1563/1563 
f 2027/2027/2027 1969/1969/1969 1935/1935/1935 
f 1936/1936/1936 1935/1935/1935 1969/1969/1969 
f 1969/1969/1969 2027/2027/2027 2184/2184/2184 
f 1936/1936/1936 1969/1969/1969 1963/1963/1963 
f 1969/1969/1969 2184/2184/2184 1968/1968/1968 
f 1969/1969/1969 1968/1968/1968 1963/1963/1963 
f 2202/2202/2202 1968/1968/1968 2184/2184/2184 
f 2202/2202/2202 2183/2183/2183 1968/1968/1968 
f 2183/2183/2183 2202/2202/2202 2203/2203/2203 
f 1968/1968/1968 2183/2183/2183 1964/1964/1964 
f 1963/1963/1963 1968/1968/1968 1964/1964/1964 
f 1962/1962/1962 1963/1963/1963 1964/1964/1964 
f 1963/1963/1963 1962/1962/1962 1966/1966/1966 
f 1531/1531/1531 1532/1532/1532 1533/1533/1533 
f 1532/1532/1532 1531/1531/1531 1536/1536/1536 
f 1926/1926/1926 1927/1927/1927 1928/1928/1928 
f 1927/1927/1927 1926/1926/1926 1929/1929/1929 
f 1477/1477/1477 1478/1478/1478 1479/1479/1479 
f 1804/1804/1804 1805/1805/1805 1806/1806/1806 
f 1804/1804/1804 1806/1806/1806 1825/1825/1825 
f 2323/2323/2323 2324/2324/2324 2325/2325/2325 
f 2325/2325/2325 2324/2324/2324 2336/2336/2336 
f 1662/1662/1662 1663/1663/1663 1664/1664/1664 
f 1685/1685/1685 1662/1662/1662 1664/1664/1664 
f 2041/2041/2041 2042/2042/2042 2043/2043/2043 
f 2042/2042/2042 2041/2041/2041 2069/2069/2069 
f 1465/1465/1465 1466/1466/1466 1467/1467/1467 
f 1530/1530/1530 1467/1467/1467 1466/1466/1466 
f 1465/1465/1465 1655/1655/1655 1665/1665/1665 
f 1655/1655/1655 1465/1465/1465 1656/1656/1656 
f 1465/1465/1465 1467/1467/1467 1656/1656/1656 
f 1656/1656/1656 1678/1678/1678 1679/1679/1679 
f 1674/1674/1674 1678/1678/1678 1656/1656/1656 
f 1656/1656/1656 1467/1467/1467 1484/1484/1484 
f 1484/1484/1484 1674/1674/1674 1656/1656/1656 
f 1674/1674/1674 1675/1675/1675 1676/1676/1676 
f 1674/1674/1674 1672/1672/1672 1675/1675/1675 
f 1484/1484/1484 1672/1672/1672 1674/1674/1674 
f 1483/1483/1483 1484/1484/1484 1467/1467/1467 
f 1768/1768/1768 1484/1484/1484 1483/1483/1483 
f 1768/1768/1768 1683/1683/1683 1484/1484/1484 
f 1672/1672/1672 1484/1484/1484 1683/1683/1683 
f 1768/1768/1768 1684/1684/1684 1683/1683/1683 
f 1672/1672/1672 1683/1683/1683 1684/1684/1684 
f 1513/1513/1513 1514/1514/1514 1515/1515/1515 
f 1513/1513/1513 1522/1522/1522 1514/1514/1514 
f 1515/1515/1515 1546/1546/1546 1513/1513/1513 
f 1899/1899/1899 1900/1900/1900 1901/1901/1901 
f 1902/1902/1902 1901/1901/1901 1900/1900/1900 
f 1899/1899/1899 1901/1901/1901 1942/1942/1942 
f 1935/1935/1935 1936/1936/1936 1937/1937/1937 
f 2000/2000/2000 1935/1935/1935 1937/1937/1937 
f 2052/2052/2052 2000/2000/2000 2054/2054/2054 
f 2000/2000/2000 2052/2052/2052 2053/2053/2053 
f 2053/2053/2053 1935/1935/1935 2000/2000/2000 
f 2053/2053/2053 2055/2055/2055 2056/2056/2056 
f 2056/2056/2056 2058/2058/2058 2053/2053/2053 
f 1935/1935/1935 2053/2053/2053 2028/2028/2028 
f 2028/2028/2028 2053/2053/2053 2058/2058/2058 
f 2058/2058/2058 2059/2059/2059 2060/2060/2060 
f 2058/2058/2058 2060/2060/2060 2066/2066/2066 
f 2066/2066/2066 2028/2028/2028 2058/2058/2058 
f 2027/2027/2027 1935/1935/1935 2028/2028/2028 
f 2195/2195/2195 2027/2027/2027 2028/2028/2028 
f 2072/2072/2072 2195/2195/2195 2028/2028/2028 
f 2028/2028/2028 2066/2066/2066 2072/2072/2072 
f 2195/2195/2195 2072/2072/2072 2078/2078/2078 
f 2066/2066/2066 2078/2078/2078 2072/2072/2072 
f 1526/1526/1526 1527/1527/1527 1528/1528/1528 
f 1526/1526/1526 1565/1565/1565 1527/1527/1527 
f 1930/1930/1930 1931/1931/1931 1932/1932/1932 
f 1933/1933/1933 1932/1932/1932 1931/1931/1931 
f 1671/1671/1671 1672/1672/1672 1673/1673/1673 
f 1582/1582/1582 1673/1673/1673 1672/1672/1672 
f 1672/1672/1672 1684/1684/1684 1582/1582/1582 
f 1581/1581/1581 1582/1582/1582 1583/1583/1583 
f 1627/1627/1627 1583/1583/1583 1582/1582/1582 
f 1684/1684/1684 1627/1627/1627 1582/1582/1582 
f 1796/1796/1796 1795/1795/1795 1684/1684/1684 
f 1684/1684/1684 1795/1795/1795 1722/1722/1722 
f 1627/1627/1627 1684/1684/1684 1722/1722/1722 
f 1795/1795/1795 1720/1720/1720 1722/1722/1722 
f 1627/1627/1627 1722/1722/1722 1721/1721/1721 
f 1720/1720/1720 1721/1721/1721 1722/1722/1722 
f 1627/1627/1627 1721/1721/1721 1895/1895/1895 
f 1721/1721/1721 1720/1720/1720 1723/1723/1723 
f 1724/1724/1724 1895/1895/1895 1721/1721/1721 
f 1723/1723/1723 1724/1724/1724 1721/1721/1721 
f 1895/1895/1895 1724/1724/1724 1812/1812/1812 
f 1724/1724/1724 1723/1723/1723 1745/1745/1745 
f 1746/1746/1746 1812/1812/1812 1724/1724/1724 
f 1745/1745/1745 1746/1746/1746 1724/1724/1724 
f 1812/1812/1812 1746/1746/1746 1813/1813/1813 
f 1746/1746/1746 1745/1745/1745 1743/1743/1743 
f 1743/1743/1743 1742/1742/1742 1746/1746/1746 
f 1742/1742/1742 1743/1743/1743 1744/1744/1744 
f 2066/2066/2066 2067/2067/2067 2068/2068/2068 
f 2081/2081/2081 2066/2066/2066 2068/2068/2068 
f 2078/2078/2078 2066/2066/2066 2081/2081/2081 
f 2081/2081/2081 2091/2091/2091 2092/2092/2092 
f 2081/2081/2081 2092/2092/2092 2132/2132/2132 
f 2132/2132/2132 2078/2078/2078 2081/2081/2081 
f 2214/2214/2214 2215/2215/2215 2078/2078/2078 
f 2078/2078/2078 2221/2221/2221 2214/2214/2214 
f 2078/2078/2078 2132/2132/2132 2221/2221/2221 
f 2220/2220/2220 2214/2214/2214 2221/2221/2221 
f 2132/2132/2132 2240/2240/2240 2221/2221/2221 
f 2240/2240/2240 2220/2220/2220 2221/2221/2221 
f 2240/2240/2240 2132/2132/2132 2289/2289/2289 
f 2220/2220/2220 2240/2240/2240 2247/2247/2247 
f 2289/2289/2289 2246/2246/2246 2240/2240/2240 
f 2246/2246/2246 2247/2247/2247 2240/2240/2240 
f 2246/2246/2246 2289/2289/2289 2302/2302/2302 
f 2247/2247/2247 2246/2246/2246 2258/2258/2258 
f 2302/2302/2302 2262/2262/2262 2246/2246/2246 
f 2262/2262/2262 2258/2258/2258 2246/2246/2246 
f 2262/2262/2262 2302/2302/2302 2315/2315/2315 
f 2258/2258/2258 2262/2262/2262 2260/2260/2260 
f 2260/2260/2260 2262/2262/2262 2261/2261/2261 
f 2259/2259/2259 2260/2260/2260 2261/2261/2261 
f 1488/1488/1488 1489/1489/1489 1490/1490/1490 
f 1490/1490/1490 1489/1489/1489 1495/1495/1495 
f 2011/2011/2011 2012/2012/2012 2013/2013/2013 
f 2030/2030/2030 2011/2011/2011 2013/2013/2013 
f 1516/1516/1516 1517/1517/1517 1518/1518/1518 
f 1516/1516/1516 1518/1518/1518 1559/1559/1559 
f 1517/1517/1517 1535/1535/1535 1518/1518/1518 
f 1517/1517/1517 1534/1534/1534 1535/1535/1535 
f 1835/1835/1835 1836/1836/1836 1837/1837/1837 
f 1836/1836/1836 1835/1835/1835 1854/1854/1854 
f 1908/1908/1908 1909/1909/1909 1910/1910/1910 
f 1965/1965/1965 1910/1910/1910 1909/1909/1909 
f 1910/1910/1910 1921/1921/1921 1908/1908/1908 
f 1925/1925/1925 1908/1908/1908 1921/1921/1921 
f 2337/2337/2337 2338/2338/2338 2339/2339/2339 
f 2339/2339/2339 2353/2353/2353 2337/2337/2337 
f 1597/1597/1597 1598/1598/1598 1599/1599/1599 
f 1597/1597/1597 1633/1633/1633 1598/1598/1598 
f 1633/1633/1633 1803/1803/1803 1598/1598/1598 
f 1633/1633/1633 1802/1802/1802 1803/1803/1803 
f 2123/2123/2123 2124/2124/2124 2125/2125/2125 
f 2124/2124/2124 2157/2157/2157 2125/2125/2125 
f 2124/2124/2124 2322/2322/2322 2157/2157/2157 
f 2321/2321/2321 2157/2157/2157 2322/2322/2322 
f 1447/1447/1447 1448/1448/1448 1449/1449/1449 
f 1447/1447/1447 1496/1496/1496 1448/1448/1448 
f 2008/2008/2008 2009/2009/2009 2010/2010/2010 
f 2023/2023/2023 2010/2010/2010 2009/2009/2009 
f 1618/1618/1618 1619/1619/1619 1620/1620/1620 
f 1620/1620/1620 1619/1619/1619 1644/1644/1644 
f 2126/2126/2126 2127/2127/2127 2128/2128/2128 
f 2126/2126/2126 2128/2128/2128 2135/2135/2135 
f 1523/1523/1523 1524/1524/1524 1525/1525/1525 
f 1523/1523/1523 1659/1659/1659 1524/1524/1524 
f 1529/1529/1529 1523/1523/1523 1525/1525/1525 
f 1529/1529/1529 1525/1525/1525 1537/1537/1537 
f 1922/1922/1922 1923/1923/1923 1924/1924/1924 
f 2038/2038/2038 1924/1924/1924 1923/1923/1923 
f 1924/1924/1924 1934/1934/1934 1922/1922/1922 
f 1970/1970/1970 1922/1922/1922 1934/1934/1934 
f 1461/1461/1461 1462/1462/1462 1463/1463/1463 
f 1464/1464/1464 1461/1461/1461 1463/1463/1463 
f 1461/1461/1461 1660/1660/1660 1462/1462/1462 
f 1660/1660/1660 1661/1661/1661 1462/1462/1462 
f 1971/1971/1971 1972/1972/1972 1973/1973/1973 
f 1972/1972/1972 1971/1971/1971 1996/1996/1996 
f 1973/1973/1973 2039/2039/2039 1971/1971/1971 
f 2039/2039/2039 1973/1973/1973 2040/2040/2040 
f 1838/1838/1838 1839/1839/1839 1840/1840/1840 
f 1839/1839/1839 1838/1838/1838 1891/1891/1891 
f 2299/2299/2299 2300/2300/2300 2301/2301/2301 
f 2301/2301/2301 2340/2340/2340 2299/2299/2299 
f 1621/1621/1621 1622/1622/1622 1623/1623/1623 
f 1622/1622/1622 1621/1621/1621 1875/1875/1875 
f 2129/2129/2129 2130/2130/2130 2131/2131/2131 
f 2130/2130/2130 2129/2129/2129 2276/2276/2276 
f 1426/1426/1426 1427/1427/1427 1428/1428/1428 
f 1428/1428/1428 1446/1446/1446 1426/1426/1426 
f 1427/1427/1427 1426/1426/1426 1435/1435/1435 
f 1445/1445/1445 1446/1446/1446 1428/1428/1428 
f 1427/1427/1427 1435/1435/1435 1436/1436/1436 
f 1446/1446/1446 1445/1445/1445 1482/1482/1482 
f 1538/1538/1538 1482/1482/1482 1445/1445/1445 
f 1482/1482/1482 1538/1538/1538 1748/1748/1748 
f 1435/1435/1435 1472/1472/1472 1436/1436/1436 
f 1472/1472/1472 1435/1435/1435 1705/1705/1705 
f 1705/1705/1705 1704/1704/1704 1472/1472/1472 
f 1704/1704/1704 1705/1705/1705 1703/1703/1703 
f 1703/1703/1703 1698/1698/1698 1704/1704/1704 
f 1698/1698/1698 1703/1703/1703 1702/1702/1702 
f 1698/1698/1698 1702/1702/1702 1696/1696/1696 
f 1696/1696/1696 1697/1697/1697 1698/1698/1698 
f 1701/1701/1701 1697/1697/1697 1696/1696/1696 
f 1697/1697/1697 1701/1701/1701 1700/1700/1700 
f 1699/1699/1699 1700/1700/1700 1701/1701/1701 
f 1700/1700/1700 1699/1699/1699 1829/1829/1829 
f 1829/1829/1829 1699/1699/1699 1830/1830/1830 
f 1950/1950/1950 1951/1951/1951 1952/1952/1952 
f 1951/1951/1951 1950/1950/1950 2173/2173/2173 
f 1952/1952/1952 1981/1981/1981 1950/1950/1950 
f 1981/1981/1981 1952/1952/1952 1982/1982/1982 
f 1981/1981/1981 1982/1982/1982 1984/1984/1984 
f 1984/1984/1984 1982/1982/1982 1985/1985/1985 
f 1985/1985/1985 1992/1992/1992 1984/1984/1984 
f 1992/1992/1992 1985/1985/1985 1993/1993/1993 
f 2022/2022/2022 1992/1992/1992 1993/1993/1993 
f 1992/1992/1992 2022/2022/2022 2216/2216/2216 
f 2222/2222/2222 2216/2216/2216 2022/2022/2022 
f 2216/2216/2216 2222/2222/2222 2223/2223/2223 
f 2224/2224/2224 2223/2223/2223 2222/2222/2222 
f 2223/2223/2223 2224/2224/2224 2227/2227/2227 
f 2224/2224/2224 2230/2230/2230 2227/2227/2227 
f 2230/2230/2230 2224/2224/2224 2231/2231/2231 
f 2230/2230/2230 2231/2231/2231 2232/2232/2232 
f 2231/2231/2231 2233/2233/2233 2232/2232/2232 
f 2232/2232/2232 2233/2233/2233 2234/2234/2234 
f 2233/2233/2233 2347/2347/2347 2234/2234/2234 
f 2347/2347/2347 2348/2348/2348 2234/2234/2234 
f 1458/1458/1458 1459/1459/1459 1460/1460/1460 
f 1458/1458/1458 1658/1658/1658 1459/1459/1459 
f 1657/1657/1657 1459/1459/1459 1658/1658/1658 
f 1658/1658/1658 1677/1677/1677 1657/1657/1657 
f 1997/1997/1997 1998/1998/1998 1999/1999/1999 
f 1999/1999/1999 1998/1998/1998 2045/2045/2045 
f 1998/1998/1998 2044/2044/2044 2045/2045/2045 
f 2045/2045/2045 2044/2044/2044 2057/2057/2057 
f 1474/1474/1474 1475/1475/1475 1476/1476/1476 
f 1475/1475/1475 1474/1474/1474 1500/1500/1500 
f 1953/1953/1953 1954/1954/1954 1955/1955/1955 
f 1953/1953/1953 2014/2014/2014 1954/1954/1954 
f 1787/1787/1787 1788/1788/1788 1789/1789/1789 
f 1789/1789/1789 1788/1788/1788 1791/1791/1791 
f 1882/1882/1882 1883/1883/1883 1884/1884/1884 
f 1882/1882/1882 1885/1885/1885 1883/1883/1883 
f 2199/2199/2199 2200/2200/2200 2201/2201/2201 
f 2201/2201/2201 2204/2204/2204 2199/2199/2199 
f 2292/2292/2292 2293/2293/2293 2294/2294/2294 
f 2294/2294/2294 2293/2293/2293 2295/2295/2295 
f 1690/1690/1690 1691/1691/1691 1692/1692/1692 
f 1692/1692/1692 1807/1807/1807 1690/1690/1690 
f 2151/2151/2151 2152/2152/2152 2153/2153/2153 
f 2316/2316/2316 2153/2153/2153 2152/2152/2152 
f 1649/1649/1649 1650/1650/1650 1651/1651/1651 
f 1650/1650/1650 1649/1649/1649 1666/1666/1666 
f 1649/1649/1649 1651/1651/1651 1681/1681/1681 
f 1649/1649/1649 1681/1681/1681 1682/1682/1682 
f 2049/2049/2049 2050/2050/2050 2051/2051/2051 
f 2050/2050/2050 2049/2049/2049 2061/2061/2061 
f 2050/2050/2050 2070/2070/2070 2051/2051/2051 
f 2070/2070/2070 2050/2050/2050 2071/2071/2071 
f 1764/1764/1764 1765/1765/1765 1766/1766/1766 
f 2169/2169/2169 2170/2170/2170 2171/2171/2171 
f 1903/1903/1903 1904/1904/1904 1905/1905/1905 
f 1904/1904/1904 1906/1906/1906 1907/1907/1907 
f 1485/1485/1485 1486/1486/1486 1487/1487/1487 
f 1486/1486/1486 1797/1797/1797 1487/1487/1487 
f 2031/2031/2031 2032/2032/2032 2033/2033/2033 
f 2191/2191/2191 2033/2033/2033 2032/2032/2032 
f 1455/1455/1455 1456/1456/1456 1457/1457/1457 
f 1456/1456/1456 1455/1455/1455 1648/1648/1648 
f 1519/1519/1519 1520/1520/1520 1521/1521/1521 
f 2005/2005/2005 2006/2006/2006 2007/2007/2007 
f 2006/2006/2006 2005/2005/2005 2037/2037/2037 
f 1593/1593/1593 1594/1594/1594 1595/1595/1595 
f 1594/1594/1594 1593/1593/1593 1596/1596/1596 
f 1596/1596/1596 1810/1810/1810 1594/1594/1594 
f 1810/1810/1810 1596/1596/1596 1811/1811/1811 
f 1652/1652/1652 1653/1653/1653 1654/1654/1654 
f 1653/1653/1653 1652/1652/1652 1680/1680/1680 
f 2046/2046/2046 2047/2047/2047 2048/2048/2048 
f 2047/2047/2047 2046/2046/2046 2073/2073/2073 
f 2118/2118/2118 2119/2119/2119 2120/2120/2120 
f 2119/2119/2119 2118/2118/2118 2122/2122/2122 
f 2313/2313/2313 2120/2120/2120 2119/2119/2119 
f 2120/2120/2120 2313/2313/2313 2314/2314/2314 
f 1566/1566/1566 1567/1567/1567 1568/1568/1568 
f 1567/1567/1567 1566/1566/1566 1576/1576/1576 
f 1628/1628/1628 1576/1576/1576 1566/1566/1566 
f 1576/1576/1576 1628/1628/1628 1880/1880/1880 
f 1667/1667/1667 1668/1668/1668 1669/1669/1669 
f 1668/1668/1668 1667/1667/1667 1670/1670/1670 
f 1688/1688/1688 1668/1668/1668 1670/1670/1670 
f 1668/1668/1668 1688/1688/1688 1689/1689/1689 
f 2062/2062/2062 2063/2063/2063 2064/2064/2064 
f 2063/2063/2063 2062/2062/2062 2065/2065/2065 
f 2062/2062/2062 2079/2079/2079 2065/2065/2065 
f 2079/2079/2079 2062/2062/2062 2080/2080/2080 
f 2088/2088/2088 2089/2089/2089 2090/2090/2090 
f 2088/2088/2088 2096/2096/2096 2089/2089/2089 
f 2133/2133/2133 2088/2088/2088 2090/2090/2090 
f 2090/2090/2090 2283/2283/2283 2133/2133/2133 
f 1540/1540/1540 1541/1541/1541 1542/1542/1542 
f 1956/1956/1956 1957/1957/1957 1958/1958/1958 
f 1505/1505/1505 1506/1506/1506 1507/1507/1507 
f 1507/1507/1507 1506/1506/1506 1508/1508/1508 
f 1507/1507/1507 1508/1508/1508 1509/1509/1509 
f 1630/1630/1630 1631/1631/1631 1632/1632/1632 
f 1631/1631/1631 1630/1630/1630 1645/1645/1645 
f 2145/2145/2145 2146/2146/2146 2147/2147/2147 
f 2146/2146/2146 2145/2145/2145 2149/2149/2149 
f 1451/1451/1451 1452/1452/1452 1453/1453/1453 
f 1453/1453/1453 1454/1454/1454 1451/1451/1451 
f 1577/1577/1577 1578/1578/1578 1579/1579/1579 
f 1578/1578/1578 1577/1577/1577 1580/1580/1580 
f 1686/1686/1686 1579/1579/1579 1578/1578/1578 
f 1579/1579/1579 1686/1686/1686 1687/1687/1687 
f 1911/1911/1911 1912/1912/1912 1913/1913/1913 
f 1938/1938/1938 1913/1913/1913 1912/1912/1912 
f 2001/2001/2001 2002/2002/2002 2003/2003/2003 
f 2002/2002/2002 2001/2001/2001 2004/2004/2004 
f 2082/2082/2082 2083/2083/2083 2084/2084/2084 
f 2082/2082/2082 2084/2084/2084 2085/2085/2085 
f 2083/2083/2083 2087/2087/2087 2084/2084/2084 
f 2083/2083/2083 2086/2086/2086 2087/2087/2087 
f 1501/1501/1501 1502/1502/1502 1503/1503/1503 
f 1501/1501/1501 1504/1504/1504 1502/1502/1502 
f 1914/1914/1914 1915/1915/1915 1916/1916/1916 
f 1917/1917/1917 1916/1916/1916 1915/1915/1915 
f 1437/1437/1437 1438/1438/1438 1439/1439/1439 
f 1438/1438/1438 1437/1437/1437 1444/1444/1444 
f 1978/1978/1978 1979/1979/1979 1980/1980/1980 
f 1978/1978/1978 1983/1983/1983 1979/1979/1979 
f 1725/1725/1725 1726/1726/1726 1727/1727/1727 
f 1726/1726/1726 1725/1725/1725 1729/1729/1729 
f 1725/1725/1725 1730/1730/1730 1729/1729/1729 
f 1730/1730/1730 1725/1725/1725 1735/1735/1735 
f 1728/1728/1728 1727/1727/1727 1726/1726/1726 
f 1727/1727/1727 1728/1728/1728 1740/1740/1740 
f 1728/1728/1728 1739/1739/1739 1740/1740/1740 
f 1741/1741/1741 1739/1739/1739 1728/1728/1728 
f 2250/2250/2250 2251/2251/2251 2252/2252/2252 
f 2251/2251/2251 2250/2250/2250 2253/2253/2253 
f 2250/2250/2250 2254/2254/2254 2253/2253/2253 
f 2254/2254/2254 2250/2250/2250 2255/2255/2255 
f 2255/2255/2255 2256/2256/2256 2254/2254/2254 
f 2256/2256/2256 2255/2255/2255 2265/2265/2265 
f 2256/2256/2256 2265/2265/2265 2266/2266/2266 
f 2266/2266/2266 2267/2267/2267 2256/2256/2256 
f 1432/1432/1432 1433/1433/1433 1434/1434/1434 
f 1468/1468/1468 1433/1433/1433 1432/1432/1432 
f 1989/1989/1989 1990/1990/1990 1991/1991/1991 
f 1994/1994/1994 1989/1989/1989 1991/1991/1991 
f 1584/1584/1584 1585/1585/1585 1586/1586/1586 
f 1585/1585/1585 1584/1584/1584 1629/1629/1629 
f 2093/2093/2093 2094/2094/2094 2095/2095/2095 
f 2094/2094/2094 2093/2093/2093 2134/2134/2134 
f 1603/1603/1603 1604/1604/1604 1605/1605/1605 
f 1604/1604/1604 1603/1603/1603 1646/1646/1646 
f 2107/2107/2107 2108/2108/2108 2109/2109/2109 
f 2108/2108/2108 2107/2107/2107 2148/2148/2148 
f 1440/1440/1440 1441/1441/1441 1442/1442/1442 
f 1440/1440/1440 1443/1443/1443 1441/1441/1441 
f 1974/1974/1974 1975/1975/1975 1976/1976/1976 
f 1977/1977/1977 1976/1976/1976 1975/1975/1975 
f 1637/1637/1637 1638/1638/1638 1639/1639/1639 
f 1638/1638/1638 1637/1637/1637 1823/1823/1823 
f 2154/2154/2154 2155/2155/2155 2156/2156/2156 
f 2155/2155/2155 2154/2154/2154 2326/2326/2326 
f 1612/1612/1612 1613/1613/1613 1614/1614/1614 
f 1612/1612/1612 1808/1808/1808 1613/1613/1613 
f 1772/1772/1772 1773/1773/1773 1774/1774/1774 
f 1773/1773/1773 1772/1772/1772 1783/1783/1783 
f 1782/1782/1782 1783/1783/1783 1772/1772/1772 
f 1783/1783/1783 1782/1782/1782 1785/1785/1785 
f 1784/1784/1784 1785/1785/1785 1782/1782/1782 
f 2136/2136/2136 2137/2137/2137 2138/2138/2138 
f 2312/2312/2312 2138/2138/2138 2137/2137/2137 
f 2185/2185/2185 2186/2186/2186 2187/2187/2187 
f 2186/2186/2186 2185/2185/2185 2208/2208/2208 
f 2208/2208/2208 2207/2207/2207 2186/2186/2186 
f 2207/2207/2207 2208/2208/2208 2205/2205/2205 
f 2205/2205/2205 2206/2206/2206 2207/2207/2207 
f 1429/1429/1429 1430/1430/1430 1431/1431/1431 
f 1431/1431/1431 1450/1450/1450 1429/1429/1429 
f 1986/1986/1986 1987/1987/1987 1988/1988/1988 
f 1987/1987/1987 1986/1986/1986 1995/1995/1995 
f 1590/1590/1590 1591/1591/1591 1592/1592/1592 
f 1591/1591/1591 1590/1590/1590 1602/1602/1602 
f 1602/1602/1602 1824/1824/1824 1591/1591/1591 
f 1824/1824/1824 1602/1602/1602 1893/1893/1893 
f 2112/2112/2112 2113/2113/2113 2114/2114/2114 
f 2113/2113/2113 2112/2112/2112 2121/2121/2121 
f 2304/2304/2304 2114/2114/2114 2113/2113/2113 
f 2114/2114/2114 2304/2304/2304 2305/2305/2305 
f 2103/2103/2103 2104/2104/2104 2105/2105/2105 
f 2104/2104/2104 2103/2103/2103 2110/2110/2110 
f 2284/2284/2284 2105/2105/2105 2104/2104/2104 
f 2105/2105/2105 2284/2284/2284 2285/2285/2285 
f 1886/1886/1886 1887/1887/1887 1888/1888/1888 
f 1887/1887/1887 1886/1886/1886 1892/1892/1892 
f 2296/2296/2296 2297/2297/2297 2298/2298/2298 
f 2297/2297/2297 2296/2296/2296 2303/2303/2303 
f 1569/1569/1569 1570/1570/1570 1571/1571/1571 
f 1571/1571/1571 1575/1575/1575 1569/1569/1569 
f 1864/1864/1864 1569/1569/1569 1575/1575/1575 
f 1575/1575/1575 1863/1863/1863 1864/1864/1864 
f 2097/2097/2097 2098/2098/2098 2099/2099/2099 
f 2106/2106/2106 2098/2098/2098 2097/2097/2097 
f 2277/2277/2277 2106/2106/2106 2097/2097/2097 
f 2106/2106/2106 2277/2277/2277 2278/2278/2278 
f 1615/1615/1615 1616/1616/1616 1617/1617/1617 
f 1617/1617/1617 1877/1877/1877 1615/1615/1615 
f 2142/2142/2142 2143/2143/2143 2144/2144/2144 
f 2143/2143/2143 2142/2142/2142 2282/2282/2282 
f 1624/1624/1624 1625/1625/1625 1626/1626/1626 
f 1625/1625/1625 1624/1624/1624 1647/1647/1647 
f 1769/1769/1769 1770/1770/1770 1771/1771/1771 
f 1770/1770/1770 1862/1862/1862 1771/1771/1771 
f 2074/2074/2074 2075/2075/2075 2076/2076/2076 
f 2075/2075/2075 2074/2074/2074 2077/2077/2077 
f 2192/2192/2192 2193/2193/2193 2194/2194/2194 
f 2194/2194/2194 2193/2193/2193 2275/2275/2275 
f 1826/1826/1826 1827/1827/1827 1828/1828/1828 
f 1827/1827/1827 1826/1826/1826 1831/1831/1831 
f 2344/2344/2344 2345/2345/2345 2346/2346/2346 
f 2345/2345/2345 2344/2344/2344 2349/2349/2349 
f 1572/1572/1572 1573/1573/1573 1574/1574/1574 
f 1573/1573/1573 1572/1572/1572 1601/1601/1601 
f 1574/1574/1574 1876/1876/1876 1572/1572/1572 
f 1876/1876/1876 1574/1574/1574 1879/1879/1879 
f 1798/1798/1798 1799/1799/1799 1800/1800/1800 
f 1800/1800/1800 1801/1801/1801 1798/1798/1798 
f 2317/2317/2317 2318/2318/2318 2319/2319/2319 
f 2320/2320/2320 2318/2318/2318 2317/2317/2317 
f 1587/1587/1587 1588/1588/1588 1589/1589/1589 
f 1588/1588/1588 1587/1587/1587 1600/1600/1600 
f 1589/1589/1589 1809/1809/1809 1587/1587/1587 
f 1809/1809/1809 1589/1589/1589 1881/1881/1881 
f 2100/2100/2100 2101/2101/2101 2102/2102/2102 
f 2101/2101/2101 2100/2100/2100 2111/2111/2111 
f 2287/2287/2287 2102/2102/2102 2101/2101/2101 
f 2102/2102/2102 2287/2287/2287 2288/2288/2288 
f 1609/1609/1609 1610/1610/1610 1611/1611/1611 
f 1611/1611/1611 1878/1878/1878 1609/1609/1609 
f 2139/2139/2139 2140/2140/2140 2141/2141/2141 
f 2140/2140/2140 2139/2139/2139 2286/2286/2286 
f 1846/1846/1846 1847/1847/1847 1848/1848/1848 
f 1847/1847/1847 1846/1846/1846 1849/1849/1849 
f 2362/2362/2362 2363/2363/2363 2364/2364/2364 
f 2364/2364/2364 2365/2365/2365 2362/2362/2362 
f 2654/2654/2654 2655/2655/2655 2656/2656/2656 
f 2676/2676/2676 2677/2677/2677 2678/2678/2678 
f 2485/2485/2485 2486/2486/2486 2487/2487/2487 
f 2485/2485/2485 2487/2487/2487 2488/2488/2488 
f 2679/2679/2679 2680/2680/2680 2681/2681/2681 
f 2681/2681/2681 2682/2682/2682 2679/2679/2679 
f 2665/2665/2665 2666/2666/2666 2667/2667/2667 
f 2665/2665/2665 2667/2667/2667 2668/2668/2668 
f 2662/2662/2662 2663/2663/2663 2664/2664/2664 
f 2662/2662/2662 2664/2664/2664 2675/2675/2675 
f 2657/2657/2657 2658/2658/2658 2659/2659/2659 
f 2657/2657/2657 2659/2659/2659 2683/2683/2683 
f 2512/2512/2512 2513/2513/2513 2514/2514/2514 
f 2513/2513/2513 2512/2512/2512 2661/2661/2661 
f 2651/2651/2651 2652/2652/2652 2653/2653/2653 
f 2652/2652/2652 2651/2651/2651 2660/2660/2660 
f 2509/2509/2509 2510/2510/2510 2511/2511/2511 
f 2510/2510/2510 2509/2509/2509 2646/2646/2646 
f 2489/2489/2489 2490/2490/2490 2491/2491/2491 
f 2490/2490/2490 2489/2489/2489 2492/2492/2492 
f 2515/2515/2515 2516/2516/2516 2517/2517/2517 
f 2516/2516/2516 2515/2515/2515 2702/2702/2702 
f 2672/2672/2672 2673/2673/2673 2674/2674/2674 
f 2470/2470/2470 2471/2471/2471 2472/2472/2472 
f 2642/2642/2642 2643/2643/2643 2644/2644/2644 
f 2643/2643/2643 2642/2642/2642 2645/2645/2645 
f 2669/2669/2669 2670/2670/2670 2671/2671/2671 
f 2482/2482/2482 2483/2483/2483 2484/2484/2484 
f 2592/2592/2592 2593/2593/2593 2594/2594/2594 
f 2717/2717/2717 2718/2718/2718 2719/2719/2719 
f 2718/2718/2718 2717/2717/2717 2720/2720/2720 
f 2647/2647/2647 2648/2648/2648 2649/2649/2649 
f 2648/2648/2648 2647/2647/2647 2650/2650/2650 
f 2709/2709/2709 2710/2710/2710 2711/2711/2711 
f 2684/2684/2684 2685/2685/2685 2686/2686/2686 
f 2685/2685/2685 2684/2684/2684 2721/2721/2721 
f 2714/2714/2714 2715/2715/2715 2716/2716/2716 
f 2518/2518/2518 2519/2519/2519 2520/2520/2520 
f 2519/2519/2519 2518/2518/2518 2703/2703/2703 
f 2506/2506/2506 2507/2507/2507 2508/2508/2508 
f 2467/2467/2467 2468/2468/2468 2469/2469/2469 
f 2595/2595/2595 2596/2596/2596 2597/2597/2597 
f 2596/2596/2596 2595/2595/2595 2601/2601/2601 
f 2699/2699/2699 2700/2700/2700 2701/2701/2701 
f 2700/2700/2700 2699/2699/2699 2722/2722/2722 
f 2496/2496/2496 2497/2497/2497 2498/2498/2498 
f 2473/2473/2473 2474/2474/2474 2475/2475/2475 
f 2602/2602/2602 2603/2603/2603 2604/2604/2604 
f 2603/2603/2603 2602/2602/2602 2641/2641/2641 
f 2499/2499/2499 2500/2500/2500 2501/2501/2501 
f 2500/2500/2500 2499/2499/2499 2704/2704/2704 
f 2696/2696/2696 2697/2697/2697 2698/2698/2698 
f 2697/2697/2697 2696/2696/2696 2705/2705/2705 
f 2479/2479/2479 2480/2480/2480 2481/2481/2481 
f 2476/2476/2476 2477/2477/2477 2478/2478/2478 
f 2493/2493/2493 2494/2494/2494 2495/2495/2495 
f 2494/2494/2494 2493/2493/2493 2505/2505/2505 
f 2598/2598/2598 2599/2599/2599 2600/2600/2600 
f 2706/2706/2706 2707/2707/2707 2708/2708/2708 
f 2707/2707/2707 2706/2706/2706 2712/2712/2712 
f 2502/2502/2502 2503/2503/2503 2504/2504/2504 
f 2503/2503/2503 2502/2502/2502 2687/2687/2687 
f 2521/2521/2521 2522/2522/2522 2523/2523/2523 
f 2691/2691/2691 2692/2692/2692 2693/2693/2693 
f 2692/2692/2692 2691/2691/2691 2713/2713/2713 
f 2407/2407/2407 2408/2408/2408 2409/2409/2409 
f 2408/2408/2408 2407/2407/2407 2550/2550/2550 
f 2556/2556/2556 2557/2557/2557 2558/2558/2558 
f 2547/2547/2547 2548/2548/2548 2549/2549/2549 
f 2688/2688/2688 2689/2689/2689 2690/2690/2690 
f 2579/2579/2579 2580/2580/2580 2581/2581/2581 
f 2580/2580/2580 2579/2579/2579 2695/2695/2695 
f 2384/2384/2384 2385/2385/2385 2386/2386/2386 
f 2538/2538/2538 2539/2539/2539 2540/2540/2540 
f 2559/2559/2559 2540/2540/2540 2539/2539/2539 
f 2540/2540/2540 2559/2559/2559 2694/2694/2694 
f 2381/2381/2381 2382/2382/2382 2383/2383/2383 
f 2541/2541/2541 2542/2542/2542 2543/2543/2543 
f 2542/2542/2542 2541/2541/2541 2560/2560/2560 
f 2410/2410/2410 2411/2411/2411 2412/2412/2412 
f 2411/2411/2411 2410/2410/2410 2578/2578/2578 
f 2534/2534/2534 2535/2535/2535 2536/2536/2536 
f 2535/2535/2535 2534/2534/2534 2537/2537/2537 
f 2551/2551/2551 2536/2536/2536 2535/2535/2535 
f 2536/2536/2536 2551/2551/2551 2552/2552/2552 
f 2378/2378/2378 2379/2379/2379 2380/2380/2380 
f 2379/2379/2379 2378/2378/2378 2387/2387/2387 
f 2544/2544/2544 2545/2545/2545 2546/2546/2546 
f 2526/2526/2526 2527/2527/2527 2528/2528/2528 
f 2526/2526/2526 2528/2528/2528 2561/2561/2561 
f 2391/2391/2391 2392/2392/2392 2393/2393/2393 
f 2392/2392/2392 2391/2391/2391 2525/2525/2525 
f 2391/2391/2391 2524/2524/2524 2525/2525/2525 
f 2397/2397/2397 2398/2398/2398 2399/2399/2399 
f 2398/2398/2398 2397/2397/2397 2413/2413/2413 
f 2367/2367/2367 2368/2368/2368 2369/2369/2369 
f 2368/2368/2368 2367/2367/2367 2370/2370/2370 
f 2388/2388/2388 2389/2389/2389 2390/2390/2390 
f 2389/2389/2389 2529/2529/2529 2390/2390/2390 
f 2389/2389/2389 2530/2530/2530 2529/2529/2529 
f 2586/2586/2586 2587/2587/2587 2588/2588/2588 
f 2588/2588/2588 2589/2589/2589 2586/2586/2586 
f 2587/2587/2587 2586/2586/2586 2590/2590/2590 
f 2590/2590/2590 2591/2591/2591 2587/2587/2587 
f 2591/2591/2591 2590/2590/2590 2605/2605/2605 
f 2631/2631/2631 2591/2591/2591 2605/2605/2605 
f 2631/2631/2631 2632/2632/2632 2591/2591/2591 
f 2414/2414/2414 2415/2415/2415 2416/2416/2416 
f 2553/2553/2553 2554/2554/2554 2555/2555/2555 
f 2531/2531/2531 2532/2532/2532 2533/2533/2533 
f 2568/2568/2568 2569/2569/2569 2570/2570/2570 
f 2570/2570/2570 2575/2575/2575 2568/2568/2568 
f 2394/2394/2394 2395/2395/2395 2396/2396/2396 
f 2571/2571/2571 2572/2572/2572 2573/2573/2573 
f 2572/2572/2572 2571/2571/2571 2585/2585/2585 
f 2400/2400/2400 2401/2401/2401 2402/2402/2402 
f 2434/2434/2434 2435/2435/2435 2436/2436/2436 
f 2434/2434/2434 2466/2466/2466 2435/2435/2435 
f 2371/2371/2371 2372/2372/2372 2373/2373/2373 
f 2372/2372/2372 2371/2371/2371 2374/2374/2374 
f 2375/2375/2375 2376/2376/2376 2377/2377/2377 
f 2375/2375/2375 2377/2377/2377 2406/2406/2406 
f 2437/2437/2437 2438/2438/2438 2439/2439/2439 
f 2437/2437/2437 2440/2440/2440 2438/2438/2438 
f 2606/2606/2606 2607/2607/2607 2608/2608/2608 
f 2565/2565/2565 2566/2566/2566 2567/2567/2567 
f 2566/2566/2566 2576/2576/2576 2577/2577/2577 
f 2609/2609/2609 2610/2610/2610 2611/2611/2611 
f 2637/2637/2637 2611/2611/2611 2638/2638/2638 
f 2637/2637/2637 2638/2638/2638 2640/2640/2640 
f 2403/2403/2403 2404/2404/2404 2405/2405/2405 
f 2404/2404/2404 2403/2403/2403 2582/2582/2582 
f 2446/2446/2446 2447/2447/2447 2448/2448/2448 
f 2447/2447/2447 2446/2446/2446 2574/2574/2574 
f 2417/2417/2417 2418/2418/2418 2419/2419/2419 
f 2418/2418/2418 2417/2417/2417 2420/2420/2420 
f 2431/2431/2431 2432/2432/2432 2433/2433/2433 
f 2431/2431/2431 2441/2441/2441 2432/2432/2432 
f 2456/2456/2456 2431/2431/2431 2433/2433/2433 
f 2457/2457/2457 2458/2458/2458 2459/2459/2459 
f 2460/2460/2460 2461/2461/2461 2462/2462/2462 
f 2619/2619/2619 2620/2620/2620 2621/2621/2621 
f 2620/2620/2620 2619/2619/2619 2622/2622/2622 
f 2442/2442/2442 2443/2443/2443 2444/2444/2444 
f 2628/2628/2628 2629/2629/2629 2630/2630/2630 
f 2630/2630/2630 2634/2634/2634 2628/2628/2628 
f 2639/2639/2639 2634/2634/2634 2630/2630/2630 
f 2635/2635/2635 2634/2634/2634 2639/2639/2639 
f 2633/2633/2633 2634/2634/2634 2635/2635/2635 
f 2634/2634/2634 2633/2633/2633 2636/2636/2636 
f 2421/2421/2421 2422/2422/2422 2423/2423/2423 
f 2424/2424/2424 2425/2425/2425 2426/2426/2426 
f 2424/2424/2424 2427/2427/2427 2425/2425/2425 
f 2426/2426/2426 2583/2583/2583 2584/2584/2584 
f 2453/2453/2453 2454/2454/2454 2455/2455/2455 
f 2463/2463/2463 2464/2464/2464 2465/2465/2465 
f 2616/2616/2616 2617/2617/2617 2618/2618/2618 
f 2617/2617/2617 2616/2616/2616 2623/2623/2623 
f 2957/2957/2957 2958/2958/2958 2959/2959/2959 
f 2959/2959/2959 2960/2960/2960 2957/2957/2957 
f 2954/2954/2954 2955/2955/2955 2956/2956/2956 
f 2954/2954/2954 2963/2963/2963 2955/2955/2955 
f 2936/2936/2936 2937/2937/2937 2938/2938/2938 
f 2612/2612/2612 2613/2613/2613 2614/2614/2614 
f 2613/2613/2613 2612/2612/2612 2615/2615/2615 
f 2754/2754/2754 2755/2755/2755 2756/2756/2756 
f 2755/2755/2755 2754/2754/2754 2935/2935/2935 
f 2428/2428/2428 2429/2429/2429 2430/2430/2430 
f 2428/2428/2428 2430/2430/2430 2445/2445/2445 
f 2760/2760/2760 2761/2761/2761 2762/2762/2762 
f 2976/2976/2976 2977/2977/2977 2978/2978/2978 
f 2978/2978/2978 2979/2979/2979 2976/2976/2976 
f 2625/2625/2625 2626/2626/2626 2627/2627/2627 
f 2626/2626/2626 2625/2625/2625 2949/2949/2949 
f 2748/2748/2748 2749/2749/2749 2750/2750/2750 
f 2723/2723/2723 2724/2724/2724 2725/2725/2725 
f 2723/2723/2723 2725/2725/2725 2729/2729/2729 
f 2562/2562/2562 2563/2563/2563 2564/2564/2564 
f 2563/2563/2563 2562/2562/2562 2624/2624/2624 
f 2769/2769/2769 2770/2770/2770 2771/2771/2771 
f 2766/2766/2766 2767/2767/2767 2768/2768/2768 
f 2449/2449/2449 2450/2450/2450 2451/2451/2451 
f 2450/2450/2450 2449/2449/2449 2452/2452/2452 
f 2733/2733/2733 2734/2734/2734 2735/2735/2735 
f 2773/2773/2773 2774/2774/2774 2775/2775/2775 
f 2763/2763/2763 2764/2764/2764 2765/2765/2765 
f 2726/2726/2726 2727/2727/2727 2728/2728/2728 
f 2726/2726/2726 2739/2739/2739 2727/2727/2727 
f 2772/2772/2772 2726/2726/2726 2728/2728/2728 
f 2776/2776/2776 2777/2777/2777 2778/2778/2778 
f 2950/2950/2950 2951/2951/2951 2952/2952/2952 
f 2952/2952/2952 2953/2953/2953 2950/2950/2950 
f 2967/2967/2967 2953/2953/2953 2952/2952/2952 
f 2966/2966/2966 2953/2953/2953 2967/2967/2967 
f 2964/2964/2964 2953/2953/2953 2966/2966/2966 
f 2953/2953/2953 2964/2964/2964 2965/2965/2965 
f 2730/2730/2730 2731/2731/2731 2732/2732/2732 
f 2730/2730/2730 2743/2743/2743 2731/2731/2731 
f 2807/2807/2807 2808/2808/2808 2809/2809/2809 
f 2751/2751/2751 2752/2752/2752 2753/2753/2753 
f 2752/2752/2752 2751/2751/2751 2948/2948/2948 
f 2736/2736/2736 2737/2737/2737 2738/2738/2738 
f 2980/2980/2980 2981/2981/2981 2982/2982/2982 
f 2779/2779/2779 2780/2780/2780 2781/2781/2781 
f 2782/2782/2782 2783/2783/2783 2784/2784/2784 
f 2740/2740/2740 2741/2741/2741 2742/2742/2742 
f 2740/2740/2740 2742/2742/2742 2744/2744/2744 
f 2810/2810/2810 2744/2744/2744 2811/2811/2811 
f 2939/2939/2939 2940/2940/2940 2941/2941/2941 
f 2942/2942/2942 2941/2941/2941 2943/2943/2943 
f 2942/2942/2942 2943/2943/2943 2947/2947/2947 
f 2835/2835/2835 2836/2836/2836 2837/2837/2837 
f 2836/2836/2836 2835/2835/2835 2841/2841/2841 
f 2757/2757/2757 2758/2758/2758 2759/2759/2759 
f 2845/2845/2845 2846/2846/2846 2847/2847/2847 
f 2968/2968/2968 2969/2969/2969 2970/2970/2970 
f 2969/2969/2969 2968/2968/2968 2974/2974/2974 
f 2745/2745/2745 2746/2746/2746 2747/2747/2747 
f 2745/2745/2745 2861/2861/2861 2746/2746/2746 
f 2794/2794/2794 2795/2795/2795 2796/2796/2796 
f 2794/2794/2794 2796/2796/2796 2821/2821/2821 
f 2991/2991/2991 2992/2992/2992 2993/2993/2993 
f 2971/2971/2971 2972/2972/2972 2973/2973/2973 
f 2973/2973/2973 2975/2975/2975 2971/2971/2971 
f 2838/2838/2838 2839/2839/2839 2840/2840/2840 
f 2984/2984/2984 2985/2985/2985 2986/2986/2986 
f 2788/2788/2788 2789/2789/2789 2790/2790/2790 
f 2862/2862/2862 2863/2863/2863 2864/2864/2864 
f 2785/2785/2785 2786/2786/2786 2787/2787/2787 
f 2944/2944/2944 2945/2945/2945 2946/2946/2946 
f 2944/2944/2944 2946/2946/2946 2961/2961/2961 
f 2946/2946/2946 2962/2962/2962 2961/2961/2961 
f 2962/2962/2962 2946/2946/2946 2994/2994/2994 
f 2994/2994/2994 2995/2995/2995 2962/2962/2962 
f 2995/2995/2995 2994/2994/2994 2996/2996/2996 
f 2996/2996/2996 2997/2997/2997 2995/2995/2995 
f 2798/2798/2798 2799/2799/2799 2800/2800/2800 
f 2799/2799/2799 2798/2798/2798 2822/2822/2822 
f 2842/2842/2842 2798/2798/2798 2800/2800/2800 
f 2812/2812/2812 2813/2813/2813 2814/2814/2814 
f 2848/2848/2848 2849/2849/2849 2850/2850/2850 
f 2848/2848/2848 2850/2850/2850 2872/2872/2872 
f 2823/2823/2823 2824/2824/2824 2825/2825/2825 
f 2824/2824/2824 2843/2843/2843 2854/2854/2854 
f 2843/2843/2843 2824/2824/2824 2844/2844/2844 
f 2815/2815/2815 2816/2816/2816 2817/2817/2817 
f 2791/2791/2791 2792/2792/2792 2793/2793/2793 
f 2792/2792/2792 2791/2791/2791 2797/2797/2797 
f 2855/2855/2855 2856/2856/2856 2857/2857/2857 
f 2818/2818/2818 2819/2819/2819 2820/2820/2820 
f 2819/2819/2819 2818/2818/2818 2983/2983/2983 
f 2865/2865/2865 2866/2866/2866 2867/2867/2867 
f 2804/2804/2804 2805/2805/2805 2806/2806/2806 
f 2851/2851/2851 2852/2852/2852 2853/2853/2853 
f 2801/2801/2801 2802/2802/2802 2803/2803/2803 
f 2873/2873/2873 2874/2874/2874 2875/2875/2875 
f 2987/2987/2987 2988/2988/2988 2989/2989/2989 
f 2988/2988/2988 2987/2987/2987 2990/2990/2990 
f 2826/2826/2826 2827/2827/2827 2828/2828/2828 
f 2832/2832/2832 2833/2833/2833 2834/2834/2834 
f 2868/2868/2868 2869/2869/2869 2870/2870/2870 
f 2869/2869/2869 2868/2868/2868 2871/2871/2871 
f 2871/2871/2871 2882/2882/2882 2883/2883/2883 
f 3015/3015/3015 3016/3016/3016 3017/3017/3017 
f 2879/2879/2879 2880/2880/2880 2881/2881/2881 
f 2884/2884/2884 2881/2881/2881 2880/2880/2880 
f 2881/2881/2881 2884/2884/2884 2885/2885/2885 
f 2858/2858/2858 2859/2859/2859 2860/2860/2860 
f 3040/3040/3040 3041/3041/3041 3042/3042/3042 
f 2876/2876/2876 2877/2877/2877 2878/2878/2878 
f 2829/2829/2829 2830/2830/2830 2831/2831/2831 
f 2830/2830/2830 2829/2829/2829 2907/2907/2907 
f 3012/3012/3012 3013/3013/3013 3014/3014/3014 
f 3055/3055/3055 3014/3014/3014 3013/3013/3013 
f 3055/3055/3055 3013/3013/3013 3056/3056/3056 
f 2904/2904/2904 2905/2905/2905 2906/2906/2906 
f 3018/3018/3018 3019/3019/3019 3020/3020/3020 
f 2886/2886/2886 2887/2887/2887 2888/2888/2888 
f 2887/2887/2887 2886/2886/2886 2889/2889/2889 
f 2888/2888/2888 3038/3038/3038 3039/3039/3039 
f 2908/2908/2908 2909/2909/2909 2910/2910/2910 
f 3043/3043/3043 3044/3044/3044 3045/3045/3045 
f 3099/3099/3099 3100/3100/3100 3101/3101/3101 
f 3100/3100/3100 3099/3099/3099 3102/3102/3102 
f 2890/2890/2890 2891/2891/2891 2892/2892/2892 
f 2891/2891/2891 2890/2890/2890 2897/2897/2897 
f 3004/3004/3004 3005/3005/3005 3006/3006/3006 
f 3004/3004/3004 3006/3006/3006 3007/3007/3007 
f 3005/3005/3005 3081/3081/3081 3082/3082/3082 
f 3046/3046/3046 3047/3047/3047 3048/3048/3048 
f 2911/2911/2911 2912/2912/2912 2913/2913/2913 
f 3021/3021/3021 3022/3022/3022 3023/3023/3023 
f 3031/3031/3031 3032/3032/3032 3033/3033/3033 
f 3032/3032/3032 3031/3031/3031 3057/3057/3057 
f 3001/3001/3001 3002/3002/3002 3003/3003/3003 
f 3001/3001/3001 3011/3011/3011 3002/3002/3002 
f 2893/2893/2893 2894/2894/2894 2895/2895/2895 
f 2894/2894/2894 2893/2893/2893 2896/2896/2896 
f 3052/3052/3052 3053/3053/3053 3054/3054/3054 
f 2901/2901/2901 2902/2902/2902 2903/2903/2903 
f 3035/3035/3035 3036/3036/3036 3037/3037/3037 
f 3036/3036/3036 3035/3035/3035 3058/3058/3058 
f 3027/3027/3027 3028/3028/3028 3029/3029/3029 
f 2917/2917/2917 2918/2918/2918 2919/2919/2919 
f 2918/2918/2918 2917/2917/2917 3030/3030/3030 
f 3049/3049/3049 3050/3050/3050 3051/3051/3051 
f 3024/3024/3024 3025/3025/3025 3026/3026/3026 
f 2932/2932/2932 2933/2933/2933 2934/2934/2934 
f 2933/2933/2933 2932/2932/2932 3059/3059/3059 
f 2898/2898/2898 2899/2899/2899 2900/2900/2900 
f 3060/3060/3060 2900/2900/2900 2899/2899/2899 
f 2900/2900/2900 3060/3060/3060 3061/3061/3061 
f 2914/2914/2914 2915/2915/2915 2916/2916/2916 
f 2915/2915/2915 2914/2914/2914 3062/3062/3062 
f 2923/2923/2923 2924/2924/2924 2925/2925/2925 
f 2924/2924/2924 2923/2923/2923 3034/3034/3034 
f 3078/3078/3078 3079/3079/3079 3080/3080/3080 
f 3092/3092/3092 3093/3093/3093 3094/3094/3094 
f 3063/3063/3063 3064/3064/3064 3065/3065/3065 
f 3066/3066/3066 3067/3067/3067 3068/3068/3068 
f 3083/3083/3083 3084/3084/3084 3085/3085/3085 
f 3095/3095/3095 3096/3096/3096 3097/3097/3097 
f 3095/3095/3095 3097/3097/3097 3098/3098/3098 
f 2920/2920/2920 2921/2921/2921 2922/2922/2922 
f 3008/3008/3008 3009/3009/3009 3010/3010/3010 
f 3089/3089/3089 3090/3090/3090 3091/3091/3091 
f 3069/3069/3069 3070/3070/3070 3071/3071/3071 
f 2998/2998/2998 2999/2999/2999 3000/3000/3000 
f 3086/3086/3086 3087/3087/3087 3088/3088/3088 
f 2926/2926/2926 2927/2927/2927 2928/2928/2928 
f 2926/2926/2926 2928/2928/2928 3072/3072/3072 
f 2929/2929/2929 2930/2930/2930 2931/2931/2931 
f 2930/2930/2930 2929/2929/2929 3073/3073/3073 
f 3074/3074/3074 3075/3075/3075 3076/3076/3076 
f 3075/3075/3075 3074/3074/3074 3077/3077/3077 
f 3731/3731/3731 3732/3732/3732 3733/3733/3733 
f 3245/3245/3245 3246/3246/3246 3247/3247/3247 
f 3246/3246/3246 3245/3245/3245 3248/3248/3248 
f 3722/3722/3722 3723/3723/3723 3724/3724/3724 
f 3723/3723/3723 3722/3722/3722 3726/3726/3726 
f 3237/3237/3237 3238/3238/3238 3239/3239/3239 
f 3238/3238/3238 3237/3237/3237 3249/3249/3249 
f 3719/3719/3719 3720/3720/3720 3721/3721/3721 
f 3720/3720/3720 3719/3719/3719 3725/3725/3725 
f 3707/3707/3707 3708/3708/3708 3709/3709/3709 
f 3708/3708/3708 3707/3707/3707 3710/3710/3710 
f 3223/3223/3223 3224/3224/3224 3225/3225/3225 
f 3230/3230/3230 3231/3231/3231 3232/3232/3232 
f 3745/3745/3745 3746/3746/3746 3747/3747/3747 
f 3746/3746/3746 3745/3745/3745 3751/3751/3751 
f 3271/3271/3271 3272/3272/3272 3273/3273/3273 
f 3272/3272/3272 3271/3271/3271 3274/3274/3274 
f 3754/3754/3754 3755/3755/3755 3756/3756/3756 
f 3755/3755/3755 3754/3754/3754 3758/3758/3758 
f 3302/3302/3302 3303/3303/3303 3304/3304/3304 
f 3304/3304/3304 3305/3305/3305 3302/3302/3302 
f 3675/3675/3675 3676/3676/3676 3677/3677/3677 
f 3676/3676/3676 3675/3675/3675 3678/3678/3678 
f 3233/3233/3233 3234/3234/3234 3235/3235/3235 
f 3234/3234/3234 3233/3233/3233 3236/3236/3236 
f 3299/3299/3299 3300/3300/3300 3301/3301/3301 
f 3300/3300/3300 3299/3299/3299 3306/3306/3306 
f 3668/3668/3668 3669/3669/3669 3670/3670/3670 
f 3669/3669/3669 3668/3668/3668 3674/3674/3674 
f 3704/3704/3704 3705/3705/3705 3706/3706/3706 
f 3705/3705/3705 3704/3704/3704 3711/3711/3711 
f 3286/3286/3286 3287/3287/3287 3288/3288/3288 
f 3287/3287/3287 3286/3286/3286 3307/3307/3307 
f 3659/3659/3659 3660/3660/3660 3661/3661/3661 
f 3665/3665/3665 3666/3666/3666 3667/3667/3667 
f 3282/3282/3282 3283/3283/3283 3284/3284/3284 
f 3283/3283/3283 3282/3282/3282 3285/3285/3285 
f 3653/3653/3653 3654/3654/3654 3655/3655/3655 
f 3656/3656/3656 3657/3657/3657 3658/3658/3658 
f 3292/3292/3292 3293/3293/3293 3294/3294/3294 
f 3295/3295/3295 3296/3296/3296 3297/3297/3297 
f 3646/3646/3646 3647/3647/3647 3648/3648/3648 
f 3647/3647/3647 3646/3646/3646 3649/3649/3649 
f 3123/3123/3123 3124/3124/3124 3125/3125/3125 
f 3126/3126/3126 3127/3127/3127 3128/3128/3128 
f 3607/3607/3607 3608/3608/3608 3609/3609/3609 
f 3608/3608/3608 3607/3607/3607 3610/3610/3610 
f 3134/3134/3134 3135/3135/3135 3136/3136/3136 
f 3135/3135/3135 3134/3134/3134 3152/3152/3152 
f 3611/3611/3611 3612/3612/3612 3613/3613/3613 
f 3637/3637/3637 3638/3638/3638 3639/3639/3639 
f 3117/3117/3117 3118/3118/3118 3119/3119/3119 
f 3119/3119/3119 3130/3130/3130 3117/3117/3117 
f 3177/3177/3177 3178/3178/3178 3179/3179/3179 
f 3178/3178/3178 3177/3177/3177 3180/3180/3180 
f 3542/3542/3542 3543/3543/3543 3544/3544/3544 
f 3545/3545/3545 3546/3546/3546 3547/3547/3547 
f 3595/3595/3595 3596/3596/3596 3597/3597/3597 
f 3599/3599/3599 3600/3600/3600 3601/3601/3601 
f 3120/3120/3120 3121/3121/3121 3122/3122/3122 
f 3122/3122/3122 3129/3129/3129 3120/3120/3120 
f 3602/3602/3602 3603/3603/3603 3604/3604/3604 
f 3603/3603/3603 3602/3602/3602 3605/3605/3605 
f 3473/3473/3473 3474/3474/3474 3475/3475/3475 
f 3925/3925/3925 3926/3926/3926 3927/3927/3927 
f 3317/3317/3317 3318/3318/3318 3319/3319/3319 
f 3318/3318/3318 3317/3317/3317 3326/3326/3326 
f 3681/3681/3681 3682/3682/3682 3683/3683/3683 
f 3682/3682/3682 3681/3681/3681 3692/3692/3692 
f 3634/3634/3634 3635/3635/3635 3636/3636/3636 
f 3854/3854/3854 3634/3634/3634 3855/3855/3855 
f 3308/3308/3308 3309/3309/3309 3310/3310/3310 
f 3309/3309/3309 3308/3308/3308 3311/3311/3311 
f 3671/3671/3671 3672/3672/3672 3673/3673/3673 
f 3672/3672/3672 3671/3671/3671 3679/3679/3679 
f 3187/3187/3187 3188/3188/3188 3189/3189/3189 
f 3189/3189/3189 3190/3190/3190 3187/3187/3187 
f 3537/3537/3537 3538/3538/3538 3539/3539/3539 
f 3538/3538/3538 3537/3537/3537 3540/3540/3540 
f 3487/3487/3487 3488/3488/3488 3489/3489/3489 
f 3494/3494/3494 3489/3489/3489 3488/3488/3488 
f 3489/3489/3489 3494/3494/3494 3496/3496/3496 
f 3495/3495/3495 3496/3496/3496 3494/3494/3494 
f 3250/3250/3250 3251/3251/3251 3252/3252/3252 
f 3275/3275/3275 3276/3276/3276 3277/3277/3277 
f 3712/3712/3712 3713/3713/3713 3714/3714/3714 
f 3713/3713/3713 3712/3712/3712 3752/3752/3752 
f 3141/3141/3141 3142/3142/3142 3143/3143/3143 
f 3142/3142/3142 3141/3141/3141 3154/3154/3154 
f 3153/3153/3153 3142/3142/3142 3154/3154/3154 
f 3628/3628/3628 3629/3629/3629 3630/3630/3630 
f 3629/3629/3629 3628/3628/3628 3631/3631/3631 
f 3628/3628/3628 3852/3852/3852 3853/3853/3853 
f 3852/3852/3852 3856/3856/3856 3857/3857/3857 
f 3858/3858/3858 3857/3857/3857 3856/3856/3856 
f 3220/3220/3220 3221/3221/3221 3222/3222/3222 
f 3221/3221/3221 3220/3220/3220 3315/3315/3315 
f 3640/3640/3640 3641/3641/3641 3642/3642/3642 
f 3641/3641/3641 3640/3640/3640 3687/3687/3687 
f 3289/3289/3289 3290/3290/3290 3291/3291/3291 
f 3291/3291/3291 3298/3298/3298 3289/3289/3289 
f 3650/3650/3650 3651/3651/3651 3652/3652/3652 
f 3662/3662/3662 3663/3663/3663 3664/3664/3664 
f 3428/3428/3428 3429/3429/3429 3430/3430/3430 
f 3430/3430/3430 3454/3454/3454 3455/3455/3455 
f 3312/3312/3312 3313/3313/3313 3314/3314/3314 
f 3314/3314/3314 3334/3334/3334 3312/3312/3312 
f 3684/3684/3684 3685/3685/3685 3686/3686/3686 
f 3693/3693/3693 3694/3694/3694 3695/3695/3695 
f 3253/3253/3253 3254/3254/3254 3255/3255/3255 
f 3254/3254/3254 3253/3253/3253 3260/3260/3260 
f 3737/3737/3737 3738/3738/3738 3739/3739/3739 
f 3738/3738/3738 3737/3737/3737 3744/3744/3744 
f 3265/3265/3265 3266/3266/3266 3267/3267/3267 
f 3267/3267/3267 3278/3278/3278 3265/3265/3265 
f 3734/3734/3734 3735/3735/3735 3736/3736/3736 
f 3735/3735/3735 3734/3734/3734 3753/3753/3753 
f 3279/3279/3279 3280/3280/3280 3281/3281/3281 
f 3280/3280/3280 3279/3279/3279 3316/3316/3316 
f 3688/3688/3688 3689/3689/3689 3690/3690/3690 
f 3689/3689/3689 3688/3688/3688 3691/3691/3691 
f 3148/3148/3148 3149/3149/3149 3150/3150/3150 
f 3339/3339/3339 3148/3148/3148 3150/3150/3150 
f 3148/3148/3148 3151/3151/3151 3149/3149/3149 
f 3151/3151/3151 3155/3155/3155 3149/3149/3149 
f 3339/3339/3339 3340/3340/3340 3341/3341/3341 
f 3356/3356/3356 3155/3155/3155 3357/3357/3357 
f 3357/3357/3357 3155/3155/3155 3486/3486/3486 
f 3479/3479/3479 3357/3357/3357 3486/3486/3486 
f 3479/3479/3479 3480/3480/3480 3357/3357/3357 
f 3484/3484/3484 3480/3480/3480 3479/3479/3479 
f 3480/3480/3480 3484/3484/3484 3485/3485/3485 
f 3480/3480/3480 3485/3485/3485 3506/3506/3506 
f 3620/3620/3620 3621/3621/3621 3622/3622/3622 
f 3632/3632/3632 3622/3622/3622 3621/3621/3621 
f 3622/3622/3622 3632/3632/3632 3633/3633/3633 
f 3620/3620/3620 3808/3808/3808 3843/3843/3843 
f 3807/3807/3807 3808/3808/3808 3809/3809/3809 
f 3826/3826/3826 3827/3827/3827 3632/3632/3632 
f 3827/3827/3827 3844/3844/3844 3632/3632/3632 
f 3827/3827/3827 3845/3845/3845 3844/3844/3844 
f 3845/3845/3845 3827/3827/3827 3849/3849/3849 
f 3845/3845/3845 3849/3849/3849 3851/3851/3851 
f 3849/3849/3849 3850/3850/3850 3851/3851/3851 
f 3850/3850/3850 3849/3849/3849 3868/3868/3868 
f 3103/3103/3103 3104/3104/3104 3105/3105/3105 
f 3104/3104/3104 3103/3103/3103 3112/3112/3112 
f 3585/3585/3585 3586/3586/3586 3587/3587/3587 
f 3586/3586/3586 3585/3585/3585 3588/3588/3588 
f 3106/3106/3106 3107/3107/3107 3108/3108/3108 
f 3109/3109/3109 3110/3110/3110 3111/3111/3111 
f 3592/3592/3592 3593/3593/3593 3594/3594/3594 
f 3593/3593/3593 3592/3592/3592 3598/3598/3598 
f 3160/3160/3160 3161/3161/3161 3162/3162/3162 
f 3167/3167/3167 3168/3168/3168 3169/3169/3169 
f 3518/3518/3518 3519/3519/3519 3520/3520/3520 
f 3521/3521/3521 3522/3522/3522 3523/3523/3523 
f 3331/3331/3331 3332/3332/3332 3333/3333/3333 
f 3332/3332/3332 3331/3331/3331 3335/3335/3335 
f 3696/3696/3696 3697/3697/3697 3698/3698/3698 
f 3697/3697/3697 3696/3696/3696 3699/3699/3699 
f 3320/3320/3320 3321/3321/3321 3322/3322/3322 
f 3323/3323/3323 3324/3324/3324 3325/3325/3325 
f 3643/3643/3643 3644/3644/3644 3645/3645/3645 
f 3644/3644/3644 3643/3643/3643 3680/3680/3680 
f 3170/3170/3170 3171/3171/3171 3172/3172/3172 
f 3172/3172/3172 3173/3173/3173 3170/3170/3170 
f 3515/3515/3515 3516/3516/3516 3517/3517/3517 
f 3516/3516/3516 3515/3515/3515 3524/3524/3524 
f 3327/3327/3327 3328/3328/3328 3329/3329/3329 
f 3328/3328/3328 3327/3327/3327 3330/3330/3330 
f 3700/3700/3700 3701/3701/3701 3702/3702/3702 
f 3701/3701/3701 3700/3700/3700 3703/3703/3703 
f 3859/3859/3859 3860/3860/3860 3861/3861/3861 
f 3866/3866/3866 3859/3859/3859 3861/3861/3861 
f 3865/3865/3865 3866/3866/3866 3867/3867/3867 
f 3890/3890/3890 3891/3891/3891 3865/3865/3865 
f 3890/3890/3890 3865/3865/3865 3895/3895/3895 
f 3920/3920/3920 3890/3890/3890 3895/3895/3895 
f 3920/3920/3920 3895/3895/3895 3921/3921/3921 
f 3405/3405/3405 3406/3406/3406 3407/3407/3407 
f 3406/3406/3406 3405/3405/3405 3408/3408/3408 
f 3759/3759/3759 3760/3760/3760 3761/3761/3761 
f 3760/3760/3760 3759/3759/3759 3777/3777/3777 
f 3131/3131/3131 3132/3132/3132 3133/3133/3133 
f 3181/3181/3181 3182/3182/3182 3183/3183/3183 
f 3548/3548/3548 3549/3549/3549 3550/3550/3550 
f 3549/3549/3549 3548/3548/3548 3606/3606/3606 
f 3137/3137/3137 3138/3138/3138 3139/3139/3139 
f 3138/3138/3138 3137/3137/3137 3140/3140/3140 
f 3614/3614/3614 3615/3615/3615 3616/3616/3616 
f 3615/3615/3615 3614/3614/3614 3627/3627/3627 
f 3402/3402/3402 3403/3403/3403 3404/3404/3404 
f 3778/3778/3778 3779/3779/3779 3780/3780/3780 
f 3201/3201/3201 3202/3202/3202 3203/3203/3203 
f 3201/3201/3201 3203/3203/3203 3204/3204/3204 
f 3552/3552/3552 3553/3553/3553 3554/3554/3554 
f 3555/3555/3555 3556/3556/3556 3557/3557/3557 
f 3395/3395/3395 3396/3396/3396 3397/3397/3397 
f 3785/3785/3785 3786/3786/3786 3787/3787/3787 
f 3349/3349/3349 3350/3350/3350 3351/3351/3351 
f 3804/3804/3804 3805/3805/3805 3806/3806/3806 
f 3113/3113/3113 3114/3114/3114 3115/3115/3115 
f 3115/3115/3115 3116/3116/3116 3113/3113/3113 
f 3582/3582/3582 3583/3583/3583 3584/3584/3584 
f 3589/3589/3589 3590/3590/3590 3591/3591/3591 
f 3346/3346/3346 3347/3347/3347 3348/3348/3348 
f 3348/3348/3348 3365/3365/3365 3346/3346/3346 
f 3347/3347/3347 3346/3346/3346 3366/3366/3366 
f 3365/3365/3365 3358/3358/3358 3346/3346/3346 
f 3365/3365/3365 3359/3359/3359 3358/3358/3358 
f 3358/3358/3358 3359/3359/3359 3360/3360/3360 
f 3366/3366/3366 3401/3401/3401 3347/3347/3347 
f 3401/3401/3401 3366/3366/3366 3420/3420/3420 
f 3420/3420/3420 3421/3421/3421 3401/3401/3401 
f 3421/3421/3421 3420/3420/3420 3418/3418/3418 
f 3418/3418/3418 3411/3411/3411 3421/3421/3421 
f 3409/3409/3409 3411/3411/3411 3418/3418/3418 
f 3409/3409/3409 3410/3410/3410 3411/3411/3411 
f 3419/3419/3419 3410/3410/3410 3409/3409/3409 
f 3768/3768/3768 3769/3769/3769 3770/3770/3770 
f 3768/3768/3768 3793/3793/3793 3769/3769/3769 
f 3769/3769/3769 3792/3792/3792 3770/3770/3770 
f 3792/3792/3792 3801/3801/3801 3770/3770/3770 
f 3792/3792/3792 3791/3791/3791 3801/3801/3801 
f 3791/3791/3791 3788/3788/3788 3801/3801/3801 
f 3789/3789/3789 3788/3788/3788 3791/3791/3791 
f 3788/3788/3788 3789/3789/3789 3790/3790/3790 
f 3789/3789/3789 3813/3813/3813 3790/3790/3790 
f 3813/3813/3813 3814/3814/3814 3790/3790/3790 
f 3813/3813/3813 3823/3823/3823 3814/3814/3814 
f 3823/3823/3823 3813/3813/3813 3824/3824/3824 
f 3822/3822/3822 3823/3823/3823 3824/3824/3824 
f 3822/3822/3822 3824/3824/3824 3828/3828/3828 
f 3194/3194/3194 3195/3195/3195 3196/3196/3196 
f 3195/3195/3195 3194/3194/3194 3206/3206/3206 
f 3568/3568/3568 3569/3569/3569 3570/3570/3570 
f 3568/3568/3568 3581/3581/3581 3569/3569/3569 
f 3191/3191/3191 3192/3192/3192 3193/3193/3193 
f 3207/3207/3207 3208/3208/3208 3209/3209/3209 
f 3525/3525/3525 3526/3526/3526 3527/3527/3527 
f 3526/3526/3526 3525/3525/3525 3551/3551/3551 
f 3163/3163/3163 3164/3164/3164 3165/3165/3165 
f 3165/3165/3165 3166/3166/3166 3163/3163/3163 
f 3174/3174/3174 3175/3175/3175 3176/3176/3176 
f 3184/3184/3184 3185/3185/3185 3186/3186/3186 
f 3528/3528/3528 3529/3529/3529 3530/3530/3530 
f 3531/3531/3531 3532/3532/3532 3533/3533/3533 
f 3534/3534/3534 3535/3535/3535 3536/3536/3536 
f 3535/3535/3535 3534/3534/3534 3541/3541/3541 
f 3431/3431/3431 3432/3432/3432 3433/3433/3433 
f 3452/3452/3452 3453/3453/3453 3431/3431/3431 
f 3493/3493/3493 3433/3433/3433 3432/3432/3432 
f 3493/3493/3493 3432/3432/3432 3497/3497/3497 
f 3507/3507/3507 3493/3493/3493 3497/3497/3497 
f 3762/3762/3762 3763/3763/3763 3764/3764/3764 
f 3210/3210/3210 3211/3211/3211 3212/3212/3212 
f 3212/3212/3212 3213/3213/3213 3210/3210/3210 
f 3577/3577/3577 3578/3578/3578 3579/3579/3579 
f 3578/3578/3578 3577/3577/3577 3580/3580/3580 
f 3481/3481/3481 3482/3482/3482 3483/3483/3483 
f 3846/3846/3846 3847/3847/3847 3848/3848/3848 
f 3367/3367/3367 3368/3368/3368 3369/3369/3369 
f 3373/3373/3373 3369/3369/3369 3368/3368/3368 
f 3368/3368/3368 3367/3367/3367 3370/3370/3370 
f 3369/3369/3369 3373/3373/3373 3377/3377/3377 
f 3371/3371/3371 3370/3370/3370 3367/3367/3367 
f 3376/3376/3376 3377/3377/3377 3373/3373/3373 
f 3370/3370/3370 3371/3371/3371 3372/3372/3372 
f 3371/3371/3371 3378/3378/3378 3372/3372/3372 
f 3371/3371/3371 3503/3503/3503 3378/3378/3378 
f 3377/3377/3377 3376/3376/3376 3379/3379/3379 
f 3380/3380/3380 3379/3379/3379 3376/3376/3376 
f 3379/3379/3379 3380/3380/3380 3381/3381/3381 
f 3830/3830/3830 3831/3831/3831 3832/3832/3832 
f 3831/3831/3831 3830/3830/3830 3837/3837/3837 
f 3832/3832/3832 3833/3833/3833 3830/3830/3830 
f 3837/3837/3837 3838/3838/3838 3831/3831/3831 
f 3833/3833/3833 3832/3832/3832 3834/3834/3834 
f 3838/3838/3838 3837/3837/3837 3840/3840/3840 
f 3840/3840/3840 3839/3839/3839 3838/3838/3838 
f 3839/3839/3839 3840/3840/3840 3841/3841/3841 
f 3834/3834/3834 3835/3835/3835 3833/3833/3833 
f 3835/3835/3835 3834/3834/3834 3836/3836/3836 
f 3836/3836/3836 3842/3842/3842 3835/3835/3835 
f 3835/3835/3835 3842/3842/3842 3876/3876/3876 
f 3498/3498/3498 3499/3499/3499 3500/3500/3500 
f 3500/3500/3500 3499/3499/3499 3505/3505/3505 
f 3499/3499/3499 3504/3504/3504 3505/3505/3505 
f 3513/3513/3513 3504/3504/3504 3514/3514/3514 
f 3501/3501/3501 3499/3499/3499 3502/3502/3502 
f 3869/3869/3869 3870/3870/3870 3871/3871/3871 
f 3869/3869/3869 3871/3871/3871 3877/3877/3877 
f 3877/3877/3877 3878/3878/3878 3869/3869/3869 
f 3871/3871/3871 3870/3870/3870 3872/3872/3872 
f 3870/3870/3870 3873/3873/3873 3872/3872/3872 
f 3874/3874/3874 3875/3875/3875 3870/3870/3870 
f 3558/3558/3558 3559/3559/3559 3560/3560/3560 
f 3197/3197/3197 3198/3198/3198 3199/3199/3199 
f 3199/3199/3199 3205/3205/3205 3197/3197/3197 
f 3561/3561/3561 3562/3562/3562 3563/3563/3563 
f 3617/3617/3617 3618/3618/3618 3619/3619/3619 
f 3619/3619/3619 3626/3626/3626 3617/3617/3617 
f 3383/3383/3383 3384/3384/3384 3385/3385/3385 
f 3385/3385/3385 3394/3394/3394 3383/3383/3383 
f 3774/3774/3774 3775/3775/3775 3776/3776/3776 
f 3775/3775/3775 3774/3774/3774 3784/3784/3784 
f 3476/3476/3476 3477/3477/3477 3478/3478/3478 
f 3477/3477/3477 3476/3476/3476 3508/3508/3508 
f 3881/3881/3881 3882/3882/3882 3883/3883/3883 
f 3882/3882/3882 3881/3881/3881 3884/3884/3884 
f 3144/3144/3144 3145/3145/3145 3146/3146/3146 
f 3145/3145/3145 3144/3144/3144 3147/3147/3147 
f 3144/3144/3144 3159/3159/3159 3147/3147/3147 
f 3159/3159/3159 3144/3144/3144 3200/3200/3200 
f 3214/3214/3214 3215/3215/3215 3216/3216/3216 
f 3564/3564/3564 3565/3565/3565 3566/3566/3566 
f 3565/3565/3565 3564/3564/3564 3567/3567/3567 
f 3571/3571/3571 3572/3572/3572 3573/3573/3573 
f 3217/3217/3217 3218/3218/3218 3219/3219/3219 
f 3574/3574/3574 3575/3575/3575 3576/3576/3576 
f 3490/3490/3490 3491/3491/3491 3492/3492/3492 
f 3512/3512/3512 3492/3492/3492 3491/3491/3491 
f 3261/3261/3261 3262/3262/3262 3263/3263/3263 
f 3263/3263/3263 3264/3264/3264 3261/3261/3261 
f 3740/3740/3740 3741/3741/3741 3742/3742/3742 
f 3741/3741/3741 3740/3740/3740 3743/3743/3743 
f 3156/3156/3156 3157/3157/3157 3158/3158/3158 
f 3361/3361/3361 3362/3362/3362 3363/3363/3363 
f 3362/3362/3362 3361/3361/3361 3364/3364/3364 
f 3819/3819/3819 3820/3820/3820 3821/3821/3821 
f 3820/3820/3820 3819/3819/3819 3825/3825/3825 
f 3444/3444/3444 3445/3445/3445 3446/3446/3446 
f 3446/3446/3446 3468/3468/3468 3469/3469/3469 
f 3922/3922/3922 3923/3923/3923 3924/3924/3924 
f 3928/3928/3928 3922/3922/3922 3924/3924/3924 
f 3464/3464/3464 3465/3465/3465 3466/3466/3466 
f 3465/3465/3465 3464/3464/3464 3467/3467/3467 
f 3929/3929/3929 3930/3930/3930 3931/3931/3931 
f 3930/3930/3930 3929/3929/3929 3932/3932/3932 
f 3448/3448/3448 3449/3449/3449 3450/3450/3450 
f 3450/3450/3450 3459/3459/3459 3460/3460/3460 
f 3623/3623/3623 3624/3624/3624 3625/3625/3625 
f 3352/3352/3352 3353/3353/3353 3354/3354/3354 
f 3810/3810/3810 3811/3811/3811 3812/3812/3812 
f 3386/3386/3386 3387/3387/3387 3388/3388/3388 
f 3386/3386/3386 3393/3393/3393 3387/3387/3387 
f 3388/3388/3388 3387/3387/3387 3389/3389/3389 
f 3389/3389/3389 3390/3390/3390 3388/3388/3388 
f 3391/3391/3391 3386/3386/3386 3392/3392/3392 
f 3398/3398/3398 3399/3399/3399 3400/3400/3400 
f 3781/3781/3781 3782/3782/3782 3783/3783/3783 
f 3765/3765/3765 3766/3766/3766 3767/3767/3767 
f 3771/3771/3771 3766/3766/3766 3765/3765/3765 
f 3771/3771/3771 3772/3772/3772 3766/3766/3766 
f 3772/3772/3772 3771/3771/3771 3773/3773/3773 
f 3226/3226/3226 3227/3227/3227 3228/3228/3228 
f 3228/3228/3228 3229/3229/3229 3226/3226/3226 
f 3240/3240/3240 3228/3228/3228 3227/3227/3227 
f 3228/3228/3228 3240/3240/3240 3241/3241/3241 
f 3342/3342/3342 3343/3343/3343 3344/3344/3344 
f 3343/3343/3343 3342/3342/3342 3355/3355/3355 
f 3345/3345/3345 3344/3344/3344 3343/3343/3343 
f 3344/3344/3344 3345/3345/3345 3374/3374/3374 
f 3375/3375/3375 3374/3374/3374 3345/3345/3345 
f 3345/3345/3345 3382/3382/3382 3375/3375/3375 
f 3417/3417/3417 3375/3375/3375 3382/3382/3382 
f 3382/3382/3382 3412/3412/3412 3417/3417/3417 
f 3412/3412/3412 3414/3414/3414 3417/3417/3417 
f 3412/3412/3412 3413/3413/3413 3414/3414/3414 
f 3413/3413/3413 3416/3416/3416 3414/3414/3414 
f 3413/3413/3413 3415/3415/3415 3416/3416/3416 
f 3794/3794/3794 3795/3795/3795 3796/3796/3796 
f 3795/3795/3795 3794/3794/3794 3797/3797/3797 
f 3798/3798/3798 3796/3796/3796 3795/3795/3795 
f 3796/3796/3796 3798/3798/3798 3799/3799/3799 
f 3800/3800/3800 3799/3799/3799 3798/3798/3798 
f 3799/3799/3799 3800/3800/3800 3803/3803/3803 
f 3802/3802/3802 3803/3803/3803 3800/3800/3800 
f 3803/3803/3803 3802/3802/3802 3829/3829/3829 
f 3802/3802/3802 3815/3815/3815 3829/3829/3829 
f 3815/3815/3815 3802/3802/3802 3816/3816/3816 
f 3816/3816/3816 3817/3817/3817 3815/3815/3815 
f 3817/3817/3817 3816/3816/3816 3818/3818/3818 
f 3862/3862/3862 3863/3863/3863 3864/3864/3864 
f 3862/3862/3862 3879/3879/3879 3880/3880/3880 
f 3336/3336/3336 3337/3337/3337 3338/3338/3338 
f 3439/3439/3439 3338/3338/3338 3337/3337/3337 
f 3337/3337/3337 3336/3336/3336 3447/3447/3447 
f 3905/3905/3905 3906/3906/3906 3907/3907/3907 
f 3911/3911/3911 3912/3912/3912 3905/3905/3905 
f 3912/3912/3912 3911/3911/3911 3914/3914/3914 
f 3913/3913/3913 3912/3912/3912 3914/3914/3914 
f 3509/3509/3509 3510/3510/3510 3511/3511/3511 
f 3715/3715/3715 3716/3716/3716 3717/3717/3717 
f 3716/3716/3716 3730/3730/3730 3717/3717/3717 
f 3716/3716/3716 3715/3715/3715 3718/3718/3718 
f 3908/3908/3908 3909/3909/3909 3910/3910/3910 
f 3456/3456/3456 3457/3457/3457 3458/3458/3458 
f 3457/3457/3457 3456/3456/3456 3461/3461/3461 
f 3915/3915/3915 3916/3916/3916 3917/3917/3917 
f 3918/3918/3918 3916/3916/3916 3915/3915/3915 
f 3748/3748/3748 3749/3749/3749 3750/3750/3750 
f 3749/3749/3749 3748/3748/3748 3901/3901/3901 
f 3888/3888/3888 3748/3748/3748 3750/3750/3750 
f 3748/3748/3748 3888/3888/3888 3889/3889/3889 
f 3440/3440/3440 3441/3441/3441 3442/3442/3442 
f 3442/3442/3442 3443/3443/3443 3440/3440/3440 
f 3443/3443/3443 3462/3462/3462 3463/3463/3463 
f 3727/3727/3727 3728/3728/3728 3729/3729/3729 
f 3728/3728/3728 3727/3727/3727 3757/3757/3757 
f 3268/3268/3268 3269/3269/3269 3270/3270/3270 
f 3256/3256/3256 3257/3257/3257 3258/3258/3258 
f 3257/3257/3257 3256/3256/3256 3259/3259/3259 
f 3435/3435/3435 3258/3258/3258 3257/3257/3257 
f 3257/3257/3257 3434/3434/3434 3435/3435/3435 
f 3425/3425/3425 3426/3426/3426 3427/3427/3427 
f 3427/3427/3427 3451/3451/3451 3425/3425/3425 
f 3896/3896/3896 3897/3897/3897 3898/3898/3898 
f 3897/3897/3897 3896/3896/3896 3919/3919/3919 
f 3422/3422/3422 3423/3423/3423 3424/3424/3424 
f 3242/3242/3242 3243/3243/3243 3244/3244/3244 
f 3438/3438/3438 3242/3242/3242 3436/3436/3436 
f 3436/3436/3436 3437/3437/3437 3438/3438/3438 
f 3885/3885/3885 3886/3886/3886 3887/3887/3887 
f 3886/3886/3886 3885/3885/3885 3900/3900/3900 
f 3892/3892/3892 3893/3893/3893 3894/3894/3894 
f 3893/3893/3893 3892/3892/3892 3899/3899/3899 
f 3470/3470/3470 3471/3471/3471 3472/3472/3472 
f 3902/3902/3902 3903/3903/3903 3904/3904/3904 
f 4355/4355/4355 4356/4356/4356 4357/4357/4357 
f 4352/4352/4352 4353/4353/4353 4354/4354/4354 
f 4354/4354/4354 4358/4358/4358 4352/4352/4352 
f 4859/4859/4859 4860/4860/4860 4861/4861/4861 
f 4860/4860/4860 4859/4859/4859 4862/4862/4862 
f 4240/4240/4240 4241/4241/4241 4242/4242/4242 
f 4242/4242/4242 4338/4338/4338 4240/4240/4240 
f 4766/4766/4766 4767/4767/4767 4768/4768/4768 
f 4767/4767/4767 4766/4766/4766 4842/4842/4842 
f 4113/4113/4113 4114/4114/4114 4115/4115/4115 
f 4114/4114/4114 4113/4113/4113 4380/4380/4380 
f 4638/4638/4638 4639/4639/4639 4640/4640/4640 
f 4640/4640/4640 4785/4785/4785 4638/4638/4638 
f 4091/4091/4091 4092/4092/4092 4093/4093/4093 
f 4092/4092/4092 4091/4091/4091 4104/4104/4104 
f 4368/4368/4368 4093/4093/4093 4092/4092/4092 
f 4093/4093/4093 4368/4368/4368 4381/4381/4381 
f 4604/4604/4604 4605/4605/4605 4606/4606/4606 
f 4605/4605/4605 4604/4604/4604 4608/4608/4608 
f 4606/4606/4606 4786/4786/4786 4604/4604/4604 
f 4786/4786/4786 4606/4606/4606 4787/4787/4787 
f 4306/4306/4306 4307/4307/4307 4308/4308/4308 
f 4309/4309/4309 4307/4307/4307 4306/4306/4306 
f 4813/4813/4813 4814/4814/4814 4815/4815/4815 
f 4815/4815/4815 4816/4816/4816 4813/4813/4813 
f 4079/4079/4079 4080/4080/4080 4081/4081/4081 
f 4080/4080/4080 4079/4079/4079 4105/4105/4105 
f 4378/4378/4378 4081/4081/4081 4080/4080/4080 
f 4081/4081/4081 4378/4378/4378 4379/4379/4379 
f 4342/4342/4342 4343/4343/4343 4344/4344/4344 
f 4343/4343/4343 4342/4342/4342 4348/4348/4348 
f 4834/4834/4834 4835/4835/4835 4836/4836/4836 
f 4835/4835/4835 4834/4834/4834 4840/4840/4840 
f 4148/4148/4148 4149/4149/4149 4150/4150/4150 
f 4149/4149/4149 4148/4148/4148 4182/4182/4182 
f 4217/4217/4217 4218/4218/4218 4219/4219/4219 
f 4219/4219/4219 4218/4218/4218 4376/4376/4376 
f 4576/4576/4576 4577/4577/4577 4578/4578/4578 
f 4577/4577/4577 4576/4576/4576 4588/4588/4588 
f 4735/4735/4735 4736/4736/4736 4737/4737/4737 
f 4736/4736/4736 4773/4773/4773 4737/4737/4737 
f 4119/4119/4119 4120/4120/4120 4121/4121/4121 
f 4120/4120/4120 4119/4119/4119 4370/4370/4370 
f 4641/4641/4641 4642/4642/4642 4643/4643/4643 
f 4643/4643/4643 4778/4778/4778 4641/4641/4641 
f 4076/4076/4076 4077/4077/4077 4078/4078/4078 
f 4082/4082/4082 4077/4077/4077 4076/4076/4076 
f 4371/4371/4371 4082/4082/4082 4076/4076/4076 
f 4082/4082/4082 4371/4371/4371 4372/4372/4372 
f 4597/4597/4597 4598/4598/4598 4599/4599/4599 
f 4599/4599/4599 4603/4603/4603 4597/4597/4597 
f 4780/4780/4780 4597/4597/4597 4603/4603/4603 
f 4603/4603/4603 4779/4779/4779 4780/4780/4780 
f 4389/4389/4389 4390/4390/4390 4391/4391/4391 
f 4390/4390/4390 4389/4389/4389 4394/4394/4394 
f 4796/4796/4796 4797/4797/4797 4798/4798/4798 
f 4797/4797/4797 4796/4796/4796 4801/4801/4801 
f 4600/4600/4600 4601/4601/4601 4602/4602/4602 
f 4601/4601/4601 4600/4600/4600 4607/4607/4607 
f 4602/4602/4602 4781/4781/4781 4600/4600/4600 
f 4781/4781/4781 4602/4602/4602 4782/4782/4782 
f 4094/4094/4094 4095/4095/4095 4096/4096/4096 
f 4095/4095/4095 4094/4094/4094 4106/4106/4106 
f 4332/4332/4332 4106/4106/4106 4094/4094/4094 
f 4106/4106/4106 4332/4332/4332 4384/4384/4384 
f 4609/4609/4609 4610/4610/4610 4611/4611/4611 
f 4610/4610/4610 4609/4609/4609 4618/4618/4618 
f 4611/4611/4611 4788/4788/4788 4609/4609/4609 
f 4788/4788/4788 4611/4611/4611 4789/4789/4789 
f 4226/4226/4226 4227/4227/4227 4228/4228/4228 
f 4227/4227/4227 4226/4226/4226 4231/4231/4231 
f 4230/4230/4230 4227/4227/4227 4231/4231/4231 
f 4227/4227/4227 4230/4230/4230 4234/4234/4234 
f 4228/4228/4228 4229/4229/4229 4226/4226/4226 
f 4229/4229/4229 4228/4228/4228 4238/4238/4238 
f 4229/4229/4229 4238/4238/4238 4239/4239/4239 
f 4751/4751/4751 4752/4752/4752 4753/4753/4753 
f 4752/4752/4752 4751/4751/4751 4754/4754/4754 
f 4755/4755/4755 4752/4752/4752 4754/4754/4754 
f 4752/4752/4752 4755/4755/4755 4756/4756/4756 
f 4757/4757/4757 4756/4756/4756 4755/4755/4755 
f 4756/4756/4756 4757/4757/4757 4765/4765/4765 
f 4757/4757/4757 4764/4764/4764 4765/4765/4765 
f 3950/3950/3950 3951/3951/3951 3952/3952/3952 
f 3951/3951/3951 3950/3950/3950 3960/3960/3960 
f 4479/4479/4479 4480/4480/4480 4481/4481/4481 
f 4481/4481/4481 4508/4508/4508 4479/4479/4479 
f 4269/4269/4269 4270/4270/4270 4271/4271/4271 
f 4270/4270/4270 4269/4269/4269 4300/4300/4300 
f 4300/4300/4300 4299/4299/4299 4270/4270/4270 
f 4299/4299/4299 4300/4300/4300 4297/4297/4297 
f 4297/4297/4297 4298/4298/4298 4299/4299/4299 
f 4685/4685/4685 4686/4686/4686 4687/4687/4687 
f 4686/4686/4686 4685/4685/4685 4714/4714/4714 
f 4713/4713/4713 4714/4714/4714 4685/4685/4685 
f 4714/4714/4714 4713/4713/4713 4712/4712/4712 
f 4711/4711/4711 4712/4712/4712 4713/4713/4713 
f 4116/4116/4116 4117/4117/4117 4118/4118/4118 
f 4316/4316/4316 4118/4118/4118 4117/4117/4117 
f 4635/4635/4635 4636/4636/4636 4637/4637/4637 
f 4635/4635/4635 4807/4807/4807 4636/4636/4636 
f 4138/4138/4138 4139/4139/4139 4140/4140/4140 
f 4139/4139/4139 4138/4138/4138 4331/4331/4331 
f 4655/4655/4655 4656/4656/4656 4657/4657/4657 
f 4656/4656/4656 4655/4655/4655 4821/4821/4821 
f 3947/3947/3947 3948/3948/3948 3949/3949/3949 
f 3953/3953/3953 3949/3949/3949 3948/3948/3948 
f 4476/4476/4476 4477/4477/4477 4478/4478/4478 
f 4476/4476/4476 4478/4478/4478 4482/4482/4482 
f 4107/4107/4107 4108/4108/4108 4109/4109/4109 
f 4108/4108/4108 4107/4107/4107 4147/4147/4147 
f 4612/4612/4612 4613/4613/4613 4614/4614/4614 
f 4613/4613/4613 4612/4612/4612 4649/4649/4649 
f 3944/3944/3944 3945/3945/3945 3946/3946/3946 
f 3997/3997/3997 3944/3944/3944 3946/3946/3946 
f 4486/4486/4486 4487/4487/4487 4488/4488/4488 
f 4528/4528/4528 4487/4487/4487 4486/4486/4486 
f 4110/4110/4110 4111/4111/4111 4112/4112/4112 
f 4111/4111/4111 4110/4110/4110 4130/4130/4130 
f 4623/4623/4623 4624/4624/4624 4625/4625/4625 
f 4624/4624/4624 4623/4623/4623 4631/4631/4631 
f 3954/3954/3954 3955/3955/3955 3956/3956/3956 
f 3954/3954/3954 3974/3974/3974 3955/3955/3955 
f 4483/4483/4483 4484/4484/4484 4485/4485/4485 
f 4484/4484/4484 4483/4483/4483 4514/4514/4514 
f 4002/4002/4002 4003/4003/4003 4004/4004/4004 
f 4009/4009/4009 4004/4004/4004 4003/4003/4003 
f 4005/4005/4005 4006/4006/4006 4007/4007/4007 
f 4008/4008/4008 4007/4007/4007 4006/4006/4006 
f 4415/4415/4415 4416/4416/4416 4417/4417/4417 
f 4415/4415/4415 4417/4417/4417 4422/4422/4422 
f 4418/4418/4418 4419/4419/4419 4420/4420/4420 
f 4418/4418/4418 4421/4421/4421 4419/4419/4419 
f 3936/3936/3936 3937/3937/3937 3938/3938/3938 
f 3937/3937/3937 3936/3936/3936 3961/3961/3961 
f 4497/4497/4497 4498/4498/4498 4499/4499/4499 
f 4499/4499/4499 4509/4509/4509 4497/4497/4497 
f 4084/4084/4084 4085/4085/4085 4086/4086/4086 
f 4084/4084/4084 4086/4086/4086 4087/4087/4087 
f 4188/4188/4188 4084/4084/4084 4087/4087/4087 
f 4188/4188/4188 4087/4087/4087 4189/4189/4189 
f 4581/4581/4581 4582/4582/4582 4583/4583/4583 
f 4582/4582/4582 4581/4581/4581 4587/4587/4587 
f 4589/4589/4589 4587/4587/4587 4581/4581/4581 
f 4587/4587/4587 4589/4589/4589 4590/4590/4590 
f 4131/4131/4131 4132/4132/4132 4133/4133/4133 
f 4132/4132/4132 4131/4131/4131 4146/4146/4146 
f 4644/4644/4644 4645/4645/4645 4646/4646/4646 
f 4645/4645/4645 4644/4644/4644 4648/4648/4648 
f 4043/4043/4043 4044/4044/4044 4045/4045/4045 
f 4455/4455/4455 4456/4456/4456 4457/4457/4457 
f 4455/4455/4455 4461/4461/4461 4676/4676/4676 
f 4461/4461/4461 4455/4455/4455 4462/4462/4462 
f 4073/4073/4073 4074/4074/4074 4075/4075/4075 
f 4073/4073/4073 4075/4075/4075 4083/4083/4083 
f 4129/4129/4129 4073/4073/4073 4083/4083/4083 
f 4083/4083/4083 4383/4383/4383 4129/4129/4129 
f 4168/4168/4168 4169/4169/4169 4170/4170/4170 
f 4169/4169/4169 4168/4168/4168 4171/4171/4171 
f 4168/4168/4168 4190/4190/4190 4171/4171/4171 
f 4190/4190/4190 4168/4168/4168 4191/4191/4191 
f 4565/4565/4565 4566/4566/4566 4567/4567/4567 
f 4566/4566/4566 4565/4565/4565 4568/4568/4568 
f 4584/4584/4584 4566/4566/4566 4568/4568/4568 
f 4566/4566/4566 4584/4584/4584 4585/4585/4585 
f 4591/4591/4591 4592/4592/4592 4593/4593/4593 
f 4592/4592/4592 4591/4591/4591 4596/4596/4596 
f 4630/4630/4630 4593/4593/4593 4592/4592/4592 
f 4593/4593/4593 4630/4630/4630 4783/4783/4783 
f 4052/4052/4052 4053/4053/4053 4054/4054/4054 
f 4097/4097/4097 4098/4098/4098 4099/4099/4099 
f 4098/4098/4098 4097/4097/4097 4100/4100/4100 
f 4318/4318/4318 4100/4100/4100 4097/4097/4097 
f 4100/4100/4100 4318/4318/4318 4319/4319/4319 
f 4442/4442/4442 4443/4443/4443 4444/4444/4444 
f 4615/4615/4615 4616/4616/4616 4617/4617/4617 
f 4616/4616/4616 4615/4615/4615 4619/4619/4619 
f 4617/4617/4617 4809/4809/4809 4615/4615/4615 
f 4809/4809/4809 4617/4617/4617 4810/4810/4810 
f 4156/4156/4156 4157/4157/4157 4158/4158/4158 
f 4157/4157/4157 4156/4156/4156 4181/4181/4181 
f 4553/4553/4553 4554/4554/4554 4555/4555/4555 
f 4554/4554/4554 4553/4553/4553 4579/4579/4579 
f 3962/3962/3962 3963/3963/3963 3964/3964/3964 
f 3963/3963/3963 3962/3962/3962 3965/3965/3965 
f 4510/4510/4510 4511/4511/4511 4512/4512/4512 
f 4511/4511/4511 4510/4510/4510 4513/4513/4513 
f 4016/4016/4016 4017/4017/4017 4018/4018/4018 
f 4019/4019/4019 4020/4020/4020 4018/4018/4018 
f 3992/3992/3992 3993/3993/3993 3994/3994/3994 
f 4377/4377/4377 3994/3994/3994 3993/3993/3993 
f 4537/4537/4537 4538/4538/4538 4539/4539/4539 
f 4538/4538/4538 4772/4772/4772 4539/4539/4539 
f 4410/4410/4410 4411/4411/4411 4412/4412/4412 
f 4413/4413/4413 4412/4412/4412 4414/4414/4414 
f 4413/4413/4413 4414/4414/4414 4454/4454/4454 
f 4259/4259/4259 4260/4260/4260 4261/4261/4261 
f 4259/4259/4259 4262/4262/4262 4263/4263/4263 
f 4662/4662/4662 4663/4663/4663 4664/4664/4664 
f 4671/4671/4671 4663/4663/4663 4672/4672/4672 
f 4153/4153/4153 4154/4154/4154 4155/4155/4155 
f 4154/4154/4154 4153/4153/4153 4167/4167/4167 
f 4154/4154/4154 4185/4185/4185 4155/4155/4155 
f 4185/4185/4185 4154/4154/4154 4186/4186/4186 
f 4550/4550/4550 4551/4551/4551 4552/4552/4552 
f 4551/4551/4551 4550/4550/4550 4564/4564/4564 
f 4550/4550/4550 4552/4552/4552 4572/4572/4572 
f 4550/4550/4550 4572/4572/4572 4574/4574/4574 
f 4279/4279/4279 4280/4280/4280 4281/4281/4281 
f 4707/4707/4707 4708/4708/4708 4709/4709/4709 
f 4141/4141/4141 4142/4142/4142 4143/4143/4143 
f 4317/4317/4317 4143/4143/4143 4142/4142/4142 
f 4658/4658/4658 4659/4659/4659 4660/4660/4660 
f 4660/4660/4660 4808/4808/4808 4658/4658/4658 
f 4292/4292/4292 4293/4293/4293 4294/4294/4294 
f 4294/4294/4294 4295/4295/4295 4292/4292/4292 
f 4694/4694/4694 4695/4695/4695 4696/4696/4696 
f 4696/4696/4696 4695/4695/4695 4697/4697/4697 
f 4385/4385/4385 4386/4386/4386 4387/4387/4387 
f 4387/4387/4387 4386/4386/4386 4388/4388/4388 
f 4792/4792/4792 4793/4793/4793 4794/4794/4794 
f 4792/4792/4792 4795/4795/4795 4793/4793/4793 
f 3981/3981/3981 3982/3982/3982 3983/3983/3983 
f 3981/3981/3981 3984/3984/3984 3982/3982/3982 
f 4515/4515/4515 4516/4516/4516 4517/4517/4517 
f 4516/4516/4516 4515/4515/4515 4518/4518/4518 
f 3966/3966/3966 3967/3967/3967 3968/3968/3968 
f 3968/3968/3968 3967/3967/3967 4152/4152/4152 
f 3967/3967/3967 4151/4151/4151 4152/4152/4152 
f 4152/4152/4152 4151/4151/4151 4178/4178/4178 
f 4504/4504/4504 4505/4505/4505 4506/4506/4506 
f 4504/4504/4504 4549/4549/4549 4505/4505/4505 
f 4548/4548/4548 4505/4505/4505 4549/4549/4549 
f 4549/4549/4549 4560/4560/4560 4548/4548/4548 
f 4339/4339/4339 4340/4340/4340 4341/4341/4341 
f 3933/3933/3933 3934/3934/3934 3935/3935/3935 
f 3975/3975/3975 3934/3934/3934 3933/3933/3933 
f 3935/3935/3935 3942/3942/3942 3933/3933/3933 
f 3975/3975/3975 3976/3976/3976 3934/3934/3934 
f 3942/3942/3942 3935/3935/3935 3943/3943/3943 
f 3976/3976/3976 3975/3975/3975 3980/3980/3980 
f 3980/3980/3980 3985/3985/3985 3976/3976/3976 
f 3985/3985/3985 3980/3980/3980 4247/4247/4247 
f 3995/3995/3995 3942/3942/3942 3943/3943/3943 
f 3942/3942/3942 3995/3995/3995 4198/4198/4198 
f 4199/4199/4199 4198/4198/4198 3995/3995/3995 
f 4198/4198/4198 4199/4199/4199 4195/4195/4195 
f 4196/4196/4196 4195/4195/4195 4199/4199/4199 
f 4195/4195/4195 4196/4196/4196 4197/4197/4197 
f 4196/4196/4196 4203/4203/4203 4197/4197/4197 
f 4203/4203/4203 4196/4196/4196 4211/4211/4211 
f 4203/4203/4203 4211/4211/4211 4213/4213/4213 
f 4211/4211/4211 4212/4212/4212 4213/4213/4213 
f 4213/4213/4213 4212/4212/4212 4216/4216/4216 
f 4212/4212/4212 4333/4333/4333 4216/4216/4216 
f 4333/4333/4333 4334/4334/4334 4216/4216/4216 
f 4489/4489/4489 4490/4490/4490 4491/4491/4491 
f 4491/4491/4491 4522/4522/4522 4489/4489/4489 
f 4490/4490/4490 4489/4489/4489 4495/4495/4495 
f 4521/4521/4521 4522/4522/4522 4491/4491/4491 
f 4490/4490/4490 4495/4495/4495 4496/4496/4496 
f 4522/4522/4522 4521/4521/4521 4520/4520/4520 
f 4519/4519/4519 4520/4520/4520 4521/4521/4521 
f 4520/4520/4520 4519/4519/4519 4677/4677/4677 
f 4495/4495/4495 4540/4540/4540 4496/4496/4496 
f 4540/4540/4540 4495/4495/4495 4725/4725/4725 
f 4725/4725/4725 4728/4728/4728 4540/4540/4540 
f 4728/4728/4728 4725/4725/4725 4729/4729/4729 
f 4729/4729/4729 4730/4730/4730 4728/4728/4728 
f 4730/4730/4730 4729/4729/4729 4731/4731/4731 
f 4730/4730/4730 4731/4731/4731 4734/4734/4734 
f 4734/4734/4734 4742/4742/4742 4730/4730/4730 
f 4743/4743/4743 4742/4742/4742 4734/4734/4734 
f 4742/4742/4742 4743/4743/4743 4744/4744/4744 
f 4745/4745/4745 4744/4744/4744 4743/4743/4743 
f 4744/4744/4744 4745/4745/4745 4833/4833/4833 
f 4833/4833/4833 4745/4745/4745 4843/4843/4843 
f 4049/4049/4049 4050/4050/4050 4051/4051/4051 
f 4448/4448/4448 4449/4449/4449 4450/4450/4450 
f 4701/4701/4701 4702/4702/4702 4703/4703/4703 
f 4125/4125/4125 4126/4126/4126 4127/4127/4127 
f 4126/4126/4126 4125/4125/4125 4369/4369/4369 
f 4626/4626/4626 4627/4627/4627 4628/4628/4628 
f 4627/4627/4627 4626/4626/4626 4777/4777/4777 
f 4397/4397/4397 4398/4398/4398 4399/4399/4399 
f 4399/4399/4399 4400/4400/4400 4397/4397/4397 
f 4803/4803/4803 4804/4804/4804 4805/4805/4805 
f 4804/4804/4804 4803/4803/4803 4806/4806/4806 
f 3969/3969/3969 3970/3970/3970 3971/3971/3971 
f 3970/3970/3970 3969/3969/3969 3972/3972/3972 
f 3971/3971/3971 4160/4160/4160 3969/3969/3969 
f 4160/4160/4160 3971/3971/3971 4161/4161/4161 
f 4500/4500/4500 4501/4501/4501 4502/4502/4502 
f 4503/4503/4503 4500/4500/4500 4502/4502/4502 
f 4500/4500/4500 4543/4543/4543 4501/4501/4501 
f 4543/4543/4543 4544/4544/4544 4501/4501/4501 
f 4022/4022/4022 4023/4023/4023 4024/4024/4024 
f 4162/4162/4162 4024/4024/4024 4023/4023/4023 
f 4024/4024/4024 4029/4029/4029 4022/4022/4022 
f 4036/4036/4036 4022/4022/4022 4029/4029/4029 
f 4423/4423/4423 4424/4424/4424 4425/4425/4425 
f 4423/4423/4423 4433/4433/4433 4424/4424/4424 
f 4433/4433/4433 4434/4434/4434 4424/4424/4424 
f 4433/4433/4433 4542/4542/4542 4434/4434/4434 
f 4122/4122/4122 4123/4123/4123 4124/4124/4124 
f 4122/4122/4122 4145/4145/4145 4123/4123/4123 
f 4632/4632/4632 4633/4633/4633 4634/4634/4634 
f 4634/4634/4634 4633/4633/4633 4647/4647/4647 
f 3939/3939/3939 3940/3940/3940 3941/3941/3941 
f 3996/3996/3996 3941/3941/3941 3940/3940/3940 
f 4492/4492/4492 4493/4493/4493 4494/4494/4494 
f 4492/4492/4492 4529/4529/4529 4493/4493/4493 
f 4286/4286/4286 4287/4287/4287 4288/4288/4288 
f 4704/4704/4704 4705/4705/4705 4706/4706/4706 
f 4101/4101/4101 4102/4102/4102 4103/4103/4103 
f 4102/4102/4102 4137/4137/4137 4103/4103/4103 
f 4102/4102/4102 4315/4315/4315 4137/4137/4137 
f 4314/4314/4314 4137/4137/4137 4315/4315/4315 
f 4289/4289/4289 4290/4290/4290 4291/4291/4291 
f 4291/4291/4291 4296/4296/4296 4289/4289/4289 
f 4620/4620/4620 4621/4621/4621 4622/4622/4622 
f 4620/4620/4620 4654/4654/4654 4621/4621/4621 
f 4654/4654/4654 4812/4812/4812 4621/4621/4621 
f 4654/4654/4654 4811/4811/4811 4812/4812/4812 
f 4010/4010/4010 4011/4011/4011 4012/4012/4012 
f 4062/4062/4062 4012/4012/4012 4011/4011/4011 
f 4012/4012/4012 4034/4034/4034 4010/4010/4010 
f 4033/4033/4033 4010/4010/4010 4034/4034/4034 
f 4345/4345/4345 4346/4346/4346 4347/4347/4347 
f 4347/4347/4347 4351/4351/4351 4345/4345/4345 
f 4407/4407/4407 4408/4408/4408 4409/4409/4409 
f 4407/4407/4407 4409/4409/4409 4471/4471/4471 
f 4408/4408/4408 4427/4427/4427 4409/4409/4409 
f 4408/4408/4408 4428/4428/4428 4427/4427/4427 
f 4837/4837/4837 4838/4838/4838 4839/4839/4839 
f 4838/4838/4838 4837/4837/4837 4849/4849/4849 
f 3988/3988/3988 3989/3989/3989 3990/3990/3990 
f 3991/3991/3991 3988/3988/3988 3990/3990/3990 
f 4533/4533/4533 4534/4534/4534 4535/4535/4535 
f 4536/4536/4536 4534/4534/4534 4533/4533/4533 
f 4439/4439/4439 4440/4440/4440 4441/4441/4441 
f 4440/4440/4440 4439/4439/4439 4467/4467/4467 
f 4468/4468/4468 4469/4469/4469 4467/4467/4467 
f 4440/4440/4440 4467/4467/4467 4470/4470/4470 
f 4470/4470/4470 4467/4467/4467 4682/4682/4682 
f 4682/4682/4682 4715/4715/4715 4470/4470/4470 
f 4715/4715/4715 4682/4682/4682 4716/4716/4716 
f 4683/4683/4683 4470/4470/4470 4715/4715/4715 
f 4473/4473/4473 4440/4440/4440 4470/4470/4470 
f 4683/4683/4683 4473/4473/4473 4470/4470/4470 
f 4472/4472/4472 4440/4440/4440 4473/4473/4473 
f 4474/4474/4474 4473/4473/4473 4683/4683/4683 
f 4474/4474/4474 4472/4472/4472 4473/4473/4473 
f 4472/4472/4472 4474/4474/4474 4475/4475/4475 
f 4531/4531/4531 4474/4474/4474 4683/4683/4683 
f 4507/4507/4507 4475/4475/4475 4474/4474/4474 
f 4531/4531/4531 4532/4532/4532 4474/4474/4474 
f 4507/4507/4507 4556/4556/4556 4557/4557/4557 
f 4556/4556/4556 4507/4507/4507 4541/4541/4541 
f 4507/4507/4507 4474/4474/4474 4541/4541/4541 
f 4541/4541/4541 4474/4474/4474 4532/4532/4532 
f 4684/4684/4684 4532/4532/4532 4531/4531/4531 
f 4541/4541/4541 4558/4558/4558 4559/4559/4559 
f 4684/4684/4684 4575/4575/4575 4532/4532/4532 
f 4561/4561/4561 4558/4558/4558 4541/4541/4541 
f 4532/4532/4532 4561/4561/4561 4541/4541/4541 
f 4684/4684/4684 4580/4580/4580 4575/4575/4575 
f 4570/4570/4570 4532/4532/4532 4575/4575/4575 
f 4532/4532/4532 4570/4570/4570 4561/4561/4561 
f 4570/4570/4570 4575/4575/4575 4580/4580/4580 
f 4561/4561/4561 4570/4570/4570 4562/4562/4562 
f 4561/4561/4561 4562/4562/4562 4563/4563/4563 
f 4569/4569/4569 4570/4570/4570 4571/4571/4571 
f 4586/4586/4586 4571/4571/4571 4570/4570/4570 
f 4570/4570/4570 4580/4580/4580 4586/4586/4586 
f 4594/4594/4594 4586/4586/4586 4595/4595/4595 
f 4629/4629/4629 4595/4595/4595 4586/4586/4586 
f 4580/4580/4580 4629/4629/4629 4586/4586/4586 
f 4719/4719/4719 4720/4720/4720 4580/4580/4580 
f 4580/4580/4580 4720/4720/4720 4739/4739/4739 
f 4629/4629/4629 4580/4580/4580 4739/4739/4739 
f 4720/4720/4720 4738/4738/4738 4739/4739/4739 
f 4629/4629/4629 4739/4739/4739 4748/4748/4748 
f 4738/4738/4738 4748/4748/4748 4739/4739/4739 
f 4629/4629/4629 4748/4748/4748 4784/4784/4784 
f 4748/4748/4748 4738/4738/4738 4746/4746/4746 
f 4747/4747/4747 4784/4784/4784 4748/4748/4748 
f 4746/4746/4746 4747/4747/4747 4748/4748/4748 
f 4784/4784/4784 4747/4747/4747 4800/4800/4800 
f 4747/4747/4747 4746/4746/4746 4759/4759/4759 
f 4760/4760/4760 4800/4800/4800 4747/4747/4747 
f 4759/4759/4759 4760/4760/4760 4747/4747/4747 
f 4800/4800/4800 4760/4760/4760 4802/4802/4802 
f 4760/4760/4760 4759/4759/4759 4761/4761/4761 
f 4761/4761/4761 4799/4799/4799 4760/4760/4760 
f 4799/4799/4799 4761/4761/4761 4841/4841/4841 
f 4172/4172/4172 4173/4173/4173 4174/4174/4174 
f 4088/4088/4088 4172/4172/4172 4174/4174/4174 
f 4184/4184/4184 4172/4172/4172 4088/4088/4088 
f 4088/4088/4088 4089/4089/4089 4090/4090/4090 
f 4088/4088/4088 4090/4090/4090 4128/4128/4128 
f 4128/4128/4128 4184/4184/4184 4088/4088/4088 
f 4221/4221/4221 4246/4246/4246 4184/4184/4184 
f 4184/4184/4184 4222/4222/4222 4221/4221/4221 
f 4184/4184/4184 4128/4128/4128 4222/4222/4222 
f 4220/4220/4220 4221/4221/4221 4222/4222/4222 
f 4128/4128/4128 4225/4225/4225 4222/4222/4222 
f 4225/4225/4225 4220/4220/4220 4222/4222/4222 
f 4225/4225/4225 4128/4128/4128 4382/4382/4382 
f 4220/4220/4220 4225/4225/4225 4224/4224/4224 
f 4382/4382/4382 4223/4223/4223 4225/4225/4225 
f 4223/4223/4223 4224/4224/4224 4225/4225/4225 
f 4223/4223/4223 4382/4382/4382 4395/4395/4395 
f 4224/4224/4224 4223/4223/4223 4243/4243/4243 
f 4395/4395/4395 4244/4244/4244 4223/4223/4223 
f 4244/4244/4244 4243/4243/4243 4223/4223/4223 
f 4244/4244/4244 4395/4395/4395 4396/4396/4396 
f 4243/4243/4243 4244/4244/4244 4245/4245/4245 
f 4245/4245/4245 4244/4244/4244 4350/4350/4350 
f 4349/4349/4349 4245/4245/4245 4350/4350/4350 
f 4013/4013/4013 4014/4014/4014 4015/4015/4015 
f 4021/4021/4021 4015/4015/4015 4014/4014/4014 
f 4015/4015/4015 4061/4061/4061 4013/4013/4013 
f 4404/4404/4404 4405/4405/4405 4406/4406/4406 
f 4404/4404/4404 4426/4426/4426 4405/4405/4405 
f 4404/4404/4404 4406/4406/4406 4463/4463/4463 
f 4025/4025/4025 4026/4026/4026 4027/4027/4027 
f 4028/4028/4028 4027/4027/4027 4026/4026/4026 
f 4435/4435/4435 4436/4436/4436 4437/4437/4437 
f 4435/4435/4435 4437/4437/4437 4438/4438/4438 
f 3957/3957/3957 3958/3958/3958 3959/3959/3959 
f 3973/3973/3973 3957/3957/3957 3959/3959/3959 
f 4159/4159/4159 3973/3973/3973 4166/4166/4166 
f 3973/3973/3973 4159/4159/4159 4072/4072/4072 
f 4072/4072/4072 3957/3957/3957 3973/3973/3973 
f 4072/4072/4072 4179/4179/4179 4180/4180/4180 
f 4180/4180/4180 4175/4175/4175 4072/4072/4072 
f 4175/4175/4175 4176/4176/4176 4177/4177/4177 
f 4175/4175/4175 4177/4177/4177 4172/4172/4172 
f 4000/4000/4000 4072/4072/4072 4175/4175/4175 
f 3957/3957/3957 4072/4072/4072 4000/4000/4000 
f 4172/4172/4172 4000/4000/4000 4175/4175/4175 
f 3999/3999/3999 3957/3957/3957 4000/4000/4000 
f 4268/4268/4268 3957/3957/3957 3999/3999/3999 
f 4267/4267/4267 3999/3999/3999 4000/4000/4000 
f 4183/4183/4183 4267/4267/4267 4000/4000/4000 
f 4000/4000/4000 4172/4172/4172 4183/4183/4183 
f 4267/4267/4267 4183/4183/4183 4184/4184/4184 
f 4172/4172/4172 4184/4184/4184 4183/4183/4183 
f 4698/4698/4698 4699/4699/4699 4700/4700/4700 
f 4163/4163/4163 4164/4164/4164 4165/4165/4165 
f 4164/4164/4164 4163/4163/4163 4187/4187/4187 
f 4545/4545/4545 4546/4546/4546 4547/4547/4547 
f 4573/4573/4573 4545/4545/4545 4547/4547/4547 
f 4310/4310/4310 4311/4311/4311 4312/4312/4312 
f 4312/4312/4312 4311/4311/4311 4313/4313/4313 
f 4817/4817/4817 4818/4818/4818 4819/4819/4819 
f 4817/4817/4817 4819/4819/4819 4820/4820/4820 
f 4030/4030/4030 4031/4031/4031 4032/4032/4032 
f 4031/4031/4031 4030/4030/4030 4035/4035/4035 
f 4429/4429/4429 4430/4430/4430 4431/4431/4431 
f 4430/4430/4430 4429/4429/4429 4432/4432/4432 
f 4200/4200/4200 4201/4201/4201 4202/4202/4202 
f 4200/4200/4200 4215/4215/4215 4201/4201/4201 
f 4200/4200/4200 4202/4202/4202 4204/4204/4204 
f 4204/4204/4204 4202/4202/4202 4205/4205/4205 
f 4214/4214/4214 4215/4215/4215 4200/4200/4200 
f 4215/4215/4215 4214/4214/4214 4236/4236/4236 
f 4235/4235/4235 4236/4236/4236 4237/4237/4237 
f 4722/4722/4722 4723/4723/4723 4724/4724/4724 
f 4733/4733/4733 4722/4722/4722 4724/4724/4724 
f 4732/4732/4732 4733/4733/4733 4724/4724/4724 
f 4733/4733/4733 4732/4732/4732 4740/4740/4740 
f 4740/4740/4740 4741/4741/4741 4733/4733/4733 
f 4741/4741/4741 4740/4740/4740 4758/4758/4758 
f 4758/4758/4758 4762/4762/4762 4763/4763/4763 
f 3957/3957/3957 4268/4268/4268 4001/4001/4001 
f 3958/3958/3958 3957/3957/3957 4001/4001/4001 
f 3958/3958/3958 4001/4001/4001 4063/4063/4063 
f 4001/4001/4001 4268/4268/4268 4064/4064/4064 
f 4001/4001/4001 4064/4064/4064 4063/4063/4063 
f 4301/4301/4301 4064/4064/4064 4268/4268/4268 
f 4301/4301/4301 4272/4272/4272 4064/4064/4064 
f 4272/4272/4272 4301/4301/4301 4302/4302/4302 
f 4064/4064/4064 4272/4272/4272 4065/4065/4065 
f 4063/4063/4063 4064/4064/4064 4065/4065/4065 
f 4066/4066/4066 4063/4063/4063 4065/4065/4065 
f 4063/4063/4063 4066/4066/4066 4067/4067/4067 
f 4830/4830/4830 4831/4831/4831 4832/4832/4832 
f 4832/4832/4832 4831/4831/4831 4858/4858/4858 
f 4134/4134/4134 4135/4135/4135 4136/4136/4136 
f 4135/4135/4135 4134/4134/4134 4144/4144/4144 
f 4650/4650/4650 4651/4651/4651 4652/4652/4652 
f 4651/4651/4651 4650/4650/4650 4653/4653/4653 
f 4327/4327/4327 4328/4328/4328 4329/4329/4329 
f 4303/4303/4303 4304/4304/4304 4305/4305/4305 
f 4392/4392/4392 4304/4304/4304 4303/4303/4303 
f 4769/4769/4769 4770/4770/4770 4771/4771/4771 
f 4790/4790/4790 4769/4769/4769 4771/4771/4771 
f 4361/4361/4361 4362/4362/4362 4363/4363/4363 
f 4362/4362/4362 4361/4361/4361 4364/4364/4364 
f 4851/4851/4851 4852/4852/4852 4853/4853/4853 
f 4852/4852/4852 4851/4851/4851 4854/4854/4854 
f 4282/4282/4282 4283/4283/4283 4284/4284/4284 
f 4691/4691/4691 4692/4692/4692 4693/4693/4693 
f 4844/4844/4844 4845/4845/4845 4846/4846/4846 
f 4845/4845/4845 4844/4844/4844 4863/4863/4863 
f 4847/4847/4847 4844/4844/4844 4848/4848/4848 
f 4335/4335/4335 4336/4336/4336 4337/4337/4337 
f 4336/4336/4336 4335/4335/4335 4359/4359/4359 
f 4046/4046/4046 4047/4047/4047 4048/4048/4048 
f 4249/4249/4249 4250/4250/4250 4251/4251/4251 
f 4458/4458/4458 4459/4459/4459 4460/4460/4460 
f 4460/4460/4460 4678/4678/4678 4458/4458/4458 
f 4055/4055/4055 4056/4056/4056 4057/4057/4057 
f 4056/4056/4056 4055/4055/4055 4258/4258/4258 
f 4445/4445/4445 4446/4446/4446 4447/4447/4447 
f 4445/4445/4445 4447/4447/4447 4661/4661/4661 
f 3977/3977/3977 3978/3978/3978 3979/3979/3979 
f 3979/3979/3979 3986/3986/3986 3977/3977/3977 
f 3986/3986/3986 3979/3979/3979 3987/3987/3987 
f 3998/3998/3998 3986/3986/3986 3987/3987/3987 
f 4523/4523/4523 4524/4524/4524 4525/4525/4525 
f 4526/4526/4526 4524/4524/4524 4523/4523/4523 
f 4524/4524/4524 4526/4526/4526 4527/4527/4527 
f 4527/4527/4527 4526/4526/4526 4530/4530/4530 
f 4323/4323/4323 4324/4324/4324 4325/4325/4325 
f 4324/4324/4324 4323/4323/4323 4330/4330/4330 
f 4822/4822/4822 4823/4823/4823 4824/4824/4824 
f 4823/4823/4823 4822/4822/4822 4825/4825/4825 
f 4252/4252/4252 4253/4253/4253 4254/4254/4254 
f 4253/4253/4253 4252/4252/4252 4285/4285/4285 
f 4673/4673/4673 4674/4674/4674 4675/4675/4675 
f 4673/4673/4673 4675/4675/4675 4710/4710/4710 
f 4373/4373/4373 4374/4374/4374 4375/4375/4375 
f 4375/4375/4375 4374/4374/4374 4393/4393/4393 
f 4774/4774/4774 4775/4775/4775 4776/4776/4776 
f 4776/4776/4776 4791/4791/4791 4774/4774/4774 
f 4206/4206/4206 4207/4207/4207 4208/4208/4208 
f 4207/4207/4207 4209/4209/4209 4208/4208/4208 
f 4277/4277/4277 4207/4207/4207 4206/4206/4206 
f 4278/4278/4278 4277/4277/4277 4206/4206/4206 
f 4276/4276/4276 4277/4277/4277 4278/4278/4278 
f 4209/4209/4209 4210/4210/4210 4208/4208/4208 
f 4209/4209/4209 4232/4232/4232 4210/4210/4210 
f 4232/4232/4232 4233/4233/4233 4210/4210/4210 
f 4688/4688/4688 4689/4689/4689 4690/4690/4690 
f 4688/4688/4688 4717/4717/4717 4689/4689/4689 
f 4718/4718/4718 4689/4689/4689 4717/4717/4717 
f 4717/4717/4717 4721/4721/4721 4718/4718/4718 
f 4721/4721/4721 4726/4726/4726 4718/4718/4718 
f 4726/4726/4726 4721/4721/4721 4727/4727/4727 
f 4727/4727/4727 4749/4749/4749 4726/4726/4726 
f 4727/4727/4727 4750/4750/4750 4749/4749/4749 
f 4320/4320/4320 4321/4321/4321 4322/4322/4322 
f 4360/4360/4360 4322/4322/4322 4321/4321/4321 
f 4321/4321/4321 4320/4320/4320 4326/4326/4326 
f 4826/4826/4826 4827/4827/4827 4828/4828/4828 
f 4827/4827/4827 4826/4826/4826 4829/4829/4829 
f 4828/4828/4828 4850/4850/4850 4826/4826/4826 
f 4264/4264/4264 4265/4265/4265 4266/4266/4266 
f 4665/4665/4665 4666/4666/4666 4667/4667/4667 
f 4037/4037/4037 4038/4038/4038 4039/4039/4039 
f 4255/4255/4255 4256/4256/4256 4257/4257/4257 
f 4668/4668/4668 4669/4669/4669 4670/4670/4670 
f 4058/4058/4058 4059/4059/4059 4060/4060/4060 
f 4401/4401/4401 4402/4402/4402 4403/4403/4403 
f 4040/4040/4040 4041/4041/4041 4042/4042/4042 
f 4451/4451/4451 4452/4452/4452 4453/4453/4453 
f 4068/4068/4068 4069/4069/4069 4070/4070/4070 
f 4069/4069/4069 4068/4068/4068 4071/4071/4071 
f 4192/4192/4192 4193/4193/4193 4194/4194/4194 
f 4192/4192/4192 4248/4248/4248 4193/4193/4193 
f 4464/4464/4464 4465/4465/4465 4466/4466/4466 
f 4365/4365/4365 4366/4366/4366 4367/4367/4367 
f 4855/4855/4855 4856/4856/4856 4857/4857/4857 
f 4273/4273/4273 4274/4274/4274 4275/4275/4275 
f 4679/4679/4679 4680/4680/4680 4681/4681/4681 

