# This file is brought to you by Roblox Corporation
# Generated by Roblox Studio

mtllib Bacon 18.mtl

g MellowCowboy1

v 72.0638 5.90869 -10.9132 
v 72.0638 5.89784 -10.9997 
v 71.9557 5.89503 -10.9974 
v 71.9407 5.90837 -10.915 
v 71.6495 5.90474 -10.7899 
v 71.704 5.92232 -10.6658 
v 71.7566 5.97184 -10.7093 
v 71.7084 5.95627 -10.8155 
v 71.7875 5.93418 -10.5622 
v 71.8219 5.98216 -10.62 
v 71.9053 5.94145 -10.495 
v 71.9309 5.98867 -10.562 
v 72.0638 5.94456 -10.471 
v 72.0638 5.99121 -10.5412 
v 72.0136 5.82127 -11.3366 
v 72.0169 5.88625 -11.2911 
v 72.0638 5.89564 -11.3228 
v 72.0638 5.83414 -11.3796 
v 71.9114 5.81074 -11.1929 
v 71.9335 5.88039 -11.1935 
v 71.8552 5.80794 -11.1087 
v 71.8766 5.88824 -11.1095 
v 71.7607 5.83421 -10.9932 
v 71.7816 5.90314 -11.0086 
v 71.675 5.87387 -10.9008 
v 71.7249 5.93073 -10.9138 
v 71.6479 5.81764 -10.6156 
v 71.5852 5.79951 -10.7609 
v 71.52 5.62171 -10.7152 
v 71.5857 5.62054 -10.5488 
v 71.7565 5.83098 -10.4978 
v 71.7142 5.61766 -10.4153 
v 71.876 5.83876 -10.4213 
v 71.8582 5.61459 -10.3288 
v 72.0638 5.8426 -10.3939 
v 72.0638 5.61459 -10.2978 
v 72.011 5.69929 -11.3708 
v 72.0638 5.71256 -11.4178 
v 72.0638 5.60058 -11.4549 
v 72.0055 5.58233 -11.4072 
v 71.8446 5.56786 -11.2624 
v 71.8818 5.69553 -11.2317 
v 71.8126 5.68532 -11.1232 
v 71.7579 5.54772 -11.1418 
v 71.7012 5.72296 -11.0003 
v 71.6433 5.57246 -10.998 
v 71.6106 5.76705 -10.893 
v 71.5463 5.60606 -10.8705 
v 71.4516 5.3936 -10.688 
v 71.5327 5.39367 -10.4945 
v 71.6755 5.39367 -10.34 
v 71.8563 5.39367 -10.24 
v 72.0638 5.39367 -10.2041 
v 71.9819 5.3761 -11.5078 
v 72.0638 5.39064 -11.5602 
v 71.8016 5.35189 -11.3493 
v 71.6789 5.32888 -11.2034 
v 71.5337 5.35189 -11.035 
v 71.4592 5.37906 -10.874 
v 71.1872 5.37743 -10.2976 
v 71.1068 5.53972 -10.6321 
v 71.0887 5.53838 -10.6321 
v 71.1716 5.36847 -10.2956 
v 71.4414 5.22018 -10.0514 
v 71.4511 5.23476 -10.0558 
v 71.8033 5.16327 -9.89406 
v 71.8054 5.18003 -9.89994 
v 72.0638 5.18002 -9.86518 
v 72.0638 5.16315 -9.85897 
v 71.8241 5.1735 -11.9878 
v 71.8261 5.19037 -11.9819 
v 72.0638 5.1914 -12.0435 
v 72.0638 5.17452 -12.0497 
v 71.5489 5.22562 -11.7968 
v 71.5575 5.24015 -11.7908 
v 71.3252 5.35254 -11.5354 
v 71.3105 5.34351 -11.5406 
v 71.1848 5.53364 -11.2769 
v 71.1672 5.53224 -11.2807 
v 71.1231 5.58642 -10.9574 
v 71.1051 5.58537 -10.9593 
v 71.9063 5.24008 -11.4014 
v 72.0638 5.26483 -10.8954 
v 71.7575 5.24257 -11.3344 
v 71.6504 5.23756 -11.2077 
v 71.5754 5.23848 -11.0629 
v 71.5486 5.23848 -10.9008 
v 71.5723 5.23848 -10.7382 
v 71.8999 5.23848 -10.3975 
v 72.0638 5.23848 -10.3702 
v 72.0638 5.23848 -11.4212 
v 71.7569 5.23848 -10.4736 
v 71.6441 5.23848 -10.5909 
v 71.8534 5.38876 -10.231 
v 71.8435 5.26473 -10.2054 
v 72.0638 5.26467 -10.1681 
v 72.0638 5.3887 -10.1947 
v 71.6697 5.38891 -10.3324 
v 71.6512 5.26488 -10.3096 
v 71.525 5.38919 -10.489 
v 71.4996 5.26517 -10.4704 
v 71.4426 5.38952 -10.6853 
v 71.4041 5.26559 -10.672 
v 71.4492 5.37666 -10.8758 
v 71.3881 5.261 -10.8845 
v 71.5251 5.35174 -11.0418 
v 71.457 5.24967 -11.083 
v 71.6688 5.3305 -11.2111 
v 71.5986 5.22997 -11.2598 
v 71.7947 5.35208 -11.359 
v 71.75 5.2531 -11.4399 
v 71.9734 5.37461 -11.5161 
v 71.9553 5.26166 -11.5833 
v 72.0638 5.38771 -11.569 
v 72.0638 5.26647 -11.6369 
v 71.3316 5.26933 -10.3973 
v 71.2033 5.36154 -10.6814 
v 71.4494 5.18432 -10.6988 
v 71.5391 5.18432 -10.5147 
v 71.3466 5.28597 -10.3958 
v 71.5046 5.25586 -10.4737 
v 71.4089 5.25586 -10.6732 
v 71.2228 5.37039 -10.6794 
v 71.582 5.19987 -10.2055 
v 71.6802 5.18432 -10.368 
v 71.5894 5.22047 -10.2052 
v 71.655 5.25586 -10.3147 
v 71.8589 5.18432 -10.273 
v 71.872 5.18744 -10.086 
v 71.8721 5.21083 -10.0861 
v 71.8454 5.25586 -10.2116 
v 72.0638 5.18432 -10.2388 
v 72.0638 5.18738 -10.0545 
v 72.0638 5.20929 -10.0547 
v 72.0638 5.25586 -10.1746 
v 71.8882 5.2132 -11.7397 
v 71.9618 5.25051 -11.5824 
v 72.0638 5.25586 -11.6355 
v 72.0638 5.21341 -11.7833 
v 71.8884 5.1911 -11.739 
v 72.0638 5.19141 -11.7827 
v 72.0638 5.18432 -11.5526 
v 71.8669 5.18633 -11.5278 
v 71.655 5.2064 -11.62 
v 71.6809 5.18943 -11.4441 
v 71.6642 5.22784 -11.6181 
v 71.7518 5.24203 -11.4392 
v 71.4411 5.24599 -11.4059 
v 71.5471 5.18317 -11.2857 
v 71.4569 5.26187 -11.4035 
v 71.6008 5.21721 -11.2576 
v 71.4533 5.18432 -11.1048 
v 71.2668 5.35657 -11.2057 
v 71.2851 5.36493 -11.2037 
v 71.4579 5.23855 -11.0808 
v 71.2166 5.39952 -10.9459 
v 71.4198 5.18432 -10.9021 
v 71.2364 5.40855 -10.9438 
v 71.3912 5.25051 -10.8836 
v 71.5709 5.23866 -11.7689 
v 71.8341 5.1941 -11.958 
v 71.3418 5.34105 -11.5187 
v 71.1976 5.51215 -11.2676 
v 71.1375 5.56377 -10.9556 
v 71.1216 5.51815 -10.6381 
v 71.2075 5.36579 -10.3101 
v 71.4687 5.23294 -10.0748 
v 71.8139 5.18395 -9.92365 
v 72.0638 5.18375 -9.89019 
v 72.0638 5.19512 -12.0185 
v 71.1948 5.33967 -10.3103 
v 71.1053 5.49833 -10.6392 
v 71.1212 5.54402 -10.9573 
v 71.1816 5.49236 -11.2699 
v 71.3294 5.31495 -11.5211 
v 71.5642 5.20839 -11.7712 
v 71.8335 5.16256 -11.9599 
v 72.0638 5.16358 -12.0204 
v 72.0638 5.15221 -9.88827 
v 71.8132 5.15232 -9.92184 
v 71.4617 5.2028 -10.0737 
v 71.8612 5.88702 -10.9908 
v 71.8313 5.90283 -10.9043 
v 71.8345 5.92799 -10.7471 
v 71.9517 5.93329 -10.7015 
v 72.0638 5.93464 -10.6899 
v 71.8119 5.87913 -10.9843 
v 71.7777 5.89713 -10.8934 
v 71.768 5.91766 -10.8093 
v 71.8093 5.931 -10.7211 
v 71.8587 5.93969 -10.6463 
v 71.9555 5.94532 -10.5978 
v 72.0638 5.94734 -10.5805 
v 72.1869 5.90837 -10.915 
v 72.172 5.89503 -10.9974 
v 72.4781 5.90474 -10.7899 
v 72.4193 5.95627 -10.8155 
v 72.371 5.97184 -10.7093 
v 72.4237 5.92232 -10.6658 
v 72.3057 5.98216 -10.62 
v 72.3401 5.93418 -10.5622 
v 72.1968 5.98867 -10.562 
v 72.2223 5.94145 -10.495 
v 72.114 5.82127 -11.3366 
v 72.0638 5.83414 -11.3796 
v 72.0638 5.89564 -11.3228 
v 72.1107 5.88625 -11.2911 
v 72.2162 5.81074 -11.1929 
v 72.1941 5.88039 -11.1935 
v 72.251 5.88824 -11.1095 
v 72.2725 5.80794 -11.1087 
v 72.346 5.90314 -11.0086 
v 72.367 5.83421 -10.9932 
v 72.4027 5.93073 -10.9138 
v 72.4526 5.87387 -10.9008 
v 72.6076 5.62171 -10.7152 
v 72.5424 5.79951 -10.7609 
v 72.4797 5.81764 -10.6156 
v 72.5419 5.62054 -10.5488 
v 72.3712 5.83098 -10.4978 
v 72.4134 5.61766 -10.4153 
v 72.2516 5.83876 -10.4213 
v 72.2694 5.61459 -10.3288 
v 72.0638 5.60058 -11.4549 
v 72.0638 5.71256 -11.4178 
v 72.1166 5.69929 -11.3708 
v 72.1221 5.58233 -11.4072 
v 72.283 5.56786 -11.2624 
v 72.2459 5.69553 -11.2317 
v 72.315 5.68532 -11.1232 
v 72.3697 5.54772 -11.1418 
v 72.4264 5.72296 -11.0003 
v 72.4843 5.57246 -10.998 
v 72.5171 5.76705 -10.893 
v 72.5813 5.60606 -10.8705 
v 72.6761 5.3936 -10.688 
v 72.5949 5.39367 -10.4945 
v 72.4521 5.39367 -10.34 
v 72.2713 5.39367 -10.24 
v 72.1457 5.3761 -11.5078 
v 72.0638 5.39064 -11.5602 
v 72.3261 5.35189 -11.3493 
v 72.4488 5.32888 -11.2034 
v 72.594 5.35189 -11.035 
v 72.6685 5.37906 -10.874 
v 73.0389 5.53838 -10.6321 
v 73.0208 5.53972 -10.6321 
v 72.9404 5.37743 -10.2976 
v 72.956 5.36847 -10.2956 
v 72.6862 5.22018 -10.0514 
v 72.6765 5.23476 -10.0558 
v 72.3243 5.16327 -9.89406 
v 72.3222 5.18003 -9.89994 
v 72.3015 5.19066 -11.9846 
v 72.3035 5.17377 -11.9903 
v 72.5788 5.22562 -11.7968 
v 72.5702 5.24015 -11.7908 
v 72.8025 5.35254 -11.5354 
v 72.8171 5.34351 -11.5406 
v 72.9428 5.53364 -11.2769 
v 72.9605 5.53224 -11.2807 
v 73.0045 5.58642 -10.9574 
v 73.0225 5.58537 -10.9593 
v 72.2213 5.24008 -11.4014 
v 72.3701 5.24257 -11.3344 
v 72.4772 5.23756 -11.2077 
v 72.5523 5.23848 -11.0629 
v 72.579 5.23848 -10.9008 
v 72.5554 5.23848 -10.7382 
v 72.2278 5.23848 -10.3975 
v 72.3707 5.23848 -10.4736 
v 72.4836 5.23848 -10.5909 
v 72.0638 5.3887 -10.1947 
v 72.0638 5.26467 -10.1681 
v 72.2841 5.26473 -10.2054 
v 72.2742 5.38876 -10.231 
v 72.4579 5.38891 -10.3324 
v 72.4764 5.26488 -10.3096 
v 72.628 5.26517 -10.4704 
v 72.6027 5.38919 -10.489 
v 72.7235 5.26559 -10.672 
v 72.685 5.38952 -10.6853 
v 72.6784 5.37666 -10.8758 
v 72.7396 5.261 -10.8845 
v 72.6025 5.35174 -11.0418 
v 72.6706 5.24967 -11.083 
v 72.529 5.22997 -11.2598 
v 72.4588 5.3305 -11.2111 
v 72.3776 5.2531 -11.4399 
v 72.3329 5.35208 -11.359 
v 72.1542 5.37461 -11.5161 
v 72.1723 5.26166 -11.5833 
v 72.796 5.26933 -10.3973 
v 72.5885 5.18432 -10.5147 
v 72.6782 5.18432 -10.6988 
v 72.9243 5.36154 -10.6814 
v 72.7187 5.25586 -10.6732 
v 72.6231 5.25586 -10.4737 
v 72.7811 5.28597 -10.3958 
v 72.9048 5.37039 -10.6794 
v 72.5457 5.19987 -10.2055 
v 72.4474 5.18432 -10.368 
v 72.4727 5.25586 -10.3147 
v 72.5382 5.22047 -10.2052 
v 72.2688 5.18432 -10.273 
v 72.2556 5.18744 -10.086 
v 72.2823 5.25586 -10.2116 
v 72.2556 5.21083 -10.0861 
v 72.1658 5.25051 -11.5824 
v 72.2394 5.2132 -11.7397 
v 72.2393 5.1911 -11.739 
v 72.2607 5.18633 -11.5278 
v 72.4726 5.2064 -11.62 
v 72.4467 5.18943 -11.4441 
v 72.3758 5.24203 -11.4392 
v 72.4634 5.22784 -11.6181 
v 72.6866 5.24599 -11.4059 
v 72.5805 5.18317 -11.2857 
v 72.5268 5.21721 -11.2576 
v 72.6707 5.26187 -11.4035 
v 72.6744 5.18432 -11.1048 
v 72.8609 5.35657 -11.2057 
v 72.6697 5.23855 -11.0808 
v 72.8425 5.36493 -11.2037 
v 72.911 5.39952 -10.9459 
v 72.7078 5.18432 -10.9021 
v 72.7364 5.25051 -10.8836 
v 72.8912 5.40855 -10.9438 
v 72.2935 5.19445 -11.9613 
v 72.5567 5.23866 -11.7689 
v 72.7858 5.34105 -11.5187 
v 72.93 5.51215 -11.2676 
v 72.9901 5.56377 -10.9556 
v 73.006 5.51815 -10.6381 
v 72.9201 5.36579 -10.3101 
v 72.6589 5.23294 -10.0748 
v 72.3137 5.18395 -9.92365 
v 72.9328 5.33967 -10.3103 
v 73.0223 5.49833 -10.6392 
v 73.0064 5.54402 -10.9573 
v 72.946 5.49236 -11.2699 
v 72.7982 5.31495 -11.5211 
v 72.5634 5.20839 -11.7712 
v 72.2941 5.1629 -11.963 
v 72.3144 5.15232 -9.92184 
v 72.6659 5.2028 -10.0737 
v 72.2963 5.90283 -10.9043 
v 72.2664 5.88702 -10.9908 
v 72.176 5.93329 -10.7015 
v 72.2931 5.92799 -10.7471 
v 72.35 5.89713 -10.8934 
v 72.3158 5.87913 -10.9843 
v 72.3596 5.91766 -10.8093 
v 72.2689 5.93969 -10.6463 
v 72.3183 5.931 -10.7211 
v 72.1721 5.94532 -10.5978 
v 71.1716 5.36847 -10.2956 
v 71.0887 5.53838 -10.6321 
v 71.1051 5.58537 -10.9593 
v 71.1672 5.53224 -11.2807 
v 71.3105 5.34351 -11.5406 
v 71.5489 5.22562 -11.7968 
v 71.8241 5.1735 -11.9878 
v 72.0638 5.17452 -12.0497 
v 72.3035 5.17377 -11.9903 
v 72.5788 5.22562 -11.7968 
v 72.8171 5.34351 -11.5406 
v 72.9605 5.53224 -11.2807 
v 73.0225 5.58537 -10.9593 
v 73.0389 5.53838 -10.6321 
v 72.956 5.36847 -10.2956 
v 72.6862 5.22018 -10.0514 
v 72.3243 5.16327 -9.89406 
v 72.0638 5.16315 -9.85897 
v 71.8033 5.16327 -9.89406 
v 71.4414 5.22018 -10.0514 
v 72.1575 5.88216 -11.077 
v 72.0638 5.88763 -11.0812 
v 71.9701 5.88216 -11.077 
v 71.9017 5.8726 -11.0697 
v 72.2259 5.8726 -11.0697 
v 72.1718 5.85819 -11.1486 
v 72.1057 5.86062 -11.2101 
v 72.0638 5.86716 -11.2318 
v 72.0219 5.86062 -11.2101 
v 71.9558 5.85819 -11.1486 
v 72.0197 5.88547 -11.2465 
v 72.0638 5.89329 -11.2728 
v 72.0638 5.89329 -11.2728 
v 72.108 5.88547 -11.2465 
v 72.1818 5.8815 -11.1688 
v 72.2372 5.89295 -11.0876 
v 72.3294 5.90325 -10.9952 
v 72.3737 5.92557 -10.9026 
v 72.3865 5.94835 -10.8121 
v 72.342 5.9627 -10.7158 
v 72.2855 5.97212 -10.6344 
v 72.1832 5.97815 -10.5817 
v 72.0638 5.98041 -10.5628 
v 71.9444 5.97815 -10.5817 
v 71.8422 5.97212 -10.6344 
v 71.7856 5.9627 -10.7158 
v 71.7412 5.94835 -10.8121 
v 71.7539 5.92557 -10.9026 
v 71.7982 5.90325 -10.9952 
v 71.8904 5.89295 -11.0876 
v 71.9458 5.8815 -11.1688 
v 72.3596 5.91766 -10.8093 
v 72.3183 5.931 -10.7211 
v 72.2689 5.93969 -10.6463 
v 71.8587 5.93969 -10.6463 
v 71.8093 5.931 -10.7211 
v 71.768 5.91766 -10.8093 
v 71.7777 5.89713 -10.8934 
v 71.8119 5.87913 -10.9843 
v 71.9017 5.8726 -11.0697 
v 71.9558 5.85819 -11.1486 
v 72.0219 5.86062 -11.2101 
v 72.0638 5.86716 -11.2318 
v 72.0638 5.86716 -11.2318 
v 72.1057 5.86062 -11.2101 
v 72.1718 5.85819 -11.1486 
v 72.2259 5.8726 -11.0697 
v 72.3158 5.87913 -10.9843 
v 72.35 5.89713 -10.8934 
v 71.8454 5.25586 -10.2116 
v 72.0638 5.25586 -10.1746 
v 72.0638 5.39367 -10.2041 
v 71.8563 5.39367 -10.24 
v 71.655 5.25586 -10.3147 
v 71.6755 5.39367 -10.34 
v 71.5046 5.25586 -10.4737 
v 71.5327 5.39367 -10.4945 
v 71.4089 5.25586 -10.6732 
v 71.4516 5.3936 -10.688 
v 71.3912 5.25051 -10.8836 
v 71.4592 5.37906 -10.874 
v 71.4579 5.23855 -11.0808 
v 71.5337 5.35189 -11.035 
v 71.6008 5.21721 -11.2576 
v 71.6789 5.32888 -11.2034 
v 71.7518 5.24203 -11.4392 
v 71.8016 5.35189 -11.3493 
v 71.9618 5.25051 -11.5824 
v 71.9819 5.3761 -11.5078 
v 72.0638 5.25586 -11.6355 
v 72.0638 5.39064 -11.5602 
v 72.0638 5.25586 -10.1746 
v 72.2823 5.25586 -10.2116 
v 72.2713 5.39367 -10.24 
v 72.0638 5.39367 -10.2041 
v 72.4727 5.25586 -10.3147 
v 72.4521 5.39367 -10.34 
v 72.6231 5.25586 -10.4737 
v 72.5949 5.39367 -10.4945 
v 72.7187 5.25586 -10.6732 
v 72.6761 5.3936 -10.688 
v 72.7364 5.25051 -10.8836 
v 72.6685 5.37906 -10.874 
v 72.6697 5.23855 -11.0808 
v 72.594 5.35189 -11.035 
v 72.5268 5.21721 -11.2576 
v 72.4488 5.32888 -11.2034 
v 72.3758 5.24203 -11.4392 
v 72.3261 5.35189 -11.3493 
v 72.1658 5.25051 -11.5824 
v 72.1457 5.3761 -11.5078 
v 71.6809 5.18943 -11.4441 
v 71.8669 5.18633 -11.5278 
v 71.5471 5.18317 -11.2857 
v 71.4533 5.18432 -11.1048 
v 71.4198 5.18432 -10.9021 
v 71.4494 5.18432 -10.6988 
v 72.0638 5.18432 -10.2388 
v 71.8589 5.18432 -10.273 
v 72.0638 5.18432 -11.5526 
v 71.6802 5.18432 -10.368 
v 71.5391 5.18432 -10.5147 
v 72.2607 5.18633 -11.5278 
v 72.4467 5.18943 -11.4441 
v 72.5805 5.18317 -11.2857 
v 72.6744 5.18432 -11.1048 
v 72.7078 5.18432 -10.9021 
v 72.6782 5.18432 -10.6988 
v 72.2688 5.18432 -10.273 
v 72.4474 5.18432 -10.368 
v 72.5885 5.18432 -10.5147 

vn 0 0.992126 -0.125984 
vn 0 0.992126 -0.133858 
vn -0.0551181 0.984252 -0.165354 
vn -0.0314961 0.984252 -0.149606 
vn -0.779528 0.629921 -0.0393701 
vn -0.661417 0.685039 0.307087 
vn -0.212598 0.976378 -0.00787402 
vn -0.330709 0.929134 -0.165354 
vn -0.503937 0.685039 0.527559 
vn -0.165354 0.984252 0.0866142 
vn -0.251969 0.716535 0.645669 
vn -0.0629921 0.992126 0.102362 
vn 0 0.724409 0.692913 
vn 0 0.992126 0.110236 
vn -0.692913 0.354331 -0.622047 
vn -0.488189 0.795276 -0.354331 
vn 0 0.866142 -0.496063 
vn 0 0.488189 -0.874016 
vn -0.779528 0.314961 -0.543307 
vn -0.511811 0.755906 -0.401575 
vn -0.76378 0.267717 -0.590551 
vn -0.480315 0.740157 -0.472441 
vn -0.700787 0.267717 -0.661417 
vn -0.496063 0.708661 -0.503937 
vn -0.716535 0.472441 -0.511811 
vn -0.354331 0.826772 -0.433071 
vn -0.76378 0.480315 0.433071 
vn -0.897638 0.440945 0.023622 
vn -0.937008 0.330709 0.0866142 
vn -0.787402 0.354331 0.503937 
vn -0.574803 0.480315 0.661417 
vn -0.582677 0.362205 0.724409 
vn -0.322835 0.503937 0.80315 
vn -0.314961 0.370079 0.874016 
vn 0 0.496063 0.866142 
vn 0 0.385827 0.92126 
vn -0.685039 0.23622 -0.685039 
vn 0 0.307087 -0.952756 
vn 0 0.417323 -0.905512 
vn -0.653543 0.330709 -0.685039 
vn -0.732283 0.362205 -0.582677 
vn -0.76378 0.338583 -0.551181 
vn -0.732283 0.354331 -0.582677 
vn -0.724409 0.377953 -0.582677 
vn -0.661417 0.322835 -0.677165 
vn -0.716535 0.322835 -0.614173 
vn -0.80315 0.346457 -0.480315 
vn -0.866142 0.291339 -0.401575 
vn -0.708661 0.700787 0.0866142 
vn -0.606299 0.685039 0.401575 
vn -0.448819 0.685039 0.574803 
vn -0.23622 0.685039 0.685039 
vn 0 0.692913 0.716535 
vn -0.433071 0.811024 -0.393701 
vn 0 0.818898 -0.574803 
vn -0.448819 0.84252 -0.299213 
vn -0.362205 0.88189 -0.299213 
vn -0.354331 0.866142 -0.354331 
vn -0.566929 0.779528 -0.259843 
vn 0.0551181 0.889764 0.456693 
vn 0.393701 0.889764 0.244094 
vn -0.834646 0.511811 0.220472 
vn -0.858268 0.0472441 0.511811 
vn -0.598425 -0.299213 0.748031 
vn -0.102362 0.811024 0.574803 
vn -0.275591 -0.425197 0.866142 
vn -0.133858 0.748031 0.653543 
vn 0 0.755906 0.653543 
vn 0 -0.401575 0.913386 
vn -0.401575 -0.417323 -0.818898 
vn -0.23622 0.740157 -0.629921 
vn 0 0.740157 -0.669291 
vn -0.00787402 -0.385827 -0.92126 
vn -0.677165 -0.228346 -0.700787 
vn -0.15748 0.866142 -0.472441 
vn 0.165354 0.905512 -0.393701 
vn -0.795276 0.0472441 -0.598425 
vn 0.440945 0.874016 -0.212598 
vn -0.740157 0.503937 -0.448819 
vn 0.417323 0.905512 0.0393701 
vn -0.811024 0.574803 -0.102362 
vn 0.0472441 -0.976378 0.228346 
vn 0 -1 0 
vn 0.141732 -0.976378 0.181102 
vn 0.204724 -0.968504 0.11811 
vn 0.228346 -0.968504 0.0787402 
vn 0.23622 -0.968504 0 
vn 0.228346 -0.968504 -0.0708661 
vn 0.0787402 -0.968504 -0.220472 
vn 0 -0.968504 -0.23622 
vn 0 -0.976378 0.228346 
vn 0.141732 -0.968504 -0.188976 
vn 0.19685 -0.968504 -0.133858 
vn -0.267717 0.590551 0.76378 
vn -0.322835 -0.19685 0.929134 
vn 0 -0.204724 0.976378 
vn 0 0.582677 0.811024 
vn -0.488189 0.606299 0.629921 
vn -0.598425 -0.181102 0.779528 
vn -0.653543 0.614173 0.433071 
vn -0.818898 -0.15748 0.559055 
vn -0.755906 0.645669 0.11811 
vn -0.968504 -0.0629921 0.228346 
vn -0.622047 0.755906 -0.204724 
vn -0.984252 0.110236 -0.149606 
vn -0.377953 0.874016 -0.314961 
vn -0.84252 0.23622 -0.488189 
vn -0.291339 0.929134 -0.23622 
vn -0.755906 0.204724 -0.622047 
vn -0.370079 0.897638 -0.23622 
vn -0.677165 0.267717 -0.685039 
vn -0.377953 0.826772 -0.409449 
vn -0.527559 0.0787402 -0.850394 
vn 0 0.748031 -0.661417 
vn 0 0.173228 -0.984252 
vn -0.425197 -0.905512 0.00787402 
vn -0.724409 -0.685039 -0.0629921 
vn -0.125984 -0.992126 -0.015748 
vn -0.00787402 -1 -0.0393701 
vn 0.385827 0.92126 0.00787402 
vn -0.614173 0.566929 0.551181 
vn -0.582677 0.755906 0.307087 
vn 0.708661 0.700787 0.0629921 
vn -0.11811 -0.992126 -0.0314961 
vn 0.0787402 -0.992126 -0.102362 
vn 0.0393701 0.992126 0.133858 
vn -0.566929 0.370079 0.732283 
vn 0.0393701 -0.984252 -0.149606 
vn 0.00787402 -0.992126 -0.102362 
vn -0.0472441 0.968504 0.251969 
vn -0.299213 0.322835 0.897638 
vn 0 -0.984252 -0.165354 
vn 0 -0.992126 -0.110236 
vn 0 0.968504 0.251969 
vn 0 0.314961 0.952756 
vn -0.015748 0.992126 -0.141732 
vn -0.417323 0.527559 -0.740157 
vn 0 0.677165 -0.732283 
vn 0 0.984252 -0.165354 
vn -0.023622 -1 0.0472441 
vn 0 -1 0.0551181 
vn 0 -0.984252 0.165354 
vn 0.015748 -0.992126 0.149606 
vn -0.15748 -0.984252 -0.00787402 
vn 0 -1 0.0629921 
vn 0.110236 0.992126 -0.0472441 
vn -0.480315 0.677165 -0.551181 
vn -0.417323 -0.897638 -0.133858 
vn -0.015748 -1 -0.015748 
vn 0.354331 0.929134 0.102362 
vn -0.527559 0.732283 -0.433071 
vn -0.204724 -0.976378 0 
vn -0.740157 -0.669291 -0.0629921 
vn 0.716535 0.692913 0.0551181 
vn -0.322835 0.84252 -0.433071 
vn -0.771654 -0.629921 -0.0944882 
vn -0.220472 -0.976378 -0.0393701 
vn 0.76378 0.637795 0.102362 
vn -0.448819 0.889764 0.015748 
vn 0.212598 0.976378 -0.0708661 
vn 0.015748 0.992126 -0.125984 
vn 0.551181 0.834646 0.0393701 
vn 0.834646 0.535433 0.0787402 
vn 0.834646 0.543307 0.0944882 
vn 0.834646 0.551181 0.0866142 
vn 0.551181 0.834646 0.0551181 
vn 0.212598 0.976378 0.0787402 
vn 0.00787402 0.992126 0.149606 
vn 0 0.992126 0.149606 
vn 0 0.992126 -0.11811 
vn -0.653543 -0.755906 0.0708661 
vn -0.88189 -0.464567 -0.0551181 
vn -0.889764 -0.448819 -0.102362 
vn -0.88189 -0.456693 -0.133858 
vn -0.629921 -0.76378 -0.133858 
vn -0.338583 -0.937008 -0.0944882 
vn -0.125984 -0.984252 -0.102362 
vn 0 -0.984252 -0.15748 
vn 0 -0.992126 0.102362 
vn -0.0787402 -0.992126 0.0944882 
vn -0.314961 -0.937008 0.11811 
vn -0.141732 0.96063 -0.228346 
vn -0.102362 0.976378 -0.204724 
vn -0.015748 0.992126 -0.133858 
vn 0 0.992126 -0.11811 
vn 0 0.992126 -0.11811 
vn 0.377953 0.92126 0.11811 
vn 0.385827 0.92126 -0.0944882 
vn 0.456693 0.858268 -0.23622 
vn 0.385827 0.858268 -0.338583 
vn 0.330709 0.811024 -0.472441 
vn 0.141732 0.811024 -0.559055 
vn 0 0.80315 -0.590551 
vn 0.0314961 0.984252 -0.149606 
vn 0.0551181 0.984252 -0.165354 
vn 0.779528 0.629921 -0.0393701 
vn 0.330709 0.929134 -0.165354 
vn 0.212598 0.976378 -0.00787402 
vn 0.661417 0.685039 0.307087 
vn 0.165354 0.984252 0.0944882 
vn 0.496063 0.685039 0.527559 
vn 0.0708661 0.992126 0.110236 
vn 0.259843 0.724409 0.645669 
vn 0.692913 0.354331 -0.622047 
vn 0 0.488189 -0.874016 
vn 0 0.866142 -0.496063 
vn 0.488189 0.795276 -0.354331 
vn 0.779528 0.314961 -0.543307 
vn 0.511811 0.755906 -0.401575 
vn 0.480315 0.740157 -0.472441 
vn 0.76378 0.267717 -0.590551 
vn 0.496063 0.708661 -0.503937 
vn 0.700787 0.267717 -0.661417 
vn 0.354331 0.826772 -0.433071 
vn 0.716535 0.472441 -0.511811 
vn 0.937008 0.346457 0.102362 
vn 0.897638 0.440945 0.023622 
vn 0.76378 0.480315 0.433071 
vn 0.787402 0.354331 0.503937 
vn 0.574803 0.480315 0.661417 
vn 0.582677 0.362205 0.724409 
vn 0.322835 0.503937 0.80315 
vn 0.314961 0.370079 0.874016 
vn 0 0.417323 -0.905512 
vn 0 0.307087 -0.952756 
vn 0.685039 0.23622 -0.685039 
vn 0.653543 0.330709 -0.685039 
vn 0.732283 0.362205 -0.582677 
vn 0.76378 0.338583 -0.551181 
vn 0.732283 0.354331 -0.582677 
vn 0.724409 0.377953 -0.582677 
vn 0.661417 0.322835 -0.677165 
vn 0.716535 0.322835 -0.614173 
vn 0.80315 0.346457 -0.480315 
vn 0.858268 0.299213 -0.417323 
vn 0.716535 0.692913 0.102362 
vn 0.606299 0.685039 0.401575 
vn 0.448819 0.685039 0.574803 
vn 0.23622 0.685039 0.685039 
vn 0.433071 0.811024 -0.393701 
vn 0 0.818898 -0.574803 
vn 0.448819 0.84252 -0.299213 
vn 0.362205 0.88189 -0.299213 
vn 0.346457 0.866142 -0.354331 
vn 0.574803 0.779528 -0.259843 
vn 0.834646 0.511811 0.220472 
vn -0.393701 0.889764 0.244094 
vn -0.0551181 0.889764 0.456693 
vn 0.858268 0.0472441 0.511811 
vn 0.598425 -0.299213 0.748031 
vn 0.102362 0.811024 0.574803 
vn 0.275591 -0.425197 0.866142 
vn 0.133858 0.748031 0.653543 
vn 0.23622 0.732283 -0.637795 
vn 0.401575 -0.417323 -0.818898 
vn 0.677165 -0.228346 -0.700787 
vn 0.15748 0.866142 -0.472441 
vn -0.165354 0.905512 -0.393701 
vn 0.795276 0.0472441 -0.598425 
vn -0.440945 0.874016 -0.212598 
vn 0.740157 0.503937 -0.448819 
vn -0.417323 0.905512 0.0393701 
vn 0.811024 0.574803 -0.102362 
vn -0.0472441 -0.976378 0.228346 
vn -0.141732 -0.976378 0.181102 
vn -0.204724 -0.968504 0.11811 
vn -0.228346 -0.968504 0.0787402 
vn -0.23622 -0.968504 0 
vn -0.228346 -0.968504 -0.0708661 
vn -0.0787402 -0.968504 -0.220472 
vn -0.141732 -0.968504 -0.188976 
vn -0.19685 -0.968504 -0.133858 
vn 0 0.582677 0.811024 
vn 0 -0.204724 0.976378 
vn 0.322835 -0.19685 0.929134 
vn 0.267717 0.590551 0.76378 
vn 0.488189 0.606299 0.629921 
vn 0.598425 -0.181102 0.779528 
vn 0.818898 -0.15748 0.559055 
vn 0.653543 0.622047 0.433071 
vn 0.968504 -0.0629921 0.23622 
vn 0.755906 0.645669 0.11811 
vn 0.622047 0.755906 -0.19685 
vn 0.984252 0.110236 -0.149606 
vn 0.370079 0.874016 -0.322835 
vn 0.834646 0.23622 -0.488189 
vn 0.755906 0.204724 -0.622047 
vn 0.291339 0.929134 -0.23622 
vn 0.677165 0.267717 -0.685039 
vn 0.370079 0.897638 -0.23622 
vn 0.385827 0.834646 -0.401575 
vn 0.527559 0.0787402 -0.850394 
vn 0.425197 -0.905512 0.00787402 
vn 0.00787402 -1 -0.0393701 
vn 0.125984 -0.992126 -0.015748 
vn 0.724409 -0.685039 -0.0629921 
vn 0.582677 0.748031 0.314961 
vn 0.614173 0.559055 0.551181 
vn -0.385827 0.92126 0.00787402 
vn -0.708661 0.700787 0.0629921 
vn 0.11811 -0.992126 -0.0314961 
vn -0.0787402 -0.992126 -0.102362 
vn 0.566929 0.370079 0.732283 
vn -0.0393701 0.992126 0.133858 
vn -0.0393701 -0.984252 -0.149606 
vn -0.00787402 -0.992126 -0.102362 
vn 0.299213 0.322835 0.897638 
vn 0.0472441 0.968504 0.251969 
vn 0.417323 0.527559 -0.740157 
vn 0.015748 0.992126 -0.141732 
vn 0.023622 -1 0.0472441 
vn -0.015748 -0.992126 0.149606 
vn 0.15748 -0.984252 -0.00787402 
vn 0 -1 0.0629921 
vn 0.480315 0.677165 -0.551181 
vn -0.110236 0.992126 -0.0472441 
vn 0.417323 -0.897638 -0.133858 
vn 0.015748 -1 -0.015748 
vn 0.527559 0.732283 -0.433071 
vn -0.354331 0.929134 0.102362 
vn 0.204724 -0.976378 0 
vn 0.740157 -0.669291 -0.0629921 
vn 0.322835 0.84252 -0.433071 
vn -0.716535 0.692913 0.0551181 
vn 0.771654 -0.629921 -0.0944882 
vn 0.220472 -0.976378 -0.0393701 
vn 0.456693 0.889764 0.015748 
vn -0.76378 0.637795 0.102362 
vn -0.015748 0.992126 -0.125984 
vn -0.212598 0.976378 -0.0708661 
vn -0.551181 0.834646 0.0393701 
vn -0.834646 0.535433 0.0787402 
vn -0.834646 0.543307 0.0944882 
vn -0.834646 0.551181 0.0866142 
vn -0.551181 0.834646 0.0551181 
vn -0.212598 0.976378 0.0787402 
vn -0.00787402 0.992126 0.149606 
vn 0.653543 -0.755906 0.0708661 
vn 0.88189 -0.464567 -0.0551181 
vn 0.889764 -0.448819 -0.102362 
vn 0.88189 -0.456693 -0.133858 
vn 0.629921 -0.76378 -0.133858 
vn 0.338583 -0.937008 -0.0944882 
vn 0.133858 -0.984252 -0.110236 
vn 0.0787402 -0.992126 0.0944882 
vn 0.314961 -0.937008 0.11811 
vn 0.102362 0.976378 -0.204724 
vn 0.141732 0.96063 -0.228346 
vn 0 0.992126 -0.11811 
vn 0.015748 0.992126 -0.133858 
vn -0.385827 0.92126 -0.0944882 
vn -0.377953 0.92126 0.11811 
vn -0.456693 0.858268 -0.23622 
vn -0.330709 0.811024 -0.472441 
vn -0.385827 0.858268 -0.338583 
vn -0.141732 0.811024 -0.559055 
vn -0.858268 0.0472441 0.511811 
vn -0.834646 0.511811 0.220472 
vn -0.811024 0.574803 -0.102362 
vn -0.740157 0.503937 -0.448819 
vn -0.795276 0.0472441 -0.598425 
vn -0.677165 -0.228346 -0.700787 
vn -0.401575 -0.417323 -0.818898 
vn -0.00787402 -0.385827 -0.92126 
vn 0.401575 -0.417323 -0.818898 
vn 0.677165 -0.228346 -0.700787 
vn 0.795276 0.0472441 -0.598425 
vn 0.740157 0.503937 -0.448819 
vn 0.811024 0.574803 -0.102362 
vn 0.834646 0.511811 0.220472 
vn 0.858268 0.0472441 0.511811 
vn 0.598425 -0.299213 0.748031 
vn 0.275591 -0.425197 0.866142 
vn 0 -0.401575 0.913386 
vn -0.275591 -0.425197 0.866142 
vn -0.598425 -0.299213 0.748031 
vn 0.110236 0.968504 -0.212598 
vn 0 0.992126 -0.149606 
vn -0.110236 0.968504 -0.212598 
vn 0.228346 0.968504 0.0708661 
vn -0.228346 0.968504 0.0708661 
vn -0.23622 0.96063 0.133858 
vn -0.11811 0.968504 0.220472 
vn 0 0.944882 0.322835 
vn 0.11811 0.968504 0.220472 
vn 0.23622 0.96063 0.133858 
vn 0.0787402 0.96063 0.267717 
vn 0 0.976378 0.212598 
vn 0 0.976378 0.212598 
vn -0.0787402 0.96063 0.267717 
vn -0.299213 0.929134 0.220472 
vn -0.338583 0.929134 0.149606 
vn -0.425197 0.897638 0.11811 
vn -0.503937 0.866142 -0.0787402 
vn -0.472441 0.84252 -0.244094 
vn -0.464567 0.80315 -0.377953 
vn -0.370079 0.779528 -0.503937 
vn -0.173228 0.748031 -0.637795 
vn 0 0.732283 -0.677165 
vn 0.173228 0.748031 -0.637795 
vn 0.370079 0.779528 -0.503937 
vn 0.464567 0.80315 -0.377953 
vn 0.472441 0.84252 -0.244094 
vn 0.503937 0.866142 -0.0787402 
vn 0.425197 0.897638 0.11811 
vn 0.338583 0.929134 0.149606 
vn 0.299213 0.929134 0.220472 
vn -0.456693 0.858268 -0.23622 
vn -0.385827 0.858268 -0.338583 
vn -0.330709 0.811024 -0.472441 
vn 0.330709 0.811024 -0.472441 
vn 0.385827 0.858268 -0.338583 
vn 0.456693 0.858268 -0.23622 
vn 0.385827 0.92126 -0.0944882 
vn 0.377953 0.92126 0.11811 
vn 0.228346 0.968504 0.0708661 
vn 0.23622 0.96063 0.133858 
vn 0.11811 0.968504 0.220472 
vn 0 0.944882 0.322835 
vn 0 0.944882 0.322835 
vn -0.11811 0.968504 0.220472 
vn -0.23622 0.96063 0.133858 
vn -0.228346 0.968504 0.0708661 
vn -0.377953 0.92126 0.11811 
vn -0.385827 0.92126 -0.0944882 
vn -0.299213 0.322835 0.897638 
vn 0 0.314961 0.952756 
vn 0 0.692913 0.716535 
vn -0.23622 0.685039 0.685039 
vn -0.566929 0.370079 0.732283 
vn -0.448819 0.685039 0.574803 
vn -0.614173 0.566929 0.551181 
vn -0.606299 0.685039 0.401575 
vn -0.582677 0.755906 0.307087 
vn -0.708661 0.700787 0.0866142 
vn -0.448819 0.889764 0.015748 
vn -0.566929 0.779528 -0.259843 
vn -0.322835 0.84252 -0.433071 
vn -0.354331 0.866142 -0.354331 
vn -0.527559 0.732283 -0.433071 
vn -0.362205 0.88189 -0.299213 
vn -0.480315 0.677165 -0.551181 
vn -0.448819 0.84252 -0.299213 
vn -0.417323 0.527559 -0.740157 
vn -0.433071 0.811024 -0.393701 
vn 0 0.677165 -0.732283 
vn 0 0.818898 -0.574803 
vn 0 0.314961 0.952756 
vn 0.299213 0.322835 0.897638 
vn 0.23622 0.685039 0.685039 
vn 0 0.692913 0.716535 
vn 0.566929 0.370079 0.732283 
vn 0.448819 0.685039 0.574803 
vn 0.614173 0.559055 0.551181 
vn 0.606299 0.685039 0.401575 
vn 0.582677 0.748031 0.314961 
vn 0.716535 0.692913 0.102362 
vn 0.456693 0.889764 0.015748 
vn 0.574803 0.779528 -0.259843 
vn 0.322835 0.84252 -0.433071 
vn 0.346457 0.866142 -0.354331 
vn 0.527559 0.732283 -0.433071 
vn 0.362205 0.88189 -0.299213 
vn 0.480315 0.677165 -0.551181 
vn 0.448819 0.84252 -0.299213 
vn 0.417323 0.527559 -0.740157 
vn 0.433071 0.811024 -0.393701 
vn 0 -1 0.0629921 
vn 0.015748 -0.992126 0.149606 
vn -0.015748 -1 -0.015748 
vn -0.204724 -0.976378 0 
vn -0.220472 -0.976378 -0.0393701 
vn -0.125984 -0.992126 -0.015748 
vn 0 -0.984252 -0.165354 
vn 0.0393701 -0.984252 -0.149606 
vn 0 -0.984252 0.165354 
vn 0.0787402 -0.992126 -0.102362 
vn -0.00787402 -1 -0.0393701 
vn -0.015748 -0.992126 0.149606 
vn 0 -1 0.0629921 
vn 0.015748 -1 -0.015748 
vn 0.204724 -0.976378 0 
vn 0.220472 -0.976378 -0.0393701 
vn 0.125984 -0.992126 -0.015748 
vn -0.0393701 -0.984252 -0.149606 
vn -0.0787402 -0.992126 -0.102362 
vn 0.00787402 -1 -0.0393701 

vt 0.473809 0.396108 
vt 0.473787 0.420106 
vt 0.443216 0.419537 
vt 0.439094 0.396506 
vt 0.343738 0.309535 
vt 0.37232 0.292579 
vt 0.38214 0.312668 
vt 0.355937 0.326814 
vt 0.401934 0.279263 
vt 0.407735 0.300059 
vt 0.434377 0.271093 
vt 0.43918 0.293142 
vt 0.474056 0.26869 
vt 0.474029 0.290379 
vt 0.257917 0.475524 
vt 0.280904 0.474839 
vt 0.278903 0.491395 
vt 0.254979 0.494882 
vt 0.275824 0.427023 
vt 0.294274 0.439031 
vt 0.286007 0.39941 
vt 0.307901 0.411393 
vt 0.306322 0.361514 
vt 0.323734 0.374128 
vt 0.324419 0.331231 
vt 0.338768 0.346646 
vt 0.356804 0.263904 
vt 0.323928 0.284861 
vt 0.294873 0.244507 
vt 0.331589 0.214401 
vt 0.39338 0.248733 
vt 0.375438 0.191737 
vt 0.427096 0.239308 
vt 0.418442 0.177718 
vt 0.474029 0.236244 
vt 0.474318 0.172831 
vt 0.221282 0.468787 
vt 0.217934 0.489477 
vt 0.183581 0.48495 
vt 0.185706 0.462494 
vt 0.202433 0.401488 
vt 0.239988 0.416654 
vt 0.251813 0.381512 
vt 0.214008 0.359755 
vt 0.276241 0.34084 
vt 0.239381 0.313528 
vt 0.299175 0.309302 
vt 0.266037 0.276204 
vt 0.251069 0.19348 
vt 0.300285 0.155683 
vt 0.355543 0.12838 
vt 0.413742 0.111939 
vt 0.47468 0.106751 
vt 0.118618 0.454298 
vt 0.114814 0.482811 
vt 0.134832 0.38575 
vt 0.149869 0.331505 
vt 0.180163 0.27366 
vt 0.212988 0.23267 
vt 0.667475 0.519924 
vt 0.589257 0.555759 
vt 0.586615 0.552538 
vt 0.666071 0.515909 
vt 0.7575 0.515909 
vt 0.757309 0.520097 
vt 0.845734 0.542864 
vt 0.843817 0.546504 
vt 0.893368 0.579087 
vt 0.896039 0.575935 
vt 0.539828 0.917117 
vt 0.543343 0.914719 
vt 0.577132 0.957851 
vt 0.574573 0.961017 
vt 0.516104 0.842532 
vt 0.520143 0.841403 
vt 0.509118 0.75536 
vt 0.504798 0.755545 
vt 0.508369 0.674857 
vt 0.504283 0.673494 
vt 0.53915 0.608634 
vt 0.535759 0.60622 
vt 0.922298 0.065326 
vt 0.876422 0.111337 
vt 0.906391 0.052733 
vt 0.886477 0.047935 
vt 0.866421 0.047855 
vt 0.847287 0.054069 
vt 0.831072 0.065926 
vt 0.813001 0.121372 
vt 0.819412 0.141087 
vt 0.9336 0.081634 
vt 0.81302 0.101263 
vt 0.819193 0.082147 
vt 0.872543 0.310113 
vt 0.900225 0.288956 
vt 0.937248 0.340351 
vt 0.905173 0.360537 
vt 0.837331 0.26508 
vt 0.86408 0.242045 
vt 0.799248 0.222062 
vt 0.825158 0.197692 
vt 0.758274 0.183097 
vt 0.782232 0.156693 
vt 0.719339 0.150945 
vt 0.73866 0.121031 
vt 0.676651 0.124073 
vt 0.691558 0.091333 
vt 0.618262 0.099138 
vt 0.634884 0.063786 
vt 0.565535 0.080353 
vt 0.572922 0.044097 
vt 0.502819 0.062341 
vt 0.507975 0.025367 
vt 0.475545 0.055146 
vt 0.475346 0.020991 
vt 0.322936 0.560424 
vt 0.392093 0.588465 
vt 0.339338 0.63447 
vt 0.298173 0.613588 
vt 0.687307 0.564659 
vt 0.705411 0.602831 
vt 0.659073 0.62378 
vt 0.619821 0.592493 
vt 0.248361 0.563071 
vt 0.25228 0.606402 
vt 0.760363 0.567267 
vt 0.755662 0.597317 
vt 0.206487 0.614064 
vt 0.178481 0.582123 
vt 0.827698 0.588645 
vt 0.80398 0.607888 
vt 0.16418 0.636329 
vt 0.138965 0.603108 
vt 0.866042 0.611761 
vt 0.847506 0.63388 
vt 0.588426 0.880164 
vt 0.625005 0.862862 
vt 0.635665 0.887028 
vt 0.613865 0.91347 
vt 0.401705 0.881237 
vt 0.375241 0.913764 
vt 0.343826 0.872361 
vt 0.37655 0.840133 
vt 0.429002 0.826796 
vt 0.399263 0.798558 
vt 0.565009 0.82558 
vt 0.607903 0.806471 
vt 0.44052 0.757169 
vt 0.401637 0.751231 
vt 0.55895 0.755599 
vt 0.606809 0.752032 
vt 0.393638 0.706443 
vt 0.454191 0.692098 
vt 0.552875 0.690813 
vt 0.608077 0.700667 
vt 0.432671 0.634531 
vt 0.371994 0.666535 
vt 0.57832 0.636061 
vt 0.625396 0.657135 
vt 0.525772 0.839293 
vt 0.548056 0.911498 
vt 0.515367 0.75545 
vt 0.514001 0.676969 
vt 0.54418 0.6121 
vt 0.593156 0.560403 
vt 0.66992 0.525565 
vt 0.757619 0.526111 
vt 0.841694 0.551891 
vt 0.889788 0.58338 
vt 0.580686 0.953591 
vt 0.338936 0.522849 
vt 0.418033 0.557353 
vt 0.467213 0.613445 
vt 0.493408 0.683284 
vt 0.480473 0.761259 
vt 0.466189 0.842212 
vt 0.442168 0.913999 
vt 0.408429 0.957281 
vt 0.11559 0.572296 
vt 0.166348 0.543745 
vt 0.251766 0.522618 
vt 0.416323 0.418049 
vt 0.408131 0.393684 
vt 0.409739 0.350249 
vt 0.442769 0.337971 
vt 0.473967 0.335233 
vt 0.402203 0.416619 
vt 0.392945 0.391028 
vt 0.390753 0.367369 
vt 0.402923 0.34323 
vt 0.417506 0.322688 
vt 0.444677 0.309547 
vt 0.474038 0.306574 
vt 0.508563 0.396535 
vt 0.504381 0.41953 
vt 0.602953 0.310411 
vt 0.591518 0.327205 
vt 0.565056 0.313244 
vt 0.574891 0.293407 
vt 0.540059 0.300394 
vt 0.54574 0.279934 
vt 0.508912 0.293335 
vt 0.513671 0.271393 
vt 0.688403 0.475615 
vt 0.691162 0.494882 
vt 0.667345 0.491341 
vt 0.665529 0.474825 
vt 0.670862 0.427431 
vt 0.652537 0.439205 
vt 0.639019 0.411691 
vt 0.660744 0.399938 
vt 0.623157 0.374545 
vt 0.640705 0.362177 
vt 0.607971 0.347253 
vt 0.622199 0.332128 
vt 0.653032 0.245509 
vt 0.623261 0.285743 
vt 0.590595 0.264735 
vt 0.616515 0.215309 
vt 0.554403 0.249411 
vt 0.572946 0.192435 
vt 0.520976 0.239699 
vt 0.5301 0.178145 
vt 0.762078 0.485527 
vt 0.727899 0.489784 
vt 0.724748 0.469195 
vt 0.76013 0.463179 
vt 0.743955 0.402549 
vt 0.706486 0.417381 
vt 0.694904 0.382511 
vt 0.732951 0.361025 
vt 0.670671 0.341974 
vt 0.708144 0.314784 
vt 0.64787 0.31034 
vt 0.681764 0.277342 
vt 0.697309 0.195005 
vt 0.648473 0.157037 
vt 0.593565 0.129364 
vt 0.53561 0.112465 
vt 0.826841 0.455493 
vt 0.830403 0.483837 
vt 0.811286 0.387269 
vt 0.796838 0.33327 
vt 0.767263 0.27544 
vt 0.734985 0.234351 
vt 0.972933 0.875509 
vt 0.969307 0.873435 
vt 0.99115 0.790697 
vt 0.995301 0.791369 
vt 0.979679 0.701872 
vt 0.975596 0.702783 
vt 0.937552 0.619705 
vt 0.934305 0.622215 
vt 0.625543 0.983428 
vt 0.623917 0.987269 
vt 0.70176 0.996487 
vt 0.702114 0.992356 
vt 0.788024 0.986818 
vt 0.78861 0.991053 
vt 0.866272 0.973202 
vt 0.868317 0.976966 
vt 0.925913 0.931628 
vt 0.928877 0.934544 
vt 0.940515 0.100248 
vt 0.941697 0.120482 
vt 0.934255 0.139565 
vt 0.922771 0.156053 
vt 0.906718 0.168167 
vt 0.887661 0.174666 
vt 0.831852 0.157633 
vt 0.848315 0.169186 
vt 0.867541 0.175056 
vt 0.043768 0.360498 
vt 0.01151 0.33984 
vt 0.049349 0.287976 
vt 0.077114 0.309692 
vt 0.113055 0.264188 
vt 0.086263 0.240765 
vt 0.125791 0.19625 
vt 0.151682 0.220913 
vt 0.169269 0.155242 
vt 0.1931 0.181952 
vt 0.232397 0.149894 
vt 0.213119 0.119868 
vt 0.275291 0.123089 
vt 0.260412 0.090347 
vt 0.317085 0.063067 
vt 0.333732 0.098452 
vt 0.378773 0.043792 
vt 0.385943 0.079948 
vt 0.448302 0.062082 
vt 0.443228 0.025451 
vt 0.048357 0.76898 
vt 0.106208 0.759402 
vt 0.11533 0.804731 
vt 0.056778 0.843266 
vt 0.89094 0.816909 
vt 0.903455 0.768037 
vt 0.944013 0.779132 
vt 0.92799 0.84975 
vt 0.070905 0.697768 
vt 0.111761 0.713247 
vt 0.899953 0.717883 
vt 0.928677 0.708009 
vt 0.131283 0.671047 
vt 0.10808 0.635515 
vt 0.88066 0.672244 
vt 0.8955 0.645358 
vt 0.6615 0.893121 
vt 0.651236 0.932333 
vt 0.336866 0.930568 
vt 0.303929 0.895347 
vt 0.277072 0.942367 
vt 0.257746 0.906138 
vt 0.719894 0.90044 
vt 0.709275 0.945569 
vt 0.206746 0.934928 
vt 0.211449 0.895763 
vt 0.77292 0.890176 
vt 0.778619 0.938328 
vt 0.170143 0.876024 
vt 0.140246 0.930826 
vt 0.823672 0.879609 
vt 0.842909 0.932415 
vt 0.090427 0.894585 
vt 0.137087 0.844765 
vt 0.863769 0.855293 
vt 0.89209 0.897714 
vt 0.627703 0.978317 
vt 0.703141 0.986495 
vt 0.786816 0.980758 
vt 0.86324 0.968015 
vt 0.921634 0.927289 
vt 0.964045 0.870353 
vt 0.985218 0.789284 
vt 0.969638 0.703513 
vt 0.929391 0.625208 
vt 0.007849 0.774314 
vt 0.019887 0.859982 
vt 0.060829 0.9223 
vt 0.121439 0.966255 
vt 0.199997 0.974536 
vt 0.281967 0.98233 
vt 0.358105 0.9788 
vt 0.074405 0.613585 
vt 0.031099 0.690156 
vt 0.539546 0.393728 
vt 0.5313 0.418095 
vt 0.505047 0.337995 
vt 0.538125 0.350267 
vt 0.554758 0.391074 
vt 0.54541 0.416728 
vt 0.556959 0.367388 
vt 0.530432 0.322794 
vt 0.544943 0.343233 
vt 0.503465 0.309643 
vt 0.343371 0.514757 
vt 0.425341 0.550068 
vt 0.476122 0.608026 
vt 0.503159 0.680101 
vt 0.489557 0.760792 
vt 0.473848 0.844301 
vt 0.448262 0.917816 
vt 0.412764 0.96298 
vt 0.360085 0.985579 
vt 0.28193 0.990269 
vt 0.197116 0.983186 
vt 0.115768 0.97483 
vt 0.053157 0.929492 
vt 0.010876 0.865073 
vt -0.001169 0.776431 
vt 0.023161 0.689278 
vt 0.068287 0.609855 
vt 0.111277 0.566601 
vt 0.164415 0.53685 
vt 0.25308 0.514757 
vt 0.50047 0.44191 
vt 0.473683 0.442859 
vt 0.447095 0.441859 
vt 0.427584 0.440267 
vt 0.520081 0.440382 
vt 0.505066 0.462734 
vt 0.485911 0.479228 
vt 0.47379 0.484849 
vt 0.461669 0.479188 
vt 0.442491 0.462623 
vt 0.292814 0.469526 
vt 0.291636 0.484871 
vt 0.654849 0.484771 
vt 0.653807 0.469508 
vt 0.644289 0.438857 
vt 0.631397 0.412327 
vt 0.617576 0.37695 
vt 0.601098 0.352106 
vt 0.584739 0.33279 
vt 0.559571 0.319112 
vt 0.536287 0.3065 
vt 0.506225 0.299587 
vt 0.474001 0.296564 
vt 0.441917 0.299443 
vt 0.411533 0.306198 
vt 0.387795 0.318657 
vt 0.362653 0.332494 
vt 0.345908 0.351777 
vt 0.329347 0.376659 
vt 0.315544 0.412037 
vt 0.302552 0.438688 
vt 0.577259 0.341475 
vt 0.553931 0.327862 
vt 0.531982 0.316274 
vt 0.41591 0.31603 
vt 0.39389 0.327822 
vt 0.370024 0.341223 
vt 0.3537 0.359097 
vt 0.336767 0.381182 
vt 0.323763 0.414247 
vt 0.312268 0.439917 
vt 0.305098 0.465314 
vt 0.304281 0.479084 
vt 0.642337 0.478969 
vt 0.641581 0.465368 
vt 0.634601 0.440154 
vt 0.623155 0.414434 
vt 0.61017 0.381474 
vt 0.593592 0.359218 
vt 0.902642 0.287072 
vt 0.939593 0.338283 
vt 0.902424 0.361787 
vt 0.870143 0.311773 
vt 0.866369 0.240154 
vt 0.835124 0.266917 
vt 0.827347 0.195628 
vt 0.797129 0.223999 
vt 0.784212 0.154432 
vt 0.756261 0.18498 
vt 0.740422 0.118631 
vt 0.717594 0.15319 
vt 0.693274 0.088647 
vt 0.675482 0.126908 
vt 0.636352 0.060383 
vt 0.616659 0.102469 
vt 0.573733 0.041096 
vt 0.564993 0.08362 
vt 0.507302 0.021809 
vt 0.501302 0.065216 
vt 0.475362 0.018109 
vt 0.475548 0.057474 
vt 0.009153 0.337754 
vt 0.046919 0.286024 
vt 0.079502 0.311377 
vt 0.046548 0.361787 
vt 0.083964 0.238834 
vt 0.115278 0.266063 
vt 0.123596 0.194157 
vt 0.153819 0.222886 
vt 0.167304 0.152959 
vt 0.195126 0.183868 
vt 0.21139 0.117469 
vt 0.234132 0.152141 
vt 0.25871 0.087654 
vt 0.27646 0.125932 
vt 0.315623 0.059673 
vt 0.33521 0.101741 
vt 0.37797 0.040806 
vt 0.386424 0.083186 
vt 0.443909 0.021925 
vt 0.449798 0.064951 
vt 0.914451 0.03687 
vt 0.934776 0.052798 
vt 0.88912 0.030568 
vt 0.863588 0.030568 
vt 0.839341 0.038519 
vt 0.818667 0.053541 
vt 0.8039 0.149183 
vt 0.795634 0.124133 
vt 0.949258 0.073517 
vt 0.795741 0.098479 
vt 0.803657 0.074189 
vt 0.957934 0.097217 
vt 0.959289 0.123022 
vt 0.94999 0.147419 
vt 0.935346 0.16829 
vt 0.914894 0.183624 
vt 0.890743 0.191948 
vt 0.819682 0.170327 
vt 0.840681 0.184961 
vt 0.865151 0.192356 

usemtl MellowCowboy1Mtl

f 1/1/1 2/2/2 3/3/3 
f 3/3/3 4/4/4 1/1/1 
f 5/5/5 6/6/6 7/7/7 
f 7/7/7 8/8/8 5/5/5 
f 6/6/6 9/9/9 10/10/10 
f 10/10/10 7/7/7 6/6/6 
f 11/11/11 12/12/12 10/10/10 
f 10/10/10 9/9/9 11/11/11 
f 13/13/13 14/14/14 12/12/12 
f 12/12/12 11/11/11 13/13/13 
f 15/15/15 16/16/16 17/17/17 
f 17/17/17 18/18/18 15/15/15 
f 19/19/19 20/20/20 16/16/16 
f 16/16/16 15/15/15 19/19/19 
f 19/19/19 21/21/21 22/22/22 
f 22/22/22 20/20/20 19/19/19 
f 21/21/21 23/23/23 24/24/24 
f 24/24/24 22/22/22 21/21/21 
f 23/23/23 25/25/25 26/26/26 
f 26/26/26 24/24/24 23/23/23 
f 25/25/25 5/5/5 8/8/8 
f 8/8/8 26/26/26 25/25/25 
f 27/27/27 28/28/28 29/29/29 
f 29/29/29 30/30/30 27/27/27 
f 31/31/31 27/27/27 30/30/30 
f 30/30/30 32/32/32 31/31/31 
f 33/33/33 31/31/31 32/32/32 
f 32/32/32 34/34/34 33/33/33 
f 35/35/35 33/33/33 34/34/34 
f 34/34/34 36/36/36 35/35/35 
f 37/37/37 38/38/38 39/39/39 
f 39/39/39 40/40/40 37/37/37 
f 41/41/41 42/42/42 37/37/37 
f 37/37/37 40/40/40 41/41/41 
f 43/43/43 42/42/42 41/41/41 
f 41/41/41 44/44/44 43/43/43 
f 45/45/45 43/43/43 44/44/44 
f 44/44/44 46/46/46 45/45/45 
f 47/47/47 45/45/45 46/46/46 
f 46/46/46 48/48/48 47/47/47 
f 28/28/28 47/47/47 48/48/48 
f 48/48/48 29/29/29 28/28/28 
f 49/49/49 50/50/50 30/30/30 
f 30/30/30 29/29/29 49/49/49 
f 50/50/50 51/51/51 32/32/32 
f 32/32/32 30/30/30 50/50/50 
f 51/51/51 52/52/52 34/34/34 
f 34/34/34 32/32/32 51/51/51 
f 52/52/52 53/53/53 36/36/36 
f 36/36/36 34/34/34 52/52/52 
f 54/54/54 40/40/40 39/39/39 
f 39/39/39 55/55/55 54/54/54 
f 56/56/56 41/41/41 40/40/40 
f 40/40/40 54/54/54 56/56/56 
f 56/56/56 57/57/57 44/44/44 
f 44/44/44 41/41/41 56/56/56 
f 58/58/58 46/46/46 44/44/44 
f 44/44/44 57/57/57 58/58/58 
f 59/59/59 48/48/48 46/46/46 
f 46/46/46 58/58/58 59/59/59 
f 49/49/49 29/29/29 48/48/48 
f 48/48/48 59/59/59 49/49/49 
f 60/60/60 61/61/61 62/62/62 
f 62/62/62 63/63/63 60/60/60 
f 64/64/64 65/65/65 60/60/60 
f 60/60/60 63/63/63 64/64/64 
f 66/66/66 67/67/67 65/65/65 
f 65/65/65 64/64/64 66/66/66 
f 68/68/68 67/67/67 66/66/66 
f 66/66/66 69/69/69 68/68/68 
f 70/70/70 71/71/71 72/72/72 
f 72/72/72 73/73/73 70/70/70 
f 74/74/74 75/75/75 71/71/71 
f 71/71/71 70/70/70 74/74/74 
f 76/76/76 75/75/75 74/74/74 
f 74/74/74 77/77/77 76/76/76 
f 78/78/78 76/76/76 77/77/77 
f 77/77/77 79/79/79 78/78/78 
f 80/80/80 78/78/78 79/79/79 
f 79/79/79 81/81/81 80/80/80 
f 61/61/61 80/80/80 81/81/81 
f 81/81/81 62/62/62 61/61/61 
f 82/82/82 83/83/83 84/84/84 
f 84/84/84 83/83/83 85/85/85 
f 85/85/85 83/83/83 86/86/86 
f 86/86/86 83/83/83 87/87/87 
f 87/87/87 83/83/83 88/88/88 
f 89/89/89 83/83/83 90/90/90 
f 91/91/91 83/83/83 82/82/82 
f 92/92/92 83/83/83 89/89/89 
f 93/93/93 83/83/83 92/92/92 
f 93/93/93 88/88/88 83/83/83 
f 94/94/94 95/95/95 96/96/96 
f 96/96/96 97/97/97 94/94/94 
f 98/98/98 99/99/99 95/95/95 
f 95/95/95 94/94/94 98/98/98 
f 100/100/100 101/101/101 99/99/99 
f 99/99/99 98/98/98 100/100/100 
f 100/100/100 102/102/102 103/103/103 
f 103/103/103 101/101/101 100/100/100 
f 104/104/104 105/105/105 103/103/103 
f 103/103/103 102/102/102 104/104/104 
f 106/106/106 107/107/107 105/105/105 
f 105/105/105 104/104/104 106/106/106 
f 106/106/106 108/108/108 109/109/109 
f 109/109/109 107/107/107 106/106/106 
f 110/110/110 111/111/111 109/109/109 
f 109/109/109 108/108/108 110/110/110 
f 112/112/112 113/113/113 111/111/111 
f 111/111/111 110/110/110 112/112/112 
f 114/114/114 115/115/115 113/113/113 
f 113/113/113 112/112/112 114/114/114 
f 116/116/116 117/117/117 118/118/118 
f 118/118/118 119/119/119 116/116/116 
f 120/120/120 121/121/121 122/122/122 
f 122/122/122 123/123/123 120/120/120 
f 124/124/124 116/116/116 119/119/119 
f 119/119/119 125/125/125 124/124/124 
f 126/126/126 127/127/127 121/121/121 
f 121/121/121 120/120/120 126/126/126 
f 124/124/124 125/125/125 128/128/128 
f 128/128/128 129/129/129 124/124/124 
f 126/126/126 130/130/130 131/131/131 
f 131/131/131 127/127/127 126/126/126 
f 129/129/129 128/128/128 132/132/132 
f 132/132/132 133/133/133 129/129/129 
f 130/130/130 134/134/134 135/135/135 
f 135/135/135 131/131/131 130/130/130 
f 136/136/136 137/137/137 138/138/138 
f 138/138/138 139/139/139 136/136/136 
f 140/140/140 141/141/141 142/142/142 
f 142/142/142 143/143/143 140/140/140 
f 144/144/144 140/140/140 143/143/143 
f 143/143/143 145/145/145 144/144/144 
f 146/146/146 147/147/147 137/137/137 
f 137/137/137 136/136/136 146/146/146 
f 148/148/148 144/144/144 145/145/145 
f 145/145/145 149/149/149 148/148/148 
f 150/150/150 151/151/151 147/147/147 
f 147/147/147 146/146/146 150/150/150 
f 148/148/148 149/149/149 152/152/152 
f 152/152/152 153/153/153 148/148/148 
f 150/150/150 154/154/154 155/155/155 
f 155/155/155 151/151/151 150/150/150 
f 156/156/156 153/153/153 152/152/152 
f 152/152/152 157/157/157 156/156/156 
f 158/158/158 159/159/159 155/155/155 
f 155/155/155 154/154/154 158/158/158 
f 117/117/117 156/156/156 157/157/157 
f 157/157/157 118/118/118 117/117/117 
f 123/123/123 122/122/122 159/159/159 
f 159/159/159 158/158/158 123/123/123 
f 75/75/75 160/160/160 161/161/161 
f 161/161/161 71/71/71 75/75/75 
f 76/76/76 162/162/162 160/160/160 
f 160/160/160 75/75/75 76/76/76 
f 76/76/76 78/78/78 163/163/163 
f 163/163/163 162/162/162 76/76/76 
f 78/78/78 80/80/80 164/164/164 
f 164/164/164 163/163/163 78/78/78 
f 61/61/61 165/165/165 164/164/164 
f 164/164/164 80/80/80 61/61/61 
f 60/60/60 166/166/166 165/165/165 
f 165/165/165 61/61/61 60/60/60 
f 65/65/65 167/167/167 166/166/166 
f 166/166/166 60/60/60 65/65/65 
f 67/67/67 168/168/168 167/167/167 
f 167/167/167 65/65/65 67/67/67 
f 68/68/68 169/169/169 168/168/168 
f 168/168/168 67/67/67 68/68/68 
f 71/71/71 161/161/161 170/170/170 
f 170/170/170 72/72/72 71/71/71 
f 171/171/171 172/172/172 117/117/117 
f 117/117/117 116/116/116 171/171/171 
f 173/173/173 156/156/156 117/117/117 
f 117/117/117 172/172/172 173/173/173 
f 174/174/174 153/153/153 156/156/156 
f 156/156/156 173/173/173 174/174/174 
f 175/175/175 148/148/148 153/153/153 
f 153/153/153 174/174/174 175/175/175 
f 175/175/175 176/176/176 144/144/144 
f 144/144/144 148/148/148 175/175/175 
f 176/176/176 177/177/177 140/140/140 
f 140/140/140 144/144/144 176/176/176 
f 177/177/177 178/178/178 141/141/141 
f 141/141/141 140/140/140 177/177/177 
f 179/179/179 180/180/180 129/129/129 
f 129/129/129 133/133/133 179/179/179 
f 180/180/180 181/181/181 124/124/124 
f 124/124/124 129/129/129 180/180/180 
f 181/181/181 171/171/171 116/116/116 
f 116/116/116 124/124/124 181/181/181 
f 4/4/4 3/3/3 182/182/182 
f 182/182/182 183/183/183 4/4/4 
f 184/184/184 185/185/185 4/4/4 
f 4/4/4 183/183/183 184/184/184 
f 185/185/185 186/186/186 1/1/1 
f 1/1/1 4/4/4 185/185/185 
f 183/183/183 182/182/182 187/187/187 
f 187/187/187 188/188/188 183/183/183 
f 189/189/189 184/184/184 183/183/183 
f 183/183/183 188/188/188 189/189/189 
f 190/190/190 191/191/191 184/184/184 
f 184/184/184 189/189/189 190/190/190 
f 191/191/191 192/192/192 185/185/185 
f 185/185/185 184/184/184 191/191/191 
f 192/192/192 193/193/193 186/186/186 
f 186/186/186 185/185/185 192/192/192 
f 1/1/1 194/194/194 195/195/195 
f 195/195/195 2/2/2 1/1/1 
f 196/196/196 197/197/197 198/198/198 
f 198/198/198 199/199/199 196/196/196 
f 199/199/199 198/198/198 200/200/200 
f 200/200/200 201/201/201 199/199/199 
f 201/201/201 200/200/200 202/202/202 
f 202/202/202 203/203/203 201/201/201 
f 13/13/13 203/203/203 202/202/202 
f 202/202/202 14/14/14 13/13/13 
f 204/204/204 205/205/205 206/206/206 
f 206/206/206 207/207/207 204/204/204 
f 208/208/208 204/204/204 207/207/207 
f 207/207/207 209/209/209 208/208/208 
f 208/208/208 209/209/209 210/210/210 
f 210/210/210 211/211/211 208/208/208 
f 211/211/211 210/210/210 212/212/212 
f 212/212/212 213/213/213 211/211/211 
f 213/213/213 212/212/212 214/214/214 
f 214/214/214 215/215/215 213/213/213 
f 215/215/215 214/214/214 197/197/197 
f 197/197/197 196/196/196 215/215/215 
f 216/216/216 217/217/217 218/218/218 
f 218/218/218 219/219/219 216/216/216 
f 219/219/219 218/218/218 220/220/220 
f 220/220/220 221/221/221 219/219/219 
f 221/221/221 220/220/220 222/222/222 
f 222/222/222 223/223/223 221/221/221 
f 223/223/223 222/222/222 35/35/35 
f 35/35/35 36/36/36 223/223/223 
f 224/224/224 225/225/225 226/226/226 
f 226/226/226 227/227/227 224/224/224 
f 228/228/228 227/227/227 226/226/226 
f 226/226/226 229/229/229 228/228/228 
f 228/228/228 229/229/229 230/230/230 
f 230/230/230 231/231/231 228/228/228 
f 231/231/231 230/230/230 232/232/232 
f 232/232/232 233/233/233 231/231/231 
f 233/233/233 232/232/232 234/234/234 
f 234/234/234 235/235/235 233/233/233 
f 235/235/235 234/234/234 217/217/217 
f 217/217/217 216/216/216 235/235/235 
f 236/236/236 216/216/216 219/219/219 
f 219/219/219 237/237/237 236/236/236 
f 237/237/237 219/219/219 221/221/221 
f 221/221/221 238/238/238 237/237/237 
f 238/238/238 221/221/221 223/223/223 
f 223/223/223 239/239/239 238/238/238 
f 239/239/239 223/223/223 36/36/36 
f 36/36/36 53/53/53 239/239/239 
f 240/240/240 241/241/241 224/224/224 
f 224/224/224 227/227/227 240/240/240 
f 242/242/242 240/240/240 227/227/227 
f 227/227/227 228/228/228 242/242/242 
f 242/242/242 228/228/228 231/231/231 
f 231/231/231 243/243/243 242/242/242 
f 244/244/244 243/243/243 231/231/231 
f 231/231/231 233/233/233 244/244/244 
f 245/245/245 244/244/244 233/233/233 
f 233/233/233 235/235/235 245/245/245 
f 245/245/245 235/235/235 216/216/216 
f 216/216/216 236/236/236 245/245/245 
f 246/246/246 247/247/247 248/248/248 
f 248/248/248 249/249/249 246/246/246 
f 250/250/250 249/249/249 248/248/248 
f 248/248/248 251/251/251 250/250/250 
f 252/252/252 250/250/250 251/251/251 
f 251/251/251 253/253/253 252/252/252 
f 252/252/252 253/253/253 68/68/68 
f 68/68/68 69/69/69 252/252/252 
f 72/72/72 254/254/254 255/255/255 
f 255/255/255 73/73/73 72/72/72 
f 256/256/256 255/255/255 254/254/254 
f 254/254/254 257/257/257 256/256/256 
f 256/256/256 257/257/257 258/258/258 
f 258/258/258 259/259/259 256/256/256 
f 259/259/259 258/258/258 260/260/260 
f 260/260/260 261/261/261 259/259/259 
f 261/261/261 260/260/260 262/262/262 
f 262/262/262 263/263/263 261/261/261 
f 263/263/263 262/262/262 247/247/247 
f 247/247/247 246/246/246 263/263/263 
f 264/264/264 265/265/265 83/83/83 
f 265/265/265 266/266/266 83/83/83 
f 266/266/266 267/267/267 83/83/83 
f 267/267/267 268/268/268 83/83/83 
f 268/268/268 269/269/269 83/83/83 
f 270/270/270 90/90/90 83/83/83 
f 91/91/91 264/264/264 83/83/83 
f 271/271/271 270/270/270 83/83/83 
f 272/272/272 271/271/271 83/83/83 
f 272/272/272 83/83/83 269/269/269 
f 273/273/273 274/274/274 275/275/275 
f 275/275/275 276/276/276 273/273/273 
f 277/277/277 276/276/276 275/275/275 
f 275/275/275 278/278/278 277/277/277 
f 277/277/277 278/278/278 279/279/279 
f 279/279/279 280/280/280 277/277/277 
f 280/280/280 279/279/279 281/281/281 
f 281/281/281 282/282/282 280/280/280 
f 283/283/283 282/282/282 281/281/281 
f 281/281/281 284/284/284 283/283/283 
f 285/285/285 283/283/283 284/284/284 
f 284/284/284 286/286/286 285/285/285 
f 285/285/285 286/286/286 287/287/287 
f 287/287/287 288/288/288 285/285/285 
f 288/288/288 287/287/287 289/289/289 
f 289/289/289 290/290/290 288/288/288 
f 291/291/291 290/290/290 289/289/289 
f 289/289/289 292/292/292 291/291/291 
f 114/114/114 291/291/291 292/292/292 
f 292/292/292 115/115/115 114/114/114 
f 293/293/293 294/294/294 295/295/295 
f 295/295/295 296/296/296 293/293/293 
f 297/297/297 298/298/298 299/299/299 
f 299/299/299 300/300/300 297/297/297 
f 301/301/301 302/302/302 294/294/294 
f 294/294/294 293/293/293 301/301/301 
f 298/298/298 303/303/303 304/304/304 
f 304/304/304 299/299/299 298/298/298 
f 305/305/305 302/302/302 301/301/301 
f 301/301/301 306/306/306 305/305/305 
f 304/304/304 303/303/303 307/307/307 
f 307/307/307 308/308/308 304/304/304 
f 132/132/132 305/305/305 306/306/306 
f 306/306/306 133/133/133 132/132/132 
f 308/308/308 307/307/307 135/135/135 
f 135/135/135 134/134/134 308/308/308 
f 138/138/138 309/309/309 310/310/310 
f 310/310/310 139/139/139 138/138/138 
f 311/311/311 312/312/312 142/142/142 
f 142/142/142 141/141/141 311/311/311 
f 313/313/313 314/314/314 312/312/312 
f 312/312/312 311/311/311 313/313/313 
f 309/309/309 315/315/315 316/316/316 
f 316/316/316 310/310/310 309/309/309 
f 317/317/317 318/318/318 314/314/314 
f 314/314/314 313/313/313 317/317/317 
f 315/315/315 319/319/319 320/320/320 
f 320/320/320 316/316/316 315/315/315 
f 321/321/321 318/318/318 317/317/317 
f 317/317/317 322/322/322 321/321/321 
f 320/320/320 319/319/319 323/323/323 
f 323/323/323 324/324/324 320/320/320 
f 325/325/325 326/326/326 321/321/321 
f 321/321/321 322/322/322 325/325/325 
f 323/323/323 327/327/327 328/328/328 
f 328/328/328 324/324/324 323/323/323 
f 296/296/296 295/295/295 326/326/326 
f 326/326/326 325/325/325 296/296/296 
f 327/327/327 297/297/297 300/300/300 
f 300/300/300 328/328/328 327/327/327 
f 329/329/329 330/330/330 257/257/257 
f 257/257/257 254/254/254 329/329/329 
f 330/330/330 331/331/331 258/258/258 
f 258/258/258 257/257/257 330/330/330 
f 258/258/258 331/331/331 332/332/332 
f 332/332/332 260/260/260 258/258/258 
f 260/260/260 332/332/332 333/333/333 
f 333/333/333 262/262/262 260/260/260 
f 333/333/333 334/334/334 247/247/247 
f 247/247/247 262/262/262 333/333/333 
f 334/334/334 335/335/335 248/248/248 
f 248/248/248 247/247/247 334/334/334 
f 335/335/335 336/336/336 251/251/251 
f 251/251/251 248/248/248 335/335/335 
f 336/336/336 337/337/337 253/253/253 
f 253/253/253 251/251/251 336/336/336 
f 337/337/337 169/169/169 68/68/68 
f 68/68/68 253/253/253 337/337/337 
f 170/170/170 329/329/329 254/254/254 
f 254/254/254 72/72/72 170/170/170 
f 338/338/338 293/293/293 296/296/296 
f 296/296/296 339/339/339 338/338/338 
f 296/296/296 325/325/325 340/340/340 
f 340/340/340 339/339/339 296/296/296 
f 325/325/325 322/322/322 341/341/341 
f 341/341/341 340/340/340 325/325/325 
f 322/322/322 317/317/317 342/342/342 
f 342/342/342 341/341/341 322/322/322 
f 342/342/342 317/317/317 313/313/313 
f 313/313/313 343/343/343 342/342/342 
f 343/343/343 313/313/313 311/311/311 
f 311/311/311 344/344/344 343/343/343 
f 344/344/344 311/311/311 141/141/141 
f 141/141/141 178/178/178 344/344/344 
f 179/179/179 133/133/133 306/306/306 
f 306/306/306 345/345/345 179/179/179 
f 345/345/345 306/306/306 301/301/301 
f 301/301/301 346/346/346 345/345/345 
f 346/346/346 301/301/301 293/293/293 
f 293/293/293 338/338/338 346/346/346 
f 194/194/194 347/347/347 348/348/348 
f 348/348/348 195/195/195 194/194/194 
f 194/194/194 349/349/349 350/350/350 
f 350/350/350 347/347/347 194/194/194 
f 1/1/1 186/186/186 349/349/349 
f 349/349/349 194/194/194 1/1/1 
f 347/347/347 351/351/351 352/352/352 
f 352/352/352 348/348/348 347/347/347 
f 347/347/347 350/350/350 353/353/353 
f 353/353/353 351/351/351 347/347/347 
f 350/350/350 354/354/354 355/355/355 
f 355/355/355 353/353/353 350/350/350 
f 349/349/349 356/356/356 354/354/354 
f 354/354/354 350/350/350 349/349/349 
f 186/186/186 193/193/193 356/356/356 
f 356/356/356 349/349/349 186/186/186 
f 165/165/165 123/123/123 158/158/158 
f 158/158/158 164/164/164 165/165/165 
f 163/163/163 164/164/164 158/158/158 
f 158/158/158 154/154/154 163/163/163 
f 162/162/162 163/163/163 154/154/154 
f 154/154/154 150/150/150 162/162/162 
f 162/162/162 150/150/150 146/146/146 
f 146/146/146 160/160/160 162/162/162 
f 160/160/160 146/146/146 136/136/136 
f 136/136/136 161/161/161 160/160/160 
f 161/161/161 136/136/136 139/139/139 
f 139/139/139 170/170/170 161/161/161 
f 139/139/139 310/310/310 329/329/329 
f 329/329/329 170/170/170 139/139/139 
f 310/310/310 316/316/316 330/330/330 
f 330/330/330 329/329/329 310/310/310 
f 316/316/316 320/320/320 331/331/331 
f 331/331/331 330/330/330 316/316/316 
f 331/331/331 320/320/320 324/324/324 
f 324/324/324 332/332/332 331/331/331 
f 332/332/332 324/324/324 328/328/328 
f 328/328/328 333/333/333 332/332/332 
f 328/328/328 300/300/300 334/334/334 
f 334/334/334 333/333/333 328/328/328 
f 300/300/300 299/299/299 335/335/335 
f 335/335/335 334/334/334 300/300/300 
f 299/299/299 304/304/304 336/336/336 
f 336/336/336 335/335/335 299/299/299 
f 304/304/304 308/308/308 337/337/337 
f 337/337/337 336/336/336 304/304/304 
f 308/308/308 134/134/134 169/169/169 
f 169/169/169 337/337/337 308/308/308 
f 169/169/169 134/134/134 130/130/130 
f 130/130/130 168/168/168 169/169/169 
f 168/168/168 130/130/130 126/126/126 
f 126/126/126 167/167/167 168/168/168 
f 167/167/167 126/126/126 120/120/120 
f 120/120/120 166/166/166 167/167/167 
f 166/166/166 120/120/120 123/123/123 
f 123/123/123 165/165/165 166/166/166 
f 357/357/357 358/358/358 172/172/172 
f 172/172/172 171/171/171 357/357/357 
f 358/358/358 359/359/359 173/173/173 
f 173/173/173 172/172/172 358/358/358 
f 360/360/360 174/174/174 173/173/173 
f 173/173/173 359/359/359 360/360/360 
f 361/361/361 175/175/175 174/174/174 
f 174/174/174 360/360/360 361/361/361 
f 362/362/362 176/176/176 175/175/175 
f 175/175/175 361/361/361 362/362/362 
f 362/362/362 363/363/363 177/177/177 
f 177/177/177 176/176/176 362/362/362 
f 363/363/363 364/364/364 178/178/178 
f 178/178/178 177/177/177 363/363/363 
f 365/365/365 344/344/344 178/178/178 
f 178/178/178 364/364/364 365/365/365 
f 366/366/366 343/343/343 344/344/344 
f 344/344/344 365/365/365 366/366/366 
f 366/366/366 367/367/367 342/342/342 
f 342/342/342 343/343/343 366/366/366 
f 367/367/367 368/368/368 341/341/341 
f 341/341/341 342/342/342 367/367/367 
f 368/368/368 369/369/369 340/340/340 
f 340/340/340 341/341/341 368/368/368 
f 370/370/370 339/339/339 340/340/340 
f 340/340/340 369/369/369 370/370/370 
f 371/371/371 338/338/338 339/339/339 
f 339/339/339 370/370/370 371/371/371 
f 372/372/372 346/346/346 338/338/338 
f 338/338/338 371/371/371 372/372/372 
f 373/373/373 345/345/345 346/346/346 
f 346/346/346 372/372/372 373/373/373 
f 374/374/374 179/179/179 345/345/345 
f 345/345/345 373/373/373 374/374/374 
f 374/374/374 375/375/375 180/180/180 
f 180/180/180 179/179/179 374/374/374 
f 375/375/375 376/376/376 181/181/181 
f 181/181/181 180/180/180 375/375/375 
f 376/376/376 357/357/357 171/171/171 
f 171/171/171 181/181/181 376/376/376 
f 204/204/204 226/226/226 225/225/225 
f 225/225/225 205/205/205 204/204/204 
f 38/38/38 37/37/37 15/15/15 
f 15/15/15 18/18/18 38/38/38 
f 42/42/42 19/19/19 15/15/15 
f 15/15/15 37/37/37 42/42/42 
f 42/42/42 43/43/43 21/21/21 
f 21/21/21 19/19/19 42/42/42 
f 43/43/43 45/45/45 23/23/23 
f 23/23/23 21/21/21 43/43/43 
f 45/45/45 47/47/47 25/25/25 
f 25/25/25 23/23/23 45/45/45 
f 47/47/47 28/28/28 5/5/5 
f 5/5/5 25/25/25 47/47/47 
f 27/27/27 6/6/6 5/5/5 
f 5/5/5 28/28/28 27/27/27 
f 27/27/27 31/31/31 9/9/9 
f 9/9/9 6/6/6 27/27/27 
f 31/31/31 33/33/33 11/11/11 
f 11/11/11 9/9/9 31/31/31 
f 35/35/35 13/13/13 11/11/11 
f 11/11/11 33/33/33 35/35/35 
f 35/35/35 222/222/222 203/203/203 
f 203/203/203 13/13/13 35/35/35 
f 220/220/220 201/201/201 203/203/203 
f 203/203/203 222/222/222 220/220/220 
f 218/218/218 199/199/199 201/201/201 
f 201/201/201 220/220/220 218/218/218 
f 218/218/218 217/217/217 196/196/196 
f 196/196/196 199/199/199 218/218/218 
f 234/234/234 215/215/215 196/196/196 
f 196/196/196 217/217/217 234/234/234 
f 232/232/232 213/213/213 215/215/215 
f 215/215/215 234/234/234 232/232/232 
f 230/230/230 211/211/211 213/213/213 
f 213/213/213 232/232/232 230/230/230 
f 229/229/229 208/208/208 211/211/211 
f 211/211/211 230/230/230 229/229/229 
f 229/229/229 226/226/226 204/204/204 
f 204/204/204 208/208/208 229/229/229 
f 348/348/348 377/377/377 195/195/195 
f 2/2/2 195/195/195 377/377/377 
f 377/377/377 378/378/378 2/2/2 
f 2/2/2 378/378/378 379/379/379 
f 379/379/379 3/3/3 2/2/2 
f 182/182/182 379/379/379 380/380/380 
f 380/380/380 187/187/187 182/182/182 
f 377/377/377 381/381/381 382/382/382 
f 382/382/382 383/383/383 377/377/377 
f 378/378/378 377/377/377 383/383/383 
f 383/383/383 384/384/384 378/378/378 
f 378/378/378 384/384/384 385/385/385 
f 385/385/385 379/379/379 378/378/378 
f 379/379/379 385/385/385 386/386/386 
f 386/386/386 380/380/380 379/379/379 
f 16/16/16 387/387/387 388/388/388 
f 388/388/388 17/17/17 16/16/16 
f 389/389/389 390/390/390 207/207/207 
f 207/207/207 206/206/206 389/389/389 
f 209/209/209 207/207/207 390/390/390 
f 390/390/390 391/391/391 209/209/209 
f 210/210/210 209/209/209 391/391/391 
f 391/391/391 392/392/392 210/210/210 
f 212/212/212 210/210/210 392/392/392 
f 392/392/392 393/393/393 212/212/212 
f 212/212/212 393/393/393 394/394/394 
f 394/394/394 214/214/214 212/212/212 
f 197/197/197 214/214/214 394/394/394 
f 394/394/394 395/395/395 197/197/197 
f 198/198/198 197/197/197 395/395/395 
f 395/395/395 396/396/396 198/198/198 
f 200/200/200 198/198/198 396/396/396 
f 396/396/396 397/397/397 200/200/200 
f 202/202/202 200/200/200 397/397/397 
f 397/397/397 398/398/398 202/202/202 
f 14/14/14 202/202/202 398/398/398 
f 398/398/398 399/399/399 14/14/14 
f 14/14/14 399/399/399 400/400/400 
f 400/400/400 12/12/12 14/14/14 
f 12/12/12 400/400/400 401/401/401 
f 401/401/401 10/10/10 12/12/12 
f 10/10/10 401/401/401 402/402/402 
f 402/402/402 7/7/7 10/10/10 
f 7/7/7 402/402/402 403/403/403 
f 403/403/403 8/8/8 7/7/7 
f 8/8/8 403/403/403 404/404/404 
f 404/404/404 26/26/26 8/8/8 
f 24/24/24 26/26/26 404/404/404 
f 404/404/404 405/405/405 24/24/24 
f 24/24/24 405/405/405 406/406/406 
f 406/406/406 22/22/22 24/24/24 
f 22/22/22 406/406/406 407/407/407 
f 407/407/407 20/20/20 22/22/22 
f 20/20/20 407/407/407 387/387/387 
f 387/387/387 16/16/16 20/20/20 
f 396/396/396 395/395/395 408/408/408 
f 408/408/408 409/409/409 396/396/396 
f 397/397/397 396/396/396 409/409/409 
f 409/409/409 410/410/410 397/397/397 
f 398/398/398 397/397/397 410/410/410 
f 410/410/410 356/356/356 398/398/398 
f 399/399/399 398/398/398 356/356/356 
f 356/356/356 193/193/193 399/399/399 
f 399/399/399 193/193/193 192/192/192 
f 192/192/192 400/400/400 399/399/399 
f 400/400/400 192/192/192 411/411/411 
f 411/411/411 401/401/401 400/400/400 
f 401/401/401 411/411/411 412/412/412 
f 412/412/412 402/402/402 401/401/401 
f 402/402/402 412/412/412 413/413/413 
f 413/413/413 403/403/403 402/402/402 
f 404/404/404 403/403/403 413/413/413 
f 413/413/413 414/414/414 404/404/404 
f 405/405/405 404/404/404 414/414/414 
f 414/414/414 415/415/415 405/405/405 
f 406/406/406 405/405/405 415/415/415 
f 415/415/415 416/416/416 406/406/406 
f 406/406/406 416/416/416 417/417/417 
f 417/417/417 407/407/407 406/406/406 
f 407/407/407 417/417/417 418/418/418 
f 418/418/418 387/387/387 407/407/407 
f 387/387/387 418/418/418 419/419/419 
f 419/419/419 388/388/388 387/387/387 
f 420/420/420 421/421/421 390/390/390 
f 390/390/390 389/389/389 420/420/420 
f 391/391/391 390/390/390 421/421/421 
f 421/421/421 422/422/422 391/391/391 
f 392/392/392 391/391/391 422/422/422 
f 422/422/422 423/423/423 392/392/392 
f 392/392/392 423/423/423 424/424/424 
f 424/424/424 393/393/393 392/392/392 
f 393/393/393 424/424/424 425/425/425 
f 425/425/425 394/394/394 393/393/393 
f 394/394/394 425/425/425 408/408/408 
f 408/408/408 395/395/395 394/394/394 
f 381/381/381 377/377/377 348/348/348 
f 348/348/348 352/352/352 381/381/381 
f 379/379/379 182/182/182 3/3/3 
f 95/95/95 426/426/426 427/427/427 
f 427/427/427 96/96/96 95/95/95 
f 97/97/97 428/428/428 429/429/429 
f 429/429/429 94/94/94 97/97/97 
f 99/99/99 430/430/430 426/426/426 
f 426/426/426 95/95/95 99/99/99 
f 94/94/94 429/429/429 431/431/431 
f 431/431/431 98/98/98 94/94/94 
f 101/101/101 432/432/432 430/430/430 
f 430/430/430 99/99/99 101/101/101 
f 98/98/98 431/431/431 433/433/433 
f 433/433/433 100/100/100 98/98/98 
f 103/103/103 434/434/434 432/432/432 
f 432/432/432 101/101/101 103/103/103 
f 100/100/100 433/433/433 435/435/435 
f 435/435/435 102/102/102 100/100/100 
f 105/105/105 436/436/436 434/434/434 
f 434/434/434 103/103/103 105/105/105 
f 104/104/104 102/102/102 435/435/435 
f 435/435/435 437/437/437 104/104/104 
f 107/107/107 438/438/438 436/436/436 
f 436/436/436 105/105/105 107/107/107 
f 104/104/104 437/437/437 439/439/439 
f 439/439/439 106/106/106 104/104/104 
f 109/109/109 440/440/440 438/438/438 
f 438/438/438 107/107/107 109/109/109 
f 108/108/108 106/106/106 439/439/439 
f 439/439/439 441/441/441 108/108/108 
f 109/109/109 111/111/111 442/442/442 
f 442/442/442 440/440/440 109/109/109 
f 108/108/108 441/441/441 443/443/443 
f 443/443/443 110/110/110 108/108/108 
f 113/113/113 444/444/444 442/442/442 
f 442/442/442 111/111/111 113/113/113 
f 110/110/110 443/443/443 445/445/445 
f 445/445/445 112/112/112 110/110/110 
f 115/115/115 446/446/446 444/444/444 
f 444/444/444 113/113/113 115/115/115 
f 112/112/112 445/445/445 447/447/447 
f 447/447/447 114/114/114 112/112/112 
f 274/274/274 448/448/448 449/449/449 
f 449/449/449 275/275/275 274/274/274 
f 276/276/276 450/450/450 451/451/451 
f 451/451/451 273/273/273 276/276/276 
f 275/275/275 449/449/449 452/452/452 
f 452/452/452 278/278/278 275/275/275 
f 277/277/277 453/453/453 450/450/450 
f 450/450/450 276/276/276 277/277/277 
f 278/278/278 452/452/452 454/454/454 
f 454/454/454 279/279/279 278/278/278 
f 280/280/280 455/455/455 453/453/453 
f 453/453/453 277/277/277 280/280/280 
f 279/279/279 454/454/454 456/456/456 
f 456/456/456 281/281/281 279/279/279 
f 282/282/282 457/457/457 455/455/455 
f 455/455/455 280/280/280 282/282/282 
f 281/281/281 456/456/456 458/458/458 
f 458/458/458 284/284/284 281/281/281 
f 283/283/283 459/459/459 457/457/457 
f 457/457/457 282/282/282 283/283/283 
f 284/284/284 458/458/458 460/460/460 
f 460/460/460 286/286/286 284/284/284 
f 285/285/285 461/461/461 459/459/459 
f 459/459/459 283/283/283 285/285/285 
f 286/286/286 460/460/460 462/462/462 
f 462/462/462 287/287/287 286/286/286 
f 288/288/288 463/463/463 461/461/461 
f 461/461/461 285/285/285 288/288/288 
f 287/287/287 462/462/462 464/464/464 
f 464/464/464 289/289/289 287/287/287 
f 288/288/288 290/290/290 465/465/465 
f 465/465/465 463/463/463 288/288/288 
f 292/292/292 289/289/289 464/464/464 
f 464/464/464 466/466/466 292/292/292 
f 291/291/291 467/467/467 465/465/465 
f 465/465/465 290/290/290 291/291/291 
f 115/115/115 292/292/292 466/466/466 
f 466/466/466 446/446/446 115/115/115 
f 291/291/291 114/114/114 447/447/447 
f 447/447/447 467/467/467 291/291/291 
f 84/84/84 468/468/468 469/469/469 
f 469/469/469 82/82/82 84/84/84 
f 84/84/84 85/85/85 470/470/470 
f 470/470/470 468/468/468 84/84/84 
f 86/86/86 471/471/471 470/470/470 
f 470/470/470 85/85/85 86/86/86 
f 87/87/87 472/472/472 471/471/471 
f 471/471/471 86/86/86 87/87/87 
f 88/88/88 473/473/473 472/472/472 
f 472/472/472 87/87/87 88/88/88 
f 90/90/90 474/474/474 475/475/475 
f 475/475/475 89/89/89 90/90/90 
f 82/82/82 469/469/469 476/476/476 
f 476/476/476 91/91/91 82/82/82 
f 89/89/89 475/475/475 477/477/477 
f 477/477/477 92/92/92 89/89/89 
f 92/92/92 477/477/477 478/478/478 
f 478/478/478 93/93/93 92/92/92 
f 93/93/93 478/478/478 473/473/473 
f 473/473/473 88/88/88 93/93/93 
f 265/265/265 264/264/264 479/479/479 
f 479/479/479 480/480/480 265/265/265 
f 265/265/265 480/480/480 481/481/481 
f 481/481/481 266/266/266 265/265/265 
f 266/266/266 481/481/481 482/482/482 
f 482/482/482 267/267/267 266/266/266 
f 267/267/267 482/482/482 483/483/483 
f 483/483/483 268/268/268 267/267/267 
f 268/268/268 483/483/483 484/484/484 
f 484/484/484 269/269/269 268/268/268 
f 270/270/270 485/485/485 474/474/474 
f 474/474/474 90/90/90 270/270/270 
f 264/264/264 91/91/91 476/476/476 
f 476/476/476 479/479/479 264/264/264 
f 271/271/271 486/486/486 485/485/485 
f 485/485/485 270/270/270 271/271/271 
f 272/272/272 487/487/487 486/486/486 
f 486/486/486 271/271/271 272/272/272 
f 269/269/269 484/484/484 487/487/487 
f 487/487/487 272/272/272 269/269/269 

g Handle1

v 71.3907 5.0656 -10.6916 
v 71.3466 5.06471 -10.9525 
v 71.3134 4.96948 -10.9532 
v 71.3547 4.97394 -10.6662 
v 71.5275 5.07057 -10.4586 
v 71.4902 4.98171 -10.4171 
v 71.3475 4.97723 -11.238 
v 71.3873 5.06986 -11.2255 
v 71.4085 4.98151 -11.3569 
v 71.5167 5.07705 -11.4457 
v 71.4986 5.03788 -11.4498 
v 71.3466 5.06471 -10.9525 
v 71.3134 4.96948 -10.9532 
v 71.3329 4.79998 -10.6616 
v 71.4898 4.79994 -10.4164 
v 71.6114 5.05864 -11.5218 
v 71.6155 5.07692 -11.5157 
v 71.2791 4.79985 -10.9513 
v 71.3353 4.83759 -11.2403 
v 71.2791 4.79985 -10.9513 
v 71.3337 4.54931 -10.662 
v 71.4909 4.40994 -10.4172 
v 71.325 4.7204 -11.1943 
v 71.2805 4.69194 -10.9683 
v 71.3266 4.48589 -11.1946 
v 71.28 4.47643 -10.963 
v 71.2808 4.58417 -10.9684 
v 71.3248 4.60313 -11.1894 
v 71.3346 4.36869 -11.2304 
v 71.2781 4.36868 -10.9521 
v 71.4371 5.04381 -10.7117 
v 71.3841 4.97069 -10.6838 
v 71.3333 4.97069 -10.9511 
v 71.3968 5.04292 -10.9525 
v 71.563 5.0488 -10.4958 
v 71.5285 4.97069 -10.4573 
v 71.3841 4.97069 -11.2184 
v 71.4528 4.97069 -11.3261 
v 71.4336 5.04791 -11.2056 
v 71.5524 5.05589 -11.4085 
v 71.5344 5.01672 -11.4126 
v 71.5288 4.79996 -10.4573 
v 71.3839 4.79996 -10.6838 
v 71.6401 5.0376 -11.4771 
v 71.6442 5.05589 -11.471 
v 71.3332 4.79996 -10.9511 
v 71.3853 4.83796 -11.2184 
v 71.5292 4.40996 -10.4573 
v 71.3837 4.5493 -10.6838 
v 71.379 4.72067 -11.1826 
v 71.3346 4.69221 -10.9566 
v 71.3807 4.48617 -11.1826 
v 71.3788 4.60341 -11.1776 
v 71.3348 4.58446 -10.9566 
v 71.334 4.4767 -10.9511 
v 71.3886 4.36895 -11.2184 
v 71.3321 4.36894 -10.9401 
v 71.5344 5.01672 -11.4126 
v 71.4528 4.97069 -11.3261 
v 71.6401 5.0376 -11.4771 
v 71.3853 4.83796 -11.2184 
v 71.3837 4.5493 -10.6838 
v 71.5292 4.40996 -10.4573 
v 71.3346 4.69221 -10.9566 
v 71.3332 4.79996 -10.9511 
v 71.379 4.72067 -11.1826 
v 71.334 4.4767 -10.9511 
v 71.3348 4.58446 -10.9566 
v 71.3788 4.60341 -11.1776 
v 71.3807 4.48617 -11.1826 
v 71.3886 4.36895 -11.2184 
v 71.3321 4.36894 -10.9401 
v 71.3321 4.36894 -10.9401 
v 71.3886 4.36895 -11.2184 
v 71.3332 4.79996 -10.9511 
v 72.6091 5.0656 -10.6916 
v 72.6452 4.97394 -10.6662 
v 72.6865 4.96948 -10.9532 
v 72.6532 5.06471 -10.9525 
v 72.4723 5.07057 -10.4586 
v 72.5097 4.98171 -10.4171 
v 72.6524 4.97723 -11.238 
v 72.5914 4.98151 -11.3569 
v 72.6126 5.06986 -11.2255 
v 72.4832 5.07705 -11.4457 
v 72.5013 5.03788 -11.4498 
v 72.6532 5.06471 -10.9525 
v 72.6865 4.96948 -10.9532 
v 72.5101 4.79994 -10.4164 
v 72.667 4.79998 -10.6616 
v 72.3885 5.05864 -11.5218 
v 72.3843 5.07692 -11.5157 
v 72.7208 4.79985 -10.9513 
v 72.6645 4.83759 -11.2403 
v 72.7208 4.79985 -10.9513 
v 72.509 4.40994 -10.4172 
v 72.6662 4.54931 -10.662 
v 72.6749 4.7204 -11.1943 
v 72.7194 4.69194 -10.9683 
v 72.6732 4.48589 -11.1946 
v 72.6751 4.60313 -11.1894 
v 72.7191 4.58417 -10.9684 
v 72.7199 4.47643 -10.963 
v 72.6653 4.36869 -11.2304 
v 72.7218 4.36868 -10.9521 
v 72.5628 5.04381 -10.7117 
v 72.6031 5.04292 -10.9525 
v 72.6665 4.97069 -10.9511 
v 72.6158 4.97069 -10.6838 
v 72.4369 5.0488 -10.4958 
v 72.4713 4.97069 -10.4573 
v 72.6158 4.97069 -11.2184 
v 72.5662 5.04791 -11.2056 
v 72.5471 4.97069 -11.3261 
v 72.4474 5.05589 -11.4085 
v 72.4655 5.01672 -11.4126 
v 72.616 4.79996 -10.6838 
v 72.471 4.79996 -10.4573 
v 72.3598 5.0376 -11.4771 
v 72.3556 5.05589 -11.471 
v 72.6667 4.79996 -10.9511 
v 72.6145 4.83796 -11.2184 
v 72.6162 4.5493 -10.6838 
v 72.4707 4.40996 -10.4573 
v 72.6208 4.72067 -11.1826 
v 72.6653 4.69221 -10.9566 
v 72.6192 4.48617 -11.1826 
v 72.6659 4.4767 -10.9511 
v 72.665 4.58446 -10.9566 
v 72.621 4.60341 -11.1776 
v 72.6113 4.36895 -11.2184 
v 72.6678 4.36894 -10.9401 
v 72.4655 5.01672 -11.4126 
v 72.5471 4.97069 -11.3261 
v 72.3598 5.0376 -11.4771 
v 72.6145 4.83796 -11.2184 
v 72.6162 4.5493 -10.6838 
v 72.4707 4.40996 -10.4573 
v 72.6653 4.69221 -10.9566 
v 72.6667 4.79996 -10.9511 
v 72.6208 4.72067 -11.1826 
v 72.6659 4.4767 -10.9511 
v 72.665 4.58446 -10.9566 
v 72.621 4.60341 -11.1776 
v 72.6192 4.48617 -11.1826 
v 72.6113 4.36895 -11.2184 
v 72.6678 4.36894 -10.9401 
v 72.6678 4.36894 -10.9401 
v 72.6113 4.36895 -11.2184 
v 72.6667 4.79996 -10.9511 
v 71.626 4.73301 -10.2194 
v 71.8314 4.67914 -10.1309 
v 71.8306 4.80514 -10.1387 
v 71.6445 4.87104 -10.2316 
v 71.9454 5.17774 -10.2936 
v 71.9999 5.15095 -10.3869 
v 71.8777 5.19214 -10.3326 
v 71.6728 4.10383 -10.3901 
v 71.854 4.05423 -10.3147 
v 71.8348 4.05443 -10.231 
v 71.6349 4.10892 -10.325 
v 71.6244 4.31158 -10.2622 
v 71.8335 4.26307 -10.1767 
v 71.8296 4.55002 -10.145 
v 71.6204 4.59098 -10.2216 
v 71.9999 4.25913 -10.1657 
v 71.9999 4.56166 -10.1293 
v 71.9999 4.68272 -10.1199 
v 71.9999 4.80065 -10.1323 
v 71.9999 5.14298 -10.2805 
v 71.9999 4.04558 -10.2878 
v 71.9999 4.04725 -10.2103 
v 71.9999 4.94129 -10.1657 
v 71.8351 4.94948 -10.1821 
v 71.6173 4.87957 -10.2452 
v 71.6608 5.00139 -10.2742 
v 71.4659 5.12262 -10.4917 
v 71.4083 4.98304 -10.4325 
v 71.3793 4.83541 -10.4217 
v 71.5921 4.74127 -10.2339 
v 71.3988 4.38669 -10.4612 
v 71.5787 4.32344 -10.2808 
v 71.5797 4.59957 -10.2369 
v 71.3761 4.67697 -10.4275 
v 71.4279 4.17874 -10.5045 
v 71.5912 4.12084 -10.3456 
v 71.4919 4.16361 -10.5437 
v 71.6331 4.11468 -10.4066 
v 71.8324 5.30577 -10.5918 
v 71.9999 5.15095 -10.3869 
v 71.9999 5.221 -10.5674 
v 71.8777 5.19214 -10.3326 
v 71.6731 5.26519 -10.5726 
v 71.6744 4.99697 -10.2675 
v 71.4384 4.38025 -10.4829 
v 71.4919 4.16361 -10.5437 
v 72.3905 4.88042 -10.2489 
v 72.1693 4.80572 -10.1387 
v 72.1685 4.6802 -10.1308 
v 72.4143 4.74319 -10.2363 
v 72.0545 5.17774 -10.2936 
v 72.1221 5.19214 -10.3326 
v 71.9999 5.15095 -10.3869 
v 72.3668 4.11468 -10.4066 
v 72.4086 4.12084 -10.3456 
v 72.1895 4.06108 -10.2425 
v 72.1748 4.06215 -10.3267 
v 72.4211 4.32583 -10.2804 
v 72.4252 4.60201 -10.2381 
v 72.1702 4.55151 -10.1448 
v 72.1837 4.26583 -10.1809 
v 72.1702 4.55151 -10.1448 
v 72.1557 4.26218 -10.1756 
v 72.1685 4.6802 -10.1308 
v 72.1693 4.80572 -10.1387 
v 72.0545 5.17774 -10.2936 
v 72.1369 4.05316 -10.2273 
v 72.1172 4.05245 -10.3092 
v 72.1648 4.94965 -10.1821 
v 72.5915 4.98347 -10.4324 
v 72.534 5.12272 -10.4917 
v 72.3431 5.00102 -10.2762 
v 72.6206 4.836 -10.4216 
v 72.6011 4.38669 -10.4612 
v 72.6237 4.67755 -10.4275 
v 72.572 4.17874 -10.5045 
v 72.508 4.16361 -10.5437 
v 72.1674 5.30577 -10.5918 
v 71.9999 5.221 -10.5674 
v 72.3268 5.26519 -10.5726 
v 72.1648 4.94965 -10.1821 
v 72.5614 4.38025 -10.4829 
v 72.508 4.16361 -10.5437 
v 71.6342 4.8737 -10.2456 
v 71.7038 5.11232 -10.3048 
v 71.6145 4.73734 -10.2384 
v 71.6151 4.32818 -10.2967 
v 71.6076 4.59697 -10.2456 
v 71.629 4.15086 -10.3604 
v 71.6519 4.13471 -10.3986 
v 71.629 4.15086 -10.3604 
v 71.6519 4.13471 -10.3986 
v 71.629 4.15086 -10.3604 
v 71.6151 4.32818 -10.2967 
v 71.629 4.15086 -10.3604 
v 71.6076 4.59697 -10.2456 
v 71.6342 4.8737 -10.2456 
v 71.6145 4.73734 -10.2384 
v 71.7038 5.11232 -10.3048 
v 71.5434 5.22972 -10.5484 
v 72.2961 5.11212 -10.3048 
v 72.4564 5.22972 -10.5484 
v 72.1245 5.09532 -10.2209 
v 72.1245 5.09532 -10.2209 
v 71.9999 5.07099 -10.2007 
v 71.8754 5.0953 -10.2209 
v 72.1663 4.262 -10.1954 
v 72.1579 4.08967 -10.2552 
v 72.1579 4.08967 -10.2552 
v 72.1458 4.08947 -10.3147 
v 72.1579 4.08967 -10.2552 
v 72.1458 4.08947 -10.3147 
v 72.1663 4.262 -10.1954 
v 72.1579 4.08967 -10.2552 
v 72.3161 5.20989 -11.5477 
v 72.2192 5.07957 -11.6823 
v 72.1276 5.09119 -11.6942 
v 72.1548 5.24138 -11.5615 
v 71.9999 5.14821 -11.5502 
v 71.9999 5.02223 -11.6961 
v 72.3738 4.65639 -11.5811 
v 72.4474 4.66275 -11.6453 
v 72.406 4.55781 -11.6542 
v 72.3547 4.55547 -11.6027 
v 72.1236 4.99424 -11.6153 
v 72.1926 5.00143 -11.6018 
v 72.3438 4.91428 -11.5503 
v 72.4181 4.95654 -11.6369 
v 72.4513 4.88267 -11.6381 
v 72.3655 4.85808 -11.5507 
v 72.2939 5.06331 -11.6587 
v 72.3594 5.01587 -11.6445 
v 72.3056 4.96176 -11.5594 
v 72.2602 5.00424 -11.5839 
v 71.9999 4.95078 -11.6497 
v 72.4607 4.80889 -11.6368 
v 72.3744 4.80193 -11.5624 
v 72.3133 5.17354 -11.4942 
v 72.1572 5.20807 -11.5197 
v 72.6069 4.67755 -11.4878 
v 72.6424 4.80671 -11.467 
v 72.5036 4.56603 -11.5517 
v 72.4455 4.56438 -11.5077 
v 72.3547 4.55547 -11.6027 
v 72.5643 4.81054 -11.3918 
v 72.5227 4.69699 -11.4158 
v 72.4455 4.56438 -11.5077 
v 72.4419 5.16853 -11.5243 
v 72.5341 5.10799 -11.4896 
v 72.6061 5.01569 -11.4761 
v 72.6401 4.90989 -11.4686 
v 72.5055 5.07754 -11.4356 
v 72.4342 5.13765 -11.47 
v 72.5711 4.90656 -11.3958 
v 72.5571 5.00677 -11.4194 
v 72.3547 4.55547 -11.6027 
v 72.4455 4.56438 -11.5077 
v 72.5227 4.69699 -11.4158 
v 72.3738 4.65639 -11.5811 
v 72.5643 4.81054 -11.3918 
v 72.3744 4.80193 -11.5624 
v 72.5711 4.90656 -11.3958 
v 72.3655 4.85808 -11.5507 
v 72.5571 5.00677 -11.4194 
v 72.3438 4.91428 -11.5503 
v 71.6838 5.20357 -11.5477 
v 71.8451 5.24117 -11.5615 
v 71.8723 5.08568 -11.6942 
v 71.7807 5.06567 -11.6823 
v 71.9999 5.14821 -11.5502 
v 71.9999 5.02223 -11.6961 
v 71.6261 4.48735 -11.5811 
v 71.6452 4.37321 -11.6027 
v 71.5939 4.37554 -11.6542 
v 71.5524 4.496 -11.6453 
v 71.8762 4.98308 -11.6153 
v 71.8073 4.98085 -11.6018 
v 71.6561 4.84409 -11.5503 
v 71.6343 4.76211 -11.5507 
v 71.5485 4.79744 -11.6381 
v 71.5818 4.89906 -11.6369 
v 71.706 5.04011 -11.6587 
v 71.7397 4.97158 -11.5839 
v 71.6943 4.91205 -11.5594 
v 71.6405 4.97891 -11.6445 
v 71.9999 4.95078 -11.6497 
v 71.5392 4.69009 -11.6368 
v 71.6255 4.67927 -11.5624 
v 71.6866 5.17254 -11.4942 
v 71.8427 5.20807 -11.5197 
v 71.393 4.52771 -11.4878 
v 71.3575 4.71056 -11.467 
v 71.4963 4.38377 -11.5517 
v 71.5544 4.38211 -11.5077 
v 71.6452 4.37321 -11.6027 
v 71.4772 4.55243 -11.4158 
v 71.4356 4.71789 -11.3918 
v 71.5544 4.38211 -11.5077 
v 71.4657 5.08628 -11.4896 
v 71.558 5.15452 -11.5243 
v 71.3938 4.97976 -11.4761 
v 71.3598 4.84883 -11.4686 
v 71.3761 4.67697 -10.4275 
v 71.3847 4.49505 -10.478 
v 71.4247 4.49464 -10.4989 
v 71.364 4.34044 -10.5269 
v 71.4285 4.32831 -10.5652 
v 71.4944 5.0518 -11.4356 
v 71.5657 5.12572 -11.47 
v 71.4288 4.84658 -11.3958 
v 71.4427 4.97029 -11.4194 
v 71.6452 4.37321 -11.6027 
v 71.6261 4.48735 -11.5811 
v 71.4772 4.55243 -11.4158 
v 71.5544 4.38211 -11.5077 
v 71.4356 4.71789 -11.3918 
v 71.6255 4.67927 -11.5624 
v 71.4288 4.84658 -11.3958 
v 71.6343 4.76211 -11.5507 
v 71.4427 4.97029 -11.4194 
v 71.6561 4.84409 -11.5503 
v 71.6943 4.91205 -11.5594 
v 71.4944 5.0518 -11.4356 
v 71.854 4.05423 -10.3147 
v 71.6728 4.10383 -10.3901 
v 71.7513 4.75858 -10.3866 
v 71.8877 4.73711 -10.3486 
v 71.9999 4.04558 -10.2878 
v 71.9932 4.74167 -10.3339 
v 71.6331 4.11468 -10.4066 
v 71.4919 4.16361 -10.5437 
v 71.6155 4.79082 -10.463 
v 71.7215 4.76412 -10.3949 
v 71.4384 4.38025 -10.4829 
v 71.3761 4.67697 -10.4275 
v 71.5309 4.96516 -10.566 
v 71.5519 4.89652 -10.4951 
v 72.1748 4.06215 -10.3267 
v 72.1458 4.08947 -10.3147 
v 72.1013 4.75884 -10.348 
v 72.1232 4.74197 -10.3545 
v 72.1172 4.05245 -10.3092 
v 72.0799 4.73664 -10.3458 
v 72.508 4.16361 -10.5437 
v 72.3668 4.11468 -10.4066 
v 72.2677 4.76448 -10.3948 
v 72.3737 4.79144 -10.4629 
v 72.6237 4.67755 -10.4275 
v 72.5614 4.38025 -10.4829 
v 72.4446 4.89659 -10.4951 
v 72.4656 4.96519 -10.566 
v 71.6519 4.13471 -10.3986 
v 71.7358 4.7769 -10.3905 
v 71.9966 5.21542 -10.7087 
v 72.7473 4.93623 -10.6663 
v 72.6753 4.91885 -10.6633 
v 72.6952 4.80435 -10.6702 
v 72.7566 4.79951 -10.6734 
v 72.2336 5.36688 -10.85 
v 72.2334 5.31497 -10.829 
v 72.3868 5.27607 -10.8074 
v 72.3873 5.32838 -10.8284 
v 72.3813 5.30444 -10.7859 
v 72.2274 5.34334 -10.8074 
v 72.1674 5.30577 -10.5918 
v 72.3268 5.26519 -10.5726 
v 72.7253 4.9163 -10.6241 
v 72.6987 5.05764 -10.6382 
v 72.5915 4.98347 -10.4324 
v 72.6206 4.836 -10.4216 
v 71.9999 5.25359 -10.7792 
v 71.9999 5.221 -10.5674 
v 71.9999 5.23956 -10.801 
v 71.9999 5.25428 -10.8246 
v 72.6359 4.34044 -10.5269 
v 72.5714 4.32831 -10.5652 
v 72.6314 4.36505 -10.7171 
v 72.685 4.3817 -10.679 
v 72.6866 4.59353 -10.7121 
v 72.7518 4.58985 -10.7126 
v 72.6237 4.67755 -10.4275 
v 72.6151 4.49505 -10.478 
v 72.7139 4.56415 -10.645 
v 72.7257 4.76999 -10.6259 
v 72.6124 5.17047 -10.6859 
v 72.534 5.12272 -10.4917 
v 72.6374 5.19089 -10.7288 
v 72.5941 5.14427 -10.7155 
v 72.6571 5.03359 -10.6762 
v 72.7113 5.0675 -10.6819 
v 72.6289 4.37813 -10.8184 
v 72.7241 4.39066 -10.8083 
v 72.755 5.09698 -10.9134 
v 72.7302 5.07684 -11.1043 
v 72.6223 5.17536 -11.1463 
v 72.6543 5.20423 -10.9572 
v 72.396 5.32738 -11.0387 
v 72.3657 5.27192 -11.238 
v 72.2062 5.29969 -11.2693 
v 72.232 5.36677 -11.062 
v 71.9999 5.27799 -11.0641 
v 71.9999 5.21853 -11.2952 
v 72.6418 4.44514 -11.3929 
v 72.6805 4.44183 -11.2864 
v 72.5669 4.43744 -11.2607 
v 72.5435 4.44066 -11.3818 
v 72.6787 4.52454 -11.3727 
v 72.7158 4.52587 -11.229 
v 72.722 4.69751 -11.3518 
v 72.7582 4.71069 -11.1478 
v 72.7417 4.61575 -11.179 
v 72.7062 4.60979 -11.3598 
v 72.7043 4.90676 -11.367 
v 72.7557 4.94187 -11.1238 
v 72.7609 4.80912 -11.1245 
v 72.7238 4.78873 -11.3517 
v 72.5435 4.44066 -11.3818 
v 72.5804 4.5223 -11.3671 
v 72.608 4.60979 -11.3597 
v 72.6236 4.69751 -11.3537 
v 72.59 4.88692 -11.3628 
v 72.625 4.78873 -11.3555 
v 72.5712 5.09563 -11.4295 
v 72.6162 5.17848 -11.1851 
v 72.7193 5.06668 -11.1378 
v 72.6521 5.01151 -11.3972 
v 72.3606 5.28736 -11.2838 
v 72.3337 5.21146 -11.4945 
v 72.1604 5.24052 -11.521 
v 72.1996 5.31418 -11.3168 
v 71.9999 5.22796 -11.3483 
v 71.9999 5.14821 -11.5502 
v 72.5508 4.9775 -11.3918 
v 72.5571 5.00677 -11.4194 
v 72.3133 5.17354 -11.4942 
v 72.1572 5.20807 -11.5197 
v 72.5926 5.14728 -11.1598 
v 72.6715 5.06016 -11.1216 
v 72.363 5.23689 -11.2486 
v 72.2027 5.2691 -11.2808 
v 71.9999 5.19813 -11.3154 
v 72.7252 4.62398 -11.0802 
v 72.8065 4.6102 -11.0717 
v 72.7916 4.39047 -11.0982 
v 72.7203 4.38068 -11.1055 
v 72.7283 4.71482 -11.0775 
v 72.8015 4.70953 -11.067 
v 72.705 4.93314 -11.093 
v 72.7767 4.94521 -11.0792 
v 72.7936 4.80922 -11.0701 
v 72.723 4.80602 -11.0827 
v 72.5926 5.14728 -11.1598 
v 72.6715 5.06016 -11.1216 
v 72.363 5.23689 -11.2486 
v 72.2027 5.2691 -11.2808 
v 71.9999 5.19813 -11.3154 
v 72.6915 4.93171 -11.1024 
v 72.7106 4.80266 -11.1049 
v 72.7054 4.7094 -11.1253 
v 72.6869 4.61963 -11.1536 
v 72.6316 4.52561 -11.2035 
v 72.5669 4.43744 -11.2607 
v 72.7965 4.81392 -10.8951 
v 72.7906 4.95763 -10.8962 
v 72.7955 4.61002 -10.9131 
v 72.7968 4.7118 -10.9002 
v 72.7853 4.39562 -10.9979 
v 72.7182 4.3847 -10.998 
v 72.7203 4.38068 -11.1055 
v 72.6015 5.16804 -10.9438 
v 72.6773 5.07392 -10.9034 
v 72.3849 5.27817 -11.0221 
v 72.2343 5.31767 -11.0455 
v 71.9999 5.23513 -11.0474 
v 72.6015 5.16804 -10.9438 
v 72.6392 5.19337 -10.9279 
v 72.7346 5.09889 -10.8806 
v 72.6773 5.07392 -10.9034 
v 72.392 5.30073 -11.0113 
v 72.3849 5.27817 -11.0221 
v 72.2343 5.31767 -11.0455 
v 72.2356 5.33712 -11.0329 
v 71.9999 5.24749 -11.0295 
v 71.9999 5.23513 -11.0474 
v 72.7469 4.39807 -10.8963 
v 72.6282 4.38744 -10.9152 
v 72.6522 4.61103 -10.8802 
v 72.7705 4.60996 -10.8634 
v 72.7727 4.81491 -10.8568 
v 72.6686 4.81218 -10.8744 
v 72.6705 4.94293 -10.8791 
v 72.7666 4.95962 -10.8574 
v 72.6846 4.94301 -10.8852 
v 72.6878 4.81199 -10.8852 
v 72.6811 4.71083 -10.8927 
v 72.6702 4.61002 -10.908 
v 72.7182 4.3847 -10.998 
v 72.6289 4.37813 -10.8184 
v 72.6282 4.38744 -10.9152 
v 72.2334 5.31497 -10.829 
v 71.9999 5.23956 -10.801 
v 72.3868 5.27607 -10.8074 
v 72.6571 5.03359 -10.6762 
v 72.5941 5.14427 -10.7155 
v 72.665 4.91231 -10.6678 
v 72.6517 4.57812 -10.6812 
v 72.6733 4.7838 -10.6603 
v 72.6314 4.36505 -10.7171 
v 72.4698 5.17339 -11.4577 
v 72.4306 5.1295 -11.4704 
v 72.492 5.26653 -11.2401 
v 72.495 5.21066 -11.2058 
v 72.4963 5.25013 -11.1961 
v 72.495 5.21066 -11.2058 
v 72.5323 5.29241 -11.0002 
v 72.5074 5.24308 -10.9833 
v 72.5197 5.26877 -10.9745 
v 72.5074 5.24308 -10.9833 
v 72.5268 5.28722 -10.7915 
v 72.5105 5.23982 -10.7643 
v 72.5105 5.23982 -10.7643 
v 72.5055 5.26994 -10.7492 
v 72.4564 5.22972 -10.5484 
v 72.6316 4.52561 -11.2035 
v 72.5804 4.5223 -11.3671 
v 72.5435 4.44066 -11.3818 
v 72.5669 4.43744 -11.2607 
v 72.6869 4.61963 -11.1536 
v 72.608 4.60979 -11.3597 
v 72.7054 4.7094 -11.1253 
v 72.6236 4.69751 -11.3537 
v 72.7106 4.80266 -11.1049 
v 72.625 4.78873 -11.3555 
v 72.6915 4.93171 -11.1024 
v 72.59 4.88692 -11.3628 
v 72.6715 5.06016 -11.1216 
v 72.5508 4.9775 -11.3918 
v 72.6702 4.61002 -10.908 
v 72.7252 4.62398 -11.0802 
v 72.7203 4.38068 -11.1055 
v 72.7182 4.3847 -10.998 
v 72.6811 4.71083 -10.8927 
v 72.7283 4.71482 -11.0775 
v 72.6878 4.81199 -10.8852 
v 72.723 4.80602 -11.0827 
v 72.6846 4.94301 -10.8852 
v 72.705 4.93314 -11.093 
v 72.6773 5.07392 -10.9034 
v 72.6753 4.91885 -10.6633 
v 72.6705 4.94293 -10.8791 
v 72.6686 4.81218 -10.8744 
v 72.6952 4.80435 -10.6702 
v 72.6522 4.61103 -10.8802 
v 72.6866 4.59353 -10.7121 
v 72.6282 4.38744 -10.9152 
v 72.6289 4.37813 -10.8184 
v 72.5752 4.49464 -10.4989 
v 72.6517 4.57812 -10.6812 
v 72.6314 4.36505 -10.7171 
v 72.5714 4.32831 -10.5652 
v 72.6237 4.67755 -10.4275 
v 72.6733 4.7838 -10.6603 
v 72.2602 5.00424 -11.5839 
v 72.1956 5.22664 -11.1706 
v 72.1448 5.22567 -11.1795 
v 72.1926 5.00143 -11.6018 
v 72.1236 4.99424 -11.6153 
v 72.093 5.22207 -11.1863 
v 71.9999 5.20081 -11.2034 
v 71.9999 4.95078 -11.6497 
v 72.665 4.91231 -10.6678 
v 72.5075 5.06585 -10.6959 
v 72.6571 5.03359 -10.6762 
v 72.4157 5.10174 -11.0498 
v 72.38 5.20272 -11.0842 
v 72.5571 5.00677 -11.4194 
v 72.3438 4.91428 -11.5503 
v 72.2298 5.20295 -11.1584 
v 72.3056 4.96176 -11.5594 
v 72.5056 5.07899 -10.7939 
v 72.5225 5.14051 -10.8091 
v 72.4899 5.00335 -10.6788 
v 72.5064 5.1375 -10.9149 
v 72.4656 4.96519 -10.566 
v 71.2526 4.93623 -10.6663 
v 71.2433 4.79951 -10.6734 
v 71.3047 4.80435 -10.6702 
v 71.3246 4.91885 -10.6633 
v 71.7663 5.36688 -10.85 
v 71.6126 5.32838 -10.8284 
v 71.6131 5.27607 -10.8074 
v 71.7665 5.31497 -10.829 
v 71.6186 5.30444 -10.7859 
v 71.6731 5.26519 -10.5726 
v 71.8324 5.30577 -10.5918 
v 71.7725 5.34334 -10.8074 
v 71.2746 4.9163 -10.6241 
v 71.3793 4.83541 -10.4217 
v 71.4083 4.98304 -10.4325 
v 71.3011 5.05764 -10.6382 
v 71.3149 4.3817 -10.679 
v 71.3685 4.36505 -10.7171 
v 71.4285 4.32831 -10.5652 
v 71.2481 4.58985 -10.7126 
v 71.3133 4.59353 -10.7121 
v 71.2742 4.76999 -10.6259 
v 71.286 4.56415 -10.645 
v 71.4659 5.12262 -10.4917 
v 71.3875 5.17047 -10.6859 
v 71.3624 5.19089 -10.7288 
v 71.2886 5.0675 -10.6819 
v 71.3428 5.03359 -10.6762 
v 71.4058 5.14427 -10.7155 
v 71.3709 4.37813 -10.8184 
v 71.2758 4.39066 -10.8083 
v 71.2449 5.09698 -10.9134 
v 71.3456 5.20423 -10.9572 
v 71.3776 5.17536 -11.1463 
v 71.2697 5.07684 -11.1043 
v 71.6039 5.32738 -11.0387 
v 71.7678 5.36677 -11.062 
v 71.7937 5.29969 -11.2693 
v 71.6342 5.27192 -11.238 
v 71.3581 4.44514 -11.3929 
v 71.4564 4.44066 -11.3818 
v 71.433 4.43744 -11.2607 
v 71.3193 4.44183 -11.2864 
v 71.3212 4.52454 -11.3727 
v 71.2841 4.52587 -11.229 
v 71.2778 4.69751 -11.3518 
v 71.2937 4.60979 -11.3598 
v 71.2582 4.61575 -11.179 
v 71.2417 4.71069 -11.1478 
v 71.2956 4.90676 -11.367 
v 71.2761 4.78873 -11.3517 
v 71.2389 4.80912 -11.1245 
v 71.2442 4.94187 -11.1238 
v 71.4194 4.5223 -11.3671 
v 71.4564 4.44066 -11.3818 
v 71.3763 4.69751 -11.3537 
v 71.3918 4.60979 -11.3597 
v 71.4099 4.88692 -11.3628 
v 71.3749 4.78873 -11.3555 
v 71.4286 5.09563 -11.4295 
v 71.3478 5.01151 -11.3972 
v 71.2805 5.06668 -11.1378 
v 71.3837 5.17848 -11.1851 
v 71.6393 5.28736 -11.2838 
v 71.8002 5.31418 -11.3168 
v 71.8395 5.24052 -11.521 
v 71.6662 5.21146 -11.4945 
v 71.4944 5.0518 -11.4356 
v 71.449 4.9775 -11.3918 
v 71.8427 5.20807 -11.5197 
v 71.6866 5.17254 -11.4942 
v 71.3284 5.06016 -11.1216 
v 71.4072 5.14728 -11.1598 
v 71.6369 5.23689 -11.2486 
v 71.7972 5.2691 -11.2808 
v 71.2747 4.62398 -11.0802 
v 71.2796 4.38068 -11.1055 
v 71.2083 4.39047 -11.0982 
v 71.1934 4.6102 -11.0717 
v 71.2716 4.71482 -11.0775 
v 71.1984 4.70953 -11.067 
v 71.2949 4.93314 -11.093 
v 71.2769 4.80602 -11.0827 
v 71.2063 4.80922 -11.0701 
v 71.2232 4.94521 -11.0792 
v 71.4072 5.14728 -11.1598 
v 71.3284 5.06016 -11.1216 
v 71.7972 5.2691 -11.2808 
v 71.6369 5.23689 -11.2486 
v 71.2893 4.80266 -11.1049 
v 71.3084 4.93171 -11.1024 
v 71.313 4.61963 -11.1536 
v 71.2945 4.7094 -11.1253 
v 71.433 4.43744 -11.2607 
v 71.3683 4.52561 -11.2035 
v 71.2034 4.81392 -10.8951 
v 71.2092 4.95763 -10.8962 
v 71.2044 4.61002 -10.9131 
v 71.2031 4.7118 -10.9002 
v 71.2146 4.39562 -10.9979 
v 71.2817 4.3847 -10.998 
v 71.2796 4.38068 -11.1055 
v 71.3226 5.07392 -10.9034 
v 71.3984 5.16804 -10.9438 
v 71.615 5.27817 -11.0221 
v 71.7656 5.31767 -11.0455 
v 71.3984 5.16804 -10.9438 
v 71.3226 5.07392 -10.9034 
v 71.2652 5.09889 -10.8806 
v 71.3607 5.19337 -10.9279 
v 71.6079 5.30073 -11.0113 
v 71.7643 5.33712 -11.0329 
v 71.7656 5.31767 -11.0455 
v 71.615 5.27817 -11.0221 
v 71.253 4.39807 -10.8963 
v 71.2294 4.60996 -10.8634 
v 71.3477 4.61103 -10.8802 
v 71.3717 4.38744 -10.9152 
v 71.2272 4.81491 -10.8568 
v 71.2332 4.95962 -10.8574 
v 71.3294 4.94293 -10.8791 
v 71.3312 4.81218 -10.8744 
v 71.312 4.81199 -10.8852 
v 71.3153 4.94301 -10.8852 
v 71.3297 4.61002 -10.908 
v 71.3188 4.71083 -10.8927 
v 71.2817 4.3847 -10.998 
v 71.3717 4.38744 -10.9152 
v 71.3709 4.37813 -10.8184 
v 71.7665 5.31497 -10.829 
v 71.6131 5.27607 -10.8074 
v 71.3428 5.03359 -10.6762 
v 71.4058 5.14427 -10.7155 
v 71.3348 4.91231 -10.6678 
v 71.3266 4.7838 -10.6603 
v 71.3481 4.57812 -10.6812 
v 71.3685 4.36505 -10.7171 
v 71.53 5.17339 -11.4577 
v 71.5657 5.12572 -11.47 
v 71.5079 5.26653 -11.2401 
v 71.5049 5.21066 -11.2058 
v 71.5036 5.25013 -11.1961 
v 71.5049 5.21066 -11.2058 
v 71.4676 5.29241 -11.0002 
v 71.4924 5.24308 -10.9833 
v 71.4801 5.26877 -10.9745 
v 71.4924 5.24308 -10.9833 
v 71.4731 5.28722 -10.7915 
v 71.4894 5.23982 -10.7643 
v 71.4894 5.23982 -10.7643 
v 71.4943 5.26994 -10.7492 
v 71.5434 5.22972 -10.5484 
v 71.3683 4.52561 -11.2035 
v 71.433 4.43744 -11.2607 
v 71.4564 4.44066 -11.3818 
v 71.4194 4.5223 -11.3671 
v 71.3918 4.60979 -11.3597 
v 71.313 4.61963 -11.1536 
v 71.2945 4.7094 -11.1253 
v 71.3763 4.69751 -11.3537 
v 71.2893 4.80266 -11.1049 
v 71.3749 4.78873 -11.3555 
v 71.3084 4.93171 -11.1024 
v 71.4099 4.88692 -11.3628 
v 71.449 4.9775 -11.3918 
v 71.3284 5.06016 -11.1216 
v 71.3297 4.61002 -10.908 
v 71.2817 4.3847 -10.998 
v 71.2796 4.38068 -11.1055 
v 71.2747 4.62398 -11.0802 
v 71.2716 4.71482 -11.0775 
v 71.3188 4.71083 -10.8927 
v 71.312 4.81199 -10.8852 
v 71.2769 4.80602 -11.0827 
v 71.2949 4.93314 -11.093 
v 71.3153 4.94301 -10.8852 
v 71.3226 5.07392 -10.9034 
v 71.3246 4.91885 -10.6633 
v 71.3047 4.80435 -10.6702 
v 71.3312 4.81218 -10.8744 
v 71.3294 4.94293 -10.8791 
v 71.3477 4.61103 -10.8802 
v 71.3133 4.59353 -10.7121 
v 71.3709 4.37813 -10.8184 
v 71.3717 4.38744 -10.9152 
v 71.4247 4.49464 -10.4989 
v 71.4285 4.32831 -10.5652 
v 71.3685 4.36505 -10.7171 
v 71.3481 4.57812 -10.6812 
v 71.3266 4.7838 -10.6603 
v 71.7397 4.97158 -11.5839 
v 71.8073 4.98085 -11.6018 
v 71.855 5.22567 -11.1795 
v 71.8042 5.22664 -11.1706 
v 71.8762 4.98308 -11.6153 
v 71.9069 5.22207 -11.1863 
v 71.3348 4.91231 -10.6678 
v 71.3428 5.03359 -10.6762 
v 71.4924 5.06585 -10.6959 
v 71.6199 5.20272 -11.0842 
v 71.5842 5.10174 -11.0498 
v 71.7701 5.20295 -11.1584 
v 71.4774 5.14051 -10.8091 
v 71.4943 5.07899 -10.7939 
v 71.51 5.00335 -10.6788 
v 71.4935 5.1375 -10.9149 

vn -0.929134 0.322835 0.15748 
vn -0.929134 0.322835 0.15748 
vn -0.929134 0.322835 0.15748 
vn -0.913386 0.393701 0.125984 
vn -0.779528 0.433071 0.448819 
vn -0.76378 0.503937 0.401575 
vn -0.818898 0.409449 -0.409449 
vn -0.818898 0.409449 -0.409449 
vn -0.818898 0.409449 -0.409449 
vn -0.795276 0.409449 -0.448819 
vn -0.795276 0.409449 -0.448819 
vn -0.929134 0.322835 0.15748 
vn -0.929134 0.322835 0.15748 
vn -0.874016 0.125984 0.472441 
vn -0.84252 0.00787402 0.535433 
vn -0.551181 0.330709 -0.76378 
vn -0.535433 0.370079 -0.755906 
vn -0.976378 0.125984 0.181102 
vn -0.889764 0.0866142 -0.448819 
vn -0.976378 0.125984 0.181102 
vn -0.84252 0 0.535433 
vn -0.84252 0 0.535433 
vn -0.984252 0.015748 -0.188976 
vn -0.984252 0.015748 -0.188976 
vn -0.976378 0 -0.19685 
vn -0.976378 0 -0.19685 
vn -0.976378 0 -0.19685 
vn -0.984252 -0.00787402 -0.19685 
vn -0.976378 0 -0.19685 
vn -0.976378 0 -0.19685 
vn 0.771654 -0.614173 -0.149606 
vn 0.771654 -0.614173 -0.149606 
vn 0.771654 -0.614173 -0.149606 
vn 0.748031 -0.653543 -0.125984 
vn 0.708661 -0.535433 -0.456693 
vn 0.708661 -0.535433 -0.456693 
vn 0.716535 -0.535433 0.456693 
vn 0.716535 -0.535433 0.456693 
vn 0.716535 -0.535433 0.456693 
vn 0.795276 -0.409449 0.448819 
vn 0.795276 -0.409449 0.448819 
vn 0.84252 0 -0.535433 
vn 0.84252 0 -0.535433 
vn 0.519685 -0.370079 0.76378 
vn 0.519685 -0.370079 0.76378 
vn 0.984252 0 -0.188976 
vn 0.84252 0.00787402 0.535433 
vn 0.84252 0 -0.543307 
vn 0.84252 0 -0.543307 
vn 0.984252 0.00787402 0.188976 
vn 0.984252 0 0.19685 
vn 0.984252 0.00787402 0.19685 
vn 0.984252 0.00787402 0.19685 
vn 0.984252 0.00787402 0.19685 
vn 0.976378 0 0.19685 
vn 0.976378 0.00787402 0.19685 
vn 0.976378 0 0.19685 
vn 0.795276 -0.409449 0.448819 
vn 0.716535 -0.535433 0.456693 
vn 0.519685 -0.370079 0.76378 
vn 0.84252 0.00787402 0.535433 
vn 0.84252 0 -0.543307 
vn 0.84252 0 -0.543307 
vn 0.984252 0 0.19685 
vn 0.984252 0 -0.188976 
vn 0.984252 0.00787402 0.188976 
vn 0.976378 0 0.19685 
vn 0.984252 0.00787402 0.19685 
vn 0.984252 0.00787402 0.19685 
vn 0.984252 0.00787402 0.19685 
vn 0.976378 0.00787402 0.19685 
vn 0.976378 0 0.19685 
vn 0.976378 0 0.19685 
vn 0.976378 0.00787402 0.19685 
vn 0.984252 0 -0.188976 
vn 0.913386 0.393701 0.125984 
vn 0.913386 0.393701 0.125984 
vn 0.913386 0.393701 0.125984 
vn 0.929134 0.322835 0.15748 
vn 0.76378 0.503937 0.401575 
vn 0.76378 0.503937 0.401575 
vn 0.818898 0.409449 -0.409449 
vn 0.818898 0.409449 -0.409449 
vn 0.818898 0.409449 -0.409449 
vn 0.795276 0.409449 -0.448819 
vn 0.795276 0.409449 -0.448819 
vn 0.929134 0.322835 0.15748 
vn 0.913386 0.393701 0.125984 
vn 0.84252 0.00787402 0.535433 
vn 0.84252 0.00787402 0.535433 
vn 0.535433 0.370079 -0.755906 
vn 0.535433 0.370079 -0.755906 
vn 0.968504 0.19685 0.133858 
vn 0.889764 0.0866142 -0.448819 
vn 0.968504 0.19685 0.133858 
vn 0.84252 0 0.535433 
vn 0.84252 0 0.535433 
vn 0.984252 0.015748 -0.188976 
vn 0.984252 0.015748 -0.188976 
vn 0.984252 -0.00787402 -0.19685 
vn 0.984252 -0.00787402 -0.19685 
vn 0.984252 -0.00787402 -0.19685 
vn 0.976378 0 -0.19685 
vn 0.976378 -0.00787402 -0.19685 
vn 0.976378 0 -0.19685 
vn -0.748031 -0.653543 -0.125984 
vn -0.748031 -0.653543 -0.125984 
vn -0.748031 -0.653543 -0.125984 
vn -0.771654 -0.614173 -0.149606 
vn -0.677165 -0.629921 -0.377953 
vn -0.708661 -0.535433 -0.456693 
vn -0.716535 -0.535433 0.456693 
vn -0.716535 -0.535433 0.456693 
vn -0.716535 -0.535433 0.456693 
vn -0.795276 -0.409449 0.448819 
vn -0.795276 -0.409449 0.448819 
vn -0.84252 0 -0.535433 
vn -0.84252 0 -0.535433 
vn -0.535433 -0.330709 0.779528 
vn -0.519685 -0.370079 0.76378 
vn -0.984252 0 -0.188976 
vn -0.84252 0.00787402 0.535433 
vn -0.84252 0 -0.535433 
vn -0.84252 0 -0.543307 
vn -0.984252 0 0.19685 
vn -0.984252 0 0.19685 
vn -0.976378 0 0.19685 
vn -0.976378 0 0.19685 
vn -0.976378 0 0.19685 
vn -0.984252 0.00787402 0.19685 
vn -0.976378 0 0.19685 
vn -0.976378 0 0.19685 
vn -0.795276 -0.409449 0.448819 
vn -0.716535 -0.535433 0.456693 
vn -0.535433 -0.330709 0.779528 
vn -0.84252 0.00787402 0.535433 
vn -0.84252 0 -0.535433 
vn -0.84252 0 -0.543307 
vn -0.984252 0 0.19685 
vn -0.984252 0 -0.188976 
vn -0.984252 0 0.19685 
vn -0.976378 0 0.19685 
vn -0.976378 0 0.19685 
vn -0.984252 0.00787402 0.19685 
vn -0.976378 0 0.19685 
vn -0.976378 0 0.19685 
vn -0.976378 0 0.19685 
vn -0.976378 0 0.19685 
vn -0.976378 0 0.19685 
vn -0.984252 0 -0.188976 
vn -0.385827 0.0551181 0.92126 
vn -0.385827 0.0551181 0.92126 
vn -0.385827 0.0551181 0.92126 
vn -0.401575 0.133858 0.905512 
vn 0.267717 0.952756 -0.11811 
vn 0.267717 0.952756 -0.11811 
vn 0.267717 0.952756 -0.11811 
vn -0.244094 -0.968504 -0.0551181 
vn -0.244094 -0.968504 -0.0551181 
vn -0.244094 -0.968504 -0.0551181 
vn -0.23622 -0.968504 -0.0629921 
vn -0.393701 -0.102362 0.913386 
vn -0.393701 -0.102362 0.913386 
vn -0.393701 -0.102362 0.913386 
vn -0.362205 -0.141732 0.92126 
vn -0.0708661 -0.110236 0.992126 
vn -0.0866142 -0.11811 0.992126 
vn -0.0314961 0.102362 0.992126 
vn -0.0314961 0.102362 0.992126 
vn 0.527559 0.850394 0.0629921 
vn -0.0551181 -1 -0.00787402 
vn -0.0472441 -1 0.023622 
vn -0.0866142 0.228346 0.968504 
vn -0.0866142 0.228346 0.968504 
vn -0.574803 0.377953 0.724409 
vn -0.574803 0.377953 0.724409 
vn -0.574803 0.377953 0.724409 
vn -0.433071 0.496063 0.755906 
vn -0.606299 0.173228 0.771654 
vn -0.606299 0.173228 0.771654 
vn -0.724409 -0.102362 0.685039 
vn -0.724409 -0.102362 0.685039 
vn -0.724409 -0.102362 0.685039 
vn -0.700787 -0.133858 0.692913 
vn -0.716535 -0.251969 0.645669 
vn -0.716535 -0.251969 0.645669 
vn -0.259843 -0.96063 -0.0787402 
vn -0.259843 -0.96063 -0.0787402 
vn 0.385827 0.858268 0.330709 
vn 0.267717 0.952756 -0.11811 
vn 0.385827 0.858268 0.330709 
vn 0.267717 0.952756 -0.11811 
vn -0.173228 0.889764 0.417323 
vn -0.385827 0.275591 0.88189 
vn -0.472441 0.0629921 -0.88189 
vn -0.259843 -0.96063 -0.0787402 
vn 0.433071 0.0551181 0.897638 
vn 0.433071 0.0551181 0.897638 
vn 0.433071 0.0551181 0.897638 
vn 0.354331 0.149606 0.92126 
vn -0.267717 0.952756 -0.11811 
vn -0.267717 0.952756 -0.11811 
vn 0.267717 0.952756 -0.11811 
vn 0.23622 -0.968504 -0.0629921 
vn 0.23622 -0.968504 -0.0629921 
vn 0.23622 -0.968504 -0.0629921 
vn 0.244094 -0.968504 -0.0551181 
vn 0.362205 -0.149606 0.92126 
vn 0.362205 -0.149606 0.92126 
vn 0.362205 -0.149606 0.92126 
vn 0.401575 -0.0944882 0.905512 
vn 0.362205 -0.149606 0.92126 
vn 0.0629921 -0.110236 0.992126 
vn 0.433071 0.0551181 0.897638 
vn 0.433071 0.0551181 0.897638 
vn -0.267717 0.952756 -0.11811 
vn 0.0472441 -1 0.023622 
vn 0.0551181 -1 -0.00787402 
vn 0.023622 0.291339 0.96063 
vn 0.433071 0.496063 0.755906 
vn 0.433071 0.496063 0.755906 
vn 0.566929 0.385827 0.724409 
vn 0.614173 0.181102 0.771654 
vn 0.708661 -0.133858 0.692913 
vn 0.708661 -0.133858 0.692913 
vn 0.724409 -0.23622 0.645669 
vn 0.267717 -0.96063 -0.0708661 
vn -0.385827 0.858268 0.330709 
vn 0.385827 0.858268 0.330709 
vn 0.173228 0.889764 0.417323 
vn 0.023622 0.291339 0.96063 
vn 0.472441 0.0629921 -0.88189 
vn 0.267717 -0.96063 -0.0708661 
vn 0.267717 0.15748 0.952756 
vn 0.267717 0.15748 0.952756 
vn 0.204724 0.0393701 0.976378 
vn 0.417323 -0.15748 0.897638 
vn 0.417323 -0.15748 0.897638 
vn 0.519685 -0.251969 0.818898 
vn 0.472441 -0.669291 0.566929 
vn 0.519685 -0.251969 0.818898 
vn 0.472441 -0.669291 0.566929 
vn 0.519685 -0.251969 0.818898 
vn 0.417323 -0.15748 0.897638 
vn 0.519685 -0.251969 0.818898 
vn 0.417323 -0.15748 0.897638 
vn 0.267717 0.15748 0.952756 
vn 0.204724 0.0393701 0.976378 
vn 0.267717 0.15748 0.952756 
vn -0.141732 0.850394 0.503937 
vn 0.141732 0.850394 0.503937 
vn 0.141732 0.850394 0.503937 
vn 0.362205 0.330709 0.874016 
vn 0.362205 0.330709 0.874016 
vn 0.102362 0.259843 0.96063 
vn -0.102362 0.283465 0.952756 
vn -0.614173 -0.125984 0.779528 
vn -0.551181 -0.251969 0.795276 
vn -0.551181 -0.251969 0.795276 
vn -0.653543 -0.748031 0.133858 
vn -0.551181 -0.251969 0.795276 
vn -0.653543 -0.748031 0.133858 
vn -0.614173 -0.125984 0.779528 
vn -0.551181 -0.251969 0.795276 
vn 0.181102 0.637795 -0.748031 
vn 0.181102 0.637795 -0.748031 
vn 0.181102 0.637795 -0.748031 
vn 0.188976 0.629921 -0.755906 
vn -0.433071 0.637795 -0.637795 
vn -0.370079 0.700787 -0.606299 
vn -0.637795 0.314961 -0.700787 
vn -0.637795 0.314961 -0.700787 
vn -0.637795 0.314961 -0.700787 
vn -0.685039 0.275591 -0.669291 
vn 0.023622 -0.629921 -0.771654 
vn 0.204724 -0.732283 -0.645669 
vn -0.653543 -0.283465 -0.700787 
vn -0.653543 -0.283465 -0.700787 
vn -0.653543 -0.283465 -0.700787 
vn -0.653543 -0.251969 -0.716535 
vn -0.346457 -0.677165 -0.653543 
vn -0.346457 -0.677165 -0.653543 
vn -0.346457 -0.677165 -0.653543 
vn -0.283465 -0.685039 -0.669291 
vn 0.291339 -0.519685 -0.80315 
vn -0.661417 0.102362 -0.748031 
vn -0.653543 0.102362 -0.748031 
vn 0.110236 0.818898 0.566929 
vn 0.0708661 0.779528 0.622047 
vn 0.700787 -0.023622 -0.708661 
vn 0.677165 -0.0708661 -0.732283 
vn 0.708661 -0.283465 -0.645669 
vn 0.0708661 -1 0.023622 
vn -0.685039 0.275591 -0.669291 
vn 0.629921 -0.377953 0.677165 
vn 0.629921 -0.377953 0.677165 
vn 0.0708661 -1 0.023622 
vn 0.456693 0.385827 -0.80315 
vn 0.519685 0.338583 -0.787402 
vn 0.645669 0.15748 -0.748031 
vn 0.645669 0.15748 -0.748031 
vn 0.283465 0.76378 0.582677 
vn 0.409449 0.76378 0.496063 
vn 0.692913 0.267717 0.669291 
vn 0.708661 0.251969 0.653543 
vn -0.685039 0.275591 -0.669291 
vn 0.0708661 -1 0.023622 
vn 0.629921 -0.377953 0.677165 
vn -0.637795 0.314961 -0.700787 
vn 0.629921 -0.377953 0.677165 
vn -0.653543 0.102362 -0.748031 
vn 0.692913 0.267717 0.669291 
vn -0.653543 -0.251969 -0.716535 
vn 0.708661 0.251969 0.653543 
vn -0.653543 -0.283465 -0.700787 
vn -0.204724 0.614173 -0.76378 
vn -0.204724 0.614173 -0.76378 
vn -0.204724 0.614173 -0.76378 
vn -0.228346 0.590551 -0.771654 
vn -0.433071 0.637795 -0.637795 
vn -0.370079 0.700787 -0.606299 
vn 0.692913 0.244094 -0.677165 
vn 0.692913 0.244094 -0.677165 
vn 0.692913 0.244094 -0.677165 
vn 0.653543 0.275591 -0.708661 
vn -0.11811 -0.700787 -0.700787 
vn -0.11811 -0.700787 -0.700787 
vn 0.669291 -0.173228 -0.724409 
vn 0.669291 -0.173228 -0.724409 
vn 0.669291 -0.173228 -0.724409 
vn 0.669291 -0.212598 -0.708661 
vn 0.385827 -0.590551 -0.708661 
vn 0.385827 -0.590551 -0.708661 
vn 0.385827 -0.590551 -0.708661 
vn 0.393701 -0.582677 -0.708661 
vn 0.291339 -0.519685 -0.80315 
vn 0.653543 0.0787402 -0.748031 
vn 0.653543 0.0787402 -0.748031 
vn -0.0787402 0.787402 0.614173 
vn -0.0787402 0.787402 0.614173 
vn -0.685039 -0.0472441 -0.724409 
vn -0.685039 -0.0472441 -0.724409 
vn -0.716535 -0.220472 -0.661417 
vn -0.0551181 -1 0.0314961 
vn 0.692913 0.244094 -0.677165 
vn -0.598425 -0.204724 0.771654 
vn -0.653543 -0.267717 0.708661 
vn -0.0551181 -1 0.0314961 
vn -0.519685 0.299213 -0.795276 
vn -0.519685 0.299213 -0.795276 
vn -0.582677 0.204724 -0.787402 
vn -0.645669 0.125984 -0.755906 
vn -0.700787 -0.133858 0.692913 
vn 0.448819 -0.220472 0.866142 
vn 0.448819 -0.220472 0.866142 
vn 0.440945 -0.322835 0.84252 
vn 0.440945 -0.322835 0.84252 
vn -0.527559 0.716535 0.456693 
vn -0.527559 0.716535 0.456693 
vn -0.724409 0.204724 0.661417 
vn -0.724409 0.204724 0.661417 
vn 0.692913 0.244094 -0.677165 
vn 0.692913 0.244094 -0.677165 
vn -0.598425 -0.204724 0.771654 
vn -0.0551181 -1 0.0314961 
vn -0.653543 -0.267717 0.708661 
vn 0.653543 0.0787402 -0.748031 
vn -0.724409 0.204724 0.661417 
vn 0.669291 -0.173228 -0.724409 
vn -0.724409 0.204724 0.661417 
vn 0.669291 -0.173228 -0.724409 
vn 0.385827 -0.590551 -0.708661 
vn -0.527559 0.716535 0.456693 
vn -0.244094 -0.968504 -0.0551181 
vn -0.244094 -0.968504 -0.0551181 
vn 0.377953 -0.0393701 -0.929134 
vn 0.259843 -0.0629921 -0.96063 
vn -0.0551181 -1 -0.00787402 
vn 0.141732 -0.0629921 -0.984252 
vn -0.259843 -0.96063 -0.0787402 
vn -0.259843 -0.96063 -0.0787402 
vn 0.685039 -0.0393701 -0.724409 
vn 0.527559 -0.0551181 -0.850394 
vn -0.472441 0.0629921 -0.88189 
vn -0.700787 -0.133858 0.692913 
vn -0.669291 0 -0.748031 
vn 0.866142 -0.204724 -0.448819 
vn 0.244094 -0.968504 -0.0551181 
vn -0.653543 -0.748031 0.133858 
vn -0.440945 -0.0708661 -0.897638 
vn -0.322835 -0.0629921 -0.944882 
vn 0.0551181 -1 -0.00787402 
vn -0.11811 -0.0629921 -0.992126 
vn 0.267717 -0.96063 -0.0708661 
vn 0.23622 -0.968504 -0.0629921 
vn -0.677165 -0.0866142 -0.732283 
vn -0.535433 -0.00787402 -0.84252 
vn 0.708661 -0.133858 0.692913 
vn 0.472441 0.0629921 -0.88189 
vn 0.433071 0.0787402 -0.897638 
vn -0.440945 -0.574803 -0.685039 
vn 0.472441 -0.669291 0.566929 
vn 0.338583 -0.0314961 -0.944882 
vn 0.685039 -0.645669 -0.330709 
vn 0.0551181 -0.0472441 1 
vn 0.0551181 -0.0472441 1 
vn 0.0551181 -0.0472441 1 
vn 0.0472441 -0.0472441 1 
vn -0.0393701 0.377953 0.929134 
vn -0.0393701 0.377953 0.929134 
vn -0.0393701 0.377953 0.929134 
vn -0.0393701 0.370079 0.929134 
vn 0.212598 0.952756 0.220472 
vn 0.212598 0.952756 0.220472 
vn -0.385827 0.858268 0.330709 
vn 0.173228 0.889764 0.417323 
vn 0.834646 0.204724 0.511811 
vn 0.834646 0.204724 0.511811 
vn 0.433071 0.496063 0.755906 
vn 0.614173 0.181102 0.771654 
vn -0.346457 0.929134 0.141732 
vn 0.385827 0.858268 0.330709 
vn -0.00787402 0.377953 0.929134 
vn -0.330709 0.80315 0.503937 
vn 0.259843 -0.96063 -0.133858 
vn 0.259843 -0.96063 -0.133858 
vn 0.259843 -0.96063 -0.133858 
vn 0.377953 -0.92126 -0.125984 
vn 0 -0.19685 0.984252 
vn 0 -0.19685 0.984252 
vn 0.708661 -0.133858 0.692913 
vn 0.874016 -0.165354 0.448819 
vn 0.874016 -0.165354 0.448819 
vn 0.905512 -0.0944882 0.425197 
vn 0.629921 0.653543 0.417323 
vn 0.433071 0.496063 0.755906 
vn -0.0393701 0.314961 0.952756 
vn -0.0393701 0.314961 0.952756 
vn -0.0393701 0.314961 0.952756 
vn -0.0944882 0.307087 0.944882 
vn -0.0393701 -0.425197 0.905512 
vn -0.0393701 -0.425197 0.905512 
vn 0.700787 0.692913 -0.165354 
vn 0.700787 0.692913 -0.165354 
vn 0.700787 0.692913 -0.165354 
vn 0.755906 0.614173 -0.220472 
vn 0.220472 0.929134 -0.291339 
vn 0.220472 0.929134 -0.291339 
vn 0.220472 0.929134 -0.291339 
vn 0.267717 0.905512 -0.322835 
vn -0.346457 0.905512 -0.251969 
vn -0.330709 0.913386 -0.23622 
vn 0.0314961 -1 -0.0393701 
vn 0.0314961 -1 -0.0393701 
vn 0.0314961 -1 -0.0393701 
vn 0.0393701 -1 -0.0314961 
vn 0.944882 -0.228346 -0.244094 
vn 0.944882 -0.228346 -0.244094 
vn 0.976378 -0.11811 -0.165354 
vn 0.976378 -0.11811 -0.165354 
vn 0.976378 -0.11811 -0.165354 
vn 0.968504 -0.15748 -0.188976 
vn 0.976378 0.0393701 -0.212598 
vn 0.976378 0.0393701 -0.212598 
vn 0.976378 0.0393701 -0.212598 
vn 0.976378 0.141732 -0.173228 
vn 0.0393701 -1 -0.0314961 
vn -0.11811 0.228346 -0.968504 
vn 0 0.0708661 -1 
vn 0 0.0708661 -1 
vn -0.015748 -0.133858 -0.992126 
vn 0.0393701 -0.0629921 -1 
vn 0.755906 0.559055 -0.330709 
vn 0.755906 0.559055 -0.330709 
vn 0.755906 0.559055 -0.330709 
vn 0.740157 0.590551 -0.314961 
vn 0.204724 0.913386 -0.354331 
vn 0.204724 0.913386 -0.354331 
vn 0.204724 0.913386 -0.354331 
vn 0.228346 0.905512 -0.370079 
vn -0.346457 0.897638 -0.259843 
vn -0.433071 0.637795 -0.637795 
vn 0.19685 -0.692913 -0.692913 
vn 0.708661 0.251969 0.653543 
vn 0.110236 0.818898 0.566929 
vn 0.0708661 0.779528 0.622047 
vn 0.181102 0.527559 0.826772 
vn 0.181102 0.527559 0.826772 
vn -0.0708661 0.566929 0.818898 
vn -0.0314961 0.622047 0.779528 
vn -0.330709 0.574803 0.748031 
vn 0.11811 0.110236 -0.984252 
vn 0.11811 0.110236 -0.984252 
vn 0.11811 0.110236 -0.984252 
vn 0.0866142 0.102362 -0.992126 
vn 0.141732 0.0551181 -0.984252 
vn 0.141732 0.0551181 -0.984252 
vn 0.19685 -0.0393701 -0.976378 
vn 0.19685 -0.0393701 -0.976378 
vn 0.19685 -0.0393701 -0.976378 
vn 0.173228 -0.0551181 -0.984252 
vn 0.181102 0.527559 0.826772 
vn 0.181102 0.527559 0.826772 
vn -0.0708661 0.566929 0.818898 
vn -0.0314961 0.622047 0.779528 
vn -0.330709 0.574803 0.748031 
vn 0.314961 0.0314961 0.952756 
vn 0.314961 0.0314961 0.952756 
vn 0.377953 -0.346457 0.858268 
vn 0.377953 -0.346457 0.858268 
vn 0.228346 -0.614173 0.755906 
vn 0.0314961 -1 -0.0393701 
vn 0.992126 0.125984 -0.015748 
vn 1 0.0393701 -0.0787402 
vn 1 0.0472441 0.0708661 
vn 1 -0.015748 0.0314961 
vn 0.992126 -0.0708661 0.0708661 
vn 0.133858 -0.992126 0.0393701 
vn 0.0866142 0.102362 -0.992126 
vn -0.015748 0.370079 0.929134 
vn 0 0.393701 0.92126 
vn -0.0551181 0.330709 0.944882 
vn -0.0629921 0.314961 0.944882 
vn -0.11811 0.307087 0.944882 
vn -0.015748 0.370079 0.929134 
vn 0.409449 -0.0393701 -0.913386 
vn 0.409449 -0.0393701 -0.913386 
vn 0 0.393701 0.92126 
vn 0.23622 0.354331 -0.905512 
vn -0.0551181 0.330709 0.944882 
vn -0.0629921 0.314961 0.944882 
vn 0.23622 0.519685 -0.818898 
vn -0.220472 0.543307 -0.811024 
vn -0.11811 0.307087 0.944882 
vn 0.141732 0.141732 -0.976378 
vn 0.141732 0.141732 -0.976378 
vn 0.141732 0.141732 -0.976378 
vn 0.141732 0.133858 -0.984252 
vn 0.165354 -0.0393701 -0.984252 
vn 0.165354 -0.0393701 -0.984252 
vn 0.165354 -0.0393701 -0.984252 
vn 0.220472 0.00787402 -0.976378 
vn 0.102362 0 0.992126 
vn 0.102362 0 0.992126 
vn 0.0629921 -0.15748 0.984252 
vn 0.0629921 -0.15748 0.984252 
vn 0.133858 -0.992126 0.0393701 
vn -0.0393701 -0.425197 0.905512 
vn 0.141732 0.141732 -0.976378 
vn -0.0393701 0.377953 0.929134 
vn -0.00787402 0.377953 0.929134 
vn -0.0393701 0.377953 0.929134 
vn -0.0393701 0.314961 0.952756 
vn -0.0393701 0.314961 0.952756 
vn 0.677165 -0.00787402 -0.740157 
vn 0.511811 0.0314961 -0.858268 
vn 0.511811 0.0314961 -0.858268 
vn 0.259843 -0.96063 -0.133858 
vn 0.228346 0.0787402 -0.968504 
vn 0.228346 0.0787402 -0.968504 
vn 0.346457 0.850394 -0.401575 
vn -0.19685 0.503937 0.84252 
vn 0.338583 0.212598 -0.913386 
vn -0.19685 0.503937 0.84252 
vn 0.23622 0.937008 -0.244094 
vn -0.15748 0.393701 0.905512 
vn 0.338583 0.15748 -0.929134 
vn -0.15748 0.393701 0.905512 
vn 0.307087 0.944882 -0.110236 
vn -0.133858 0.527559 0.834646 
vn -0.133858 0.527559 0.834646 
vn 0.370079 0.464567 -0.80315 
vn 0.141732 0.850394 0.503937 
vn 0.228346 -0.614173 0.755906 
vn -0.11811 0.228346 -0.968504 
vn 0.0393701 -1 -0.0314961 
vn 0.0314961 -1 -0.0393701 
vn 0.377953 -0.346457 0.858268 
vn 0 0.0708661 -1 
vn 0.377953 -0.346457 0.858268 
vn 0 0.0708661 -1 
vn 0.314961 0.0314961 0.952756 
vn 0.0393701 -0.0629921 -1 
vn 0.314961 0.0314961 0.952756 
vn -0.015748 -0.133858 -0.992126 
vn 0.181102 0.527559 0.826772 
vn 0.19685 -0.692913 -0.692913 
vn 0.0629921 -0.15748 0.984252 
vn 0.11811 0.110236 -0.984252 
vn 0.0866142 0.102362 -0.992126 
vn 0.133858 -0.992126 0.0393701 
vn 0.0629921 -0.15748 0.984252 
vn 0.141732 0.0551181 -0.984252 
vn 0.102362 0 0.992126 
vn 0.173228 -0.0551181 -0.984252 
vn 0.102362 0 0.992126 
vn 0.19685 -0.0393701 -0.976378 
vn 0 0.393701 0.92126 
vn 0.0551181 -0.0472441 1 
vn 0.165354 -0.0393701 -0.984252 
vn 0.165354 -0.0393701 -0.984252 
vn 0.0551181 -0.0472441 1 
vn 0.141732 0.141732 -0.976378 
vn 0 -0.19685 0.984252 
vn 0.141732 0.141732 -0.976378 
vn -0.0393701 -0.425197 0.905512 
vn -0.937008 0.141732 -0.322835 
vn 0.511811 0.0314961 -0.858268 
vn 0.259843 -0.96063 -0.133858 
vn 0.259843 -0.96063 -0.133858 
vn 0.708661 -0.133858 0.692913 
vn 0.511811 0.0314961 -0.858268 
vn -0.283465 -0.685039 -0.669291 
vn -0.0629921 -0.88189 0.464567 
vn -0.0629921 -0.88189 0.464567 
vn 0.204724 -0.732283 -0.645669 
vn 0.023622 -0.629921 -0.771654 
vn 0.110236 -0.874016 0.472441 
vn 0.110236 -0.874016 0.472441 
vn 0.291339 -0.519685 -0.80315 
vn 0.677165 -0.00787402 -0.740157 
vn 0.11811 -0.0629921 -0.992126 
vn -0.0393701 0.314961 0.952756 
vn -0.897638 -0.385827 -0.212598 
vn -0.897638 -0.385827 -0.212598 
vn 0.708661 0.251969 0.653543 
vn -0.653543 -0.283465 -0.700787 
vn -0.779528 -0.590551 0.204724 
vn -0.346457 -0.677165 -0.653543 
vn -0.503937 -0.0708661 -0.858268 
vn -0.503937 -0.0708661 -0.858268 
vn -0.165354 -0.220472 -0.96063 
vn -0.0708661 -0.952756 0.299213 
vn -0.440945 -0.574803 -0.685039 
vn -0.0472441 -0.0472441 1 
vn -0.0472441 -0.0472441 1 
vn -0.0472441 -0.0472441 1 
vn -0.0551181 -0.0472441 1 
vn 0.0393701 0.370079 0.929134 
vn 0.0393701 0.370079 0.929134 
vn 0.0393701 0.370079 0.929134 
vn 0.0393701 0.377953 0.929134 
vn -0.212598 0.952756 0.228346 
vn -0.173228 0.889764 0.417323 
vn 0.385827 0.858268 0.330709 
vn -0.212598 0.952756 0.220472 
vn -0.834646 0.204724 0.511811 
vn -0.606299 0.173228 0.771654 
vn -0.433071 0.496063 0.755906 
vn -0.834646 0.204724 0.511811 
vn -0.377953 -0.92126 -0.125984 
vn -0.377953 -0.92126 -0.125984 
vn 0.440945 -0.322835 0.84252 
vn -0.0393701 -0.181102 0.984252 
vn 0 -0.19685 0.984252 
vn -0.905512 -0.0944882 0.425197 
vn -0.905512 -0.0944882 0.425197 
vn -0.574803 0.377953 0.724409 
vn -0.629921 0.653543 0.417323 
vn 0.0944882 0.307087 0.944882 
vn 0.0944882 0.307087 0.944882 
vn 0.0944882 0.307087 0.944882 
vn 0.0393701 0.314961 0.952756 
vn 0.015748 -0.440945 0.897638 
vn 0.0393701 -0.425197 0.905512 
vn -0.755906 0.614173 -0.220472 
vn -0.755906 0.614173 -0.220472 
vn -0.755906 0.614173 -0.220472 
vn -0.700787 0.692913 -0.165354 
vn -0.267717 0.905512 -0.322835 
vn -0.267717 0.905512 -0.322835 
vn -0.267717 0.905512 -0.322835 
vn -0.220472 0.929134 -0.291339 
vn -0.0393701 -1 -0.0314961 
vn -0.0393701 -1 -0.0314961 
vn -0.0393701 -1 -0.0314961 
vn -0.0314961 -1 -0.0393701 
vn -0.88189 -0.322835 -0.330709 
vn -0.944882 -0.228346 -0.244094 
vn -0.968504 -0.15748 -0.188976 
vn -0.968504 -0.15748 -0.188976 
vn -0.968504 -0.15748 -0.188976 
vn -0.976378 -0.11811 -0.165354 
vn -0.976378 0.141732 -0.173228 
vn -0.976378 0.141732 -0.173228 
vn -0.976378 0.141732 -0.173228 
vn -0.976378 0.0393701 -0.212598 
vn 0.0629921 0.275591 -0.96063 
vn -0.0393701 -1 -0.0314961 
vn -0.015748 0.0866142 -0.992126 
vn 0 0.0708661 -1 
vn -0.0393701 -0.0629921 -1 
vn -0.0393701 -0.0629921 -1 
vn -0.740157 0.590551 -0.314961 
vn -0.740157 0.590551 -0.314961 
vn -0.740157 0.590551 -0.314961 
vn -0.755906 0.559055 -0.330709 
vn -0.228346 0.905512 -0.370079 
vn -0.228346 0.905512 -0.370079 
vn -0.228346 0.905512 -0.370079 
vn -0.204724 0.913386 -0.354331 
vn -0.527559 0.716535 0.456693 
vn -0.102362 -0.456693 -0.88189 
vn -0.0787402 0.787402 0.614173 
vn -0.0787402 0.787402 0.614173 
vn -0.204724 0.535433 0.818898 
vn -0.181102 0.527559 0.826772 
vn 0.0314961 0.622047 0.779528 
vn 0.0314961 0.622047 0.779528 
vn -0.0866142 0.102362 -0.992126 
vn -0.0866142 0.102362 -0.992126 
vn -0.0866142 0.102362 -0.992126 
vn -0.11811 0.110236 -0.984252 
vn -0.110236 0.023622 -0.992126 
vn -0.141732 0.0551181 -0.984252 
vn -0.173228 -0.0551181 -0.984252 
vn -0.173228 -0.0551181 -0.984252 
vn -0.173228 -0.0551181 -0.984252 
vn -0.19685 -0.0393701 -0.976378 
vn -0.181102 0.527559 0.826772 
vn -0.204724 0.535433 0.818898 
vn 0.0314961 0.622047 0.779528 
vn 0.0314961 0.622047 0.779528 
vn -0.362205 0.00787402 0.929134 
vn -0.314961 0.0314961 0.952756 
vn -0.370079 -0.346457 0.858268 
vn -0.377953 -0.346457 0.858268 
vn -0.0393701 -1 -0.0314961 
vn -0.19685 -0.629921 0.748031 
vn -1 0.0393701 -0.0787402 
vn -1 0.0393701 -0.0787402 
vn -1 -0.015748 0.0314961 
vn -1 -0.015748 0.0314961 
vn -0.992126 -0.0787402 0.0629921 
vn -0.15748 -0.984252 0.0629921 
vn -0.0866142 0.102362 -0.992126 
vn 0 0.393701 0.92126 
vn 0 0.393701 0.92126 
vn 0.0629921 0.314961 0.944882 
vn 0.0629921 0.314961 0.944882 
vn 0 0.393701 0.92126 
vn 0 0.393701 0.92126 
vn -0.393701 -0.0708661 -0.913386 
vn -0.409449 -0.0393701 -0.913386 
vn -0.23622 0.519685 -0.818898 
vn -0.23622 0.519685 -0.818898 
vn 0.0629921 0.314961 0.944882 
vn 0.0629921 0.314961 0.944882 
vn -0.141732 0.133858 -0.984252 
vn -0.141732 0.133858 -0.984252 
vn -0.141732 0.133858 -0.984252 
vn -0.141732 0.141732 -0.976378 
vn -0.220472 0.00787402 -0.976378 
vn -0.220472 0.00787402 -0.976378 
vn -0.220472 0.00787402 -0.976378 
vn -0.165354 -0.0393701 -0.984252 
vn -0.0866142 0.015748 0.992126 
vn -0.102362 0 0.992126 
vn -0.0393701 -0.125984 0.992126 
vn -0.0629921 -0.15748 0.984252 
vn -0.15748 -0.984252 0.0629921 
vn -0.141732 0.141732 -0.976378 
vn 0.015748 -0.440945 0.897638 
vn 0.0393701 0.377953 0.929134 
vn 0.0393701 0.370079 0.929134 
vn 0.0944882 0.307087 0.944882 
vn 0.0393701 0.314961 0.952756 
vn -0.582677 0.0314961 -0.811024 
vn -0.559055 0.0472441 -0.826772 
vn -0.511811 0.0314961 -0.858268 
vn -0.377953 -0.92126 -0.125984 
vn -0.228346 -0.125984 -0.968504 
vn -0.527559 0.716535 0.456693 
vn -0.259843 0.897638 -0.354331 
vn 0.149606 0.559055 0.811024 
vn -0.330709 0.251969 -0.905512 
vn 0.149606 0.559055 0.811024 
vn -0.314961 0.897638 -0.299213 
vn 0.188976 0.354331 0.913386 
vn -0.338583 0.314961 -0.889764 
vn 0.188976 0.354331 0.913386 
vn -0.307087 0.944882 -0.110236 
vn 0.133858 0.527559 0.834646 
vn 0.133858 0.527559 0.834646 
vn -0.370079 0.464567 -0.80315 
vn -0.141732 0.850394 0.503937 
vn -0.19685 -0.629921 0.748031 
vn -0.0393701 -1 -0.0314961 
vn -0.0393701 -1 -0.0314961 
vn 0.0629921 0.275591 -0.96063 
vn 0 0.0708661 -1 
vn -0.370079 -0.346457 0.858268 
vn -0.377953 -0.346457 0.858268 
vn -0.015748 0.0866142 -0.992126 
vn -0.362205 0.00787402 0.929134 
vn -0.0393701 -0.0629921 -1 
vn -0.314961 0.0314961 0.952756 
vn -0.0393701 -0.0629921 -1 
vn -0.102362 -0.456693 -0.88189 
vn -0.204724 0.535433 0.818898 
vn -0.0393701 -0.125984 0.992126 
vn -0.15748 -0.984252 0.0629921 
vn -0.0866142 0.102362 -0.992126 
vn -0.0866142 0.102362 -0.992126 
vn -0.110236 0.023622 -0.992126 
vn -0.0629921 -0.15748 0.984252 
vn -0.0866142 0.015748 0.992126 
vn -0.173228 -0.0551181 -0.984252 
vn -0.173228 -0.0551181 -0.984252 
vn -0.102362 0 0.992126 
vn 0 0.393701 0.92126 
vn -0.0551181 -0.0472441 1 
vn -0.0472441 -0.0472441 1 
vn -0.165354 -0.0393701 -0.984252 
vn -0.220472 0.00787402 -0.976378 
vn -0.141732 0.133858 -0.984252 
vn 0 -0.19685 0.984252 
vn 0.015748 -0.440945 0.897638 
vn -0.141732 0.141732 -0.976378 
vn 0.448819 -0.220472 0.866142 
vn 0.440945 -0.322835 0.84252 
vn -0.377953 -0.92126 -0.125984 
vn -0.511811 0.0314961 -0.858268 
vn -0.559055 0.0472441 -0.826772 
vn 0.385827 -0.590551 -0.708661 
vn -0.11811 -0.700787 -0.700787 
vn 0.244094 -0.850394 0.464567 
vn 0.0708661 -0.850394 0.511811 
vn -0.11811 -0.700787 -0.700787 
vn -0.110236 -0.866142 0.488189 
vn -0.582677 0.0314961 -0.811024 
vn 0.0944882 0.307087 0.944882 
vn -0.11811 -0.0629921 -0.992126 
vn 0.834646 -0.543307 -0.0629921 
vn 0.897638 -0.385827 -0.212598 
vn 0.614173 -0.685039 0.385827 
vn 0.551181 -0.125984 -0.818898 
vn 0.503937 -0.0708661 -0.858268 
vn 0.165354 -0.220472 -0.96063 
vn 0.0708661 -0.952756 0.299213 

vt 0.973165 0.472827 
vt 0.956505 0.474113 
vt 0.955569 0.461706 
vt 0.973589 0.460618 
vt 0.990317 0.472081 
vt 0.991212 0.459055 
vt 0.929389 0.459762 
vt 0.929445 0.472181 
vt 0.921303 0.462022 
vt 0.914135 0.477652 
vt 0.91427 0.472465 
vt 0.946048 0.472698 
vt 0.946396 0.460403 
vt 0.97297 0.439478 
vt 0.991329 0.437182 
vt 0.906443 0.478788 
vt 0.906709 0.481114 
vt 0.954315 0.440546 
vt 0.929346 0.442201 
vt 0.947072 0.439786 
vt 0.97192 0.411232 
vt 0.986405 0.387477 
vt 0.93235 0.42784 
vt 0.94669 0.426906 
vt 0.933885 0.398449 
vt 0.948212 0.401321 
vt 0.947095 0.413952 
vt 0.933574 0.413261 
vt 0.932983 0.383229 
vt 0.949739 0.388783 
vt 0.77245 0.429854 
vt 0.770394 0.429028 
vt 0.7699 0.440008 
vt 0.772012 0.440274 
vt 0.773312 0.419374 
vt 0.771325 0.418147 
vt 0.770022 0.451112 
vt 0.770303 0.45633 
vt 0.772018 0.451027 
vt 0.772643 0.460941 
vt 0.771708 0.460896 
vt 0.767632 0.417119 
vt 0.766788 0.428268 
vt 0.772904 0.465773 
vt 0.773312 0.465548 
vt 0.766271 0.439777 
vt 0.767188 0.451474 
vt 0.75924 0.415136 
vt 0.761519 0.427255 
vt 0.764633 0.449918 
vt 0.763989 0.440116 
vt 0.75976 0.450064 
vt 0.762231 0.449797 
vt 0.761761 0.440197 
vt 0.75946 0.440009 
vt 0.757281 0.451613 
vt 0.757171 0.439634 
vt 0.912558 0.466711 
vt 0.918953 0.457228 
vt 0.905165 0.472286 
vt 0.926154 0.439644 
vt 0.969613 0.405774 
vt 0.983791 0.383282 
vt 0.950348 0.42702 
vt 0.950558 0.439811 
vt 0.928911 0.425846 
vt 0.95178 0.402376 
vt 0.950766 0.414579 
vt 0.93013 0.412292 
vt 0.930255 0.398501 
vt 0.933384 0.376404 
vt 0.950369 0.381712 
vt 0.953197 0.389975 
vt 0.929445 0.383589 
vt 0.952633 0.434755 
vt 0.973165 0.472827 
vt 0.973589 0.460618 
vt 0.955569 0.461706 
vt 0.956505 0.474113 
vt 0.990317 0.472081 
vt 0.991212 0.459055 
vt 0.929389 0.459762 
vt 0.921303 0.462022 
vt 0.929445 0.472181 
vt 0.914135 0.477652 
vt 0.91427 0.472465 
vt 0.946048 0.472698 
vt 0.946396 0.460403 
vt 0.991329 0.437182 
vt 0.97297 0.439478 
vt 0.906443 0.478788 
vt 0.906709 0.481114 
vt 0.954315 0.440546 
vt 0.929346 0.442201 
vt 0.947072 0.439786 
vt 0.986405 0.387477 
vt 0.97192 0.411232 
vt 0.93235 0.42784 
vt 0.94669 0.426906 
vt 0.933885 0.398449 
vt 0.933574 0.413261 
vt 0.947095 0.413952 
vt 0.948212 0.401321 
vt 0.932983 0.383229 
vt 0.949739 0.388783 
vt 0.77245 0.429854 
vt 0.772012 0.440274 
vt 0.7699 0.440008 
vt 0.770394 0.429028 
vt 0.773312 0.419374 
vt 0.771324 0.418147 
vt 0.770022 0.451112 
vt 0.772018 0.451027 
vt 0.770303 0.45633 
vt 0.772643 0.460941 
vt 0.771708 0.460896 
vt 0.766788 0.428268 
vt 0.767632 0.417119 
vt 0.772904 0.465773 
vt 0.773312 0.465548 
vt 0.766271 0.439777 
vt 0.767188 0.451474 
vt 0.761519 0.427255 
vt 0.75924 0.415136 
vt 0.764633 0.449918 
vt 0.763989 0.440116 
vt 0.75976 0.450064 
vt 0.75946 0.440009 
vt 0.761761 0.440197 
vt 0.762231 0.449797 
vt 0.757281 0.451613 
vt 0.757171 0.439634 
vt 0.912558 0.466711 
vt 0.918953 0.457228 
vt 0.905165 0.472286 
vt 0.926154 0.439644 
vt 0.969613 0.405774 
vt 0.983791 0.383282 
vt 0.950348 0.42702 
vt 0.950558 0.439811 
vt 0.928911 0.425846 
vt 0.95178 0.402376 
vt 0.950766 0.414579 
vt 0.93013 0.412292 
vt 0.930255 0.398501 
vt 0.933384 0.376404 
vt 0.950368 0.381712 
vt 0.953197 0.389975 
vt 0.929445 0.383589 
vt 0.952633 0.434755 
vt 0.786664 0.121445 
vt 0.803401 0.116329 
vt 0.802706 0.133292 
vt 0.787205 0.140829 
vt 0.806369 0.191147 
vt 0.809499 0.204378 
vt 0.800612 0.194641 
vt 0.789044 0.0222677 
vt 0.804297 0.0192592 
vt 0.804637 0.0304745 
vt 0.788178 0.0331755 
vt 0.7877 0.0629706 
vt 0.80426 0.059958 
vt 0.803552 0.0989435 
vt 0.78682 0.101914 
vt 0.816633 0.0599641 
vt 0.816212 0.102029 
vt 0.815762 0.118625 
vt 0.815121 0.134933 
vt 0.8114 0.189127 
vt 0.815573 0.0195142 
vt 0.816188 0.0302491 
vt 0.813965 0.155477 
vt 0.801717 0.15396 
vt 0.778369 0.139165 
vt 0.779382 0.157217 
vt 0.758413 0.17377 
vt 0.757802 0.151056 
vt 0.757173 0.129738 
vt 0.778115 0.120137 
vt 0.759899 0.0670806 
vt 0.778383 0.0632022 
vt 0.778109 0.101287 
vt 0.757568 0.107596 
vt 0.761301 0.0372386 
vt 0.778562 0.0346141 
vt 0.762731 0.0265858 
vt 0.777582 0.0241792 
vt 0.776227 0.224603 
vt 0.796769 0.209365 
vt 0.789547 0.232153 
vt 0.78971 0.194891 
vt 0.767368 0.208058 
vt 0.788065 0.159584 
vt 0.756912 0.0646201 
vt 0.756395 0.0320687 
vt 0.851409 0.141558 
vt 0.832787 0.134449 
vt 0.83169 0.117109 
vt 0.851708 0.122662 
vt 0.833031 0.195397 
vt 0.83888 0.196396 
vt 0.831716 0.210725 
vt 0.852447 0.0261297 
vt 0.851914 0.035988 
vt 0.834316 0.0287683 
vt 0.837162 0.0182757 
vt 0.851544 0.0656599 
vt 0.851704 0.103536 
vt 0.831435 0.0989472 
vt 0.832976 0.0588461 
vt 0.828722 0.100751 
vt 0.827692 0.0603377 
vt 0.828058 0.119207 
vt 0.827375 0.137062 
vt 0.815708 0.193954 
vt 0.826088 0.0302153 
vt 0.824582 0.0182772 
vt 0.825942 0.158297 
vt 0.871325 0.15359 
vt 0.870652 0.17625 
vt 0.85001 0.159585 
vt 0.872043 0.132548 
vt 0.869806 0.0696489 
vt 0.87178 0.110343 
vt 0.868691 0.0395767 
vt 0.867167 0.0288419 
vt 0.852326 0.226855 
vt 0.838796 0.233922 
vt 0.861355 0.210709 
vt 0.83485 0.155216 
vt 0.872832 0.0671594 
vt 0.873573 0.0347252 
vt 0.779669 0.138797 
vt 0.780577 0.174034 
vt 0.779834 0.120116 
vt 0.781294 0.0636203 
vt 0.780323 0.10128 
vt 0.781868 0.0378672 
vt 0.779579 0.0229253 
vt 0.780995 0.029148 
vt 0.786134 0.0227397 
vt 0.784859 0.0295126 
vt 0.785024 0.0643347 
vt 0.784917 0.0378643 
vt 0.784859 0.102325 
vt 0.785988 0.141317 
vt 0.785076 0.121933 
vt 0.788794 0.17685 
vt 0.760433 0.193622 
vt 0.848641 0.176567 
vt 0.86854 0.19631 
vt 0.83462 0.17722 
vt 0.821448 0.178992 
vt 0.812492 0.173694 
vt 0.803288 0.174913 
vt 0.831453 0.0578481 
vt 0.831435 0.031952 
vt 0.832354 0.0240911 
vt 0.834331 0.0165915 
vt 0.828974 0.0260392 
vt 0.828034 0.0173486 
vt 0.829188 0.0598436 
vt 0.829171 0.0343732 
vt 0.847841 0.372963 
vt 0.863989 0.374596 
vt 0.866063 0.388015 
vt 0.85221 0.392744 
vt 0.85769 0.415298 
vt 0.872144 0.403454 
vt 0.875777 0.303648 
vt 0.869479 0.298709 
vt 0.87353 0.285014 
vt 0.878335 0.289232 
vt 0.873824 0.380244 
vt 0.871405 0.369815 
vt 0.870252 0.341345 
vt 0.861544 0.340391 
vt 0.862902 0.329113 
vt 0.871237 0.333059 
vt 0.861948 0.362885 
vt 0.861516 0.351822 
vt 0.869857 0.350621 
vt 0.869129 0.359701 
vt 0.878335 0.399159 
vt 0.864867 0.319429 
vt 0.872125 0.324829 
vt 0.842996 0.374442 
vt 0.848816 0.395974 
vt 0.853917 0.289227 
vt 0.848134 0.300782 
vt 0.862686 0.277719 
vt 0.864773 0.26853 
vt 0.874485 0.274429 
vt 0.841624 0.292833 
vt 0.84852 0.277933 
vt 0.860401 0.268218 
vt 0.845172 0.355816 
vt 0.843248 0.341982 
vt 0.843689 0.324922 
vt 0.845637 0.313056 
vt 0.838489 0.339858 
vt 0.840507 0.355534 
vt 0.8392 0.307735 
vt 0.838274 0.325219 
vt 0.770759 0.477952 
vt 0.766761 0.478672 
vt 0.762405 0.472124 
vt 0.769328 0.472429 
vt 0.760321 0.465941 
vt 0.768096 0.464221 
vt 0.759652 0.460389 
vt 0.767752 0.46088 
vt 0.759887 0.454376 
vt 0.767996 0.45739 
vt 0.884529 0.39058 
vt 0.889662 0.408766 
vt 0.903487 0.401721 
vt 0.901245 0.388023 
vt 0.896052 0.431197 
vt 0.910234 0.416676 
vt 0.914211 0.296153 
vt 0.916261 0.279576 
vt 0.911051 0.276258 
vt 0.907535 0.292397 
vt 0.9112 0.391761 
vt 0.908648 0.381562 
vt 0.908236 0.34894 
vt 0.909587 0.336623 
vt 0.900692 0.335155 
vt 0.899109 0.349849 
vt 0.899333 0.37619 
vt 0.906538 0.37171 
vt 0.907452 0.360505 
vt 0.898848 0.363792 
vt 0.916261 0.410714 
vt 0.902935 0.320621 
vt 0.91075 0.324344 
vt 0.880314 0.391129 
vt 0.88636 0.412603 
vt 0.891783 0.288467 
vt 0.884991 0.307733 
vt 0.900326 0.271765 
vt 0.901468 0.261773 
vt 0.911333 0.265516 
vt 0.8848 0.27981 
vt 0.878198 0.302649 
vt 0.897125 0.262979 
vt 0.879514 0.357182 
vt 0.881539 0.372458 
vt 0.879986 0.341055 
vt 0.881849 0.324622 
vt 0.875769 0.0857116 
vt 0.879193 0.0594583 
vt 0.876168 0.0568253 
vt 0.88369 0.0382389 
vt 0.878906 0.032396 
vt 0.874507 0.355161 
vt 0.87688 0.371322 
vt 0.875067 0.320865 
vt 0.874589 0.339793 
vt 0.787324 0.482641 
vt 0.78706 0.477145 
vt 0.791472 0.471156 
vt 0.7902 0.480364 
vt 0.791335 0.463341 
vt 0.785956 0.468813 
vt 0.79058 0.457597 
vt 0.785342 0.465263 
vt 0.789098 0.452558 
vt 0.784333 0.461924 
vt 0.782966 0.459484 
vt 0.78724 0.449819 
vt 0.777381 0.359133 
vt 0.782122 0.361989 
vt 0.779414 0.392011 
vt 0.776285 0.390584 
vt 0.773751 0.358642 
vt 0.773864 0.39062 
vt 0.783172 0.362587 
vt 0.787684 0.36533 
vt 0.783169 0.394572 
vt 0.780193 0.392413 
vt 0.788495 0.375444 
vt 0.789493 0.389845 
vt 0.785473 0.404064 
vt 0.784845 0.399743 
vt 0.769501 0.359746 
vt 0.770233 0.360904 
vt 0.771361 0.391546 
vt 0.770799 0.391063 
vt 0.770909 0.359146 
vt 0.771877 0.390514 
vt 0.760118 0.365114 
vt 0.764678 0.362909 
vt 0.767419 0.393009 
vt 0.764664 0.395381 
vt 0.758027 0.390544 
vt 0.759135 0.375943 
vt 0.763039 0.400288 
vt 0.762534 0.404539 
vt 0.78264 0.363467 
vt 0.779789 0.392798 
vt 0.774055 0.416635 
vt 0.905262 0.111563 
vt 0.900075 0.112188 
vt 0.900809 0.0946647 
vt 0.905397 0.0933954 
vt 0.912528 0.211874 
vt 0.90861 0.211651 
vt 0.907218 0.18828 
vt 0.91134 0.18964 
vt 0.897315 0.192406 
vt 0.896451 0.213895 
vt 0.881329 0.22035 
vt 0.880915 0.194237 
vt 0.891452 0.11737 
vt 0.891458 0.135949 
vt 0.875108 0.129886 
vt 0.875096 0.108273 
vt 0.895148 0.247474 
vt 0.879475 0.247693 
vt 0.906633 0.247561 
vt 0.908636 0.24708 
vt 0.88369 0.0382389 
vt 0.886128 0.0283089 
vt 0.897384 0.0364319 
vt 0.894962 0.0449401 
vt 0.902348 0.0643632 
vt 0.907256 0.0656195 
vt 0.875769 0.0857116 
vt 0.879193 0.0594583 
vt 0.892814 0.0702592 
vt 0.891752 0.0977926 
vt 0.893728 0.154076 
vt 0.878139 0.153681 
vt 0.907624 0.14952 
vt 0.902912 0.148903 
vt 0.901358 0.12939 
vt 0.905898 0.129658 
vt 0.905154 0.0301633 
vt 0.911433 0.0367309 
vt 0.936059 0.122206 
vt 0.948818 0.12621 
vt 0.950042 0.146944 
vt 0.935866 0.14198 
vt 0.93753 0.182102 
vt 0.953144 0.1867 
vt 0.953217 0.210897 
vt 0.939126 0.205923 
vt 0.937898 0.241013 
vt 0.956387 0.242302 
vt 0.986567 0.0431378 
vt 0.978092 0.0405494 
vt 0.980267 0.0242743 
vt 0.988998 0.0294292 
vt 0.983868 0.0543709 
vt 0.973057 0.0513653 
vt 0.980092 0.0781263 
vt 0.965132 0.0737711 
vt 0.968493 0.0625197 
vt 0.981787 0.066362 
vt 0.978472 0.105992 
vt 0.960942 0.103217 
vt 0.962348 0.0858072 
vt 0.978941 0.0902228 
vt 0.994095 0.0435635 
vt 0.991189 0.0554373 
vt 0.988961 0.0680664 
vt 0.987291 0.0810428 
vt 0.986946 0.109873 
vt 0.986247 0.0943277 
vt 0.98095 0.138366 
vt 0.961853 0.140908 
vt 0.960513 0.119893 
vt 0.979224 0.122291 
vt 0.96831 0.179253 
vt 0.985159 0.17477 
vt 0.98742 0.200534 
vt 0.972649 0.199874 
vt 0.977331 0.229615 
vt 0.994095 0.222826 
vt 0.986957 0.125056 
vt 0.986661 0.139776 
vt 0.988284 0.174906 
vt 0.989611 0.200009 
vt 0.958751 0.140602 
vt 0.95726 0.122889 
vt 0.963833 0.179289 
vt 0.968706 0.20223 
vt 0.974381 0.231741 
vt 0.957117 0.0652829 
vt 0.951341 0.0614401 
vt 0.953131 0.0309948 
vt 0.958444 0.0306184 
vt 0.956062 0.0783217 
vt 0.950797 0.0751558 
vt 0.954507 0.109821 
vt 0.949473 0.106812 
vt 0.950309 0.0885662 
vt 0.955368 0.0914907 
vt 0.95301 0.14755 
vt 0.952893 0.12925 
vt 0.955683 0.185918 
vt 0.95549 0.211378 
vt 0.958444 0.242574 
vt 0.95604 0.103401 
vt 0.958688 0.0842547 
vt 0.961462 0.0708672 
vt 0.964753 0.0583187 
vt 0.968548 0.0427844 
vt 0.972636 0.0273076 
vt 0.937536 0.0853169 
vt 0.936335 0.10424 
vt 0.940234 0.0593181 
vt 0.93871 0.0722954 
vt 0.945788 0.0304333 
vt 0.945224 0.0205061 
vt 0.953029 0.0203214 
vt 0.931123 0.144085 
vt 0.930162 0.12411 
vt 0.93368 0.181856 
vt 0.935497 0.205165 
vt 0.934664 0.24181 
vt 0.925109 0.151027 
vt 0.921724 0.151039 
vt 0.919524 0.132761 
vt 0.924137 0.132897 
vt 0.925296 0.189446 
vt 0.927145 0.189675 
vt 0.92666 0.213446 
vt 0.925104 0.213038 
vt 0.924548 0.249651 
vt 0.926114 0.250032 
vt 0.918268 0.0370337 
vt 0.927145 0.0345733 
vt 0.926923 0.0669241 
vt 0.918231 0.0666672 
vt 0.918769 0.0942372 
vt 0.926366 0.0956575 
vt 0.925932 0.11456 
vt 0.918903 0.113303 
vt 0.928692 0.104141 
vt 0.929395 0.0848196 
vt 0.930116 0.0700075 
vt 0.931263 0.0553042 
vt 0.941318 0.02524 
vt 0.910018 0.0232112 
vt 0.916857 0.0196141 
vt 0.898895 0.213434 
vt 0.896888 0.24747 
vt 0.899731 0.19111 
vt 0.895915 0.134991 
vt 0.896749 0.153684 
vt 0.896737 0.118481 
vt 0.898147 0.0722458 
vt 0.896415 0.100554 
vt 0.899731 0.0421764 
vt 0.982209 0.156286 
vt 0.986609 0.155711 
vt 0.96562 0.161753 
vt 0.961301 0.158773 
vt 0.951149 0.168014 
vt 0.95374 0.165612 
vt 0.936962 0.162509 
vt 0.932777 0.16226 
vt 0.923518 0.170234 
vt 0.925577 0.169825 
vt 0.910469 0.169686 
vt 0.906331 0.168589 
vt 0.897883 0.172432 
vt 0.895928 0.175045 
vt 0.881085 0.173561 
vt 0.800897 0.451133 
vt 0.798669 0.457784 
vt 0.800043 0.46098 
vt 0.801828 0.456518 
vt 0.799719 0.446133 
vt 0.797135 0.454874 
vt 0.7983 0.44292 
vt 0.795563 0.45225 
vt 0.796641 0.440383 
vt 0.793815 0.450111 
vt 0.793972 0.4378 
vt 0.791545 0.448472 
vt 0.791262 0.434651 
vt 0.789176 0.447896 
vt 0.802108 0.425652 
vt 0.801258 0.433847 
vt 0.806892 0.434491 
vt 0.807038 0.429654 
vt 0.799358 0.425163 
vt 0.799133 0.434036 
vt 0.796568 0.424854 
vt 0.797012 0.434433 
vt 0.793721 0.423809 
vt 0.794136 0.434363 
vt 0.790826 0.423871 
vt 0.792366 0.412169 
vt 0.792325 0.420325 
vt 0.794973 0.420482 
vt 0.79492 0.412263 
vt 0.799401 0.421527 
vt 0.79946 0.41424 
vt 0.804681 0.423119 
vt 0.805038 0.419146 
vt 0.793256 0.385307 
vt 0.795084 0.393173 
vt 0.798785 0.387279 
vt 0.796756 0.381916 
vt 0.789493 0.389845 
vt 0.791666 0.399334 
vt 0.781266 0.459462 
vt 0.778893 0.43769 
vt 0.777729 0.438179 
vt 0.779641 0.46017 
vt 0.778008 0.460832 
vt 0.776497 0.438601 
vt 0.774305 0.43972 
vt 0.774949 0.463143 
vt 0.790952 0.404547 
vt 0.786466 0.412672 
vt 0.790623 0.409082 
vt 0.785198 0.430656 
vt 0.783051 0.433551 
vt 0.78724 0.449819 
vt 0.782966 0.459484 
vt 0.779858 0.437205 
vt 0.782116 0.459473 
vt 0.786346 0.417476 
vt 0.786336 0.420315 
vt 0.786317 0.409339 
vt 0.786522 0.424571 
vt 0.785473 0.404064 
vt 0.905262 0.111563 
vt 0.905397 0.0933954 
vt 0.900809 0.0946647 
vt 0.900075 0.112188 
vt 0.912528 0.211874 
vt 0.91134 0.18964 
vt 0.907218 0.18828 
vt 0.90861 0.211651 
vt 0.897315 0.192406 
vt 0.880915 0.194237 
vt 0.881329 0.22035 
vt 0.896451 0.213895 
vt 0.891452 0.11737 
vt 0.875096 0.108273 
vt 0.875108 0.129886 
vt 0.891458 0.135949 
vt 0.894962 0.0449401 
vt 0.897384 0.0364319 
vt 0.886128 0.0283089 
vt 0.907256 0.0656195 
vt 0.902348 0.0643632 
vt 0.891752 0.0977926 
vt 0.892814 0.0702592 
vt 0.878139 0.153681 
vt 0.893728 0.154076 
vt 0.907624 0.14952 
vt 0.905898 0.129658 
vt 0.901358 0.12939 
vt 0.902912 0.148903 
vt 0.905154 0.0301633 
vt 0.911433 0.0367309 
vt 0.936059 0.122206 
vt 0.935866 0.14198 
vt 0.950042 0.146944 
vt 0.948818 0.12621 
vt 0.93753 0.182102 
vt 0.939126 0.205923 
vt 0.953217 0.210897 
vt 0.953144 0.1867 
vt 0.986567 0.0431378 
vt 0.988998 0.0294292 
vt 0.980267 0.0242743 
vt 0.978092 0.0405494 
vt 0.983868 0.0543709 
vt 0.973057 0.0513653 
vt 0.980092 0.0781263 
vt 0.981787 0.066362 
vt 0.968493 0.0625197 
vt 0.965132 0.0737711 
vt 0.978472 0.105992 
vt 0.978941 0.0902228 
vt 0.962348 0.0858072 
vt 0.960942 0.103217 
vt 0.991189 0.0554373 
vt 0.994095 0.0435635 
vt 0.987291 0.0810428 
vt 0.988961 0.0680664 
vt 0.986946 0.109873 
vt 0.986247 0.0943277 
vt 0.98095 0.138366 
vt 0.979224 0.122291 
vt 0.960513 0.119893 
vt 0.961853 0.140908 
vt 0.96831 0.179253 
vt 0.972649 0.199874 
vt 0.98742 0.200534 
vt 0.985159 0.17477 
vt 0.986661 0.139776 
vt 0.986957 0.125056 
vt 0.989611 0.200009 
vt 0.988284 0.174906 
vt 0.95726 0.122889 
vt 0.958751 0.140602 
vt 0.963833 0.179289 
vt 0.968706 0.20223 
vt 0.957117 0.0652829 
vt 0.958444 0.0306184 
vt 0.953131 0.0309948 
vt 0.951341 0.0614401 
vt 0.956062 0.0783217 
vt 0.950797 0.0751558 
vt 0.954507 0.109821 
vt 0.955368 0.0914907 
vt 0.950309 0.0885662 
vt 0.949473 0.106812 
vt 0.95301 0.14755 
vt 0.952893 0.12925 
vt 0.95549 0.211378 
vt 0.955683 0.185918 
vt 0.958688 0.0842547 
vt 0.95604 0.103401 
vt 0.964753 0.0583187 
vt 0.961462 0.0708672 
vt 0.972636 0.0273076 
vt 0.968548 0.0427844 
vt 0.937536 0.0853169 
vt 0.936335 0.10424 
vt 0.940234 0.0593181 
vt 0.93871 0.0722954 
vt 0.945788 0.0304333 
vt 0.945224 0.0205061 
vt 0.953029 0.0203214 
vt 0.930162 0.12411 
vt 0.931123 0.144085 
vt 0.93368 0.181856 
vt 0.935497 0.205165 
vt 0.925109 0.151027 
vt 0.924137 0.132897 
vt 0.919524 0.132761 
vt 0.921724 0.151039 
vt 0.925296 0.189446 
vt 0.925104 0.213038 
vt 0.92666 0.213446 
vt 0.927145 0.189675 
vt 0.918268 0.0370337 
vt 0.918231 0.0666672 
vt 0.926923 0.0669241 
vt 0.927145 0.0345733 
vt 0.918769 0.0942372 
vt 0.918903 0.113303 
vt 0.925932 0.11456 
vt 0.926366 0.0956575 
vt 0.929395 0.0848196 
vt 0.928692 0.104141 
vt 0.931263 0.0553042 
vt 0.930116 0.0700075 
vt 0.941318 0.02524 
vt 0.916857 0.0196141 
vt 0.910018 0.0232112 
vt 0.898895 0.213434 
vt 0.899731 0.19111 
vt 0.895915 0.134991 
vt 0.896749 0.153684 
vt 0.896737 0.118481 
vt 0.896415 0.100554 
vt 0.898147 0.0722458 
vt 0.899731 0.0421764 
vt 0.982209 0.156286 
vt 0.986609 0.155711 
vt 0.96562 0.161753 
vt 0.961301 0.158773 
vt 0.951149 0.168014 
vt 0.95374 0.165612 
vt 0.936962 0.162509 
vt 0.932777 0.16226 
vt 0.923518 0.170234 
vt 0.925577 0.169825 
vt 0.910469 0.169686 
vt 0.906331 0.168589 
vt 0.897883 0.172432 
vt 0.895928 0.175045 
vt 0.881085 0.173561 
vt 0.800897 0.451133 
vt 0.801828 0.456518 
vt 0.800043 0.46098 
vt 0.798669 0.457784 
vt 0.797135 0.454874 
vt 0.799719 0.446133 
vt 0.7983 0.44292 
vt 0.795563 0.45225 
vt 0.796641 0.440383 
vt 0.793815 0.450111 
vt 0.793972 0.4378 
vt 0.791545 0.448472 
vt 0.789176 0.447896 
vt 0.791262 0.434651 
vt 0.802108 0.425652 
vt 0.807038 0.429654 
vt 0.806892 0.434491 
vt 0.801258 0.433847 
vt 0.799133 0.434036 
vt 0.799358 0.425163 
vt 0.796568 0.424854 
vt 0.797012 0.434433 
vt 0.794136 0.434363 
vt 0.793721 0.423809 
vt 0.790826 0.423871 
vt 0.792366 0.412169 
vt 0.79492 0.412263 
vt 0.794973 0.420482 
vt 0.792325 0.420325 
vt 0.799401 0.421527 
vt 0.79946 0.41424 
vt 0.805038 0.419146 
vt 0.804681 0.423119 
vt 0.793256 0.385307 
vt 0.796756 0.381916 
vt 0.798785 0.387279 
vt 0.795084 0.393173 
vt 0.791666 0.399334 
vt 0.781266 0.459462 
vt 0.779641 0.46017 
vt 0.777729 0.438179 
vt 0.778893 0.43769 
vt 0.778008 0.460832 
vt 0.776497 0.438601 
vt 0.790952 0.404547 
vt 0.790623 0.409082 
vt 0.786466 0.412672 
vt 0.783051 0.433551 
vt 0.785198 0.430656 
vt 0.779858 0.437205 
vt 0.786336 0.420315 
vt 0.786346 0.417476 
vt 0.786317 0.409339 
vt 0.786522 0.424571 

usemtl Handle1Mtl

f 488/488/488 489/489/489 490/490/490 
f 488/488/488 490/490/490 491/491/491 
f 492/492/492 488/488/488 491/491/491 
f 492/492/492 491/491/491 493/493/493 
f 494/494/494 495/495/495 496/496/496 
f 497/497/497 498/498/498 495/495/495 
f 495/495/495 498/498/498 496/496/496 
f 499/499/499 495/495/495 494/494/494 
f 499/499/499 494/494/494 500/500/500 
f 493/493/493 491/491/491 501/501/501 
f 493/493/493 501/501/501 502/502/502 
f 503/503/503 498/498/498 497/497/497 
f 503/503/503 497/497/497 504/504/504 
f 505/505/505 501/501/501 491/491/491 
f 505/505/505 491/491/491 490/490/490 
f 496/496/496 506/506/506 494/494/494 
f 506/506/506 507/507/507 500/500/500 
f 506/506/506 500/500/500 494/494/494 
f 502/502/502 501/501/501 508/508/508 
f 502/502/502 508/508/508 509/509/509 
f 510/510/510 511/511/511 507/507/507 
f 510/510/510 507/507/507 506/506/506 
f 512/512/512 513/513/513 514/514/514 
f 512/512/512 514/514/514 515/515/515 
f 515/515/515 514/514/514 511/511/511 
f 515/515/515 511/511/511 510/510/510 
f 516/516/516 517/517/517 513/513/513 
f 516/516/516 513/513/513 512/512/512 
f 501/501/501 505/505/505 508/508/508 
f 518/518/518 519/519/519 520/520/520 
f 518/518/518 520/520/520 521/521/521 
f 522/522/522 523/523/523 519/519/519 
f 522/522/522 519/519/519 518/518/518 
f 524/524/524 525/525/525 526/526/526 
f 527/527/527 526/526/526 528/528/528 
f 526/526/526 525/525/525 528/528/528 
f 521/521/521 520/520/520 524/524/524 
f 521/521/521 524/524/524 526/526/526 
f 523/523/523 529/529/529 530/530/530 
f 523/523/523 530/530/530 519/519/519 
f 531/531/531 532/532/532 527/527/527 
f 531/531/531 527/527/527 528/528/528 
f 533/533/533 520/520/520 519/519/519 
f 533/533/533 519/519/519 530/530/530 
f 525/525/525 524/524/524 534/534/534 
f 534/534/534 524/524/524 520/520/520 
f 534/534/534 520/520/520 533/533/533 
f 529/529/529 535/535/535 536/536/536 
f 529/529/529 536/536/536 530/530/530 
f 537/537/537 534/534/534 533/533/533 
f 537/537/537 533/533/533 538/538/538 
f 539/539/539 540/540/540 541/541/541 
f 539/539/539 541/541/541 542/542/542 
f 540/540/540 537/537/537 538/538/538 
f 540/540/540 538/538/538 541/541/541 
f 543/543/543 539/539/539 542/542/542 
f 543/543/543 542/542/542 544/544/544 
f 530/530/530 536/536/536 533/533/533 
f 545/545/545 546/546/546 496/496/496 
f 545/545/545 496/496/496 498/498/498 
f 547/547/547 545/545/545 498/498/498 
f 547/547/547 498/498/498 503/503/503 
f 546/546/546 548/548/548 506/506/506 
f 546/546/546 506/506/506 496/496/496 
f 549/549/549 550/550/550 509/509/509 
f 549/549/549 509/509/509 508/508/508 
f 551/551/551 552/552/552 507/507/507 
f 551/551/551 507/507/507 511/511/511 
f 548/548/548 553/553/553 510/510/510 
f 548/548/548 510/510/510 506/506/506 
f 554/554/554 555/555/555 514/514/514 
f 554/554/554 514/514/514 513/513/513 
f 556/556/556 557/557/557 512/512/512 
f 556/556/556 512/512/512 515/515/515 
f 555/555/555 551/551/551 511/511/511 
f 555/555/555 511/511/511 514/514/514 
f 553/553/553 556/556/556 515/515/515 
f 553/553/553 515/515/515 510/510/510 
f 558/558/558 559/559/559 517/517/517 
f 558/558/558 517/517/517 516/516/516 
f 560/560/560 554/554/554 513/513/513 
f 560/560/560 513/513/513 517/517/517 
f 557/557/557 561/561/561 516/516/516 
f 557/557/557 516/516/516 512/512/512 
f 562/562/562 549/549/549 508/508/508 
f 562/562/562 508/508/508 505/505/505 
f 563/563/563 564/564/564 565/565/565 
f 563/563/563 565/565/565 566/566/566 
f 567/567/567 568/568/568 564/564/564 
f 567/567/567 564/564/564 563/563/563 
f 569/569/569 570/570/570 571/571/571 
f 572/572/572 571/571/571 573/573/573 
f 571/571/571 570/570/570 573/573/573 
f 574/574/574 575/575/575 569/569/569 
f 574/574/574 569/569/569 571/571/571 
f 568/568/568 576/576/576 577/577/577 
f 568/568/568 577/577/577 564/564/564 
f 578/578/578 579/579/579 572/572/572 
f 578/578/578 572/572/572 573/573/573 
f 580/580/580 565/565/565 564/564/564 
f 580/580/580 564/564/564 577/577/577 
f 570/570/570 569/569/569 581/581/581 
f 581/581/581 569/569/569 575/575/575 
f 581/581/581 575/575/575 582/582/582 
f 576/576/576 583/583/583 584/584/584 
f 576/576/576 584/584/584 577/577/577 
f 585/585/585 581/581/581 582/582/582 
f 585/585/585 582/582/582 586/586/586 
f 587/587/587 588/588/588 589/589/589 
f 587/587/587 589/589/589 590/590/590 
f 588/588/588 585/585/585 586/586/586 
f 588/588/588 586/586/586 589/589/589 
f 591/591/591 587/587/587 590/590/590 
f 591/591/591 590/590/590 592/592/592 
f 577/577/577 584/584/584 580/580/580 
f 593/593/593 594/594/594 595/595/595 
f 593/593/593 595/595/595 596/596/596 
f 597/597/597 593/593/593 596/596/596 
f 597/597/597 596/596/596 598/598/598 
f 599/599/599 600/600/600 601/601/601 
f 602/602/602 603/603/603 600/600/600 
f 600/600/600 603/603/603 601/601/601 
f 594/594/594 600/600/600 599/599/599 
f 594/594/594 599/599/599 595/595/595 
f 598/598/598 596/596/596 604/604/604 
f 598/598/598 604/604/604 605/605/605 
f 606/606/606 603/603/603 602/602/602 
f 606/606/606 602/602/602 607/607/607 
f 608/608/608 604/604/604 596/596/596 
f 608/608/608 596/596/596 595/595/595 
f 601/601/601 609/609/609 599/599/599 
f 609/609/609 608/608/608 595/595/595 
f 609/609/609 595/595/595 599/599/599 
f 605/605/605 604/604/604 610/610/610 
f 605/605/605 610/610/610 611/611/611 
f 612/612/612 613/613/613 608/608/608 
f 612/612/612 608/608/608 609/609/609 
f 614/614/614 615/615/615 616/616/616 
f 614/614/614 616/616/616 617/617/617 
f 617/617/617 616/616/616 613/613/613 
f 617/617/617 613/613/613 612/612/612 
f 618/618/618 619/619/619 615/615/615 
f 618/618/618 615/615/615 614/614/614 
f 604/604/604 608/608/608 610/610/610 
f 620/620/620 573/573/573 570/570/570 
f 620/620/620 570/570/570 621/621/621 
f 622/622/622 578/578/578 573/573/573 
f 622/622/622 573/573/573 620/620/620 
f 621/621/621 570/570/570 581/581/581 
f 621/621/621 581/581/581 623/623/623 
f 624/624/624 584/584/584 583/583/583 
f 624/624/624 583/583/583 625/625/625 
f 626/626/626 586/586/586 582/582/582 
f 626/626/626 582/582/582 627/627/627 
f 623/623/623 581/581/581 585/585/585 
f 623/623/623 585/585/585 628/628/628 
f 629/629/629 590/590/590 589/589/589 
f 629/629/629 589/589/589 630/630/630 
f 631/631/631 588/588/588 587/587/587 
f 631/631/631 587/587/587 632/632/632 
f 630/630/630 589/589/589 586/586/586 
f 630/630/630 586/586/586 626/626/626 
f 628/628/628 585/585/585 588/588/588 
f 628/628/628 588/588/588 631/631/631 
f 633/633/633 591/591/591 592/592/592 
f 633/633/633 592/592/592 634/634/634 
f 635/635/635 592/592/592 590/590/590 
f 635/635/635 590/590/590 629/629/629 
f 632/632/632 587/587/587 591/591/591 
f 632/632/632 591/591/591 636/636/636 
f 637/637/637 580/580/580 584/584/584 
f 637/637/637 584/584/584 624/624/624 
f 638/638/638 639/639/639 640/640/640 
f 638/638/638 640/640/640 641/641/641 
f 642/642/642 643/643/643 644/644/644 
f 645/645/645 646/646/646 647/647/647 
f 645/645/645 647/647/647 648/648/648 
f 649/649/649 650/650/650 651/651/651 
f 649/649/649 651/651/651 652/652/652 
f 651/651/651 650/650/650 653/653/653 
f 651/651/651 653/653/653 654/654/654 
f 655/655/655 656/656/656 640/640/640 
f 655/655/655 640/640/640 639/639/639 
f 643/643/643 642/642/642 657/657/657 
f 647/647/647 646/646/646 658/658/658 
f 647/647/647 658/658/658 659/659/659 
f 648/648/648 647/647/647 650/650/650 
f 648/648/648 650/650/650 649/649/649 
f 650/650/650 647/647/647 659/659/659 
f 650/650/650 659/659/659 653/653/653 
f 656/656/656 660/660/660 661/661/661 
f 656/656/656 661/661/661 640/640/640 
f 662/662/662 663/663/663 664/664/664 
f 662/662/662 664/664/664 665/665/665 
f 665/665/665 666/666/666 667/667/667 
f 665/665/665 667/667/667 662/662/662 
f 668/668/668 669/669/669 670/670/670 
f 668/668/668 670/670/670 671/671/671 
f 672/672/672 673/673/673 669/669/669 
f 672/672/672 669/669/669 668/668/668 
f 674/674/674 675/675/675 673/673/673 
f 674/674/674 673/673/673 672/672/672 
f 676/676/676 677/677/677 678/678/678 
f 679/679/679 677/677/677 676/676/676 
f 679/679/679 676/676/676 680/680/680 
f 640/640/640 661/661/661 681/681/681 
f 640/640/640 681/681/681 641/641/641 
f 668/668/668 671/671/671 682/682/682 
f 672/672/672 668/668/668 682/682/682 
f 672/672/672 682/682/682 683/683/683 
f 684/684/684 685/685/685 686/686/686 
f 684/684/684 686/686/686 687/687/687 
f 688/688/688 689/689/689 690/690/690 
f 691/691/691 692/692/692 693/693/693 
f 691/691/691 693/693/693 694/694/694 
f 695/695/695 696/696/696 697/697/697 
f 695/695/695 697/697/697 698/698/698 
f 699/699/699 654/654/654 653/653/653 
f 699/699/699 653/653/653 700/700/700 
f 655/655/655 701/701/701 702/702/702 
f 655/655/655 702/702/702 656/656/656 
f 643/643/643 657/657/657 703/703/703 
f 704/704/704 659/659/659 658/658/658 
f 704/704/704 658/658/658 705/705/705 
f 692/692/692 695/695/695 698/698/698 
f 692/692/692 698/698/698 693/693/693 
f 700/700/700 653/653/653 659/659/659 
f 700/700/700 659/659/659 704/704/704 
f 656/656/656 702/702/702 706/706/706 
f 656/656/656 706/706/706 660/660/660 
f 684/684/684 707/707/707 708/708/708 
f 684/684/684 708/708/708 709/709/709 
f 707/707/707 684/684/684 687/687/687 
f 707/707/707 687/687/687 710/710/710 
f 711/711/711 712/712/712 696/696/696 
f 711/711/711 696/696/696 695/695/695 
f 713/713/713 711/711/711 695/695/695 
f 713/713/713 695/695/695 692/692/692 
f 714/714/714 713/713/713 692/692/692 
f 714/714/714 692/692/692 691/691/691 
f 715/715/715 716/716/716 690/690/690 
f 689/689/689 717/717/717 715/715/715 
f 689/689/689 715/715/715 690/690/690 
f 718/718/718 685/685/685 684/684/684 
f 718/718/718 684/684/684 709/709/709 
f 711/711/711 719/719/719 712/712/712 
f 713/713/713 720/720/720 719/719/719 
f 713/713/713 719/719/719 711/711/711 
f 721/721/721 722/722/722 663/663/663 
f 721/721/721 663/663/663 662/662/662 
f 662/662/662 667/667/667 723/723/723 
f 662/662/662 723/723/723 721/721/721 
f 669/669/669 724/724/724 725/725/725 
f 669/669/669 725/725/725 670/670/670 
f 673/673/673 726/726/726 724/724/724 
f 673/673/673 724/724/724 669/669/669 
f 675/675/675 727/727/727 728/728/728 
f 675/675/675 728/728/728 673/673/673 
f 729/729/729 645/645/645 648/648/648 
f 729/729/729 648/648/648 730/730/730 
f 731/731/731 732/732/732 648/648/648 
f 731/731/731 648/648/648 649/649/649 
f 733/733/733 731/731/731 649/649/649 
f 733/733/733 649/649/649 652/652/652 
f 734/734/734 735/735/735 638/638/638 
f 734/734/734 638/638/638 641/641/641 
f 641/641/641 681/681/681 736/736/736 
f 641/641/641 736/736/736 734/734/734 
f 722/722/722 679/679/679 680/680/680 
f 722/722/722 680/680/680 737/737/737 
f 738/738/738 739/739/739 717/717/717 
f 738/738/738 717/717/717 689/689/689 
f 663/663/663 722/722/722 737/737/737 
f 663/663/663 737/737/737 664/664/664 
f 709/709/709 708/708/708 739/739/739 
f 709/709/709 739/739/739 738/738/738 
f 740/740/740 718/718/718 709/709/709 
f 740/740/740 709/709/709 738/738/738 
f 660/660/660 706/706/706 741/741/741 
f 660/660/660 741/741/741 742/742/742 
f 661/661/661 660/660/660 742/742/742 
f 661/661/661 742/742/742 743/743/743 
f 681/681/681 661/661/661 743/743/743 
f 681/681/681 743/743/743 736/736/736 
f 698/698/698 697/697/697 744/744/744 
f 693/693/693 698/698/698 744/744/744 
f 693/693/693 744/744/744 745/745/745 
f 694/694/694 693/693/693 746/746/746 
f 694/694/694 746/746/746 747/747/747 
f 748/748/748 704/704/704 705/705/705 
f 748/748/748 705/705/705 749/749/749 
f 750/750/750 700/700/700 704/704/704 
f 750/750/750 704/704/704 751/751/751 
f 699/699/699 700/700/700 750/750/750 
f 667/667/667 666/666/666 671/671/671 
f 667/667/667 671/671/671 670/670/670 
f 723/723/723 667/667/667 670/670/670 
f 723/723/723 670/670/670 725/725/725 
f 638/638/638 735/735/735 733/733/733 
f 638/638/638 733/733/733 652/652/652 
f 652/652/652 651/651/651 639/639/639 
f 652/652/652 639/639/639 638/638/638 
f 654/654/654 655/655/655 639/639/639 
f 654/654/654 639/639/639 651/651/651 
f 654/654/654 699/699/699 701/701/701 
f 654/654/654 701/701/701 655/655/655 
f 687/687/687 686/686/686 697/697/697 
f 687/687/687 697/697/697 696/696/696 
f 710/710/710 687/687/687 696/696/696 
f 710/710/710 696/696/696 712/712/712 
f 743/743/743 642/642/642 644/644/644 
f 743/743/743 644/644/644 736/736/736 
f 657/657/657 642/642/642 743/743/743 
f 657/657/657 743/743/743 742/742/742 
f 703/703/703 657/657/657 742/742/742 
f 703/703/703 742/742/742 741/741/741 
f 740/740/740 738/738/738 689/689/689 
f 740/740/740 689/689/689 688/688/688 
f 752/752/752 753/753/753 754/754/754 
f 752/752/752 754/754/754 755/755/755 
f 756/756/756 755/755/755 754/754/754 
f 756/756/756 754/754/754 757/757/757 
f 758/758/758 759/759/759 760/760/760 
f 758/758/758 760/760/760 761/761/761 
f 762/762/762 754/754/754 753/753/753 
f 762/762/762 753/753/753 763/763/763 
f 764/764/764 765/765/765 766/766/766 
f 764/764/764 766/766/766 767/767/767 
f 768/768/768 769/769/769 770/770/770 
f 768/768/768 770/770/770 771/771/771 
f 772/772/772 757/757/757 754/754/754 
f 772/772/772 754/754/754 762/762/762 
f 773/773/773 759/759/759 758/758/758 
f 773/773/773 758/758/758 774/774/774 
f 775/775/775 752/752/752 755/755/755 
f 775/775/775 755/755/755 776/776/776 
f 756/756/756 776/776/776 755/755/755 
f 777/777/777 759/759/759 773/773/773 
f 777/777/777 773/773/773 778/778/778 
f 760/760/760 759/759/759 777/777/777 
f 760/760/760 777/777/777 779/779/779 
f 780/780/780 781/781/781 760/760/760 
f 780/780/780 760/760/760 779/779/779 
f 778/778/778 782/782/782 783/783/783 
f 778/778/778 783/783/783 777/777/777 
f 777/777/777 783/783/783 784/784/784 
f 777/777/777 784/784/784 779/779/779 
f 769/769/769 768/768/768 785/785/785 
f 769/769/769 785/785/785 786/786/786 
f 787/787/787 788/788/788 766/766/766 
f 787/787/787 766/766/766 765/765/765 
f 789/789/789 786/786/786 785/785/785 
f 789/789/789 785/785/785 790/790/790 
f 791/791/791 788/788/788 787/787/787 
f 791/791/791 787/787/787 792/792/792 
f 763/763/763 753/753/753 768/768/768 
f 763/763/763 768/768/768 771/771/771 
f 785/785/785 768/768/768 753/753/753 
f 785/785/785 753/753/753 752/752/752 
f 790/790/790 785/785/785 752/752/752 
f 790/790/790 752/752/752 775/775/775 
f 769/769/769 765/765/765 764/764/764 
f 769/769/769 764/764/764 770/770/770 
f 765/765/765 769/769/769 786/786/786 
f 765/765/765 786/786/786 787/787/787 
f 792/792/792 787/787/787 786/786/786 
f 792/792/792 786/786/786 789/789/789 
f 767/767/767 766/766/766 773/773/773 
f 767/767/767 773/773/773 774/774/774 
f 788/788/788 778/778/778 773/773/773 
f 788/788/788 773/773/773 766/766/766 
f 782/782/782 778/778/778 788/788/788 
f 782/782/782 788/788/788 791/791/791 
f 793/793/793 794/794/794 795/795/795 
f 793/793/793 795/795/795 796/796/796 
f 797/797/797 798/798/798 796/796/796 
f 797/797/797 796/796/796 795/795/795 
f 799/799/799 800/800/800 798/798/798 
f 799/799/799 798/798/798 797/797/797 
f 801/801/801 802/802/802 800/800/800 
f 801/801/801 800/800/800 799/799/799 
f 803/803/803 804/804/804 805/805/805 
f 803/803/803 805/805/805 806/806/806 
f 807/807/807 808/808/808 805/805/805 
f 807/807/807 805/805/805 804/804/804 
f 809/809/809 810/810/810 811/811/811 
f 809/809/809 811/811/811 812/812/812 
f 813/813/813 814/814/814 806/806/806 
f 813/813/813 806/806/806 805/805/805 
f 815/815/815 816/816/816 817/817/817 
f 815/815/815 817/817/817 818/818/818 
f 819/819/819 820/820/820 821/821/821 
f 819/819/819 821/821/821 822/822/822 
f 823/823/823 813/813/813 805/805/805 
f 823/823/823 805/805/805 808/808/808 
f 824/824/824 825/825/825 809/809/809 
f 824/824/824 809/809/809 812/812/812 
f 826/826/826 827/827/827 804/804/804 
f 826/826/826 804/804/804 803/803/803 
f 807/807/807 804/804/804 827/827/827 
f 828/828/828 829/829/829 824/824/824 
f 828/828/828 824/824/824 812/812/812 
f 811/811/811 830/830/830 828/828/828 
f 811/811/811 828/828/828 812/812/812 
f 831/831/831 830/830/830 811/811/811 
f 831/831/831 811/811/811 832/832/832 
f 829/829/829 828/828/828 833/833/833 
f 829/829/829 833/833/833 834/834/834 
f 828/828/828 830/830/830 835/835/835 
f 828/828/828 835/835/835 833/833/833 
f 822/822/822 836/836/836 837/837/837 
f 822/822/822 837/837/837 819/819/819 
f 838/838/838 818/818/818 817/817/817 
f 838/838/838 817/817/817 839/839/839 
f 840/840/840 841/841/841 842/842/842 
f 841/841/841 843/843/843 844/844/844 
f 841/841/841 844/844/844 842/842/842 
f 845/845/845 846/846/846 837/837/837 
f 845/845/845 837/837/837 836/836/836 
f 847/847/847 848/848/848 838/838/838 
f 847/847/847 838/838/838 839/839/839 
f 814/814/814 820/820/820 819/819/819 
f 814/814/814 819/819/819 806/806/806 
f 837/837/837 803/803/803 806/806/806 
f 837/837/837 806/806/806 819/819/819 
f 846/846/846 826/826/826 803/803/803 
f 846/846/846 803/803/803 837/837/837 
f 822/822/822 821/821/821 815/815/815 
f 822/822/822 815/815/815 818/818/818 
f 818/818/818 838/838/838 836/836/836 
f 818/818/818 836/836/836 822/822/822 
f 848/848/848 845/845/845 836/836/836 
f 848/848/848 836/836/836 838/838/838 
f 816/816/816 825/825/825 824/824/824 
f 816/816/816 824/824/824 817/817/817 
f 839/839/839 817/817/817 824/824/824 
f 839/839/839 824/824/824 829/829/829 
f 834/834/834 847/847/847 839/839/839 
f 834/834/834 839/839/839 829/829/829 
f 849/849/849 850/850/850 851/851/851 
f 849/849/849 851/851/851 852/852/852 
f 853/853/853 851/851/851 850/850/850 
f 853/853/853 850/850/850 854/854/854 
f 855/855/855 853/853/853 854/854/854 
f 855/855/855 854/854/854 856/856/856 
f 857/857/857 855/855/855 856/856/856 
f 857/857/857 856/856/856 858/858/858 
f 858/858/858 859/859/859 860/860/860 
f 858/858/858 860/860/860 857/857/857 
f 861/861/861 862/862/862 863/863/863 
f 861/861/861 863/863/863 864/864/864 
f 865/865/865 861/861/861 864/864/864 
f 865/865/865 864/864/864 866/866/866 
f 867/867/867 868/868/868 869/869/869 
f 867/867/867 869/869/869 870/870/870 
f 871/871/871 872/872/872 873/873/873 
f 871/871/871 873/873/873 874/874/874 
f 868/868/868 871/871/871 874/874/874 
f 868/868/868 874/874/874 869/869/869 
f 875/875/875 876/876/876 877/877/877 
f 875/875/875 877/877/877 878/878/878 
f 876/876/876 879/879/879 880/880/880 
f 876/876/876 880/880/880 877/877/877 
f 881/881/881 882/882/882 883/883/883 
f 881/881/881 883/883/883 884/884/884 
f 885/885/885 886/886/886 887/887/887 
f 885/885/885 887/887/887 888/888/888 
f 886/886/886 881/881/881 884/884/884 
f 886/886/886 884/884/884 887/887/887 
f 862/862/862 889/889/889 890/890/890 
f 862/862/862 890/890/890 863/863/863 
f 889/889/889 867/867/867 870/870/870 
f 889/889/889 870/870/870 890/890/890 
f 882/882/882 875/875/875 878/878/878 
f 882/882/882 878/878/878 883/883/883 
f 879/879/879 865/865/865 866/866/866 
f 879/879/879 866/866/866 880/880/880 
f 890/890/890 870/870/870 891/891/891 
f 863/863/863 890/890/890 891/891/891 
f 864/864/864 863/863/863 891/891/891 
f 866/866/866 864/864/864 891/891/891 
f 880/880/880 866/866/866 891/891/891 
f 877/877/877 880/880/880 891/891/891 
f 878/878/878 877/877/877 891/891/891 
f 883/883/883 878/878/878 891/891/891 
f 884/884/884 883/883/883 891/891/891 
f 887/887/887 884/884/884 891/891/891 
f 888/888/888 887/887/887 891/891/891 
f 892/892/892 893/893/893 894/894/894 
f 892/892/892 894/894/894 895/895/895 
f 896/896/896 897/897/897 898/898/898 
f 896/896/896 898/898/898 899/899/899 
f 900/900/900 901/901/901 902/902/902 
f 900/900/900 902/902/902 903/903/903 
f 904/904/904 905/905/905 906/906/906 
f 904/904/904 906/906/906 907/907/907 
f 901/901/901 908/908/908 909/909/909 
f 901/901/901 909/909/909 902/902/902 
f 910/910/910 897/897/897 896/896/896 
f 910/910/910 896/896/896 911/911/911 
f 912/912/912 913/913/913 914/914/914 
f 912/912/912 914/914/914 915/915/915 
f 894/894/894 916/916/916 917/917/917 
f 894/894/894 917/917/917 895/895/895 
f 918/918/918 919/919/919 920/920/920 
f 918/918/918 920/920/920 921/921/921 
f 919/919/919 912/912/912 915/915/915 
f 919/919/919 915/915/915 920/920/920 
f 905/905/905 922/922/922 923/923/923 
f 905/905/905 923/923/923 906/906/906 
f 924/924/924 925/925/925 926/926/926 
f 924/924/924 926/926/926 927/927/927 
f 928/928/928 929/929/929 917/917/917 
f 928/928/928 917/917/917 916/916/916 
f 930/930/930 931/931/931 932/932/932 
f 930/930/930 932/932/932 933/933/933 
f 934/934/934 935/935/935 936/936/936 
f 934/934/934 936/936/936 937/937/937 
f 938/938/938 937/937/937 936/936/936 
f 938/938/938 936/936/936 939/939/939 
f 940/940/940 941/941/941 942/942/942 
f 940/940/940 942/942/942 943/943/943 
f 944/944/944 945/945/945 941/941/941 
f 944/944/944 941/941/941 940/940/940 
f 946/946/946 947/947/947 948/948/948 
f 946/946/946 948/948/948 949/949/949 
f 950/950/950 951/951/951 952/952/952 
f 950/950/950 952/952/952 953/953/953 
f 940/940/940 954/954/954 955/955/955 
f 940/940/940 955/955/955 944/944/944 
f 949/949/949 956/956/956 957/957/957 
f 949/949/949 957/957/957 946/946/946 
f 958/958/958 950/950/950 953/953/953 
f 958/958/958 953/953/953 959/959/959 
f 960/960/960 961/961/961 962/962/962 
f 960/960/960 962/962/962 963/963/963 
f 964/964/964 965/965/965 966/966/966 
f 964/964/964 966/966/966 967/967/967 
f 968/968/968 967/967/967 966/966/966 
f 968/968/968 966/966/966 969/969/969 
f 963/963/963 970/970/970 971/971/971 
f 963/963/963 971/971/971 960/960/960 
f 965/965/965 972/972/972 973/973/973 
f 965/965/965 973/973/973 966/966/966 
f 969/969/969 966/966/966 973/973/973 
f 961/961/961 974/974/974 975/975/975 
f 961/961/961 975/975/975 962/962/962 
f 976/976/976 964/964/964 967/967/967 
f 976/976/976 967/967/967 977/977/977 
f 978/978/978 977/977/977 967/967/967 
f 978/978/978 967/967/967 968/968/968 
f 979/979/979 980/980/980 981/981/981 
f 979/979/979 981/981/981 982/982/982 
f 983/983/983 984/984/984 980/980/980 
f 983/983/983 980/980/980 979/979/979 
f 985/985/985 986/986/986 987/987/987 
f 985/985/985 987/987/987 988/988/988 
f 989/989/989 932/932/932 931/931/931 
f 989/989/989 931/931/931 990/990/990 
f 935/935/935 991/991/991 992/992/992 
f 935/935/935 992/992/992 936/936/936 
f 939/939/939 936/936/936 992/992/992 
f 939/939/939 992/992/992 993/993/993 
f 951/951/951 994/994/994 995/995/995 
f 951/951/951 995/995/995 952/952/952 
f 947/947/947 996/996/996 997/997/997 
f 947/947/947 997/997/997 948/948/948 
f 941/941/941 945/945/945 998/998/998 
f 941/941/941 998/998/998 999/999/999 
f 1000/1000/1000 987/987/987 986/986/986 
f 1000/1000/1000 986/986/986 1001/1001/1001 
f 1002/1002/1002 980/980/980 984/984/984 
f 1002/1002/1002 984/984/984 1003/1003/1003 
f 980/980/980 1002/1002/1002 1004/1004/1004 
f 980/980/980 1004/1004/1004 981/981/981 
f 1005/1005/1005 1006/1006/1006 981/981/981 
f 1005/1005/1005 981/981/981 1004/1004/1004 
f 930/930/930 933/933/933 1007/1007/1007 
f 930/930/930 1007/1007/1007 1008/1008/1008 
f 1009/1009/1009 934/934/934 937/937/937 
f 1009/1009/1009 937/937/937 1010/1010/1010 
f 1011/1011/1011 1010/1010/1010 937/937/937 
f 1011/1011/1011 937/937/937 938/938/938 
f 1012/1012/1012 1013/1013/1013 1014/1014/1014 
f 1012/1012/1012 1014/1014/1014 1015/1015/1015 
f 1016/1016/1016 1017/1017/1017 1018/1018/1018 
f 1016/1016/1016 1018/1018/1018 1019/1019/1019 
f 1020/1020/1020 1019/1019/1019 1018/1018/1018 
f 1020/1020/1020 1018/1018/1018 1021/1021/1021 
f 1022/1022/1022 1023/1023/1023 1024/1024/1024 
f 1022/1022/1022 1024/1024/1024 1025/1025/1025 
f 1026/1026/1026 1027/1027/1027 1028/1028/1028 
f 1026/1026/1026 1028/1028/1028 1029/1029/1029 
f 1025/1025/1025 1024/1024/1024 1027/1027/1027 
f 1025/1025/1025 1027/1027/1027 1026/1026/1026 
f 1001/1001/1001 1030/1030/1030 1031/1031/1031 
f 1001/1001/1001 1031/1031/1031 1000/1000/1000 
f 1003/1003/1003 1032/1032/1032 1033/1033/1033 
f 1003/1003/1003 1033/1033/1033 1002/1002/1002 
f 1002/1002/1002 1033/1033/1033 1034/1034/1034 
f 1002/1002/1002 1034/1034/1034 1004/1004/1004 
f 911/911/911 896/896/896 1019/1019/1019 
f 911/911/911 1019/1019/1019 1020/1020/1020 
f 1019/1019/1019 896/896/896 899/899/899 
f 1019/1019/1019 899/899/899 1016/1016/1016 
f 1013/1013/1013 924/924/924 927/927/927 
f 1013/1013/1013 927/927/927 1014/1014/1014 
f 1029/1029/1029 892/892/892 895/895/895 
f 1029/1029/1029 895/895/895 1026/1026/1026 
f 917/917/917 1025/1025/1025 1026/1026/1026 
f 917/917/917 1026/1026/1026 895/895/895 
f 1025/1025/1025 917/917/917 929/929/929 
f 1025/1025/1025 929/929/929 1022/1022/1022 
f 1022/1022/1022 929/929/929 1035/1035/1035 
f 1022/1022/1022 1035/1035/1035 1036/1036/1036 
f 1037/1037/1037 1038/1038/1038 908/908/908 
f 1037/1037/1037 908/908/908 901/901/901 
f 1039/1039/1039 1037/1037/1037 901/901/901 
f 1039/1039/1039 901/901/901 900/900/900 
f 1040/1040/1040 1041/1041/1041 922/922/922 
f 1040/1040/1040 922/922/922 905/905/905 
f 1042/1042/1042 1040/1040/1040 905/905/905 
f 1042/1042/1042 905/905/905 904/904/904 
f 920/920/920 1043/1043/1043 1044/1044/1044 
f 920/920/920 1044/1044/1044 921/921/921 
f 1043/1043/1043 920/920/920 915/915/915 
f 1043/1043/1043 915/915/915 1045/1045/1045 
f 1046/1046/1046 1047/1047/1047 972/972/972 
f 1046/1046/1046 972/972/972 965/965/965 
f 1048/1048/1048 1046/1046/1046 965/965/965 
f 1048/1048/1048 965/965/965 964/964/964 
f 1049/1049/1049 1048/1048/1048 964/964/964 
f 1049/1049/1049 964/964/964 976/976/976 
f 1050/1050/1050 1051/1051/1051 991/991/991 
f 1050/1050/1050 991/991/991 935/935/935 
f 1052/1052/1052 1050/1050/1050 935/935/935 
f 1052/1052/1052 935/935/935 934/934/934 
f 1053/1053/1053 1052/1052/1052 934/934/934 
f 1053/1053/1053 934/934/934 1009/1009/1009 
f 1054/1054/1054 1055/1055/1055 1017/1017/1017 
f 1054/1054/1054 1017/1017/1017 1016/1016/1016 
f 899/899/899 1056/1056/1056 1054/1054/1054 
f 899/899/899 1054/1054/1054 1016/1016/1016 
f 898/898/898 1057/1057/1057 1056/1056/1056 
f 898/898/898 1056/1056/1056 899/899/899 
f 1058/1058/1058 1039/1039/1039 900/900/900 
f 1058/1058/1058 900/900/900 1059/1059/1059 
f 1059/1059/1059 900/900/900 903/903/903 
f 1059/1059/1059 903/903/903 1060/1060/1060 
f 922/922/922 1059/1059/1059 1060/1060/1060 
f 922/922/922 1060/1060/1060 923/923/923 
f 1041/1041/1041 1058/1058/1058 1059/1059/1059 
f 1041/1041/1041 1059/1059/1059 922/922/922 
f 1056/1056/1056 1057/1057/1057 925/925/925 
f 1056/1056/1056 925/925/925 924/924/924 
f 1054/1054/1054 1056/1056/1056 924/924/924 
f 1054/1054/1054 924/924/924 1013/1013/1013 
f 1055/1055/1055 1054/1054/1054 1013/1013/1013 
f 1055/1055/1055 1013/1013/1013 1012/1012/1012 
f 933/933/933 1052/1052/1052 1053/1053/1053 
f 933/933/933 1053/1053/1053 1007/1007/1007 
f 932/932/932 1050/1050/1050 1052/1052/1052 
f 932/932/932 1052/1052/1052 933/933/933 
f 1051/1051/1051 1050/1050/1050 932/932/932 
f 1051/1051/1051 932/932/932 989/989/989 
f 1048/1048/1048 1049/1049/1049 974/974/974 
f 1048/1048/1048 974/974/974 961/961/961 
f 1046/1046/1046 1048/1048/1048 961/961/961 
f 1046/1046/1046 961/961/961 960/960/960 
f 971/971/971 1047/1047/1047 1046/1046/1046 
f 971/971/971 1046/1046/1046 960/960/960 
f 962/962/962 975/975/975 994/994/994 
f 962/962/962 994/994/994 951/951/951 
f 963/963/963 962/962/962 951/951/951 
f 963/963/963 951/951/951 950/950/950 
f 970/970/970 963/963/963 950/950/950 
f 970/970/970 950/950/950 958/958/958 
f 930/930/930 1008/1008/1008 1030/1030/1030 
f 930/930/930 1030/1030/1030 1001/1001/1001 
f 986/986/986 931/931/931 930/930/930 
f 986/986/986 930/930/930 1001/1001/1001 
f 990/990/990 931/931/931 986/986/986 
f 990/990/990 986/986/986 985/985/985 
f 927/927/927 926/926/926 893/893/893 
f 927/927/927 893/893/893 892/892/892 
f 1014/1014/1014 927/927/927 892/892/892 
f 1014/1014/1014 892/892/892 1029/1029/1029 
f 1028/1028/1028 1015/1015/1015 1014/1014/1014 
f 1028/1028/1028 1014/1014/1014 1029/1029/1029 
f 1044/1044/1044 1042/1042/1042 904/904/904 
f 1044/1044/1044 904/904/904 921/921/921 
f 921/921/921 904/904/904 907/907/907 
f 921/921/921 907/907/907 918/918/918 
f 945/945/945 948/948/948 997/997/997 
f 945/945/945 997/997/997 998/998/998 
f 949/949/949 948/948/948 945/945/945 
f 949/949/949 945/945/945 944/944/944 
f 955/955/955 956/956/956 949/949/949 
f 955/955/955 949/949/949 944/944/944 
f 952/952/952 995/995/995 996/996/996 
f 952/952/952 996/996/996 947/947/947 
f 953/953/953 952/952/952 947/947/947 
f 953/953/953 947/947/947 946/946/946 
f 957/957/957 959/959/959 953/953/953 
f 957/957/957 953/953/953 946/946/946 
f 1000/1000/1000 1031/1031/1031 1032/1032/1032 
f 1000/1000/1000 1032/1032/1032 1003/1003/1003 
f 984/984/984 987/987/987 1000/1000/1000 
f 984/984/984 1000/1000/1000 1003/1003/1003 
f 988/988/988 987/987/987 984/984/984 
f 988/988/988 984/984/984 983/983/983 
f 1061/1061/1061 1062/1062/1062 1063/1063/1063 
f 1061/1061/1061 1063/1063/1063 1064/1064/1064 
f 1062/1062/1062 1061/1061/1061 1065/1065/1065 
f 1062/1062/1062 1065/1065/1065 1066/1066/1066 
f 1067/1067/1067 1068/1068/1068 1066/1066/1066 
f 1067/1067/1067 1066/1066/1066 1065/1065/1065 
f 1069/1069/1069 1070/1070/1070 1068/1068/1068 
f 1069/1069/1069 1068/1068/1068 1067/1067/1067 
f 1071/1071/1071 1072/1072/1072 1070/1070/1070 
f 1071/1071/1071 1070/1070/1070 1069/1069/1069 
f 1072/1072/1072 1071/1071/1071 1073/1073/1073 
f 1072/1072/1072 1073/1073/1073 1074/1074/1074 
f 1075/1075/1075 1076/1076/1076 1077/1077/1077 
f 1075/1075/1075 1077/1077/1077 1078/1078/1078 
f 1076/1076/1076 1075/1075/1075 1079/1079/1079 
f 1076/1076/1076 1079/1079/1079 1080/1080/1080 
f 1081/1081/1081 1082/1082/1082 1080/1080/1080 
f 1081/1081/1081 1080/1080/1080 1079/1079/1079 
f 1082/1082/1082 1081/1081/1081 1083/1083/1083 
f 1082/1082/1082 1083/1083/1083 1084/1084/1084 
f 1085/1085/1085 1073/1073/1073 1084/1084/1084 
f 1085/1085/1085 1084/1084/1084 1083/1083/1083 
f 1086/1086/1086 1087/1087/1087 1088/1088/1088 
f 1086/1086/1086 1088/1088/1088 1089/1089/1089 
f 1090/1090/1090 1091/1091/1091 1089/1089/1089 
f 1090/1090/1090 1089/1089/1089 1088/1088/1088 
f 1091/1091/1091 1090/1090/1090 1092/1092/1092 
f 1091/1091/1091 1092/1092/1092 1093/1093/1093 
f 1094/1094/1094 1095/1095/1095 1096/1096/1096 
f 1094/1094/1094 1096/1096/1096 1097/1097/1097 
f 1098/1098/1098 1099/1099/1099 1095/1095/1095 
f 1098/1098/1098 1095/1095/1095 1094/1094/1094 
f 1100/1100/1100 1101/1101/1101 1102/1102/1102 
f 1100/1100/1100 1102/1102/1102 1103/1103/1103 
f 1104/1104/1104 1105/1105/1105 1106/1106/1106 
f 1104/1104/1104 1106/1106/1106 1107/1107/1107 
f 1108/1108/1108 1109/1109/1109 1110/1110/1110 
f 1103/1103/1103 1102/1102/1102 1105/1105/1105 
f 1103/1103/1103 1105/1105/1105 1104/1104/1104 
f 1074/1074/1074 1111/1111/1111 1112/1112/1112 
f 1074/1074/1074 1112/1112/1112 1113/1113/1113 
f 1114/1114/1114 1115/1115/1115 1116/1116/1116 
f 1110/1110/1110 1109/1109/1109 1086/1086/1086 
f 1087/1087/1087 1117/1117/1117 1118/1118/1118 
f 1087/1087/1087 1118/1118/1118 1085/1085/1085 
f 1099/1099/1099 1119/1119/1119 1109/1109/1109 
f 1099/1099/1099 1109/1109/1109 1108/1108/1108 
f 1113/1113/1113 1112/1112/1112 1115/1115/1115 
f 1113/1113/1113 1115/1115/1115 1114/1114/1114 
f 1073/1073/1073 1120/1120/1120 1111/1111/1111 
f 1073/1073/1073 1111/1111/1111 1074/1074/1074 
f 1085/1085/1085 1118/1118/1118 1120/1120/1120 
f 1085/1085/1085 1120/1120/1120 1073/1073/1073 
f 1086/1086/1086 1109/1109/1109 1117/1117/1117 
f 1086/1086/1086 1117/1117/1117 1087/1087/1087 
f 1098/1098/1098 1121/1121/1121 1119/1119/1119 
f 1098/1098/1098 1119/1119/1119 1099/1099/1099 
f 1105/1105/1105 891/891/891 1106/1106/1106 
f 1102/1102/1102 891/891/891 1105/1105/1105 
f 1101/1101/1101 891/891/891 1102/1102/1102 
f 1115/1115/1115 891/891/891 1101/1101/1101 
f 1112/1112/1112 891/891/891 1115/1115/1115 
f 1111/1111/1111 891/891/891 1112/1112/1112 
f 1120/1120/1120 891/891/891 1111/1111/1111 
f 1118/1118/1118 891/891/891 1120/1120/1120 
f 1117/1117/1117 891/891/891 1118/1118/1118 
f 1109/1109/1109 891/891/891 1117/1117/1117 
f 1119/1119/1119 891/891/891 1109/1109/1109 
f 1121/1121/1121 891/891/891 1119/1119/1119 
f 1122/1122/1122 1123/1123/1123 1124/1124/1124 
f 1122/1122/1122 1124/1124/1124 1125/1125/1125 
f 1126/1126/1126 1127/1127/1127 1128/1128/1128 
f 1126/1126/1126 1128/1128/1128 1129/1129/1129 
f 1130/1130/1130 1131/1131/1131 1132/1132/1132 
f 1130/1130/1130 1132/1132/1132 1133/1133/1133 
f 1134/1134/1134 1135/1135/1135 1136/1136/1136 
f 1134/1134/1134 1136/1136/1136 1137/1137/1137 
f 1133/1133/1133 1132/1132/1132 909/909/909 
f 1133/1133/1133 909/909/909 908/908/908 
f 910/910/910 911/911/911 1126/1126/1126 
f 910/910/910 1126/1126/1126 1129/1129/1129 
f 843/843/843 1138/1138/1138 1139/1139/1139 
f 843/843/843 1139/1139/1139 1140/1140/1140 
f 1124/1124/1124 1123/1123/1123 1141/1141/1141 
f 1124/1124/1124 1141/1141/1141 1142/1142/1142 
f 840/840/840 1143/1143/1143 1144/1144/1144 
f 840/840/840 1144/1144/1144 841/841/841 
f 841/841/841 1144/1144/1144 1138/1138/1138 
f 841/841/841 1138/1138/1138 843/843/843 
f 1137/1137/1137 1136/1136/1136 1145/1145/1145 
f 1137/1137/1137 1145/1145/1145 1146/1146/1146 
f 1147/1147/1147 1148/1148/1148 1149/1149/1149 
f 1147/1147/1147 1149/1149/1149 1150/1150/1150 
f 1151/1151/1151 1142/1142/1142 1141/1141/1141 
f 1151/1151/1151 1141/1141/1141 1152/1152/1152 
f 1153/1153/1153 1154/1154/1154 1155/1155/1155 
f 1153/1153/1153 1155/1155/1155 1156/1156/1156 
f 1157/1157/1157 1158/1158/1158 1159/1159/1159 
f 1157/1157/1157 1159/1159/1159 1160/1160/1160 
f 938/938/938 939/939/939 1159/1159/1159 
f 938/938/938 1159/1159/1159 1158/1158/1158 
f 1161/1161/1161 1162/1162/1162 1163/1163/1163 
f 1161/1161/1161 1163/1163/1163 1164/1164/1164 
f 1165/1165/1165 1161/1161/1161 1164/1164/1164 
f 1165/1165/1165 1164/1164/1164 1166/1166/1166 
f 1167/1167/1167 1168/1168/1168 1169/1169/1169 
f 1167/1167/1167 1169/1169/1169 1170/1170/1170 
f 1171/1171/1171 1172/1172/1172 1173/1173/1173 
f 1171/1171/1171 1173/1173/1173 1174/1174/1174 
f 1161/1161/1161 1165/1165/1165 1175/1175/1175 
f 1161/1161/1161 1175/1175/1175 1176/1176/1176 
f 1168/1168/1168 1167/1167/1167 1177/1177/1177 
f 1168/1168/1168 1177/1177/1177 1178/1178/1178 
f 1179/1179/1179 1180/1180/1180 1172/1172/1172 
f 1179/1179/1179 1172/1172/1172 1171/1171/1171 
f 1181/1181/1181 1182/1182/1182 1183/1183/1183 
f 1181/1181/1181 1183/1183/1183 1184/1184/1184 
f 1185/1185/1185 1186/1186/1186 1187/1187/1187 
f 1185/1185/1185 1187/1187/1187 1188/1188/1188 
f 968/968/968 969/969/969 1187/1187/1187 
f 968/968/968 1187/1187/1187 1186/1186/1186 
f 1182/1182/1182 1181/1181/1181 1189/1189/1189 
f 1182/1182/1182 1189/1189/1189 1190/1190/1190 
f 1188/1188/1188 1187/1187/1187 1191/1191/1191 
f 1188/1188/1188 1191/1191/1191 1192/1192/1192 
f 969/969/969 1191/1191/1191 1187/1187/1187 
f 1184/1184/1184 1183/1183/1183 1193/1193/1193 
f 1184/1184/1184 1193/1193/1193 1194/1194/1194 
f 1195/1195/1195 1196/1196/1196 1186/1186/1186 
f 1195/1195/1195 1186/1186/1186 1185/1185/1185 
f 978/978/978 968/968/968 1186/1186/1186 
f 978/978/978 1186/1186/1186 1196/1196/1196 
f 1197/1197/1197 1198/1198/1198 1199/1199/1199 
f 1197/1197/1197 1199/1199/1199 1200/1200/1200 
f 1201/1201/1201 1197/1197/1197 1200/1200/1200 
f 1201/1201/1201 1200/1200/1200 1202/1202/1202 
f 1203/1203/1203 1204/1204/1204 1205/1205/1205 
f 1203/1203/1203 1205/1205/1205 1206/1206/1206 
f 1207/1207/1207 1208/1208/1208 1156/1156/1156 
f 1207/1207/1207 1156/1156/1156 1155/1155/1155 
f 1160/1160/1160 1159/1159/1159 1209/1209/1209 
f 1160/1160/1160 1209/1209/1209 1210/1210/1210 
f 939/939/939 993/993/993 1209/1209/1209 
f 939/939/939 1209/1209/1209 1159/1159/1159 
f 1174/1174/1174 1173/1173/1173 1211/1211/1211 
f 1174/1174/1174 1211/1211/1211 1212/1212/1212 
f 1170/1170/1170 1169/1169/1169 1213/1213/1213 
f 1170/1170/1170 1213/1213/1213 1214/1214/1214 
f 1164/1164/1164 1215/1215/1215 1216/1216/1216 
f 1164/1164/1164 1216/1216/1216 1166/1166/1166 
f 1217/1217/1217 1218/1218/1218 1206/1206/1206 
f 1217/1217/1217 1206/1206/1206 1205/1205/1205 
f 1219/1219/1219 1220/1220/1220 1202/1202/1202 
f 1219/1219/1219 1202/1202/1202 1200/1200/1200 
f 1200/1200/1200 1199/1199/1199 1221/1221/1221 
f 1200/1200/1200 1221/1221/1221 1219/1219/1219 
f 1222/1222/1222 1221/1221/1221 1199/1199/1199 
f 1222/1222/1222 1199/1199/1199 1223/1223/1223 
f 1153/1153/1153 1224/1224/1224 1225/1225/1225 
f 1153/1153/1153 1225/1225/1225 1154/1154/1154 
f 1226/1226/1226 1227/1227/1227 1158/1158/1158 
f 1226/1226/1226 1158/1158/1158 1157/1157/1157 
f 1011/1011/1011 938/938/938 1158/1158/1158 
f 1011/1011/1011 1158/1158/1158 1227/1227/1227 
f 1228/1228/1228 1229/1229/1229 1230/1230/1230 
f 1228/1228/1228 1230/1230/1230 1231/1231/1231 
f 1232/1232/1232 1233/1233/1233 1234/1234/1234 
f 1232/1232/1232 1234/1234/1234 1235/1235/1235 
f 1020/1020/1020 1021/1021/1021 1234/1234/1234 
f 1020/1020/1020 1234/1234/1234 1233/1233/1233 
f 1236/1236/1236 1237/1237/1237 1238/1238/1238 
f 1236/1236/1236 1238/1238/1238 1239/1239/1239 
f 1240/1240/1240 1241/1241/1241 1242/1242/1242 
f 1240/1240/1240 1242/1242/1242 1243/1243/1243 
f 1237/1237/1237 1240/1240/1240 1243/1243/1243 
f 1237/1237/1237 1243/1243/1243 1238/1238/1238 
f 1218/1218/1218 1217/1217/1217 1244/1244/1244 
f 1218/1218/1218 1244/1244/1244 1245/1245/1245 
f 1220/1220/1220 1219/1219/1219 1246/1246/1246 
f 1220/1220/1220 1246/1246/1246 1247/1247/1247 
f 1219/1219/1219 1221/1221/1221 1248/1248/1248 
f 1219/1219/1219 1248/1248/1248 1246/1246/1246 
f 911/911/911 1020/1020/1020 1233/1233/1233 
f 911/911/911 1233/1233/1233 1126/1126/1126 
f 1233/1233/1233 1232/1232/1232 1127/1127/1127 
f 1233/1233/1233 1127/1127/1127 1126/1126/1126 
f 1231/1231/1231 1230/1230/1230 1148/1148/1148 
f 1231/1231/1231 1148/1148/1148 1147/1147/1147 
f 1241/1241/1241 1240/1240/1240 1123/1123/1123 
f 1241/1241/1241 1123/1123/1123 1122/1122/1122 
f 1141/1141/1141 1123/1123/1123 1240/1240/1240 
f 1141/1141/1141 1240/1240/1240 1237/1237/1237 
f 1237/1237/1237 1236/1236/1236 1152/1152/1152 
f 1237/1237/1237 1152/1152/1152 1141/1141/1141 
f 1236/1236/1236 1249/1249/1249 1250/1250/1250 
f 1236/1236/1236 1250/1250/1250 1152/1152/1152 
f 1251/1251/1251 1133/1133/1133 908/908/908 
f 1251/1251/1251 908/908/908 1038/1038/1038 
f 1252/1252/1252 1130/1130/1130 1133/1133/1133 
f 1252/1252/1252 1133/1133/1133 1251/1251/1251 
f 1253/1253/1253 1137/1137/1137 1146/1146/1146 
f 1253/1253/1253 1146/1146/1146 1254/1254/1254 
f 1255/1255/1255 1134/1134/1134 1137/1137/1137 
f 1255/1255/1255 1137/1137/1137 1253/1253/1253 
f 1144/1144/1144 1143/1143/1143 1256/1256/1256 
f 1144/1144/1144 1256/1256/1256 1257/1257/1257 
f 1257/1257/1257 1258/1258/1258 1138/1138/1138 
f 1257/1257/1257 1138/1138/1138 1144/1144/1144 
f 1259/1259/1259 1188/1188/1188 1192/1192/1192 
f 1259/1259/1259 1192/1192/1192 1260/1260/1260 
f 1261/1261/1261 1185/1185/1185 1188/1188/1188 
f 1261/1261/1261 1188/1188/1188 1259/1259/1259 
f 1262/1262/1262 1195/1195/1195 1185/1185/1185 
f 1262/1262/1262 1185/1185/1185 1261/1261/1261 
f 1263/1263/1263 1160/1160/1160 1210/1210/1210 
f 1263/1263/1263 1210/1210/1210 1264/1264/1264 
f 1265/1265/1265 1157/1157/1157 1160/1160/1160 
f 1265/1265/1265 1160/1160/1160 1263/1263/1263 
f 1266/1266/1266 1226/1226/1226 1157/1157/1157 
f 1266/1266/1266 1157/1157/1157 1265/1265/1265 
f 1267/1267/1267 1232/1232/1232 1235/1235/1235 
f 1267/1267/1267 1235/1235/1235 1268/1268/1268 
f 1127/1127/1127 1232/1232/1232 1267/1267/1267 
f 1127/1127/1127 1267/1267/1267 1269/1269/1269 
f 1128/1128/1128 1127/1127/1127 1269/1269/1269 
f 1128/1128/1128 1269/1269/1269 1270/1270/1270 
f 1271/1271/1271 1272/1272/1272 1130/1130/1130 
f 1271/1271/1271 1130/1130/1130 1252/1252/1252 
f 1272/1272/1272 1273/1273/1273 1131/1131/1131 
f 1272/1272/1272 1131/1131/1131 1130/1130/1130 
f 1146/1146/1146 1145/1145/1145 1273/1273/1273 
f 1146/1146/1146 1273/1273/1273 1272/1272/1272 
f 1254/1254/1254 1146/1146/1146 1272/1272/1272 
f 1254/1254/1254 1272/1272/1272 1271/1271/1271 
f 1269/1269/1269 1147/1147/1147 1150/1150/1150 
f 1269/1269/1269 1150/1150/1150 1270/1270/1270 
f 1267/1267/1267 1231/1231/1231 1147/1147/1147 
f 1267/1267/1267 1147/1147/1147 1269/1269/1269 
f 1268/1268/1268 1228/1228/1228 1231/1231/1231 
f 1268/1268/1268 1231/1231/1231 1267/1267/1267 
f 1154/1154/1154 1225/1225/1225 1266/1266/1266 
f 1154/1154/1154 1266/1266/1266 1265/1265/1265 
f 1155/1155/1155 1154/1154/1154 1265/1265/1265 
f 1155/1155/1155 1265/1265/1265 1263/1263/1263 
f 1264/1264/1264 1207/1207/1207 1155/1155/1155 
f 1264/1264/1264 1155/1155/1155 1263/1263/1263 
f 1261/1261/1261 1184/1184/1184 1194/1194/1194 
f 1261/1261/1261 1194/1194/1194 1262/1262/1262 
f 1259/1259/1259 1181/1181/1181 1184/1184/1184 
f 1259/1259/1259 1184/1184/1184 1261/1261/1261 
f 1189/1189/1189 1181/1181/1181 1259/1259/1259 
f 1189/1189/1189 1259/1259/1259 1260/1260/1260 
f 1183/1183/1183 1174/1174/1174 1212/1212/1212 
f 1183/1183/1183 1212/1212/1212 1193/1193/1193 
f 1182/1182/1182 1171/1171/1171 1174/1174/1174 
f 1182/1182/1182 1174/1174/1174 1183/1183/1183 
f 1190/1190/1190 1179/1179/1179 1171/1171/1171 
f 1190/1190/1190 1171/1171/1171 1182/1182/1182 
f 1153/1153/1153 1218/1218/1218 1245/1245/1245 
f 1153/1153/1153 1245/1245/1245 1224/1224/1224 
f 1206/1206/1206 1218/1218/1218 1153/1153/1153 
f 1206/1206/1206 1153/1153/1153 1156/1156/1156 
f 1208/1208/1208 1203/1203/1203 1206/1206/1206 
f 1208/1208/1208 1206/1206/1206 1156/1156/1156 
f 1148/1148/1148 1122/1122/1122 1125/1125/1125 
f 1148/1148/1148 1125/1125/1125 1149/1149/1149 
f 1230/1230/1230 1241/1241/1241 1122/1122/1122 
f 1230/1230/1230 1122/1122/1122 1148/1148/1148 
f 1242/1242/1242 1241/1241/1241 1230/1230/1230 
f 1242/1242/1242 1230/1230/1230 1229/1229/1229 
f 1256/1256/1256 1143/1143/1143 1134/1134/1134 
f 1256/1256/1256 1134/1134/1134 1255/1255/1255 
f 1143/1143/1143 840/840/840 1135/1135/1135 
f 1143/1143/1143 1135/1135/1135 1134/1134/1134 
f 1166/1166/1166 1216/1216/1216 1213/1213/1213 
f 1166/1166/1166 1213/1213/1213 1169/1169/1169 
f 1168/1168/1168 1165/1165/1165 1166/1166/1166 
f 1168/1168/1168 1166/1166/1166 1169/1169/1169 
f 1175/1175/1175 1165/1165/1165 1168/1168/1168 
f 1175/1175/1175 1168/1168/1168 1178/1178/1178 
f 1173/1173/1173 1170/1170/1170 1214/1214/1214 
f 1173/1173/1173 1214/1214/1214 1211/1211/1211 
f 1172/1172/1172 1167/1167/1167 1170/1170/1170 
f 1172/1172/1172 1170/1170/1170 1173/1173/1173 
f 1177/1177/1177 1167/1167/1167 1172/1172/1172 
f 1177/1177/1177 1172/1172/1172 1180/1180/1180 
f 1217/1217/1217 1220/1220/1220 1247/1247/1247 
f 1217/1217/1217 1247/1247/1247 1244/1244/1244 
f 1202/1202/1202 1220/1220/1220 1217/1217/1217 
f 1202/1202/1202 1217/1217/1217 1205/1205/1205 
f 1204/1204/1204 1201/1201/1201 1202/1202/1202 
f 1204/1204/1204 1202/1202/1202 1205/1205/1205 
f 1274/1274/1274 1275/1275/1275 1276/1276/1276 
f 1274/1274/1274 1276/1276/1276 1277/1277/1277 
f 1277/1277/1277 1278/1278/1278 1279/1279/1279 
f 1277/1277/1277 1279/1279/1279 1274/1274/1274 
f 1280/1280/1280 1279/1279/1279 1278/1278/1278 
f 1280/1280/1280 1278/1278/1278 1281/1281/1281 
f 1282/1282/1282 1280/1280/1280 1281/1281/1281 
f 1282/1282/1282 1281/1281/1281 1283/1283/1283 
f 1284/1284/1284 1282/1282/1282 1283/1283/1283 
f 1284/1284/1284 1283/1283/1283 1285/1285/1285 
f 1285/1285/1285 1286/1286/1286 1287/1287/1287 
f 1285/1285/1285 1287/1287/1287 1284/1284/1284 
f 1288/1288/1288 1289/1289/1289 1290/1290/1290 
f 1288/1288/1288 1290/1290/1290 1291/1291/1291 
f 1291/1291/1291 1292/1292/1292 1293/1293/1293 
f 1291/1291/1291 1293/1293/1293 1288/1288/1288 
f 1294/1294/1294 1293/1293/1293 1292/1292/1292 
f 1294/1294/1294 1292/1292/1292 1295/1295/1295 
f 1295/1295/1295 1296/1296/1296 1297/1297/1297 
f 1295/1295/1295 1297/1297/1297 1294/1294/1294 
f 1298/1298/1298 1297/1297/1297 1296/1296/1296 
f 1298/1298/1298 1296/1296/1296 1287/1287/1287 
f 1299/1299/1299 1300/1300/1300 1301/1301/1301 
f 1299/1299/1299 1301/1301/1301 1302/1302/1302 
f 1303/1303/1303 1301/1301/1301 1300/1300/1300 
f 1303/1303/1303 1300/1300/1300 1304/1304/1304 
f 1304/1304/1304 1305/1305/1305 1306/1306/1306 
f 1304/1304/1304 1306/1306/1306 1303/1303/1303 
f 1307/1307/1307 1308/1308/1308 1309/1309/1309 
f 1307/1307/1307 1309/1309/1309 1310/1310/1310 
f 872/872/872 1307/1307/1307 1310/1310/1310 
f 872/872/872 1310/1310/1310 1311/1311/1311 
f 1312/1312/1312 1313/1313/1313 1314/1314/1314 
f 1312/1312/1312 1314/1314/1314 1315/1315/1315 
f 1316/1316/1316 1107/1107/1107 1106/1106/1106 
f 1316/1316/1316 1106/1106/1106 1317/1317/1317 
f 1318/1318/1318 1319/1319/1319 1320/1320/1320 
f 1313/1313/1313 1316/1316/1316 1317/1317/1317 
f 1313/1313/1313 1317/1317/1317 1314/1314/1314 
f 1286/1286/1286 860/860/860 1321/1321/1321 
f 1286/1286/1286 1321/1321/1321 1322/1322/1322 
f 859/859/859 1312/1312/1312 1315/1315/1315 
f 859/859/859 1315/1315/1315 1323/1323/1323 
f 1319/1319/1319 1299/1299/1299 1320/1320/1320 
f 1302/1302/1302 1298/1298/1298 1324/1324/1324 
f 1302/1302/1302 1324/1324/1324 1325/1325/1325 
f 1311/1311/1311 1318/1318/1318 1320/1320/1320 
f 1311/1311/1311 1320/1320/1320 1326/1326/1326 
f 860/860/860 859/859/859 1323/1323/1323 
f 860/860/860 1323/1323/1323 1321/1321/1321 
f 1287/1287/1287 1286/1286/1286 1322/1322/1322 
f 1287/1287/1287 1322/1322/1322 1327/1327/1327 
f 1298/1298/1298 1287/1287/1287 1327/1327/1327 
f 1298/1298/1298 1327/1327/1327 1324/1324/1324 
f 1299/1299/1299 1302/1302/1302 1325/1325/1325 
f 1299/1299/1299 1325/1325/1325 1320/1320/1320 
f 872/872/872 1311/1311/1311 1326/1326/1326 
f 872/872/872 1326/1326/1326 873/873/873 
f 1317/1317/1317 1106/1106/1106 891/891/891 
f 1314/1314/1314 1317/1317/1317 891/891/891 
f 1315/1315/1315 1314/1314/1314 891/891/891 
f 1323/1323/1323 1315/1315/1315 891/891/891 
f 1321/1321/1321 1323/1323/1323 891/891/891 
f 1322/1322/1322 1321/1321/1321 891/891/891 
f 1327/1327/1327 1322/1322/1322 891/891/891 
f 1324/1324/1324 1327/1327/1327 891/891/891 
f 1325/1325/1325 1324/1324/1324 891/891/891 
f 1320/1320/1320 1325/1325/1325 891/891/891 
f 1326/1326/1326 1320/1320/1320 891/891/891 
f 873/873/873 1326/1326/1326 891/891/891 
f 874/874/874 873/873/873 891/891/891 
f 869/869/869 874/874/874 891/891/891 
f 870/870/870 869/869/869 891/891/891 
f 1116/1116/1116 1115/1115/1115 1101/1101/1101 
f 1116/1116/1116 1101/1101/1101 1100/1100/1100 

g Cleetus1

v 70.3924 2.35189 -11.4254 
v 70.3993 2.54049 -11.3475 
v 70.7066 2.49879 -11.3128 
v 70.7002 2.29189 -11.3965 
v 70.7248 2.27229 -11.3653 
v 70.7002 2.29189 -11.3965 
v 70.7066 2.49879 -11.3128 
v 70.7326 2.48319 -11.2808 
v 70.3637 2.53319 -11.3223 
v 70.3993 2.54049 -11.3475 
v 70.3924 2.35189 -11.4254 
v 70.3557 2.33749 -11.4053 
v 70.6645 2.10259 -11.1107 
v 70.7248 2.27229 -11.3653 
v 70.7326 2.48319 -11.2808 
v 70.6847 2.36869 -10.9944 
v 70.316 2.41869 -11.036 
v 70.3637 2.53319 -11.3223 
v 70.3557 2.33749 -11.4053 
v 70.2953 2.16779 -11.1507 
v 70.6278 2.08809 -11.0907 
v 70.6645 2.10259 -11.1107 
v 70.6847 2.36869 -10.9944 
v 70.6492 2.36129 -10.9693 
v 70.3419 2.40299 -11.004 
v 70.316 2.41869 -11.036 
v 70.2953 2.16779 -11.1507 
v 70.3199 2.14819 -11.1196 
v 70.6278 2.08809 -11.0907 
v 70.6492 2.36129 -10.9693 
v 70.3419 2.40299 -11.004 
v 70.3199 2.14819 -11.1196 
v 70.4293 3.09979 -10.7656 
v 70.5261 3.05859 -10.6613 
v 70.7156 3.50279 -10.7241 
v 70.6187 3.54349 -10.8286 
v 70.6733 3.00349 -10.5914 
v 70.8618 3.44529 -10.6543 
v 70.9561 2.90719 -10.5694 
v 71.1413 3.34009 -10.632 
v 71.0031 2.94609 -11.1748 
v 70.9609 2.95999 -11.2073 
v 71.138 3.36879 -11.2711 
v 71.1797 3.35339 -11.2387 
v 70.6885 3.04909 -11.1861 
v 70.5378 3.09339 -11.1164 
v 70.7214 3.52029 -11.18 
v 70.8694 3.46809 -11.2499 
v 70.4356 3.11869 -11.0119 
v 70.6218 3.55289 -11.0754 
v 70.4096 3.11649 -10.8886 
v 70.5979 3.55669 -10.952 
v 70.7855 3.82319 -10.9064 
v 70.871 3.78789 -10.814 
v 71.2685 3.62369 -11.0153 
v 70.9989 3.73499 -10.7523 
v 71.2422 3.63449 -10.7329 
v 71.2685 3.62369 -10.7306 
v 71.2685 3.62369 -11.264 
v 71.2323 3.63859 -11.2969 
v 70.9989 3.73499 -11.278 
v 70.871 3.78789 -11.2164 
v 70.871 3.78789 -11.2164 
v 70.7855 3.82319 -11.1242 
v 71.2685 3.62369 -11.0153 
v 70.7855 3.82319 -11.1242 
v 70.7662 3.83169 -11.0152 
v 71.2685 3.62369 -11.0153 
v 70.7662 3.83169 -11.0152 
v 70.7855 3.82319 -10.9064 
v 71.2685 3.62369 -11.0153 
v 70.4062 3.03109 -10.775 
v 70.4999 2.98329 -10.6706 
v 70.6453 2.92539 -10.5995 
v 70.9283 2.83289 -10.5731 
v 70.9962 2.92469 -11.1685 
v 70.9537 2.93739 -11.2016 
v 70.6799 3.01949 -11.1851 
v 70.5264 3.05529 -11.1187 
v 70.4205 3.07009 -11.0175 
v 70.3904 3.05719 -10.8966 
v 71.2685 3.62369 -11.264 
v 71.2685 3.62369 -11.0153 
v 71.2855 3.57299 -11.0092 
v 71.2859 3.57429 -11.2958 
v 71.2685 3.62369 -11.0153 
v 71.2685 3.62369 -10.7306 
v 71.2851 3.57179 -10.7252 
v 71.2855 3.57299 -11.0092 
v 70.9962 2.92469 -11.1685 
v 71.0031 2.94609 -11.1748 
v 70.9949 2.92149 -10.8889 
v 70.9775 2.87379 -10.8872 
v 70.9775 2.87379 -10.8872 
v 70.9949 2.92149 -10.8889 
v 70.9867 2.89679 -10.6062 
v 70.9588 2.82289 -10.6096 
v 70.323 2.26229 -11.0103 
v 70.2351 2.30889 -11.1158 
v 70.7866 2.32109 -11.1614 
v 70.466 2.22549 -10.9296 
v 70.7491 2.19899 -10.875 
v 70.5448 2.45329 -11.4613 
v 70.8289 2.44229 -11.4467 
v 70.3833 2.43659 -11.4171 
v 70.2678 2.40329 -11.3361 
v 70.2276 2.35419 -11.2302 
v 70.2004 2.40489 -11.2199 
v 70.2276 2.35419 -11.2302 
v 70.2351 2.30889 -11.1158 
v 70.208 2.35459 -11.0933 
v 70.3046 2.30129 -10.976 
v 70.323 2.26229 -11.0103 
v 70.4624 2.25789 -10.8863 
v 70.466 2.22549 -10.9296 
v 70.7791 2.22179 -10.8252 
v 70.7491 2.19899 -10.875 
v 70.8301 2.31789 -11.1566 
v 70.8623 2.35419 -11.1369 
v 70.8179 2.23359 -10.8541 
v 70.7924 2.21119 -10.904 
v 70.868 2.42579 -11.4124 
v 70.9089 2.47619 -11.4227 
v 70.8623 2.35419 -11.1369 
v 70.8301 2.31789 -11.1566 
v 70.8626 2.49089 -11.4588 
v 70.9089 2.47619 -11.4227 
v 70.868 2.42579 -11.4124 
v 70.8289 2.44229 -11.4467 
v 70.3736 2.49249 -11.4269 
v 70.5524 2.50769 -11.4754 
v 70.5448 2.45329 -11.4613 
v 70.3833 2.43659 -11.4171 
v 70.2453 2.45809 -11.3372 
v 70.2678 2.40329 -11.3361 
v 70.8179 2.23359 -10.8541 
v 70.7791 2.22179 -10.8252 
v 70.7491 2.19899 -10.875 
v 70.7924 2.21119 -10.904 
v 70.9561 2.90719 -10.5694 
v 70.9283 2.83289 -10.5731 
v 70.9588 2.82289 -10.6096 
v 70.9867 2.89679 -10.6062 
v 71.1413 3.34009 -10.632 
v 71.1714 3.32869 -10.669 
v 70.8626 2.49089 -11.4588 
v 70.8289 2.44229 -11.4467 
v 70.9609 2.95999 -11.2073 
v 70.9537 2.93739 -11.2016 
v 71.138 3.36879 -11.2711 
v 71.2422 3.63449 -10.7329 
v 71.2552 3.58399 -10.6882 
v 71.2851 3.57179 -10.7252 
v 71.2685 3.62369 -10.7306 
v 70.9788 3.69709 -10.7105 
v 71.2552 3.58399 -10.6882 
v 71.2422 3.63449 -10.7329 
v 70.9989 3.73499 -10.7523 
v 70.8335 3.75689 -10.7804 
v 70.871 3.78789 -10.814 
v 70.7365 3.79699 -10.8851 
v 70.7855 3.82319 -10.9064 
v 70.7147 3.80709 -11.0086 
v 70.7662 3.83169 -11.0152 
v 70.7368 3.79799 -11.1322 
v 70.7855 3.82319 -11.1242 
v 70.8341 3.75859 -11.2371 
v 70.871 3.78789 -11.2164 
v 70.9795 3.69949 -11.307 
v 70.9989 3.73499 -11.278 
v 71.2323 3.63859 -11.2969 
v 71.2448 3.59109 -11.3282 
v 71.2859 3.57429 -11.2958 
v 71.2448 3.59109 -11.3282 
v 71.2323 3.63859 -11.2969 
v 71.2685 3.62369 -11.264 
v 71.2855 3.57299 -11.0092 
v 71.2851 3.57179 -10.7252 
v 71.1714 3.32869 -10.669 
v 70.9867 2.89679 -10.6062 
v 71.2855 3.57299 -11.0092 
v 70.9867 2.89679 -10.6062 
v 70.9949 2.92149 -10.8889 
v 71.2855 3.57299 -11.0092 
v 70.9949 2.92149 -10.8889 
v 71.0031 2.94609 -11.1748 
v 71.2859 3.57429 -11.2958 
v 71.2855 3.57299 -11.0092 
v 71.0031 2.94609 -11.1748 
v 71.1797 3.35339 -11.2387 
v 70.9601 2.72919 -11.2968 
v 70.9157 2.74299 -11.3314 
v 70.9273 2.64239 -11.0133 
v 70.9601 2.72919 -11.2968 
v 70.8956 2.55639 -10.733 
v 70.9273 2.64239 -11.0133 
v 70.8609 2.55539 -10.7003 
v 70.8956 2.55639 -10.733 
v 70.5609 2.61939 -10.7443 
v 70.8609 2.55539 -10.7003 
v 70.4093 2.66999 -10.8246 
v 70.3141 2.72059 -10.9355 
v 70.3024 2.75889 -11.0597 
v 70.34 2.79209 -11.1789 
v 70.4572 2.80219 -11.2743 
v 70.6235 2.79209 -11.3315 
v 70.9157 2.74299 -11.3314 
v 70.7866 2.32109 -11.1614 
v 70.8289 2.44229 -11.4467 
v 70.868 2.42579 -11.4124 
v 70.8301 2.31789 -11.1566 
v 70.7924 2.21119 -10.904 
v 70.7491 2.19899 -10.875 
v 70.5524 2.50769 -11.4754 
v 70.3736 2.49249 -11.4269 
v 70.2453 2.45809 -11.3372 
v 70.2004 2.40489 -11.2199 
v 70.208 2.35459 -11.0933 
v 70.3046 2.30129 -10.976 
v 70.4624 2.25789 -10.8863 
v 70.7791 2.22179 -10.8252 
v 70.7791 2.22179 -10.8252 
v 70.8179 2.23359 -10.8541 
v 70.8179 2.23359 -10.8541 
v 70.8623 2.35419 -11.1369 
v 70.8623 2.35419 -11.1369 
v 70.9089 2.47619 -11.4227 
v 70.9089 2.47619 -11.4227 
v 70.8626 2.49089 -11.4588 
v 70.8626 2.49089 -11.4588 
v 71.2552 3.58399 -10.6882 
v 71.2851 3.57179 -10.7252 
v 71.2552 3.58399 -10.6882 
v 70.9788 3.69709 -10.7105 
v 70.8335 3.75689 -10.7804 
v 70.7365 3.79699 -10.8851 
v 70.7147 3.80709 -11.0086 
v 70.7368 3.79799 -11.1322 
v 70.8341 3.75859 -11.2371 
v 70.9795 3.69949 -11.307 
v 71.2448 3.59109 -11.3282 
v 71.2448 3.59109 -11.3282 
v 71.2859 3.57429 -11.2958 
v 70.822 2.08759 -11.2422 
v 70.7653 2.20829 -11.1995 
v 70.7309 2.12159 -10.9997 
v 70.797 2.02409 -11.0957 
v 70.6737 2.26469 -11.1909 
v 70.6401 2.17709 -10.991 
v 70.5494 2.30379 -11.1952 
v 70.5158 2.21619 -10.9953 
v 70.4184 2.30509 -11.217 
v 70.3848 2.21739 -11.0173 
v 70.303 2.26769 -11.253 
v 70.2694 2.18019 -11.0533 
v 70.1938 2.18839 -11.3061 
v 70.1602 2.10089 -11.1062 
v 70.1507 2.07649 -11.3621 
v 70.1171 1.98889 -11.1622 
v 70.1566 1.95649 -11.4131 
v 70.123 1.86879 -11.2134 
v 70.2076 1.84959 -11.4508 
v 70.174 1.76199 -11.2509 
v 70.2677 1.78489 -11.4685 
v 70.2341 1.69739 -11.2688 
v 70.3603 1.73759 -11.4732 
v 70.3268 1.64999 -11.2734 
v 70.4247 1.76079 -11.4521 
v 70.3911 1.67329 -11.2523 
v 70.44 1.78979 -11.4368 
v 70.4065 1.70239 -11.2372 
v 70.3911 1.67329 -11.2523 
v 70.4247 1.76079 -11.4521 
v 70.7997 1.89099 -11.3314 
v 70.8287 1.98719 -11.2846 
v 70.815 1.95269 -11.205 
v 70.3144 1.67619 -11.2139 
v 70.3562 1.69109 -11.2002 
v 70.2421 1.93189 -11.1151 
v 70.302 1.92079 -11.1601 
v 70.4065 1.70239 -11.2372 
v 70.44 1.78979 -11.4368 
v 70.3361 2.00759 -11.3602 
v 70.1557 1.86319 -11.1597 
v 70.1491 1.96299 -11.1175 
v 70.5643 2.01499 -11.0744 
v 70.4329 1.96779 -11.1173 
v 70.467 2.05469 -11.3174 
v 70.5984 2.10179 -11.2744 
v 70.6437 2.01639 -11.3036 
v 70.6176 1.94969 -11.1516 
v 70.5643 2.01499 -11.0744 
v 70.5984 2.10179 -11.2744 
v 70.7309 2.12159 -10.9997 
v 70.6817 2.08829 -10.9693 
v 70.7478 1.99279 -11.0582 
v 70.797 2.02409 -11.0957 
v 70.6401 2.17709 -10.991 
v 70.6122 2.12939 -10.9662 
v 70.5158 2.21619 -10.9953 
v 70.5033 2.16179 -10.9706 
v 70.3848 2.21739 -11.0173 
v 70.3876 2.16189 -10.9903 
v 70.2694 2.18019 -11.0533 
v 70.2859 2.12959 -11.0218 
v 70.1602 2.10089 -11.1062 
v 70.1874 2.05239 -11.0723 
v 70.1171 1.98889 -11.1622 
v 70.1491 1.96299 -11.1175 
v 70.123 1.86879 -11.2134 
v 70.1557 1.86319 -11.1597 
v 70.174 1.76199 -11.2509 
v 70.2051 1.76149 -11.1954 
v 70.2341 1.69739 -11.2688 
v 70.2499 1.71449 -11.2083 
v 70.3268 1.64999 -11.2734 
v 70.3144 1.67619 -11.2139 
v 70.3911 1.67329 -11.2523 
v 70.3562 1.69109 -11.2002 
v 70.3144 1.67619 -11.2139 
v 70.3268 1.64999 -11.2734 
v 70.7455 1.87179 -11.3489 
v 70.7344 1.86669 -11.3057 
v 70.69 1.87479 -11.3004 
v 70.7048 1.88109 -11.3518 
v 70.7997 1.89099 -11.3314 
v 70.7605 1.87189 -11.2881 
v 70.7344 1.86669 -11.3057 
v 70.7455 1.87179 -11.3489 
v 70.815 1.95269 -11.205 
v 70.7682 1.91549 -11.1778 
v 70.7605 1.87189 -11.2881 
v 70.7997 1.89099 -11.3314 
v 70.4065 1.70239 -11.2372 
v 70.3562 1.69109 -11.2002 
v 70.3911 1.67329 -11.2523 
v 70.3562 1.69109 -11.2002 
v 70.4065 1.70239 -11.2372 
v 70.302 1.92079 -11.1601 
v 70.2421 1.93189 -11.1151 
v 70.5709 2.05279 -11.0036 
v 70.5643 2.01499 -11.0744 
v 70.6176 1.94969 -11.1516 
v 70.6433 1.95789 -11.1201 
v 70.4065 1.99139 -11.0612 
v 70.4329 1.96779 -11.1173 
v 70.5643 2.01499 -11.0744 
v 70.5709 2.05279 -11.0036 
v 70.2051 1.76149 -11.1954 
v 70.2499 1.71449 -11.2083 
v 70.3876 2.16189 -10.9903 
v 70.2859 2.12959 -11.0218 
v 70.4065 1.99139 -11.0612 
v 70.5709 2.05279 -11.0036 
v 70.6817 2.08829 -10.9693 
v 70.6122 2.12939 -10.9662 
v 70.5033 2.16179 -10.9706 
v 70.4065 1.99139 -11.0612 
v 70.1874 2.05239 -11.0723 
v 70.6912 1.90199 -11.2034 
v 70.7682 1.91549 -11.1778 
v 70.7478 1.99279 -11.0582 
v 70.6433 1.95789 -11.1201 
v 70.302 1.92079 -11.1601 
v 70.3361 2.00759 -11.3602 
v 70.2421 1.93189 -11.1151 
v 70.302 1.92079 -11.1601 
v 70.822 2.08759 -11.2422 
v 70.8637 2.19279 -11.4847 
v 70.8075 2.31359 -11.4419 
v 70.7653 2.20829 -11.1995 
v 70.716 2.36909 -11.4337 
v 70.6737 2.26469 -11.1909 
v 70.5917 2.40819 -11.4381 
v 70.5494 2.30379 -11.1952 
v 70.4607 2.40939 -11.4599 
v 70.4184 2.30509 -11.217 
v 70.303 2.26769 -11.253 
v 70.3452 2.37209 -11.4959 
v 70.2361 2.29289 -11.549 
v 70.1938 2.18839 -11.3061 
v 70.193 2.18089 -11.6049 
v 70.1507 2.07649 -11.3621 
v 70.1989 2.06079 -11.6559 
v 70.1566 1.95649 -11.4131 
v 70.2498 1.95389 -11.6936 
v 70.2076 1.84959 -11.4508 
v 70.3099 1.88929 -11.7113 
v 70.2677 1.78489 -11.4685 
v 70.4026 1.84179 -11.716 
v 70.3603 1.73759 -11.4732 
v 70.4669 1.86519 -11.6947 
v 70.4247 1.76079 -11.4521 
v 70.44 1.78979 -11.4368 
v 70.4247 1.76079 -11.4521 
v 70.4669 1.86519 -11.6947 
v 70.4823 1.89419 -11.6796 
v 70.7048 1.88109 -11.3518 
v 70.7463 1.98609 -11.5943 
v 70.7871 1.97679 -11.5914 
v 70.7455 1.87179 -11.3489 
v 70.7455 1.87179 -11.3489 
v 70.7871 1.97679 -11.5914 
v 70.8413 1.99609 -11.5737 
v 70.7997 1.89099 -11.3314 
v 70.7997 1.89099 -11.3314 
v 70.8413 1.99609 -11.5737 
v 70.8703 2.09239 -11.5271 
v 70.8287 1.98719 -11.2846 
v 70.4044 1.90399 -11.739 
v 70.3321 2.15979 -11.6406 
v 70.4462 1.91889 -11.7254 
v 70.3778 2.11279 -11.6027 
v 70.3361 2.00759 -11.3602 
v 70.44 1.78979 -11.4368 
v 70.4823 1.89419 -11.6796 
v 70.6615 2.27889 -11.5324 
v 70.7721 2.31709 -11.497 
v 70.83 2.19989 -11.5378 
v 70.7214 2.15519 -11.5758 
v 70.2457 2.09109 -11.6853 
v 70.2392 2.19089 -11.6432 
v 70.6401 2.20699 -11.5169 
v 70.5984 2.10179 -11.2744 
v 70.467 2.05469 -11.3174 
v 70.5087 2.15969 -11.5599 
v 70.5984 2.10179 -11.2744 
v 70.6401 2.20699 -11.5169 
v 70.6853 2.12159 -11.5462 
v 70.8075 2.31359 -11.4419 
v 70.8637 2.19279 -11.4847 
v 70.83 2.19989 -11.5378 
v 70.7721 2.31709 -11.497 
v 70.716 2.36909 -11.4337 
v 70.7022 2.35729 -11.4915 
v 70.5917 2.40819 -11.4381 
v 70.5933 2.38969 -11.4963 
v 70.4607 2.40939 -11.4599 
v 70.4777 2.38989 -11.516 
v 70.376 2.35749 -11.5475 
v 70.3452 2.37209 -11.4959 
v 70.2361 2.29289 -11.549 
v 70.2769 2.28849 -11.5943 
v 70.193 2.18089 -11.6049 
v 70.2392 2.19089 -11.6432 
v 70.1989 2.06079 -11.6559 
v 70.2457 2.09109 -11.6853 
v 70.2498 1.95389 -11.6936 
v 70.2951 1.98939 -11.7208 
v 70.3099 1.88929 -11.7113 
v 70.3399 1.94229 -11.7336 
v 70.4026 1.84179 -11.716 
v 70.4044 1.90399 -11.739 
v 70.4669 1.86519 -11.6947 
v 70.4026 1.84179 -11.716 
v 70.4044 1.90399 -11.739 
v 70.4462 1.91889 -11.7254 
v 70.7871 1.97679 -11.5914 
v 70.7463 1.98609 -11.5943 
v 70.7795 2.03149 -11.6193 
v 70.8413 1.99609 -11.5737 
v 70.7871 1.97679 -11.5914 
v 70.7795 2.03149 -11.6193 
v 70.8154 2.04399 -11.6077 
v 70.8703 2.09239 -11.5271 
v 70.8413 1.99609 -11.5737 
v 70.8154 2.04399 -11.6077 
v 70.8331 2.12069 -11.5716 
v 70.4823 1.89419 -11.6796 
v 70.4669 1.86519 -11.6947 
v 70.4462 1.91889 -11.7254 
v 70.4462 1.91889 -11.7254 
v 70.3321 2.15979 -11.6406 
v 70.3778 2.11279 -11.6027 
v 70.4823 1.89419 -11.6796 
v 70.6615 2.27889 -11.5324 
v 70.7214 2.15519 -11.5758 
v 70.6853 2.12159 -11.5462 
v 70.6401 2.20699 -11.5169 
v 70.4965 2.21919 -11.5866 
v 70.6615 2.27889 -11.5324 
v 70.6401 2.20699 -11.5169 
v 70.5087 2.15969 -11.5599 
v 70.3399 1.94229 -11.7336 
v 70.2951 1.98939 -11.7208 
v 70.4777 2.38989 -11.516 
v 70.4965 2.21919 -11.5866 
v 70.376 2.35749 -11.5475 
v 70.7022 2.35729 -11.4915 
v 70.2769 2.28849 -11.5943 
v 70.4965 2.21919 -11.5866 
v 70.3361 2.00759 -11.3602 
v 70.3778 2.11279 -11.6027 
v 70.3321 2.15979 -11.6406 
v 70.3778 2.11279 -11.6027 
v 70.5933 2.38969 -11.4963 
v 70.5933 2.38969 -11.4963 
v 70.2769 2.28849 -11.5943 
v 70.4065 1.99139 -11.0612 
v 70.1874 2.05239 -11.0723 
v 70.5033 2.16179 -10.9706 
v 70.8331 2.12069 -11.5716 
v 70.7513 2.09339 -11.5975 
v 70.7513 2.09339 -11.5975 
v 70.7158 2.05379 -11.5702 
v 70.6743 1.94879 -11.3278 
v 70.7158 2.05379 -11.5702 
v 70.6562 1.90289 -11.2221 
v 70.6562 1.90289 -11.2221 
v 70.6912 1.90199 -11.2034 
v 70.8154 2.04399 -11.6077 
v 70.7795 2.03149 -11.6193 
v 70.7795 2.03149 -11.6193 
v 70.7463 1.98609 -11.5943 
v 70.7048 1.88109 -11.3518 
v 70.7463 1.98609 -11.5943 
v 70.69 1.87479 -11.3004 
v 70.69 1.87479 -11.3004 
v 70.7344 1.86669 -11.3057 
v 70.7344 1.86669 -11.3057 
v 70.7605 1.87189 -11.2881 

vn 0.15748 0.370079 -0.913386 
vn 0.15748 0.370079 -0.913386 
vn 0.15748 0.370079 -0.913386 
vn 0.15748 0.370079 -0.913386 
vn 0.818898 0.188976 -0.543307 
vn 0.818898 0.188976 -0.543307 
vn 0.818898 0.188976 -0.543307 
vn 0.818898 0.188976 -0.543307 
vn -0.566929 0.338583 -0.748031 
vn -0.566929 0.338583 -0.748031 
vn -0.566929 0.338583 -0.748031 
vn -0.566929 0.338583 -0.748031 
vn 0.984252 -0.11811 0.133858 
vn 0.984252 -0.11811 0.133858 
vn 0.984252 -0.11811 0.133858 
vn 0.984252 -0.11811 0.133858 
vn -0.984252 0.11811 -0.133858 
vn -0.984252 0.11811 -0.133858 
vn -0.984252 0.11811 -0.133858 
vn -0.984252 0.11811 -0.133858 
vn 0.566929 -0.370079 0.732283 
vn 0.566929 -0.370079 0.732283 
vn 0.566929 -0.370079 0.732283 
vn 0.566929 -0.370079 0.732283 
vn -0.811024 -0.181102 0.551181 
vn -0.811024 -0.181102 0.551181 
vn -0.811024 -0.181102 0.551181 
vn -0.811024 -0.181102 0.551181 
vn -0.15748 -0.393701 0.905512 
vn -0.15748 -0.393701 0.905512 
vn -0.15748 -0.393701 0.905512 
vn -0.15748 -0.393701 0.905512 
vn -0.818898 0.330709 0.472441 
vn -0.519685 0.220472 0.826772 
vn -0.464567 0.346457 0.818898 
vn -0.771654 0.425197 0.472441 
vn -0.220472 0.11811 0.968504 
vn -0.165354 0.23622 0.96063 
vn -0.0551181 0.0629921 1 
vn -0.015748 0.173228 0.984252 
vn 0.488189 -0.370079 -0.787402 
vn 0.488189 -0.370079 -0.787402 
vn 0.480315 -0.370079 -0.795276 
vn 0.480315 -0.370079 -0.795276 
vn -0.259843 -0.015748 -0.968504 
vn -0.543307 0.15748 -0.826772 
vn -0.559055 0.110236 -0.818898 
vn -0.275591 -0.0472441 -0.96063 
vn -0.826772 0.299213 -0.472441 
vn -0.834646 0.299213 -0.472441 
vn -0.929134 0.362205 0 
vn -0.913386 0.417323 0.00787402 
vn 0.377953 0.92126 0 
vn 0.377953 0.92126 0 
vn 0.377953 0.92126 0 
vn 0.377953 0.92126 0 
vn 0.377953 0.92126 0 
vn 0.377953 0.92126 0 
vn 0.377953 0.92126 0 
vn 0.377953 0.92126 0 
vn 0.377953 0.92126 0 
vn 0.377953 0.92126 0 
vn 0.377953 0.92126 0 
vn 0.377953 0.92126 0 
vn 0.377953 0.92126 0 
vn 0.385827 0.92126 -0.00787402 
vn 0.385827 0.92126 -0.00787402 
vn 0.385827 0.92126 -0.00787402 
vn 0.385827 0.92126 0.00787402 
vn 0.385827 0.92126 0.00787402 
vn 0.385827 0.92126 0.00787402 
vn -0.88189 0.15748 0.440945 
vn -0.606299 -0.015748 0.795276 
vn -0.314961 -0.125984 0.944882 
vn -0.149606 -0.173228 0.976378 
vn 0.598425 -0.0708661 -0.795276 
vn 0.598425 -0.0708661 -0.795276 
vn -0.173228 0.251969 -0.952756 
vn -0.480315 0.346457 -0.80315 
vn -0.80315 0.370079 -0.464567 
vn -0.952756 0.299213 -0.00787402 
vn 0.944882 0.322835 0 
vn 0.944882 0.322835 0 
vn 0.944882 0.322835 0 
vn 0.944882 0.322835 0 
vn 0.952756 0.314961 0 
vn 0.952756 0.314961 0 
vn 0.952756 0.314961 0 
vn 0.952756 0.314961 0 
vn 0.96063 -0.275591 0.015748 
vn 0.944882 -0.330709 0 
vn 0.944882 -0.330709 0 
vn 0.96063 -0.275591 0.015748 
vn 0.952756 -0.291339 0.015748 
vn 0.937008 -0.346457 0 
vn 0.937008 -0.346457 0 
vn 0.952756 -0.291339 0.015748 
vn -0.015748 -0.92126 -0.393701 
vn -0.00787402 -0.92126 -0.377953 
vn -0.00787402 -0.92126 -0.393701 
vn -0.00787402 -0.92126 -0.393701 
vn -0.00787402 -0.92126 -0.393701 
vn -0.015748 -0.92126 -0.393701 
vn -0.015748 -0.92126 -0.393701 
vn -0.015748 -0.92126 -0.393701 
vn -0.00787402 -0.913386 -0.409449 
vn -0.00787402 -0.92126 -0.393701 
vn -0.866142 -0.409449 -0.299213 
vn -0.866142 -0.409449 -0.299213 
vn -0.826772 -0.551181 0.102362 
vn -0.826772 -0.551181 0.102362 
vn -0.614173 -0.669291 0.425197 
vn -0.614173 -0.669291 0.425197 
vn -0.338583 -0.771654 0.535433 
vn -0.338583 -0.771654 0.535433 
vn -0.188976 -0.818898 0.543307 
vn -0.188976 -0.818898 0.543307 
vn 0.779528 -0.606299 -0.133858 
vn 0.779528 -0.606299 -0.133858 
vn 0.779528 -0.606299 -0.133858 
vn 0.779528 -0.606299 -0.133858 
vn 0.76378 -0.629921 -0.149606 
vn 0.76378 -0.629921 -0.149606 
vn 0.76378 -0.629921 -0.149606 
vn 0.76378 -0.629921 -0.149606 
vn 0.433071 -0.496063 -0.748031 
vn 0.433071 -0.496063 -0.748031 
vn 0.433071 -0.496063 -0.748031 
vn 0.433071 -0.496063 -0.748031 
vn -0.377953 -0.220472 -0.897638 
vn -0.102362 -0.23622 -0.968504 
vn -0.102362 -0.23622 -0.968504 
vn -0.377953 -0.220472 -0.897638 
vn -0.685039 -0.299213 -0.669291 
vn -0.685039 -0.299213 -0.669291 
vn 0.393701 -0.897638 0.188976 
vn 0.393701 -0.897638 0.188976 
vn 0.393701 -0.897638 0.188976 
vn 0.393701 -0.897638 0.188976 
vn 0.708661 -0.251969 0.661417 
vn 0.669291 -0.346457 0.661417 
vn 0.669291 -0.346457 0.661417 
vn 0.708661 -0.251969 0.661417 
vn 0.724409 -0.220472 0.653543 
vn 0.724409 -0.220472 0.653543 
vn 0.0393701 -0.259843 -0.96063 
vn 0.0393701 -0.259843 -0.96063 
vn -0.110236 -0.110236 -0.984252 
vn -0.015748 0.173228 -0.984252 
vn -0.125984 -0.11811 -0.984252 
vn 0.598425 0.488189 0.637795 
vn 0.598425 0.488189 0.637795 
vn 0.598425 0.488189 0.637795 
vn 0.598425 0.488189 0.637795 
vn 0.102362 0.716535 0.692913 
vn 0.220472 0.669291 0.708661 
vn 0.220472 0.669291 0.708661 
vn 0.102362 0.716535 0.692913 
vn -0.11811 0.795276 0.598425 
vn -0.11811 0.795276 0.598425 
vn -0.322835 0.88189 0.338583 
vn -0.322835 0.88189 0.338583 
vn -0.433071 0.905512 0 
vn -0.433071 0.905512 0 
vn -0.377953 0.850394 -0.362205 
vn -0.377953 0.850394 -0.362205 
vn -0.19685 0.716535 -0.669291 
vn -0.19685 0.716535 -0.669291 
vn 0.0393701 0.622047 -0.787402 
vn 0.0393701 0.622047 -0.787402 
vn 0.173228 0.566929 -0.80315 
vn 0.173228 0.566929 -0.80315 
vn 0.661417 0.543307 -0.519685 
vn 0.661417 0.543307 -0.519685 
vn 0.661417 0.543307 -0.519685 
vn 0.661417 0.543307 -0.519685 
vn 0.913386 -0.417323 0 
vn 0.913386 -0.417323 0 
vn 0.913386 -0.417323 0 
vn 0.913386 -0.417323 0 
vn 0.905512 -0.417323 -0.00787402 
vn 0.905512 -0.417323 -0.00787402 
vn 0.905512 -0.417323 -0.00787402 
vn 0.905512 -0.417323 -0.00787402 
vn 0.905512 -0.417323 -0.00787402 
vn 0.905512 -0.417323 -0.00787402 
vn 0.905512 -0.425197 0 
vn 0.905512 -0.425197 0 
vn 0.905512 -0.425197 0 
vn 0.905512 -0.425197 0 
vn 0.645669 0.23622 -0.732283 
vn 0.645669 0.23622 -0.732283 
vn 0.976378 -0.228346 0.0393701 
vn 0.976378 -0.228346 0.0393701 
vn 0.968504 -0.244094 0.0314961 
vn 0.968504 -0.244094 0.0314961 
vn 0.629921 -0.401575 0.661417 
vn 0.629921 -0.401575 0.661417 
vn -0.362205 -0.251969 0.897638 
vn -0.204724 -0.307087 0.929134 
vn -0.645669 -0.125984 0.748031 
vn -0.905512 0.0866142 0.417323 
vn -0.96063 0.283465 -0.015748 
vn -0.779528 0.433071 -0.448819 
vn -0.425197 0.488189 -0.76378 
vn -0.0944882 0.464567 -0.88189 
vn 0.0708661 0.433071 -0.897638 
vn -0.023622 -0.92126 -0.393701 
vn -0.0314961 -0.92126 -0.393701 
vn -0.0314961 -0.92126 -0.393701 
vn -0.023622 -0.92126 -0.393701 
vn -0.015748 -0.92126 -0.393701 
vn -0.015748 -0.92126 -0.393701 
vn -0.0944882 0.464567 -0.88189 
vn -0.433071 0.488189 -0.755906 
vn -0.787402 0.433071 -0.440945 
vn -0.96063 0.283465 -0.023622 
vn -0.905512 0.0866142 0.409449 
vn -0.653543 -0.11811 0.748031 
vn -0.370079 -0.251969 0.897638 
vn -0.204724 -0.307087 0.929134 
vn 0.629921 -0.401575 0.669291 
vn 0.629921 -0.401575 0.669291 
vn 0.968504 -0.244094 0.0393701 
vn 0.968504 -0.244094 0.0393701 
vn 0.968504 -0.228346 0.0472441 
vn 0.968504 -0.228346 0.0472441 
vn 0.645669 0.23622 -0.732283 
vn 0.645669 0.23622 -0.732283 
vn 0.0708661 0.433071 -0.897638 
vn 0.724409 -0.220472 0.653543 
vn 0.724409 -0.220472 0.653543 
vn -0.00787402 0.173228 0.984252 
vn -0.165354 0.23622 0.96063 
vn -0.464567 0.346457 0.818898 
vn -0.771654 0.425197 0.464567 
vn -0.913386 0.417323 0 
vn -0.834646 0.299213 -0.472441 
vn -0.559055 0.110236 -0.818898 
vn -0.275591 -0.0472441 -0.96063 
vn -0.125984 -0.11811 -0.984252 
vn 0.480315 -0.370079 -0.795276 
vn 0.480315 -0.370079 -0.795276 
vn 0.96063 0.15748 0.23622 
vn 0.740157 0.566929 0.370079 
vn 0.740157 0.566929 0.370079 
vn 0.96063 0.15748 0.23622 
vn 0.385827 0.818898 0.425197 
vn 0.385827 0.818898 0.425197 
vn 0.102362 0.905512 0.417323 
vn 0.102362 0.905512 0.417323 
vn -0.220472 0.905512 0.362205 
vn -0.220472 0.905512 0.362205 
vn -0.519685 0.811024 0.267717 
vn -0.519685 0.811024 0.267717 
vn -0.818898 0.566929 0.110236 
vn -0.818898 0.566929 0.110236 
vn -0.976378 0.188976 -0.0787402 
vn -0.976378 0.188976 -0.0787402 
vn -0.96063 -0.15748 -0.228346 
vn -0.96063 -0.15748 -0.228346 
vn -0.826772 -0.456693 -0.338583 
vn -0.826772 -0.456693 -0.338583 
vn -0.590551 -0.700787 -0.401575 
vn -0.590551 -0.700787 -0.401575 
vn -0.00787402 -0.913386 -0.401575 
vn -0.00787402 -0.913386 -0.401575 
vn 0.409449 -0.858268 -0.307087 
vn 0.409449 -0.858268 -0.307087 
vn 0.889764 -0.448819 -0.0472441 
vn 0.889764 -0.448819 -0.0472441 
vn 0.889764 -0.448819 -0.0472441 
vn 0.889764 -0.448819 -0.0472441 
vn 0.952756 -0.299213 0.0314961 
vn 0.984252 -0.15748 0.102362 
vn 0.984252 -0.15748 0.102362 
vn -0.15748 -0.393701 0.905512 
vn -0.15748 -0.393701 0.905512 
vn -0.15748 -0.393701 0.905512 
vn 0.897638 0.322835 0.291339 
vn 0.897638 0.322835 0.291339 
vn 0.897638 0.322835 0.291339 
vn 0.897638 0.322835 0.291339 
vn -0.15748 -0.393701 0.905512 
vn -0.15748 -0.393701 0.905512 
vn 0.409449 -0.858268 -0.307087 
vn 0.409449 -0.858268 -0.307087 
vn 0.409449 -0.858268 -0.307087 
vn 0.409449 -0.858268 -0.307087 
vn -0.897638 -0.330709 -0.299213 
vn -0.897638 -0.330709 -0.299213 
vn -0.88189 -0.362205 -0.307087 
vn -0.88189 -0.362205 -0.307087 
vn 0.496063 0.0551181 0.866142 
vn 0.496063 0.0551181 0.866142 
vn 0.692913 -0.401575 0.606299 
vn 0.692913 -0.401575 0.606299 
vn 0.181102 0.377953 0.905512 
vn 0.181102 0.377953 0.905512 
vn -0.0314961 0.425197 0.905512 
vn -0.0314961 0.425197 0.905512 
vn -0.267717 0.409449 0.874016 
vn -0.267717 0.409449 0.874016 
vn -0.488189 0.322835 0.811024 
vn -0.488189 0.322835 0.811024 
vn -0.700787 0.133858 0.700787 
vn -0.700787 0.133858 0.700787 
vn -0.826772 -0.11811 0.551181 
vn -0.826772 -0.11811 0.551181 
vn -0.811024 -0.385827 0.448819 
vn -0.811024 -0.385827 0.448819 
vn -0.700787 -0.606299 0.385827 
vn -0.700787 -0.606299 0.385827 
vn -0.535433 -0.771654 0.338583 
vn -0.535433 -0.771654 0.338583 
vn -0.440945 -0.84252 0.314961 
vn -0.440945 -0.84252 0.314961 
vn 0.181102 -0.889764 0.425197 
vn 0.181102 -0.889764 0.425197 
vn 0.181102 -0.889764 0.425197 
vn 0.181102 -0.889764 0.425197 
vn -0.204724 -0.96063 -0.173228 
vn -0.204724 -0.96063 -0.173228 
vn -0.204724 -0.96063 -0.173228 
vn -0.204724 -0.96063 -0.173228 
vn 0.322835 -0.944882 -0.0787402 
vn 0.322835 -0.944882 -0.0787402 
vn 0.322835 -0.944882 -0.0787402 
vn 0.322835 -0.944882 -0.0787402 
vn 0.692913 -0.629921 0.362205 
vn 0.692913 -0.629921 0.362205 
vn 0.661417 -0.700787 0.251969 
vn 0.661417 -0.700787 0.251969 
vn 0.559055 -0.598425 0.574803 
vn 0.559055 -0.598425 0.574803 
vn 0.559055 -0.598425 0.574803 
vn 0.598425 0 0.80315 
vn 0.598425 0 0.80315 
vn 0.598425 0 0.80315 
vn 0.598425 0 0.80315 
vn -0.322835 -0.818898 0.472441 
vn -0.322835 -0.818898 0.472441 
vn -0.291339 -0.84252 0.448819 
vn -0.291339 -0.84252 0.448819 
vn 0.173228 -0.874016 0.448819 
vn 0.173228 -0.874016 0.448819 
vn 0.165354 -0.874016 0.448819 
vn 0.165354 -0.874016 0.448819 
vn -0.15748 -0.393701 0.905512 
vn -0.15748 -0.393701 0.905512 
vn -0.15748 -0.393701 0.905512 
vn -0.15748 -0.393701 0.905512 
vn -0.15748 -0.393701 0.905512 
vn -0.133858 -0.511811 0.850394 
vn -0.110236 -0.566929 0.811024 
vn -0.165354 -0.370079 0.913386 
vn -0.165354 -0.377953 0.913386 
vn -0.165354 -0.377953 0.913386 
vn -0.15748 -0.393701 0.905512 
vn -0.00787402 -0.897638 0.448819 
vn -0.00787402 -0.897638 0.448819 
vn -0.0472441 -0.795276 0.598425 
vn -0.0472441 -0.795276 0.598425 
vn 0.409449 -0.858268 -0.307087 
vn 0.409449 -0.858268 -0.307087 
vn 0.173228 -0.88189 0.448819 
vn 0.173228 -0.88189 0.448819 
vn 0.96063 0.15748 0.23622 
vn 0.96063 0.15748 0.23622 
vn 0.740157 0.566929 0.370079 
vn 0.740157 0.566929 0.370079 
vn 0.385827 0.818898 0.417323 
vn 0.385827 0.818898 0.417323 
vn 0.102362 0.905512 0.409449 
vn 0.102362 0.905512 0.409449 
vn -0.220472 0.913386 0.354331 
vn -0.220472 0.913386 0.354331 
vn -0.511811 0.818898 0.259843 
vn -0.511811 0.818898 0.259843 
vn -0.811024 0.574803 0.102362 
vn -0.811024 0.574803 0.102362 
vn -0.976378 0.19685 -0.0866142 
vn -0.976378 0.19685 -0.0866142 
vn -0.96063 -0.15748 -0.23622 
vn -0.96063 -0.15748 -0.23622 
vn -0.826772 -0.456693 -0.338583 
vn -0.826772 -0.456693 -0.338583 
vn -0.590551 -0.700787 -0.401575 
vn -0.590551 -0.700787 -0.401575 
vn -0.00787402 -0.92126 -0.393701 
vn -0.00787402 -0.92126 -0.393701 
vn 0.409449 -0.858268 -0.299213 
vn 0.409449 -0.858268 -0.299213 
vn 0.889764 -0.448819 -0.0393701 
vn 0.889764 -0.448819 -0.0393701 
vn 0.889764 -0.448819 -0.0393701 
vn 0.889764 -0.448819 -0.0393701 
vn -0.173228 -0.889764 -0.417323 
vn -0.173228 -0.889764 -0.417323 
vn -0.173228 -0.889764 -0.417323 
vn -0.173228 -0.889764 -0.417323 
vn 0.401575 -0.866142 -0.307087 
vn 0.401575 -0.866142 -0.307087 
vn 0.401575 -0.866142 -0.307087 
vn 0.401575 -0.866142 -0.307087 
vn 0.952756 -0.299213 0.0314961 
vn 0.952756 -0.299213 0.0314961 
vn 0.984252 -0.15748 0.102362 
vn 0.984252 -0.15748 0.102362 
vn 0.15748 0.393701 -0.905512 
vn 0.15748 0.393701 -0.905512 
vn 0.15748 0.393701 -0.905512 
vn 0.897638 0.322835 0.299213 
vn 0.897638 0.322835 0.299213 
vn 0.897638 0.322835 0.299213 
vn 0.897638 0.322835 0.299213 
vn 0.15748 0.393701 -0.905512 
vn 0.15748 0.393701 -0.905512 
vn 0.15748 0.393701 -0.905512 
vn 0.15748 0.393701 -0.905512 
vn 0.15748 0.393701 -0.905512 
vn 0.15748 0.393701 -0.905512 
vn 0.409449 -0.858268 -0.299213 
vn 0.409449 -0.858268 -0.299213 
vn 0.409449 -0.858268 -0.299213 
vn 0.409449 -0.858268 -0.299213 
vn -0.88189 -0.362205 -0.307087 
vn -0.88189 -0.362205 -0.307087 
vn -0.897638 -0.330709 -0.299213 
vn 0.629921 0.692913 -0.354331 
vn 0.795276 0.385827 -0.472441 
vn 0.795276 0.385827 -0.472441 
vn 0.629921 0.692913 -0.354331 
vn 0.385827 0.88189 -0.267717 
vn 0.385827 0.88189 -0.267717 
vn 0.173228 0.937008 -0.291339 
vn 0.173228 0.937008 -0.291339 
vn -0.0629921 0.937008 -0.338583 
vn -0.0629921 0.937008 -0.338583 
vn -0.275591 0.874016 -0.401575 
vn -0.275591 0.874016 -0.401575 
vn -0.496063 0.685039 -0.527559 
vn -0.496063 0.685039 -0.527559 
vn -0.629921 0.401575 -0.661417 
vn -0.629921 0.401575 -0.661417 
vn -0.598425 0.149606 -0.787402 
vn -0.598425 0.149606 -0.787402 
vn -0.480315 -0.0551181 -0.874016 
vn -0.480315 -0.0551181 -0.874016 
vn -0.322835 -0.228346 -0.92126 
vn -0.322835 -0.228346 -0.92126 
vn -0.228346 -0.307087 -0.929134 
vn -0.228346 -0.307087 -0.929134 
vn 0.401575 -0.330709 -0.858268 
vn 0.401575 -0.330709 -0.858268 
vn 0.401575 -0.330709 -0.858268 
vn 0.401575 -0.330709 -0.858268 
vn -0.0393701 -0.456693 -0.889764 
vn -0.0393701 -0.456693 -0.889764 
vn -0.0393701 -0.456693 -0.889764 
vn 0.401575 -0.370079 -0.834646 
vn 0.401575 -0.370079 -0.834646 
vn 0.401575 -0.370079 -0.834646 
vn 0.401575 -0.370079 -0.834646 
vn 0.818898 0.165354 -0.551181 
vn 0.811024 0.0629921 -0.590551 
vn 0.811024 0.0629921 -0.590551 
vn 0.818898 0.165354 -0.551181 
vn 0.76378 -0.0708661 -0.637795 
vn 0.76378 -0.0708661 -0.637795 
vn 0.76378 -0.0708661 -0.637795 
vn 0.795276 0.496063 -0.346457 
vn 0.795276 0.496063 -0.346457 
vn 0.795276 0.496063 -0.346457 
vn 0.795276 0.496063 -0.346457 
vn -0.598425 -0.023622 -0.80315 
vn -0.606299 -0.015748 -0.795276 
vn -0.606299 -0.015748 -0.795276 
vn -0.598425 -0.023622 -0.80315 
vn 0.393701 -0.307087 -0.866142 
vn 0.393701 -0.307087 -0.866142 
vn 0.393701 -0.307087 -0.866142 
vn 0.393701 -0.307087 -0.866142 
vn 0.15748 0.393701 -0.905512 
vn 0.15748 0.393701 -0.905512 
vn 0.15748 0.393701 -0.905512 
vn 0.15748 0.393701 -0.905512 
vn 0.15748 0.393701 -0.905512 
vn 0.15748 0.393701 -0.905512 
vn 0.15748 0.393701 -0.905512 
vn 0.15748 0.393701 -0.905512 
vn 0.409449 -0.858268 -0.299213 
vn 0.409449 -0.858268 -0.299213 
vn 0.393701 -0.307087 -0.866142 
vn 0.393701 -0.307087 -0.866142 
vn 0.15748 0.393701 -0.905512 
vn 0.15748 0.393701 -0.905512 
vn 0.15748 0.393701 -0.905512 
vn -0.15748 -0.393701 0.905512 
vn -0.15748 -0.393701 0.905512 
vn -0.15748 -0.393701 0.905512 
vn 0.15748 0.393701 -0.905512 
vn 0.15748 0.393701 -0.905512 
vn -0.614173 0 -0.787402 
vn -0.614173 0 -0.787402 
vn -0.905512 -0.307087 -0.291339 
vn -0.905512 -0.307087 -0.291339 
vn -0.905512 -0.307087 -0.291339 
vn -0.204724 -0.913386 0.354331 
vn -0.204724 -0.913386 0.354331 
vn 0.15748 0.393701 -0.905512 
vn 0.15748 0.393701 -0.905512 
vn -0.606299 0.00787402 -0.795276 
vn -0.606299 0.00787402 -0.795276 
vn -0.905512 -0.307087 -0.291339 
vn -0.905512 -0.307087 -0.291339 
vn -0.905512 -0.299213 -0.291339 
vn -0.15748 -0.952756 0.267717 
vn -0.15748 -0.952756 0.267717 
vn 0.023622 -0.937008 0.354331 
vn 0.023622 -0.937008 0.354331 

vt 0.5154 0.1065 
vt 0.50025 0.1066 
vt 0.50025 0.0733 
vt 0.518025 0.0731 
vt 0.518475 0.0684 
vt 0.518025 0.0731 
vt 0.50025 0.0733 
vt 0.50025 0.0686 
vt 0.50025 0.1113 
vt 0.50025 0.1066 
vt 0.5154 0.1065 
vt 0.516 0.1112 
vt 0.523425 0.0358 
vt 0.518475 0.0684 
vt 0.50025 0.0686 
vt 0.50025 0.0353 
vt 0.50025 0.1446 
vt 0.50025 0.1113 
vt 0.516 0.1112 
vt 0.520875 0.1438 
vt 0.523425 0.182 
vt 0.522825 0.1866 
vt 0.50025 0.1873 
vt 0.50025 0.1826 
vt 0.50025 0.1493 
vt 0.50025 0.1446 
vt 0.520875 0.1438 
vt 0.52125 0.1485 
vt 0.523425 0.182 
vt 0.50025 0.1826 
vt 0.50025 0.1493 
vt 0.52125 0.1485 
vt 0.3651 0.6583 
vt 0.3651 0.6248 
vt 0.38775 0.6248 
vt 0.38775 0.6583 
vt 0.3651 0.5822 
vt 0.38775 0.5822 
vt 0.3651 0.5114 
vt 0.38775 0.5114 
vt 0.3651 0.8749 
vt 0.3651 0.8607 
vt 0.38775 0.8607 
vt 0.38775 0.8749 
vt 0.3651 0.7906 
vt 0.3651 0.7494 
vt 0.38775 0.7494 
vt 0.38775 0.7906 
vt 0.3651 0.7154 
vt 0.38775 0.7154 
vt 0.3651 0.6868 
vt 0.38775 0.6868 
vt 0.1893 0.1742 
vt 0.1893 0.2031 
vt 0.15015 0.1537 
vt 0.171075 0.2031 
vt 0.1527 0.2031 
vt 0.15015 0.2031 
vt 0.15015 0.1034 
vt 0.1527 0.1034 
vt 0.171075 0.1034 
vt 0.1893 0.1034 
vt 0.1893 0.1034 
vt 0.1893 0.1357 
vt 0.15015 0.1537 
vt 0.1893 0.1357 
vt 0.1893 0.155 
vt 0.15015 0.1537 
vt 0.1893 0.155 
vt 0.1893 0.1742 
vt 0.15015 0.1537 
vt 0.361875 0.6583 
vt 0.361875 0.6248 
vt 0.361875 0.5822 
vt 0.361875 0.5114 
vt 0.36225 0.8749 
vt 0.36225 0.8607 
vt 0.36225 0.7906 
vt 0.36225 0.7494 
vt 0.361875 0.7154 
vt 0.361875 0.6868 
vt 0.15015 0.1034 
vt 0.15015 0.1537 
vt 0.1467 0.1545 
vt 0.1467 0.0906 
vt 0.15015 0.1537 
vt 0.15015 0.2031 
vt 0.1467 0.2065 
vt 0.1467 0.1545 
vt 0.361875 0.3751 
vt 0.3651 0.3751 
vt 0.3651 0.4401 
vt 0.361875 0.4401 
vt 0.361875 0.4401 
vt 0.3651 0.4401 
vt 0.3651 0.4998 
vt 0.361875 0.4998 
vt 0.646275 0.235 
vt 0.6561 0.235 
vt 0.6126 0.2969 
vt 0.634425 0.235 
vt 0.612225 0.235 
vt 0.6345 0.3585 
vt 0.612675 0.3585 
vt 0.64635 0.3585 
vt 0.6561 0.3585 
vt 0.6561 0.2967 
vt 0.3198 0.6868 
vt 0.316425 0.6868 
vt 0.316425 0.6583 
vt 0.3198 0.6583 
vt 0.3198 0.6248 
vt 0.316425 0.6248 
vt 0.3198 0.5822 
vt 0.316425 0.5822 
vt 0.3198 0.5114 
vt 0.316425 0.5114 
vt 0.316425 0.4401 
vt 0.3198 0.4401 
vt 0.3198 0.4998 
vt 0.316425 0.4998 
vt 0.316425 0.3751 
vt 0.3198 0.3751 
vt 0.3198 0.4401 
vt 0.316425 0.4401 
vt 0.3198 0.8607 
vt 0.3198 0.8749 
vt 0.316425 0.8749 
vt 0.316425 0.8607 
vt 0.3198 0.7494 
vt 0.3198 0.7906 
vt 0.316425 0.7906 
vt 0.316425 0.7494 
vt 0.3198 0.7154 
vt 0.316425 0.7154 
vt 0.3198 0.4998 
vt 0.3198 0.5114 
vt 0.316425 0.5114 
vt 0.316425 0.4998 
vt 0.3651 0.5114 
vt 0.361875 0.5114 
vt 0.361875 0.4998 
vt 0.3651 0.4998 
vt 0.38775 0.5114 
vt 0.38775 0.4998 
vt 0.3198 0.8607 
vt 0.316425 0.8607 
vt 0.3651 0.8607 
vt 0.36225 0.8607 
vt 0.38775 0.8607 
vt 0.1527 0.2031 
vt 0.1467 0.2149 
vt 0.1467 0.2065 
vt 0.15015 0.2031 
vt 0.1752 0.2149 
vt 0.1467 0.2149 
vt 0.1527 0.2031 
vt 0.171075 0.2031 
vt 0.19335 0.2149 
vt 0.1893 0.2031 
vt 0.19335 0.1792 
vt 0.1893 0.1742 
vt 0.19335 0.1565 
vt 0.1893 0.155 
vt 0.19335 0.1328 
vt 0.1893 0.1357 
vt 0.19335 0.0906 
vt 0.1893 0.1034 
vt 0.1752 0.0906 
vt 0.171075 0.1034 
vt 0.1527 0.1034 
vt 0.1515 0.0906 
vt 0.1467 0.0906 
vt 0.1515 0.0906 
vt 0.1527 0.1034 
vt 0.15015 0.1034 
vt 0.4098 0.4401 
vt 0.4098 0.4998 
vt 0.387375 0.4998 
vt 0.3651 0.4998 
vt 0.4098 0.4401 
vt 0.3651 0.4998 
vt 0.3651 0.4401 
vt 0.4098 0.4401 
vt 0.3651 0.4401 
vt 0.3651 0.3751 
vt 0.4098 0.3751 
vt 0.4098 0.4401 
vt 0.3651 0.3751 
vt 0.38565 0.3751 
vt 0.339075 0.8749 
vt 0.339075 0.8607 
vt 0.339075 0.4401 
vt 0.339075 0.3751 
vt 0.339075 0.4998 
vt 0.339075 0.4401 
vt 0.339075 0.5114 
vt 0.339075 0.4998 
vt 0.339075 0.5822 
vt 0.339075 0.5114 
vt 0.339075 0.6248 
vt 0.339075 0.6583 
vt 0.339075 0.6868 
vt 0.339075 0.7154 
vt 0.339075 0.7494 
vt 0.339075 0.7906 
vt 0.339075 0.8607 
vt 0.6126 0.2969 
vt 0.612675 0.3585 
vt 0.609225 0.3585 
vt 0.609225 0.2969 
vt 0.609225 0.235 
vt 0.612225 0.235 
vt 0.3198 0.7906 
vt 0.3198 0.7494 
vt 0.3198 0.7154 
vt 0.3198 0.6868 
vt 0.3198 0.6583 
vt 0.3198 0.6248 
vt 0.3198 0.5822 
vt 0.3198 0.5114 
vt 0.3198 0.5114 
vt 0.3198 0.4998 
vt 0.3198 0.4998 
vt 0.3198 0.4401 
vt 0.3198 0.4401 
vt 0.3198 0.3751 
vt 0.3198 0.8749 
vt 0.3198 0.8607 
vt 0.3198 0.8607 
vt 0.4098 0.5114 
vt 0.4098 0.4998 
vt 0.4098 0.5114 
vt 0.4098 0.5822 
vt 0.4098 0.6248 
vt 0.4098 0.6583 
vt 0.4098 0.6868 
vt 0.4098 0.7154 
vt 0.4098 0.7494 
vt 0.4098 0.7906 
vt 0.4098 0.8607 
vt 0.4098 0.8607 
vt 0.4098 0.8749 
vt 0.486075 0.1886 
vt 0.486075 0.1788 
vt 0.497625 0.1788 
vt 0.49455 0.1886 
vt 0.486075 0.1713 
vt 0.497625 0.1713 
vt 0.486075 0.1621 
vt 0.4977 0.1622 
vt 0.486075 0.1529 
vt 0.4977 0.1529 
vt 0.486075 0.144 
vt 0.4977 0.144 
vt 0.486075 0.1339 
vt 0.4977 0.1339 
vt 0.486075 0.1246 
vt 0.4977 0.1246 
vt 0.486075 0.1155 
vt 0.4977 0.1154 
vt 0.486075 0.1068 
vt 0.4977 0.1068 
vt 0.486075 0.1005 
vt 0.4977 0.1005 
vt 0.486075 0.0932 
vt 0.4977 0.0932 
vt 0.486075 0.0882 
vt 0.4977 0.0882 
vt 0.486075 0.0856 
vt 0.4977 0.0856 
vt 0.4977 0.0882 
vt 0.486075 0.0882 
vt 0.486075 0.204 
vt 0.486075 0.1962 
vt 0.490725 0.1962 
vt 0.430275 0.189 
vt 0.4299 0.1842 
vt 0.45105 0.1761 
vt 0.498 0.0666 
vt 0.497925 0.0844 
vt 0.486375 0.0843 
vt 0.486375 0.0666 
vt 0.449925 0.1893 
vt 0.457125 0.1835 
vt 0.498 0.0462 
vt 0.498 0.0564 
vt 0.486375 0.0564 
vt 0.486375 0.0462 
vt 0.486375 0.0391 
vt 0.495225 0.0391 
vt 0.498 0.0462 
vt 0.486375 0.0462 
vt 0.452025 0.1163 
vt 0.452025 0.1232 
vt 0.44145 0.1211 
vt 0.4395 0.1142 
vt 0.45975 0.1228 
vt 0.456825 0.128 
vt 0.466425 0.1341 
vt 0.46215 0.1375 
vt 0.47025 0.148 
vt 0.465225 0.1492 
vt 0.47055 0.1622 
vt 0.4656 0.1611 
vt 0.467325 0.1776 
vt 0.462525 0.1749 
vt 0.460275 0.1885 
vt 0.457125 0.1835 
vt 0.451275 0.1958 
vt 0.449925 0.1893 
vt 0.441525 0.1987 
vt 0.441 0.192 
vt 0.434325 0.1982 
vt 0.435825 0.1916 
vt 0.426525 0.1941 
vt 0.430275 0.189 
vt 0.424875 0.1831 
vt 0.4299 0.1842 
vt 0.430275 0.189 
vt 0.425025 0.1908 
vt 0.417 0.1297 
vt 0.420525 0.1297 
vt 0.421875 0.1343 
vt 0.417525 0.1342 
vt 0.417225 0.1232 
vt 0.421425 0.1265 
vt 0.420525 0.1297 
vt 0.417 0.1297 
vt 0.42885 0.1163 
vt 0.4305 0.123 
vt 0.421425 0.1265 
vt 0.417975 0.1218 
vt 0.42645 0.1795 
vt 0.4299 0.1842 
vt 0.424875 0.1831 
vt 0.4299 0.1842 
vt 0.42645 0.1795 
vt 0.4455 0.1716 
vt 0.45105 0.1761 
vt 0.451725 0.1356 
vt 0.4458 0.1397 
vt 0.43665 0.1375 
vt 0.438375 0.1336 
vt 0.450975 0.1558 
vt 0.445425 0.1558 
vt 0.4458 0.1397 
vt 0.451725 0.1356 
vt 0.441 0.192 
vt 0.435825 0.1916 
vt 0.465225 0.1492 
vt 0.4656 0.1611 
vt 0.450975 0.1558 
vt 0.451725 0.1356 
vt 0.452025 0.1232 
vt 0.456825 0.128 
vt 0.46215 0.1375 
vt 0.450975 0.1558 
vt 0.462525 0.1749 
vt 0.429675 0.1315 
vt 0.4305 0.123 
vt 0.44145 0.1211 
vt 0.438375 0.1336 
vt 0.498 0.0666 
vt 0.486375 0.0666 
vt 0.45105 0.1761 
vt 0.4455 0.1716 
vt 0.486075 0.1886 
vt 0.47205 0.1886 
vt 0.47205 0.1788 
vt 0.486075 0.1788 
vt 0.47205 0.1713 
vt 0.486075 0.1713 
vt 0.47205 0.1622 
vt 0.486075 0.1621 
vt 0.47205 0.1529 
vt 0.486075 0.1529 
vt 0.486075 0.144 
vt 0.47205 0.144 
vt 0.47205 0.1339 
vt 0.486075 0.1339 
vt 0.47205 0.1246 
vt 0.486075 0.1246 
vt 0.47205 0.1154 
vt 0.486075 0.1155 
vt 0.47205 0.1067 
vt 0.486075 0.1068 
vt 0.47205 0.1004 
vt 0.486075 0.1005 
vt 0.47205 0.0932 
vt 0.486075 0.0932 
vt 0.47205 0.0881 
vt 0.486075 0.0882 
vt 0.486075 0.0856 
vt 0.486075 0.0882 
vt 0.47205 0.0881 
vt 0.47205 0.0856 
vt 0.486075 0.2111 
vt 0.47205 0.2111 
vt 0.47205 0.2082 
vt 0.486075 0.2082 
vt 0.486075 0.2082 
vt 0.47205 0.2082 
vt 0.47205 0.204 
vt 0.486075 0.204 
vt 0.486075 0.204 
vt 0.47205 0.204 
vt 0.47205 0.1962 
vt 0.486075 0.1962 
vt 0.42915 0.035 
vt 0.449625 0.0486 
vt 0.428775 0.0398 
vt 0.47235 0.0666 
vt 0.486375 0.0666 
vt 0.486375 0.0843 
vt 0.47235 0.0844 
vt 0.449475 0.0894 
vt 0.450825 0.1027 
vt 0.440925 0.1061 
vt 0.43815 0.0938 
vt 0.448725 0.0354 
vt 0.45585 0.0414 
vt 0.47235 0.0462 
vt 0.486375 0.0462 
vt 0.486375 0.0564 
vt 0.47235 0.0564 
vt 0.486375 0.0462 
vt 0.47235 0.0462 
vt 0.47235 0.0391 
vt 0.4521 0.1094 
vt 0.441375 0.1126 
vt 0.440925 0.1061 
vt 0.450825 0.1027 
vt 0.458625 0.1018 
vt 0.455325 0.097 
vt 0.4647 0.0904 
vt 0.46035 0.0872 
vt 0.468525 0.0767 
vt 0.4635 0.0755 
vt 0.46395 0.0637 
vt 0.468975 0.0627 
vt 0.465975 0.0474 
vt 0.461625 0.0505 
vt 0.45915 0.0364 
vt 0.45585 0.0414 
vt 0.450225 0.0289 
vt 0.448725 0.0354 
vt 0.44055 0.0257 
vt 0.43995 0.0323 
vt 0.43335 0.026 
vt 0.43485 0.0325 
vt 0.42555 0.0299 
vt 0.42915 0.035 
vt 0.423675 0.0408 
vt 0.423975 0.0331 
vt 0.42915 0.035 
vt 0.428775 0.0398 
vt 0.4227 0.098 
vt 0.4242 0.0936 
vt 0.427425 0.098 
vt 0.423 0.1045 
vt 0.4227 0.098 
vt 0.427425 0.098 
vt 0.427875 0.1021 
vt 0.432825 0.1116 
vt 0.424575 0.1074 
vt 0.427875 0.1021 
vt 0.43425 0.105 
vt 0.425175 0.0445 
vt 0.423675 0.0408 
vt 0.428775 0.0398 
vt 0.428775 0.0398 
vt 0.449625 0.0486 
vt 0.44415 0.053 
vt 0.425175 0.0445 
vt 0.449475 0.0894 
vt 0.43815 0.0938 
vt 0.43635 0.088 
vt 0.444 0.0848 
vt 0.4494 0.069 
vt 0.449475 0.0894 
vt 0.444 0.0848 
vt 0.444 0.0689 
vt 0.43485 0.0325 
vt 0.43995 0.0323 
vt 0.4635 0.0755 
vt 0.4494 0.069 
vt 0.46395 0.0637 
vt 0.455325 0.097 
vt 0.461625 0.0505 
vt 0.4494 0.069 
vt 0.486375 0.0666 
vt 0.47235 0.0666 
vt 0.449625 0.0486 
vt 0.44415 0.053 
vt 0.46035 0.0872 
vt 0.46035 0.0872 
vt 0.461625 0.0505 
vt 0.450975 0.1558 
vt 0.462525 0.1749 
vt 0.46215 0.1375 
vt 0.43425 0.105 
vt 0.432525 0.096 
vt 0.432525 0.096 
vt 0.4302 0.0904 
vt 0.486375 0.0337 
vt 0.47235 0.0336 
vt 0.492525 0.0337 
vt 0.42915 0.1357 
vt 0.429675 0.1315 
vt 0.427875 0.1021 
vt 0.427425 0.098 
vt 0.427425 0.098 
vt 0.4242 0.0936 
vt 0.486375 0.0282 
vt 0.47235 0.0282 
vt 0.489075 0.0293 
vt 0.421875 0.1343 
vt 0.420525 0.1297 
vt 0.420525 0.1297 
vt 0.421425 0.1265 

usemtl Handle1Mtl

f 1328/1328/1328 1329/1329/1329 1330/1330/1330 
f 1328/1328/1328 1330/1330/1330 1331/1331/1331 
f 1332/1332/1332 1333/1333/1333 1334/1334/1334 
f 1332/1332/1332 1334/1334/1334 1335/1335/1335 
f 1336/1336/1336 1337/1337/1337 1338/1338/1338 
f 1336/1336/1336 1338/1338/1338 1339/1339/1339 
f 1340/1340/1340 1341/1341/1341 1342/1342/1342 
f 1340/1340/1340 1342/1342/1342 1343/1343/1343 
f 1344/1344/1344 1345/1345/1345 1346/1346/1346 
f 1344/1344/1344 1346/1346/1346 1347/1347/1347 
f 1348/1348/1348 1349/1349/1349 1350/1350/1350 
f 1348/1348/1348 1350/1350/1350 1351/1351/1351 
f 1352/1352/1352 1353/1353/1353 1354/1354/1354 
f 1352/1352/1352 1354/1354/1354 1355/1355/1355 
f 1356/1356/1356 1357/1357/1357 1358/1358/1358 
f 1356/1356/1356 1358/1358/1358 1359/1359/1359 
f 1360/1360/1360 1361/1361/1361 1362/1362/1362 
f 1360/1360/1360 1362/1362/1362 1363/1363/1363 
f 1361/1361/1361 1364/1364/1364 1365/1365/1365 
f 1361/1361/1361 1365/1365/1365 1362/1362/1362 
f 1364/1364/1364 1366/1366/1366 1367/1367/1367 
f 1364/1364/1364 1367/1367/1367 1365/1365/1365 
f 1368/1368/1368 1369/1369/1369 1370/1370/1370 
f 1368/1368/1368 1370/1370/1370 1371/1371/1371 
f 1372/1372/1372 1373/1373/1373 1374/1374/1374 
f 1372/1372/1372 1374/1374/1374 1375/1375/1375 
f 1373/1373/1373 1376/1376/1376 1377/1377/1377 
f 1373/1373/1373 1377/1377/1377 1374/1374/1374 
f 1376/1376/1376 1378/1378/1378 1379/1379/1379 
f 1376/1376/1376 1379/1379/1379 1377/1377/1377 
f 1378/1378/1378 1360/1360/1360 1363/1363/1363 
f 1378/1378/1378 1363/1363/1363 1379/1379/1379 
f 1380/1380/1380 1381/1381/1381 1382/1382/1382 
f 1381/1381/1381 1383/1383/1383 1382/1382/1382 
f 1383/1383/1383 1384/1384/1384 1385/1385/1385 
f 1383/1383/1383 1385/1385/1385 1382/1382/1382 
f 1386/1386/1386 1387/1387/1387 1388/1388/1388 
f 1386/1386/1386 1388/1388/1388 1382/1382/1382 
f 1388/1388/1388 1389/1389/1389 1382/1382/1382 
f 1390/1390/1390 1391/1391/1391 1392/1392/1392 
f 1393/1393/1393 1394/1394/1394 1395/1395/1395 
f 1396/1396/1396 1397/1397/1397 1398/1398/1398 
f 1360/1360/1360 1399/1399/1399 1400/1400/1400 
f 1360/1360/1360 1400/1400/1400 1361/1361/1361 
f 1361/1361/1361 1400/1400/1400 1401/1401/1401 
f 1361/1361/1361 1401/1401/1401 1364/1364/1364 
f 1364/1364/1364 1401/1401/1401 1402/1402/1402 
f 1364/1364/1364 1402/1402/1402 1366/1366/1366 
f 1368/1368/1368 1403/1403/1403 1404/1404/1404 
f 1368/1368/1368 1404/1404/1404 1369/1369/1369 
f 1372/1372/1372 1405/1405/1405 1406/1406/1406 
f 1372/1372/1372 1406/1406/1406 1373/1373/1373 
f 1373/1373/1373 1406/1406/1406 1407/1407/1407 
f 1373/1373/1373 1407/1407/1407 1376/1376/1376 
f 1376/1376/1376 1407/1407/1407 1408/1408/1408 
f 1376/1376/1376 1408/1408/1408 1378/1378/1378 
f 1378/1378/1378 1408/1408/1408 1399/1399/1399 
f 1378/1378/1378 1399/1399/1399 1360/1360/1360 
f 1409/1409/1409 1410/1410/1410 1411/1411/1411 
f 1409/1409/1409 1411/1411/1411 1412/1412/1412 
f 1413/1413/1413 1414/1414/1414 1415/1415/1415 
f 1413/1413/1413 1415/1415/1415 1416/1416/1416 
f 1417/1417/1417 1418/1418/1418 1419/1419/1419 
f 1417/1417/1417 1419/1419/1419 1420/1420/1420 
f 1421/1421/1421 1422/1422/1422 1423/1423/1423 
f 1421/1421/1421 1423/1423/1423 1424/1424/1424 
f 1425/1425/1425 1426/1426/1426 1427/1427/1427 
f 1428/1428/1428 1425/1425/1425 1427/1427/1427 
f 1427/1427/1427 1429/1429/1429 1428/1428/1428 
f 1430/1430/1430 1431/1431/1431 1427/1427/1427 
f 1432/1432/1432 1430/1430/1430 1427/1427/1427 
f 1433/1433/1433 1432/1432/1432 1427/1427/1427 
f 1434/1434/1434 1433/1433/1433 1427/1427/1427 
f 1426/1426/1426 1434/1434/1434 1427/1427/1427 
f 1435/1435/1435 1436/1436/1436 1437/1437/1437 
f 1435/1435/1435 1437/1437/1437 1438/1438/1438 
f 1439/1439/1439 1438/1438/1438 1437/1437/1437 
f 1439/1439/1439 1437/1437/1437 1440/1440/1440 
f 1441/1441/1441 1439/1439/1439 1440/1440/1440 
f 1441/1441/1441 1440/1440/1440 1442/1442/1442 
f 1443/1443/1443 1441/1441/1441 1442/1442/1442 
f 1443/1443/1443 1442/1442/1442 1444/1444/1444 
f 1445/1445/1445 1446/1446/1446 1447/1447/1447 
f 1445/1445/1445 1447/1447/1447 1448/1448/1448 
f 1449/1449/1449 1450/1450/1450 1451/1451/1451 
f 1449/1449/1449 1451/1451/1451 1452/1452/1452 
f 1453/1453/1453 1454/1454/1454 1455/1455/1455 
f 1453/1453/1453 1455/1455/1455 1456/1456/1456 
f 1457/1457/1457 1458/1458/1458 1459/1459/1459 
f 1457/1457/1457 1459/1459/1459 1460/1460/1460 
f 1461/1461/1461 1457/1457/1457 1460/1460/1460 
f 1461/1461/1461 1460/1460/1460 1462/1462/1462 
f 1435/1435/1435 1461/1461/1461 1462/1462/1462 
f 1435/1435/1435 1462/1462/1462 1436/1436/1436 
f 1463/1463/1463 1464/1464/1464 1465/1465/1465 
f 1463/1463/1463 1465/1465/1465 1466/1466/1466 
f 1467/1467/1467 1468/1468/1468 1469/1469/1469 
f 1467/1467/1467 1469/1469/1469 1470/1470/1470 
f 1471/1471/1471 1467/1467/1467 1470/1470/1470 
f 1471/1471/1471 1470/1470/1470 1472/1472/1472 
f 1458/1458/1458 1473/1473/1473 1474/1474/1474 
f 1458/1458/1458 1474/1474/1474 1459/1459/1459 
f 1475/1475/1475 1476/1476/1476 1405/1405/1405 
f 1475/1475/1475 1405/1405/1405 1372/1372/1372 
f 1477/1477/1477 1475/1475/1475 1372/1372/1372 
f 1477/1477/1477 1372/1372/1372 1375/1375/1375 
f 1478/1478/1478 1479/1479/1479 1480/1480/1480 
f 1478/1478/1478 1480/1480/1480 1481/1481/1481 
f 1482/1482/1482 1483/1483/1483 1484/1484/1484 
f 1482/1482/1482 1484/1484/1484 1485/1485/1485 
f 1486/1486/1486 1482/1482/1482 1485/1485/1485 
f 1486/1486/1486 1485/1485/1485 1487/1487/1487 
f 1488/1488/1488 1486/1486/1486 1487/1487/1487 
f 1488/1488/1488 1487/1487/1487 1489/1489/1489 
f 1490/1490/1490 1488/1488/1488 1489/1489/1489 
f 1490/1490/1490 1489/1489/1489 1491/1491/1491 
f 1492/1492/1492 1490/1490/1490 1491/1491/1491 
f 1492/1492/1492 1491/1491/1491 1493/1493/1493 
f 1494/1494/1494 1492/1492/1492 1493/1493/1493 
f 1494/1494/1494 1493/1493/1493 1495/1495/1495 
f 1496/1496/1496 1494/1494/1494 1495/1495/1495 
f 1496/1496/1496 1495/1495/1495 1497/1497/1497 
f 1498/1498/1498 1499/1499/1499 1496/1496/1496 
f 1498/1498/1498 1496/1496/1496 1497/1497/1497 
f 1500/1500/1500 1501/1501/1501 1502/1502/1502 
f 1500/1500/1500 1502/1502/1502 1503/1503/1503 
f 1504/1504/1504 1505/1505/1505 1506/1506/1506 
f 1504/1504/1504 1506/1506/1506 1507/1507/1507 
f 1508/1508/1508 1509/1509/1509 1510/1510/1510 
f 1511/1511/1511 1512/1512/1512 1513/1513/1513 
f 1514/1514/1514 1515/1515/1515 1516/1516/1516 
f 1514/1514/1514 1516/1516/1516 1517/1517/1517 
f 1404/1404/1404 1403/1403/1403 1518/1518/1518 
f 1404/1404/1404 1518/1518/1518 1519/1519/1519 
f 1520/1520/1520 1521/1521/1521 1417/1417/1417 
f 1520/1520/1520 1417/1417/1417 1420/1420/1420 
f 1522/1522/1522 1523/1523/1523 1421/1421/1421 
f 1522/1522/1522 1421/1421/1421 1424/1424/1424 
f 1469/1469/1469 1468/1468/1468 1524/1524/1524 
f 1469/1469/1469 1524/1524/1524 1525/1525/1525 
f 1402/1402/1402 1401/1401/1401 1526/1526/1526 
f 1402/1402/1402 1526/1526/1526 1527/1527/1527 
f 1401/1401/1401 1400/1400/1400 1528/1528/1528 
f 1401/1401/1401 1528/1528/1528 1526/1526/1526 
f 1400/1400/1400 1399/1399/1399 1529/1529/1529 
f 1400/1400/1400 1529/1529/1529 1528/1528/1528 
f 1408/1408/1408 1530/1530/1530 1529/1529/1529 
f 1408/1408/1408 1529/1529/1529 1399/1399/1399 
f 1408/1408/1408 1407/1407/1407 1531/1531/1531 
f 1408/1408/1408 1531/1531/1531 1530/1530/1530 
f 1407/1407/1407 1406/1406/1406 1532/1532/1532 
f 1407/1407/1407 1532/1532/1532 1531/1531/1531 
f 1406/1406/1406 1405/1405/1405 1533/1533/1533 
f 1406/1406/1406 1533/1533/1533 1532/1532/1532 
f 1405/1405/1405 1476/1476/1476 1534/1534/1534 
f 1405/1405/1405 1534/1534/1534 1533/1533/1533 
f 1535/1535/1535 1536/1536/1536 1537/1537/1537 
f 1535/1535/1535 1537/1537/1537 1538/1538/1538 
f 1539/1539/1539 1540/1540/1540 1535/1535/1535 
f 1539/1539/1539 1535/1535/1535 1538/1538/1538 
f 1532/1532/1532 1533/1533/1533 1541/1541/1541 
f 1532/1532/1532 1541/1541/1541 1542/1542/1542 
f 1531/1531/1531 1532/1532/1532 1542/1542/1542 
f 1531/1531/1531 1542/1542/1542 1543/1543/1543 
f 1530/1530/1530 1531/1531/1531 1543/1543/1543 
f 1530/1530/1530 1543/1543/1543 1544/1544/1544 
f 1529/1529/1529 1530/1530/1530 1544/1544/1544 
f 1529/1529/1529 1544/1544/1544 1545/1545/1545 
f 1528/1528/1528 1529/1529/1529 1545/1545/1545 
f 1528/1528/1528 1545/1545/1545 1546/1546/1546 
f 1526/1526/1526 1528/1528/1528 1546/1546/1546 
f 1526/1526/1526 1546/1546/1546 1547/1547/1547 
f 1527/1527/1527 1526/1526/1526 1547/1547/1547 
f 1527/1527/1527 1547/1547/1547 1548/1548/1548 
f 1525/1525/1525 1524/1524/1524 1549/1549/1549 
f 1525/1525/1525 1549/1549/1549 1550/1550/1550 
f 1551/1551/1551 1552/1552/1552 1523/1523/1523 
f 1551/1551/1551 1523/1523/1523 1522/1522/1522 
f 1553/1553/1553 1554/1554/1554 1521/1521/1521 
f 1553/1553/1553 1521/1521/1521 1520/1520/1520 
f 1519/1519/1519 1518/1518/1518 1555/1555/1555 
f 1519/1519/1519 1555/1555/1555 1556/1556/1556 
f 1533/1533/1533 1534/1534/1534 1557/1557/1557 
f 1533/1533/1533 1557/1557/1557 1541/1541/1541 
f 1558/1558/1558 1471/1471/1471 1472/1472/1472 
f 1558/1558/1558 1472/1472/1472 1559/1559/1559 
f 1365/1365/1365 1367/1367/1367 1560/1560/1560 
f 1365/1365/1365 1560/1560/1560 1561/1561/1561 
f 1362/1362/1362 1365/1365/1365 1561/1561/1561 
f 1362/1362/1362 1561/1561/1561 1562/1562/1562 
f 1363/1363/1363 1362/1362/1362 1562/1562/1562 
f 1363/1363/1363 1562/1562/1562 1563/1563/1563 
f 1379/1379/1379 1363/1363/1363 1563/1563/1563 
f 1379/1379/1379 1563/1563/1563 1564/1564/1564 
f 1377/1377/1377 1379/1379/1379 1564/1564/1564 
f 1377/1377/1377 1564/1564/1564 1565/1565/1565 
f 1374/1374/1374 1377/1377/1377 1565/1565/1565 
f 1374/1374/1374 1565/1565/1565 1566/1566/1566 
f 1375/1375/1375 1374/1374/1374 1566/1566/1566 
f 1375/1375/1375 1566/1566/1566 1567/1567/1567 
f 1568/1568/1568 1477/1477/1477 1375/1375/1375 
f 1568/1568/1568 1375/1375/1375 1567/1567/1567 
f 1371/1371/1371 1370/1370/1370 1569/1569/1569 
f 1371/1371/1371 1569/1569/1569 1570/1570/1570 
f 1571/1571/1571 1572/1572/1572 1573/1573/1573 
f 1571/1571/1571 1573/1573/1573 1574/1574/1574 
f 1572/1572/1572 1575/1575/1575 1576/1576/1576 
f 1572/1572/1572 1576/1576/1576 1573/1573/1573 
f 1575/1575/1575 1577/1577/1577 1578/1578/1578 
f 1575/1575/1575 1578/1578/1578 1576/1576/1576 
f 1577/1577/1577 1579/1579/1579 1580/1580/1580 
f 1577/1577/1577 1580/1580/1580 1578/1578/1578 
f 1581/1581/1581 1582/1582/1582 1580/1580/1580 
f 1581/1581/1581 1580/1580/1580 1579/1579/1579 
f 1581/1581/1581 1583/1583/1583 1584/1584/1584 
f 1581/1581/1581 1584/1584/1584 1582/1582/1582 
f 1583/1583/1583 1585/1585/1585 1586/1586/1586 
f 1583/1583/1583 1586/1586/1586 1584/1584/1584 
f 1585/1585/1585 1587/1587/1587 1588/1588/1588 
f 1585/1585/1585 1588/1588/1588 1586/1586/1586 
f 1587/1587/1587 1589/1589/1589 1590/1590/1590 
f 1587/1587/1587 1590/1590/1590 1588/1588/1588 
f 1589/1589/1589 1591/1591/1591 1592/1592/1592 
f 1589/1589/1589 1592/1592/1592 1590/1590/1590 
f 1591/1591/1591 1593/1593/1593 1594/1594/1594 
f 1591/1591/1591 1594/1594/1594 1592/1592/1592 
f 1593/1593/1593 1595/1595/1595 1596/1596/1596 
f 1593/1593/1593 1596/1596/1596 1594/1594/1594 
f 1597/1597/1597 1598/1598/1598 1599/1599/1599 
f 1597/1597/1597 1599/1599/1599 1600/1600/1600 
f 1601/1601/1601 1602/1602/1602 1603/1603/1603 
f 1602/1602/1602 1571/1571/1571 1574/1574/1574 
f 1602/1602/1602 1574/1574/1574 1603/1603/1603 
f 1604/1604/1604 1605/1605/1605 1606/1606/1606 
f 1607/1607/1607 1608/1608/1608 1609/1609/1609 
f 1607/1607/1607 1609/1609/1609 1610/1610/1610 
f 1611/1611/1611 1606/1606/1606 1612/1612/1612 
f 1613/1613/1613 1614/1614/1614 1615/1615/1615 
f 1613/1613/1613 1615/1615/1615 1616/1616/1616 
f 1617/1617/1617 1618/1618/1618 1619/1619/1619 
f 1617/1617/1617 1619/1619/1619 1620/1620/1620 
f 1621/1621/1621 1622/1622/1622 1623/1623/1623 
f 1621/1621/1621 1623/1623/1623 1624/1624/1624 
f 1625/1625/1625 1626/1626/1626 1622/1622/1622 
f 1625/1625/1625 1622/1622/1622 1621/1621/1621 
f 1627/1627/1627 1628/1628/1628 1626/1626/1626 
f 1627/1627/1627 1626/1626/1626 1625/1625/1625 
f 1629/1629/1629 1630/1630/1630 1628/1628/1628 
f 1629/1629/1629 1628/1628/1628 1627/1627/1627 
f 1629/1629/1629 1631/1631/1631 1632/1632/1632 
f 1629/1629/1629 1632/1632/1632 1630/1630/1630 
f 1633/1633/1633 1634/1634/1634 1632/1632/1632 
f 1633/1633/1633 1632/1632/1632 1631/1631/1631 
f 1635/1635/1635 1636/1636/1636 1634/1634/1634 
f 1635/1635/1635 1634/1634/1634 1633/1633/1633 
f 1637/1637/1637 1638/1638/1638 1636/1636/1636 
f 1637/1637/1637 1636/1636/1636 1635/1635/1635 
f 1639/1639/1639 1640/1640/1640 1638/1638/1638 
f 1639/1639/1639 1638/1638/1638 1637/1637/1637 
f 1641/1641/1641 1642/1642/1642 1640/1640/1640 
f 1641/1641/1641 1640/1640/1640 1639/1639/1639 
f 1643/1643/1643 1644/1644/1644 1642/1642/1642 
f 1643/1643/1643 1642/1642/1642 1641/1641/1641 
f 1645/1645/1645 1646/1646/1646 1647/1647/1647 
f 1645/1645/1645 1647/1647/1647 1648/1648/1648 
f 1649/1649/1649 1650/1650/1650 1651/1651/1651 
f 1649/1649/1649 1651/1651/1651 1652/1652/1652 
f 1653/1653/1653 1654/1654/1654 1655/1655/1655 
f 1653/1653/1653 1655/1655/1655 1656/1656/1656 
f 1657/1657/1657 1658/1658/1658 1659/1659/1659 
f 1657/1657/1657 1659/1659/1659 1660/1660/1660 
f 1624/1624/1624 1623/1623/1623 1658/1658/1658 
f 1624/1624/1624 1658/1658/1658 1657/1657/1657 
f 1661/1661/1661 1662/1662/1662 1663/1663/1663 
f 1664/1664/1664 1665/1665/1665 1666/1666/1666 
f 1664/1664/1664 1666/1666/1666 1667/1667/1667 
f 1668/1668/1668 1669/1669/1669 1670/1670/1670 
f 1668/1668/1668 1670/1670/1670 1671/1671/1671 
f 1672/1672/1672 1673/1673/1673 1674/1674/1674 
f 1672/1672/1672 1674/1674/1674 1675/1675/1675 
f 1611/1611/1611 1676/1676/1676 1677/1677/1677 
f 1611/1611/1611 1677/1677/1677 1606/1606/1606 
f 1678/1678/1678 1679/1679/1679 1680/1680/1680 
f 1681/1681/1681 1682/1682/1682 1683/1683/1683 
f 1681/1681/1681 1683/1683/1683 1684/1684/1684 
f 1681/1681/1681 1684/1684/1684 1685/1685/1685 
f 1686/1686/1686 1680/1680/1680 1679/1679/1679 
f 1677/1677/1677 1604/1604/1604 1606/1606/1606 
f 1687/1687/1687 1688/1688/1688 1689/1689/1689 
f 1687/1687/1687 1689/1689/1689 1690/1690/1690 
f 1614/1614/1614 1691/1691/1691 1692/1692/1692 
f 1614/1614/1614 1692/1692/1692 1615/1615/1615 
f 1693/1693/1693 1694/1694/1694 1673/1673/1673 
f 1693/1693/1693 1673/1673/1673 1672/1672/1672 
f 1695/1695/1695 1696/1696/1696 1697/1697/1697 
f 1695/1695/1695 1697/1697/1697 1698/1698/1698 
f 1698/1698/1698 1697/1697/1697 1699/1699/1699 
f 1698/1698/1698 1699/1699/1699 1700/1700/1700 
f 1700/1700/1700 1699/1699/1699 1701/1701/1701 
f 1700/1700/1700 1701/1701/1701 1702/1702/1702 
f 1702/1702/1702 1701/1701/1701 1703/1703/1703 
f 1702/1702/1702 1703/1703/1703 1704/1704/1704 
f 1705/1705/1705 1704/1704/1704 1703/1703/1703 
f 1705/1705/1705 1703/1703/1703 1706/1706/1706 
f 1705/1705/1705 1706/1706/1706 1707/1707/1707 
f 1705/1705/1705 1707/1707/1707 1708/1708/1708 
f 1708/1708/1708 1707/1707/1707 1709/1709/1709 
f 1708/1708/1708 1709/1709/1709 1710/1710/1710 
f 1710/1710/1710 1709/1709/1709 1711/1711/1711 
f 1710/1710/1710 1711/1711/1711 1712/1712/1712 
f 1712/1712/1712 1711/1711/1711 1713/1713/1713 
f 1712/1712/1712 1713/1713/1713 1714/1714/1714 
f 1714/1714/1714 1713/1713/1713 1715/1715/1715 
f 1714/1714/1714 1715/1715/1715 1716/1716/1716 
f 1716/1716/1716 1715/1715/1715 1717/1717/1717 
f 1716/1716/1716 1717/1717/1717 1718/1718/1718 
f 1718/1718/1718 1717/1717/1717 1719/1719/1719 
f 1718/1718/1718 1719/1719/1719 1720/1720/1720 
f 1721/1721/1721 1722/1722/1722 1723/1723/1723 
f 1721/1721/1721 1723/1723/1723 1724/1724/1724 
f 1725/1725/1725 1726/1726/1726 1727/1727/1727 
f 1725/1725/1725 1727/1727/1727 1728/1728/1728 
f 1729/1729/1729 1730/1730/1730 1731/1731/1731 
f 1729/1729/1729 1731/1731/1731 1732/1732/1732 
f 1733/1733/1733 1734/1734/1734 1735/1735/1735 
f 1733/1733/1733 1735/1735/1735 1736/1736/1736 
f 1736/1736/1736 1735/1735/1735 1696/1696/1696 
f 1736/1736/1736 1696/1696/1696 1695/1695/1695 
f 1737/1737/1737 1738/1738/1738 1739/1739/1739 
f 1740/1740/1740 1741/1741/1741 1742/1742/1742 
f 1740/1740/1740 1742/1742/1742 1743/1743/1743 
f 1744/1744/1744 1745/1745/1745 1746/1746/1746 
f 1744/1744/1744 1746/1746/1746 1747/1747/1747 
f 1748/1748/1748 1749/1749/1749 1738/1738/1738 
f 1750/1750/1750 1751/1751/1751 1752/1752/1752 
f 1750/1750/1750 1752/1752/1752 1753/1753/1753 
f 1617/1617/1617 1754/1754/1754 1755/1755/1755 
f 1617/1617/1617 1755/1755/1755 1756/1756/1756 
f 1757/1757/1757 1758/1758/1758 1759/1759/1759 
f 1757/1757/1757 1759/1759/1759 1760/1760/1760 
f 1761/1761/1761 1757/1757/1757 1760/1760/1760 
f 1761/1761/1761 1760/1760/1760 1762/1762/1762 
f 1763/1763/1763 1761/1761/1761 1762/1762/1762 
f 1763/1763/1763 1762/1762/1762 1764/1764/1764 
f 1765/1765/1765 1763/1763/1763 1764/1764/1764 
f 1765/1765/1765 1764/1764/1764 1766/1766/1766 
f 1765/1765/1765 1766/1766/1766 1767/1767/1767 
f 1765/1765/1765 1767/1767/1767 1768/1768/1768 
f 1769/1769/1769 1768/1768/1768 1767/1767/1767 
f 1769/1769/1769 1767/1767/1767 1770/1770/1770 
f 1771/1771/1771 1769/1769/1769 1770/1770/1770 
f 1771/1771/1771 1770/1770/1770 1772/1772/1772 
f 1773/1773/1773 1771/1771/1771 1772/1772/1772 
f 1773/1773/1773 1772/1772/1772 1774/1774/1774 
f 1775/1775/1775 1773/1773/1773 1774/1774/1774 
f 1775/1775/1775 1774/1774/1774 1776/1776/1776 
f 1777/1777/1777 1775/1775/1775 1776/1776/1776 
f 1777/1777/1777 1776/1776/1776 1778/1778/1778 
f 1779/1779/1779 1777/1777/1777 1778/1778/1778 
f 1779/1779/1779 1778/1778/1778 1780/1780/1780 
f 1781/1781/1781 1782/1782/1782 1783/1783/1783 
f 1781/1781/1781 1783/1783/1783 1784/1784/1784 
f 1785/1785/1785 1786/1786/1786 1787/1787/1787 
f 1788/1788/1788 1789/1789/1789 1790/1790/1790 
f 1788/1788/1788 1790/1790/1790 1791/1791/1791 
f 1792/1792/1792 1793/1793/1793 1794/1794/1794 
f 1792/1792/1792 1794/1794/1794 1795/1795/1795 
f 1758/1758/1758 1792/1792/1792 1795/1795/1795 
f 1758/1758/1758 1795/1795/1795 1759/1759/1759 
f 1796/1796/1796 1797/1797/1797 1798/1798/1798 
f 1799/1799/1799 1800/1800/1800 1801/1801/1801 
f 1799/1799/1799 1801/1801/1801 1802/1802/1802 
f 1803/1803/1803 1804/1804/1804 1805/1805/1805 
f 1803/1803/1803 1805/1805/1805 1806/1806/1806 
f 1807/1807/1807 1808/1808/1808 1809/1809/1809 
f 1807/1807/1807 1809/1809/1809 1810/1810/1810 
f 1748/1748/1748 1738/1738/1738 1811/1811/1811 
f 1748/1748/1748 1811/1811/1811 1812/1812/1812 
f 1813/1813/1813 1814/1814/1814 1815/1815/1815 
f 1744/1744/1744 1816/1816/1816 1745/1745/1745 
f 1738/1738/1738 1749/1749/1749 1817/1817/1817 
f 1738/1738/1738 1817/1817/1817 1818/1818/1818 
f 1811/1811/1811 1738/1738/1738 1737/1737/1737 
f 1753/1753/1753 1752/1752/1752 1819/1819/1819 
f 1753/1753/1753 1819/1819/1819 1820/1820/1820 
f 1821/1821/1821 1807/1807/1807 1810/1810/1810 
f 1821/1821/1821 1810/1810/1810 1822/1822/1822 
f 1823/1823/1823 1814/1814/1814 1813/1813/1813 
f 1744/1744/1744 1814/1814/1814 1824/1824/1824 
f 1744/1744/1744 1824/1824/1824 1816/1816/1816 
f 1814/1814/1814 1825/1825/1825 1815/1815/1815 
f 1606/1606/1606 1826/1826/1826 1827/1827/1827 
f 1606/1606/1606 1827/1827/1827 1612/1612/1612 
f 1680/1680/1680 1828/1828/1828 1678/1678/1678 
f 1681/1681/1681 1690/1690/1690 1689/1689/1689 
f 1681/1681/1681 1689/1689/1689 1682/1682/1682 
f 1747/1747/1747 1746/1746/1746 1829/1829/1829 
f 1747/1747/1747 1829/1829/1829 1830/1830/1830 
f 1805/1805/1805 1804/1804/1804 1831/1831/1831 
f 1805/1805/1805 1831/1831/1831 1832/1832/1832 
f 1833/1833/1833 1617/1617/1617 1756/1756/1756 
f 1833/1833/1833 1756/1756/1756 1834/1834/1834 
f 1833/1833/1833 1835/1835/1835 1618/1618/1618 
f 1833/1833/1833 1618/1618/1618 1617/1617/1617 
f 1671/1671/1671 1670/1670/1670 1836/1836/1836 
f 1671/1671/1671 1836/1836/1836 1837/1837/1837 
f 1830/1830/1830 1829/1829/1829 1838/1838/1838 
f 1830/1830/1830 1838/1838/1838 1839/1839/1839 
f 1832/1832/1832 1831/1831/1831 1840/1840/1840 
f 1832/1832/1832 1840/1840/1840 1841/1841/1841 
f 1842/1842/1842 1833/1833/1833 1834/1834/1834 
f 1842/1842/1842 1834/1834/1834 1843/1843/1843 
f 1842/1842/1842 1844/1844/1844 1835/1835/1835 
f 1842/1842/1842 1835/1835/1835 1833/1833/1833 
f 1837/1837/1837 1836/1836/1836 1845/1845/1845 
f 1837/1837/1837 1845/1845/1845 1846/1846/1846 
f 1847/1847/1847 1848/1848/1848 1688/1688/1688 
f 1847/1847/1847 1688/1688/1688 1687/1687/1687 

g Cleetus2

v 73.6076 2.35189 -11.4253 
v 73.2998 2.29189 -11.3964 
v 73.2934 2.49879 -11.3128 
v 73.6007 2.54049 -11.3475 
v 73.2752 2.27229 -11.3653 
v 73.2674 2.48319 -11.2807 
v 73.2934 2.49879 -11.3128 
v 73.2998 2.29189 -11.3964 
v 73.6363 2.53319 -11.3223 
v 73.6443 2.33749 -11.4053 
v 73.6076 2.35189 -11.4253 
v 73.6007 2.54049 -11.3475 
v 73.3355 2.10259 -11.1106 
v 73.3153 2.36869 -10.9944 
v 73.2674 2.48319 -11.2807 
v 73.2752 2.27229 -11.3653 
v 73.684 2.41869 -11.036 
v 73.7047 2.16779 -11.1506 
v 73.6443 2.33749 -11.4053 
v 73.6363 2.53319 -11.3223 
v 73.3722 2.08809 -11.0907 
v 73.3508 2.36129 -10.9693 
v 73.3153 2.36869 -10.9944 
v 73.3355 2.10259 -11.1106 
v 73.6581 2.40299 -11.0039 
v 73.6801 2.14819 -11.1196 
v 73.7047 2.16779 -11.1506 
v 73.684 2.41869 -11.036 
v 73.3722 2.08809 -11.0907 
v 73.6801 2.14819 -11.1196 
v 73.6581 2.40299 -11.0039 
v 73.3508 2.36129 -10.9693 
v 73.5705 3.10019 -10.7656 
v 73.3813 3.54349 -10.8286 
v 73.2844 3.50279 -10.7241 
v 73.4737 3.05889 -10.6612 
v 73.1382 3.44529 -10.6542 
v 73.3265 3.00379 -10.5914 
v 72.8587 3.34009 -10.632 
v 73.0436 2.90749 -10.5693 
v 72.9966 2.94649 -11.1748 
v 72.8203 3.35339 -11.2386 
v 72.862 3.36879 -11.2711 
v 73.0389 2.96029 -11.2073 
v 73.3113 3.04939 -11.1861 
v 73.1306 3.46809 -11.2498 
v 73.2786 3.52029 -11.18 
v 73.462 3.09379 -11.1163 
v 73.3782 3.55289 -11.0754 
v 73.5642 3.11899 -11.0119 
v 73.4021 3.55669 -10.9519 
v 73.5902 3.11689 -10.8886 
v 73.2147 3.82259 -10.9063 
v 72.7317 3.62309 -11.0152 
v 73.1292 3.78729 -10.814 
v 73.0013 3.73439 -10.7523 
v 72.7317 3.62309 -10.7306 
v 72.758 3.63389 -10.7328 
v 72.7317 3.62309 -11.2639 
v 73.0013 3.73439 -11.278 
v 72.768 3.63799 -11.2968 
v 73.1292 3.78729 -11.2164 
v 73.1292 3.78729 -11.2164 
v 72.7317 3.62309 -11.0152 
v 73.2147 3.82259 -11.1241 
v 73.2147 3.82259 -11.1241 
v 72.7317 3.62309 -11.0152 
v 73.234 3.83109 -11.0151 
v 73.234 3.83109 -11.0151 
v 72.7317 3.62309 -11.0152 
v 73.2147 3.82259 -10.9063 
v 73.4998 2.98369 -10.6705 
v 73.5936 3.03149 -10.7749 
v 73.3545 2.92579 -10.5994 
v 73.0715 2.83319 -10.5731 
v 73.0461 2.93779 -11.2016 
v 73.0035 2.92509 -11.1684 
v 73.4734 3.05569 -11.1187 
v 73.3199 3.01989 -11.185 
v 73.5793 3.07039 -11.0174 
v 73.6094 3.05759 -10.8965 
v 72.7317 3.62309 -11.2639 
v 72.7143 3.57369 -11.2958 
v 72.7147 3.57239 -11.0092 
v 72.7317 3.62309 -11.0152 
v 72.7317 3.62309 -11.0152 
v 72.7147 3.57239 -11.0092 
v 72.7152 3.57109 -10.7251 
v 72.7317 3.62309 -10.7306 
v 73.0035 2.92509 -11.1684 
v 73.0222 2.87419 -10.8872 
v 73.0049 2.92179 -10.8888 
v 72.9966 2.94649 -11.1748 
v 73.0222 2.87419 -10.8872 
v 73.0409 2.82319 -10.6096 
v 73.0131 2.89719 -10.6062 
v 73.0049 2.92179 -10.8888 
v 73.677 2.26229 -11.0102 
v 73.2134 2.32109 -11.1614 
v 73.7649 2.30889 -11.1157 
v 73.534 2.22549 -10.9295 
v 73.2509 2.19899 -10.875 
v 73.4552 2.45329 -11.4612 
v 73.1711 2.44229 -11.4467 
v 73.6167 2.43659 -11.4171 
v 73.7322 2.40329 -11.336 
v 73.7724 2.35419 -11.2301 
v 73.7996 2.40489 -11.2199 
v 73.792 2.35459 -11.0932 
v 73.7649 2.30889 -11.1157 
v 73.7724 2.35419 -11.2301 
v 73.6954 2.30129 -10.976 
v 73.677 2.26229 -11.0102 
v 73.5376 2.25789 -10.8863 
v 73.534 2.22549 -10.9295 
v 73.2209 2.22179 -10.8252 
v 73.2509 2.19899 -10.875 
v 73.1699 2.31789 -11.1566 
v 73.2076 2.21119 -10.904 
v 73.1821 2.23359 -10.8541 
v 73.1377 2.35419 -11.1369 
v 73.132 2.42579 -11.4124 
v 73.1699 2.31789 -11.1566 
v 73.1377 2.35419 -11.1369 
v 73.0911 2.47619 -11.4227 
v 73.1374 2.49089 -11.4588 
v 73.1711 2.44229 -11.4467 
v 73.132 2.42579 -11.4124 
v 73.0911 2.47619 -11.4227 
v 73.6264 2.49249 -11.4269 
v 73.6167 2.43659 -11.4171 
v 73.4552 2.45329 -11.4612 
v 73.4476 2.50769 -11.4754 
v 73.7547 2.45809 -11.3372 
v 73.7322 2.40329 -11.336 
v 73.1821 2.23359 -10.8541 
v 73.2076 2.21119 -10.904 
v 73.2509 2.19899 -10.875 
v 73.2209 2.22179 -10.8252 
v 73.0436 2.90749 -10.5693 
v 73.0131 2.89719 -10.6062 
v 73.0409 2.82319 -10.6096 
v 73.0715 2.83319 -10.5731 
v 72.8587 3.34009 -10.632 
v 72.8286 3.32869 -10.6689 
v 73.1711 2.44229 -11.4467 
v 73.1374 2.49089 -11.4588 
v 73.0389 2.96029 -11.2073 
v 73.0461 2.93779 -11.2016 
v 72.862 3.36879 -11.2711 
v 72.758 3.63389 -10.7328 
v 72.7317 3.62309 -10.7306 
v 72.7152 3.57109 -10.7251 
v 72.745 3.58329 -10.6882 
v 73.0215 3.69649 -10.7104 
v 73.0013 3.73439 -10.7523 
v 72.758 3.63389 -10.7328 
v 72.745 3.58329 -10.6882 
v 73.1667 3.75619 -10.7804 
v 73.1292 3.78729 -10.814 
v 73.2637 3.79639 -10.8851 
v 73.2147 3.82259 -10.9063 
v 73.2855 3.80639 -11.0086 
v 73.234 3.83109 -11.0151 
v 73.2634 3.79729 -11.1322 
v 73.2147 3.82259 -11.1241 
v 73.1661 3.75799 -11.237 
v 73.1292 3.78729 -11.2164 
v 73.0207 3.69889 -11.307 
v 73.0013 3.73439 -11.278 
v 72.768 3.63799 -11.2968 
v 72.7555 3.59049 -11.3282 
v 72.7143 3.57369 -11.2958 
v 72.7317 3.62309 -11.2639 
v 72.768 3.63799 -11.2968 
v 72.7555 3.59049 -11.3282 
v 72.7147 3.57239 -11.0092 
v 73.0131 2.89719 -10.6062 
v 72.8286 3.32869 -10.6689 
v 72.7152 3.57109 -10.7251 
v 72.7147 3.57239 -11.0092 
v 73.0049 2.92179 -10.8888 
v 73.0131 2.89719 -10.6062 
v 72.7147 3.57239 -11.0092 
v 72.9966 2.94649 -11.1748 
v 73.0049 2.92179 -10.8888 
v 72.7143 3.57369 -11.2958 
v 72.8203 3.35339 -11.2386 
v 72.9966 2.94649 -11.1748 
v 72.7147 3.57239 -11.0092 
v 73.0843 2.74299 -11.3314 
v 73.0399 2.72919 -11.2967 
v 73.0727 2.64239 -11.0132 
v 73.0399 2.72919 -11.2967 
v 73.1044 2.55639 -10.7329 
v 73.0727 2.64239 -11.0132 
v 73.1044 2.55639 -10.7329 
v 73.1391 2.55539 -10.7003 
v 73.1391 2.55539 -10.7003 
v 73.4391 2.61939 -10.7442 
v 73.5907 2.66999 -10.8246 
v 73.6859 2.72059 -10.9355 
v 73.6976 2.75889 -11.0597 
v 73.66 2.79209 -11.1788 
v 73.5428 2.80219 -11.2742 
v 73.3765 2.79209 -11.3315 
v 73.0843 2.74299 -11.3314 
v 73.2134 2.32109 -11.1614 
v 73.1699 2.31789 -11.1566 
v 73.132 2.42579 -11.4124 
v 73.1711 2.44229 -11.4467 
v 73.2076 2.21119 -10.904 
v 73.2509 2.19899 -10.875 
v 73.6264 2.49249 -11.4269 
v 73.4476 2.50769 -11.4754 
v 73.7547 2.45809 -11.3372 
v 73.7996 2.40489 -11.2199 
v 73.792 2.35459 -11.0932 
v 73.6954 2.30129 -10.976 
v 73.5376 2.25789 -10.8863 
v 73.2209 2.22179 -10.8252 
v 73.1821 2.23359 -10.8541 
v 73.2209 2.22179 -10.8252 
v 73.1821 2.23359 -10.8541 
v 73.1377 2.35419 -11.1369 
v 73.1377 2.35419 -11.1369 
v 73.0911 2.47619 -11.4227 
v 73.1374 2.49089 -11.4588 
v 73.0911 2.47619 -11.4227 
v 73.1374 2.49089 -11.4588 
v 72.745 3.58329 -10.6882 
v 72.7152 3.57109 -10.7251 
v 73.0215 3.69649 -10.7104 
v 72.745 3.58329 -10.6882 
v 73.1667 3.75619 -10.7804 
v 73.2637 3.79639 -10.8851 
v 73.2855 3.80639 -11.0086 
v 73.2634 3.79729 -11.1322 
v 73.1661 3.75799 -11.237 
v 73.0207 3.69889 -11.307 
v 72.7555 3.59049 -11.3282 
v 72.7143 3.57369 -11.2958 
v 72.7555 3.59049 -11.3282 
v 73.178 2.08759 -11.2422 
v 73.203 2.02409 -11.0957 
v 73.2691 2.12159 -10.9996 
v 73.2347 2.20829 -11.1995 
v 73.3599 2.17709 -10.991 
v 73.3263 2.26469 -11.1908 
v 73.4842 2.21619 -10.9953 
v 73.4506 2.30379 -11.1951 
v 73.6152 2.21739 -11.0172 
v 73.5816 2.30509 -11.217 
v 73.697 2.26769 -11.253 
v 73.7306 2.18019 -11.0532 
v 73.8398 2.10089 -11.1062 
v 73.8062 2.18839 -11.3061 
v 73.8829 1.98889 -11.1622 
v 73.8493 2.07649 -11.362 
v 73.877 1.86879 -11.2133 
v 73.8434 1.95649 -11.4131 
v 73.826 1.76199 -11.2509 
v 73.7924 1.84959 -11.4507 
v 73.7659 1.69739 -11.2687 
v 73.7323 1.78489 -11.4685 
v 73.6732 1.64999 -11.2734 
v 73.6397 1.73759 -11.4731 
v 73.6089 1.67329 -11.2523 
v 73.5753 1.76079 -11.452 
v 73.56 1.78979 -11.4368 
v 73.5753 1.76079 -11.452 
v 73.6089 1.67329 -11.2523 
v 73.5935 1.70239 -11.2371 
v 73.2003 1.89099 -11.3313 
v 73.185 1.95269 -11.205 
v 73.1713 1.98719 -11.2846 
v 73.6856 1.67619 -11.2138 
v 73.7579 1.93189 -11.1151 
v 73.6438 1.69109 -11.2002 
v 73.698 1.92079 -11.1601 
v 73.6639 2.00759 -11.3601 
v 73.56 1.78979 -11.4368 
v 73.5935 1.70239 -11.2371 
v 73.8443 1.86319 -11.1597 
v 73.8509 1.96299 -11.1175 
v 73.4357 2.01499 -11.0743 
v 73.4016 2.10179 -11.2743 
v 73.533 2.05469 -11.3173 
v 73.5671 1.96779 -11.1173 
v 73.3563 2.01639 -11.3036 
v 73.4016 2.10179 -11.2743 
v 73.4357 2.01499 -11.0743 
v 73.3824 1.94969 -11.1516 
v 73.2691 2.12159 -10.9996 
v 73.203 2.02409 -11.0957 
v 73.2522 1.99279 -11.0581 
v 73.3183 2.08829 -10.9693 
v 73.3599 2.17709 -10.991 
v 73.3878 2.12939 -10.9661 
v 73.4842 2.21619 -10.9953 
v 73.4967 2.16179 -10.9706 
v 73.6152 2.21739 -11.0172 
v 73.6124 2.16189 -10.9903 
v 73.7141 2.12959 -11.0218 
v 73.7306 2.18019 -11.0532 
v 73.8398 2.10089 -11.1062 
v 73.8126 2.05239 -11.0722 
v 73.8829 1.98889 -11.1622 
v 73.8509 1.96299 -11.1175 
v 73.877 1.86879 -11.2133 
v 73.8443 1.86319 -11.1597 
v 73.826 1.76199 -11.2509 
v 73.7949 1.76149 -11.1954 
v 73.7659 1.69739 -11.2687 
v 73.7501 1.71449 -11.2082 
v 73.6732 1.64999 -11.2734 
v 73.6856 1.67619 -11.2138 
v 73.6089 1.67329 -11.2523 
v 73.6732 1.64999 -11.2734 
v 73.6856 1.67619 -11.2138 
v 73.6438 1.69109 -11.2002 
v 73.2545 1.87179 -11.3489 
v 73.2952 1.88109 -11.3518 
v 73.31 1.87479 -11.3003 
v 73.2656 1.86669 -11.3057 
v 73.2003 1.89099 -11.3313 
v 73.2545 1.87179 -11.3489 
v 73.2656 1.86669 -11.3057 
v 73.2395 1.87189 -11.2881 
v 73.185 1.95269 -11.205 
v 73.2003 1.89099 -11.3313 
v 73.2395 1.87189 -11.2881 
v 73.2318 1.91549 -11.1778 
v 73.5935 1.70239 -11.2371 
v 73.6089 1.67329 -11.2523 
v 73.6438 1.69109 -11.2002 
v 73.6438 1.69109 -11.2002 
v 73.7579 1.93189 -11.1151 
v 73.698 1.92079 -11.1601 
v 73.5935 1.70239 -11.2371 
v 73.4291 2.05279 -11.0036 
v 73.3567 1.95789 -11.1201 
v 73.3824 1.94969 -11.1516 
v 73.4357 2.01499 -11.0743 
v 73.5935 1.99139 -11.0612 
v 73.4291 2.05279 -11.0036 
v 73.4357 2.01499 -11.0743 
v 73.5671 1.96779 -11.1173 
v 73.7501 1.71449 -11.2082 
v 73.7949 1.76149 -11.1954 
v 73.6124 2.16189 -10.9903 
v 73.5935 1.99139 -11.0612 
v 73.7141 2.12959 -11.0218 
v 73.4291 2.05279 -11.0036 
v 73.3878 2.12939 -10.9661 
v 73.3183 2.08829 -10.9693 
v 73.5935 1.99139 -11.0612 
v 73.4967 2.16179 -10.9706 
v 73.8126 2.05239 -11.0722 
v 73.3088 1.90199 -11.2033 
v 73.3567 1.95789 -11.1201 
v 73.2522 1.99279 -11.0581 
v 73.2318 1.91549 -11.1778 
v 73.6639 2.00759 -11.3601 
v 73.698 1.92079 -11.1601 
v 73.7579 1.93189 -11.1151 
v 73.698 1.92079 -11.1601 
v 73.178 2.08759 -11.2422 
v 73.2347 2.20829 -11.1995 
v 73.1925 2.31359 -11.4419 
v 73.1363 2.19279 -11.4847 
v 73.3263 2.26469 -11.1908 
v 73.284 2.36909 -11.4336 
v 73.4506 2.30379 -11.1951 
v 73.4083 2.40819 -11.438 
v 73.5816 2.30509 -11.217 
v 73.5393 2.40939 -11.4599 
v 73.697 2.26769 -11.253 
v 73.6548 2.37209 -11.4959 
v 73.8062 2.18839 -11.3061 
v 73.7639 2.29289 -11.5489 
v 73.8493 2.07649 -11.362 
v 73.807 2.18089 -11.6049 
v 73.8434 1.95649 -11.4131 
v 73.8011 2.06079 -11.6559 
v 73.7924 1.84959 -11.4507 
v 73.7502 1.95389 -11.6935 
v 73.7323 1.78489 -11.4685 
v 73.6901 1.88929 -11.7112 
v 73.6397 1.73759 -11.4731 
v 73.5974 1.84179 -11.7159 
v 73.5753 1.76079 -11.452 
v 73.5331 1.86519 -11.6947 
v 73.56 1.78979 -11.4368 
v 73.5177 1.89419 -11.6795 
v 73.5331 1.86519 -11.6947 
v 73.5753 1.76079 -11.452 
v 73.2952 1.88109 -11.3518 
v 73.2545 1.87179 -11.3489 
v 73.2129 1.97679 -11.5914 
v 73.2537 1.98609 -11.5943 
v 73.2545 1.87179 -11.3489 
v 73.2003 1.89099 -11.3313 
v 73.1587 1.99609 -11.5737 
v 73.2129 1.97679 -11.5914 
v 73.2003 1.89099 -11.3313 
v 73.1713 1.98719 -11.2846 
v 73.1297 2.09239 -11.527 
v 73.1587 1.99609 -11.5737 
v 73.5956 1.90399 -11.739 
v 73.5538 1.91889 -11.7254 
v 73.6679 2.15979 -11.6406 
v 73.6222 2.11279 -11.6027 
v 73.5177 1.89419 -11.6795 
v 73.56 1.78979 -11.4368 
v 73.6639 2.00759 -11.3601 
v 73.3385 2.27889 -11.5324 
v 73.2786 2.15519 -11.5757 
v 73.17 2.19989 -11.5377 
v 73.2279 2.31709 -11.4969 
v 73.7543 2.09109 -11.6852 
v 73.7608 2.19089 -11.6431 
v 73.3599 2.20699 -11.5169 
v 73.4913 2.15969 -11.5599 
v 73.533 2.05469 -11.3173 
v 73.4016 2.10179 -11.2743 
v 73.3147 2.12159 -11.5461 
v 73.3599 2.20699 -11.5169 
v 73.4016 2.10179 -11.2743 
v 73.1925 2.31359 -11.4419 
v 73.2279 2.31709 -11.4969 
v 73.17 2.19989 -11.5377 
v 73.1363 2.19279 -11.4847 
v 73.284 2.36909 -11.4336 
v 73.2978 2.35729 -11.4915 
v 73.4083 2.40819 -11.438 
v 73.4067 2.38969 -11.4962 
v 73.5393 2.40939 -11.4599 
v 73.5223 2.38989 -11.5159 
v 73.6548 2.37209 -11.4959 
v 73.624 2.35749 -11.5474 
v 73.7639 2.29289 -11.5489 
v 73.7231 2.28849 -11.5943 
v 73.807 2.18089 -11.6049 
v 73.7608 2.19089 -11.6431 
v 73.8011 2.06079 -11.6559 
v 73.7543 2.09109 -11.6852 
v 73.7502 1.95389 -11.6935 
v 73.7049 1.98939 -11.7208 
v 73.6901 1.88929 -11.7112 
v 73.6601 1.94229 -11.7335 
v 73.5974 1.84179 -11.7159 
v 73.5956 1.90399 -11.739 
v 73.5331 1.86519 -11.6947 
v 73.5538 1.91889 -11.7254 
v 73.5956 1.90399 -11.739 
v 73.5974 1.84179 -11.7159 
v 73.2129 1.97679 -11.5914 
v 73.2205 2.03149 -11.6193 
v 73.2537 1.98609 -11.5943 
v 73.1587 1.99609 -11.5737 
v 73.1846 2.04399 -11.6077 
v 73.2205 2.03149 -11.6193 
v 73.2129 1.97679 -11.5914 
v 73.1297 2.09239 -11.527 
v 73.1669 2.12069 -11.5715 
v 73.1846 2.04399 -11.6077 
v 73.1587 1.99609 -11.5737 
v 73.5177 1.89419 -11.6795 
v 73.5538 1.91889 -11.7254 
v 73.5331 1.86519 -11.6947 
v 73.5538 1.91889 -11.7254 
v 73.5177 1.89419 -11.6795 
v 73.6222 2.11279 -11.6027 
v 73.6679 2.15979 -11.6406 
v 73.3385 2.27889 -11.5324 
v 73.3599 2.20699 -11.5169 
v 73.3147 2.12159 -11.5461 
v 73.2786 2.15519 -11.5757 
v 73.5035 2.21919 -11.5866 
v 73.4913 2.15969 -11.5599 
v 73.3599 2.20699 -11.5169 
v 73.3385 2.27889 -11.5324 
v 73.7049 1.98939 -11.7208 
v 73.6601 1.94229 -11.7335 
v 73.5223 2.38989 -11.5159 
v 73.624 2.35749 -11.5474 
v 73.5035 2.21919 -11.5866 
v 73.2978 2.35729 -11.4915 
v 73.5035 2.21919 -11.5866 
v 73.7231 2.28849 -11.5943 
v 73.6222 2.11279 -11.6027 
v 73.6639 2.00759 -11.3601 
v 73.6679 2.15979 -11.6406 
v 73.6222 2.11279 -11.6027 
v 73.4067 2.38969 -11.4962 
v 73.4067 2.38969 -11.4962 
v 73.7231 2.28849 -11.5943 
v 73.8126 2.05239 -11.0722 
v 73.5935 1.99139 -11.0612 
v 73.4967 2.16179 -10.9706 
v 73.2487 2.09339 -11.5974 
v 73.1669 2.12069 -11.5715 
v 73.2842 2.05379 -11.5702 
v 73.2487 2.09339 -11.5974 
v 73.3257 1.94879 -11.3277 
v 73.2842 2.05379 -11.5702 
v 73.3438 1.90289 -11.2221 
v 73.3088 1.90199 -11.2033 
v 73.3438 1.90289 -11.2221 
v 73.2205 2.03149 -11.6193 
v 73.1846 2.04399 -11.6077 
v 73.2537 1.98609 -11.5943 
v 73.2205 2.03149 -11.6193 
v 73.2952 1.88109 -11.3518 
v 73.2537 1.98609 -11.5943 
v 73.31 1.87479 -11.3003 
v 73.2656 1.86669 -11.3057 
v 73.31 1.87479 -11.3003 
v 73.2656 1.86669 -11.3057 
v 73.2395 1.87189 -11.2881 

vn -0.15748 0.370079 -0.913386 
vn -0.15748 0.370079 -0.913386 
vn -0.15748 0.370079 -0.913386 
vn -0.15748 0.370079 -0.913386 
vn -0.818898 0.188976 -0.543307 
vn -0.818898 0.188976 -0.543307 
vn -0.818898 0.188976 -0.543307 
vn -0.818898 0.188976 -0.543307 
vn 0.566929 0.338583 -0.748031 
vn 0.566929 0.338583 -0.748031 
vn 0.566929 0.338583 -0.748031 
vn 0.566929 0.338583 -0.748031 
vn -0.984252 -0.11811 0.133858 
vn -0.984252 -0.11811 0.133858 
vn -0.984252 -0.11811 0.133858 
vn -0.984252 -0.11811 0.133858 
vn 0.984252 0.11811 -0.133858 
vn 0.984252 0.11811 -0.133858 
vn 0.984252 0.11811 -0.133858 
vn 0.984252 0.11811 -0.133858 
vn -0.566929 -0.370079 0.732283 
vn -0.566929 -0.370079 0.732283 
vn -0.566929 -0.370079 0.732283 
vn -0.566929 -0.370079 0.732283 
vn 0.811024 -0.181102 0.551181 
vn 0.811024 -0.181102 0.551181 
vn 0.811024 -0.181102 0.551181 
vn 0.811024 -0.181102 0.551181 
vn 0.15748 -0.393701 0.905512 
vn 0.15748 -0.393701 0.905512 
vn 0.15748 -0.393701 0.905512 
vn 0.15748 -0.393701 0.905512 
vn 0.818898 0.330709 0.472441 
vn 0.771654 0.425197 0.472441 
vn 0.464567 0.346457 0.818898 
vn 0.519685 0.220472 0.826772 
vn 0.165354 0.23622 0.96063 
vn 0.220472 0.11811 0.968504 
vn 0.015748 0.173228 0.984252 
vn 0.0551181 0.0629921 1 
vn -0.488189 -0.370079 -0.787402 
vn -0.480315 -0.370079 -0.795276 
vn -0.480315 -0.370079 -0.795276 
vn -0.488189 -0.370079 -0.787402 
vn 0.259843 -0.015748 -0.968504 
vn 0.275591 -0.0472441 -0.96063 
vn 0.559055 0.110236 -0.818898 
vn 0.543307 0.15748 -0.826772 
vn 0.834646 0.299213 -0.472441 
vn 0.826772 0.299213 -0.472441 
vn 0.913386 0.417323 0.00787402 
vn 0.929134 0.362205 0 
vn -0.377953 0.92126 0 
vn -0.377953 0.92126 0 
vn -0.377953 0.92126 0 
vn -0.377953 0.92126 0 
vn -0.377953 0.92126 0 
vn -0.377953 0.92126 0 
vn -0.377953 0.92126 0 
vn -0.377953 0.92126 0 
vn -0.377953 0.92126 0 
vn -0.377953 0.92126 0 
vn -0.377953 0.92126 0 
vn -0.377953 0.92126 0 
vn -0.377953 0.92126 0 
vn -0.385827 0.92126 -0.00787402 
vn -0.385827 0.92126 -0.00787402 
vn -0.385827 0.92126 -0.00787402 
vn -0.385827 0.92126 0.00787402 
vn -0.385827 0.92126 0.00787402 
vn -0.385827 0.92126 0.00787402 
vn 0.606299 -0.015748 0.795276 
vn 0.88189 0.15748 0.440945 
vn 0.314961 -0.125984 0.944882 
vn 0.149606 -0.173228 0.976378 
vn -0.598425 -0.0708661 -0.795276 
vn -0.598425 -0.0708661 -0.795276 
vn 0.480315 0.346457 -0.80315 
vn 0.173228 0.251969 -0.952756 
vn 0.80315 0.370079 -0.464567 
vn 0.952756 0.299213 -0.00787402 
vn -0.944882 0.322835 0 
vn -0.944882 0.322835 0 
vn -0.944882 0.322835 0 
vn -0.944882 0.322835 0 
vn -0.952756 0.314961 0 
vn -0.952756 0.314961 0 
vn -0.952756 0.314961 0 
vn -0.952756 0.314961 0 
vn -0.96063 -0.275591 0.015748 
vn -0.96063 -0.275591 0.015748 
vn -0.944882 -0.330709 0 
vn -0.944882 -0.330709 0 
vn -0.952756 -0.291339 0.015748 
vn -0.952756 -0.291339 0.015748 
vn -0.937008 -0.346457 0 
vn -0.937008 -0.346457 0 
vn 0.015748 -0.92126 -0.393701 
vn 0.00787402 -0.92126 -0.393701 
vn 0.00787402 -0.92126 -0.377953 
vn 0.00787402 -0.92126 -0.393701 
vn 0.00787402 -0.92126 -0.393701 
vn 0.015748 -0.92126 -0.393701 
vn 0.015748 -0.92126 -0.393701 
vn 0.015748 -0.92126 -0.393701 
vn 0.00787402 -0.913386 -0.409449 
vn 0.00787402 -0.92126 -0.393701 
vn 0.866142 -0.409449 -0.299213 
vn 0.826772 -0.551181 0.102362 
vn 0.826772 -0.551181 0.102362 
vn 0.866142 -0.409449 -0.299213 
vn 0.614173 -0.669291 0.425197 
vn 0.614173 -0.669291 0.425197 
vn 0.338583 -0.771654 0.535433 
vn 0.338583 -0.771654 0.535433 
vn 0.188976 -0.818898 0.543307 
vn 0.188976 -0.818898 0.543307 
vn -0.779528 -0.606299 -0.133858 
vn -0.779528 -0.606299 -0.133858 
vn -0.779528 -0.606299 -0.133858 
vn -0.779528 -0.606299 -0.133858 
vn -0.76378 -0.629921 -0.149606 
vn -0.76378 -0.629921 -0.149606 
vn -0.76378 -0.629921 -0.149606 
vn -0.76378 -0.629921 -0.149606 
vn -0.433071 -0.496063 -0.748031 
vn -0.433071 -0.496063 -0.748031 
vn -0.433071 -0.496063 -0.748031 
vn -0.433071 -0.496063 -0.748031 
vn 0.377953 -0.220472 -0.897638 
vn 0.377953 -0.220472 -0.897638 
vn 0.102362 -0.23622 -0.968504 
vn 0.102362 -0.23622 -0.968504 
vn 0.685039 -0.299213 -0.669291 
vn 0.685039 -0.299213 -0.669291 
vn -0.393701 -0.897638 0.188976 
vn -0.393701 -0.897638 0.188976 
vn -0.393701 -0.897638 0.188976 
vn -0.393701 -0.897638 0.188976 
vn -0.708661 -0.251969 0.661417 
vn -0.708661 -0.251969 0.661417 
vn -0.669291 -0.346457 0.661417 
vn -0.669291 -0.346457 0.661417 
vn -0.724409 -0.220472 0.653543 
vn -0.724409 -0.220472 0.653543 
vn -0.0393701 -0.259843 -0.96063 
vn -0.0393701 -0.259843 -0.96063 
vn 0.110236 -0.110236 -0.984252 
vn 0.015748 0.173228 -0.984252 
vn 0.125984 -0.11811 -0.984252 
vn -0.598425 0.488189 0.637795 
vn -0.598425 0.488189 0.637795 
vn -0.598425 0.488189 0.637795 
vn -0.598425 0.488189 0.637795 
vn -0.102362 0.716535 0.692913 
vn -0.102362 0.716535 0.692913 
vn -0.220472 0.669291 0.708661 
vn -0.220472 0.669291 0.708661 
vn 0.11811 0.795276 0.598425 
vn 0.11811 0.795276 0.598425 
vn 0.322835 0.88189 0.338583 
vn 0.322835 0.88189 0.338583 
vn 0.433071 0.905512 0 
vn 0.433071 0.905512 0 
vn 0.377953 0.850394 -0.362205 
vn 0.377953 0.850394 -0.362205 
vn 0.19685 0.716535 -0.669291 
vn 0.19685 0.716535 -0.669291 
vn -0.0393701 0.622047 -0.787402 
vn -0.0393701 0.622047 -0.787402 
vn -0.173228 0.566929 -0.80315 
vn -0.173228 0.566929 -0.80315 
vn -0.661417 0.543307 -0.519685 
vn -0.661417 0.543307 -0.519685 
vn -0.661417 0.543307 -0.519685 
vn -0.661417 0.543307 -0.519685 
vn -0.913386 -0.417323 0 
vn -0.913386 -0.417323 0 
vn -0.913386 -0.417323 0 
vn -0.913386 -0.417323 0 
vn -0.905512 -0.417323 -0.00787402 
vn -0.905512 -0.417323 -0.00787402 
vn -0.905512 -0.417323 -0.00787402 
vn -0.905512 -0.417323 -0.00787402 
vn -0.905512 -0.417323 -0.00787402 
vn -0.905512 -0.417323 -0.00787402 
vn -0.905512 -0.425197 0 
vn -0.905512 -0.425197 0 
vn -0.905512 -0.425197 0 
vn -0.905512 -0.425197 0 
vn -0.645669 0.23622 -0.732283 
vn -0.645669 0.23622 -0.732283 
vn -0.976378 -0.228346 0.0393701 
vn -0.976378 -0.228346 0.0393701 
vn -0.968504 -0.244094 0.0314961 
vn -0.968504 -0.244094 0.0314961 
vn -0.629921 -0.401575 0.661417 
vn -0.629921 -0.401575 0.661417 
vn 0.204724 -0.307087 0.929134 
vn 0.362205 -0.251969 0.897638 
vn 0.645669 -0.125984 0.748031 
vn 0.905512 0.0866142 0.417323 
vn 0.96063 0.283465 -0.015748 
vn 0.779528 0.433071 -0.448819 
vn 0.425197 0.488189 -0.76378 
vn 0.0944882 0.464567 -0.88189 
vn -0.0708661 0.433071 -0.897638 
vn 0.023622 -0.92126 -0.393701 
vn 0.023622 -0.92126 -0.393701 
vn 0.0314961 -0.92126 -0.393701 
vn 0.0314961 -0.92126 -0.393701 
vn 0.015748 -0.92126 -0.393701 
vn 0.015748 -0.92126 -0.393701 
vn 0.433071 0.488189 -0.755906 
vn 0.0944882 0.464567 -0.88189 
vn 0.787402 0.433071 -0.440945 
vn 0.96063 0.283465 -0.023622 
vn 0.905512 0.0866142 0.409449 
vn 0.653543 -0.11811 0.748031 
vn 0.370079 -0.251969 0.897638 
vn 0.204724 -0.307087 0.929134 
vn -0.629921 -0.401575 0.669291 
vn -0.629921 -0.401575 0.669291 
vn -0.968504 -0.244094 0.0393701 
vn -0.968504 -0.244094 0.0393701 
vn -0.968504 -0.228346 0.0472441 
vn -0.968504 -0.228346 0.0472441 
vn -0.645669 0.23622 -0.732283 
vn -0.645669 0.23622 -0.732283 
vn -0.0708661 0.433071 -0.897638 
vn -0.724409 -0.220472 0.653543 
vn -0.724409 -0.220472 0.653543 
vn 0.165354 0.23622 0.96063 
vn 0.00787402 0.173228 0.984252 
vn 0.464567 0.346457 0.818898 
vn 0.771654 0.425197 0.464567 
vn 0.913386 0.417323 0 
vn 0.834646 0.299213 -0.472441 
vn 0.559055 0.110236 -0.818898 
vn 0.275591 -0.0472441 -0.96063 
vn 0.125984 -0.11811 -0.984252 
vn -0.480315 -0.370079 -0.795276 
vn -0.480315 -0.370079 -0.795276 
vn -0.96063 0.15748 0.23622 
vn -0.96063 0.15748 0.23622 
vn -0.740157 0.566929 0.370079 
vn -0.740157 0.566929 0.370079 
vn -0.385827 0.818898 0.425197 
vn -0.385827 0.818898 0.425197 
vn -0.102362 0.905512 0.417323 
vn -0.102362 0.905512 0.417323 
vn 0.220472 0.905512 0.362205 
vn 0.220472 0.905512 0.362205 
vn 0.519685 0.811024 0.267717 
vn 0.519685 0.811024 0.267717 
vn 0.818898 0.566929 0.110236 
vn 0.818898 0.566929 0.110236 
vn 0.976378 0.188976 -0.0787402 
vn 0.976378 0.188976 -0.0787402 
vn 0.96063 -0.15748 -0.228346 
vn 0.96063 -0.15748 -0.228346 
vn 0.826772 -0.456693 -0.338583 
vn 0.826772 -0.456693 -0.338583 
vn 0.590551 -0.700787 -0.401575 
vn 0.590551 -0.700787 -0.401575 
vn 0.00787402 -0.913386 -0.401575 
vn 0.00787402 -0.913386 -0.401575 
vn -0.409449 -0.858268 -0.307087 
vn -0.409449 -0.858268 -0.307087 
vn -0.889764 -0.448819 -0.0472441 
vn -0.889764 -0.448819 -0.0472441 
vn -0.889764 -0.448819 -0.0472441 
vn -0.889764 -0.448819 -0.0472441 
vn -0.952756 -0.299213 0.0314961 
vn -0.984252 -0.15748 0.102362 
vn -0.984252 -0.15748 0.102362 
vn 0.15748 -0.393701 0.905512 
vn 0.15748 -0.393701 0.905512 
vn 0.15748 -0.393701 0.905512 
vn -0.897638 0.322835 0.291339 
vn -0.897638 0.322835 0.291339 
vn -0.897638 0.322835 0.291339 
vn -0.897638 0.322835 0.291339 
vn 0.15748 -0.393701 0.905512 
vn 0.15748 -0.393701 0.905512 
vn -0.409449 -0.858268 -0.307087 
vn -0.409449 -0.858268 -0.307087 
vn -0.409449 -0.858268 -0.307087 
vn -0.409449 -0.858268 -0.307087 
vn 0.897638 -0.330709 -0.299213 
vn 0.88189 -0.362205 -0.307087 
vn 0.88189 -0.362205 -0.307087 
vn 0.897638 -0.330709 -0.299213 
vn -0.496063 0.0551181 0.866142 
vn -0.692913 -0.401575 0.606299 
vn -0.692913 -0.401575 0.606299 
vn -0.496063 0.0551181 0.866142 
vn -0.181102 0.377953 0.905512 
vn -0.181102 0.377953 0.905512 
vn 0.0314961 0.425197 0.905512 
vn 0.0314961 0.425197 0.905512 
vn 0.267717 0.409449 0.874016 
vn 0.267717 0.409449 0.874016 
vn 0.488189 0.322835 0.811024 
vn 0.488189 0.322835 0.811024 
vn 0.700787 0.133858 0.700787 
vn 0.700787 0.133858 0.700787 
vn 0.826772 -0.11811 0.551181 
vn 0.826772 -0.11811 0.551181 
vn 0.811024 -0.385827 0.448819 
vn 0.811024 -0.385827 0.448819 
vn 0.700787 -0.606299 0.385827 
vn 0.700787 -0.606299 0.385827 
vn 0.535433 -0.771654 0.338583 
vn 0.535433 -0.771654 0.338583 
vn 0.440945 -0.84252 0.314961 
vn 0.440945 -0.84252 0.314961 
vn -0.181102 -0.889764 0.425197 
vn -0.181102 -0.889764 0.425197 
vn -0.181102 -0.889764 0.425197 
vn -0.181102 -0.889764 0.425197 
vn 0.204724 -0.96063 -0.173228 
vn 0.204724 -0.96063 -0.173228 
vn 0.204724 -0.96063 -0.173228 
vn 0.204724 -0.96063 -0.173228 
vn -0.322835 -0.944882 -0.0787402 
vn -0.322835 -0.944882 -0.0787402 
vn -0.322835 -0.944882 -0.0787402 
vn -0.322835 -0.944882 -0.0787402 
vn -0.692913 -0.629921 0.362205 
vn -0.661417 -0.700787 0.251969 
vn -0.661417 -0.700787 0.251969 
vn -0.692913 -0.629921 0.362205 
vn -0.559055 -0.598425 0.574803 
vn -0.559055 -0.598425 0.574803 
vn -0.559055 -0.598425 0.574803 
vn -0.598425 0 0.80315 
vn -0.598425 0 0.80315 
vn -0.598425 0 0.80315 
vn -0.598425 0 0.80315 
vn 0.322835 -0.818898 0.472441 
vn 0.291339 -0.84252 0.448819 
vn 0.291339 -0.84252 0.448819 
vn 0.322835 -0.818898 0.472441 
vn -0.173228 -0.874016 0.448819 
vn -0.165354 -0.874016 0.448819 
vn -0.165354 -0.874016 0.448819 
vn -0.173228 -0.874016 0.448819 
vn 0.15748 -0.393701 0.905512 
vn 0.15748 -0.393701 0.905512 
vn 0.15748 -0.393701 0.905512 
vn 0.15748 -0.393701 0.905512 
vn 0.15748 -0.393701 0.905512 
vn 0.133858 -0.511811 0.850394 
vn 0.165354 -0.370079 0.913386 
vn 0.110236 -0.566929 0.811024 
vn 0.165354 -0.377953 0.913386 
vn 0.165354 -0.377953 0.913386 
vn 0.15748 -0.393701 0.905512 
vn 0.00787402 -0.897638 0.448819 
vn 0.0472441 -0.795276 0.598425 
vn 0.0472441 -0.795276 0.598425 
vn 0.00787402 -0.897638 0.448819 
vn -0.409449 -0.858268 -0.307087 
vn -0.409449 -0.858268 -0.307087 
vn -0.173228 -0.88189 0.448819 
vn -0.173228 -0.88189 0.448819 
vn -0.96063 0.15748 0.23622 
vn -0.740157 0.566929 0.370079 
vn -0.740157 0.566929 0.370079 
vn -0.96063 0.15748 0.23622 
vn -0.385827 0.818898 0.417323 
vn -0.385827 0.818898 0.417323 
vn -0.102362 0.905512 0.409449 
vn -0.102362 0.905512 0.409449 
vn 0.220472 0.913386 0.354331 
vn 0.220472 0.913386 0.354331 
vn 0.511811 0.818898 0.259843 
vn 0.511811 0.818898 0.259843 
vn 0.811024 0.574803 0.102362 
vn 0.811024 0.574803 0.102362 
vn 0.976378 0.19685 -0.0866142 
vn 0.976378 0.19685 -0.0866142 
vn 0.96063 -0.15748 -0.23622 
vn 0.96063 -0.15748 -0.23622 
vn 0.826772 -0.456693 -0.338583 
vn 0.826772 -0.456693 -0.338583 
vn 0.590551 -0.700787 -0.401575 
vn 0.590551 -0.700787 -0.401575 
vn 0.00787402 -0.92126 -0.393701 
vn 0.00787402 -0.92126 -0.393701 
vn -0.409449 -0.858268 -0.299213 
vn -0.409449 -0.858268 -0.299213 
vn -0.889764 -0.448819 -0.0393701 
vn -0.889764 -0.448819 -0.0393701 
vn -0.889764 -0.448819 -0.0393701 
vn -0.889764 -0.448819 -0.0393701 
vn 0.173228 -0.889764 -0.417323 
vn 0.173228 -0.889764 -0.417323 
vn 0.173228 -0.889764 -0.417323 
vn 0.173228 -0.889764 -0.417323 
vn -0.401575 -0.866142 -0.307087 
vn -0.401575 -0.866142 -0.307087 
vn -0.401575 -0.866142 -0.307087 
vn -0.401575 -0.866142 -0.307087 
vn -0.952756 -0.299213 0.0314961 
vn -0.984252 -0.15748 0.102362 
vn -0.984252 -0.15748 0.102362 
vn -0.952756 -0.299213 0.0314961 
vn -0.15748 0.393701 -0.905512 
vn -0.15748 0.393701 -0.905512 
vn -0.15748 0.393701 -0.905512 
vn -0.897638 0.322835 0.299213 
vn -0.897638 0.322835 0.299213 
vn -0.897638 0.322835 0.299213 
vn -0.897638 0.322835 0.299213 
vn -0.15748 0.393701 -0.905512 
vn -0.15748 0.393701 -0.905512 
vn -0.15748 0.393701 -0.905512 
vn -0.15748 0.393701 -0.905512 
vn -0.15748 0.393701 -0.905512 
vn -0.15748 0.393701 -0.905512 
vn -0.409449 -0.858268 -0.299213 
vn -0.409449 -0.858268 -0.299213 
vn -0.409449 -0.858268 -0.299213 
vn -0.409449 -0.858268 -0.299213 
vn 0.897638 -0.330709 -0.299213 
vn 0.88189 -0.362205 -0.307087 
vn 0.88189 -0.362205 -0.307087 
vn -0.629921 0.692913 -0.354331 
vn -0.629921 0.692913 -0.354331 
vn -0.795276 0.385827 -0.472441 
vn -0.795276 0.385827 -0.472441 
vn -0.385827 0.88189 -0.267717 
vn -0.385827 0.88189 -0.267717 
vn -0.173228 0.937008 -0.291339 
vn -0.173228 0.937008 -0.291339 
vn 0.0629921 0.937008 -0.338583 
vn 0.0629921 0.937008 -0.338583 
vn 0.275591 0.874016 -0.401575 
vn 0.275591 0.874016 -0.401575 
vn 0.496063 0.685039 -0.527559 
vn 0.496063 0.685039 -0.527559 
vn 0.629921 0.401575 -0.661417 
vn 0.629921 0.401575 -0.661417 
vn 0.598425 0.149606 -0.787402 
vn 0.598425 0.149606 -0.787402 
vn 0.480315 -0.0551181 -0.874016 
vn 0.480315 -0.0551181 -0.874016 
vn 0.322835 -0.228346 -0.92126 
vn 0.322835 -0.228346 -0.92126 
vn 0.228346 -0.307087 -0.929134 
vn 0.228346 -0.307087 -0.929134 
vn -0.401575 -0.330709 -0.858268 
vn -0.401575 -0.330709 -0.858268 
vn -0.401575 -0.330709 -0.858268 
vn -0.401575 -0.330709 -0.858268 
vn 0.0393701 -0.456693 -0.889764 
vn 0.0393701 -0.456693 -0.889764 
vn 0.0393701 -0.456693 -0.889764 
vn -0.401575 -0.370079 -0.834646 
vn -0.401575 -0.370079 -0.834646 
vn -0.401575 -0.370079 -0.834646 
vn -0.401575 -0.370079 -0.834646 
vn -0.818898 0.165354 -0.551181 
vn -0.818898 0.165354 -0.551181 
vn -0.811024 0.0629921 -0.590551 
vn -0.811024 0.0629921 -0.590551 
vn -0.76378 -0.0708661 -0.637795 
vn -0.76378 -0.0708661 -0.637795 
vn -0.76378 -0.0708661 -0.637795 
vn -0.795276 0.496063 -0.346457 
vn -0.795276 0.496063 -0.346457 
vn -0.795276 0.496063 -0.346457 
vn -0.795276 0.496063 -0.346457 
vn 0.598425 -0.023622 -0.80315 
vn 0.598425 -0.023622 -0.80315 
vn 0.606299 -0.015748 -0.795276 
vn 0.606299 -0.015748 -0.795276 
vn -0.393701 -0.307087 -0.866142 
vn -0.393701 -0.307087 -0.866142 
vn -0.393701 -0.307087 -0.866142 
vn -0.393701 -0.307087 -0.866142 
vn -0.15748 0.393701 -0.905512 
vn -0.15748 0.393701 -0.905512 
vn -0.15748 0.393701 -0.905512 
vn -0.15748 0.393701 -0.905512 
vn -0.15748 0.393701 -0.905512 
vn -0.15748 0.393701 -0.905512 
vn -0.15748 0.393701 -0.905512 
vn -0.15748 0.393701 -0.905512 
vn -0.409449 -0.858268 -0.299213 
vn -0.409449 -0.858268 -0.299213 
vn -0.393701 -0.307087 -0.866142 
vn -0.393701 -0.307087 -0.866142 
vn -0.15748 0.393701 -0.905512 
vn -0.15748 0.393701 -0.905512 
vn -0.15748 0.393701 -0.905512 
vn 0.15748 -0.393701 0.905512 
vn 0.15748 -0.393701 0.905512 
vn 0.15748 -0.393701 0.905512 
vn -0.15748 0.393701 -0.905512 
vn -0.15748 0.393701 -0.905512 
vn 0.614173 0 -0.787402 
vn 0.614173 0 -0.787402 
vn 0.905512 -0.307087 -0.291339 
vn 0.905512 -0.307087 -0.291339 
vn 0.905512 -0.307087 -0.291339 
vn 0.204724 -0.913386 0.354331 
vn 0.204724 -0.913386 0.354331 
vn -0.15748 0.393701 -0.905512 
vn -0.15748 0.393701 -0.905512 
vn 0.606299 0.00787402 -0.795276 
vn 0.606299 0.00787402 -0.795276 
vn 0.905512 -0.307087 -0.291339 
vn 0.905512 -0.307087 -0.291339 
vn 0.905512 -0.299213 -0.291339 
vn 0.15748 -0.952756 0.267717 
vn 0.15748 -0.952756 0.267717 
vn -0.023622 -0.937008 0.354331 
vn -0.023622 -0.937008 0.354331 

vt 0.406875 0.1065 
vt 0.4095 0.0731 
vt 0.391725 0.0733 
vt 0.391725 0.1066 
vt 0.409875 0.0684 
vt 0.391725 0.0686 
vt 0.391725 0.0733 
vt 0.4095 0.0731 
vt 0.391725 0.1113 
vt 0.4074 0.1112 
vt 0.406875 0.1065 
vt 0.391725 0.1066 
vt 0.4149 0.0358 
vt 0.391725 0.0353 
vt 0.391725 0.0686 
vt 0.409875 0.0684 
vt 0.391725 0.1446 
vt 0.41235 0.1438 
vt 0.4074 0.1112 
vt 0.391725 0.1113 
vt 0.4149 0.182 
vt 0.391725 0.1826 
vt 0.391725 0.1873 
vt 0.4143 0.1866 
vt 0.391725 0.1493 
vt 0.41265 0.1485 
vt 0.41235 0.1438 
vt 0.391725 0.1446 
vt 0.4149 0.182 
vt 0.41265 0.1485 
vt 0.391725 0.1493 
vt 0.391725 0.1826 
vt 0.21885 0.7162 
vt 0.2415 0.7162 
vt 0.2415 0.7497 
vt 0.21885 0.7497 
vt 0.2415 0.7923 
vt 0.21885 0.7923 
vt 0.2415 0.8631 
vt 0.21885 0.8631 
vt 0.21885 0.4996 
vt 0.2415 0.4996 
vt 0.2415 0.5137 
vt 0.21885 0.5137 
vt 0.21885 0.5839 
vt 0.2415 0.5839 
vt 0.2415 0.6251 
vt 0.21885 0.6251 
vt 0.2415 0.6591 
vt 0.21885 0.6591 
vt 0.2415 0.6877 
vt 0.21885 0.6877 
vt 0.666225 0.3181 
vt 0.7053 0.2976 
vt 0.666225 0.3471 
vt 0.684375 0.3471 
vt 0.7053 0.3471 
vt 0.70275 0.3471 
vt 0.7053 0.2474 
vt 0.684375 0.2474 
vt 0.70275 0.2474 
vt 0.666225 0.2474 
vt 0.666225 0.2474 
vt 0.7053 0.2976 
vt 0.666225 0.2796 
vt 0.666225 0.2796 
vt 0.7053 0.2976 
vt 0.666225 0.2989 
vt 0.666225 0.2989 
vt 0.7053 0.2976 
vt 0.666225 0.3181 
vt 0.215625 0.7497 
vt 0.215625 0.7162 
vt 0.215625 0.7923 
vt 0.215625 0.8631 
vt 0.216 0.5137 
vt 0.216 0.4996 
vt 0.216 0.6251 
vt 0.216 0.5839 
vt 0.215625 0.6591 
vt 0.215625 0.6877 
vt 0.7053 0.2474 
vt 0.708825 0.2346 
vt 0.708825 0.2984 
vt 0.7053 0.2976 
vt 0.7053 0.2976 
vt 0.708825 0.2984 
vt 0.708825 0.3504 
vt 0.7053 0.3471 
vt 0.215625 0.9994 
vt 0.215625 0.9343 
vt 0.21885 0.9343 
vt 0.21885 0.9994 
vt 0.215625 0.9343 
vt 0.215625 0.8747 
vt 0.21885 0.8747 
vt 0.21885 0.9343 
vt 0.566325 0.235 
vt 0.6 0.2969 
vt 0.5565 0.235 
vt 0.578175 0.235 
vt 0.600375 0.235 
vt 0.5781 0.3585 
vt 0.599925 0.3585 
vt 0.56625 0.3585 
vt 0.5565 0.3585 
vt 0.5565 0.2967 
vt 0.17355 0.6877 
vt 0.17355 0.7162 
vt 0.170175 0.7162 
vt 0.170175 0.6877 
vt 0.17355 0.7497 
vt 0.170175 0.7497 
vt 0.17355 0.7923 
vt 0.170175 0.7923 
vt 0.17355 0.8631 
vt 0.170175 0.8631 
vt 0.170175 0.9343 
vt 0.170175 0.8747 
vt 0.17355 0.8747 
vt 0.17355 0.9343 
vt 0.170175 0.9994 
vt 0.170175 0.9343 
vt 0.17355 0.9343 
vt 0.17355 0.9994 
vt 0.17355 0.5137 
vt 0.170175 0.5137 
vt 0.170175 0.4996 
vt 0.17355 0.4996 
vt 0.17355 0.6251 
vt 0.170175 0.6251 
vt 0.170175 0.5839 
vt 0.17355 0.5839 
vt 0.17355 0.6591 
vt 0.170175 0.6591 
vt 0.17355 0.8747 
vt 0.170175 0.8747 
vt 0.170175 0.8631 
vt 0.17355 0.8631 
vt 0.21885 0.8631 
vt 0.21885 0.8747 
vt 0.215625 0.8747 
vt 0.215625 0.8631 
vt 0.2415 0.8631 
vt 0.2415 0.8747 
vt 0.170175 0.5137 
vt 0.17355 0.5137 
vt 0.21885 0.5137 
vt 0.216 0.5137 
vt 0.2415 0.5137 
vt 0.70275 0.3471 
vt 0.7053 0.3471 
vt 0.708825 0.3504 
vt 0.708825 0.3588 
vt 0.680325 0.3588 
vt 0.684375 0.3471 
vt 0.70275 0.3471 
vt 0.708825 0.3588 
vt 0.6621 0.3588 
vt 0.666225 0.3471 
vt 0.6621 0.3231 
vt 0.666225 0.3181 
vt 0.6621 0.3004 
vt 0.666225 0.2989 
vt 0.6621 0.2767 
vt 0.666225 0.2796 
vt 0.6621 0.2346 
vt 0.666225 0.2474 
vt 0.680325 0.2346 
vt 0.684375 0.2474 
vt 0.70275 0.2474 
vt 0.70395 0.2346 
vt 0.708825 0.2346 
vt 0.7053 0.2474 
vt 0.70275 0.2474 
vt 0.70395 0.2346 
vt 0.263625 0.9343 
vt 0.21885 0.8747 
vt 0.241125 0.8747 
vt 0.263625 0.8747 
vt 0.263625 0.9343 
vt 0.21885 0.9343 
vt 0.21885 0.8747 
vt 0.263625 0.9343 
vt 0.21885 0.9994 
vt 0.21885 0.9343 
vt 0.263625 0.9994 
vt 0.2394 0.9994 
vt 0.21885 0.9994 
vt 0.263625 0.9343 
vt 0.192825 0.5137 
vt 0.192825 0.4996 
vt 0.192825 0.9343 
vt 0.192825 0.9994 
vt 0.192825 0.8747 
vt 0.192825 0.9343 
vt 0.192825 0.8747 
vt 0.192825 0.8631 
vt 0.192825 0.8631 
vt 0.192825 0.7923 
vt 0.192825 0.7497 
vt 0.192825 0.7162 
vt 0.192825 0.6877 
vt 0.192825 0.6591 
vt 0.192825 0.6251 
vt 0.192825 0.5839 
vt 0.192825 0.5137 
vt 0.6 0.2969 
vt 0.603375 0.2969 
vt 0.603375 0.3585 
vt 0.599925 0.3585 
vt 0.603375 0.235 
vt 0.600375 0.235 
vt 0.17355 0.6251 
vt 0.17355 0.5839 
vt 0.17355 0.6591 
vt 0.17355 0.6877 
vt 0.17355 0.7162 
vt 0.17355 0.7497 
vt 0.17355 0.7923 
vt 0.17355 0.8631 
vt 0.17355 0.8747 
vt 0.17355 0.8631 
vt 0.17355 0.8747 
vt 0.17355 0.9343 
vt 0.17355 0.9343 
vt 0.17355 0.9994 
vt 0.17355 0.5137 
vt 0.17355 0.4996 
vt 0.17355 0.5137 
vt 0.263625 0.8631 
vt 0.263625 0.8747 
vt 0.263625 0.7923 
vt 0.263625 0.8631 
vt 0.263625 0.7497 
vt 0.263625 0.7162 
vt 0.263625 0.6877 
vt 0.263625 0.6591 
vt 0.263625 0.6251 
vt 0.263625 0.5839 
vt 0.263625 0.5137 
vt 0.263625 0.4996 
vt 0.263625 0.5137 
vt 0.37755 0.1886 
vt 0.386025 0.1886 
vt 0.3891 0.1788 
vt 0.37755 0.1788 
vt 0.3891 0.1713 
vt 0.37755 0.1713 
vt 0.3891 0.1622 
vt 0.37755 0.1621 
vt 0.3891 0.1529 
vt 0.37755 0.1529 
vt 0.37755 0.144 
vt 0.3891 0.144 
vt 0.3891 0.1339 
vt 0.37755 0.1339 
vt 0.3891 0.1246 
vt 0.37755 0.1246 
vt 0.3891 0.1154 
vt 0.37755 0.1155 
vt 0.3891 0.1068 
vt 0.37755 0.1068 
vt 0.389175 0.1005 
vt 0.37755 0.1005 
vt 0.389175 0.0932 
vt 0.37755 0.0932 
vt 0.389175 0.0882 
vt 0.37755 0.0882 
vt 0.37755 0.0856 
vt 0.37755 0.0882 
vt 0.389175 0.0882 
vt 0.389175 0.0856 
vt 0.37755 0.204 
vt 0.382125 0.1962 
vt 0.37755 0.1962 
vt 0.321675 0.189 
vt 0.34245 0.1761 
vt 0.321375 0.1842 
vt 0.3894 0.0666 
vt 0.37785 0.0666 
vt 0.37785 0.0843 
vt 0.3894 0.0844 
vt 0.3414 0.1893 
vt 0.3486 0.1835 
vt 0.3894 0.0462 
vt 0.37785 0.0462 
vt 0.37785 0.0564 
vt 0.3894 0.0564 
vt 0.37785 0.0391 
vt 0.37785 0.0462 
vt 0.3894 0.0462 
vt 0.386625 0.0391 
vt 0.343425 0.1163 
vt 0.330975 0.1142 
vt 0.332925 0.1211 
vt 0.3435 0.1232 
vt 0.35115 0.1228 
vt 0.348225 0.128 
vt 0.3579 0.1341 
vt 0.35355 0.1375 
vt 0.361725 0.148 
vt 0.3567 0.1492 
vt 0.357 0.1611 
vt 0.362025 0.1622 
vt 0.3588 0.1776 
vt 0.354 0.1749 
vt 0.35175 0.1885 
vt 0.3486 0.1835 
vt 0.34275 0.1958 
vt 0.3414 0.1893 
vt 0.333 0.1987 
vt 0.3324 0.192 
vt 0.3258 0.1982 
vt 0.3273 0.1916 
vt 0.318 0.1941 
vt 0.321675 0.189 
vt 0.31635 0.1831 
vt 0.3165 0.1908 
vt 0.321675 0.189 
vt 0.321375 0.1842 
vt 0.308475 0.1297 
vt 0.308925 0.1342 
vt 0.31335 0.1343 
vt 0.312 0.1297 
vt 0.3087 0.1232 
vt 0.308475 0.1297 
vt 0.312 0.1297 
vt 0.3129 0.1265 
vt 0.32025 0.1163 
vt 0.30945 0.1218 
vt 0.3129 0.1265 
vt 0.321975 0.123 
vt 0.317925 0.1795 
vt 0.31635 0.1831 
vt 0.321375 0.1842 
vt 0.321375 0.1842 
vt 0.34245 0.1761 
vt 0.336975 0.1716 
vt 0.317925 0.1795 
vt 0.3432 0.1356 
vt 0.32985 0.1336 
vt 0.328125 0.1375 
vt 0.3372 0.1397 
vt 0.342375 0.1558 
vt 0.3432 0.1356 
vt 0.3372 0.1397 
vt 0.3369 0.1558 
vt 0.3273 0.1916 
vt 0.3324 0.192 
vt 0.3567 0.1492 
vt 0.342375 0.1558 
vt 0.357 0.1611 
vt 0.3432 0.1356 
vt 0.348225 0.128 
vt 0.3435 0.1232 
vt 0.342375 0.1558 
vt 0.35355 0.1375 
vt 0.354 0.1749 
vt 0.32115 0.1315 
vt 0.32985 0.1336 
vt 0.332925 0.1211 
vt 0.321975 0.123 
vt 0.37785 0.0666 
vt 0.3894 0.0666 
vt 0.34245 0.1761 
vt 0.336975 0.1716 
vt 0.37755 0.1886 
vt 0.37755 0.1788 
vt 0.36345 0.1788 
vt 0.36345 0.1886 
vt 0.37755 0.1713 
vt 0.36345 0.1713 
vt 0.37755 0.1621 
vt 0.363525 0.1622 
vt 0.37755 0.1529 
vt 0.363525 0.1529 
vt 0.37755 0.144 
vt 0.363525 0.144 
vt 0.37755 0.1339 
vt 0.363525 0.1339 
vt 0.37755 0.1246 
vt 0.363525 0.1246 
vt 0.37755 0.1155 
vt 0.363525 0.1154 
vt 0.37755 0.1068 
vt 0.363525 0.1067 
vt 0.37755 0.1005 
vt 0.363525 0.1004 
vt 0.37755 0.0932 
vt 0.36345 0.0932 
vt 0.37755 0.0882 
vt 0.36345 0.0881 
vt 0.37755 0.0856 
vt 0.363525 0.0856 
vt 0.36345 0.0881 
vt 0.37755 0.0882 
vt 0.37755 0.2111 
vt 0.37755 0.2082 
vt 0.363525 0.2082 
vt 0.363525 0.2111 
vt 0.37755 0.2082 
vt 0.37755 0.204 
vt 0.363525 0.204 
vt 0.363525 0.2082 
vt 0.37755 0.204 
vt 0.37755 0.1962 
vt 0.363525 0.1962 
vt 0.363525 0.204 
vt 0.320625 0.035 
vt 0.320175 0.0398 
vt 0.3411 0.0486 
vt 0.36375 0.0666 
vt 0.36375 0.0844 
vt 0.37785 0.0843 
vt 0.37785 0.0666 
vt 0.340875 0.0894 
vt 0.32955 0.0938 
vt 0.332325 0.1061 
vt 0.3423 0.1027 
vt 0.3402 0.0354 
vt 0.347325 0.0414 
vt 0.36375 0.0462 
vt 0.36375 0.0564 
vt 0.37785 0.0564 
vt 0.37785 0.0462 
vt 0.363825 0.0391 
vt 0.36375 0.0462 
vt 0.37785 0.0462 
vt 0.343575 0.1094 
vt 0.3423 0.1027 
vt 0.332325 0.1061 
vt 0.33285 0.1126 
vt 0.350025 0.1018 
vt 0.3468 0.097 
vt 0.356175 0.0904 
vt 0.351825 0.0872 
vt 0.36 0.0767 
vt 0.3549 0.0755 
vt 0.36045 0.0627 
vt 0.355425 0.0637 
vt 0.35745 0.0474 
vt 0.3531 0.0505 
vt 0.35055 0.0364 
vt 0.347325 0.0414 
vt 0.3417 0.0289 
vt 0.3402 0.0354 
vt 0.332025 0.0257 
vt 0.33135 0.0323 
vt 0.324825 0.026 
vt 0.32625 0.0325 
vt 0.317025 0.0299 
vt 0.320625 0.035 
vt 0.31515 0.0408 
vt 0.320175 0.0398 
vt 0.320625 0.035 
vt 0.31545 0.0331 
vt 0.3141 0.098 
vt 0.318825 0.098 
vt 0.315675 0.0936 
vt 0.314475 0.1045 
vt 0.31935 0.1021 
vt 0.318825 0.098 
vt 0.3141 0.098 
vt 0.324225 0.1116 
vt 0.325725 0.105 
vt 0.31935 0.1021 
vt 0.315975 0.1074 
vt 0.316575 0.0445 
vt 0.320175 0.0398 
vt 0.31515 0.0408 
vt 0.320175 0.0398 
vt 0.316575 0.0445 
vt 0.335625 0.053 
vt 0.3411 0.0486 
vt 0.340875 0.0894 
vt 0.335475 0.0848 
vt 0.32775 0.088 
vt 0.32955 0.0938 
vt 0.3408 0.069 
vt 0.335475 0.0689 
vt 0.335475 0.0848 
vt 0.340875 0.0894 
vt 0.33135 0.0323 
vt 0.32625 0.0325 
vt 0.3549 0.0755 
vt 0.355425 0.0637 
vt 0.3408 0.069 
vt 0.3468 0.097 
vt 0.3408 0.069 
vt 0.3531 0.0505 
vt 0.36375 0.0666 
vt 0.37785 0.0666 
vt 0.3411 0.0486 
vt 0.335625 0.053 
vt 0.351825 0.0872 
vt 0.351825 0.0872 
vt 0.3531 0.0505 
vt 0.354 0.1749 
vt 0.342375 0.1558 
vt 0.35355 0.1375 
vt 0.324 0.096 
vt 0.325725 0.105 
vt 0.3216 0.0904 
vt 0.324 0.096 
vt 0.37785 0.0337 
vt 0.363825 0.0336 
vt 0.383925 0.0337 
vt 0.32115 0.1315 
vt 0.32055 0.1357 
vt 0.318825 0.098 
vt 0.31935 0.1021 
vt 0.315675 0.0936 
vt 0.318825 0.098 
vt 0.37785 0.0282 
vt 0.363825 0.0282 
vt 0.38055 0.0293 
vt 0.312 0.1297 
vt 0.31335 0.1343 
vt 0.312 0.1297 
vt 0.3129 0.1265 

usemtl Handle1Mtl

f 1849/1849/1849 1850/1850/1850 1851/1851/1851 
f 1849/1849/1849 1851/1851/1851 1852/1852/1852 
f 1853/1853/1853 1854/1854/1854 1855/1855/1855 
f 1853/1853/1853 1855/1855/1855 1856/1856/1856 
f 1857/1857/1857 1858/1858/1858 1859/1859/1859 
f 1857/1857/1857 1859/1859/1859 1860/1860/1860 
f 1861/1861/1861 1862/1862/1862 1863/1863/1863 
f 1861/1861/1861 1863/1863/1863 1864/1864/1864 
f 1865/1865/1865 1866/1866/1866 1867/1867/1867 
f 1865/1865/1865 1867/1867/1867 1868/1868/1868 
f 1869/1869/1869 1870/1870/1870 1871/1871/1871 
f 1869/1869/1869 1871/1871/1871 1872/1872/1872 
f 1873/1873/1873 1874/1874/1874 1875/1875/1875 
f 1873/1873/1873 1875/1875/1875 1876/1876/1876 
f 1877/1877/1877 1878/1878/1878 1879/1879/1879 
f 1877/1877/1877 1879/1879/1879 1880/1880/1880 
f 1881/1881/1881 1882/1882/1882 1883/1883/1883 
f 1881/1881/1881 1883/1883/1883 1884/1884/1884 
f 1884/1884/1884 1883/1883/1883 1885/1885/1885 
f 1884/1884/1884 1885/1885/1885 1886/1886/1886 
f 1886/1886/1886 1885/1885/1885 1887/1887/1887 
f 1886/1886/1886 1887/1887/1887 1888/1888/1888 
f 1889/1889/1889 1890/1890/1890 1891/1891/1891 
f 1889/1889/1889 1891/1891/1891 1892/1892/1892 
f 1893/1893/1893 1894/1894/1894 1895/1895/1895 
f 1893/1893/1893 1895/1895/1895 1896/1896/1896 
f 1896/1896/1896 1895/1895/1895 1897/1897/1897 
f 1896/1896/1896 1897/1897/1897 1898/1898/1898 
f 1898/1898/1898 1897/1897/1897 1899/1899/1899 
f 1898/1898/1898 1899/1899/1899 1900/1900/1900 
f 1900/1900/1900 1899/1899/1899 1882/1882/1882 
f 1900/1900/1900 1882/1882/1882 1881/1881/1881 
f 1901/1901/1901 1902/1902/1902 1903/1903/1903 
f 1903/1903/1903 1902/1902/1902 1904/1904/1904 
f 1904/1904/1904 1902/1902/1902 1905/1905/1905 
f 1904/1904/1904 1905/1905/1905 1906/1906/1906 
f 1907/1907/1907 1902/1902/1902 1908/1908/1908 
f 1907/1907/1907 1908/1908/1908 1909/1909/1909 
f 1908/1908/1908 1902/1902/1902 1910/1910/1910 
f 1911/1911/1911 1912/1912/1912 1913/1913/1913 
f 1914/1914/1914 1915/1915/1915 1916/1916/1916 
f 1917/1917/1917 1918/1918/1918 1919/1919/1919 
f 1881/1881/1881 1884/1884/1884 1920/1920/1920 
f 1881/1881/1881 1920/1920/1920 1921/1921/1921 
f 1884/1884/1884 1886/1886/1886 1922/1922/1922 
f 1884/1884/1884 1922/1922/1922 1920/1920/1920 
f 1886/1886/1886 1888/1888/1888 1923/1923/1923 
f 1886/1886/1886 1923/1923/1923 1922/1922/1922 
f 1889/1889/1889 1892/1892/1892 1924/1924/1924 
f 1889/1889/1889 1924/1924/1924 1925/1925/1925 
f 1893/1893/1893 1896/1896/1896 1926/1926/1926 
f 1893/1893/1893 1926/1926/1926 1927/1927/1927 
f 1896/1896/1896 1898/1898/1898 1928/1928/1928 
f 1896/1896/1896 1928/1928/1928 1926/1926/1926 
f 1898/1898/1898 1900/1900/1900 1929/1929/1929 
f 1898/1898/1898 1929/1929/1929 1928/1928/1928 
f 1900/1900/1900 1881/1881/1881 1921/1921/1921 
f 1900/1900/1900 1921/1921/1921 1929/1929/1929 
f 1930/1930/1930 1931/1931/1931 1932/1932/1932 
f 1930/1930/1930 1932/1932/1932 1933/1933/1933 
f 1934/1934/1934 1935/1935/1935 1936/1936/1936 
f 1934/1934/1934 1936/1936/1936 1937/1937/1937 
f 1938/1938/1938 1939/1939/1939 1940/1940/1940 
f 1938/1938/1938 1940/1940/1940 1941/1941/1941 
f 1942/1942/1942 1943/1943/1943 1944/1944/1944 
f 1942/1942/1942 1944/1944/1944 1945/1945/1945 
f 1946/1946/1946 1947/1947/1947 1948/1948/1948 
f 1949/1949/1949 1947/1947/1947 1946/1946/1946 
f 1947/1947/1947 1949/1949/1949 1950/1950/1950 
f 1951/1951/1951 1947/1947/1947 1952/1952/1952 
f 1953/1953/1953 1947/1947/1947 1951/1951/1951 
f 1954/1954/1954 1947/1947/1947 1953/1953/1953 
f 1955/1955/1955 1947/1947/1947 1954/1954/1954 
f 1948/1948/1948 1947/1947/1947 1955/1955/1955 
f 1956/1956/1956 1957/1957/1957 1958/1958/1958 
f 1956/1956/1956 1958/1958/1958 1959/1959/1959 
f 1960/1960/1960 1961/1961/1961 1958/1958/1958 
f 1960/1960/1960 1958/1958/1958 1957/1957/1957 
f 1962/1962/1962 1963/1963/1963 1961/1961/1961 
f 1962/1962/1962 1961/1961/1961 1960/1960/1960 
f 1964/1964/1964 1965/1965/1965 1963/1963/1963 
f 1964/1964/1964 1963/1963/1963 1962/1962/1962 
f 1966/1966/1966 1967/1967/1967 1968/1968/1968 
f 1966/1966/1966 1968/1968/1968 1969/1969/1969 
f 1970/1970/1970 1971/1971/1971 1972/1972/1972 
f 1970/1970/1970 1972/1972/1972 1973/1973/1973 
f 1974/1974/1974 1975/1975/1975 1976/1976/1976 
f 1974/1974/1974 1976/1976/1976 1977/1977/1977 
f 1978/1978/1978 1979/1979/1979 1980/1980/1980 
f 1978/1978/1978 1980/1980/1980 1981/1981/1981 
f 1982/1982/1982 1983/1983/1983 1979/1979/1979 
f 1982/1982/1982 1979/1979/1979 1978/1978/1978 
f 1956/1956/1956 1959/1959/1959 1983/1983/1983 
f 1956/1956/1956 1983/1983/1983 1982/1982/1982 
f 1984/1984/1984 1985/1985/1985 1986/1986/1986 
f 1984/1984/1984 1986/1986/1986 1987/1987/1987 
f 1988/1988/1988 1989/1989/1989 1990/1990/1990 
f 1988/1988/1988 1990/1990/1990 1991/1991/1991 
f 1992/1992/1992 1993/1993/1993 1989/1989/1989 
f 1992/1992/1992 1989/1989/1989 1988/1988/1988 
f 1981/1981/1981 1980/1980/1980 1994/1994/1994 
f 1981/1981/1981 1994/1994/1994 1995/1995/1995 
f 1996/1996/1996 1893/1893/1893 1927/1927/1927 
f 1996/1996/1996 1927/1927/1927 1997/1997/1997 
f 1998/1998/1998 1894/1894/1894 1893/1893/1893 
f 1998/1998/1998 1893/1893/1893 1996/1996/1996 
f 1999/1999/1999 2000/2000/2000 2001/2001/2001 
f 1999/1999/1999 2001/2001/2001 2002/2002/2002 
f 2003/2003/2003 2004/2004/2004 2005/2005/2005 
f 2003/2003/2003 2005/2005/2005 2006/2006/2006 
f 2007/2007/2007 2008/2008/2008 2004/2004/2004 
f 2007/2007/2007 2004/2004/2004 2003/2003/2003 
f 2009/2009/2009 2010/2010/2010 2008/2008/2008 
f 2009/2009/2009 2008/2008/2008 2007/2007/2007 
f 2011/2011/2011 2012/2012/2012 2010/2010/2010 
f 2011/2011/2011 2010/2010/2010 2009/2009/2009 
f 2013/2013/2013 2014/2014/2014 2012/2012/2012 
f 2013/2013/2013 2012/2012/2012 2011/2011/2011 
f 2015/2015/2015 2016/2016/2016 2014/2014/2014 
f 2015/2015/2015 2014/2014/2014 2013/2013/2013 
f 2017/2017/2017 2018/2018/2018 2016/2016/2016 
f 2017/2017/2017 2016/2016/2016 2015/2015/2015 
f 2019/2019/2019 2018/2018/2018 2017/2017/2017 
f 2019/2019/2019 2017/2017/2017 2020/2020/2020 
f 2021/2021/2021 2022/2022/2022 2023/2023/2023 
f 2021/2021/2021 2023/2023/2023 2024/2024/2024 
f 2025/2025/2025 2026/2026/2026 2027/2027/2027 
f 2025/2025/2025 2027/2027/2027 2028/2028/2028 
f 2029/2029/2029 2030/2030/2030 2031/2031/2031 
f 2032/2032/2032 2033/2033/2033 2034/2034/2034 
f 2035/2035/2035 2036/2036/2036 2037/2037/2037 
f 2035/2035/2035 2037/2037/2037 2038/2038/2038 
f 1924/1924/1924 2039/2039/2039 2040/2040/2040 
f 1924/1924/1924 2040/2040/2040 1925/1925/1925 
f 2041/2041/2041 1939/1939/1939 1938/1938/1938 
f 2041/2041/2041 1938/1938/1938 2042/2042/2042 
f 2043/2043/2043 1943/1943/1943 1942/1942/1942 
f 2043/2043/2043 1942/1942/1942 2044/2044/2044 
f 1990/1990/1990 2045/2045/2045 2046/2046/2046 
f 1990/1990/1990 2046/2046/2046 1991/1991/1991 
f 1923/1923/1923 2047/2047/2047 2048/2048/2048 
f 1923/1923/1923 2048/2048/2048 1922/1922/1922 
f 1922/1922/1922 2048/2048/2048 2049/2049/2049 
f 1922/1922/1922 2049/2049/2049 1920/1920/1920 
f 1920/1920/1920 2049/2049/2049 2050/2050/2050 
f 1920/1920/1920 2050/2050/2050 1921/1921/1921 
f 1929/1929/1929 1921/1921/1921 2050/2050/2050 
f 1929/1929/1929 2050/2050/2050 2051/2051/2051 
f 1929/1929/1929 2051/2051/2051 2052/2052/2052 
f 1929/1929/1929 2052/2052/2052 1928/1928/1928 
f 1928/1928/1928 2052/2052/2052 2053/2053/2053 
f 1928/1928/1928 2053/2053/2053 1926/1926/1926 
f 1926/1926/1926 2053/2053/2053 2054/2054/2054 
f 1926/1926/1926 2054/2054/2054 1927/1927/1927 
f 1927/1927/1927 2054/2054/2054 2055/2055/2055 
f 1927/1927/1927 2055/2055/2055 1997/1997/1997 
f 2056/2056/2056 2057/2057/2057 2058/2058/2058 
f 2056/2056/2056 2058/2058/2058 2059/2059/2059 
f 2060/2060/2060 2057/2057/2057 2056/2056/2056 
f 2060/2060/2060 2056/2056/2056 2061/2061/2061 
f 2053/2053/2053 2062/2062/2062 2063/2063/2063 
f 2053/2053/2053 2063/2063/2063 2054/2054/2054 
f 2052/2052/2052 2064/2064/2064 2062/2062/2062 
f 2052/2052/2052 2062/2062/2062 2053/2053/2053 
f 2051/2051/2051 2065/2065/2065 2064/2064/2064 
f 2051/2051/2051 2064/2064/2064 2052/2052/2052 
f 2050/2050/2050 2066/2066/2066 2065/2065/2065 
f 2050/2050/2050 2065/2065/2065 2051/2051/2051 
f 2049/2049/2049 2067/2067/2067 2066/2066/2066 
f 2049/2049/2049 2066/2066/2066 2050/2050/2050 
f 2048/2048/2048 2068/2068/2068 2067/2067/2067 
f 2048/2048/2048 2067/2067/2067 2049/2049/2049 
f 2047/2047/2047 2069/2069/2069 2068/2068/2068 
f 2047/2047/2047 2068/2068/2068 2048/2048/2048 
f 2045/2045/2045 2070/2070/2070 2071/2071/2071 
f 2045/2045/2045 2071/2071/2071 2046/2046/2046 
f 2072/2072/2072 2043/2043/2043 2044/2044/2044 
f 2072/2072/2072 2044/2044/2044 2073/2073/2073 
f 2074/2074/2074 2041/2041/2041 2042/2042/2042 
f 2074/2074/2074 2042/2042/2042 2075/2075/2075 
f 2039/2039/2039 2076/2076/2076 2077/2077/2077 
f 2039/2039/2039 2077/2077/2077 2040/2040/2040 
f 2054/2054/2054 2063/2063/2063 2078/2078/2078 
f 2054/2054/2054 2078/2078/2078 2055/2055/2055 
f 2079/2079/2079 2080/2080/2080 1993/1993/1993 
f 2079/2079/2079 1993/1993/1993 1992/1992/1992 
f 1885/1885/1885 2081/2081/2081 2082/2082/2082 
f 1885/1885/1885 2082/2082/2082 1887/1887/1887 
f 1883/1883/1883 2083/2083/2083 2081/2081/2081 
f 1883/1883/1883 2081/2081/2081 1885/1885/1885 
f 1882/1882/1882 2084/2084/2084 2083/2083/2083 
f 1882/1882/1882 2083/2083/2083 1883/1883/1883 
f 1899/1899/1899 2085/2085/2085 2084/2084/2084 
f 1899/1899/1899 2084/2084/2084 1882/1882/1882 
f 1897/1897/1897 2086/2086/2086 2085/2085/2085 
f 1897/1897/1897 2085/2085/2085 1899/1899/1899 
f 1895/1895/1895 2087/2087/2087 2086/2086/2086 
f 1895/1895/1895 2086/2086/2086 1897/1897/1897 
f 1894/1894/1894 2088/2088/2088 2087/2087/2087 
f 1894/1894/1894 2087/2087/2087 1895/1895/1895 
f 2089/2089/2089 2088/2088/2088 1894/1894/1894 
f 2089/2089/2089 1894/1894/1894 1998/1998/1998 
f 1890/1890/1890 2090/2090/2090 2091/2091/2091 
f 1890/1890/1890 2091/2091/2091 1891/1891/1891 
f 2092/2092/2092 2093/2093/2093 2094/2094/2094 
f 2092/2092/2092 2094/2094/2094 2095/2095/2095 
f 2095/2095/2095 2094/2094/2094 2096/2096/2096 
f 2095/2095/2095 2096/2096/2096 2097/2097/2097 
f 2097/2097/2097 2096/2096/2096 2098/2098/2098 
f 2097/2097/2097 2098/2098/2098 2099/2099/2099 
f 2099/2099/2099 2098/2098/2098 2100/2100/2100 
f 2099/2099/2099 2100/2100/2100 2101/2101/2101 
f 2102/2102/2102 2101/2101/2101 2100/2100/2100 
f 2102/2102/2102 2100/2100/2100 2103/2103/2103 
f 2102/2102/2102 2103/2103/2103 2104/2104/2104 
f 2102/2102/2102 2104/2104/2104 2105/2105/2105 
f 2105/2105/2105 2104/2104/2104 2106/2106/2106 
f 2105/2105/2105 2106/2106/2106 2107/2107/2107 
f 2107/2107/2107 2106/2106/2106 2108/2108/2108 
f 2107/2107/2107 2108/2108/2108 2109/2109/2109 
f 2109/2109/2109 2108/2108/2108 2110/2110/2110 
f 2109/2109/2109 2110/2110/2110 2111/2111/2111 
f 2111/2111/2111 2110/2110/2110 2112/2112/2112 
f 2111/2111/2111 2112/2112/2112 2113/2113/2113 
f 2113/2113/2113 2112/2112/2112 2114/2114/2114 
f 2113/2113/2113 2114/2114/2114 2115/2115/2115 
f 2115/2115/2115 2114/2114/2114 2116/2116/2116 
f 2115/2115/2115 2116/2116/2116 2117/2117/2117 
f 2118/2118/2118 2119/2119/2119 2120/2120/2120 
f 2118/2118/2118 2120/2120/2120 2121/2121/2121 
f 2122/2122/2122 2123/2123/2123 2124/2124/2124 
f 2124/2124/2124 2123/2123/2123 2093/2093/2093 
f 2124/2124/2124 2093/2093/2093 2092/2092/2092 
f 2125/2125/2125 2126/2126/2126 2127/2127/2127 
f 2128/2128/2128 2129/2129/2129 2130/2130/2130 
f 2128/2128/2128 2130/2130/2130 2131/2131/2131 
f 2132/2132/2132 2133/2133/2133 2126/2126/2126 
f 2134/2134/2134 2135/2135/2135 2136/2136/2136 
f 2134/2134/2134 2136/2136/2136 2137/2137/2137 
f 2138/2138/2138 2139/2139/2139 2140/2140/2140 
f 2138/2138/2138 2140/2140/2140 2141/2141/2141 
f 2142/2142/2142 2143/2143/2143 2144/2144/2144 
f 2142/2142/2142 2144/2144/2144 2145/2145/2145 
f 2146/2146/2146 2142/2142/2142 2145/2145/2145 
f 2146/2146/2146 2145/2145/2145 2147/2147/2147 
f 2148/2148/2148 2146/2146/2146 2147/2147/2147 
f 2148/2148/2148 2147/2147/2147 2149/2149/2149 
f 2150/2150/2150 2148/2148/2148 2149/2149/2149 
f 2150/2150/2150 2149/2149/2149 2151/2151/2151 
f 2150/2150/2150 2151/2151/2151 2152/2152/2152 
f 2150/2150/2150 2152/2152/2152 2153/2153/2153 
f 2154/2154/2154 2153/2153/2153 2152/2152/2152 
f 2154/2154/2154 2152/2152/2152 2155/2155/2155 
f 2156/2156/2156 2154/2154/2154 2155/2155/2155 
f 2156/2156/2156 2155/2155/2155 2157/2157/2157 
f 2158/2158/2158 2156/2156/2156 2157/2157/2157 
f 2158/2158/2158 2157/2157/2157 2159/2159/2159 
f 2160/2160/2160 2158/2158/2158 2159/2159/2159 
f 2160/2160/2160 2159/2159/2159 2161/2161/2161 
f 2162/2162/2162 2160/2160/2160 2161/2161/2161 
f 2162/2162/2162 2161/2161/2161 2163/2163/2163 
f 2164/2164/2164 2162/2162/2162 2163/2163/2163 
f 2164/2164/2164 2163/2163/2163 2165/2165/2165 
f 2166/2166/2166 2167/2167/2167 2168/2168/2168 
f 2166/2166/2166 2168/2168/2168 2169/2169/2169 
f 2170/2170/2170 2171/2171/2171 2172/2172/2172 
f 2170/2170/2170 2172/2172/2172 2173/2173/2173 
f 2174/2174/2174 2175/2175/2175 2176/2176/2176 
f 2174/2174/2174 2176/2176/2176 2177/2177/2177 
f 2178/2178/2178 2179/2179/2179 2180/2180/2180 
f 2178/2178/2178 2180/2180/2180 2181/2181/2181 
f 2143/2143/2143 2178/2178/2178 2181/2181/2181 
f 2143/2143/2143 2181/2181/2181 2144/2144/2144 
f 2182/2182/2182 2183/2183/2183 2184/2184/2184 
f 2185/2185/2185 2186/2186/2186 2187/2187/2187 
f 2185/2185/2185 2187/2187/2187 2188/2188/2188 
f 2189/2189/2189 2190/2190/2190 2191/2191/2191 
f 2189/2189/2189 2191/2191/2191 2192/2192/2192 
f 2193/2193/2193 2194/2194/2194 2195/2195/2195 
f 2193/2193/2193 2195/2195/2195 2196/2196/2196 
f 2132/2132/2132 2126/2126/2126 2197/2197/2197 
f 2132/2132/2132 2197/2197/2197 2198/2198/2198 
f 2199/2199/2199 2200/2200/2200 2201/2201/2201 
f 2202/2202/2202 2203/2203/2203 2204/2204/2204 
f 2202/2202/2202 2205/2205/2205 2206/2206/2206 
f 2202/2202/2202 2206/2206/2206 2203/2203/2203 
f 2207/2207/2207 2201/2201/2201 2200/2200/2200 
f 2197/2197/2197 2126/2126/2126 2125/2125/2125 
f 2208/2208/2208 2209/2209/2209 2210/2210/2210 
f 2208/2208/2208 2210/2210/2210 2211/2211/2211 
f 2137/2137/2137 2136/2136/2136 2212/2212/2212 
f 2137/2137/2137 2212/2212/2212 2213/2213/2213 
f 2214/2214/2214 2193/2193/2193 2196/2196/2196 
f 2214/2214/2214 2196/2196/2196 2215/2215/2215 
f 2216/2216/2216 2217/2217/2217 2218/2218/2218 
f 2216/2216/2216 2218/2218/2218 2219/2219/2219 
f 2217/2217/2217 2220/2220/2220 2221/2221/2221 
f 2217/2217/2217 2221/2221/2221 2218/2218/2218 
f 2220/2220/2220 2222/2222/2222 2223/2223/2223 
f 2220/2220/2220 2223/2223/2223 2221/2221/2221 
f 2222/2222/2222 2224/2224/2224 2225/2225/2225 
f 2222/2222/2222 2225/2225/2225 2223/2223/2223 
f 2226/2226/2226 2227/2227/2227 2225/2225/2225 
f 2226/2226/2226 2225/2225/2225 2224/2224/2224 
f 2226/2226/2226 2228/2228/2228 2229/2229/2229 
f 2226/2226/2226 2229/2229/2229 2227/2227/2227 
f 2228/2228/2228 2230/2230/2230 2231/2231/2231 
f 2228/2228/2228 2231/2231/2231 2229/2229/2229 
f 2230/2230/2230 2232/2232/2232 2233/2233/2233 
f 2230/2230/2230 2233/2233/2233 2231/2231/2231 
f 2232/2232/2232 2234/2234/2234 2235/2235/2235 
f 2232/2232/2232 2235/2235/2235 2233/2233/2233 
f 2234/2234/2234 2236/2236/2236 2237/2237/2237 
f 2234/2234/2234 2237/2237/2237 2235/2235/2235 
f 2236/2236/2236 2238/2238/2238 2239/2239/2239 
f 2236/2236/2236 2239/2239/2239 2237/2237/2237 
f 2238/2238/2238 2240/2240/2240 2241/2241/2241 
f 2238/2238/2238 2241/2241/2241 2239/2239/2239 
f 2242/2242/2242 2243/2243/2243 2244/2244/2244 
f 2242/2242/2242 2244/2244/2244 2245/2245/2245 
f 2246/2246/2246 2247/2247/2247 2248/2248/2248 
f 2246/2246/2246 2248/2248/2248 2249/2249/2249 
f 2250/2250/2250 2251/2251/2251 2252/2252/2252 
f 2250/2250/2250 2252/2252/2252 2253/2253/2253 
f 2254/2254/2254 2255/2255/2255 2256/2256/2256 
f 2254/2254/2254 2256/2256/2256 2257/2257/2257 
f 2255/2255/2255 2216/2216/2216 2219/2219/2219 
f 2255/2255/2255 2219/2219/2219 2256/2256/2256 
f 2258/2258/2258 2259/2259/2259 2260/2260/2260 
f 2261/2261/2261 2262/2262/2262 2263/2263/2263 
f 2261/2261/2261 2263/2263/2263 2264/2264/2264 
f 2265/2265/2265 2266/2266/2266 2267/2267/2267 
f 2265/2265/2265 2267/2267/2267 2268/2268/2268 
f 2269/2269/2269 2260/2260/2260 2270/2270/2270 
f 2271/2271/2271 2272/2272/2272 2273/2273/2273 
f 2271/2271/2271 2273/2273/2273 2274/2274/2274 
f 2138/2138/2138 2275/2275/2275 2276/2276/2276 
f 2138/2138/2138 2276/2276/2276 2277/2277/2277 
f 2278/2278/2278 2279/2279/2279 2280/2280/2280 
f 2278/2278/2278 2280/2280/2280 2281/2281/2281 
f 2282/2282/2282 2283/2283/2283 2279/2279/2279 
f 2282/2282/2282 2279/2279/2279 2278/2278/2278 
f 2284/2284/2284 2285/2285/2285 2283/2283/2283 
f 2284/2284/2284 2283/2283/2283 2282/2282/2282 
f 2286/2286/2286 2287/2287/2287 2285/2285/2285 
f 2286/2286/2286 2285/2285/2285 2284/2284/2284 
f 2286/2286/2286 2288/2288/2288 2289/2289/2289 
f 2286/2286/2286 2289/2289/2289 2287/2287/2287 
f 2290/2290/2290 2291/2291/2291 2289/2289/2289 
f 2290/2290/2290 2289/2289/2289 2288/2288/2288 
f 2292/2292/2292 2293/2293/2293 2291/2291/2291 
f 2292/2292/2292 2291/2291/2291 2290/2290/2290 
f 2294/2294/2294 2295/2295/2295 2293/2293/2293 
f 2294/2294/2294 2293/2293/2293 2292/2292/2292 
f 2296/2296/2296 2297/2297/2297 2295/2295/2295 
f 2296/2296/2296 2295/2295/2295 2294/2294/2294 
f 2298/2298/2298 2299/2299/2299 2297/2297/2297 
f 2298/2298/2298 2297/2297/2297 2296/2296/2296 
f 2300/2300/2300 2301/2301/2301 2299/2299/2299 
f 2300/2300/2300 2299/2299/2299 2298/2298/2298 
f 2302/2302/2302 2303/2303/2303 2304/2304/2304 
f 2302/2302/2302 2304/2304/2304 2305/2305/2305 
f 2306/2306/2306 2307/2307/2307 2308/2308/2308 
f 2309/2309/2309 2310/2310/2310 2311/2311/2311 
f 2309/2309/2309 2311/2311/2311 2312/2312/2312 
f 2313/2313/2313 2314/2314/2314 2315/2315/2315 
f 2313/2313/2313 2315/2315/2315 2316/2316/2316 
f 2281/2281/2281 2280/2280/2280 2314/2314/2314 
f 2281/2281/2281 2314/2314/2314 2313/2313/2313 
f 2317/2317/2317 2318/2318/2318 2319/2319/2319 
f 2320/2320/2320 2321/2321/2321 2322/2322/2322 
f 2320/2320/2320 2322/2322/2322 2323/2323/2323 
f 2324/2324/2324 2325/2325/2325 2326/2326/2326 
f 2324/2324/2324 2326/2326/2326 2327/2327/2327 
f 2328/2328/2328 2329/2329/2329 2330/2330/2330 
f 2328/2328/2328 2330/2330/2330 2331/2331/2331 
f 2269/2269/2269 2332/2332/2332 2333/2333/2333 
f 2269/2269/2269 2333/2333/2333 2260/2260/2260 
f 2334/2334/2334 2335/2335/2335 2336/2336/2336 
f 2265/2265/2265 2268/2268/2268 2337/2337/2337 
f 2260/2260/2260 2338/2338/2338 2339/2339/2339 
f 2260/2260/2260 2339/2339/2339 2270/2270/2270 
f 2333/2333/2333 2258/2258/2258 2260/2260/2260 
f 2272/2272/2272 2340/2340/2340 2341/2341/2341 
f 2272/2272/2272 2341/2341/2341 2273/2273/2273 
f 2342/2342/2342 2343/2343/2343 2329/2329/2329 
f 2342/2342/2342 2329/2329/2329 2328/2328/2328 
f 2344/2344/2344 2334/2334/2334 2336/2336/2336 
f 2265/2265/2265 2337/2337/2337 2345/2345/2345 
f 2265/2265/2265 2345/2345/2345 2336/2336/2336 
f 2336/2336/2336 2335/2335/2335 2346/2346/2346 
f 2126/2126/2126 2133/2133/2133 2347/2347/2347 
f 2126/2126/2126 2347/2347/2347 2348/2348/2348 
f 2200/2200/2200 2199/2199/2199 2349/2349/2349 
f 2202/2202/2202 2204/2204/2204 2210/2210/2210 
f 2202/2202/2202 2210/2210/2210 2209/2209/2209 
f 2266/2266/2266 2350/2350/2350 2351/2351/2351 
f 2266/2266/2266 2351/2351/2351 2267/2267/2267 
f 2326/2326/2326 2352/2352/2352 2353/2353/2353 
f 2326/2326/2326 2353/2353/2353 2327/2327/2327 
f 2354/2354/2354 2355/2355/2355 2275/2275/2275 
f 2354/2354/2354 2275/2275/2275 2138/2138/2138 
f 2354/2354/2354 2138/2138/2138 2141/2141/2141 
f 2354/2354/2354 2141/2141/2141 2356/2356/2356 
f 2190/2190/2190 2357/2357/2357 2358/2358/2358 
f 2190/2190/2190 2358/2358/2358 2191/2191/2191 
f 2350/2350/2350 2359/2359/2359 2360/2360/2360 
f 2350/2350/2350 2360/2360/2360 2351/2351/2351 
f 2352/2352/2352 2361/2361/2361 2362/2362/2362 
f 2352/2352/2352 2362/2362/2362 2353/2353/2353 
f 2363/2363/2363 2364/2364/2364 2355/2355/2355 
f 2363/2363/2363 2355/2355/2355 2354/2354/2354 
f 2363/2363/2363 2354/2354/2354 2356/2356/2356 
f 2363/2363/2363 2356/2356/2356 2365/2365/2365 
f 2357/2357/2357 2366/2366/2366 2367/2367/2367 
f 2357/2357/2357 2367/2367/2367 2358/2358/2358 
f 2368/2368/2368 2208/2208/2208 2211/2211/2211 
f 2368/2368/2368 2211/2211/2211 2369/2369/2369 

g Cleetus3

v 72.093 0.455507 -11.4399 
v 72.7475 0.455507 -11.4399 
v 72.7475 0.000967979 -11.4399 
v 72.093 0.000969052 -11.4399 
v 72.7476 1.4703 -10.5864 
v 72.7476 1.42143 -10.5864 
v 72.7807 1.42143 -10.6136 
v 72.7807 1.4703 -10.6136 
v 72.7476 1.4703 -10.5864 
v 72.7807 1.4703 -10.6136 
v 72.7807 1.8037 -10.6136 
v 72.7476 1.8037 -10.5864 
v 72.7476 1.80379 -11.4399 
v 72.7475 1.47029 -11.4399 
v 72.0348 1.47029 -11.4399 
v 72.0348 1.80374 -11.4399 
v 72.7807 1.8037 -10.6136 
v 72.7807 1.4703 -10.6136 
v 72.7807 1.47029 -11.4119 
v 72.7807 1.80379 -11.4119 
v 72.7476 1.42143 -10.5864 
v 72.7476 1.4703 -10.5864 
v 72.0348 1.4703 -10.5864 
v 72.093 1.42143 -10.5864 
v 72.7475 1.42143 -11.4399 
v 72.093 1.42143 -11.4399 
v 72.7807 1.42143 -11.4119 
v 72.7807 1.47029 -11.4119 
v 72.7807 1.4703 -10.6136 
v 72.7807 1.42143 -10.6136 
v 72 1.8037 -10.6134 
v 72 2.02951 -10.6135 
v 72 2.0295 -11.412 
v 72 1.80374 -11.412 
v 72.0594 1.42143 -11.4119 
v 72.0594 1.42143 -10.6135 
v 72 1.4703 -10.6134 
v 72 1.47029 -11.4119 
v 72.0594 0.478302 -10.6135 
v 72.0594 0.478302 -11.4119 
v 72.0594 0.03449 -11.4119 
v 72.0594 0.03449 -10.6135 
v 72.7807 1.47029 -11.4119 
v 72.7807 1.42143 -11.4119 
v 72.7475 1.42143 -11.4399 
v 72.7475 1.47029 -11.4399 
v 72.7807 0.47837 -11.4119 
v 72.7807 0.478301 -10.6135 
v 72.7807 0.03449 -10.6135 
v 72.7807 0.034591 -11.4119 
v 72.093 0.478302 -10.5864 
v 72.0594 0.478302 -10.6135 
v 72.0594 0.03449 -10.6135 
v 72.093 0.03449 -10.5864 
v 72 1.4703 -10.6134 
v 72.0594 1.42143 -10.6135 
v 72.093 1.42143 -10.5864 
v 72.0348 1.4703 -10.5864 
v 72 1.4703 -10.6134 
v 72.0348 1.4703 -10.5864 
v 72.0348 1.8037 -10.5864 
v 72 1.8037 -10.6134 
v 72.0594 1.42143 -11.4119 
v 72 1.47029 -11.4119 
v 72.0348 1.47029 -11.4399 
v 72.093 1.42143 -11.4399 
v 72.0348 1.47029 -11.4399 
v 72 1.47029 -11.4119 
v 72 1.80374 -11.412 
v 72.0348 1.80374 -11.4399 
v 72.0594 0.478302 -11.4119 
v 72.093 0.455507 -11.4399 
v 72.093 0.000969052 -11.4399 
v 72.0594 0.03449 -11.4119 
v 72.7807 0.47837 -11.4119 
v 72.7807 0.034591 -11.4119 
v 72.7475 0.000967979 -11.4399 
v 72.7475 0.455507 -11.4399 
v 72.7807 0.478301 -10.6135 
v 72.7476 0.478301 -10.5864 
v 72.7476 0.03449 -10.5864 
v 72.7807 0.03449 -10.6135 
v 72.7807 1.47029 -11.4119 
v 72.7475 1.47029 -11.4399 
v 72.7476 1.80379 -11.4399 
v 72.7807 1.80379 -11.4119 
v 72.093 0.000969052 -11.4399 
v 72.7475 0.000967979 -11.4399 
v 72.7476 0.000969052 -10.6135 
v 72.093 0.000969052 -10.6136 
v 72.7476 2.0295 -10.5864 
v 72.7476 1.8037 -10.5864 
v 72.7807 1.8037 -10.6136 
v 72.7807 2.02951 -10.6135 
v 72.7476 2.02951 -11.4399 
v 72.0348 2.02951 -11.4399 
v 72.7807 2.02951 -10.6135 
v 72.7807 2.0295 -11.4119 
v 72 1.4703 -10.6134 
v 72 1.8037 -10.6134 
v 72 1.80374 -11.412 
v 72 1.47029 -11.4119 
v 72 2.02951 -10.6135 
v 72 1.8037 -10.6134 
v 72.0348 1.8037 -10.5864 
v 72.0348 2.0295 -10.5864 
v 72.0348 2.02951 -11.4399 
v 72.0348 1.80374 -11.4399 
v 72 1.80374 -11.412 
v 72 2.0295 -11.412 
v 72.7807 2.0295 -11.4119 
v 72.7807 1.80379 -11.4119 
v 72.7476 1.80379 -11.4399 
v 72.7476 2.02951 -11.4399 
v 72.7476 1.8037 -10.5864 
v 72.0348 1.8037 -10.5864 
v 72.0348 1.4703 -10.5864 
v 72.7476 1.4703 -10.5864 
v 72.7476 0.478301 -10.5864 
v 72.093 0.478302 -10.5864 
v 72.093 0.03449 -10.5864 
v 72.7476 0.03449 -10.5864 
v 72.0348 2.0295 -10.5864 
v 72.7476 2.0295 -10.5864 
v 72.7807 0.034591 -11.4119 
v 72.7807 0.03449 -10.6135 
v 72.7476 0.000969052 -10.6135 
v 72.7475 0.000967979 -11.4399 
v 72.0594 0.03449 -10.6135 
v 72.0594 0.03449 -11.4119 
v 72.093 0.000969052 -11.4399 
v 72.093 0.000969052 -10.6136 
v 72.7807 0.03449 -10.6135 
v 72.7476 0.03449 -10.5864 
v 72.7476 0.000969052 -10.6135 
v 72.093 0.03449 -10.5864 
v 72.0594 0.03449 -10.6135 
v 72.093 0.000969052 -10.6136 
v 72.7476 0.03449 -10.5864 
v 72.093 0.03449 -10.5864 
v 72.093 0.000969052 -10.6136 
v 72.7476 0.000969052 -10.6135 
v 72.7476 2.02951 -11.4399 
v 72.7272 2.06193 -11.4132 
v 72.7568 2.06191 -11.3875 
v 72.7807 2.0295 -11.4119 
v 72.0348 2.02951 -11.4399 
v 72.0348 2.06193 -11.4132 
v 72.7272 2.06193 -11.4132 
v 72.7476 2.02951 -11.4399 
v 72.7807 2.0295 -11.4119 
v 72.7568 2.06191 -11.3875 
v 72.7568 2.06191 -11.0146 
v 72.7807 2.02951 -10.6135 
v 72 2.02951 -10.6135 
v 72 2.06191 -11.0146 
v 72 2.06191 -11.3875 
v 72 2.0295 -11.412 
v 72 2.0295 -11.412 
v 72 2.06191 -11.3875 
v 72.0348 2.06193 -11.4132 
v 72.0348 2.02951 -11.4399 
v 72.0348 2.0295 -10.5864 
v 72.0348 2.06193 -10.6125 
v 72 2.06191 -10.6379 
v 72 2.02951 -10.6135 
v 72.7807 2.02951 -10.6135 
v 72.7568 2.06191 -10.638 
v 72.7272 2.06193 -10.6125 
v 72.7476 2.0295 -10.5864 
v 72.7476 2.0295 -10.5864 
v 72.7272 2.06193 -10.6125 
v 72.0348 2.06193 -10.6125 
v 72.0348 2.0295 -10.5864 
v 72.7272 2.40613 -10.8624 
v 72.0348 2.40613 -10.8624 
v 72.0348 2.32538 -10.7294 
v 72.7272 2.32538 -10.7294 
v 72.0348 2.20451 -10.6432 
v 72.7272 2.20451 -10.6432 
v 72.0348 2.06193 -10.6125 
v 72.7272 2.06193 -10.6125 
v 72.7272 2.06193 -11.4132 
v 72.0348 2.06193 -11.4132 
v 72.0348 2.20451 -11.378 
v 72.7272 2.20451 -11.378 
v 72.0348 2.32538 -11.2918 
v 72.7272 2.32538 -11.2918 
v 72.0348 2.40613 -11.1668 
v 72.7272 2.40613 -11.1668 
v 72.0348 2.43449 -11.0146 
v 72.7272 2.43449 -11.0146 
v 72.7568 2.31036 -10.7457 
v 72.7568 2.06191 -11.0146 
v 72.7568 2.38666 -10.8709 
v 72.7568 2.19631 -10.6645 
v 72.7568 2.06191 -10.638 
v 72.7568 2.19633 -11.3573 
v 72.7568 2.06191 -11.3875 
v 72.7568 2.31034 -11.276 
v 72.7568 2.38661 -11.1581 
v 72.7568 2.41345 -11.0146 
v 72 2.38666 -10.8709 
v 72 2.06191 -11.0146 
v 72 2.31036 -10.7457 
v 72 2.19631 -10.6645 
v 72 2.19631 -10.6645 
v 72 2.06191 -11.0146 
v 72 2.06191 -10.6379 
v 72 2.06191 -11.3875 
v 72 2.19633 -11.3573 
v 72 2.31034 -11.276 
v 72 2.38661 -11.1581 
v 72 2.41345 -11.0146 
v 72.7272 2.32538 -10.7294 
v 72.7568 2.31036 -10.7457 
v 72.7568 2.38666 -10.8709 
v 72.7272 2.40613 -10.8624 
v 72.7272 2.20451 -10.6432 
v 72.7568 2.19631 -10.6645 
v 72.7272 2.06193 -10.6125 
v 72.7568 2.06191 -10.638 
v 72.7272 2.20451 -11.378 
v 72.7568 2.19633 -11.3573 
v 72.7568 2.06191 -11.3875 
v 72.7272 2.06193 -11.4132 
v 72.7272 2.32538 -11.2918 
v 72.7568 2.31034 -11.276 
v 72.7272 2.40613 -11.1668 
v 72.7568 2.38661 -11.1581 
v 72.7272 2.43449 -11.0146 
v 72.7568 2.41345 -11.0146 
v 72.0348 2.40613 -10.8624 
v 72 2.38666 -10.8709 
v 72 2.31036 -10.7457 
v 72.0348 2.32538 -10.7294 
v 72 2.19631 -10.6645 
v 72.0348 2.20451 -10.6432 
v 72 2.19633 -11.3573 
v 72.0348 2.20451 -11.378 
v 72 2.31034 -11.276 
v 72.0348 2.32538 -11.2918 
v 72 2.38661 -11.1581 
v 72.0348 2.40613 -11.1668 
v 72 2.41345 -11.0146 
v 72.0348 2.43449 -11.0146 
v 72.7568 2.06191 -11.0146 
v 72.7568 2.06191 -10.638 
v 72.7807 2.02951 -10.6135 
v 72 2.02951 -10.6135 
v 72 2.06191 -10.6379 
v 72 2.06191 -11.0146 
v 72.093 0.955069 -11.4399 
v 72.7475 0.955068 -11.4399 
v 72.7475 0.455507 -11.4399 
v 72.093 0.455507 -11.4399 
v 72.0594 0.966074 -11.4119 
v 72.093 0.955069 -11.4399 
v 72.093 0.455507 -11.4399 
v 72.0594 0.478302 -11.4119 
v 72.0594 0.966074 -10.6135 
v 72.0594 0.966074 -11.4119 
v 72.093 0.966074 -10.5864 
v 72.0594 0.966074 -10.6135 
v 72.0594 0.478302 -10.6135 
v 72.093 0.478302 -10.5864 
v 72.7476 0.966074 -10.5864 
v 72.093 0.966074 -10.5864 
v 72.7807 0.966074 -10.6136 
v 72.7476 0.966074 -10.5864 
v 72.7476 0.478301 -10.5864 
v 72.7807 0.478301 -10.6135 
v 72.7807 0.966107 -11.4119 
v 72.7807 0.966074 -10.6136 
v 72.7807 0.966107 -11.4119 
v 72.7807 0.47837 -11.4119 
v 72.7475 0.455507 -11.4399 
v 72.7475 0.955068 -11.4399 
v 72.093 1.42143 -11.4399 
v 72.7475 1.42143 -11.4399 
v 72.0594 1.42143 -11.4119 
v 72.093 1.42143 -11.4399 
v 72.0594 1.42143 -10.6135 
v 72.0594 1.42143 -11.4119 
v 72.093 1.42143 -10.5864 
v 72.0594 1.42143 -10.6135 
v 72.7476 1.42143 -10.5864 
v 72.093 1.42143 -10.5864 
v 72.7807 1.42143 -10.6136 
v 72.7476 1.42143 -10.5864 
v 72.7807 1.42143 -11.4119 
v 72.7807 1.42143 -10.6136 
v 72.7475 1.42143 -11.4399 
v 72.7807 1.42143 -11.4119 
v 72.7807 0.03449 -11.5338 
v 72.7476 0.03449 -11.6227 
v 72.7476 0.114991 -11.6067 
v 72.7807 0.079551 -11.523 
v 72.7476 0.183236 -11.5611 
v 72.7807 0.113566 -11.4993 
v 72.7476 0.228837 -11.4929 
v 72.7807 0.141458 -11.4582 
v 72.7476 0.244849 -11.412 
v 72.7807 0.147096 -11.4119 
v 72.6961 0.03449 -11.7072 
v 72.6385 0.03449 -11.761 
v 72.6385 0.166958 -11.7337 
v 72.6961 0.14732 -11.6848 
v 72.6385 0.279854 -11.6589 
v 72.6961 0.242973 -11.6209 
v 72.6385 0.355804 -11.546 
v 72.6961 0.306886 -11.5252 
v 72.6385 0.381376 -11.412 
v 72.6961 0.32933 -11.412 
v 72.5695 0.03449 -11.7976 
v 72.4941 0.03449 -11.8198 
v 72.4941 0.190889 -11.7891 
v 72.5695 0.18191 -11.7683 
v 72.4941 0.322154 -11.7017 
v 72.5695 0.306886 -11.6848 
v 72.4941 0.412848 -11.569 
v 72.5695 0.390393 -11.5598 
v 72.4941 0.441701 -11.412 
v 72.5695 0.419716 -11.412 
v 72.7807 0.079551 -11.523 
v 72.7807 0.03449 -11.4119 
v 72.7807 0.03449 -11.5338 
v 72.7807 0.113566 -11.4993 
v 72.7807 0.141458 -11.4582 
v 72.7807 0.147096 -11.4119 
v 72.7476 0.228837 -11.4929 
v 72.7476 0.244849 -11.412 
v 72.7476 0.183236 -11.5611 
v 72.7476 0.114991 -11.6067 
v 72.7476 0.03449 -11.6227 
v 72.7807 0.03449 -11.5338 
v 72.7465 0.000967979 -11.5218 
v 72.7165 0.000967979 -11.6069 
v 72.7476 0.03449 -11.6227 
v 72.6961 0.03449 -11.7072 
v 72.6699 0.000967979 -11.6863 
v 72.6178 0.000967979 -11.7374 
v 72.6385 0.03449 -11.761 
v 72.5695 0.03449 -11.7976 
v 72.5553 0.000967979 -11.7713 
v 72.4871 0.000967979 -11.7924 
v 72.4941 0.03449 -11.8198 
v 72.7807 0.03449 -11.4119 
v 72.7465 0.000967979 -11.4399 
v 72.7476 0.03449 -11.6227 
v 72.7165 0.000967979 -11.6069 
v 72.4201 0.419716 -11.572 
v 72.4201 0.451456 -11.412 
v 72.4201 0.32933 -11.7072 
v 72.4201 0.194056 -11.7976 
v 72.4201 0.03449 -11.8294 
v 72.4201 0.000967979 -11.8011 
v 72.4201 0.03449 -11.8294 
v 72.0594 0.03449 -11.5338 
v 72.0594 0.079551 -11.523 
v 72.0926 0.114991 -11.6067 
v 72.0926 0.03449 -11.6227 
v 72.0594 0.113566 -11.4993 
v 72.0926 0.183236 -11.5611 
v 72.0594 0.141458 -11.4582 
v 72.0926 0.228837 -11.4929 
v 72.0594 0.147096 -11.4119 
v 72.0926 0.244849 -11.412 
v 72.1441 0.03449 -11.7072 
v 72.1441 0.14732 -11.6848 
v 72.2017 0.166958 -11.7337 
v 72.2017 0.03449 -11.761 
v 72.1441 0.242973 -11.6209 
v 72.2017 0.279854 -11.6589 
v 72.1441 0.306886 -11.5252 
v 72.2017 0.355804 -11.546 
v 72.1441 0.32933 -11.412 
v 72.2017 0.381376 -11.412 
v 72.2707 0.03449 -11.7976 
v 72.2707 0.18191 -11.7683 
v 72.3461 0.190889 -11.7891 
v 72.3461 0.03449 -11.8198 
v 72.2707 0.306886 -11.6848 
v 72.3461 0.322154 -11.7017 
v 72.2707 0.390393 -11.5598 
v 72.3461 0.412848 -11.569 
v 72.2707 0.419716 -11.412 
v 72.3461 0.441701 -11.412 
v 72.0594 0.079551 -11.523 
v 72.0594 0.03449 -11.5338 
v 72.0594 0.03449 -11.4119 
v 72.0594 0.113566 -11.4993 
v 72.0594 0.141458 -11.4582 
v 72.0594 0.147096 -11.4119 
v 72.0926 0.228837 -11.4929 
v 72.0926 0.244849 -11.412 
v 72.0926 0.183236 -11.5611 
v 72.0926 0.114991 -11.6067 
v 72.0926 0.03449 -11.6227 
v 72.0594 0.03449 -11.5338 
v 72.0926 0.03449 -11.6227 
v 72.1237 0.000967979 -11.6069 
v 72.0937 0.000967979 -11.5218 
v 72.1441 0.03449 -11.7072 
v 72.2017 0.03449 -11.761 
v 72.2224 0.000967979 -11.7374 
v 72.1703 0.000967979 -11.6863 
v 72.2707 0.03449 -11.7976 
v 72.3461 0.03449 -11.8198 
v 72.3531 0.000967979 -11.7924 
v 72.2849 0.000967979 -11.7713 
v 72.0594 0.03449 -11.4119 
v 72.0937 0.000967979 -11.4399 
v 72.0926 0.03449 -11.6227 
v 72.1237 0.000967979 -11.6069 
v 72.7465 0.000967979 -11.5218 
v 72.4201 0.000967979 -11.4399 
v 72.7165 0.000967979 -11.6069 
v 72.6699 0.000967979 -11.6863 
v 72.6178 0.000967979 -11.7374 
v 72.5553 0.000967979 -11.7713 
v 72.4871 0.000967979 -11.7924 
v 72.7465 0.000967979 -11.4399 
v 72.4201 0.000967979 -11.8011 
v 72.1237 0.000967979 -11.6069 
v 72.0937 0.000967979 -11.5218 
v 72.2224 0.000967979 -11.7374 
v 72.1703 0.000967979 -11.6863 
v 72.3531 0.000967979 -11.7924 
v 72.2849 0.000967979 -11.7713 
v 72.0937 0.000967979 -11.4399 

vn 0 0 -1 
vn 0 0 -1 
vn 0 0 -1 
vn 0 0 -1 
vn 0.637795 0 0.771654 
vn 0.637795 0 0.771654 
vn 0.637795 0 0.771654 
vn 0.637795 0 0.771654 
vn 0.637795 0 0.771654 
vn 0.637795 0 0.771654 
vn 0.637795 0 0.771654 
vn 0.637795 0 0.771654 
vn 0 0 -1 
vn 0 0 -1 
vn 0 0 -1 
vn 0 0 -1 
vn 1 0 0 
vn 1 0 0 
vn 1 0 0 
vn 1 0 0 
vn 0 0 1 
vn 0 0 1 
vn 0 0 1 
vn 0 0 1 
vn 0 0 -1 
vn 0 0 -1 
vn 1 0 0 
vn 1 0 0 
vn 1 0 0 
vn 1 0 0 
vn -1 0 0 
vn -1 0 0 
vn -1 0 0 
vn -1 0 0 
vn -0.637795 -0.771654 0 
vn -0.637795 -0.771654 0 
vn -0.637795 -0.771654 0 
vn -0.637795 -0.771654 0 
vn -1 0 0 
vn -1 0 0 
vn -1 0 0 
vn -1 0 0 
vn 0.645669 0 -0.76378 
vn 0.645669 0 -0.76378 
vn 0.645669 0 -0.76378 
vn 0.645669 0 -0.76378 
vn 1 0 0 
vn 1 0 0 
vn 1 0 0 
vn 1 0 0 
vn -0.629921 0 0.779528 
vn -0.629921 0 0.779528 
vn -0.629921 0 0.779528 
vn -0.629921 0 0.779528 
vn -0.496063 -0.598425 0.629921 
vn -0.496063 -0.598425 0.629921 
vn -0.496063 -0.598425 0.629921 
vn -0.496063 -0.598425 0.629921 
vn -0.614173 0 0.787402 
vn -0.614173 0 0.787402 
vn -0.614173 0 0.787402 
vn -0.614173 0 0.787402 
vn -0.503937 -0.606299 -0.614173 
vn -0.503937 -0.606299 -0.614173 
vn -0.503937 -0.606299 -0.614173 
vn -0.503937 -0.606299 -0.614173 
vn -0.629921 0 -0.779528 
vn -0.629921 0 -0.779528 
vn -0.629921 0 -0.779528 
vn -0.629921 0 -0.779528 
vn -0.637795 0 -0.771654 
vn -0.637795 0 -0.771654 
vn -0.637795 0 -0.771654 
vn -0.637795 0 -0.771654 
vn 0.645669 0 -0.76378 
vn 0.645669 0 -0.76378 
vn 0.645669 0 -0.76378 
vn 0.645669 0 -0.76378 
vn 0.629921 0 0.771654 
vn 0.629921 0 0.771654 
vn 0.629921 0 0.771654 
vn 0.629921 0 0.771654 
vn 0.645669 0 -0.76378 
vn 0.645669 0 -0.76378 
vn 0.645669 0 -0.76378 
vn 0.645669 0 -0.76378 
vn 0 -1 0 
vn 0 -1 0 
vn 0 -1 0 
vn 0 -1 0 
vn 0.637795 0 0.771654 
vn 0.637795 0 0.771654 
vn 0.637795 0 0.771654 
vn 0.637795 0 0.771654 
vn 0 0 -1 
vn 0 0 -1 
vn 1 0 0 
vn 1 0 0 
vn -1 0 0 
vn -1 0 0 
vn -1 0 0 
vn -1 0 0 
vn -0.582677 0.275591 0.76378 
vn -0.614173 0 0.787402 
vn -0.614173 0 0.787402 
vn -0.582677 0.275591 0.76378 
vn -0.598425 0.275591 -0.755906 
vn -0.629921 0 -0.779528 
vn -0.629921 0 -0.779528 
vn -0.598425 0.275591 -0.755906 
vn 0.645669 0 -0.76378 
vn 0.645669 0 -0.76378 
vn 0.645669 0 -0.76378 
vn 0.645669 0 -0.76378 
vn 0 0 1 
vn 0 0 1 
vn 0 0 1 
vn 0 0 1 
vn 0 0 1 
vn 0 0 1 
vn 0 0 1 
vn 0 0 1 
vn 0 0 1 
vn 0 0 1 
vn 0.708661 -0.700787 0 
vn 0.708661 -0.700787 0 
vn 0.708661 -0.700787 0 
vn 0.708661 -0.700787 0 
vn -0.708661 -0.708661 0 
vn -0.708661 -0.708661 0 
vn -0.708661 -0.708661 0 
vn -0.708661 -0.708661 0 
vn 0.535433 -0.527559 0.653543 
vn 0.535433 -0.527559 0.653543 
vn 0.535433 -0.527559 0.653543 
vn -0.527559 -0.535433 0.661417 
vn -0.527559 -0.535433 0.661417 
vn -0.527559 -0.535433 0.661417 
vn 0 -0.629921 0.779528 
vn 0 -0.629921 0.779528 
vn 0 -0.629921 0.779528 
vn 0 -0.629921 0.779528 
vn 0.448819 0.724409 -0.527559 
vn 0.448819 0.724409 -0.527559 
vn 0.448819 0.724409 -0.527559 
vn 0.448819 0.724409 -0.527559 
vn 0 0.637795 -0.771654 
vn 0 0.637795 -0.771654 
vn 0 0.637795 -0.771654 
vn 0 0.637795 -0.771654 
vn 0.80315 0.590551 0 
vn 0.80315 0.590551 0 
vn 0.80315 0.590551 0 
vn 0.80315 0.590551 0 
vn -1 0 0 
vn -1 0 0 
vn -1 0 0 
vn -1 0 0 
vn -0.598425 0.275591 -0.755906 
vn -0.551181 0.370079 -0.755906 
vn -0.551181 0.370079 -0.755906 
vn -0.598425 0.275591 -0.755906 
vn -0.582677 0.275591 0.76378 
vn -0.543307 0.354331 0.755906 
vn -0.543307 0.354331 0.755906 
vn -0.582677 0.275591 0.76378 
vn 0.448819 0.716535 0.535433 
vn 0.448819 0.716535 0.535433 
vn 0.448819 0.716535 0.535433 
vn 0.448819 0.716535 0.535433 
vn 0 0.629921 0.779528 
vn 0 0.629921 0.779528 
vn 0 0.629921 0.779528 
vn 0 0.629921 0.779528 
vn 0 0.937008 0.354331 
vn 0 0.937008 0.354331 
vn 0 0.732283 0.677165 
vn 0 0.732283 0.677165 
vn 0 0.401575 0.913386 
vn 0 0.401575 0.913386 
vn 0 0.212598 0.976378 
vn 0 0.212598 0.976378 
vn 0 0.23622 -0.968504 
vn 0 0.23622 -0.968504 
vn 0 0.417323 -0.905512 
vn 0 0.417323 -0.905512 
vn 0 0.724409 -0.692913 
vn 0 0.724409 -0.692913 
vn 0 0.929134 -0.370079 
vn 0 0.929134 -0.370079 
vn 0 1 0 
vn 0 1 0 
vn 1 0 0 
vn 1 0 0 
vn 1 0 0 
vn 1 0 0 
vn 1 0 0 
vn 1 0 0 
vn 1 0 0 
vn 1 0 0 
vn 1 0 0 
vn 1 0 0 
vn -1 0 0 
vn -1 0 0 
vn -1 0 0 
vn -1 0 0 
vn -1 0 0 
vn -1 0 0 
vn -1 0 0 
vn -1 0 0 
vn -1 0 0 
vn -1 0 0 
vn -1 0 0 
vn -1 0 0 
vn 0.598425 0.590551 0.543307 
vn 0.598425 0.590551 0.543307 
vn 0.582677 0.755906 0.291339 
vn 0.582677 0.755906 0.291339 
vn 0.622047 0.314961 0.716535 
vn 0.622047 0.314961 0.716535 
vn 0.622047 0.15748 0.76378 
vn 0.622047 0.15748 0.76378 
vn 0.614173 0.330709 -0.716535 
vn 0.614173 0.330709 -0.716535 
vn 0.622047 0.181102 -0.76378 
vn 0.622047 0.181102 -0.76378 
vn 0.590551 0.582677 -0.559055 
vn 0.590551 0.582677 -0.559055 
vn 0.582677 0.755906 -0.299213 
vn 0.582677 0.755906 -0.299213 
vn 0.582677 0.811024 0 
vn 0.582677 0.811024 0 
vn -0.519685 0.795276 0.307087 
vn -0.519685 0.795276 0.307087 
vn -0.535433 0.622047 0.574803 
vn -0.535433 0.622047 0.574803 
vn -0.559055 0.330709 0.76378 
vn -0.559055 0.330709 0.76378 
vn -0.551181 0.346457 -0.755906 
vn -0.551181 0.346457 -0.755906 
vn -0.527559 0.614173 -0.582677 
vn -0.527559 0.614173 -0.582677 
vn -0.519685 0.795276 -0.314961 
vn -0.519685 0.795276 -0.314961 
vn -0.519685 0.858268 0 
vn -0.519685 0.858268 0 
vn 0.80315 0.590551 0 
vn 0.80315 0.590551 0 
vn 0.80315 0.590551 0 
vn -1 0 0 
vn -1 0 0 
vn -1 0 0 
vn 0 0 -1 
vn 0 0 -1 
vn 0 0 -1 
vn 0 0 -1 
vn -0.637795 0 -0.771654 
vn -0.637795 0 -0.771654 
vn -0.637795 0 -0.771654 
vn -0.637795 0 -0.771654 
vn -1 0 0 
vn -1 0 0 
vn -0.629921 0 0.779528 
vn -0.629921 0 0.779528 
vn -0.629921 0 0.779528 
vn -0.629921 0 0.779528 
vn 0 0 1 
vn 0 0 1 
vn 0.637795 0 0.771654 
vn 0.637795 0 0.771654 
vn 0.629921 0 0.771654 
vn 0.629921 0 0.771654 
vn 1 0 0 
vn 1 0 0 
vn 0.645669 0 -0.76378 
vn 0.645669 0 -0.76378 
vn 0.645669 0 -0.76378 
vn 0.645669 0 -0.76378 
vn 0 0 -1 
vn 0 0 -1 
vn -0.637795 0 -0.771654 
vn -0.637795 0 -0.771654 
vn -1 0 0 
vn -1 0 0 
vn -0.629921 0 0.779528 
vn -0.629921 0 0.779528 
vn 0 0 1 
vn 0 0 1 
vn 0.637795 0 0.771654 
vn 0.637795 0 0.771654 
vn 1 0 0 
vn 1 0 0 
vn 0.645669 0 -0.76378 
vn 0.645669 0 -0.76378 
vn 0.937008 0.0708661 -0.346457 
vn 0.937008 0.0708661 -0.346457 
vn 0.937008 0.133858 -0.314961 
vn 0.937008 0.133858 -0.314961 
vn 0.944882 0.23622 -0.23622 
vn 0.944882 0.23622 -0.23622 
vn 0.944882 0.307087 -0.125984 
vn 0.944882 0.307087 -0.125984 
vn 0.944882 0.330709 -0.0551181 
vn 0.944882 0.330709 -0.0551181 
vn 0.771654 0.125984 -0.629921 
vn 0.574803 0.165354 -0.80315 
vn 0.582677 0.314961 -0.748031 
vn 0.771654 0.244094 -0.582677 
vn 0.582677 0.574803 -0.574803 
vn 0.771654 0.448819 -0.448819 
vn 0.582677 0.748031 -0.307087 
vn 0.771654 0.582677 -0.244094 
vn 0.574803 0.80315 -0.15748 
vn 0.76378 0.629921 -0.125984 
vn 0.377953 0.181102 -0.905512 
vn 0.204724 0.188976 -0.96063 
vn 0.204724 0.370079 -0.905512 
vn 0.385827 0.354331 -0.850394 
vn 0.204724 0.692913 -0.692913 
vn 0.385827 0.653543 -0.653543 
vn 0.204724 0.905512 -0.370079 
vn 0.385827 0.850394 -0.354331 
vn 0.204724 0.96063 -0.181102 
vn 0.385827 0.905512 -0.173228 
vn 1 0 0 
vn 1 0 0 
vn 1 0 0 
vn 1 0 0 
vn 1 0 0 
vn 1 0 0 
vn 0.850394 0.480315 -0.19685 
vn 0.850394 0.519685 -0.102362 
vn 0.850394 0.370079 -0.370079 
vn 0.850394 0.19685 -0.480315 
vn 0.850394 0.102362 -0.519685 
vn 0.677165 -0.724409 -0.11811 
vn 0.677165 -0.724409 -0.11811 
vn 0.645669 -0.724409 -0.23622 
vn 0.645669 -0.724409 -0.23622 
vn 0.551181 -0.708661 -0.440945 
vn 0.551181 -0.708661 -0.440945 
vn 0.425197 -0.685039 -0.590551 
vn 0.425197 -0.685039 -0.590551 
vn 0.283465 -0.661417 -0.692913 
vn 0.283465 -0.661417 -0.692913 
vn 0.15748 -0.645669 -0.748031 
vn 0.15748 -0.645669 -0.748031 
vn 0.700787 -0.716535 0 
vn 0.700787 -0.716535 0 
vn 0.606299 -0.708661 -0.362205 
vn 0.606299 -0.708661 -0.362205 
vn 0 0.92126 -0.377953 
vn 0 0.984252 -0.188976 
vn 0 0.708661 -0.708661 
vn 0 0.377953 -0.92126 
vn 0 0.19685 -0.984252 
vn 0 -0.645669 -0.76378 
vn 0 -0.645669 -0.76378 
vn -0.937008 0.0708661 -0.346457 
vn -0.937008 0.133858 -0.314961 
vn -0.937008 0.133858 -0.314961 
vn -0.937008 0.0708661 -0.346457 
vn -0.944882 0.23622 -0.23622 
vn -0.944882 0.23622 -0.23622 
vn -0.944882 0.307087 -0.125984 
vn -0.944882 0.307087 -0.125984 
vn -0.944882 0.330709 -0.0551181 
vn -0.944882 0.330709 -0.0551181 
vn -0.771654 0.125984 -0.629921 
vn -0.771654 0.244094 -0.582677 
vn -0.582677 0.314961 -0.748031 
vn -0.574803 0.165354 -0.80315 
vn -0.771654 0.448819 -0.448819 
vn -0.582677 0.574803 -0.574803 
vn -0.771654 0.582677 -0.244094 
vn -0.582677 0.748031 -0.307087 
vn -0.76378 0.629921 -0.125984 
vn -0.574803 0.80315 -0.15748 
vn -0.377953 0.181102 -0.905512 
vn -0.385827 0.354331 -0.850394 
vn -0.204724 0.370079 -0.905512 
vn -0.204724 0.188976 -0.96063 
vn -0.385827 0.653543 -0.653543 
vn -0.204724 0.692913 -0.692913 
vn -0.385827 0.850394 -0.354331 
vn -0.204724 0.905512 -0.370079 
vn -0.385827 0.905512 -0.173228 
vn -0.204724 0.96063 -0.181102 
vn -1 0 0 
vn -1 0 0 
vn -1 0 0 
vn -1 0 0 
vn -1 0 0 
vn -1 0 0 
vn -0.850394 0.480315 -0.19685 
vn -0.850394 0.519685 -0.102362 
vn -0.850394 0.370079 -0.370079 
vn -0.850394 0.19685 -0.480315 
vn -0.850394 0.102362 -0.519685 
vn -0.677165 -0.724409 -0.11811 
vn -0.645669 -0.724409 -0.23622 
vn -0.645669 -0.724409 -0.23622 
vn -0.677165 -0.724409 -0.11811 
vn -0.551181 -0.708661 -0.440945 
vn -0.425197 -0.685039 -0.590551 
vn -0.425197 -0.685039 -0.590551 
vn -0.551181 -0.708661 -0.440945 
vn -0.283465 -0.661417 -0.692913 
vn -0.15748 -0.645669 -0.748031 
vn -0.15748 -0.645669 -0.748031 
vn -0.283465 -0.661417 -0.692913 
vn -0.700787 -0.716535 0 
vn -0.700787 -0.716535 0 
vn -0.606299 -0.708661 -0.362205 
vn -0.606299 -0.708661 -0.362205 
vn 0 -1 0 
vn 0 -1 0 
vn 0 -1 0 
vn 0 -1 0 
vn 0 -1 0 
vn 0 -1 0 
vn 0 -1 0 
vn 0 -1 0 
vn 0 -1 0 
vn 0 -1 0 
vn 0 -1 0 
vn 0 -1 0 
vn 0 -1 0 
vn 0 -1 0 
vn 0 -1 0 
vn 0 -1 0 

vt 0.483389 0.506672 
vt 0.483389 0.618024 
vt 0.463151 0.618024 
vt 0.463151 0.506672 
vt 0.530669 0.757119 
vt 0.527805 0.757119 
vt 0.527805 0.750129 
vt 0.530669 0.750129 
vt 0.530669 0.757119 
vt 0.530669 0.750129 
vt 0.546299 0.750129 
vt 0.546299 0.757119 
vt 0.546299 0.618024 
vt 0.530669 0.618024 
vt 0.530669 0.506672 
vt 0.546299 0.506672 
vt 0.546299 0.750129 
vt 0.530669 0.750129 
vt 0.530669 0.626022 
vt 0.546299 0.626022 
vt 0.527805 0.757119 
vt 0.530669 0.757119 
vt 0.530669 0.868694 
vt 0.527805 0.868694 
vt 0.527805 0.618024 
vt 0.52817 0.506672 
vt 0.527805 0.626022 
vt 0.530669 0.626022 
vt 0.530669 0.750129 
vt 0.527805 0.750129 
vt 0.546299 0.375979 
vt 0.557196 0.375983 
vt 0.557196 0.500083 
vt 0.546299 0.500083 
vt 0.527805 0.500083 
vt 0.527805 0.375988 
vt 0.530669 0.375981 
vt 0.530669 0.500083 
vt 0.483389 0.375989 
vt 0.483389 0.500083 
vt 0.463151 0.500083 
vt 0.463151 0.375989 
vt 0.530669 0.626022 
vt 0.527805 0.626022 
vt 0.527805 0.618024 
vt 0.530669 0.618024 
vt 0.483389 0.626022 
vt 0.483389 0.750129 
vt 0.463151 0.750129 
vt 0.463151 0.626113 
vt 0.483389 0.868694 
vt 0.483389 0.875169 
vt 0.463151 0.875169 
vt 0.463151 0.868694 
vt 0.530669 0.875169 
vt 0.527805 0.875169 
vt 0.527805 0.868694 
vt 0.530669 0.868694 
vt 0.530669 0.875169 
vt 0.530669 0.868694 
vt 0.546299 0.868694 
vt 0.546299 0.875169 
vt 0.52796 0.500083 
vt 0.530669 0.500083 
vt 0.530669 0.506672 
vt 0.52817 0.506672 
vt 0.530669 0.506672 
vt 0.530669 0.500083 
vt 0.546299 0.500083 
vt 0.546299 0.506672 
vt 0.483389 0.500083 
vt 0.483389 0.506672 
vt 0.463151 0.506672 
vt 0.463151 0.500083 
vt 0.483389 0.626022 
vt 0.463151 0.626113 
vt 0.463151 0.618024 
vt 0.483389 0.618024 
vt 0.483389 0.750129 
vt 0.483389 0.757119 
vt 0.463151 0.757119 
vt 0.463151 0.750129 
vt 0.530669 0.626022 
vt 0.530669 0.618024 
vt 0.546299 0.618024 
vt 0.546299 0.626022 
vt 0.495375 0.317931 
vt 0.454329 0.317931 
vt 0.454329 0.238663 
vt 0.495375 0.238663 
vt 0.557196 0.757119 
vt 0.546299 0.757119 
vt 0.546299 0.750129 
vt 0.557196 0.750129 
vt 0.557196 0.618024 
vt 0.557196 0.506672 
vt 0.557196 0.750129 
vt 0.557196 0.626022 
vt 0.530669 0.375981 
vt 0.546299 0.375979 
vt 0.546299 0.500083 
vt 0.530669 0.500083 
vt 0.557196 0.875169 
vt 0.546299 0.875169 
vt 0.546299 0.868694 
vt 0.557196 0.868694 
vt 0.557196 0.506672 
vt 0.546299 0.506672 
vt 0.546299 0.500083 
vt 0.557196 0.500083 
vt 0.557196 0.626022 
vt 0.546299 0.626022 
vt 0.546299 0.618024 
vt 0.557196 0.618024 
vt 0.546299 0.757119 
vt 0.546299 0.868694 
vt 0.530669 0.868694 
vt 0.530669 0.757119 
vt 0.483389 0.757119 
vt 0.483389 0.868694 
vt 0.463151 0.868694 
vt 0.463151 0.757119 
vt 0.557196 0.868694 
vt 0.557196 0.757119 
vt 0.451588 0.317931 
vt 0.451588 0.238663 
vt 0.454329 0.238663 
vt 0.454329 0.317931 
vt 0.498049 0.238663 
vt 0.498093 0.317931 
vt 0.495375 0.317931 
vt 0.495375 0.238663 
vt 0.451588 0.238663 
vt 0.451588 0.234446 
vt 0.454329 0.238663 
vt 0.498049 0.234446 
vt 0.498049 0.238663 
vt 0.495375 0.238663 
vt 0.451588 0.234446 
vt 0.498049 0.234446 
vt 0.495375 0.238663 
vt 0.454329 0.238663 
vt 0.358978 0.23471 
vt 0.358978 0.238651 
vt 0.357812 0.238651 
vt 0.357812 0.23471 
vt 0.380081 0.23471 
vt 0.380081 0.238651 
vt 0.358978 0.238651 
vt 0.358978 0.23471 
vt 0.345917 0.259475 
vt 0.347147 0.261781 
vt 0.347147 0.298104 
vt 0.345917 0.337326 
vt 0.392445 0.335945 
vt 0.391522 0.296722 
vt 0.391522 0.259979 
vt 0.392445 0.257535 
vt 0.381319 0.23471 
vt 0.381319 0.238651 
vt 0.380081 0.238651 
vt 0.380081 0.23471 
vt 0.380081 0.358885 
vt 0.380081 0.354954 
vt 0.381319 0.354954 
vt 0.381319 0.358885 
vt 0.357812 0.358885 
vt 0.357812 0.354954 
vt 0.358978 0.354954 
vt 0.358978 0.358885 
vt 0.358978 0.358885 
vt 0.358978 0.354954 
vt 0.380081 0.354954 
vt 0.380081 0.358885 
vt 0.358978 0.312666 
vt 0.380081 0.312113 
vt 0.380081 0.327169 
vt 0.358978 0.327169 
vt 0.380081 0.341174 
vt 0.358978 0.341174 
vt 0.380081 0.354954 
vt 0.358978 0.354954 
vt 0.358978 0.238651 
vt 0.380081 0.238651 
vt 0.380081 0.253188 
vt 0.358978 0.253188 
vt 0.380081 0.267379 
vt 0.358978 0.267379 
vt 0.380081 0.281344 
vt 0.358978 0.28254 
vt 0.380081 0.296512 
vt 0.358978 0.297778 
vt 0.355353 0.324624 
vt 0.347147 0.298104 
vt 0.357812 0.312367 
vt 0.351884 0.332452 
vt 0.347147 0.334851 
vt 0.351419 0.264071 
vt 0.347147 0.261781 
vt 0.354953 0.271361 
vt 0.357812 0.283023 
vt 0.357812 0.297992 
vt 0.381319 0.311624 
vt 0.391522 0.296722 
vt 0.384029 0.324129 
vt 0.387539 0.331509 
vt 0.387539 0.331509 
vt 0.391522 0.296722 
vt 0.391522 0.333596 
vt 0.391522 0.259979 
vt 0.387365 0.262687 
vt 0.383866 0.270321 
vt 0.381319 0.281736 
vt 0.381319 0.296289 
vt 0.358978 0.327169 
vt 0.357812 0.327169 
vt 0.357812 0.312367 
vt 0.358978 0.312666 
vt 0.358978 0.341174 
vt 0.357812 0.341174 
vt 0.358978 0.354954 
vt 0.357812 0.354954 
vt 0.358978 0.253188 
vt 0.357812 0.253188 
vt 0.357812 0.238651 
vt 0.358978 0.238651 
vt 0.358978 0.267379 
vt 0.357812 0.267379 
vt 0.358978 0.28254 
vt 0.357812 0.283023 
vt 0.358978 0.297778 
vt 0.357812 0.297992 
vt 0.380081 0.312113 
vt 0.381319 0.311624 
vt 0.381319 0.327169 
vt 0.380081 0.327169 
vt 0.381319 0.341174 
vt 0.380081 0.341174 
vt 0.381319 0.253188 
vt 0.380081 0.253188 
vt 0.381319 0.267379 
vt 0.380081 0.267379 
vt 0.381319 0.281736 
vt 0.380081 0.281344 
vt 0.381319 0.296289 
vt 0.380081 0.296512 
vt 0.347147 0.298104 
vt 0.347147 0.334851 
vt 0.345917 0.337326 
vt 0.392445 0.335945 
vt 0.391522 0.333596 
vt 0.391522 0.296722 
vt 0.506351 0.506672 
vt 0.506351 0.618024 
vt 0.483389 0.618024 
vt 0.483389 0.506672 
vt 0.506351 0.500083 
vt 0.506351 0.506672 
vt 0.483389 0.506672 
vt 0.483389 0.500083 
vt 0.506351 0.375989 
vt 0.506351 0.500083 
vt 0.506351 0.868694 
vt 0.506351 0.875169 
vt 0.483389 0.875169 
vt 0.483389 0.868694 
vt 0.506351 0.757119 
vt 0.506351 0.868694 
vt 0.506351 0.750129 
vt 0.506351 0.757119 
vt 0.483389 0.757119 
vt 0.483389 0.750129 
vt 0.506351 0.626022 
vt 0.506351 0.750129 
vt 0.506351 0.626022 
vt 0.483389 0.626022 
vt 0.483389 0.618024 
vt 0.506351 0.618024 
vt 0.52817 0.506672 
vt 0.527805 0.618024 
vt 0.52796 0.500083 
vt 0.52817 0.506672 
vt 0.527805 0.375988 
vt 0.527805 0.500083 
vt 0.527805 0.868694 
vt 0.527805 0.875169 
vt 0.527805 0.757119 
vt 0.527805 0.868694 
vt 0.527805 0.750129 
vt 0.527805 0.757119 
vt 0.527805 0.626022 
vt 0.527805 0.750129 
vt 0.527805 0.618024 
vt 0.527805 0.626022 
vt 0.463151 0.618024 
vt 0.463151 0.609445 
vt 0.466465 0.609445 
vt 0.465074 0.618024 
vt 0.469426 0.609445 
vt 0.466876 0.619929 
vt 0.472552 0.609445 
vt 0.468411 0.623046 
vt 0.476352 0.609445 
vt 0.468529 0.626022 
vt 0.463151 0.599719 
vt 0.463151 0.590927 
vt 0.467248 0.590927 
vt 0.466891 0.599719 
vt 0.470489 0.590927 
vt 0.470097 0.599719 
vt 0.475559 0.590927 
vt 0.474845 0.599719 
vt 0.481714 0.590927 
vt 0.480157 0.599719 
vt 0.463151 0.581985 
vt 0.463151 0.572479 
vt 0.467522 0.572479 
vt 0.467486 0.581985 
vt 0.471199 0.572479 
vt 0.470868 0.581985 
vt 0.47637 0.572479 
vt 0.476108 0.581985 
vt 0.483045 0.572479 
vt 0.482518 0.581985 
vt 0.465074 0.618024 
vt 0.463151 0.626113 
vt 0.463151 0.618024 
vt 0.466876 0.619929 
vt 0.468411 0.623046 
vt 0.468529 0.626022 
vt 0.472552 0.609445 
vt 0.476352 0.609445 
vt 0.469426 0.609445 
vt 0.466465 0.609445 
vt 0.463151 0.609445 
vt 0.451588 0.330226 
vt 0.454444 0.328727 
vt 0.454444 0.339435 
vt 0.451588 0.342941 
vt 0.451588 0.358546 
vt 0.454444 0.354463 
vt 0.459751 0.354463 
vt 0.457703 0.358546 
vt 0.463108 0.358546 
vt 0.464506 0.354463 
vt 0.469694 0.354463 
vt 0.469039 0.358546 
vt 0.451588 0.317931 
vt 0.454367 0.317931 
vt 0.451588 0.342941 
vt 0.454444 0.339435 
vt 0.476471 0.563413 
vt 0.483181 0.563413 
vt 0.471214 0.563413 
vt 0.467541 0.563413 
vt 0.463151 0.563413 
vt 0.474739 0.354463 
vt 0.474832 0.358546 
vt 0.463151 0.506672 
vt 0.465074 0.506672 
vt 0.466264 0.515954 
vt 0.463151 0.515954 
vt 0.466876 0.505904 
vt 0.469291 0.515954 
vt 0.468411 0.503984 
vt 0.472179 0.515954 
vt 0.468529 0.500046 
vt 0.476081 0.515954 
vt 0.463151 0.525419 
vt 0.466923 0.525419 
vt 0.467272 0.534819 
vt 0.463151 0.534819 
vt 0.469999 0.525419 
vt 0.470416 0.534819 
vt 0.474625 0.525419 
vt 0.475413 0.534819 
vt 0.479983 0.525419 
vt 0.481604 0.534819 
vt 0.463151 0.544108 
vt 0.467501 0.544108 
vt 0.467528 0.55356 
vt 0.463151 0.55356 
vt 0.470821 0.544108 
vt 0.471176 0.55356 
vt 0.476007 0.544108 
vt 0.476326 0.55356 
vt 0.482447 0.544108 
vt 0.483011 0.55356 
vt 0.465074 0.506672 
vt 0.463151 0.506672 
vt 0.463151 0.500083 
vt 0.466876 0.505904 
vt 0.468411 0.503984 
vt 0.468529 0.500046 
vt 0.472179 0.515954 
vt 0.476081 0.515954 
vt 0.469291 0.515954 
vt 0.466264 0.515954 
vt 0.463151 0.515954 
vt 0.498093 0.330314 
vt 0.498093 0.343043 
vt 0.495297 0.339446 
vt 0.495297 0.32883 
vt 0.498093 0.358546 
vt 0.491988 0.358546 
vt 0.489964 0.354463 
vt 0.495297 0.354463 
vt 0.48662 0.358546 
vt 0.480625 0.358546 
vt 0.47994 0.354463 
vt 0.48524 0.354463 
vt 0.498093 0.317931 
vt 0.49538 0.317931 
vt 0.498093 0.343043 
vt 0.495297 0.339446 
vt 0.454444 0.328727 
vt 0.474877 0.317931 
vt 0.454444 0.339435 
vt 0.454444 0.354463 
vt 0.459751 0.354463 
vt 0.464506 0.354463 
vt 0.469694 0.354463 
vt 0.454367 0.317931 
vt 0.474739 0.354463 
vt 0.495297 0.339446 
vt 0.495297 0.32883 
vt 0.489964 0.354463 
vt 0.495297 0.354463 
vt 0.47994 0.354463 
vt 0.48524 0.354463 
vt 0.49538 0.317931 

usemtl Handle1Mtl

f 2370/2370/2370 2371/2371/2371 2372/2372/2372 
f 2370/2370/2370 2372/2372/2372 2373/2373/2373 
f 2374/2374/2374 2375/2375/2375 2376/2376/2376 
f 2374/2374/2374 2376/2376/2376 2377/2377/2377 
f 2378/2378/2378 2379/2379/2379 2380/2380/2380 
f 2378/2378/2378 2380/2380/2380 2381/2381/2381 
f 2382/2382/2382 2383/2383/2383 2384/2384/2384 
f 2382/2382/2382 2384/2384/2384 2385/2385/2385 
f 2386/2386/2386 2387/2387/2387 2388/2388/2388 
f 2386/2386/2386 2388/2388/2388 2389/2389/2389 
f 2390/2390/2390 2391/2391/2391 2392/2392/2392 
f 2390/2390/2390 2392/2392/2392 2393/2393/2393 
f 2384/2384/2384 2383/2383/2383 2394/2394/2394 
f 2384/2384/2384 2394/2394/2394 2395/2395/2395 
f 2396/2396/2396 2397/2397/2397 2398/2398/2398 
f 2396/2396/2396 2398/2398/2398 2399/2399/2399 
f 2400/2400/2400 2401/2401/2401 2402/2402/2402 
f 2400/2400/2400 2402/2402/2402 2403/2403/2403 
f 2404/2404/2404 2405/2405/2405 2406/2406/2406 
f 2404/2404/2404 2406/2406/2406 2407/2407/2407 
f 2408/2408/2408 2409/2409/2409 2410/2410/2410 
f 2408/2408/2408 2410/2410/2410 2411/2411/2411 
f 2412/2412/2412 2413/2413/2413 2414/2414/2414 
f 2412/2412/2412 2414/2414/2414 2415/2415/2415 
f 2416/2416/2416 2417/2417/2417 2418/2418/2418 
f 2416/2416/2416 2418/2418/2418 2419/2419/2419 
f 2420/2420/2420 2421/2421/2421 2422/2422/2422 
f 2420/2420/2420 2422/2422/2422 2423/2423/2423 
f 2424/2424/2424 2425/2425/2425 2426/2426/2426 
f 2424/2424/2424 2426/2426/2426 2427/2427/2427 
f 2428/2428/2428 2429/2429/2429 2430/2430/2430 
f 2428/2428/2428 2430/2430/2430 2431/2431/2431 
f 2432/2432/2432 2433/2433/2433 2434/2434/2434 
f 2432/2432/2432 2434/2434/2434 2435/2435/2435 
f 2436/2436/2436 2437/2437/2437 2438/2438/2438 
f 2436/2436/2436 2438/2438/2438 2439/2439/2439 
f 2440/2440/2440 2441/2441/2441 2442/2442/2442 
f 2440/2440/2440 2442/2442/2442 2443/2443/2443 
f 2444/2444/2444 2445/2445/2445 2446/2446/2446 
f 2444/2444/2444 2446/2446/2446 2447/2447/2447 
f 2448/2448/2448 2449/2449/2449 2450/2450/2450 
f 2448/2448/2448 2450/2450/2450 2451/2451/2451 
f 2452/2452/2452 2453/2453/2453 2454/2454/2454 
f 2452/2452/2452 2454/2454/2454 2455/2455/2455 
f 2456/2456/2456 2457/2457/2457 2458/2458/2458 
f 2456/2456/2456 2458/2458/2458 2459/2459/2459 
f 2460/2460/2460 2461/2461/2461 2462/2462/2462 
f 2460/2460/2460 2462/2462/2462 2463/2463/2463 
f 2464/2464/2464 2382/2382/2382 2385/2385/2385 
f 2464/2464/2464 2385/2385/2385 2465/2465/2465 
f 2466/2466/2466 2386/2386/2386 2389/2389/2389 
f 2466/2466/2466 2389/2389/2389 2467/2467/2467 
f 2468/2468/2468 2469/2469/2469 2470/2470/2470 
f 2468/2468/2468 2470/2470/2470 2471/2471/2471 
f 2472/2472/2472 2473/2473/2473 2474/2474/2474 
f 2472/2472/2472 2474/2474/2474 2475/2475/2475 
f 2476/2476/2476 2477/2477/2477 2478/2478/2478 
f 2476/2476/2476 2478/2478/2478 2479/2479/2479 
f 2480/2480/2480 2481/2481/2481 2482/2482/2482 
f 2480/2480/2480 2482/2482/2482 2483/2483/2483 
f 2484/2484/2484 2485/2485/2485 2486/2486/2486 
f 2484/2484/2484 2486/2486/2486 2487/2487/2487 
f 2488/2488/2488 2489/2489/2489 2490/2490/2490 
f 2488/2488/2488 2490/2490/2490 2491/2491/2491 
f 2492/2492/2492 2485/2485/2485 2484/2484/2484 
f 2492/2492/2492 2484/2484/2484 2493/2493/2493 
f 2494/2494/2494 2495/2495/2495 2496/2496/2496 
f 2494/2494/2494 2496/2496/2496 2497/2497/2497 
f 2498/2498/2498 2499/2499/2499 2500/2500/2500 
f 2498/2498/2498 2500/2500/2500 2501/2501/2501 
f 2502/2502/2502 2503/2503/2503 2504/2504/2504 
f 2505/2505/2505 2506/2506/2506 2507/2507/2507 
f 2508/2508/2508 2509/2509/2509 2510/2510/2510 
f 2508/2508/2508 2510/2510/2510 2511/2511/2511 
f 2512/2512/2512 2513/2513/2513 2514/2514/2514 
f 2512/2512/2512 2514/2514/2514 2515/2515/2515 
f 2516/2516/2516 2517/2517/2517 2518/2518/2518 
f 2516/2516/2516 2518/2518/2518 2519/2519/2519 
f 2520/2520/2520 2521/2521/2521 2522/2522/2522 
f 2520/2520/2520 2522/2522/2522 2523/2523/2523 
f 2524/2524/2524 2525/2525/2525 2526/2526/2526 
f 2524/2524/2524 2526/2526/2526 2527/2527/2527 
f 2528/2528/2528 2529/2529/2529 2530/2530/2530 
f 2528/2528/2528 2530/2530/2530 2531/2531/2531 
f 2532/2532/2532 2533/2533/2533 2534/2534/2534 
f 2532/2532/2532 2534/2534/2534 2535/2535/2535 
f 2536/2536/2536 2537/2537/2537 2538/2538/2538 
f 2536/2536/2536 2538/2538/2538 2539/2539/2539 
f 2540/2540/2540 2541/2541/2541 2542/2542/2542 
f 2540/2540/2540 2542/2542/2542 2543/2543/2543 
f 2544/2544/2544 2545/2545/2545 2546/2546/2546 
f 2544/2544/2544 2546/2546/2546 2547/2547/2547 
f 2547/2547/2547 2546/2546/2546 2548/2548/2548 
f 2547/2547/2547 2548/2548/2548 2549/2549/2549 
f 2549/2549/2549 2548/2548/2548 2550/2550/2550 
f 2549/2549/2549 2550/2550/2550 2551/2551/2551 
f 2552/2552/2552 2553/2553/2553 2554/2554/2554 
f 2552/2552/2552 2554/2554/2554 2555/2555/2555 
f 2555/2555/2555 2554/2554/2554 2556/2556/2556 
f 2555/2555/2555 2556/2556/2556 2557/2557/2557 
f 2557/2557/2557 2556/2556/2556 2558/2558/2558 
f 2557/2557/2557 2558/2558/2558 2559/2559/2559 
f 2559/2559/2559 2558/2558/2558 2560/2560/2560 
f 2559/2559/2559 2560/2560/2560 2561/2561/2561 
f 2561/2561/2561 2560/2560/2560 2545/2545/2545 
f 2561/2561/2561 2545/2545/2545 2544/2544/2544 
f 2562/2562/2562 2563/2563/2563 2564/2564/2564 
f 2565/2565/2565 2563/2563/2563 2562/2562/2562 
f 2566/2566/2566 2563/2563/2563 2565/2565/2565 
f 2567/2567/2567 2563/2563/2563 2568/2568/2568 
f 2569/2569/2569 2563/2563/2563 2567/2567/2567 
f 2570/2570/2570 2563/2563/2563 2569/2569/2569 
f 2571/2571/2571 2563/2563/2563 2570/2570/2570 
f 2564/2564/2564 2563/2563/2563 2571/2571/2571 
f 2572/2572/2572 2573/2573/2573 2574/2574/2574 
f 2574/2574/2574 2573/2573/2573 2575/2575/2575 
f 2576/2576/2576 2577/2577/2577 2578/2578/2578 
f 2579/2579/2579 2573/2573/2573 2580/2580/2580 
f 2580/2580/2580 2573/2573/2573 2581/2581/2581 
f 2581/2581/2581 2573/2573/2573 2582/2582/2582 
f 2582/2582/2582 2573/2573/2573 2583/2583/2583 
f 2583/2583/2583 2573/2573/2573 2572/2572/2572 
f 2584/2584/2584 2585/2585/2585 2586/2586/2586 
f 2584/2584/2584 2586/2586/2586 2587/2587/2587 
f 2588/2588/2588 2589/2589/2589 2585/2585/2585 
f 2588/2588/2588 2585/2585/2585 2584/2584/2584 
f 2590/2590/2590 2591/2591/2591 2589/2589/2589 
f 2590/2590/2590 2589/2589/2589 2588/2588/2588 
f 2592/2592/2592 2593/2593/2593 2594/2594/2594 
f 2592/2592/2592 2594/2594/2594 2595/2595/2595 
f 2596/2596/2596 2597/2597/2597 2593/2593/2593 
f 2596/2596/2596 2593/2593/2593 2592/2592/2592 
f 2598/2598/2598 2599/2599/2599 2597/2597/2597 
f 2598/2598/2598 2597/2597/2597 2596/2596/2596 
f 2600/2600/2600 2601/2601/2601 2599/2599/2599 
f 2600/2600/2600 2599/2599/2599 2598/2598/2598 
f 2587/2587/2587 2586/2586/2586 2601/2601/2601 
f 2587/2587/2587 2601/2601/2601 2600/2600/2600 
f 2602/2602/2602 2603/2603/2603 2604/2604/2604 
f 2602/2602/2602 2604/2604/2604 2605/2605/2605 
f 2605/2605/2605 2604/2604/2604 2606/2606/2606 
f 2605/2605/2605 2606/2606/2606 2607/2607/2607 
f 2607/2607/2607 2606/2606/2606 2534/2534/2534 
f 2607/2607/2607 2534/2534/2534 2533/2533/2533 
f 2530/2530/2530 2529/2529/2529 2608/2608/2608 
f 2530/2530/2530 2608/2608/2608 2609/2609/2609 
f 2609/2609/2609 2608/2608/2608 2610/2610/2610 
f 2609/2609/2609 2610/2610/2610 2611/2611/2611 
f 2611/2611/2611 2610/2610/2610 2612/2612/2612 
f 2611/2611/2611 2612/2612/2612 2613/2613/2613 
f 2613/2613/2613 2612/2612/2612 2614/2614/2614 
f 2613/2613/2613 2614/2614/2614 2615/2615/2615 
f 2615/2615/2615 2614/2614/2614 2603/2603/2603 
f 2615/2615/2615 2603/2603/2603 2602/2602/2602 
f 2616/2616/2616 2617/2617/2617 2618/2618/2618 
f 2619/2619/2619 2620/2620/2620 2621/2621/2621 
f 2622/2622/2622 2623/2623/2623 2624/2624/2624 
f 2622/2622/2622 2624/2624/2624 2625/2625/2625 
f 2626/2626/2626 2627/2627/2627 2628/2628/2628 
f 2626/2626/2626 2628/2628/2628 2629/2629/2629 
f 2630/2630/2630 2631/2631/2631 2409/2409/2409 
f 2630/2630/2630 2409/2409/2409 2408/2408/2408 
f 2632/2632/2632 2633/2633/2633 2634/2634/2634 
f 2632/2632/2632 2634/2634/2634 2635/2635/2635 
f 2636/2636/2636 2637/2637/2637 2489/2489/2489 
f 2636/2636/2636 2489/2489/2489 2488/2488/2488 
f 2638/2638/2638 2639/2639/2639 2640/2640/2640 
f 2638/2638/2638 2640/2640/2640 2641/2641/2641 
f 2642/2642/2642 2643/2643/2643 2417/2417/2417 
f 2642/2642/2642 2417/2417/2417 2416/2416/2416 
f 2644/2644/2644 2645/2645/2645 2646/2646/2646 
f 2644/2644/2644 2646/2646/2646 2647/2647/2647 
f 2648/2648/2648 2649/2649/2649 2623/2623/2623 
f 2648/2648/2648 2623/2623/2623 2622/2622/2622 
f 2650/2650/2650 2651/2651/2651 2627/2627/2627 
f 2650/2650/2650 2627/2627/2627 2626/2626/2626 
f 2652/2652/2652 2653/2653/2653 2631/2631/2631 
f 2652/2652/2652 2631/2631/2631 2630/2630/2630 
f 2654/2654/2654 2655/2655/2655 2633/2633/2633 
f 2654/2654/2654 2633/2633/2633 2632/2632/2632 
f 2656/2656/2656 2657/2657/2657 2637/2637/2637 
f 2656/2656/2656 2637/2637/2637 2636/2636/2636 
f 2658/2658/2658 2659/2659/2659 2639/2639/2639 
f 2658/2658/2658 2639/2639/2639 2638/2638/2638 
f 2660/2660/2660 2661/2661/2661 2643/2643/2643 
f 2660/2660/2660 2643/2643/2643 2642/2642/2642 
f 2662/2662/2662 2663/2663/2663 2644/2644/2644 
f 2662/2662/2662 2644/2644/2644 2647/2647/2647 
f 2664/2664/2664 2665/2665/2665 2666/2666/2666 
f 2664/2664/2664 2666/2666/2666 2667/2667/2667 
f 2667/2667/2667 2666/2666/2666 2668/2668/2668 
f 2667/2667/2667 2668/2668/2668 2669/2669/2669 
f 2669/2669/2669 2668/2668/2668 2670/2670/2670 
f 2669/2669/2669 2670/2670/2670 2671/2671/2671 
f 2671/2671/2671 2670/2670/2670 2672/2672/2672 
f 2671/2671/2671 2672/2672/2672 2673/2673/2673 
f 2674/2674/2674 2675/2675/2675 2676/2676/2676 
f 2674/2674/2674 2676/2676/2676 2677/2677/2677 
f 2677/2677/2677 2676/2676/2676 2678/2678/2678 
f 2677/2677/2677 2678/2678/2678 2679/2679/2679 
f 2679/2679/2679 2678/2678/2678 2680/2680/2680 
f 2679/2679/2679 2680/2680/2680 2681/2681/2681 
f 2681/2681/2681 2680/2680/2680 2682/2682/2682 
f 2681/2681/2681 2682/2682/2682 2683/2683/2683 
f 2684/2684/2684 2685/2685/2685 2686/2686/2686 
f 2684/2684/2684 2686/2686/2686 2687/2687/2687 
f 2687/2687/2687 2686/2686/2686 2688/2688/2688 
f 2687/2687/2687 2688/2688/2688 2689/2689/2689 
f 2689/2689/2689 2688/2688/2688 2690/2690/2690 
f 2689/2689/2689 2690/2690/2690 2691/2691/2691 
f 2691/2691/2691 2690/2690/2690 2692/2692/2692 
f 2691/2691/2691 2692/2692/2692 2693/2693/2693 
f 2694/2694/2694 2695/2695/2695 2696/2696/2696 
f 2697/2697/2697 2695/2695/2695 2694/2694/2694 
f 2698/2698/2698 2695/2695/2695 2697/2697/2697 
f 2699/2699/2699 2695/2695/2695 2698/2698/2698 
f 2700/2700/2700 2681/2681/2681 2683/2683/2683 
f 2700/2700/2700 2683/2683/2683 2701/2701/2701 
f 2702/2702/2702 2679/2679/2679 2681/2681/2681 
f 2702/2702/2702 2681/2681/2681 2700/2700/2700 
f 2703/2703/2703 2677/2677/2677 2679/2679/2679 
f 2703/2703/2703 2679/2679/2679 2702/2702/2702 
f 2704/2704/2704 2674/2674/2674 2677/2677/2677 
f 2704/2704/2704 2677/2677/2677 2703/2703/2703 
f 2705/2705/2705 2706/2706/2706 2707/2707/2707 
f 2705/2705/2705 2707/2707/2707 2708/2708/2708 
f 2709/2709/2709 2710/2710/2710 2711/2711/2711 
f 2709/2709/2709 2711/2711/2711 2712/2712/2712 
f 2713/2713/2713 2714/2714/2714 2715/2715/2715 
f 2713/2713/2713 2715/2715/2715 2716/2716/2716 
f 2717/2717/2717 2718/2718/2718 2706/2706/2706 
f 2717/2717/2717 2706/2706/2706 2705/2705/2705 
f 2719/2719/2719 2720/2720/2720 2710/2710/2710 
f 2719/2719/2719 2710/2710/2710 2709/2709/2709 
f 2690/2690/2690 2721/2721/2721 2722/2722/2722 
f 2690/2690/2690 2722/2722/2722 2692/2692/2692 
f 2688/2688/2688 2723/2723/2723 2721/2721/2721 
f 2688/2688/2688 2721/2721/2721 2690/2690/2690 
f 2686/2686/2686 2724/2724/2724 2723/2723/2723 
f 2686/2686/2686 2723/2723/2723 2688/2688/2688 
f 2685/2685/2685 2725/2725/2725 2724/2724/2724 
f 2685/2685/2685 2724/2724/2724 2686/2686/2686 
f 2715/2715/2715 2726/2726/2726 2727/2727/2727 
f 2715/2715/2715 2727/2727/2727 2716/2716/2716 
f 2680/2680/2680 2691/2691/2691 2693/2693/2693 
f 2680/2680/2680 2693/2693/2693 2682/2682/2682 
f 2678/2678/2678 2689/2689/2689 2691/2691/2691 
f 2678/2678/2678 2691/2691/2691 2680/2680/2680 
f 2676/2676/2676 2687/2687/2687 2689/2689/2689 
f 2676/2676/2676 2689/2689/2689 2678/2678/2678 
f 2675/2675/2675 2684/2684/2684 2687/2687/2687 
f 2675/2675/2675 2687/2687/2687 2676/2676/2676 
f 2711/2711/2711 2714/2714/2714 2713/2713/2713 
f 2711/2711/2711 2713/2713/2713 2712/2712/2712 
f 2728/2728/2728 2729/2729/2729 2730/2730/2730 
f 2728/2728/2728 2730/2730/2730 2731/2731/2731 
f 2729/2729/2729 2732/2732/2732 2733/2733/2733 
f 2729/2729/2729 2733/2733/2733 2730/2730/2730 
f 2732/2732/2732 2734/2734/2734 2735/2735/2735 
f 2732/2732/2732 2735/2735/2735 2733/2733/2733 
f 2734/2734/2734 2736/2736/2736 2737/2737/2737 
f 2734/2734/2734 2737/2737/2737 2735/2735/2735 
f 2738/2738/2738 2739/2739/2739 2740/2740/2740 
f 2738/2738/2738 2740/2740/2740 2741/2741/2741 
f 2739/2739/2739 2742/2742/2742 2743/2743/2743 
f 2739/2739/2739 2743/2743/2743 2740/2740/2740 
f 2742/2742/2742 2744/2744/2744 2745/2745/2745 
f 2742/2742/2742 2745/2745/2745 2743/2743/2743 
f 2744/2744/2744 2746/2746/2746 2747/2747/2747 
f 2744/2744/2744 2747/2747/2747 2745/2745/2745 
f 2748/2748/2748 2749/2749/2749 2750/2750/2750 
f 2748/2748/2748 2750/2750/2750 2751/2751/2751 
f 2749/2749/2749 2752/2752/2752 2753/2753/2753 
f 2749/2749/2749 2753/2753/2753 2750/2750/2750 
f 2752/2752/2752 2754/2754/2754 2755/2755/2755 
f 2752/2752/2752 2755/2755/2755 2753/2753/2753 
f 2754/2754/2754 2756/2756/2756 2757/2757/2757 
f 2754/2754/2754 2757/2757/2757 2755/2755/2755 
f 2758/2758/2758 2759/2759/2759 2760/2760/2760 
f 2761/2761/2761 2758/2758/2758 2760/2760/2760 
f 2762/2762/2762 2761/2761/2761 2760/2760/2760 
f 2763/2763/2763 2762/2762/2762 2760/2760/2760 
f 2764/2764/2764 2765/2765/2765 2746/2746/2746 
f 2764/2764/2764 2746/2746/2746 2744/2744/2744 
f 2766/2766/2766 2764/2764/2764 2744/2744/2744 
f 2766/2766/2766 2744/2744/2744 2742/2742/2742 
f 2767/2767/2767 2766/2766/2766 2742/2742/2742 
f 2767/2767/2767 2742/2742/2742 2739/2739/2739 
f 2768/2768/2768 2767/2767/2767 2739/2739/2739 
f 2768/2768/2768 2739/2739/2739 2738/2738/2738 
f 2769/2769/2769 2770/2770/2770 2771/2771/2771 
f 2769/2769/2769 2771/2771/2771 2772/2772/2772 
f 2773/2773/2773 2774/2774/2774 2775/2775/2775 
f 2773/2773/2773 2775/2775/2775 2776/2776/2776 
f 2777/2777/2777 2778/2778/2778 2779/2779/2779 
f 2777/2777/2777 2779/2779/2779 2780/2780/2780 
f 2781/2781/2781 2769/2769/2769 2772/2772/2772 
f 2781/2781/2781 2772/2772/2772 2782/2782/2782 
f 2783/2783/2783 2773/2773/2773 2776/2776/2776 
f 2783/2783/2783 2776/2776/2776 2784/2784/2784 
f 2755/2755/2755 2757/2757/2757 2722/2722/2722 
f 2755/2755/2755 2722/2722/2722 2721/2721/2721 
f 2753/2753/2753 2755/2755/2755 2721/2721/2721 
f 2753/2753/2753 2721/2721/2721 2723/2723/2723 
f 2750/2750/2750 2753/2753/2753 2723/2723/2723 
f 2750/2750/2750 2723/2723/2723 2724/2724/2724 
f 2751/2751/2751 2750/2750/2750 2724/2724/2724 
f 2751/2751/2751 2724/2724/2724 2725/2725/2725 
f 2779/2779/2779 2778/2778/2778 2727/2727/2727 
f 2779/2779/2779 2727/2727/2727 2726/2726/2726 
f 2745/2745/2745 2747/2747/2747 2756/2756/2756 
f 2745/2745/2745 2756/2756/2756 2754/2754/2754 
f 2743/2743/2743 2745/2745/2745 2754/2754/2754 
f 2743/2743/2743 2754/2754/2754 2752/2752/2752 
f 2740/2740/2740 2743/2743/2743 2752/2752/2752 
f 2740/2740/2740 2752/2752/2752 2749/2749/2749 
f 2741/2741/2741 2740/2740/2740 2749/2749/2749 
f 2741/2741/2741 2749/2749/2749 2748/2748/2748 
f 2775/2775/2775 2774/2774/2774 2777/2777/2777 
f 2775/2775/2775 2777/2777/2777 2780/2780/2780 
f 2785/2785/2785 2786/2786/2786 2787/2787/2787 
f 2788/2788/2788 2786/2786/2786 2789/2789/2789 
f 2790/2790/2790 2786/2786/2786 2791/2791/2791 
f 2792/2792/2792 2786/2786/2786 2785/2785/2785 
f 2787/2787/2787 2786/2786/2786 2788/2788/2788 
f 2791/2791/2791 2786/2786/2786 2793/2793/2793 
f 2789/2789/2789 2786/2786/2786 2790/2790/2790 
f 2794/2794/2794 2786/2786/2786 2795/2795/2795 
f 2796/2796/2796 2786/2786/2786 2797/2797/2797 
f 2798/2798/2798 2786/2786/2786 2799/2799/2799 
f 2795/2795/2795 2786/2786/2786 2800/2800/2800 
f 2797/2797/2797 2786/2786/2786 2794/2794/2794 
f 2793/2793/2793 2786/2786/2786 2798/2798/2798 
f 2799/2799/2799 2786/2786/2786 2796/2796/2796 

g Cleetus4

v 71.907 0.455507 -11.4399 
v 71.907 0.000969052 -11.4399 
v 71.2524 0.000967979 -11.4399 
v 71.2524 0.455507 -11.44 
v 71.2523 1.4703 -10.5864 
v 71.2192 1.4703 -10.6136 
v 71.2192 1.42143 -10.6136 
v 71.2523 1.42143 -10.5864 
v 71.2523 1.4703 -10.5864 
v 71.2523 1.8037 -10.5864 
v 71.2192 1.8037 -10.6136 
v 71.2192 1.4703 -10.6136 
v 71.2524 1.80379 -11.44 
v 71.9651 1.80374 -11.44 
v 71.9651 1.47029 -11.44 
v 71.2524 1.47029 -11.44 
v 71.2192 1.8037 -10.6136 
v 71.2192 1.80379 -11.4119 
v 71.2192 1.47029 -11.4119 
v 71.2192 1.4703 -10.6136 
v 71.2523 1.42143 -10.5864 
v 71.907 1.42143 -10.5864 
v 71.9651 1.4703 -10.5864 
v 71.2523 1.4703 -10.5864 
v 71.907 1.42143 -11.44 
v 71.2524 1.42143 -11.44 
v 71.2192 1.42143 -11.4119 
v 71.2192 1.42143 -10.6136 
v 71.2192 1.4703 -10.6136 
v 71.2192 1.47029 -11.4119 
v 72 1.8037 -10.6134 
v 72 1.80374 -11.412 
v 72 2.0295 -11.412 
v 72 2.02951 -10.6135 
v 71.9406 1.42143 -11.4119 
v 72 1.47029 -11.4119 
v 72 1.4703 -10.6134 
v 71.9406 1.42143 -10.6135 
v 71.9406 0.478302 -10.6135 
v 71.9406 0.03449 -10.6135 
v 71.9406 0.03449 -11.4119 
v 71.9406 0.478302 -11.4119 
v 71.2192 1.47029 -11.4119 
v 71.2524 1.47029 -11.44 
v 71.2524 1.42143 -11.44 
v 71.2192 1.42143 -11.4119 
v 71.2192 0.47837 -11.4119 
v 71.2192 0.034591 -11.4119 
v 71.2192 0.03449 -10.6135 
v 71.2192 0.478301 -10.6135 
v 71.907 0.478302 -10.5864 
v 71.907 0.03449 -10.5864 
v 71.9406 0.03449 -10.6135 
v 71.9406 0.478302 -10.6135 
v 72 1.4703 -10.6134 
v 71.9651 1.4703 -10.5864 
v 71.907 1.42143 -10.5864 
v 71.9406 1.42143 -10.6135 
v 72 1.4703 -10.6134 
v 72 1.8037 -10.6134 
v 71.9651 1.8037 -10.5864 
v 71.9651 1.4703 -10.5864 
v 71.9406 1.42143 -11.4119 
v 71.907 1.42143 -11.44 
v 71.9651 1.47029 -11.44 
v 72 1.47029 -11.4119 
v 71.9651 1.47029 -11.44 
v 71.9651 1.80374 -11.44 
v 72 1.80374 -11.412 
v 72 1.47029 -11.4119 
v 71.9406 0.478302 -11.4119 
v 71.9406 0.03449 -11.4119 
v 71.907 0.000969052 -11.4399 
v 71.907 0.455507 -11.4399 
v 71.2192 0.47837 -11.4119 
v 71.2524 0.455507 -11.44 
v 71.2524 0.000967979 -11.4399 
v 71.2192 0.034591 -11.4119 
v 71.2192 0.478301 -10.6135 
v 71.2192 0.03449 -10.6135 
v 71.2524 0.03449 -10.5864 
v 71.2524 0.478301 -10.5864 
v 71.2192 1.47029 -11.4119 
v 71.2192 1.80379 -11.4119 
v 71.2524 1.80379 -11.44 
v 71.2524 1.47029 -11.44 
v 71.907 0.000969052 -11.4399 
v 71.907 0.000969052 -10.6136 
v 71.2523 0.000969052 -10.6135 
v 71.2524 0.000967979 -11.4399 
v 71.2523 2.0295 -10.5864 
v 71.2192 2.02951 -10.6135 
v 71.2192 1.8037 -10.6136 
v 71.2523 1.8037 -10.5864 
v 71.2524 2.02951 -11.44 
v 71.9651 2.02951 -11.44 
v 71.2192 2.02951 -10.6135 
v 71.2192 2.0295 -11.412 
v 72 1.4703 -10.6134 
v 72 1.47029 -11.4119 
v 72 1.80374 -11.412 
v 72 1.8037 -10.6134 
v 72 2.02951 -10.6135 
v 71.9651 2.0295 -10.5864 
v 71.9651 1.8037 -10.5864 
v 72 1.8037 -10.6134 
v 71.9651 2.02951 -11.44 
v 72 2.0295 -11.412 
v 72 1.80374 -11.412 
v 71.9651 1.80374 -11.44 
v 71.2192 2.0295 -11.412 
v 71.2524 2.02951 -11.44 
v 71.2524 1.80379 -11.44 
v 71.2192 1.80379 -11.4119 
v 71.2523 1.8037 -10.5864 
v 71.2523 1.4703 -10.5864 
v 71.9651 1.4703 -10.5864 
v 71.9651 1.8037 -10.5864 
v 71.2524 0.478301 -10.5864 
v 71.2524 0.03449 -10.5864 
v 71.907 0.03449 -10.5864 
v 71.907 0.478302 -10.5864 
v 71.9651 2.0295 -10.5864 
v 71.2523 2.0295 -10.5864 
v 71.2192 0.034591 -11.4119 
v 71.2524 0.000967979 -11.4399 
v 71.2523 0.000969052 -10.6135 
v 71.2192 0.03449 -10.6135 
v 71.9406 0.03449 -10.6135 
v 71.907 0.000969052 -10.6136 
v 71.907 0.000969052 -11.4399 
v 71.9406 0.03449 -11.4119 
v 71.2192 0.03449 -10.6135 
v 71.2523 0.000969052 -10.6135 
v 71.2524 0.03449 -10.5864 
v 71.907 0.03449 -10.5864 
v 71.907 0.000969052 -10.6136 
v 71.9406 0.03449 -10.6135 
v 71.2524 0.03449 -10.5864 
v 71.2523 0.000969052 -10.6135 
v 71.907 0.000969052 -10.6136 
v 71.907 0.03449 -10.5864 
v 71.2524 2.02951 -11.44 
v 71.2192 2.0295 -11.412 
v 71.2431 2.06191 -11.3875 
v 71.2727 2.06193 -11.4132 
v 71.9651 2.02951 -11.44 
v 71.2524 2.02951 -11.44 
v 71.2727 2.06193 -11.4132 
v 71.9651 2.06193 -11.4132 
v 71.2192 2.0295 -11.412 
v 71.2192 2.02951 -10.6135 
v 71.2431 2.06191 -11.0146 
v 71.2431 2.06191 -11.3875 
v 72 2.02951 -10.6135 
v 72 2.0295 -11.412 
v 72 2.06191 -11.3875 
v 72 2.06191 -11.0146 
v 72 2.0295 -11.412 
v 71.9651 2.02951 -11.44 
v 71.9651 2.06193 -11.4132 
v 72 2.06191 -11.3875 
v 71.9651 2.0295 -10.5864 
v 72 2.02951 -10.6135 
v 72 2.06191 -10.6379 
v 71.9651 2.06193 -10.6125 
v 71.2192 2.02951 -10.6135 
v 71.2523 2.0295 -10.5864 
v 71.2727 2.06193 -10.6125 
v 71.2431 2.06191 -10.638 
v 71.2523 2.0295 -10.5864 
v 71.9651 2.0295 -10.5864 
v 71.9651 2.06193 -10.6125 
v 71.2727 2.06193 -10.6125 
v 71.2727 2.40613 -10.8625 
v 71.2727 2.32538 -10.7294 
v 71.9651 2.32538 -10.7294 
v 71.9651 2.40613 -10.8625 
v 71.2727 2.20451 -10.6432 
v 71.9651 2.20451 -10.6432 
v 71.2727 2.06193 -10.6125 
v 71.9651 2.06193 -10.6125 
v 71.2727 2.06193 -11.4132 
v 71.2727 2.20451 -11.378 
v 71.9651 2.20451 -11.378 
v 71.9651 2.06193 -11.4132 
v 71.2727 2.32538 -11.2918 
v 71.9651 2.32538 -11.2918 
v 71.2727 2.40613 -11.1668 
v 71.9651 2.40613 -11.1668 
v 71.2727 2.43449 -11.0146 
v 71.9651 2.43449 -11.0146 
v 71.2431 2.31036 -10.7457 
v 71.2431 2.38666 -10.8709 
v 71.2431 2.06191 -11.0146 
v 71.2431 2.19631 -10.6645 
v 71.2431 2.06191 -10.638 
v 71.2431 2.19633 -11.3573 
v 71.2431 2.06191 -11.3875 
v 71.2431 2.31034 -11.276 
v 71.2431 2.38661 -11.1581 
v 71.2431 2.41345 -11.0146 
v 72 2.38666 -10.8709 
v 72 2.31036 -10.7457 
v 72 2.06191 -11.0146 
v 72 2.19631 -10.6645 
v 72 2.19631 -10.6645 
v 72 2.06191 -10.6379 
v 72 2.06191 -11.0146 
v 72 2.06191 -11.3875 
v 72 2.19633 -11.3573 
v 72 2.31034 -11.276 
v 72 2.38661 -11.1581 
v 72 2.41345 -11.0146 
v 71.2727 2.32538 -10.7294 
v 71.2727 2.40613 -10.8625 
v 71.2431 2.38666 -10.8709 
v 71.2431 2.31036 -10.7457 
v 71.2727 2.20451 -10.6432 
v 71.2431 2.19631 -10.6645 
v 71.2727 2.06193 -10.6125 
v 71.2431 2.06191 -10.638 
v 71.2727 2.20451 -11.378 
v 71.2727 2.06193 -11.4132 
v 71.2431 2.06191 -11.3875 
v 71.2431 2.19633 -11.3573 
v 71.2727 2.32538 -11.2918 
v 71.2431 2.31034 -11.276 
v 71.2727 2.40613 -11.1668 
v 71.2431 2.38661 -11.1581 
v 71.2727 2.43449 -11.0146 
v 71.2431 2.41345 -11.0146 
v 71.9651 2.40613 -10.8625 
v 71.9651 2.32538 -10.7294 
v 72 2.31036 -10.7457 
v 72 2.38666 -10.8709 
v 71.9651 2.20451 -10.6432 
v 72 2.19631 -10.6645 
v 71.9651 2.20451 -11.378 
v 72 2.19633 -11.3573 
v 71.9651 2.32538 -11.2918 
v 72 2.31034 -11.276 
v 71.9651 2.40613 -11.1668 
v 72 2.38661 -11.1581 
v 71.9651 2.43449 -11.0146 
v 72 2.41345 -11.0146 
v 71.2431 2.06191 -11.0146 
v 71.2192 2.02951 -10.6135 
v 71.2431 2.06191 -10.638 
v 72 2.02951 -10.6135 
v 72 2.06191 -11.0146 
v 72 2.06191 -10.6379 
v 71.907 0.955069 -11.44 
v 71.907 0.455507 -11.4399 
v 71.2524 0.455507 -11.44 
v 71.2524 0.955068 -11.44 
v 71.9406 0.966074 -11.4119 
v 71.9406 0.478302 -11.4119 
v 71.907 0.455507 -11.4399 
v 71.907 0.955069 -11.44 
v 71.9406 0.966074 -10.6135 
v 71.9406 0.966074 -11.4119 
v 71.907 0.966074 -10.5864 
v 71.907 0.478302 -10.5864 
v 71.9406 0.478302 -10.6135 
v 71.9406 0.966074 -10.6135 
v 71.2523 0.966074 -10.5864 
v 71.907 0.966074 -10.5864 
v 71.2192 0.966074 -10.6136 
v 71.2192 0.478301 -10.6135 
v 71.2524 0.478301 -10.5864 
v 71.2523 0.966074 -10.5864 
v 71.2192 0.966107 -11.4119 
v 71.2192 0.966074 -10.6136 
v 71.2192 0.966107 -11.4119 
v 71.2524 0.955068 -11.44 
v 71.2524 0.455507 -11.44 
v 71.2192 0.47837 -11.4119 
v 71.907 1.42143 -11.44 
v 71.2524 1.42143 -11.44 
v 71.9406 1.42143 -11.4119 
v 71.907 1.42143 -11.44 
v 71.9406 1.42143 -10.6135 
v 71.9406 1.42143 -11.4119 
v 71.907 1.42143 -10.5864 
v 71.9406 1.42143 -10.6135 
v 71.2523 1.42143 -10.5864 
v 71.907 1.42143 -10.5864 
v 71.2192 1.42143 -10.6136 
v 71.2523 1.42143 -10.5864 
v 71.2192 1.42143 -11.4119 
v 71.2192 1.42143 -10.6136 
v 71.2524 1.42143 -11.44 
v 71.2192 1.42143 -11.4119 
v 71.2192 0.03449 -11.5338 
v 71.2192 0.079551 -11.523 
v 71.2524 0.114991 -11.6067 
v 71.2524 0.03449 -11.6227 
v 71.2192 0.113566 -11.4993 
v 71.2524 0.183236 -11.5611 
v 71.2192 0.141458 -11.4582 
v 71.2524 0.228837 -11.4929 
v 71.2192 0.147096 -11.4119 
v 71.2524 0.244849 -11.412 
v 71.3038 0.03449 -11.7072 
v 71.3038 0.14732 -11.6848 
v 71.3614 0.166958 -11.7337 
v 71.3614 0.03449 -11.761 
v 71.3038 0.242973 -11.6209 
v 71.3614 0.279854 -11.6589 
v 71.3038 0.306886 -11.5252 
v 71.3614 0.355804 -11.546 
v 71.3038 0.32933 -11.412 
v 71.3614 0.381376 -11.412 
v 71.4305 0.03449 -11.7976 
v 71.4305 0.18191 -11.7683 
v 71.5058 0.190889 -11.7891 
v 71.5058 0.03449 -11.8198 
v 71.4305 0.306886 -11.6848 
v 71.5058 0.322154 -11.7017 
v 71.4305 0.390393 -11.5598 
v 71.5058 0.412848 -11.569 
v 71.4305 0.419716 -11.412 
v 71.5058 0.441701 -11.412 
v 71.2192 0.079551 -11.523 
v 71.2192 0.03449 -11.5338 
v 71.2192 0.03449 -11.4119 
v 71.2192 0.113566 -11.4993 
v 71.2192 0.141458 -11.4582 
v 71.2192 0.147096 -11.4119 
v 71.2524 0.228837 -11.4929 
v 71.2524 0.244849 -11.412 
v 71.2524 0.183236 -11.5611 
v 71.2524 0.114991 -11.6067 
v 71.2524 0.03449 -11.6227 
v 71.2192 0.03449 -11.5338 
v 71.2524 0.03449 -11.6227 
v 71.2835 0.000967979 -11.6069 
v 71.2534 0.000967979 -11.5218 
v 71.3038 0.03449 -11.7072 
v 71.3614 0.03449 -11.761 
v 71.3821 0.000967979 -11.7374 
v 71.33 0.000967979 -11.6863 
v 71.4305 0.03449 -11.7976 
v 71.5058 0.03449 -11.8198 
v 71.5129 0.000967979 -11.7924 
v 71.4446 0.000967979 -11.7713 
v 71.2192 0.03449 -11.4119 
v 71.2534 0.000967979 -11.4399 
v 71.2524 0.03449 -11.6227 
v 71.2835 0.000967979 -11.6069 
v 71.5798 0.451456 -11.412 
v 71.5798 0.419716 -11.572 
v 71.5798 0.32933 -11.7072 
v 71.5798 0.194056 -11.7976 
v 71.5798 0.03449 -11.8294 
v 71.5798 0.03449 -11.8294 
v 71.5798 0.000967979 -11.8011 
v 71.9405 0.03449 -11.5338 
v 71.9073 0.03449 -11.6227 
v 71.9073 0.114991 -11.6067 
v 71.9405 0.079551 -11.523 
v 71.9073 0.183236 -11.5611 
v 71.9405 0.113566 -11.4993 
v 71.9073 0.228837 -11.4929 
v 71.9405 0.141458 -11.4582 
v 71.9073 0.244849 -11.412 
v 71.9405 0.147096 -11.4119 
v 71.8559 0.03449 -11.7072 
v 71.7983 0.03449 -11.761 
v 71.7983 0.166958 -11.7337 
v 71.8559 0.14732 -11.6848 
v 71.7983 0.279854 -11.6589 
v 71.8559 0.242973 -11.6209 
v 71.7983 0.355804 -11.546 
v 71.8559 0.306886 -11.5252 
v 71.7983 0.381376 -11.412 
v 71.8559 0.32933 -11.412 
v 71.7292 0.03449 -11.7976 
v 71.6539 0.03449 -11.8198 
v 71.6539 0.190889 -11.7891 
v 71.7292 0.18191 -11.7683 
v 71.6539 0.322154 -11.7017 
v 71.7292 0.306886 -11.6848 
v 71.6539 0.412848 -11.569 
v 71.7292 0.390393 -11.5598 
v 71.6539 0.441701 -11.412 
v 71.7292 0.419716 -11.412 
v 71.9405 0.079551 -11.523 
v 71.9405 0.03449 -11.4119 
v 71.9405 0.03449 -11.5338 
v 71.9405 0.113566 -11.4993 
v 71.9405 0.141458 -11.4582 
v 71.9405 0.147096 -11.4119 
v 71.9073 0.228837 -11.4929 
v 71.9073 0.244849 -11.412 
v 71.9073 0.183236 -11.5611 
v 71.9073 0.114991 -11.6067 
v 71.9073 0.03449 -11.6227 
v 71.9405 0.03449 -11.5338 
v 71.9062 0.000967979 -11.5218 
v 71.8762 0.000967979 -11.6069 
v 71.9073 0.03449 -11.6227 
v 71.8559 0.03449 -11.7072 
v 71.8297 0.000967979 -11.6863 
v 71.7775 0.000967979 -11.7374 
v 71.7983 0.03449 -11.761 
v 71.7292 0.03449 -11.7976 
v 71.715 0.000967979 -11.7713 
v 71.6468 0.000967979 -11.7924 
v 71.6539 0.03449 -11.8198 
v 71.9405 0.03449 -11.4119 
v 71.9062 0.000967979 -11.4399 
v 71.9073 0.03449 -11.6227 
v 71.8762 0.000967979 -11.6069 
v 71.2534 0.000967979 -11.5218 
v 71.2835 0.000967979 -11.6069 
v 71.5798 0.000967979 -11.4399 
v 71.33 0.000967979 -11.6863 
v 71.3821 0.000967979 -11.7374 
v 71.4446 0.000967979 -11.7713 
v 71.5129 0.000967979 -11.7924 
v 71.2534 0.000967979 -11.4399 
v 71.5798 0.000967979 -11.8011 
v 71.8762 0.000967979 -11.6069 
v 71.9062 0.000967979 -11.5218 
v 71.7775 0.000967979 -11.7374 
v 71.8297 0.000967979 -11.6863 
v 71.6468 0.000967979 -11.7924 
v 71.715 0.000967979 -11.7713 
v 71.9062 0.000967979 -11.4399 

vn 0 0 -1 
vn 0 0 -1 
vn 0 0 -1 
vn 0 0 -1 
vn -0.637795 0 0.771654 
vn -0.637795 0 0.771654 
vn -0.637795 0 0.771654 
vn -0.637795 0 0.771654 
vn -0.637795 0 0.771654 
vn -0.637795 0 0.771654 
vn -0.637795 0 0.771654 
vn -0.637795 0 0.771654 
vn 0 0 -1 
vn 0 0 -1 
vn 0 0 -1 
vn 0 0 -1 
vn -1 0 0 
vn -1 0 0 
vn -1 0 0 
vn -1 0 0 
vn 0 0 1 
vn 0 0 1 
vn 0 0 1 
vn 0 0 1 
vn 0 0 -1 
vn 0 0 -1 
vn -1 0 0 
vn -1 0 0 
vn -1 0 0 
vn -1 0 0 
vn 1 0 0 
vn 1 0 0 
vn 1 0 0 
vn 1 0 0 
vn 0.637795 -0.771654 0 
vn 0.637795 -0.771654 0 
vn 0.637795 -0.771654 0 
vn 0.637795 -0.771654 0 
vn 1 0 0 
vn 1 0 0 
vn 1 0 0 
vn 1 0 0 
vn -0.645669 0 -0.76378 
vn -0.645669 0 -0.76378 
vn -0.645669 0 -0.76378 
vn -0.645669 0 -0.76378 
vn -1 0 0 
vn -1 0 0 
vn -1 0 0 
vn -1 0 0 
vn 0.629921 0 0.779528 
vn 0.629921 0 0.779528 
vn 0.629921 0 0.779528 
vn 0.629921 0 0.779528 
vn 0.496063 -0.598425 0.629921 
vn 0.496063 -0.598425 0.629921 
vn 0.496063 -0.598425 0.629921 
vn 0.496063 -0.598425 0.629921 
vn 0.614173 0 0.787402 
vn 0.614173 0 0.787402 
vn 0.614173 0 0.787402 
vn 0.614173 0 0.787402 
vn 0.503937 -0.606299 -0.614173 
vn 0.503937 -0.606299 -0.614173 
vn 0.503937 -0.606299 -0.614173 
vn 0.503937 -0.606299 -0.614173 
vn 0.629921 0 -0.779528 
vn 0.629921 0 -0.779528 
vn 0.629921 0 -0.779528 
vn 0.629921 0 -0.779528 
vn 0.637795 0 -0.771654 
vn 0.637795 0 -0.771654 
vn 0.637795 0 -0.771654 
vn 0.637795 0 -0.771654 
vn -0.645669 0 -0.76378 
vn -0.645669 0 -0.76378 
vn -0.645669 0 -0.76378 
vn -0.645669 0 -0.76378 
vn -0.629921 0 0.771654 
vn -0.629921 0 0.771654 
vn -0.629921 0 0.771654 
vn -0.629921 0 0.771654 
vn -0.645669 0 -0.76378 
vn -0.645669 0 -0.76378 
vn -0.645669 0 -0.76378 
vn -0.645669 0 -0.76378 
vn 0 -1 0 
vn 0 -1 0 
vn 0 -1 0 
vn 0 -1 0 
vn -0.637795 0 0.771654 
vn -0.637795 0 0.771654 
vn -0.637795 0 0.771654 
vn -0.637795 0 0.771654 
vn 0 0 -1 
vn 0 0 -1 
vn -1 0 0 
vn -1 0 0 
vn 1 0 0 
vn 1 0 0 
vn 1 0 0 
vn 1 0 0 
vn 0.582677 0.275591 0.76378 
vn 0.582677 0.275591 0.76378 
vn 0.614173 0 0.787402 
vn 0.614173 0 0.787402 
vn 0.598425 0.275591 -0.755906 
vn 0.598425 0.275591 -0.755906 
vn 0.629921 0 -0.779528 
vn 0.629921 0 -0.779528 
vn -0.645669 0 -0.76378 
vn -0.645669 0 -0.76378 
vn -0.645669 0 -0.76378 
vn -0.645669 0 -0.76378 
vn 0 0 1 
vn 0 0 1 
vn 0 0 1 
vn 0 0 1 
vn 0 0 1 
vn 0 0 1 
vn 0 0 1 
vn 0 0 1 
vn 0 0 1 
vn 0 0 1 
vn -0.708661 -0.700787 0 
vn -0.708661 -0.700787 0 
vn -0.708661 -0.700787 0 
vn -0.708661 -0.700787 0 
vn 0.708661 -0.708661 0 
vn 0.708661 -0.708661 0 
vn 0.708661 -0.708661 0 
vn 0.708661 -0.708661 0 
vn -0.535433 -0.527559 0.653543 
vn -0.535433 -0.527559 0.653543 
vn -0.535433 -0.527559 0.653543 
vn 0.527559 -0.535433 0.661417 
vn 0.527559 -0.535433 0.661417 
vn 0.527559 -0.535433 0.661417 
vn 0 -0.629921 0.779528 
vn 0 -0.629921 0.779528 
vn 0 -0.629921 0.779528 
vn 0 -0.629921 0.779528 
vn -0.448819 0.724409 -0.527559 
vn -0.448819 0.724409 -0.527559 
vn -0.448819 0.724409 -0.527559 
vn -0.448819 0.724409 -0.527559 
vn 0 0.637795 -0.771654 
vn 0 0.637795 -0.771654 
vn 0 0.637795 -0.771654 
vn 0 0.637795 -0.771654 
vn -0.80315 0.590551 0 
vn -0.80315 0.590551 0 
vn -0.80315 0.590551 0 
vn -0.80315 0.590551 0 
vn 1 0 0 
vn 1 0 0 
vn 1 0 0 
vn 1 0 0 
vn 0.598425 0.275591 -0.755906 
vn 0.598425 0.275591 -0.755906 
vn 0.551181 0.370079 -0.755906 
vn 0.551181 0.370079 -0.755906 
vn 0.582677 0.275591 0.76378 
vn 0.582677 0.275591 0.76378 
vn 0.543307 0.354331 0.755906 
vn 0.543307 0.354331 0.755906 
vn -0.448819 0.716535 0.535433 
vn -0.448819 0.716535 0.535433 
vn -0.448819 0.716535 0.535433 
vn -0.448819 0.716535 0.535433 
vn 0 0.629921 0.779528 
vn 0 0.629921 0.779528 
vn 0 0.629921 0.779528 
vn 0 0.629921 0.779528 
vn 0 0.937008 0.354331 
vn 0 0.732283 0.677165 
vn 0 0.732283 0.677165 
vn 0 0.937008 0.354331 
vn 0 0.401575 0.913386 
vn 0 0.401575 0.913386 
vn 0 0.212598 0.976378 
vn 0 0.212598 0.976378 
vn 0 0.23622 -0.968504 
vn 0 0.417323 -0.905512 
vn 0 0.417323 -0.905512 
vn 0 0.23622 -0.968504 
vn 0 0.724409 -0.692913 
vn 0 0.724409 -0.692913 
vn 0 0.929134 -0.370079 
vn 0 0.929134 -0.370079 
vn 0 1 0 
vn 0 1 0 
vn -1 0 0 
vn -1 0 0 
vn -1 0 0 
vn -1 0 0 
vn -1 0 0 
vn -1 0 0 
vn -1 0 0 
vn -1 0 0 
vn -1 0 0 
vn -1 0 0 
vn 1 0 0 
vn 1 0 0 
vn 1 0 0 
vn 1 0 0 
vn 1 0 0 
vn 1 0 0 
vn 1 0 0 
vn 1 0 0 
vn 1 0 0 
vn 1 0 0 
vn 1 0 0 
vn 1 0 0 
vn -0.598425 0.590551 0.543307 
vn -0.582677 0.755906 0.291339 
vn -0.582677 0.755906 0.291339 
vn -0.598425 0.590551 0.543307 
vn -0.622047 0.314961 0.716535 
vn -0.622047 0.314961 0.716535 
vn -0.622047 0.15748 0.76378 
vn -0.622047 0.15748 0.76378 
vn -0.614173 0.330709 -0.716535 
vn -0.622047 0.181102 -0.76378 
vn -0.622047 0.181102 -0.76378 
vn -0.614173 0.330709 -0.716535 
vn -0.590551 0.582677 -0.559055 
vn -0.590551 0.582677 -0.559055 
vn -0.582677 0.755906 -0.299213 
vn -0.582677 0.755906 -0.299213 
vn -0.582677 0.811024 0 
vn -0.582677 0.811024 0 
vn 0.519685 0.795276 0.307087 
vn 0.535433 0.622047 0.574803 
vn 0.535433 0.622047 0.574803 
vn 0.519685 0.795276 0.307087 
vn 0.559055 0.330709 0.76378 
vn 0.559055 0.330709 0.76378 
vn 0.551181 0.346457 -0.755906 
vn 0.551181 0.346457 -0.755906 
vn 0.527559 0.614173 -0.582677 
vn 0.527559 0.614173 -0.582677 
vn 0.519685 0.795276 -0.314961 
vn 0.519685 0.795276 -0.314961 
vn 0.519685 0.858268 0 
vn 0.519685 0.858268 0 
vn -0.80315 0.590551 0 
vn -0.80315 0.590551 0 
vn -0.80315 0.590551 0 
vn 1 0 0 
vn 1 0 0 
vn 1 0 0 
vn 0 0 -1 
vn 0 0 -1 
vn 0 0 -1 
vn 0 0 -1 
vn 0.637795 0 -0.771654 
vn 0.637795 0 -0.771654 
vn 0.637795 0 -0.771654 
vn 0.637795 0 -0.771654 
vn 1 0 0 
vn 1 0 0 
vn 0.629921 0 0.779528 
vn 0.629921 0 0.779528 
vn 0.629921 0 0.779528 
vn 0.629921 0 0.779528 
vn 0 0 1 
vn 0 0 1 
vn -0.637795 0 0.771654 
vn -0.629921 0 0.771654 
vn -0.629921 0 0.771654 
vn -0.637795 0 0.771654 
vn -1 0 0 
vn -1 0 0 
vn -0.645669 0 -0.76378 
vn -0.645669 0 -0.76378 
vn -0.645669 0 -0.76378 
vn -0.645669 0 -0.76378 
vn 0 0 -1 
vn 0 0 -1 
vn 0.637795 0 -0.771654 
vn 0.637795 0 -0.771654 
vn 1 0 0 
vn 1 0 0 
vn 0.629921 0 0.779528 
vn 0.629921 0 0.779528 
vn 0 0 1 
vn 0 0 1 
vn -0.637795 0 0.771654 
vn -0.637795 0 0.771654 
vn -1 0 0 
vn -1 0 0 
vn -0.645669 0 -0.76378 
vn -0.645669 0 -0.76378 
vn -0.937008 0.0708661 -0.346457 
vn -0.937008 0.133858 -0.314961 
vn -0.937008 0.133858 -0.314961 
vn -0.937008 0.0708661 -0.346457 
vn -0.944882 0.23622 -0.23622 
vn -0.944882 0.23622 -0.23622 
vn -0.944882 0.307087 -0.125984 
vn -0.944882 0.307087 -0.125984 
vn -0.944882 0.330709 -0.0551181 
vn -0.944882 0.330709 -0.0551181 
vn -0.771654 0.125984 -0.629921 
vn -0.771654 0.244094 -0.582677 
vn -0.582677 0.314961 -0.748031 
vn -0.574803 0.165354 -0.80315 
vn -0.771654 0.448819 -0.448819 
vn -0.582677 0.574803 -0.574803 
vn -0.771654 0.582677 -0.244094 
vn -0.582677 0.748031 -0.307087 
vn -0.76378 0.629921 -0.125984 
vn -0.574803 0.80315 -0.15748 
vn -0.377953 0.181102 -0.905512 
vn -0.385827 0.354331 -0.850394 
vn -0.204724 0.370079 -0.905512 
vn -0.204724 0.188976 -0.96063 
vn -0.385827 0.653543 -0.653543 
vn -0.204724 0.692913 -0.692913 
vn -0.385827 0.850394 -0.354331 
vn -0.204724 0.905512 -0.370079 
vn -0.385827 0.905512 -0.173228 
vn -0.204724 0.96063 -0.181102 
vn -1 0 0 
vn -1 0 0 
vn -1 0 0 
vn -1 0 0 
vn -1 0 0 
vn -1 0 0 
vn -0.850394 0.480315 -0.19685 
vn -0.850394 0.519685 -0.102362 
vn -0.850394 0.370079 -0.370079 
vn -0.850394 0.19685 -0.480315 
vn -0.850394 0.102362 -0.519685 
vn -0.677165 -0.724409 -0.11811 
vn -0.645669 -0.724409 -0.23622 
vn -0.645669 -0.724409 -0.23622 
vn -0.677165 -0.724409 -0.11811 
vn -0.551181 -0.708661 -0.440945 
vn -0.425197 -0.685039 -0.590551 
vn -0.425197 -0.685039 -0.590551 
vn -0.551181 -0.708661 -0.440945 
vn -0.283465 -0.661417 -0.692913 
vn -0.15748 -0.645669 -0.748031 
vn -0.15748 -0.645669 -0.748031 
vn -0.283465 -0.661417 -0.692913 
vn -0.700787 -0.716535 0 
vn -0.700787 -0.716535 0 
vn -0.606299 -0.708661 -0.362205 
vn -0.606299 -0.708661 -0.362205 
vn 0 0.984252 -0.188976 
vn 0 0.92126 -0.377953 
vn 0 0.708661 -0.708661 
vn 0 0.377953 -0.92126 
vn 0 0.19685 -0.984252 
vn 0 -0.645669 -0.76378 
vn 0 -0.645669 -0.76378 
vn 0.937008 0.0708661 -0.346457 
vn 0.937008 0.0708661 -0.346457 
vn 0.937008 0.133858 -0.314961 
vn 0.937008 0.133858 -0.314961 
vn 0.944882 0.23622 -0.23622 
vn 0.944882 0.23622 -0.23622 
vn 0.944882 0.307087 -0.125984 
vn 0.944882 0.307087 -0.125984 
vn 0.944882 0.330709 -0.0551181 
vn 0.944882 0.330709 -0.0551181 
vn 0.771654 0.125984 -0.629921 
vn 0.574803 0.165354 -0.80315 
vn 0.582677 0.314961 -0.748031 
vn 0.771654 0.244094 -0.582677 
vn 0.582677 0.574803 -0.574803 
vn 0.771654 0.448819 -0.448819 
vn 0.582677 0.748031 -0.307087 
vn 0.771654 0.582677 -0.244094 
vn 0.574803 0.80315 -0.15748 
vn 0.76378 0.629921 -0.125984 
vn 0.377953 0.181102 -0.905512 
vn 0.204724 0.188976 -0.96063 
vn 0.204724 0.370079 -0.905512 
vn 0.385827 0.354331 -0.850394 
vn 0.204724 0.692913 -0.692913 
vn 0.385827 0.653543 -0.653543 
vn 0.204724 0.905512 -0.370079 
vn 0.385827 0.850394 -0.354331 
vn 0.204724 0.96063 -0.181102 
vn 0.385827 0.905512 -0.173228 
vn 1 0 0 
vn 1 0 0 
vn 1 0 0 
vn 1 0 0 
vn 1 0 0 
vn 1 0 0 
vn 0.850394 0.480315 -0.19685 
vn 0.850394 0.519685 -0.102362 
vn 0.850394 0.370079 -0.370079 
vn 0.850394 0.19685 -0.480315 
vn 0.850394 0.102362 -0.519685 
vn 0.677165 -0.724409 -0.11811 
vn 0.677165 -0.724409 -0.11811 
vn 0.645669 -0.724409 -0.23622 
vn 0.645669 -0.724409 -0.23622 
vn 0.551181 -0.708661 -0.440945 
vn 0.551181 -0.708661 -0.440945 
vn 0.425197 -0.685039 -0.590551 
vn 0.425197 -0.685039 -0.590551 
vn 0.283465 -0.661417 -0.692913 
vn 0.283465 -0.661417 -0.692913 
vn 0.15748 -0.645669 -0.748031 
vn 0.15748 -0.645669 -0.748031 
vn 0.700787 -0.716535 0 
vn 0.700787 -0.716535 0 
vn 0.606299 -0.708661 -0.362205 
vn 0.606299 -0.708661 -0.362205 
vn 0 -1 0 
vn 0 -1 0 
vn 0 -1 0 
vn 0 -1 0 
vn 0 -1 0 
vn 0 -1 0 
vn 0 -1 0 
vn 0 -1 0 
vn 0 -1 0 
vn 0 -1 0 
vn 0 -1 0 
vn 0 -1 0 
vn 0 -1 0 
vn 0 -1 0 
vn 0 -1 0 
vn 0 -1 0 

vt 0.629735 0.868901 
vt 0.609496 0.868901 
vt 0.609496 0.75755 
vt 0.629735 0.75755 
vt 0.677014 0.618454 
vt 0.677014 0.625444 
vt 0.67415 0.625444 
vt 0.67415 0.618454 
vt 0.677014 0.618454 
vt 0.692643 0.618454 
vt 0.692643 0.625444 
vt 0.677014 0.625444 
vt 0.692643 0.75755 
vt 0.692643 0.868901 
vt 0.677014 0.868901 
vt 0.677014 0.75755 
vt 0.692643 0.625444 
vt 0.692643 0.749551 
vt 0.677014 0.749551 
vt 0.677014 0.625444 
vt 0.67415 0.618454 
vt 0.67415 0.506879 
vt 0.677014 0.506879 
vt 0.677014 0.618454 
vt 0.674515 0.868901 
vt 0.67415 0.75755 
vt 0.67415 0.749551 
vt 0.67415 0.625444 
vt 0.677014 0.625444 
vt 0.677014 0.749551 
vt 0.692643 0.999594 
vt 0.692643 0.87549 
vt 0.703541 0.87549 
vt 0.703541 0.999591 
vt 0.67415 0.87549 
vt 0.677014 0.87549 
vt 0.677014 0.999592 
vt 0.67415 0.999585 
vt 0.629735 0.999585 
vt 0.609496 0.999585 
vt 0.609496 0.87549 
vt 0.629735 0.87549 
vt 0.677014 0.749551 
vt 0.677014 0.75755 
vt 0.67415 0.75755 
vt 0.67415 0.749551 
vt 0.629735 0.749551 
vt 0.609496 0.74946 
vt 0.609496 0.625444 
vt 0.629735 0.625444 
vt 0.629735 0.506879 
vt 0.609496 0.506879 
vt 0.609496 0.500404 
vt 0.629735 0.500404 
vt 0.677014 0.500404 
vt 0.677014 0.506879 
vt 0.67415 0.506879 
vt 0.67415 0.500404 
vt 0.677014 0.500404 
vt 0.692643 0.500404 
vt 0.692643 0.506879 
vt 0.677014 0.506879 
vt 0.674305 0.87549 
vt 0.674515 0.868901 
vt 0.677014 0.868901 
vt 0.677014 0.87549 
vt 0.677014 0.868901 
vt 0.692643 0.868901 
vt 0.692643 0.87549 
vt 0.677014 0.87549 
vt 0.629735 0.87549 
vt 0.609496 0.87549 
vt 0.609496 0.868901 
vt 0.629735 0.868901 
vt 0.629735 0.749551 
vt 0.629735 0.75755 
vt 0.609496 0.75755 
vt 0.609496 0.74946 
vt 0.629735 0.625444 
vt 0.609496 0.625444 
vt 0.609496 0.618454 
vt 0.629735 0.618454 
vt 0.677014 0.749551 
vt 0.692643 0.749551 
vt 0.692643 0.75755 
vt 0.677014 0.75755 
vt 0.506675 0.317931 
vt 0.506675 0.238663 
vt 0.547721 0.238663 
vt 0.547721 0.317931 
vt 0.703541 0.618454 
vt 0.703541 0.625444 
vt 0.692643 0.625444 
vt 0.692643 0.618454 
vt 0.703541 0.75755 
vt 0.703541 0.868901 
vt 0.703541 0.625444 
vt 0.703541 0.749551 
vt 0.677014 0.999592 
vt 0.677014 0.87549 
vt 0.692643 0.87549 
vt 0.692643 0.999594 
vt 0.703541 0.500404 
vt 0.703541 0.506879 
vt 0.692643 0.506879 
vt 0.692643 0.500404 
vt 0.703541 0.868901 
vt 0.703541 0.87549 
vt 0.692643 0.87549 
vt 0.692643 0.868901 
vt 0.703541 0.749551 
vt 0.703541 0.75755 
vt 0.692643 0.75755 
vt 0.692643 0.749551 
vt 0.692643 0.618454 
vt 0.677014 0.618454 
vt 0.677014 0.506879 
vt 0.692643 0.506879 
vt 0.629735 0.618454 
vt 0.609496 0.618454 
vt 0.609496 0.506879 
vt 0.629735 0.506879 
vt 0.703541 0.506879 
vt 0.703541 0.618454 
vt 0.550462 0.317931 
vt 0.547721 0.317931 
vt 0.547721 0.238663 
vt 0.550462 0.238663 
vt 0.504002 0.238663 
vt 0.506675 0.238663 
vt 0.506675 0.317931 
vt 0.503958 0.317931 
vt 0.550462 0.238663 
vt 0.547721 0.238663 
vt 0.550462 0.234446 
vt 0.504002 0.234446 
vt 0.506675 0.238663 
vt 0.504002 0.238663 
vt 0.550462 0.234446 
vt 0.547721 0.238663 
vt 0.506675 0.238663 
vt 0.504002 0.234446 
vt 0.43241 0.23471 
vt 0.433599 0.23471 
vt 0.433599 0.238651 
vt 0.43241 0.238651 
vt 0.410882 0.23471 
vt 0.43241 0.23471 
vt 0.43241 0.238651 
vt 0.410882 0.238651 
vt 0.445733 0.259475 
vt 0.445733 0.337326 
vt 0.444478 0.298104 
vt 0.444478 0.261781 
vt 0.39827 0.335945 
vt 0.39827 0.257535 
vt 0.399212 0.259979 
vt 0.399212 0.296722 
vt 0.40962 0.23471 
vt 0.410882 0.23471 
vt 0.410882 0.238651 
vt 0.40962 0.238651 
vt 0.410882 0.358885 
vt 0.40962 0.358885 
vt 0.40962 0.354954 
vt 0.410882 0.354954 
vt 0.433599 0.358885 
vt 0.43241 0.358885 
vt 0.43241 0.354954 
vt 0.433599 0.354954 
vt 0.43241 0.358885 
vt 0.410882 0.358885 
vt 0.410882 0.354954 
vt 0.43241 0.354954 
vt 0.43241 0.312666 
vt 0.43241 0.327169 
vt 0.410882 0.327169 
vt 0.410882 0.312113 
vt 0.43241 0.341174 
vt 0.410882 0.341174 
vt 0.43241 0.354954 
vt 0.410882 0.354954 
vt 0.43241 0.238651 
vt 0.43241 0.253188 
vt 0.410882 0.253188 
vt 0.410882 0.238651 
vt 0.43241 0.267379 
vt 0.410882 0.267379 
vt 0.43241 0.28254 
vt 0.410882 0.281344 
vt 0.43241 0.297778 
vt 0.410882 0.296512 
vt 0.436107 0.324624 
vt 0.433599 0.312367 
vt 0.444478 0.298104 
vt 0.439645 0.332452 
vt 0.444478 0.334851 
vt 0.44012 0.264071 
vt 0.444478 0.261781 
vt 0.436516 0.271361 
vt 0.433599 0.283023 
vt 0.433599 0.297992 
vt 0.40962 0.311624 
vt 0.406855 0.324129 
vt 0.399212 0.296722 
vt 0.403274 0.331509 
vt 0.403274 0.331509 
vt 0.399212 0.333596 
vt 0.399212 0.296722 
vt 0.399212 0.259979 
vt 0.403453 0.262687 
vt 0.407022 0.270321 
vt 0.40962 0.281736 
vt 0.40962 0.296289 
vt 0.43241 0.327169 
vt 0.43241 0.312666 
vt 0.433599 0.312367 
vt 0.433599 0.327169 
vt 0.43241 0.341174 
vt 0.433599 0.341174 
vt 0.43241 0.354954 
vt 0.433599 0.354954 
vt 0.43241 0.253188 
vt 0.43241 0.238651 
vt 0.433599 0.238651 
vt 0.433599 0.253188 
vt 0.43241 0.267379 
vt 0.433599 0.267379 
vt 0.43241 0.28254 
vt 0.433599 0.283023 
vt 0.43241 0.297778 
vt 0.433599 0.297992 
vt 0.410882 0.312113 
vt 0.410882 0.327169 
vt 0.40962 0.327169 
vt 0.40962 0.311624 
vt 0.410882 0.341174 
vt 0.40962 0.341174 
vt 0.410882 0.253188 
vt 0.40962 0.253188 
vt 0.410882 0.267379 
vt 0.40962 0.267379 
vt 0.410882 0.281344 
vt 0.40962 0.281736 
vt 0.410882 0.296512 
vt 0.40962 0.296289 
vt 0.444478 0.298104 
vt 0.445733 0.337326 
vt 0.444478 0.334851 
vt 0.39827 0.335945 
vt 0.399212 0.296722 
vt 0.399212 0.333596 
vt 0.652695 0.868901 
vt 0.629735 0.868901 
vt 0.629735 0.75755 
vt 0.652695 0.75755 
vt 0.652695 0.87549 
vt 0.629735 0.87549 
vt 0.629735 0.868901 
vt 0.652695 0.868901 
vt 0.652695 0.999585 
vt 0.652695 0.87549 
vt 0.652695 0.506879 
vt 0.629735 0.506879 
vt 0.629735 0.500404 
vt 0.652695 0.500404 
vt 0.652695 0.618454 
vt 0.652695 0.506879 
vt 0.652695 0.625444 
vt 0.629735 0.625444 
vt 0.629735 0.618454 
vt 0.652695 0.618454 
vt 0.652695 0.749551 
vt 0.652695 0.625444 
vt 0.652695 0.749551 
vt 0.652695 0.75755 
vt 0.629735 0.75755 
vt 0.629735 0.749551 
vt 0.674515 0.868901 
vt 0.67415 0.75755 
vt 0.674305 0.87549 
vt 0.674515 0.868901 
vt 0.67415 0.999585 
vt 0.67415 0.87549 
vt 0.67415 0.506879 
vt 0.67415 0.500404 
vt 0.67415 0.618454 
vt 0.67415 0.506879 
vt 0.67415 0.625444 
vt 0.67415 0.618454 
vt 0.67415 0.749551 
vt 0.67415 0.625444 
vt 0.67415 0.75755 
vt 0.67415 0.749551 
vt 0.609496 0.75755 
vt 0.611419 0.75755 
vt 0.61281 0.766128 
vt 0.609496 0.766128 
vt 0.613221 0.755644 
vt 0.615771 0.766128 
vt 0.614756 0.752527 
vt 0.618898 0.766128 
vt 0.614874 0.749551 
vt 0.622697 0.766128 
vt 0.609496 0.775854 
vt 0.613235 0.775854 
vt 0.613593 0.784646 
vt 0.609496 0.784646 
vt 0.616442 0.775854 
vt 0.616835 0.784646 
vt 0.62119 0.775854 
vt 0.621904 0.784646 
vt 0.626502 0.775854 
vt 0.628059 0.784646 
vt 0.609496 0.793588 
vt 0.613831 0.793588 
vt 0.613868 0.803095 
vt 0.609496 0.803095 
vt 0.617213 0.793588 
vt 0.617543 0.803095 
vt 0.622454 0.793588 
vt 0.622715 0.803095 
vt 0.628864 0.793588 
vt 0.62939 0.803095 
vt 0.611419 0.75755 
vt 0.609496 0.75755 
vt 0.609496 0.74946 
vt 0.613221 0.755644 
vt 0.614756 0.752527 
vt 0.614874 0.749551 
vt 0.618898 0.766128 
vt 0.622697 0.766128 
vt 0.615771 0.766128 
vt 0.61281 0.766128 
vt 0.609496 0.766128 
vt 0.550462 0.330226 
vt 0.550462 0.342941 
vt 0.547606 0.339435 
vt 0.547606 0.328727 
vt 0.550462 0.358546 
vt 0.544347 0.358546 
vt 0.542299 0.354463 
vt 0.547606 0.354463 
vt 0.538943 0.358546 
vt 0.533011 0.358546 
vt 0.532356 0.354463 
vt 0.537544 0.354463 
vt 0.550462 0.317931 
vt 0.547684 0.317931 
vt 0.550462 0.342941 
vt 0.547606 0.339435 
vt 0.629526 0.81216 
vt 0.622816 0.81216 
vt 0.617559 0.81216 
vt 0.613886 0.81216 
vt 0.609496 0.81216 
vt 0.527218 0.358546 
vt 0.527312 0.354463 
vt 0.609496 0.868901 
vt 0.609496 0.859619 
vt 0.61261 0.859619 
vt 0.611419 0.868901 
vt 0.615635 0.859619 
vt 0.613221 0.869669 
vt 0.618523 0.859619 
vt 0.614756 0.871589 
vt 0.622427 0.859619 
vt 0.614874 0.875527 
vt 0.609496 0.850154 
vt 0.609496 0.840754 
vt 0.613617 0.840754 
vt 0.613268 0.850154 
vt 0.61676 0.840754 
vt 0.616344 0.850154 
vt 0.621758 0.840754 
vt 0.62097 0.850154 
vt 0.627949 0.840754 
vt 0.626328 0.850154 
vt 0.609496 0.831465 
vt 0.609496 0.822013 
vt 0.613872 0.822013 
vt 0.613845 0.831465 
vt 0.617521 0.822013 
vt 0.617165 0.831465 
vt 0.62267 0.822013 
vt 0.622352 0.831465 
vt 0.629356 0.822013 
vt 0.628793 0.831465 
vt 0.611419 0.868901 
vt 0.609496 0.87549 
vt 0.609496 0.868901 
vt 0.613221 0.869669 
vt 0.614756 0.871589 
vt 0.614874 0.875527 
vt 0.618523 0.859619 
vt 0.622427 0.859619 
vt 0.615635 0.859619 
vt 0.61261 0.859619 
vt 0.609496 0.859619 
vt 0.503958 0.330314 
vt 0.506754 0.32883 
vt 0.506754 0.339446 
vt 0.503958 0.343043 
vt 0.503958 0.358546 
vt 0.506754 0.354463 
vt 0.512087 0.354463 
vt 0.510062 0.358546 
vt 0.51543 0.358546 
vt 0.51681 0.354463 
vt 0.52211 0.354463 
vt 0.521425 0.358546 
vt 0.503958 0.317931 
vt 0.50667 0.317931 
vt 0.503958 0.343043 
vt 0.506754 0.339446 
vt 0.547606 0.328727 
vt 0.547606 0.339435 
vt 0.527174 0.317931 
vt 0.547606 0.354463 
vt 0.542299 0.354463 
vt 0.537544 0.354463 
vt 0.532356 0.354463 
vt 0.547684 0.317931 
vt 0.527312 0.354463 
vt 0.506754 0.339446 
vt 0.506754 0.32883 
vt 0.512087 0.354463 
vt 0.506754 0.354463 
vt 0.52211 0.354463 
vt 0.51681 0.354463 
vt 0.50667 0.317931 

usemtl Handle1Mtl

f 2801/2801/2801 2802/2802/2802 2803/2803/2803 
f 2801/2801/2801 2803/2803/2803 2804/2804/2804 
f 2805/2805/2805 2806/2806/2806 2807/2807/2807 
f 2805/2805/2805 2807/2807/2807 2808/2808/2808 
f 2809/2809/2809 2810/2810/2810 2811/2811/2811 
f 2809/2809/2809 2811/2811/2811 2812/2812/2812 
f 2813/2813/2813 2814/2814/2814 2815/2815/2815 
f 2813/2813/2813 2815/2815/2815 2816/2816/2816 
f 2817/2817/2817 2818/2818/2818 2819/2819/2819 
f 2817/2817/2817 2819/2819/2819 2820/2820/2820 
f 2821/2821/2821 2822/2822/2822 2823/2823/2823 
f 2821/2821/2821 2823/2823/2823 2824/2824/2824 
f 2815/2815/2815 2825/2825/2825 2826/2826/2826 
f 2815/2815/2815 2826/2826/2826 2816/2816/2816 
f 2827/2827/2827 2828/2828/2828 2829/2829/2829 
f 2827/2827/2827 2829/2829/2829 2830/2830/2830 
f 2831/2831/2831 2832/2832/2832 2833/2833/2833 
f 2831/2831/2831 2833/2833/2833 2834/2834/2834 
f 2835/2835/2835 2836/2836/2836 2837/2837/2837 
f 2835/2835/2835 2837/2837/2837 2838/2838/2838 
f 2839/2839/2839 2840/2840/2840 2841/2841/2841 
f 2839/2839/2839 2841/2841/2841 2842/2842/2842 
f 2843/2843/2843 2844/2844/2844 2845/2845/2845 
f 2843/2843/2843 2845/2845/2845 2846/2846/2846 
f 2847/2847/2847 2848/2848/2848 2849/2849/2849 
f 2847/2847/2847 2849/2849/2849 2850/2850/2850 
f 2851/2851/2851 2852/2852/2852 2853/2853/2853 
f 2851/2851/2851 2853/2853/2853 2854/2854/2854 
f 2855/2855/2855 2856/2856/2856 2857/2857/2857 
f 2855/2855/2855 2857/2857/2857 2858/2858/2858 
f 2859/2859/2859 2860/2860/2860 2861/2861/2861 
f 2859/2859/2859 2861/2861/2861 2862/2862/2862 
f 2863/2863/2863 2864/2864/2864 2865/2865/2865 
f 2863/2863/2863 2865/2865/2865 2866/2866/2866 
f 2867/2867/2867 2868/2868/2868 2869/2869/2869 
f 2867/2867/2867 2869/2869/2869 2870/2870/2870 
f 2871/2871/2871 2872/2872/2872 2873/2873/2873 
f 2871/2871/2871 2873/2873/2873 2874/2874/2874 
f 2875/2875/2875 2876/2876/2876 2877/2877/2877 
f 2875/2875/2875 2877/2877/2877 2878/2878/2878 
f 2879/2879/2879 2880/2880/2880 2881/2881/2881 
f 2879/2879/2879 2881/2881/2881 2882/2882/2882 
f 2883/2883/2883 2884/2884/2884 2885/2885/2885 
f 2883/2883/2883 2885/2885/2885 2886/2886/2886 
f 2887/2887/2887 2888/2888/2888 2889/2889/2889 
f 2887/2887/2887 2889/2889/2889 2890/2890/2890 
f 2891/2891/2891 2892/2892/2892 2893/2893/2893 
f 2891/2891/2891 2893/2893/2893 2894/2894/2894 
f 2895/2895/2895 2896/2896/2896 2814/2814/2814 
f 2895/2895/2895 2814/2814/2814 2813/2813/2813 
f 2897/2897/2897 2898/2898/2898 2818/2818/2818 
f 2897/2897/2897 2818/2818/2818 2817/2817/2817 
f 2899/2899/2899 2900/2900/2900 2901/2901/2901 
f 2899/2899/2899 2901/2901/2901 2902/2902/2902 
f 2903/2903/2903 2904/2904/2904 2905/2905/2905 
f 2903/2903/2903 2905/2905/2905 2906/2906/2906 
f 2907/2907/2907 2908/2908/2908 2909/2909/2909 
f 2907/2907/2907 2909/2909/2909 2910/2910/2910 
f 2911/2911/2911 2912/2912/2912 2913/2913/2913 
f 2911/2911/2911 2913/2913/2913 2914/2914/2914 
f 2915/2915/2915 2916/2916/2916 2917/2917/2917 
f 2915/2915/2915 2917/2917/2917 2918/2918/2918 
f 2919/2919/2919 2920/2920/2920 2921/2921/2921 
f 2919/2919/2919 2921/2921/2921 2922/2922/2922 
f 2923/2923/2923 2924/2924/2924 2915/2915/2915 
f 2923/2923/2923 2915/2915/2915 2918/2918/2918 
f 2925/2925/2925 2926/2926/2926 2927/2927/2927 
f 2925/2925/2925 2927/2927/2927 2928/2928/2928 
f 2929/2929/2929 2930/2930/2930 2931/2931/2931 
f 2929/2929/2929 2931/2931/2931 2932/2932/2932 
f 2933/2933/2933 2934/2934/2934 2935/2935/2935 
f 2936/2936/2936 2937/2937/2937 2938/2938/2938 
f 2939/2939/2939 2940/2940/2940 2941/2941/2941 
f 2939/2939/2939 2941/2941/2941 2942/2942/2942 
f 2943/2943/2943 2944/2944/2944 2945/2945/2945 
f 2943/2943/2943 2945/2945/2945 2946/2946/2946 
f 2947/2947/2947 2948/2948/2948 2949/2949/2949 
f 2947/2947/2947 2949/2949/2949 2950/2950/2950 
f 2951/2951/2951 2952/2952/2952 2953/2953/2953 
f 2951/2951/2951 2953/2953/2953 2954/2954/2954 
f 2955/2955/2955 2956/2956/2956 2957/2957/2957 
f 2955/2955/2955 2957/2957/2957 2958/2958/2958 
f 2959/2959/2959 2960/2960/2960 2961/2961/2961 
f 2959/2959/2959 2961/2961/2961 2962/2962/2962 
f 2963/2963/2963 2964/2964/2964 2965/2965/2965 
f 2963/2963/2963 2965/2965/2965 2966/2966/2966 
f 2967/2967/2967 2968/2968/2968 2969/2969/2969 
f 2967/2967/2967 2969/2969/2969 2970/2970/2970 
f 2971/2971/2971 2972/2972/2972 2973/2973/2973 
f 2971/2971/2971 2973/2973/2973 2974/2974/2974 
f 2975/2975/2975 2976/2976/2976 2977/2977/2977 
f 2975/2975/2975 2977/2977/2977 2978/2978/2978 
f 2976/2976/2976 2979/2979/2979 2980/2980/2980 
f 2976/2976/2976 2980/2980/2980 2977/2977/2977 
f 2979/2979/2979 2981/2981/2981 2982/2982/2982 
f 2979/2979/2979 2982/2982/2982 2980/2980/2980 
f 2983/2983/2983 2984/2984/2984 2985/2985/2985 
f 2983/2983/2983 2985/2985/2985 2986/2986/2986 
f 2984/2984/2984 2987/2987/2987 2988/2988/2988 
f 2984/2984/2984 2988/2988/2988 2985/2985/2985 
f 2987/2987/2987 2989/2989/2989 2990/2990/2990 
f 2987/2987/2987 2990/2990/2990 2988/2988/2988 
f 2989/2989/2989 2991/2991/2991 2992/2992/2992 
f 2989/2989/2989 2992/2992/2992 2990/2990/2990 
f 2991/2991/2991 2975/2975/2975 2978/2978/2978 
f 2991/2991/2991 2978/2978/2978 2992/2992/2992 
f 2993/2993/2993 2994/2994/2994 2995/2995/2995 
f 2996/2996/2996 2993/2993/2993 2995/2995/2995 
f 2997/2997/2997 2996/2996/2996 2995/2995/2995 
f 2998/2998/2998 2999/2999/2999 2995/2995/2995 
f 3000/3000/3000 2998/2998/2998 2995/2995/2995 
f 3001/3001/3001 3000/3000/3000 2995/2995/2995 
f 3002/3002/3002 3001/3001/3001 2995/2995/2995 
f 2994/2994/2994 3002/3002/3002 2995/2995/2995 
f 3003/3003/3003 3004/3004/3004 3005/3005/3005 
f 3004/3004/3004 3006/3006/3006 3005/3005/3005 
f 3007/3007/3007 3008/3008/3008 3009/3009/3009 
f 3010/3010/3010 3011/3011/3011 3005/3005/3005 
f 3011/3011/3011 3012/3012/3012 3005/3005/3005 
f 3012/3012/3012 3013/3013/3013 3005/3005/3005 
f 3013/3013/3013 3014/3014/3014 3005/3005/3005 
f 3014/3014/3014 3003/3003/3003 3005/3005/3005 
f 3015/3015/3015 3016/3016/3016 3017/3017/3017 
f 3015/3015/3015 3017/3017/3017 3018/3018/3018 
f 3019/3019/3019 3015/3015/3015 3018/3018/3018 
f 3019/3019/3019 3018/3018/3018 3020/3020/3020 
f 3021/3021/3021 3019/3019/3019 3020/3020/3020 
f 3021/3021/3021 3020/3020/3020 3022/3022/3022 
f 3023/3023/3023 3024/3024/3024 3025/3025/3025 
f 3023/3023/3023 3025/3025/3025 3026/3026/3026 
f 3027/3027/3027 3023/3023/3023 3026/3026/3026 
f 3027/3027/3027 3026/3026/3026 3028/3028/3028 
f 3029/3029/3029 3027/3027/3027 3028/3028/3028 
f 3029/3029/3029 3028/3028/3028 3030/3030/3030 
f 3031/3031/3031 3029/3029/3029 3030/3030/3030 
f 3031/3031/3031 3030/3030/3030 3032/3032/3032 
f 3016/3016/3016 3031/3031/3031 3032/3032/3032 
f 3016/3016/3016 3032/3032/3032 3017/3017/3017 
f 3033/3033/3033 3034/3034/3034 3035/3035/3035 
f 3033/3033/3033 3035/3035/3035 3036/3036/3036 
f 3034/3034/3034 3037/3037/3037 3038/3038/3038 
f 3034/3034/3034 3038/3038/3038 3035/3035/3035 
f 3037/3037/3037 2966/2966/2966 2965/2965/2965 
f 3037/3037/3037 2965/2965/2965 3038/3038/3038 
f 2961/2961/2961 3039/3039/3039 3040/3040/3040 
f 2961/2961/2961 3040/3040/3040 2962/2962/2962 
f 3039/3039/3039 3041/3041/3041 3042/3042/3042 
f 3039/3039/3039 3042/3042/3042 3040/3040/3040 
f 3041/3041/3041 3043/3043/3043 3044/3044/3044 
f 3041/3041/3041 3044/3044/3044 3042/3042/3042 
f 3043/3043/3043 3045/3045/3045 3046/3046/3046 
f 3043/3043/3043 3046/3046/3046 3044/3044/3044 
f 3045/3045/3045 3033/3033/3033 3036/3036/3036 
f 3045/3045/3045 3036/3036/3036 3046/3046/3046 
f 3047/3047/3047 3048/3048/3048 3049/3049/3049 
f 3050/3050/3050 3051/3051/3051 3052/3052/3052 
f 3053/3053/3053 3054/3054/3054 3055/3055/3055 
f 3053/3053/3053 3055/3055/3055 3056/3056/3056 
f 3057/3057/3057 3058/3058/3058 3059/3059/3059 
f 3057/3057/3057 3059/3059/3059 3060/3060/3060 
f 3061/3061/3061 2839/2839/2839 2842/2842/2842 
f 3061/3061/3061 2842/2842/2842 3062/3062/3062 
f 3063/3063/3063 3064/3064/3064 3065/3065/3065 
f 3063/3063/3063 3065/3065/3065 3066/3066/3066 
f 3067/3067/3067 2919/2919/2919 2922/2922/2922 
f 3067/3067/3067 2922/2922/2922 3068/3068/3068 
f 3069/3069/3069 3070/3070/3070 3071/3071/3071 
f 3069/3069/3069 3071/3071/3071 3072/3072/3072 
f 3073/3073/3073 2847/2847/2847 2850/2850/2850 
f 3073/3073/3073 2850/2850/2850 3074/3074/3074 
f 3075/3075/3075 3076/3076/3076 3077/3077/3077 
f 3075/3075/3075 3077/3077/3077 3078/3078/3078 
f 3079/3079/3079 3053/3053/3053 3056/3056/3056 
f 3079/3079/3079 3056/3056/3056 3080/3080/3080 
f 3081/3081/3081 3057/3057/3057 3060/3060/3060 
f 3081/3081/3081 3060/3060/3060 3082/3082/3082 
f 3083/3083/3083 3061/3061/3061 3062/3062/3062 
f 3083/3083/3083 3062/3062/3062 3084/3084/3084 
f 3085/3085/3085 3063/3063/3063 3066/3066/3066 
f 3085/3085/3085 3066/3066/3066 3086/3086/3086 
f 3087/3087/3087 3067/3067/3067 3068/3068/3068 
f 3087/3087/3087 3068/3068/3068 3088/3088/3088 
f 3089/3089/3089 3069/3069/3069 3072/3072/3072 
f 3089/3089/3089 3072/3072/3072 3090/3090/3090 
f 3091/3091/3091 3073/3073/3073 3074/3074/3074 
f 3091/3091/3091 3074/3074/3074 3092/3092/3092 
f 3093/3093/3093 3076/3076/3076 3075/3075/3075 
f 3093/3093/3093 3075/3075/3075 3094/3094/3094 
f 3095/3095/3095 3096/3096/3096 3097/3097/3097 
f 3095/3095/3095 3097/3097/3097 3098/3098/3098 
f 3096/3096/3096 3099/3099/3099 3100/3100/3100 
f 3096/3096/3096 3100/3100/3100 3097/3097/3097 
f 3099/3099/3099 3101/3101/3101 3102/3102/3102 
f 3099/3099/3099 3102/3102/3102 3100/3100/3100 
f 3101/3101/3101 3103/3103/3103 3104/3104/3104 
f 3101/3101/3101 3104/3104/3104 3102/3102/3102 
f 3105/3105/3105 3106/3106/3106 3107/3107/3107 
f 3105/3105/3105 3107/3107/3107 3108/3108/3108 
f 3106/3106/3106 3109/3109/3109 3110/3110/3110 
f 3106/3106/3106 3110/3110/3110 3107/3107/3107 
f 3109/3109/3109 3111/3111/3111 3112/3112/3112 
f 3109/3109/3109 3112/3112/3112 3110/3110/3110 
f 3111/3111/3111 3113/3113/3113 3114/3114/3114 
f 3111/3111/3111 3114/3114/3114 3112/3112/3112 
f 3115/3115/3115 3116/3116/3116 3117/3117/3117 
f 3115/3115/3115 3117/3117/3117 3118/3118/3118 
f 3116/3116/3116 3119/3119/3119 3120/3120/3120 
f 3116/3116/3116 3120/3120/3120 3117/3117/3117 
f 3119/3119/3119 3121/3121/3121 3122/3122/3122 
f 3119/3119/3119 3122/3122/3122 3120/3120/3120 
f 3121/3121/3121 3123/3123/3123 3124/3124/3124 
f 3121/3121/3121 3124/3124/3124 3122/3122/3122 
f 3125/3125/3125 3126/3126/3126 3127/3127/3127 
f 3128/3128/3128 3125/3125/3125 3127/3127/3127 
f 3129/3129/3129 3128/3128/3128 3127/3127/3127 
f 3130/3130/3130 3129/3129/3129 3127/3127/3127 
f 3131/3131/3131 3132/3132/3132 3113/3113/3113 
f 3131/3131/3131 3113/3113/3113 3111/3111/3111 
f 3133/3133/3133 3131/3131/3131 3111/3111/3111 
f 3133/3133/3133 3111/3111/3111 3109/3109/3109 
f 3134/3134/3134 3133/3133/3133 3109/3109/3109 
f 3134/3134/3134 3109/3109/3109 3106/3106/3106 
f 3135/3135/3135 3134/3134/3134 3106/3106/3106 
f 3135/3135/3135 3106/3106/3106 3105/3105/3105 
f 3136/3136/3136 3137/3137/3137 3138/3138/3138 
f 3136/3136/3136 3138/3138/3138 3139/3139/3139 
f 3140/3140/3140 3141/3141/3141 3142/3142/3142 
f 3140/3140/3140 3142/3142/3142 3143/3143/3143 
f 3144/3144/3144 3145/3145/3145 3146/3146/3146 
f 3144/3144/3144 3146/3146/3146 3147/3147/3147 
f 3148/3148/3148 3136/3136/3136 3139/3139/3139 
f 3148/3148/3148 3139/3139/3139 3149/3149/3149 
f 3150/3150/3150 3140/3140/3140 3143/3143/3143 
f 3150/3150/3150 3143/3143/3143 3151/3151/3151 
f 3122/3122/3122 3124/3124/3124 3152/3152/3152 
f 3122/3122/3122 3152/3152/3152 3153/3153/3153 
f 3120/3120/3120 3122/3122/3122 3153/3153/3153 
f 3120/3120/3120 3153/3153/3153 3154/3154/3154 
f 3117/3117/3117 3120/3120/3120 3154/3154/3154 
f 3117/3117/3117 3154/3154/3154 3155/3155/3155 
f 3118/3118/3118 3117/3117/3117 3155/3155/3155 
f 3118/3118/3118 3155/3155/3155 3156/3156/3156 
f 3146/3146/3146 3145/3145/3145 3157/3157/3157 
f 3146/3146/3146 3157/3157/3157 3158/3158/3158 
f 3112/3112/3112 3114/3114/3114 3123/3123/3123 
f 3112/3112/3112 3123/3123/3123 3121/3121/3121 
f 3110/3110/3110 3112/3112/3112 3121/3121/3121 
f 3110/3110/3110 3121/3121/3121 3119/3119/3119 
f 3107/3107/3107 3110/3110/3110 3119/3119/3119 
f 3107/3107/3107 3119/3119/3119 3116/3116/3116 
f 3108/3108/3108 3107/3107/3107 3116/3116/3116 
f 3108/3108/3108 3116/3116/3116 3115/3115/3115 
f 3142/3142/3142 3141/3141/3141 3144/3144/3144 
f 3142/3142/3142 3144/3144/3144 3147/3147/3147 
f 3159/3159/3159 3160/3160/3160 3161/3161/3161 
f 3159/3159/3159 3161/3161/3161 3162/3162/3162 
f 3162/3162/3162 3161/3161/3161 3163/3163/3163 
f 3162/3162/3162 3163/3163/3163 3164/3164/3164 
f 3164/3164/3164 3163/3163/3163 3165/3165/3165 
f 3164/3164/3164 3165/3165/3165 3166/3166/3166 
f 3166/3166/3166 3165/3165/3165 3167/3167/3167 
f 3166/3166/3166 3167/3167/3167 3168/3168/3168 
f 3169/3169/3169 3170/3170/3170 3171/3171/3171 
f 3169/3169/3169 3171/3171/3171 3172/3172/3172 
f 3172/3172/3172 3171/3171/3171 3173/3173/3173 
f 3172/3172/3172 3173/3173/3173 3174/3174/3174 
f 3174/3174/3174 3173/3173/3173 3175/3175/3175 
f 3174/3174/3174 3175/3175/3175 3176/3176/3176 
f 3176/3176/3176 3175/3175/3175 3177/3177/3177 
f 3176/3176/3176 3177/3177/3177 3178/3178/3178 
f 3179/3179/3179 3180/3180/3180 3181/3181/3181 
f 3179/3179/3179 3181/3181/3181 3182/3182/3182 
f 3182/3182/3182 3181/3181/3181 3183/3183/3183 
f 3182/3182/3182 3183/3183/3183 3184/3184/3184 
f 3184/3184/3184 3183/3183/3183 3185/3185/3185 
f 3184/3184/3184 3185/3185/3185 3186/3186/3186 
f 3186/3186/3186 3185/3185/3185 3187/3187/3187 
f 3186/3186/3186 3187/3187/3187 3188/3188/3188 
f 3189/3189/3189 3190/3190/3190 3191/3191/3191 
f 3192/3192/3192 3190/3190/3190 3189/3189/3189 
f 3193/3193/3193 3190/3190/3190 3192/3192/3192 
f 3194/3194/3194 3190/3190/3190 3193/3193/3193 
f 3195/3195/3195 3176/3176/3176 3178/3178/3178 
f 3195/3195/3195 3178/3178/3178 3196/3196/3196 
f 3197/3197/3197 3174/3174/3174 3176/3176/3176 
f 3197/3197/3197 3176/3176/3176 3195/3195/3195 
f 3198/3198/3198 3172/3172/3172 3174/3174/3174 
f 3198/3198/3198 3174/3174/3174 3197/3197/3197 
f 3199/3199/3199 3169/3169/3169 3172/3172/3172 
f 3199/3199/3199 3172/3172/3172 3198/3198/3198 
f 3200/3200/3200 3201/3201/3201 3202/3202/3202 
f 3200/3200/3200 3202/3202/3202 3203/3203/3203 
f 3204/3204/3204 3205/3205/3205 3206/3206/3206 
f 3204/3204/3204 3206/3206/3206 3207/3207/3207 
f 3208/3208/3208 3209/3209/3209 3210/3210/3210 
f 3208/3208/3208 3210/3210/3210 3211/3211/3211 
f 3212/3212/3212 3213/3213/3213 3201/3201/3201 
f 3212/3212/3212 3201/3201/3201 3200/3200/3200 
f 3214/3214/3214 3215/3215/3215 3205/3205/3205 
f 3214/3214/3214 3205/3205/3205 3204/3204/3204 
f 3185/3185/3185 3153/3153/3153 3152/3152/3152 
f 3185/3185/3185 3152/3152/3152 3187/3187/3187 
f 3183/3183/3183 3154/3154/3154 3153/3153/3153 
f 3183/3183/3183 3153/3153/3153 3185/3185/3185 
f 3181/3181/3181 3155/3155/3155 3154/3154/3154 
f 3181/3181/3181 3154/3154/3154 3183/3183/3183 
f 3180/3180/3180 3156/3156/3156 3155/3155/3155 
f 3180/3180/3180 3155/3155/3155 3181/3181/3181 
f 3210/3210/3210 3158/3158/3158 3157/3157/3157 
f 3210/3210/3210 3157/3157/3157 3211/3211/3211 
f 3175/3175/3175 3186/3186/3186 3188/3188/3188 
f 3175/3175/3175 3188/3188/3188 3177/3177/3177 
f 3173/3173/3173 3184/3184/3184 3186/3186/3186 
f 3173/3173/3173 3186/3186/3186 3175/3175/3175 
f 3171/3171/3171 3182/3182/3182 3184/3184/3184 
f 3171/3171/3171 3184/3184/3184 3173/3173/3173 
f 3170/3170/3170 3179/3179/3179 3182/3182/3182 
f 3170/3170/3170 3182/3182/3182 3171/3171/3171 
f 3206/3206/3206 3209/3209/3209 3208/3208/3208 
f 3206/3206/3206 3208/3208/3208 3207/3207/3207 
f 3216/3216/3216 3217/3217/3217 3218/3218/3218 
f 3219/3219/3219 3220/3220/3220 3218/3218/3218 
f 3221/3221/3221 3222/3222/3222 3218/3218/3218 
f 3223/3223/3223 3216/3216/3216 3218/3218/3218 
f 3217/3217/3217 3219/3219/3219 3218/3218/3218 
f 3222/3222/3222 3224/3224/3224 3218/3218/3218 
f 3220/3220/3220 3221/3221/3221 3218/3218/3218 
f 3225/3225/3225 3226/3226/3226 3218/3218/3218 
f 3227/3227/3227 3228/3228/3228 3218/3218/3218 
f 3229/3229/3229 3230/3230/3230 3218/3218/3218 
f 3226/3226/3226 3231/3231/3231 3218/3218/3218 
f 3228/3228/3228 3225/3225/3225 3218/3218/3218 
f 3224/3224/3224 3229/3229/3229 3218/3218/3218 
f 3230/3230/3230 3227/3227/3227 3218/3218/3218 

g Cleetus5

v 72.7135 2.01109 -11.5221 
v 72.7135 2.28519 -11.5221 
v 72.7966 2.28519 -11.5221 
v 72.7966 2.01109 -11.5221 
v 72.8357 2.01109 -10.5174 
v 72.8361 2.01119 -11.4898 
v 72.8356 2.28519 -11.49 
v 72.8358 2.28519 -10.5174 
v 72.288 2.01109 -10.4847 
v 72.288 2.28529 -10.4847 
v 72 2.28529 -10.4847 
v 72 2.01109 -10.4847 
v 72.7966 2.01109 -11.5221 
v 72.7966 2.28519 -11.5221 
v 72.8356 2.28519 -11.49 
v 72.8361 2.01119 -11.4898 
v 72.8357 2.01109 -10.5174 
v 72.8358 2.28519 -10.5174 
v 72.7965 2.28519 -10.4848 
v 72.7965 2.01109 -10.4848 
v 72.525 2.28529 -11.5221 
v 72.525 2.01109 -11.5221 
v 72.288 2.01109 -11.5221 
v 72.288 2.28529 -11.5221 
v 72.7134 2.28529 -10.4847 
v 72.7134 2.01109 -10.4847 
v 72.7965 2.01109 -10.4848 
v 72.7965 2.28519 -10.4848 
v 72.525 2.28529 -10.4847 
v 72.525 2.01109 -10.4847 
v 72 2.01109 -11.5221 
v 72 2.28529 -11.5221 
v 72.7135 2.35679 -11.4983 
v 72.7696 2.35679 -11.4983 
v 72.8075 2.35679 -11.4662 
v 72.8075 2.35679 -10.5683 
v 72.8358 2.28519 -10.5174 
v 72.8356 2.28519 -11.49 
v 72.288 2.35679 -10.5337 
v 72 2.35679 -10.5337 
v 72 2.28529 -10.4847 
v 72.288 2.28529 -10.4847 
v 72.7696 2.35679 -11.4983 
v 72.8075 2.35679 -11.4662 
v 72.8356 2.28519 -11.49 
v 72.7966 2.28519 -11.5221 
v 72.8075 2.35679 -10.5683 
v 72.7696 2.35679 -10.5337 
v 72.7965 2.28519 -10.4848 
v 72.8358 2.28519 -10.5174 
v 72.288 2.35679 -11.4983 
v 72.525 2.35679 -11.4983 
v 72.7696 2.35679 -10.5337 
v 72.7134 2.35679 -10.5337 
v 72.7134 2.28529 -10.4847 
v 72.7965 2.28519 -10.4848 
v 72.525 2.35679 -10.5337 
v 72.525 2.28529 -10.4847 
v 72 2.35679 -11.4983 
v 71.2865 2.01109 -11.5221 
v 71.2034 2.01109 -11.5221 
v 71.2034 2.28519 -11.5221 
v 71.2865 2.28519 -11.5221 
v 71.1643 2.01109 -10.5174 
v 71.1642 2.28519 -10.5174 
v 71.1644 2.28519 -11.49 
v 71.1639 2.01119 -11.4898 
v 71.712 2.01109 -10.4847 
v 71.712 2.28529 -10.4847 
v 71.2034 2.01109 -11.5221 
v 71.1639 2.01119 -11.4898 
v 71.1644 2.28519 -11.49 
v 71.2034 2.28519 -11.5221 
v 71.1643 2.01109 -10.5174 
v 71.2035 2.01109 -10.4848 
v 71.2035 2.28519 -10.4848 
v 71.1642 2.28519 -10.5174 
v 71.475 2.28529 -11.5221 
v 71.712 2.28529 -11.5221 
v 71.712 2.01109 -11.5221 
v 71.475 2.01109 -11.5221 
v 71.2866 2.28529 -10.4847 
v 71.2035 2.28519 -10.4848 
v 71.2035 2.01109 -10.4848 
v 71.2866 2.01109 -10.4847 
v 71.475 2.28529 -10.4847 
v 71.475 2.01109 -10.4847 
v 71.2865 2.35679 -11.4983 
v 71.2304 2.35679 -11.4983 
v 71.1925 2.35679 -11.4662 
v 71.1644 2.28519 -11.49 
v 71.1642 2.28519 -10.5174 
v 71.1925 2.35679 -10.5683 
v 71.712 2.35679 -10.5337 
v 71.712 2.28529 -10.4847 
v 71.2304 2.35679 -11.4983 
v 71.2034 2.28519 -11.5221 
v 71.1644 2.28519 -11.49 
v 71.1925 2.35679 -11.4662 
v 71.1925 2.35679 -10.5683 
v 71.1642 2.28519 -10.5174 
v 71.2035 2.28519 -10.4848 
v 71.2304 2.35679 -10.5337 
v 71.712 2.35679 -11.4983 
v 71.475 2.35679 -11.4983 
v 71.2304 2.35679 -10.5337 
v 71.2035 2.28519 -10.4848 
v 71.2866 2.28529 -10.4847 
v 71.2866 2.35679 -10.5337 
v 71.475 2.28529 -10.4847 
v 71.475 2.35679 -10.5337 
v 72 2.81009 -11.4983 
v 72.288 2.81009 -11.4983 
v 72.8075 2.35679 -10.5683 
v 72.8075 2.35679 -11.4662 
v 72.8075 2.67909 -11.4662 
v 72.8075 2.67909 -10.5683 
v 72.7134 2.35679 -10.5337 
v 72.7696 2.35679 -10.5337 
v 72.7696 2.69419 -10.5337 
v 72.7134 2.69419 -10.5337 
v 72.7696 2.35679 -10.5337 
v 72.8075 2.35679 -10.5683 
v 72.8075 2.67909 -10.5683 
v 72.7696 2.69419 -10.5337 
v 72.8075 2.35679 -11.4662 
v 72.7696 2.35679 -11.4983 
v 72.7696 2.78099 -11.4983 
v 72.8075 2.67909 -11.4662 
v 72.7135 2.79699 -11.4983 
v 72.7696 2.78099 -11.4983 
v 72.288 2.35679 -10.5337 
v 72.525 2.35679 -10.5337 
v 72.525 2.69419 -10.5337 
v 72.288 2.69419 -10.5337 
v 72.525 2.81009 -11.4983 
v 72 2.35679 -10.5337 
v 72 2.69419 -10.5337 
v 71.712 2.81009 -11.4983 
v 71.1925 2.35679 -11.4662 
v 71.1925 2.35679 -10.5683 
v 71.1925 2.67909 -10.5683 
v 71.1925 2.67909 -11.4662 
v 71.2304 2.35679 -10.5337 
v 71.2866 2.35679 -10.5337 
v 71.2866 2.69419 -10.5337 
v 71.2304 2.69419 -10.5337 
v 71.1925 2.35679 -10.5683 
v 71.2304 2.35679 -10.5337 
v 71.2304 2.69419 -10.5337 
v 71.1925 2.67909 -10.5683 
v 71.2304 2.35679 -11.4983 
v 71.1925 2.35679 -11.4662 
v 71.1925 2.67909 -11.4662 
v 71.2304 2.78099 -11.4983 
v 71.2304 2.78099 -11.4983 
v 71.2865 2.79699 -11.4983 
v 71.475 2.35679 -10.5337 
v 71.712 2.35679 -10.5337 
v 71.712 2.69419 -10.5337 
v 71.475 2.69419 -10.5337 
v 71.475 2.81009 -11.4983 
v 72.288 2.81009 -11.4983 
v 72 2.81009 -11.4983 
v 72 2.88359 -11.5489 
v 72.2879 2.88359 -11.5489 
v 72.8075 2.67909 -10.5683 
v 72.8075 2.67909 -11.4662 
v 72.9195 2.81919 -11.5168 
v 72.9195 2.81909 -10.5407 
v 72.8811 2.81909 -10.5061 
v 72.7133 2.81909 -10.5061 
v 72.7696 2.69419 -10.5337 
v 72.8075 2.67909 -10.5683 
v 72.9195 2.81909 -10.5407 
v 72.8811 2.81909 -10.5061 
v 72.8075 2.67909 -11.4662 
v 72.7696 2.78099 -11.4983 
v 72.8811 2.85889 -11.5489 
v 72.9195 2.81919 -11.5168 
v 72.7135 2.79699 -11.4983 
v 72.7133 2.87589 -11.5489 
v 72.525 2.81909 -10.5061 
v 72.288 2.81909 -10.5061 
v 72.525 2.81009 -11.4983 
v 72.525 2.88049 -11.5489 
v 72 2.81909 -10.5061 
v 71.712 2.81009 -11.4983 
v 71.7121 2.88359 -11.5489 
v 71.1925 2.67909 -11.4662 
v 71.1925 2.67909 -10.5683 
v 71.0805 2.81909 -10.5407 
v 71.0805 2.81919 -11.5168 
v 71.2867 2.81909 -10.5061 
v 71.1189 2.81909 -10.5061 
v 71.1925 2.67909 -10.5683 
v 71.2304 2.69419 -10.5337 
v 71.1189 2.81909 -10.5061 
v 71.0805 2.81909 -10.5407 
v 71.2304 2.78099 -11.4983 
v 71.1925 2.67909 -11.4662 
v 71.0805 2.81919 -11.5168 
v 71.1189 2.85889 -11.5489 
v 71.2865 2.79699 -11.4983 
v 71.2304 2.78099 -11.4983 
v 71.2867 2.87589 -11.5489 
v 71.712 2.81909 -10.5061 
v 71.475 2.81909 -10.5061 
v 71.475 2.81009 -11.4983 
v 71.475 2.88049 -11.5489 
v 72.2879 2.88359 -11.5489 
v 72 2.88359 -11.5489 
v 72 3.05699 -11.5756 
v 72.2879 3.05699 -11.5756 
v 72.9195 2.81909 -10.5407 
v 72.9195 2.81919 -11.5168 
v 72.9195 3.02489 -11.5435 
v 72.9195 3.02489 -10.5407 
v 72.8811 3.02489 -10.5061 
v 72.7133 3.02489 -10.5061 
v 72.8811 2.81909 -10.5061 
v 72.9195 2.81909 -10.5407 
v 72.9195 3.02489 -10.5407 
v 72.8811 3.02489 -10.5061 
v 72.9195 2.81919 -11.5168 
v 72.8811 2.85889 -11.5489 
v 72.8811 3.04469 -11.5756 
v 72.9195 3.02489 -11.5435 
v 72.8811 2.85889 -11.5489 
v 72.7133 2.87589 -11.5489 
v 72.7133 3.05309 -11.5756 
v 72.8811 3.04469 -11.5756 
v 72.525 3.02489 -10.5061 
v 72.288 3.02489 -10.5061 
v 72.525 2.88049 -11.5489 
v 72.525 3.05539 -11.5756 
v 72 3.02489 -10.5061 
v 71.7121 2.88359 -11.5489 
v 71.7121 3.05699 -11.5756 
v 71.0805 2.81919 -11.5168 
v 71.0805 2.81909 -10.5407 
v 71.0805 3.02489 -10.5407 
v 71.0805 3.02489 -11.5435 
v 71.2867 3.02489 -10.5061 
v 71.1189 3.02489 -10.5061 
v 71.0805 2.81909 -10.5407 
v 71.1189 2.81909 -10.5061 
v 71.1189 3.02489 -10.5061 
v 71.0805 3.02489 -10.5407 
v 71.1189 2.85889 -11.5489 
v 71.0805 2.81919 -11.5168 
v 71.0805 3.02489 -11.5435 
v 71.1189 3.04469 -11.5756 
v 71.2867 2.87589 -11.5489 
v 71.1189 2.85889 -11.5489 
v 71.1189 3.04469 -11.5756 
v 71.2867 3.05309 -11.5756 
v 71.712 3.02489 -10.5061 
v 71.475 3.02489 -10.5061 
v 71.475 2.88049 -11.5489 
v 71.475 3.05539 -11.5756 
v 71.1189 3.50169 -11.5489 
v 71.0805 3.50169 -11.5168 
v 71.0805 3.60489 -11.4653 
v 71.1189 3.62079 -11.4932 
v 71.2867 3.53489 -11.5489 
v 71.1189 3.50169 -11.5489 
v 71.1189 3.62079 -11.4932 
v 71.2867 3.65399 -11.4932 
v 71.475 3.55649 -11.5489 
v 71.475 3.67559 -11.4932 
v 71.7121 3.56629 -11.5489 
v 71.7121 3.68539 -11.4932 
v 72 3.56629 -11.5489 
v 72 3.68539 -11.4932 
v 72.2879 3.56629 -11.5489 
v 72.2879 3.68539 -11.4932 
v 72.525 3.55649 -11.5489 
v 72.525 3.67559 -11.4932 
v 72.7133 3.53489 -11.5489 
v 72.7133 3.65399 -11.4932 
v 72.8811 3.50169 -11.5489 
v 72.8811 3.62079 -11.4932 
v 72.9195 3.50169 -11.5168 
v 72.8811 3.50169 -11.5489 
v 72.8811 3.62079 -11.4932 
v 72.9195 3.60489 -11.4653 
v 72.9195 3.54229 -10.5407 
v 72.9195 3.50169 -11.5168 
v 72.9195 3.60489 -11.4653 
v 72.9195 3.66579 -10.5517 
v 72.8811 3.54229 -10.5061 
v 72.9195 3.54229 -10.5407 
v 72.9195 3.66579 -10.5517 
v 72.8811 3.66579 -10.517 
v 72.7133 3.57559 -10.5061 
v 72.8811 3.54229 -10.5061 
v 72.8811 3.66579 -10.517 
v 72.7133 3.69899 -10.517 
v 72.525 3.59709 -10.5061 
v 72.525 3.72059 -10.517 
v 72.288 3.60689 -10.5061 
v 72.288 3.73039 -10.517 
v 72 3.60689 -10.5061 
v 72 3.73039 -10.517 
v 71.712 3.60689 -10.5061 
v 71.712 3.73039 -10.517 
v 71.475 3.59709 -10.5061 
v 71.475 3.72059 -10.517 
v 71.2867 3.57559 -10.5061 
v 71.2867 3.69899 -10.517 
v 71.1189 3.54229 -10.5061 
v 71.1189 3.66579 -10.517 
v 71.0805 3.54229 -10.5407 
v 71.1189 3.54229 -10.5061 
v 71.1189 3.66579 -10.517 
v 71.0805 3.66579 -10.5517 
v 71.0805 3.50169 -11.5168 
v 71.0805 3.54229 -10.5407 
v 71.0805 3.66579 -10.5517 
v 71.0805 3.60489 -11.4653 
v 72 3.79699 -11.4126 
v 72.2879 3.79699 -11.4126 
v 72.9195 3.70799 -11.3918 
v 72.9195 3.74219 -10.5819 
v 72.8811 3.75319 -10.5473 
v 72.7133 3.78649 -10.5473 
v 72.9195 3.74219 -10.5819 
v 72.8811 3.75319 -10.5473 
v 72.8811 3.73239 -11.4126 
v 72.9195 3.70799 -11.3918 
v 72.7133 3.76559 -11.4126 
v 72.8811 3.73239 -11.4126 
v 72.525 3.80799 -10.5473 
v 72.288 3.81779 -10.5473 
v 72.525 3.78719 -11.4126 
v 72 3.81779 -10.5473 
v 71.7121 3.79699 -11.4126 
v 71.0805 3.74219 -10.5819 
v 71.0805 3.70799 -11.3918 
v 71.2867 3.78649 -10.5473 
v 71.1189 3.75319 -10.5473 
v 71.1189 3.75319 -10.5473 
v 71.0805 3.74219 -10.5819 
v 71.0805 3.70799 -11.3918 
v 71.1189 3.73239 -11.4126 
v 71.1189 3.73239 -11.4126 
v 71.2867 3.76559 -11.4126 
v 71.712 3.81779 -10.5473 
v 71.475 3.80799 -10.5473 
v 71.475 3.78719 -11.4126 
v 72 3.87829 -11.3002 
v 72.2879 3.87829 -11.3002 
v 72.9195 3.78889 -11.2806 
v 72.9195 3.78889 -10.6251 
v 72.7133 3.78649 -10.5473 
v 72.8811 3.75319 -10.5473 
v 72.8811 3.81369 -10.6011 
v 72.7133 3.84689 -10.6011 
v 72.9195 3.78889 -10.6251 
v 72.8811 3.81369 -10.6011 
v 72.8811 3.81379 -11.3002 
v 72.9195 3.78889 -11.2806 
v 72.7133 3.84699 -11.3002 
v 72.8811 3.81379 -11.3002 
v 72.288 3.81779 -10.5473 
v 72.525 3.80799 -10.5473 
v 72.525 3.86849 -10.6011 
v 72.288 3.87819 -10.6011 
v 72.525 3.86849 -11.3002 
v 72 3.81779 -10.5473 
v 72 3.87819 -10.6011 
v 71.7121 3.87829 -11.3002 
v 71.0805 3.78889 -10.6251 
v 71.0805 3.78889 -11.2806 
v 71.1189 3.75319 -10.5473 
v 71.2867 3.78649 -10.5473 
v 71.2867 3.84689 -10.6011 
v 71.1189 3.81369 -10.6011 
v 71.1189 3.81369 -10.6011 
v 71.0805 3.78889 -10.6251 
v 71.0805 3.78889 -11.2806 
v 71.1189 3.81379 -11.3002 
v 71.1189 3.81379 -11.3002 
v 71.2867 3.84699 -11.3002 
v 71.475 3.80799 -10.5473 
v 71.712 3.81779 -10.5473 
v 71.712 3.87819 -10.6011 
v 71.475 3.86849 -10.6011 
v 71.475 3.86849 -11.3002 
v 71.1189 3.81379 -11.3002 
v 71.0805 3.78889 -11.2806 
v 71.0805 3.78889 -10.6251 
v 71.1189 3.81369 -10.6011 
v 72.9195 3.78889 -11.2806 
v 72.8811 3.81379 -11.3002 
v 72.8811 3.81369 -10.6011 
v 72.9195 3.78889 -10.6251 
v 72.8811 3.81379 -11.3002 
v 72.7133 3.84699 -11.3002 
v 72.7133 3.84689 -10.6011 
v 72.8811 3.81369 -10.6011 
v 72.525 3.86849 -11.3002 
v 72.525 3.86849 -10.6011 
v 72.2879 3.87829 -11.3002 
v 72.288 3.87819 -10.6011 
v 72 3.87829 -11.3002 
v 72 3.87819 -10.6011 
v 71.7121 3.87829 -11.3002 
v 71.712 3.87819 -10.6011 
v 71.475 3.86849 -11.3002 
v 71.475 3.86849 -10.6011 
v 71.2867 3.84699 -11.3002 
v 71.2867 3.84689 -10.6011 
v 71.1189 3.81369 -10.6011 
v 71.1189 3.81379 -11.3002 
v 71.1189 3.22879 -11.5794 
v 71.0805 3.22879 -11.5473 
v 71.0805 3.36989 -11.5384 
v 71.1189 3.36989 -11.5705 
v 71.2867 3.22879 -11.5794 
v 71.1189 3.22879 -11.5794 
v 71.1189 3.36989 -11.5705 
v 71.2867 3.38709 -11.5705 
v 71.475 3.22879 -11.5794 
v 71.475 3.39829 -11.5705 
v 71.7121 3.22879 -11.5794 
v 71.7121 3.40329 -11.5705 
v 72 3.22879 -11.5794 
v 72 3.40329 -11.5705 
v 72.2879 3.22879 -11.5794 
v 72.2879 3.40329 -11.5705 
v 72.525 3.22879 -11.5794 
v 72.525 3.39829 -11.5705 
v 72.7133 3.22879 -11.5794 
v 72.7133 3.38709 -11.5705 
v 72.8811 3.22879 -11.5794 
v 72.8811 3.36989 -11.5705 
v 72.9195 3.22879 -11.5473 
v 72.8811 3.22879 -11.5794 
v 72.8811 3.36989 -11.5705 
v 72.9195 3.36989 -11.5384 
v 72.9195 3.22879 -10.5407 
v 72.9195 3.22879 -11.5473 
v 72.9195 3.36989 -11.5384 
v 72.9195 3.36989 -10.5407 
v 72.8811 3.22879 -10.5061 
v 72.9195 3.22879 -10.5407 
v 72.9195 3.36989 -10.5407 
v 72.8811 3.36989 -10.5061 
v 72.7133 3.22879 -10.5061 
v 72.8811 3.22879 -10.5061 
v 72.8811 3.36989 -10.5061 
v 72.7133 3.38709 -10.5061 
v 72.525 3.22879 -10.5061 
v 72.525 3.39829 -10.5061 
v 72.288 3.22879 -10.5061 
v 72.288 3.40329 -10.5061 
v 72 3.22879 -10.5061 
v 72 3.40329 -10.5061 
v 71.712 3.22879 -10.5061 
v 71.712 3.40329 -10.5061 
v 71.475 3.22879 -10.5061 
v 71.475 3.39829 -10.5061 
v 71.2867 3.22879 -10.5061 
v 71.2867 3.38709 -10.5061 
v 71.1189 3.22879 -10.5061 
v 71.1189 3.36989 -10.5061 
v 71.0805 3.22879 -10.5407 
v 71.1189 3.22879 -10.5061 
v 71.1189 3.36989 -10.5061 
v 71.0805 3.36989 -10.5407 
v 71.0805 3.22879 -11.5473 
v 71.0805 3.22879 -10.5407 
v 71.0805 3.36989 -10.5407 
v 71.0805 3.36989 -11.5384 
v 72.7135 2.01109 -11.5221 
v 72.7966 2.01109 -11.5221 
v 72 2.01109 -11.0034 
v 72.8361 2.01119 -11.4898 
v 72.8357 2.01109 -10.5174 
v 72.288 2.01109 -10.4847 
v 72 2.01109 -10.4847 
v 72.7965 2.01109 -10.4848 
v 72.288 2.01109 -11.5221 
v 72.525 2.01109 -11.5221 
v 72.7134 2.01109 -10.4847 
v 72.525 2.01109 -10.4847 
v 72 2.01109 -11.5221 
v 71.2034 2.01109 -11.5221 
v 71.2865 2.01109 -11.5221 
v 71.1643 2.01109 -10.5174 
v 71.1639 2.01119 -11.4898 
v 71.712 2.01109 -10.4847 
v 71.2035 2.01109 -10.4848 
v 71.475 2.01109 -11.5221 
v 71.712 2.01109 -11.5221 
v 71.2866 2.01109 -10.4847 
v 71.475 2.01109 -10.4847 
v 71.71 3.65029 -10.9832 
v 71.7489 3.65029 -10.8382 
v 71.7489 4.25179 -10.8382 
v 71.71 4.25179 -10.9832 
v 71.855 3.65029 -10.732 
v 71.855 4.25179 -10.732 
v 72 3.65029 -10.6932 
v 72 4.25179 -10.6932 
v 72 3.65029 -10.6932 
v 72.145 3.65029 -10.732 
v 72.145 4.25179 -10.732 
v 72 4.25179 -10.6932 
v 72.2511 3.65029 -10.8382 
v 72.2511 4.25179 -10.8382 
v 72.29 3.65029 -10.9832 
v 72.29 4.25179 -10.9832 
v 72.2511 3.65029 -11.1282 
v 72.2511 4.25179 -11.1282 
v 72.145 3.65029 -11.2343 
v 72.145 4.25179 -11.2343 
v 72 3.65029 -11.2732 
v 72 4.25179 -11.2732 
v 71.855 3.65029 -11.2343 
v 71.855 4.25179 -11.2343 
v 71.7489 3.65029 -11.1282 
v 71.7489 4.25179 -11.1282 
v 71.71 4.25179 -10.9832 
v 71.7489 4.25179 -10.8382 
v 71.8052 4.32029 -10.8707 
v 71.775 4.32029 -10.9832 
v 71.855 4.25179 -10.732 
v 71.8875 4.32029 -10.7883 
v 72 4.25179 -10.6932 
v 72 4.32029 -10.7582 
v 72.145 4.25179 -10.732 
v 72.1125 4.32029 -10.7883 
v 72.2511 4.25179 -10.8382 
v 72.1948 4.32029 -10.8707 
v 72.29 4.25179 -10.9832 
v 72.225 4.32029 -10.9832 
v 72.2511 4.25179 -11.1282 
v 72.1948 4.32029 -11.0956 
v 72.145 4.25179 -11.2343 
v 72.1125 4.32029 -11.178 
v 72 4.25179 -11.2732 
v 72 4.32029 -11.2081 
v 71.855 4.25179 -11.2343 
v 71.8875 4.32029 -11.178 
v 71.7489 4.25179 -11.1282 
v 71.8052 4.32029 -11.0956 
v 71.775 4.32029 -10.9832 
v 71.8052 4.32029 -10.8707 
v 72 4.32029 -10.9832 
v 71.8875 4.32029 -10.7883 
v 72 4.32029 -10.7582 
v 72.1125 4.32029 -10.7883 
v 72.1948 4.32029 -10.8707 
v 72.225 4.32029 -10.9832 
v 72.1948 4.32029 -11.0956 
v 72.1125 4.32029 -11.178 
v 72 4.32029 -11.2081 
v 71.8875 4.32029 -11.178 
v 71.8052 4.32029 -11.0956 

vn 0 0 -1 
vn 0 0.15748 -0.984252 
vn 0 0.141732 -0.992126 
vn 0 0 -1 
vn 1 0 0 
vn 1 0 0 
vn 1 0 0 
vn 1 0 0 
vn 0 0 1 
vn 0 0 1 
vn 0 0 1 
vn 0 0 1 
vn 0.629921 0 -0.771654 
vn 0.637795 0 -0.771654 
vn 0.637795 0 -0.771654 
vn 0.629921 0 -0.771654 
vn 0.637795 0 0.771654 
vn 0.637795 0 0.771654 
vn 0.637795 0 0.771654 
vn 0.637795 0 0.771654 
vn 0 0.15748 -0.984252 
vn 0 0 -1 
vn 0 0 -1 
vn 0 0.15748 -0.984252 
vn 0 0 1 
vn 0 0 1 
vn 0 0 1 
vn 0 0 1 
vn 0 0 1 
vn 0 0 1 
vn 0 0 -1 
vn 0 0.15748 -0.984252 
vn 0 0.15748 -0.984252 
vn 0 0.173228 -0.984252 
vn 0.929134 0.362205 0 
vn 0.929134 0.370079 0 
vn 0.929134 0.370079 0 
vn 0.929134 0.362205 0 
vn 0 0.566929 0.826772 
vn 0 0.566929 0.826772 
vn 0 0.566929 0.826772 
vn 0 0.566929 0.826772 
vn 0.574803 0.448819 -0.685039 
vn 0.574803 0.448819 -0.677165 
vn 0.574803 0.448819 -0.685039 
vn 0.566929 0.448819 -0.692913 
vn 0.527559 0.614173 0.590551 
vn 0.535433 0.606299 0.590551 
vn 0.511811 0.622047 0.598425 
vn 0.496063 0.622047 0.598425 
vn 0 0.15748 -0.984252 
vn 0 0.15748 -0.984252 
vn 0 0.566929 0.826772 
vn 0 0.566929 0.826772 
vn 0 0.566929 0.826772 
vn 0 0.566929 0.826772 
vn 0 0.566929 0.826772 
vn 0 0.566929 0.826772 
vn 0 0.15748 -0.984252 
vn 0 0 -1 
vn 0 0 -1 
vn 0 0.141732 -0.992126 
vn 0 0.15748 -0.984252 
vn -1 0 0 
vn -1 0 0 
vn -1 0 0 
vn -1 0 0 
vn 0 0 1 
vn 0 0 1 
vn -0.629921 0 -0.771654 
vn -0.629921 0 -0.771654 
vn -0.637795 0 -0.771654 
vn -0.637795 0 -0.771654 
vn -0.637795 0 0.771654 
vn -0.637795 0 0.771654 
vn -0.637795 0 0.771654 
vn -0.637795 0 0.771654 
vn 0 0.15748 -0.984252 
vn 0 0.15748 -0.984252 
vn 0 0 -1 
vn 0 0 -1 
vn 0 0 1 
vn 0 0 1 
vn 0 0 1 
vn 0 0 1 
vn 0 0 1 
vn 0 0 1 
vn 0 0.15748 -0.984252 
vn 0 0.173228 -0.984252 
vn -0.929134 0.362205 0 
vn -0.929134 0.362205 0 
vn -0.929134 0.370079 0 
vn -0.929134 0.370079 0 
vn 0 0.566929 0.826772 
vn 0 0.566929 0.826772 
vn -0.574803 0.448819 -0.685039 
vn -0.566929 0.448819 -0.692913 
vn -0.574803 0.448819 -0.685039 
vn -0.574803 0.448819 -0.677165 
vn -0.527559 0.614173 0.590551 
vn -0.496063 0.622047 0.598425 
vn -0.511811 0.622047 0.598425 
vn -0.535433 0.606299 0.590551 
vn 0 0.15748 -0.984252 
vn 0 0.15748 -0.984252 
vn 0 0.566929 0.826772 
vn 0 0.566929 0.826772 
vn 0 0.566929 0.826772 
vn 0 0.566929 0.826772 
vn 0 0.566929 0.826772 
vn 0 0.566929 0.826772 
vn 0 0 -1 
vn 0 0 -1 
vn 1 0 0 
vn 1 0 0 
vn 1 0 0 
vn 1 0 0 
vn 0 0 1 
vn 0 0 1 
vn 0 -0.125984 0.992126 
vn 0 -0.110236 0.992126 
vn 0.677165 0 0.740157 
vn 0.677165 0 0.740157 
vn 0.677165 0 0.740157 
vn 0.677165 0 0.740157 
vn 0.645669 0 -0.76378 
vn 0.645669 0 -0.76378 
vn 0.645669 0 -0.76378 
vn 0.645669 0 -0.76378 
vn 0 0 -1 
vn 0 0 -1 
vn 0 0 1 
vn 0 0 1 
vn 0 -0.110236 0.992126 
vn 0 -0.110236 0.992126 
vn 0 0 -1 
vn 0 0 1 
vn 0 -0.110236 0.992126 
vn 0 0 -1 
vn -1 0 0 
vn -1 0 0 
vn -1 0 0 
vn -1 0 0 
vn 0 0 1 
vn 0 0 1 
vn 0 -0.110236 0.992126 
vn 0 -0.125984 0.992126 
vn -0.677165 0 0.740157 
vn -0.677165 0 0.740157 
vn -0.677165 0 0.740157 
vn -0.677165 0 0.740157 
vn -0.645669 0 -0.76378 
vn -0.645669 0 -0.76378 
vn -0.645669 0 -0.76378 
vn -0.645669 0 -0.76378 
vn 0 0 -1 
vn 0 0 -1 
vn 0 0 1 
vn 0 0 1 
vn 0 -0.110236 0.992126 
vn 0 -0.110236 0.992126 
vn 0 0 -1 
vn 0 -0.566929 -0.826772 
vn 0 -0.566929 -0.826772 
vn 0 -0.566929 -0.826772 
vn 0 -0.566929 -0.818898 
vn 0.779528 -0.622047 0 
vn 0.779528 -0.622047 0 
vn 0.779528 -0.622047 0 
vn 0.779528 -0.622047 0 
vn 0 -0.0787402 1 
vn 0 -0.110236 0.992126 
vn 0.472441 -0.527559 0.700787 
vn 0.456693 -0.511811 0.724409 
vn 0.519685 -0.582677 0.622047 
vn 0.535433 -0.606299 0.590551 
vn -0.173228 -0.354331 -0.92126 
vn -0.125984 -0.440945 -0.889764 
vn -0.102362 -0.440945 -0.889764 
vn 0.212598 -0.480315 -0.850394 
vn -0.0944882 -0.543307 -0.834646 
vn -0.0472441 -0.527559 -0.850394 
vn 0 -0.110236 0.992126 
vn 0 -0.110236 0.992126 
vn -0.023622 -0.582677 -0.811024 
vn -0.023622 -0.574803 -0.818898 
vn 0 -0.110236 0.992126 
vn 0 -0.566929 -0.818898 
vn 0 -0.566929 -0.826772 
vn -0.779528 -0.622047 0 
vn -0.779528 -0.622047 0 
vn -0.779528 -0.622047 0 
vn -0.779528 -0.622047 0 
vn 0 -0.110236 0.992126 
vn 0 -0.0787402 1 
vn -0.456693 -0.551181 0.700787 
vn -0.433071 -0.543307 0.716535 
vn -0.535433 -0.559055 0.629921 
vn -0.551181 -0.566929 0.614173 
vn 0.0393701 -0.314961 -0.952756 
vn 0.0393701 -0.314961 -0.952756 
vn 0.0393701 -0.314961 -0.952756 
vn -0.00787402 -0.566929 -0.826772 
vn 0.0629921 -0.511811 -0.858268 
vn 0.0944882 -0.448819 -0.889764 
vn 0.0393701 -0.543307 -0.834646 
vn 0 -0.110236 0.992126 
vn 0 -0.110236 0.992126 
vn 0.00787402 -0.574803 -0.818898 
vn 0.00787402 -0.582677 -0.811024 
vn 0 -0.149606 -0.992126 
vn 0 -0.149606 -0.992126 
vn 0 -0.0866142 -1 
vn 0 -0.0866142 -1 
vn 1 0 0 
vn 1 0 0 
vn 1 0 0 
vn 1 0 0 
vn 0 0 1 
vn 0 0 1 
vn 0.669291 0 0.740157 
vn 0.669291 0 0.740157 
vn 0.669291 0 0.740157 
vn 0.669291 0 0.740157 
vn 0.574803 -0.110236 -0.811024 
vn 0.559055 -0.11811 -0.818898 
vn 0.622047 -0.0472441 -0.779528 
vn 0.614173 -0.0708661 -0.779528 
vn -0.00787402 -0.141732 -0.992126 
vn -0.00787402 -0.149606 -0.992126 
vn 0 -0.0866142 -1 
vn -0.00787402 -0.0866142 -1 
vn 0 0 1 
vn 0 0 1 
vn 0 -0.149606 -0.992126 
vn 0 -0.0866142 -1 
vn 0 0 1 
vn 0 -0.149606 -0.992126 
vn 0 -0.0866142 -1 
vn -1 0 0 
vn -1 0 0 
vn -1 0 0 
vn -1 0 0 
vn 0 0 1 
vn 0 0 1 
vn -0.669291 0 0.740157 
vn -0.669291 0 0.740157 
vn -0.669291 0 0.740157 
vn -0.669291 0 0.740157 
vn -0.574803 -0.110236 -0.811024 
vn -0.566929 -0.102362 -0.811024 
vn -0.614173 -0.0787402 -0.787402 
vn -0.622047 -0.0472441 -0.779528 
vn 0.00787402 -0.149606 -0.992126 
vn 0.015748 -0.141732 -0.992126 
vn 0.00787402 -0.0866142 -1 
vn 0 -0.0866142 -1 
vn 0 0 1 
vn 0 0 1 
vn 0 -0.149606 -0.992126 
vn 0 -0.0866142 -1 
vn -0.629921 0.220472 -0.748031 
vn -0.622047 0.259843 -0.740157 
vn -0.637795 0.393701 -0.661417 
vn -0.637795 0.385827 -0.661417 
vn -0.0472441 0.291339 -0.952756 
vn -0.0472441 0.275591 -0.96063 
vn -0.0944882 0.496063 -0.866142 
vn -0.0787402 0.503937 -0.858268 
vn -0.023622 0.283465 -0.96063 
vn -0.0393701 0.511811 -0.858268 
vn -0.00787402 0.283465 -0.96063 
vn -0.00787402 0.503937 -0.858268 
vn 0 0.283465 -0.96063 
vn 0 0.503937 -0.858268 
vn 0.00787402 0.283465 -0.96063 
vn 0.00787402 0.503937 -0.858268 
vn 0.023622 0.283465 -0.96063 
vn 0.0393701 0.511811 -0.858268 
vn 0.0472441 0.291339 -0.952756 
vn 0.0787402 0.503937 -0.858268 
vn 0.0551181 0.275591 -0.96063 
vn 0.0944882 0.496063 -0.866142 
vn 0.622047 0.244094 -0.740157 
vn 0.622047 0.220472 -0.748031 
vn 0.637795 0.393701 -0.661417 
vn 0.637795 0.401575 -0.661417 
vn 1 0 0 
vn 1 0 0 
vn 1 0 0 
vn 1 0 0 
vn 0.669291 0.0314961 0.740157 
vn 0.669291 0.0314961 0.740157 
vn 0.661417 0.188976 0.732283 
vn 0.669291 0.15748 0.724409 
vn 0.00787402 0.0472441 1 
vn 0.00787402 0.0393701 1 
vn 0.0393701 0.19685 0.976378 
vn 0.0314961 0.212598 0.976378 
vn 0 0.0472441 1 
vn 0.015748 0.212598 0.976378 
vn 0 0.0472441 1 
vn 0.00787402 0.212598 0.976378 
vn 0 0.0472441 1 
vn 0 0.212598 0.976378 
vn 0 0.0472441 1 
vn -0.00787402 0.212598 0.976378 
vn 0 0.0472441 1 
vn -0.015748 0.212598 0.976378 
vn -0.00787402 0.0472441 1 
vn -0.0314961 0.212598 0.976378 
vn -0.00787402 0.0393701 1 
vn -0.0393701 0.19685 0.976378 
vn -0.669291 0.0314961 0.740157 
vn -0.669291 0.0314961 0.740157 
vn -0.661417 0.149606 0.732283 
vn -0.669291 0.173228 0.724409 
vn -1 0 0 
vn -1 0 0 
vn -1 0 0 
vn -1 0 0 
vn 0 0.708661 -0.708661 
vn 0.015748 0.708661 -0.708661 
vn 1 0 0 
vn 1 0 0 
vn 0.0629921 0.322835 0.944882 
vn 0.0472441 0.322835 0.944882 
vn 0.669291 0.401575 0.629921 
vn 0.685039 0.362205 0.637795 
vn 0.637795 0.543307 -0.543307 
vn 0.637795 0.535433 -0.551181 
vn 0.110236 0.700787 -0.700787 
vn 0.133858 0.692913 -0.708661 
vn 0.023622 0.330709 0.944882 
vn 0.00787402 0.330709 0.944882 
vn 0.0551181 0.708661 -0.700787 
vn 0 0.330709 0.944882 
vn -0.015748 0.708661 -0.708661 
vn -1 0 0 
vn -1 0 0 
vn -0.0472441 0.322835 0.944882 
vn -0.0629921 0.322835 0.944882 
vn -0.669291 0.370079 0.637795 
vn -0.677165 0.401575 0.614173 
vn -0.637795 0.535433 -0.551181 
vn -0.637795 0.543307 -0.543307 
vn -0.133858 0.692913 -0.708661 
vn -0.110236 0.700787 -0.700787 
vn -0.00787402 0.330709 0.944882 
vn -0.023622 0.330709 0.944882 
vn -0.0551181 0.708661 -0.700787 
vn 0 0.811024 -0.582677 
vn 0.015748 0.811024 -0.582677 
vn 1 0 0 
vn 1 0 0 
vn 0.102362 0.661417 0.740157 
vn 0.133858 0.661417 0.740157 
vn 0.133858 0.661417 0.740157 
vn 0.102362 0.661417 0.740157 
vn 0.661417 0.503937 0.559055 
vn 0.669291 0.496063 0.559055 
vn 0.637795 0.622047 -0.456693 
vn 0.637795 0.622047 -0.456693 
vn 0.125984 0.80315 -0.582677 
vn 0.15748 0.80315 -0.582677 
vn 0.015748 0.661417 0.748031 
vn 0.0551181 0.661417 0.748031 
vn 0.0472441 0.661417 0.748031 
vn 0.015748 0.661417 0.748031 
vn 0.0629921 0.811024 -0.582677 
vn 0 0.661417 0.748031 
vn 0 0.661417 0.748031 
vn -0.015748 0.811024 -0.582677 
vn -1 0 0 
vn -1 0 0 
vn -0.133858 0.661417 0.740157 
vn -0.102362 0.661417 0.740157 
vn -0.102362 0.661417 0.740157 
vn -0.133858 0.661417 0.740157 
vn -0.661417 0.503937 0.559055 
vn -0.669291 0.503937 0.551181 
vn -0.637795 0.622047 -0.456693 
vn -0.637795 0.622047 -0.456693 
vn -0.15748 0.80315 -0.582677 
vn -0.125984 0.80315 -0.582677 
vn -0.0551181 0.661417 0.748031 
vn -0.015748 0.661417 0.748031 
vn -0.015748 0.661417 0.748031 
vn -0.0472441 0.661417 0.748031 
vn -0.0629921 0.811024 -0.582677 
vn -0.543307 0.84252 0 
vn -0.543307 0.84252 0 
vn -0.543307 0.84252 0 
vn -0.543307 0.84252 0 
vn 0.543307 0.84252 0 
vn 0.543307 0.84252 0 
vn 0.543307 0.84252 0 
vn 0.543307 0.84252 0 
vn 0.19685 0.984252 0 
vn 0.15748 0.984252 0 
vn 0.15748 0.984252 0 
vn 0.19685 0.984252 0 
vn 0.0787402 1 0 
vn 0.0787402 1 0 
vn 0.023622 1 0 
vn 0.023622 1 0 
vn 0 1 0 
vn 0 1 0 
vn -0.023622 1 0 
vn -0.023622 1 0 
vn -0.0787402 1 0 
vn -0.0787402 1 0 
vn -0.15748 0.984252 0 
vn -0.15748 0.984252 0 
vn -0.19685 0.984252 0 
vn -0.19685 0.984252 0 
vn -0.637795 0.015748 -0.771654 
vn -0.637795 0.015748 -0.771654 
vn -0.637795 0.0866142 -0.76378 
vn -0.637795 0.0866142 -0.76378 
vn 0 0.015748 -1 
vn 0 0.023622 -1 
vn -0.00787402 0.110236 -0.992126 
vn -0.00787402 0.102362 -0.992126 
vn 0 0.015748 -1 
vn -0.00787402 0.0944882 -0.992126 
vn 0 0.015748 -1 
vn 0 0.0944882 -0.992126 
vn 0 0.015748 -1 
vn 0 0.0944882 -0.992126 
vn 0 0.015748 -1 
vn 0 0.0944882 -0.992126 
vn 0 0.015748 -1 
vn 0 0.0944882 -0.992126 
vn 0 0.015748 -1 
vn 0.00787402 0.102362 -0.992126 
vn 0 0.015748 -1 
vn 0.015748 0.102362 -0.992126 
vn 0.637795 0.015748 -0.771654 
vn 0.637795 0.015748 -0.771654 
vn 0.637795 0.0866142 -0.76378 
vn 0.637795 0.0866142 -0.76378 
vn 1 0 0 
vn 1 0 0 
vn 1 0 0 
vn 1 0 0 
vn 0.669291 0 0.740157 
vn 0.669291 0 0.740157 
vn 0.669291 0 0.740157 
vn 0.669291 0 0.740157 
vn 0 0 1 
vn 0 0 1 
vn 0 0 1 
vn 0 0 1 
vn 0 0 1 
vn 0 0 1 
vn 0 0 1 
vn 0 0 1 
vn 0 0 1 
vn 0 0 1 
vn 0 0 1 
vn 0 0 1 
vn 0 0 1 
vn 0 0 1 
vn 0 0 1 
vn 0 0 1 
vn 0 0 1 
vn 0 0 1 
vn -0.669291 0 0.740157 
vn -0.669291 0 0.740157 
vn -0.669291 0 0.740157 
vn -0.669291 0 0.740157 
vn -1 0 0 
vn -1 0 0 
vn -1 0 0 
vn -1 0 0 
vn 0 -1 0 
vn 0 -1 0 
vn 0 -1 0 
vn 0 -1 0 
vn 0 -1 0 
vn 0 -1 0 
vn 0 -1 0 
vn 0 -1 0 
vn 0 -1 0 
vn 0 -1 0 
vn 0 -1 0 
vn 0 -1 0 
vn 0 -1 0 
vn 0 -1 0 
vn 0 -1 0 
vn 0 -1 0 
vn 0 -1 0 
vn 0 -1 0 
vn 0 -1 0 
vn 0 -1 0 
vn 0 -1 0 
vn 0 -1 0 
vn 0 -1 0 
vn -1 0 0 
vn -0.866142 0 0.503937 
vn -0.866142 0 0.503937 
vn -1 0 0 
vn -0.503937 0 0.866142 
vn -0.503937 0 0.866142 
vn 0 0 1 
vn 0 0 1 
vn 0 0 1 
vn 0.503937 0 0.866142 
vn 0.503937 0 0.866142 
vn 0 0 1 
vn 0.866142 0 0.503937 
vn 0.866142 0 0.503937 
vn 1 0 0 
vn 1 0 0 
vn 0.866142 0 -0.503937 
vn 0.866142 0 -0.503937 
vn 0.503937 0 -0.866142 
vn 0.503937 0 -0.866142 
vn 0 0 -1 
vn 0 0 -1 
vn -0.503937 0 -0.866142 
vn -0.503937 0 -0.866142 
vn -0.866142 0 -0.503937 
vn -0.866142 0 -0.503937 
vn -0.724409 0.685039 0 
vn -0.629921 0.685039 0.362205 
vn -0.629921 0.685039 0.362205 
vn -0.724409 0.685039 0 
vn -0.362205 0.685039 0.629921 
vn -0.362205 0.685039 0.629921 
vn 0 0.685039 0.724409 
vn 0 0.685039 0.724409 
vn 0.362205 0.685039 0.629921 
vn 0.362205 0.685039 0.629921 
vn 0.629921 0.685039 0.362205 
vn 0.629921 0.685039 0.362205 
vn 0.724409 0.685039 0 
vn 0.724409 0.685039 0 
vn 0.629921 0.685039 -0.362205 
vn 0.629921 0.685039 -0.362205 
vn 0.362205 0.685039 -0.629921 
vn 0.362205 0.685039 -0.629921 
vn 0 0.685039 -0.724409 
vn 0 0.685039 -0.724409 
vn -0.362205 0.685039 -0.629921 
vn -0.362205 0.685039 -0.629921 
vn -0.629921 0.685039 -0.362205 
vn -0.629921 0.685039 -0.362205 
vn 0 1 0 
vn 0 1 0 
vn 0 1 0 
vn 0 1 0 
vn 0 1 0 
vn 0 1 0 
vn 0 1 0 
vn 0 1 0 
vn 0 1 0 
vn 0 1 0 
vn 0 1 0 
vn 0 1 0 
vn 0 1 0 

vt 0.023625 0.8447 
vt 0.03585 0.8452 
vt 0.03585 0.8617 
vt 0.023625 0.8618 
vt 0.023625 0.9998 
vt 0.023625 0.875 
vt 0.03585 0.875 
vt 0.03585 0.9998 
vt 0.023625 0.3353 
vt 0.03585 0.3352 
vt 0.03585 0.3738 
vt 0.023625 0.3735 
vt 0.023625 0.8618 
vt 0.03585 0.8617 
vt 0.03585 0.875 
vt 0.023625 0.875 
vt 0.023625 0.2499 
vt 0.03585 0.2499 
vt 0.03585 0.2581 
vt 0.023625 0.2581 
vt 0.03585 0.8199 
vt 0.023625 0.8193 
vt 0.023625 0.7872 
vt 0.03585 0.7877 
vt 0.03585 0.2785 
vt 0.023625 0.2789 
vt 0.023625 0.2581 
vt 0.03585 0.2581 
vt 0.03585 0.3035 
vt 0.023625 0.3038 
vt 0.023625 0.7482 
vt 0.03585 0.7486 
vt 0.04005 0.8458 
vt 0.04005 0.8603 
vt 0.04005 0.875 
vt 0.04005 0.9998 
vt 0.03585 0.9998 
vt 0.03585 0.875 
vt 0.04005 0.3352 
vt 0.04005 0.3739 
vt 0.03585 0.3738 
vt 0.03585 0.3352 
vt 0.04005 0.8603 
vt 0.04005 0.875 
vt 0.03585 0.875 
vt 0.03585 0.8617 
vt 0.04005 0.2499 
vt 0.04005 0.2589 
vt 0.03585 0.2581 
vt 0.03585 0.2499 
vt 0.04005 0.7879 
vt 0.04005 0.8201 
vt 0.04005 0.2589 
vt 0.04005 0.2775 
vt 0.03585 0.2785 
vt 0.03585 0.2581 
vt 0.04005 0.3033 
vt 0.03585 0.3035 
vt 0.04005 0.7487 
vt 0.023625 0.6516 
vt 0.023625 0.6345 
vt 0.03585 0.6349 
vt 0.03585 0.652 
vt 0.023625 0.4996 
vt 0.03585 0.4996 
vt 0.03585 0.6251 
vt 0.023625 0.6251 
vt 0.023625 0.4118 
vt 0.03585 0.4124 
vt 0.023625 0.6345 
vt 0.023625 0.6251 
vt 0.03585 0.6251 
vt 0.03585 0.6349 
vt 0.023625 0.4996 
vt 0.023625 0.4892 
vt 0.03585 0.4894 
vt 0.03585 0.4996 
vt 0.03585 0.6774 
vt 0.03585 0.7095 
vt 0.023625 0.7091 
vt 0.023625 0.6771 
vt 0.03585 0.4689 
vt 0.03585 0.4894 
vt 0.023625 0.4892 
vt 0.023625 0.4679 
vt 0.03585 0.4441 
vt 0.023625 0.4431 
vt 0.04005 0.6516 
vt 0.04005 0.636 
vt 0.04005 0.6251 
vt 0.03585 0.6251 
vt 0.03585 0.4996 
vt 0.04005 0.4996 
vt 0.04005 0.4126 
vt 0.03585 0.4124 
vt 0.04005 0.636 
vt 0.03585 0.6349 
vt 0.03585 0.6251 
vt 0.04005 0.6251 
vt 0.04005 0.4996 
vt 0.03585 0.4996 
vt 0.03585 0.4894 
vt 0.04005 0.4889 
vt 0.04005 0.7096 
vt 0.04005 0.6774 
vt 0.04005 0.4889 
vt 0.03585 0.4894 
vt 0.03585 0.4689 
vt 0.04005 0.4701 
vt 0.03585 0.4441 
vt 0.04005 0.4445 
vt 0.0672 0.7496 
vt 0.067125 0.7884 
vt 0.04005 0.9998 
vt 0.04005 0.875 
vt 0.06105 0.875 
vt 0.06105 0.9998 
vt 0.04005 0.2775 
vt 0.04005 0.2589 
vt 0.06105 0.259 
vt 0.06105 0.2777 
vt 0.04005 0.2589 
vt 0.04005 0.2499 
vt 0.06105 0.2499 
vt 0.06105 0.259 
vt 0.04005 0.875 
vt 0.04005 0.8603 
vt 0.065925 0.8603 
vt 0.06105 0.875 
vt 0.066525 0.8458 
vt 0.065925 0.8603 
vt 0.04005 0.3352 
vt 0.04005 0.3033 
vt 0.06105 0.3036 
vt 0.06105 0.3356 
vt 0.06705 0.8203 
vt 0.04005 0.3739 
vt 0.06105 0.3744 
vt 0.067425 0.7109 
vt 0.04005 0.6251 
vt 0.04005 0.4996 
vt 0.06105 0.4996 
vt 0.06105 0.6251 
vt 0.04005 0.4889 
vt 0.04005 0.4701 
vt 0.06105 0.4711 
vt 0.06105 0.4894 
vt 0.04005 0.4996 
vt 0.04005 0.4889 
vt 0.06105 0.4894 
vt 0.06105 0.4996 
vt 0.04005 0.636 
vt 0.04005 0.6251 
vt 0.06105 0.6251 
vt 0.06675 0.6368 
vt 0.06675 0.6368 
vt 0.06735 0.6534 
vt 0.04005 0.4445 
vt 0.04005 0.4126 
vt 0.06105 0.4132 
vt 0.06105 0.4452 
vt 0.06765 0.679 
vt 0.067125 0.7884 
vt 0.0672 0.7496 
vt 0.0705 0.7498 
vt 0.0705 0.7885 
vt 0.06105 0.9998 
vt 0.06105 0.875 
vt 0.0684 0.875 
vt 0.0684 0.9998 
vt 0.06945 0.2529 
vt 0.06945 0.2789 
vt 0.06105 0.259 
vt 0.06105 0.2499 
vt 0.06945 0.2499 
vt 0.06945 0.2529 
vt 0.06105 0.875 
vt 0.065925 0.8603 
vt 0.0705 0.8691 
vt 0.0684 0.875 
vt 0.066525 0.8458 
vt 0.0705 0.8457 
vt 0.06945 0.304 
vt 0.06945 0.3359 
vt 0.06705 0.8203 
vt 0.0705 0.8203 
vt 0.06945 0.3745 
vt 0.067425 0.7109 
vt 0.0705 0.7111 
vt 0.06105 0.6251 
vt 0.06105 0.4996 
vt 0.06945 0.4996 
vt 0.06945 0.6251 
vt 0.06945 0.4703 
vt 0.06945 0.4948 
vt 0.06105 0.4996 
vt 0.06105 0.4894 
vt 0.06945 0.4948 
vt 0.06945 0.4996 
vt 0.06675 0.6368 
vt 0.06105 0.6251 
vt 0.06945 0.6251 
vt 0.0705 0.6306 
vt 0.06735 0.6534 
vt 0.06675 0.6368 
vt 0.0705 0.6539 
vt 0.06945 0.4132 
vt 0.06945 0.445 
vt 0.06765 0.679 
vt 0.0705 0.6793 
vt 0.0705 0.7885 
vt 0.0705 0.7498 
vt 0.07785 0.7501 
vt 0.07785 0.7886 
vt 0.0684 0.9998 
vt 0.0684 0.875 
vt 0.07785 0.875 
vt 0.07785 0.9998 
vt 0.07785 0.2528 
vt 0.07785 0.2798 
vt 0.06945 0.2529 
vt 0.06945 0.2499 
vt 0.07785 0.2499 
vt 0.07785 0.2528 
vt 0.0684 0.875 
vt 0.0705 0.8691 
vt 0.07785 0.8688 
vt 0.07785 0.875 
vt 0.0705 0.8691 
vt 0.0705 0.8457 
vt 0.07785 0.8453 
vt 0.07785 0.8688 
vt 0.07785 0.3048 
vt 0.07785 0.3363 
vt 0.0705 0.8203 
vt 0.07785 0.8202 
vt 0.07785 0.3747 
vt 0.0705 0.7111 
vt 0.07785 0.7116 
vt 0.06945 0.6251 
vt 0.06945 0.4996 
vt 0.07785 0.4996 
vt 0.07785 0.6251 
vt 0.07785 0.4699 
vt 0.07785 0.4951 
vt 0.06945 0.4996 
vt 0.06945 0.4948 
vt 0.07785 0.4951 
vt 0.07785 0.4996 
vt 0.0705 0.6306 
vt 0.06945 0.6251 
vt 0.07785 0.6251 
vt 0.07785 0.6311 
vt 0.0705 0.6539 
vt 0.0705 0.6306 
vt 0.07785 0.6311 
vt 0.07785 0.6548 
vt 0.07785 0.4132 
vt 0.07785 0.4448 
vt 0.0705 0.6793 
vt 0.07785 0.68 
vt 0.0993 0.632 
vt 0.0993 0.6251 
vt 0.105 0.6251 
vt 0.105 0.632 
vt 0.0993 0.6566 
vt 0.0993 0.632 
vt 0.105 0.632 
vt 0.105 0.6566 
vt 0.0993 0.6814 
vt 0.105 0.6814 
vt 0.0993 0.7127 
vt 0.105 0.7128 
vt 0.0993 0.7509 
vt 0.105 0.7512 
vt 0.0993 0.7891 
vt 0.105 0.7895 
vt 0.0993 0.8204 
vt 0.105 0.8208 
vt 0.0993 0.845 
vt 0.105 0.8455 
vt 0.0993 0.8684 
vt 0.105 0.8687 
vt 0.0993 0.875 
vt 0.0993 0.8684 
vt 0.105 0.8687 
vt 0.105 0.875 
vt 0.0993 0.9998 
vt 0.0993 0.875 
vt 0.105 0.875 
vt 0.105 0.9998 
vt 0.0993 0.2537 
vt 0.0993 0.2499 
vt 0.105 0.2499 
vt 0.105 0.2541 
vt 0.0993 0.2813 
vt 0.0993 0.2537 
vt 0.105 0.2541 
vt 0.105 0.2815 
vt 0.0993 0.306 
vt 0.105 0.3061 
vt 0.0993 0.3373 
vt 0.105 0.3374 
vt 0.0993 0.3754 
vt 0.105 0.3755 
vt 0.0993 0.4135 
vt 0.105 0.4137 
vt 0.0993 0.4448 
vt 0.105 0.4449 
vt 0.0993 0.4694 
vt 0.105 0.4695 
vt 0.0993 0.4948 
vt 0.105 0.4945 
vt 0.0993 0.4996 
vt 0.0993 0.4948 
vt 0.105 0.4945 
vt 0.105 0.4996 
vt 0.0993 0.6251 
vt 0.0993 0.4996 
vt 0.105 0.4996 
vt 0.105 0.6251 
vt 0.110775 0.7514 
vt 0.110775 0.7899 
vt 0.110775 0.875 
vt 0.110775 0.9998 
vt 0.110775 0.2541 
vt 0.110775 0.2814 
vt 0.110775 0.2499 
vt 0.110775 0.2541 
vt 0.110775 0.8692 
vt 0.110775 0.875 
vt 0.110775 0.8463 
vt 0.110775 0.8692 
vt 0.110775 0.3061 
vt 0.110775 0.3374 
vt 0.110775 0.8215 
vt 0.110775 0.3756 
vt 0.110775 0.7128 
vt 0.110775 0.4996 
vt 0.110775 0.6251 
vt 0.110775 0.4698 
vt 0.110775 0.4946 
vt 0.110775 0.4946 
vt 0.110775 0.4996 
vt 0.110775 0.6251 
vt 0.110775 0.6318 
vt 0.110775 0.6318 
vt 0.110775 0.6562 
vt 0.110775 0.4138 
vt 0.110775 0.4452 
vt 0.110775 0.6812 
vt 0.117 0.7516 
vt 0.117 0.7906 
vt 0.117 0.875 
vt 0.117 0.9998 
vt 0.110775 0.2814 
vt 0.110775 0.2541 
vt 0.117 0.2535 
vt 0.117 0.2808 
vt 0.117 0.2499 
vt 0.117 0.2535 
vt 0.117 0.8708 
vt 0.117 0.875 
vt 0.117 0.848 
vt 0.117 0.8708 
vt 0.110775 0.3374 
vt 0.110775 0.3061 
vt 0.117 0.3058 
vt 0.117 0.3374 
vt 0.117 0.8226 
vt 0.110775 0.3756 
vt 0.117 0.3757 
vt 0.117 0.7126 
vt 0.117 0.4996 
vt 0.117 0.6251 
vt 0.110775 0.4946 
vt 0.110775 0.4698 
vt 0.117 0.4705 
vt 0.117 0.4952 
vt 0.117 0.4952 
vt 0.117 0.4996 
vt 0.117 0.6251 
vt 0.117 0.6309 
vt 0.117 0.6309 
vt 0.117 0.655 
vt 0.110775 0.4452 
vt 0.110775 0.4138 
vt 0.117 0.414 
vt 0.117 0.4455 
vt 0.117 0.6805 
vt 0.23775 0.2351 
vt 0.240075 0.2351 
vt 0.240075 0.3592 
vt 0.23775 0.3592 
vt 0.146625 0.2351 
vt 0.14895 0.2351 
vt 0.14895 0.3592 
vt 0.146625 0.3592 
vt 0.14895 0.2351 
vt 0.1575 0.2351 
vt 0.1575 0.3592 
vt 0.14895 0.3592 
vt 0.167025 0.2351 
vt 0.167025 0.3592 
vt 0.178875 0.2351 
vt 0.178875 0.3592 
vt 0.19335 0.2351 
vt 0.19335 0.3592 
vt 0.207825 0.2351 
vt 0.207825 0.3592 
vt 0.219675 0.2351 
vt 0.219675 0.3592 
vt 0.2292 0.2351 
vt 0.2292 0.3592 
vt 0.23775 0.3592 
vt 0.23775 0.2351 
vt 0.086925 0.6314 
vt 0.086925 0.6251 
vt 0.093375 0.6251 
vt 0.093375 0.6317 
vt 0.086925 0.6555 
vt 0.086925 0.6314 
vt 0.093375 0.6317 
vt 0.093375 0.6561 
vt 0.086925 0.6805 
vt 0.093375 0.681 
vt 0.086925 0.712 
vt 0.093375 0.7124 
vt 0.086925 0.7504 
vt 0.093375 0.7507 
vt 0.086925 0.7887 
vt 0.093375 0.7889 
vt 0.086925 0.8202 
vt 0.093375 0.8202 
vt 0.086925 0.8451 
vt 0.093375 0.845 
vt 0.086925 0.8687 
vt 0.093375 0.8686 
vt 0.086925 0.875 
vt 0.086925 0.8687 
vt 0.093375 0.8686 
vt 0.093375 0.875 
vt 0.086925 0.9998 
vt 0.086925 0.875 
vt 0.093375 0.875 
vt 0.093375 0.9998 
vt 0.086925 0.253 
vt 0.086925 0.2499 
vt 0.093375 0.2499 
vt 0.093375 0.2532 
vt 0.086925 0.2803 
vt 0.086925 0.253 
vt 0.093375 0.2532 
vt 0.093375 0.2807 
vt 0.086925 0.3052 
vt 0.093375 0.3056 
vt 0.086925 0.3367 
vt 0.093375 0.337 
vt 0.086925 0.375 
vt 0.093375 0.3752 
vt 0.086925 0.4133 
vt 0.093375 0.4134 
vt 0.086925 0.4448 
vt 0.093375 0.4447 
vt 0.086925 0.4698 
vt 0.093375 0.4696 
vt 0.086925 0.4951 
vt 0.093375 0.495 
vt 0.086925 0.4996 
vt 0.086925 0.4951 
vt 0.093375 0.495 
vt 0.093375 0.4996 
vt 0.086925 0.6251 
vt 0.086925 0.4996 
vt 0.093375 0.4996 
vt 0.093375 0.6251 
vt 0.253125 0.3588 
vt 0.2463 0.3588 
vt 0.29295 0.2967 
vt 0.2463 0.3549 
vt 0.2463 0.2386 
vt 0.2769 0.2347 
vt 0.29295 0.2347 
vt 0.2463 0.2347 
vt 0.2769 0.3588 
vt 0.263625 0.3588 
vt 0.253125 0.2347 
vt 0.263625 0.2347 
vt 0.29295 0.3588 
vt 0.339525 0.3588 
vt 0.339525 0.3588 
vt 0.339525 0.2386 
vt 0.339525 0.3549 
vt 0.309 0.2347 
vt 0.339525 0.2347 
vt 0.3222 0.3588 
vt 0.309 0.3588 
vt 0.3327 0.2347 
vt 0.3222 0.2347 
vt 0.1407 0.7395 
vt 0.1407 0.7434 
vt 0.11925 0.7434 
vt 0.11925 0.7395 
vt 0.1407 0.7473 
vt 0.11925 0.7473 
vt 0.1407 0.7512 
vt 0.11925 0.7512 
vt 0.1407 0.7044 
vt 0.1407 0.7083 
vt 0.11925 0.7083 
vt 0.11925 0.7044 
vt 0.1407 0.7122 
vt 0.11925 0.7122 
vt 0.1407 0.7161 
vt 0.11925 0.7161 
vt 0.1407 0.72 
vt 0.11925 0.72 
vt 0.1407 0.7239 
vt 0.11925 0.7239 
vt 0.1407 0.7278 
vt 0.11925 0.7278 
vt 0.1407 0.7317 
vt 0.11925 0.7317 
vt 0.1407 0.7356 
vt 0.11925 0.7356 
vt 0.119475 0.7758 
vt 0.1209 0.7642 
vt 0.12555 0.77 
vt 0.1248 0.7758 
vt 0.1248 0.7556 
vt 0.1275 0.7657 
vt 0.1302 0.7525 
vt 0.1302 0.7642 
vt 0.135525 0.7556 
vt 0.132825 0.7657 
vt 0.139425 0.7642 
vt 0.134775 0.77 
vt 0.14085 0.7758 
vt 0.135525 0.7758 
vt 0.139425 0.7875 
vt 0.134775 0.7817 
vt 0.135525 0.7961 
vt 0.132825 0.786 
vt 0.1302 0.7992 
vt 0.1302 0.7875 
vt 0.1248 0.7961 
vt 0.1275 0.786 
vt 0.1209 0.7875 
vt 0.12555 0.7817 
vt 0.1248 0.7758 
vt 0.12555 0.77 
vt 0.1302 0.7758 
vt 0.1275 0.7657 
vt 0.1302 0.7642 
vt 0.132825 0.7657 
vt 0.134775 0.77 
vt 0.135525 0.7758 
vt 0.134775 0.7817 
vt 0.132825 0.786 
vt 0.1302 0.7875 
vt 0.1275 0.786 
vt 0.12555 0.7817 

usemtl Handle1Mtl

f 3232/3232/3232 3233/3233/3233 3234/3234/3234 
f 3232/3232/3232 3234/3234/3234 3235/3235/3235 
f 3236/3236/3236 3237/3237/3237 3238/3238/3238 
f 3236/3236/3236 3238/3238/3238 3239/3239/3239 
f 3240/3240/3240 3241/3241/3241 3242/3242/3242 
f 3240/3240/3240 3242/3242/3242 3243/3243/3243 
f 3244/3244/3244 3245/3245/3245 3246/3246/3246 
f 3244/3244/3244 3246/3246/3246 3247/3247/3247 
f 3248/3248/3248 3249/3249/3249 3250/3250/3250 
f 3248/3248/3248 3250/3250/3250 3251/3251/3251 
f 3252/3252/3252 3253/3253/3253 3254/3254/3254 
f 3252/3252/3252 3254/3254/3254 3255/3255/3255 
f 3256/3256/3256 3257/3257/3257 3258/3258/3258 
f 3256/3256/3256 3258/3258/3258 3259/3259/3259 
f 3260/3260/3260 3261/3261/3261 3257/3257/3257 
f 3260/3260/3260 3257/3257/3257 3256/3256/3256 
f 3253/3253/3253 3252/3252/3252 3233/3233/3233 
f 3253/3253/3253 3233/3233/3233 3232/3232/3232 
f 3241/3241/3241 3240/3240/3240 3261/3261/3261 
f 3241/3241/3241 3261/3261/3261 3260/3260/3260 
f 3255/3255/3255 3254/3254/3254 3262/3262/3262 
f 3255/3255/3255 3262/3262/3262 3263/3263/3263 
f 3264/3264/3264 3265/3265/3265 3234/3234/3234 
f 3264/3264/3264 3234/3234/3234 3233/3233/3233 
f 3266/3266/3266 3267/3267/3267 3268/3268/3268 
f 3266/3266/3266 3268/3268/3268 3269/3269/3269 
f 3270/3270/3270 3271/3271/3271 3272/3272/3272 
f 3270/3270/3270 3272/3272/3272 3273/3273/3273 
f 3274/3274/3274 3275/3275/3275 3276/3276/3276 
f 3274/3274/3274 3276/3276/3276 3277/3277/3277 
f 3278/3278/3278 3279/3279/3279 3280/3280/3280 
f 3278/3278/3278 3280/3280/3280 3281/3281/3281 
f 3282/3282/3282 3283/3283/3283 3252/3252/3252 
f 3282/3282/3282 3252/3252/3252 3255/3255/3255 
f 3284/3284/3284 3285/3285/3285 3286/3286/3286 
f 3284/3284/3284 3286/3286/3286 3287/3287/3287 
f 3285/3285/3285 3288/3288/3288 3289/3289/3289 
f 3285/3285/3285 3289/3289/3289 3286/3286/3286 
f 3283/3283/3283 3264/3264/3264 3233/3233/3233 
f 3283/3283/3283 3233/3233/3233 3252/3252/3252 
f 3288/3288/3288 3270/3270/3270 3273/3273/3273 
f 3288/3288/3288 3273/3273/3273 3289/3289/3289 
f 3290/3290/3290 3282/3282/3282 3255/3255/3255 
f 3290/3290/3290 3255/3255/3255 3263/3263/3263 
f 3291/3291/3291 3292/3292/3292 3293/3293/3293 
f 3291/3291/3291 3293/3293/3293 3294/3294/3294 
f 3295/3295/3295 3296/3296/3296 3297/3297/3297 
f 3295/3295/3295 3297/3297/3297 3298/3298/3298 
f 3299/3299/3299 3243/3243/3243 3242/3242/3242 
f 3299/3299/3299 3242/3242/3242 3300/3300/3300 
f 3301/3301/3301 3302/3302/3302 3303/3303/3303 
f 3301/3301/3301 3303/3303/3303 3304/3304/3304 
f 3305/3305/3305 3306/3306/3306 3307/3307/3307 
f 3305/3305/3305 3307/3307/3307 3308/3308/3308 
f 3309/3309/3309 3310/3310/3310 3311/3311/3311 
f 3309/3309/3309 3311/3311/3311 3312/3312/3312 
f 3313/3313/3313 3314/3314/3314 3315/3315/3315 
f 3313/3313/3313 3315/3315/3315 3316/3316/3316 
f 3317/3317/3317 3313/3313/3313 3316/3316/3316 
f 3317/3317/3317 3316/3316/3316 3318/3318/3318 
f 3312/3312/3312 3291/3291/3291 3294/3294/3294 
f 3312/3312/3312 3294/3294/3294 3309/3309/3309 
f 3300/3300/3300 3317/3317/3317 3318/3318/3318 
f 3300/3300/3300 3318/3318/3318 3299/3299/3299 
f 3310/3310/3310 3263/3263/3263 3262/3262/3262 
f 3310/3310/3310 3262/3262/3262 3311/3311/3311 
f 3319/3319/3319 3294/3294/3294 3293/3293/3293 
f 3319/3319/3319 3293/3293/3293 3320/3320/3320 
f 3321/3321/3321 3322/3322/3322 3323/3323/3323 
f 3321/3321/3321 3323/3323/3323 3324/3324/3324 
f 3325/3325/3325 3326/3326/3326 3272/3272/3272 
f 3325/3325/3325 3272/3272/3272 3271/3271/3271 
f 3327/3327/3327 3328/3328/3328 3329/3329/3329 
f 3327/3327/3327 3329/3329/3329 3330/3330/3330 
f 3331/3331/3331 3332/3332/3332 3333/3333/3333 
f 3331/3331/3331 3333/3333/3333 3334/3334/3334 
f 3335/3335/3335 3310/3310/3310 3309/3309/3309 
f 3335/3335/3335 3309/3309/3309 3336/3336/3336 
f 3337/3337/3337 3338/3338/3338 3339/3339/3339 
f 3337/3337/3337 3339/3339/3339 3340/3340/3340 
f 3340/3340/3340 3339/3339/3339 3341/3341/3341 
f 3340/3340/3340 3341/3341/3341 3342/3342/3342 
f 3336/3336/3336 3309/3309/3309 3294/3294/3294 
f 3336/3336/3336 3294/3294/3294 3319/3319/3319 
f 3342/3342/3342 3341/3341/3341 3326/3326/3326 
f 3342/3342/3342 3326/3326/3326 3325/3325/3325 
f 3290/3290/3290 3263/3263/3263 3310/3310/3310 
f 3290/3290/3290 3310/3310/3310 3335/3335/3335 
f 3282/3282/3282 3290/3290/3290 3343/3343/3343 
f 3282/3282/3282 3343/3343/3343 3344/3344/3344 
f 3345/3345/3345 3346/3346/3346 3347/3347/3347 
f 3345/3345/3345 3347/3347/3347 3348/3348/3348 
f 3349/3349/3349 3350/3350/3350 3351/3351/3351 
f 3349/3349/3349 3351/3351/3351 3352/3352/3352 
f 3353/3353/3353 3354/3354/3354 3355/3355/3355 
f 3353/3353/3353 3355/3355/3355 3356/3356/3356 
f 3357/3357/3357 3358/3358/3358 3359/3359/3359 
f 3357/3357/3357 3359/3359/3359 3360/3360/3360 
f 3265/3265/3265 3264/3264/3264 3361/3361/3361 
f 3265/3265/3265 3361/3361/3361 3362/3362/3362 
f 3363/3363/3363 3364/3364/3364 3365/3365/3365 
f 3363/3363/3363 3365/3365/3365 3366/3366/3366 
f 3264/3264/3264 3283/3283/3283 3367/3367/3367 
f 3264/3264/3264 3367/3367/3367 3361/3361/3361 
f 3283/3283/3283 3282/3282/3282 3344/3344/3344 
f 3283/3283/3283 3344/3344/3344 3367/3367/3367 
f 3368/3368/3368 3363/3363/3363 3366/3366/3366 
f 3368/3368/3368 3366/3366/3366 3369/3369/3369 
f 3364/3364/3364 3349/3349/3349 3352/3352/3352 
f 3364/3364/3364 3352/3352/3352 3365/3365/3365 
f 3290/3290/3290 3335/3335/3335 3370/3370/3370 
f 3290/3290/3290 3370/3370/3370 3343/3343/3343 
f 3371/3371/3371 3372/3372/3372 3373/3373/3373 
f 3371/3371/3371 3373/3373/3373 3374/3374/3374 
f 3375/3375/3375 3376/3376/3376 3377/3377/3377 
f 3375/3375/3375 3377/3377/3377 3378/3378/3378 
f 3379/3379/3379 3380/3380/3380 3381/3381/3381 
f 3379/3379/3379 3381/3381/3381 3382/3382/3382 
f 3383/3383/3383 3384/3384/3384 3385/3385/3385 
f 3383/3383/3383 3385/3385/3385 3386/3386/3386 
f 3319/3319/3319 3320/3320/3320 3387/3387/3387 
f 3319/3319/3319 3387/3387/3387 3388/3388/3388 
f 3389/3389/3389 3390/3390/3390 3391/3391/3391 
f 3389/3389/3389 3391/3391/3391 3392/3392/3392 
f 3336/3336/3336 3319/3319/3319 3388/3388/3388 
f 3336/3336/3336 3388/3388/3388 3393/3393/3393 
f 3335/3335/3335 3336/3336/3336 3393/3393/3393 
f 3335/3335/3335 3393/3393/3393 3370/3370/3370 
f 3390/3390/3390 3368/3368/3368 3369/3369/3369 
f 3390/3390/3390 3369/3369/3369 3391/3391/3391 
f 3376/3376/3376 3389/3389/3389 3392/3392/3392 
f 3376/3376/3376 3392/3392/3392 3377/3377/3377 
f 3394/3394/3394 3395/3395/3395 3396/3396/3396 
f 3394/3394/3394 3396/3396/3396 3397/3397/3397 
f 3398/3398/3398 3399/3399/3399 3400/3400/3400 
f 3398/3398/3398 3400/3400/3400 3401/3401/3401 
f 3352/3352/3352 3351/3351/3351 3402/3402/3402 
f 3352/3352/3352 3402/3402/3402 3403/3403/3403 
f 3404/3404/3404 3405/3405/3405 3406/3406/3406 
f 3404/3404/3404 3406/3406/3406 3407/3407/3407 
f 3408/3408/3408 3409/3409/3409 3410/3410/3410 
f 3408/3408/3408 3410/3410/3410 3411/3411/3411 
f 3409/3409/3409 3412/3412/3412 3413/3413/3413 
f 3409/3409/3409 3413/3413/3413 3410/3410/3410 
f 3366/3366/3366 3365/3365/3365 3414/3414/3414 
f 3366/3366/3366 3414/3414/3414 3415/3415/3415 
f 3412/3412/3412 3416/3416/3416 3417/3417/3417 
f 3412/3412/3412 3417/3417/3417 3413/3413/3413 
f 3416/3416/3416 3394/3394/3394 3397/3397/3397 
f 3416/3416/3416 3397/3397/3397 3417/3417/3417 
f 3369/3369/3369 3366/3366/3366 3415/3415/3415 
f 3369/3369/3369 3415/3415/3415 3418/3418/3418 
f 3365/3365/3365 3352/3352/3352 3403/3403/3403 
f 3365/3365/3365 3403/3403/3403 3414/3414/3414 
f 3395/3395/3395 3419/3419/3419 3420/3420/3420 
f 3395/3395/3395 3420/3420/3420 3396/3396/3396 
f 3421/3421/3421 3422/3422/3422 3423/3423/3423 
f 3421/3421/3421 3423/3423/3423 3424/3424/3424 
f 3378/3378/3378 3377/3377/3377 3425/3425/3425 
f 3378/3378/3378 3425/3425/3425 3426/3426/3426 
f 3427/3427/3427 3428/3428/3428 3429/3429/3429 
f 3427/3427/3427 3429/3429/3429 3430/3430/3430 
f 3431/3431/3431 3432/3432/3432 3433/3433/3433 
f 3431/3431/3431 3433/3433/3433 3434/3434/3434 
f 3435/3435/3435 3436/3436/3436 3434/3434/3434 
f 3435/3435/3435 3434/3434/3434 3437/3437/3437 
f 3392/3392/3392 3391/3391/3391 3438/3438/3438 
f 3392/3392/3392 3438/3438/3438 3439/3439/3439 
f 3440/3440/3440 3435/3435/3435 3437/3437/3437 
f 3440/3440/3440 3437/3437/3437 3441/3441/3441 
f 3419/3419/3419 3440/3440/3440 3441/3441/3441 
f 3419/3419/3419 3441/3441/3441 3420/3420/3420 
f 3391/3391/3391 3369/3369/3369 3418/3418/3418 
f 3391/3391/3391 3418/3418/3418 3438/3438/3438 
f 3377/3377/3377 3392/3392/3392 3439/3439/3439 
f 3377/3377/3377 3439/3439/3439 3425/3425/3425 
f 3442/3442/3442 3443/3443/3443 3444/3444/3444 
f 3442/3442/3442 3444/3444/3444 3445/3445/3445 
f 3446/3446/3446 3447/3447/3447 3448/3448/3448 
f 3446/3446/3446 3448/3448/3448 3449/3449/3449 
f 3403/3403/3403 3402/3402/3402 3450/3450/3450 
f 3403/3403/3403 3450/3450/3450 3451/3451/3451 
f 3452/3452/3452 3453/3453/3453 3454/3454/3454 
f 3452/3452/3452 3454/3454/3454 3455/3455/3455 
f 3456/3456/3456 3457/3457/3457 3458/3458/3458 
f 3456/3456/3456 3458/3458/3458 3459/3459/3459 
f 3460/3460/3460 3461/3461/3461 3462/3462/3462 
f 3460/3460/3460 3462/3462/3462 3463/3463/3463 
f 3415/3415/3415 3414/3414/3414 3464/3464/3464 
f 3415/3415/3415 3464/3464/3464 3465/3465/3465 
f 3461/3461/3461 3466/3466/3466 3467/3467/3467 
f 3461/3461/3461 3467/3467/3467 3462/3462/3462 
f 3466/3466/3466 3442/3442/3442 3445/3445/3445 
f 3466/3466/3466 3445/3445/3445 3467/3467/3467 
f 3418/3418/3418 3415/3415/3415 3465/3465/3465 
f 3418/3418/3418 3465/3465/3465 3468/3468/3468 
f 3414/3414/3414 3403/3403/3403 3451/3451/3451 
f 3414/3414/3414 3451/3451/3451 3464/3464/3464 
f 3443/3443/3443 3469/3469/3469 3470/3470/3470 
f 3443/3443/3443 3470/3470/3470 3444/3444/3444 
f 3471/3471/3471 3472/3472/3472 3473/3473/3473 
f 3471/3471/3471 3473/3473/3473 3474/3474/3474 
f 3426/3426/3426 3425/3425/3425 3475/3475/3475 
f 3426/3426/3426 3475/3475/3475 3476/3476/3476 
f 3477/3477/3477 3478/3478/3478 3479/3479/3479 
f 3477/3477/3477 3479/3479/3479 3480/3480/3480 
f 3481/3481/3481 3482/3482/3482 3483/3483/3483 
f 3481/3481/3481 3483/3483/3483 3484/3484/3484 
f 3485/3485/3485 3486/3486/3486 3487/3487/3487 
f 3485/3485/3485 3487/3487/3487 3488/3488/3488 
f 3439/3439/3439 3438/3438/3438 3489/3489/3489 
f 3439/3439/3439 3489/3489/3489 3490/3490/3490 
f 3491/3491/3491 3485/3485/3485 3488/3488/3488 
f 3491/3491/3491 3488/3488/3488 3492/3492/3492 
f 3469/3469/3469 3491/3491/3491 3492/3492/3492 
f 3469/3469/3469 3492/3492/3492 3470/3470/3470 
f 3438/3438/3438 3418/3418/3418 3468/3468/3468 
f 3438/3438/3438 3468/3468/3468 3489/3489/3489 
f 3425/3425/3425 3439/3439/3439 3490/3490/3490 
f 3425/3425/3425 3490/3490/3490 3475/3475/3475 
f 3493/3493/3493 3494/3494/3494 3495/3495/3495 
f 3493/3493/3493 3495/3495/3495 3496/3496/3496 
f 3497/3497/3497 3498/3498/3498 3499/3499/3499 
f 3497/3497/3497 3499/3499/3499 3500/3500/3500 
f 3501/3501/3501 3497/3497/3497 3500/3500/3500 
f 3501/3501/3501 3500/3500/3500 3502/3502/3502 
f 3503/3503/3503 3501/3501/3501 3502/3502/3502 
f 3503/3503/3503 3502/3502/3502 3504/3504/3504 
f 3505/3505/3505 3503/3503/3503 3504/3504/3504 
f 3505/3505/3505 3504/3504/3504 3506/3506/3506 
f 3507/3507/3507 3505/3505/3505 3506/3506/3506 
f 3507/3507/3507 3506/3506/3506 3508/3508/3508 
f 3509/3509/3509 3507/3507/3507 3508/3508/3508 
f 3509/3509/3509 3508/3508/3508 3510/3510/3510 
f 3511/3511/3511 3509/3509/3509 3510/3510/3510 
f 3511/3511/3511 3510/3510/3510 3512/3512/3512 
f 3513/3513/3513 3511/3511/3511 3512/3512/3512 
f 3513/3513/3513 3512/3512/3512 3514/3514/3514 
f 3515/3515/3515 3516/3516/3516 3517/3517/3517 
f 3515/3515/3515 3517/3517/3517 3518/3518/3518 
f 3519/3519/3519 3520/3520/3520 3521/3521/3521 
f 3519/3519/3519 3521/3521/3521 3522/3522/3522 
f 3523/3523/3523 3524/3524/3524 3525/3525/3525 
f 3523/3523/3523 3525/3525/3525 3526/3526/3526 
f 3527/3527/3527 3528/3528/3528 3529/3529/3529 
f 3527/3527/3527 3529/3529/3529 3530/3530/3530 
f 3531/3531/3531 3527/3527/3527 3530/3530/3530 
f 3531/3531/3531 3530/3530/3530 3532/3532/3532 
f 3533/3533/3533 3531/3531/3531 3532/3532/3532 
f 3533/3533/3533 3532/3532/3532 3534/3534/3534 
f 3535/3535/3535 3533/3533/3533 3534/3534/3534 
f 3535/3535/3535 3534/3534/3534 3536/3536/3536 
f 3537/3537/3537 3535/3535/3535 3536/3536/3536 
f 3537/3537/3537 3536/3536/3536 3538/3538/3538 
f 3539/3539/3539 3537/3537/3537 3538/3538/3538 
f 3539/3539/3539 3538/3538/3538 3540/3540/3540 
f 3541/3541/3541 3539/3539/3539 3540/3540/3540 
f 3541/3541/3541 3540/3540/3540 3542/3542/3542 
f 3543/3543/3543 3541/3541/3541 3542/3542/3542 
f 3543/3543/3543 3542/3542/3542 3544/3544/3544 
f 3545/3545/3545 3546/3546/3546 3547/3547/3547 
f 3545/3545/3545 3547/3547/3547 3548/3548/3548 
f 3549/3549/3549 3550/3550/3550 3551/3551/3551 
f 3549/3549/3549 3551/3551/3551 3552/3552/3552 
f 3508/3508/3508 3506/3506/3506 3553/3553/3553 
f 3508/3508/3508 3553/3553/3553 3554/3554/3554 
f 3522/3522/3522 3521/3521/3521 3555/3555/3555 
f 3522/3522/3522 3555/3555/3555 3556/3556/3556 
f 3530/3530/3530 3529/3529/3529 3557/3557/3557 
f 3530/3530/3530 3557/3557/3557 3558/3558/3558 
f 3526/3526/3526 3525/3525/3525 3559/3559/3559 
f 3526/3526/3526 3559/3559/3559 3560/3560/3560 
f 3518/3518/3518 3517/3517/3517 3561/3561/3561 
f 3518/3518/3518 3561/3561/3561 3562/3562/3562 
f 3514/3514/3514 3512/3512/3512 3563/3563/3563 
f 3514/3514/3514 3563/3563/3563 3564/3564/3564 
f 3534/3534/3534 3532/3532/3532 3565/3565/3565 
f 3534/3534/3534 3565/3565/3565 3566/3566/3566 
f 3512/3512/3512 3510/3510/3510 3567/3567/3567 
f 3512/3512/3512 3567/3567/3567 3563/3563/3563 
f 3510/3510/3510 3508/3508/3508 3554/3554/3554 
f 3510/3510/3510 3554/3554/3554 3567/3567/3567 
f 3536/3536/3536 3534/3534/3534 3566/3566/3566 
f 3536/3536/3536 3566/3566/3566 3568/3568/3568 
f 3532/3532/3532 3530/3530/3530 3558/3558/3558 
f 3532/3532/3532 3558/3558/3558 3565/3565/3565 
f 3506/3506/3506 3504/3504/3504 3569/3569/3569 
f 3506/3506/3506 3569/3569/3569 3553/3553/3553 
f 3552/3552/3552 3551/3551/3551 3570/3570/3570 
f 3552/3552/3552 3570/3570/3570 3571/3571/3571 
f 3544/3544/3544 3542/3542/3542 3572/3572/3572 
f 3544/3544/3544 3572/3572/3572 3573/3573/3573 
f 3548/3548/3548 3547/3547/3547 3574/3574/3574 
f 3548/3548/3548 3574/3574/3574 3575/3575/3575 
f 3496/3496/3496 3495/3495/3495 3576/3576/3576 
f 3496/3496/3496 3576/3576/3576 3577/3577/3577 
f 3500/3500/3500 3499/3499/3499 3578/3578/3578 
f 3500/3500/3500 3578/3578/3578 3579/3579/3579 
f 3540/3540/3540 3538/3538/3538 3580/3580/3580 
f 3540/3540/3540 3580/3580/3580 3581/3581/3581 
f 3502/3502/3502 3500/3500/3500 3579/3579/3579 
f 3502/3502/3502 3579/3579/3579 3582/3582/3582 
f 3504/3504/3504 3502/3502/3502 3582/3582/3582 
f 3504/3504/3504 3582/3582/3582 3569/3569/3569 
f 3538/3538/3538 3536/3536/3536 3568/3568/3568 
f 3538/3538/3538 3568/3568/3568 3580/3580/3580 
f 3542/3542/3542 3540/3540/3540 3581/3581/3581 
f 3542/3542/3542 3581/3581/3581 3572/3572/3572 
f 3554/3554/3554 3553/3553/3553 3583/3583/3583 
f 3554/3554/3554 3583/3583/3583 3584/3584/3584 
f 3556/3556/3556 3555/3555/3555 3585/3585/3585 
f 3556/3556/3556 3585/3585/3585 3586/3586/3586 
f 3587/3587/3587 3588/3588/3588 3589/3589/3589 
f 3587/3587/3587 3589/3589/3589 3590/3590/3590 
f 3560/3560/3560 3559/3559/3559 3591/3591/3591 
f 3560/3560/3560 3591/3591/3591 3592/3592/3592 
f 3562/3562/3562 3561/3561/3561 3593/3593/3593 
f 3562/3562/3562 3593/3593/3593 3594/3594/3594 
f 3564/3564/3564 3563/3563/3563 3595/3595/3595 
f 3564/3564/3564 3595/3595/3595 3596/3596/3596 
f 3597/3597/3597 3598/3598/3598 3599/3599/3599 
f 3597/3597/3597 3599/3599/3599 3600/3600/3600 
f 3563/3563/3563 3567/3567/3567 3601/3601/3601 
f 3563/3563/3563 3601/3601/3601 3595/3595/3595 
f 3567/3567/3567 3554/3554/3554 3584/3584/3584 
f 3567/3567/3567 3584/3584/3584 3601/3601/3601 
f 3602/3602/3602 3597/3597/3597 3600/3600/3600 
f 3602/3602/3602 3600/3600/3600 3603/3603/3603 
f 3598/3598/3598 3587/3587/3587 3590/3590/3590 
f 3598/3598/3598 3590/3590/3590 3599/3599/3599 
f 3553/3553/3553 3569/3569/3569 3604/3604/3604 
f 3553/3553/3553 3604/3604/3604 3583/3583/3583 
f 3571/3571/3571 3570/3570/3570 3605/3605/3605 
f 3571/3571/3571 3605/3605/3605 3606/3606/3606 
f 3607/3607/3607 3608/3608/3608 3609/3609/3609 
f 3607/3607/3607 3609/3609/3609 3610/3610/3610 
f 3575/3575/3575 3574/3574/3574 3611/3611/3611 
f 3575/3575/3575 3611/3611/3611 3612/3612/3612 
f 3577/3577/3577 3576/3576/3576 3613/3613/3613 
f 3577/3577/3577 3613/3613/3613 3614/3614/3614 
f 3579/3579/3579 3578/3578/3578 3615/3615/3615 
f 3579/3579/3579 3615/3615/3615 3616/3616/3616 
f 3617/3617/3617 3618/3618/3618 3619/3619/3619 
f 3617/3617/3617 3619/3619/3619 3620/3620/3620 
f 3582/3582/3582 3579/3579/3579 3616/3616/3616 
f 3582/3582/3582 3616/3616/3616 3621/3621/3621 
f 3569/3569/3569 3582/3582/3582 3621/3621/3621 
f 3569/3569/3569 3621/3621/3621 3604/3604/3604 
f 3618/3618/3618 3602/3602/3602 3603/3603/3603 
f 3618/3618/3618 3603/3603/3603 3619/3619/3619 
f 3608/3608/3608 3617/3617/3617 3620/3620/3620 
f 3608/3608/3608 3620/3620/3620 3609/3609/3609 
f 3622/3622/3622 3623/3623/3623 3624/3624/3624 
f 3622/3622/3622 3624/3624/3624 3625/3625/3625 
f 3626/3626/3626 3627/3627/3627 3628/3628/3628 
f 3626/3626/3626 3628/3628/3628 3629/3629/3629 
f 3630/3630/3630 3631/3631/3631 3632/3632/3632 
f 3630/3630/3630 3632/3632/3632 3633/3633/3633 
f 3631/3631/3631 3634/3634/3634 3635/3635/3635 
f 3631/3631/3631 3635/3635/3635 3632/3632/3632 
f 3634/3634/3634 3636/3636/3636 3637/3637/3637 
f 3634/3634/3634 3637/3637/3637 3635/3635/3635 
f 3636/3636/3636 3638/3638/3638 3639/3639/3639 
f 3636/3636/3636 3639/3639/3639 3637/3637/3637 
f 3638/3638/3638 3640/3640/3640 3641/3641/3641 
f 3638/3638/3638 3641/3641/3641 3639/3639/3639 
f 3640/3640/3640 3642/3642/3642 3643/3643/3643 
f 3640/3640/3640 3643/3643/3643 3641/3641/3641 
f 3642/3642/3642 3644/3644/3644 3645/3645/3645 
f 3642/3642/3642 3645/3645/3645 3643/3643/3643 
f 3646/3646/3646 3645/3645/3645 3644/3644/3644 
f 3646/3646/3646 3644/3644/3644 3647/3647/3647 
f 3648/3648/3648 3649/3649/3649 3650/3650/3650 
f 3648/3648/3648 3650/3650/3650 3651/3651/3651 
f 3652/3652/3652 3653/3653/3653 3654/3654/3654 
f 3652/3652/3652 3654/3654/3654 3655/3655/3655 
f 3656/3656/3656 3652/3652/3652 3655/3655/3655 
f 3656/3656/3656 3655/3655/3655 3657/3657/3657 
f 3658/3658/3658 3656/3656/3656 3657/3657/3657 
f 3658/3658/3658 3657/3657/3657 3659/3659/3659 
f 3660/3660/3660 3658/3658/3658 3659/3659/3659 
f 3660/3660/3660 3659/3659/3659 3661/3661/3661 
f 3662/3662/3662 3660/3660/3660 3661/3661/3661 
f 3662/3662/3662 3661/3661/3661 3663/3663/3663 
f 3664/3664/3664 3662/3662/3662 3663/3663/3663 
f 3664/3664/3664 3663/3663/3663 3665/3665/3665 
f 3666/3666/3666 3664/3664/3664 3665/3665/3665 
f 3666/3666/3666 3665/3665/3665 3667/3667/3667 
f 3668/3668/3668 3666/3666/3666 3667/3667/3667 
f 3668/3668/3668 3667/3667/3667 3669/3669/3669 
f 3670/3670/3670 3671/3671/3671 3672/3672/3672 
f 3670/3670/3670 3672/3672/3672 3673/3673/3673 
f 3674/3674/3674 3675/3675/3675 3676/3676/3676 
f 3674/3674/3674 3676/3676/3676 3677/3677/3677 
f 3678/3678/3678 3679/3679/3679 3680/3680/3680 
f 3678/3678/3678 3680/3680/3680 3681/3681/3681 
f 3682/3682/3682 3683/3683/3683 3684/3684/3684 
f 3682/3682/3682 3684/3684/3684 3685/3685/3685 
f 3686/3686/3686 3682/3682/3682 3685/3685/3685 
f 3686/3686/3686 3685/3685/3685 3687/3687/3687 
f 3688/3688/3688 3686/3686/3686 3687/3687/3687 
f 3688/3688/3688 3687/3687/3687 3689/3689/3689 
f 3690/3690/3690 3688/3688/3688 3689/3689/3689 
f 3690/3690/3690 3689/3689/3689 3691/3691/3691 
f 3692/3692/3692 3690/3690/3690 3691/3691/3691 
f 3692/3692/3692 3691/3691/3691 3693/3693/3693 
f 3694/3694/3694 3692/3692/3692 3693/3693/3693 
f 3694/3694/3694 3693/3693/3693 3695/3695/3695 
f 3696/3696/3696 3694/3694/3694 3695/3695/3695 
f 3696/3696/3696 3695/3695/3695 3697/3697/3697 
f 3698/3698/3698 3696/3696/3696 3697/3697/3697 
f 3698/3698/3698 3697/3697/3697 3699/3699/3699 
f 3700/3700/3700 3701/3701/3701 3702/3702/3702 
f 3700/3700/3700 3702/3702/3702 3703/3703/3703 
f 3704/3704/3704 3705/3705/3705 3706/3706/3706 
f 3704/3704/3704 3706/3706/3706 3707/3707/3707 
f 3651/3651/3651 3650/3650/3650 3494/3494/3494 
f 3651/3651/3651 3494/3494/3494 3493/3493/3493 
f 3655/3655/3655 3654/3654/3654 3498/3498/3498 
f 3655/3655/3655 3498/3498/3498 3497/3497/3497 
f 3657/3657/3657 3655/3655/3655 3497/3497/3497 
f 3657/3657/3657 3497/3497/3497 3501/3501/3501 
f 3659/3659/3659 3657/3657/3657 3501/3501/3501 
f 3659/3659/3659 3501/3501/3501 3503/3503/3503 
f 3661/3661/3661 3659/3659/3659 3503/3503/3503 
f 3661/3661/3661 3503/3503/3503 3505/3505/3505 
f 3663/3663/3663 3661/3661/3661 3505/3505/3505 
f 3663/3663/3663 3505/3505/3505 3507/3507/3507 
f 3665/3665/3665 3663/3663/3663 3507/3507/3507 
f 3665/3665/3665 3507/3507/3507 3509/3509/3509 
f 3667/3667/3667 3665/3665/3665 3509/3509/3509 
f 3667/3667/3667 3509/3509/3509 3511/3511/3511 
f 3669/3669/3669 3667/3667/3667 3511/3511/3511 
f 3669/3669/3669 3511/3511/3511 3513/3513/3513 
f 3673/3673/3673 3672/3672/3672 3516/3516/3516 
f 3673/3673/3673 3516/3516/3516 3515/3515/3515 
f 3677/3677/3677 3676/3676/3676 3520/3520/3520 
f 3677/3677/3677 3520/3520/3520 3519/3519/3519 
f 3681/3681/3681 3680/3680/3680 3524/3524/3524 
f 3681/3681/3681 3524/3524/3524 3523/3523/3523 
f 3685/3685/3685 3684/3684/3684 3528/3528/3528 
f 3685/3685/3685 3528/3528/3528 3527/3527/3527 
f 3687/3687/3687 3685/3685/3685 3527/3527/3527 
f 3687/3687/3687 3527/3527/3527 3531/3531/3531 
f 3689/3689/3689 3687/3687/3687 3531/3531/3531 
f 3689/3689/3689 3531/3531/3531 3533/3533/3533 
f 3691/3691/3691 3689/3689/3689 3533/3533/3533 
f 3691/3691/3691 3533/3533/3533 3535/3535/3535 
f 3693/3693/3693 3691/3691/3691 3535/3535/3535 
f 3693/3693/3693 3535/3535/3535 3537/3537/3537 
f 3695/3695/3695 3693/3693/3693 3537/3537/3537 
f 3695/3695/3695 3537/3537/3537 3539/3539/3539 
f 3697/3697/3697 3695/3695/3695 3539/3539/3539 
f 3697/3697/3697 3539/3539/3539 3541/3541/3541 
f 3699/3699/3699 3697/3697/3697 3541/3541/3541 
f 3699/3699/3699 3541/3541/3541 3543/3543/3543 
f 3703/3703/3703 3702/3702/3702 3546/3546/3546 
f 3703/3703/3703 3546/3546/3546 3545/3545/3545 
f 3707/3707/3707 3706/3706/3706 3550/3550/3550 
f 3707/3707/3707 3550/3550/3550 3549/3549/3549 
f 3484/3484/3484 3483/3483/3483 3649/3649/3649 
f 3484/3484/3484 3649/3649/3649 3648/3648/3648 
f 3488/3488/3488 3487/3487/3487 3653/3653/3653 
f 3488/3488/3488 3653/3653/3653 3652/3652/3652 
f 3492/3492/3492 3488/3488/3488 3652/3652/3652 
f 3492/3492/3492 3652/3652/3652 3656/3656/3656 
f 3470/3470/3470 3492/3492/3492 3656/3656/3656 
f 3470/3470/3470 3656/3656/3656 3658/3658/3658 
f 3444/3444/3444 3470/3470/3470 3658/3658/3658 
f 3444/3444/3444 3658/3658/3658 3660/3660/3660 
f 3445/3445/3445 3444/3444/3444 3660/3660/3660 
f 3445/3445/3445 3660/3660/3660 3662/3662/3662 
f 3467/3467/3467 3445/3445/3445 3662/3662/3662 
f 3467/3467/3467 3662/3662/3662 3664/3664/3664 
f 3462/3462/3462 3467/3467/3467 3664/3664/3664 
f 3462/3462/3462 3664/3664/3664 3666/3666/3666 
f 3463/3463/3463 3462/3462/3462 3666/3666/3666 
f 3463/3463/3463 3666/3666/3666 3668/3668/3668 
f 3459/3459/3459 3458/3458/3458 3671/3671/3671 
f 3459/3459/3459 3671/3671/3671 3670/3670/3670 
f 3449/3449/3449 3448/3448/3448 3675/3675/3675 
f 3449/3449/3449 3675/3675/3675 3674/3674/3674 
f 3455/3455/3455 3454/3454/3454 3679/3679/3679 
f 3455/3455/3455 3679/3679/3679 3678/3678/3678 
f 3451/3451/3451 3450/3450/3450 3683/3683/3683 
f 3451/3451/3451 3683/3683/3683 3682/3682/3682 
f 3464/3464/3464 3451/3451/3451 3682/3682/3682 
f 3464/3464/3464 3682/3682/3682 3686/3686/3686 
f 3465/3465/3465 3464/3464/3464 3686/3686/3686 
f 3465/3465/3465 3686/3686/3686 3688/3688/3688 
f 3468/3468/3468 3465/3465/3465 3688/3688/3688 
f 3468/3468/3468 3688/3688/3688 3690/3690/3690 
f 3489/3489/3489 3468/3468/3468 3690/3690/3690 
f 3489/3489/3489 3690/3690/3690 3692/3692/3692 
f 3490/3490/3490 3489/3489/3489 3692/3692/3692 
f 3490/3490/3490 3692/3692/3692 3694/3694/3694 
f 3475/3475/3475 3490/3490/3490 3694/3694/3694 
f 3475/3475/3475 3694/3694/3694 3696/3696/3696 
f 3476/3476/3476 3475/3475/3475 3696/3696/3696 
f 3476/3476/3476 3696/3696/3696 3698/3698/3698 
f 3480/3480/3480 3479/3479/3479 3701/3701/3701 
f 3480/3480/3480 3701/3701/3701 3700/3700/3700 
f 3474/3474/3474 3473/3473/3473 3705/3705/3705 
f 3474/3474/3474 3705/3705/3705 3704/3704/3704 
f 3708/3708/3708 3709/3709/3709 3710/3710/3710 
f 3711/3711/3711 3712/3712/3712 3710/3710/3710 
f 3713/3713/3713 3714/3714/3714 3710/3710/3710 
f 3709/3709/3709 3711/3711/3711 3710/3710/3710 
f 3712/3712/3712 3715/3715/3715 3710/3710/3710 
f 3716/3716/3716 3717/3717/3717 3710/3710/3710 
f 3715/3715/3715 3718/3718/3718 3710/3710/3710 
f 3718/3718/3718 3719/3719/3719 3710/3710/3710 
f 3717/3717/3717 3708/3708/3708 3710/3710/3710 
f 3719/3719/3719 3713/3713/3713 3710/3710/3710 
f 3720/3720/3720 3716/3716/3716 3710/3710/3710 
f 3721/3721/3721 3722/3722/3722 3710/3710/3710 
f 3723/3723/3723 3724/3724/3724 3710/3710/3710 
f 3714/3714/3714 3725/3725/3725 3710/3710/3710 
f 3724/3724/3724 3721/3721/3721 3710/3710/3710 
f 3726/3726/3726 3723/3723/3723 3710/3710/3710 
f 3727/3727/3727 3728/3728/3728 3710/3710/3710 
f 3729/3729/3729 3726/3726/3726 3710/3710/3710 
f 3730/3730/3730 3729/3729/3729 3710/3710/3710 
f 3722/3722/3722 3727/3727/3727 3710/3710/3710 
f 3725/3725/3725 3730/3730/3730 3710/3710/3710 
f 3728/3728/3728 3720/3720/3720 3710/3710/3710 
f 3731/3731/3731 3732/3732/3732 3733/3733/3733 
f 3731/3731/3731 3733/3733/3733 3734/3734/3734 
f 3732/3732/3732 3735/3735/3735 3736/3736/3736 
f 3732/3732/3732 3736/3736/3736 3733/3733/3733 
f 3735/3735/3735 3737/3737/3737 3738/3738/3738 
f 3735/3735/3735 3738/3738/3738 3736/3736/3736 
f 3739/3739/3739 3740/3740/3740 3741/3741/3741 
f 3739/3739/3739 3741/3741/3741 3742/3742/3742 
f 3740/3740/3740 3743/3743/3743 3744/3744/3744 
f 3740/3740/3740 3744/3744/3744 3741/3741/3741 
f 3743/3743/3743 3745/3745/3745 3746/3746/3746 
f 3743/3743/3743 3746/3746/3746 3744/3744/3744 
f 3745/3745/3745 3747/3747/3747 3748/3748/3748 
f 3745/3745/3745 3748/3748/3748 3746/3746/3746 
f 3747/3747/3747 3749/3749/3749 3750/3750/3750 
f 3747/3747/3747 3750/3750/3750 3748/3748/3748 
f 3749/3749/3749 3751/3751/3751 3752/3752/3752 
f 3749/3749/3749 3752/3752/3752 3750/3750/3750 
f 3751/3751/3751 3753/3753/3753 3754/3754/3754 
f 3751/3751/3751 3754/3754/3754 3752/3752/3752 
f 3753/3753/3753 3755/3755/3755 3756/3756/3756 
f 3753/3753/3753 3756/3756/3756 3754/3754/3754 
f 3755/3755/3755 3731/3731/3731 3734/3734/3734 
f 3755/3755/3755 3734/3734/3734 3756/3756/3756 
f 3757/3757/3757 3758/3758/3758 3759/3759/3759 
f 3757/3757/3757 3759/3759/3759 3760/3760/3760 
f 3758/3758/3758 3761/3761/3761 3762/3762/3762 
f 3758/3758/3758 3762/3762/3762 3759/3759/3759 
f 3761/3761/3761 3763/3763/3763 3764/3764/3764 
f 3761/3761/3761 3764/3764/3764 3762/3762/3762 
f 3763/3763/3763 3765/3765/3765 3766/3766/3766 
f 3763/3763/3763 3766/3766/3766 3764/3764/3764 
f 3765/3765/3765 3767/3767/3767 3768/3768/3768 
f 3765/3765/3765 3768/3768/3768 3766/3766/3766 
f 3767/3767/3767 3769/3769/3769 3770/3770/3770 
f 3767/3767/3767 3770/3770/3770 3768/3768/3768 
f 3769/3769/3769 3771/3771/3771 3772/3772/3772 
f 3769/3769/3769 3772/3772/3772 3770/3770/3770 
f 3771/3771/3771 3773/3773/3773 3774/3774/3774 
f 3771/3771/3771 3774/3774/3774 3772/3772/3772 
f 3773/3773/3773 3775/3775/3775 3776/3776/3776 
f 3773/3773/3773 3776/3776/3776 3774/3774/3774 
f 3775/3775/3775 3777/3777/3777 3778/3778/3778 
f 3775/3775/3775 3778/3778/3778 3776/3776/3776 
f 3777/3777/3777 3779/3779/3779 3780/3780/3780 
f 3777/3777/3777 3780/3780/3780 3778/3778/3778 
f 3779/3779/3779 3757/3757/3757 3760/3760/3760 
f 3779/3779/3779 3760/3760/3760 3780/3780/3780 
f 3781/3781/3781 3782/3782/3782 3783/3783/3783 
f 3782/3782/3782 3784/3784/3784 3783/3783/3783 
f 3784/3784/3784 3785/3785/3785 3783/3783/3783 
f 3785/3785/3785 3786/3786/3786 3783/3783/3783 
f 3786/3786/3786 3787/3787/3787 3783/3783/3783 
f 3787/3787/3787 3788/3788/3788 3783/3783/3783 
f 3788/3788/3788 3789/3789/3789 3783/3783/3783 
f 3789/3789/3789 3790/3790/3790 3783/3783/3783 
f 3790/3790/3790 3791/3791/3791 3783/3783/3783 
f 3791/3791/3791 3792/3792/3792 3783/3783/3783 
f 3792/3792/3792 3793/3793/3793 3783/3783/3783 
f 3793/3793/3793 3781/3781/3781 3783/3783/3783 

g Cleetus6

v 72.2938 3.92166 -10.6295 
v 72.2125 3.89878 -10.7108 
v 72.2462 3.89878 -10.751 
v 72.3404 3.92166 -10.685 
v 72.3628 3.98682 -10.5605 
v 72.4203 3.98682 -10.629 
v 72.4089 4.08435 -10.5144 
v 72.4737 4.08435 -10.5917 
v 72.4251 4.19939 -10.4983 
v 72.4924 4.19939 -10.5785 
v 72.4251 4.8006 -10.4983 
v 72.4924 4.8006 -10.5785 
v 72.4089 4.91564 -10.5144 
v 72.4737 4.91564 -10.5917 
v 72.3628 5.01316 -10.5605 
v 72.4203 5.01316 -10.629 
v 72.2938 5.07832 -10.6295 
v 72.3404 5.07832 -10.685 
v 72.2125 5.1012 -10.7108 
v 72.2462 5.1012 -10.751 
v 72.2724 3.89878 -10.7963 
v 72.3766 3.92166 -10.7477 
v 72.465 3.98682 -10.7065 
v 72.5241 4.08435 -10.679 
v 72.5448 4.19939 -10.6693 
v 72.5448 4.8006 -10.6693 
v 72.5241 4.91564 -10.679 
v 72.465 5.01316 -10.7065 
v 72.3766 5.07832 -10.7477 
v 72.2724 5.1012 -10.7963 
v 72.2903 3.89878 -10.8456 
v 72.4014 3.92166 -10.8158 
v 72.4956 3.98682 -10.7906 
v 72.5586 4.08435 -10.7737 
v 72.5807 4.19939 -10.7678 
v 72.5807 4.8006 -10.7678 
v 72.5586 4.91564 -10.7737 
v 72.4956 5.01316 -10.7906 
v 72.4014 5.07832 -10.8158 
v 72.2903 5.1012 -10.8456 
v 72.2994 3.89878 -10.8972 
v 72.414 3.92166 -10.8872 
v 72.5112 3.98682 -10.8787 
v 72.5761 4.08435 -10.873 
v 72.5989 4.19939 -10.871 
v 72.5989 4.8006 -10.871 
v 72.5761 4.91564 -10.873 
v 72.5112 5.01316 -10.8787 
v 72.414 5.07832 -10.8872 
v 72.2994 5.1012 -10.8972 
v 72.2994 3.89878 -10.9496 
v 72.414 3.92166 -10.9596 
v 72.5112 3.98682 -10.9681 
v 72.5761 4.08435 -10.9738 
v 72.5989 4.19939 -10.9758 
v 72.5989 4.8006 -10.9758 
v 72.5761 4.91564 -10.9738 
v 72.5112 5.01316 -10.9681 
v 72.414 5.07832 -10.9596 
v 72.2994 5.1012 -10.9496 
v 72.2903 3.89878 -11.0012 
v 72.4014 3.92166 -11.031 
v 72.4956 3.98682 -11.0562 
v 72.5586 4.08435 -11.0731 
v 72.5807 4.19939 -11.079 
v 72.5807 4.8006 -11.079 
v 72.5586 4.91564 -11.0731 
v 72.4956 5.01316 -11.0562 
v 72.4014 5.07832 -11.031 
v 72.2903 5.1012 -11.0012 
v 72.2724 3.89878 -11.0504 
v 72.3766 3.92166 -11.099 
v 72.465 3.98682 -11.1403 
v 72.5241 4.08435 -11.1678 
v 72.5448 4.19939 -11.1775 
v 72.5448 4.8006 -11.1775 
v 72.5241 4.91564 -11.1678 
v 72.465 5.01316 -11.1403 
v 72.3766 5.07832 -11.099 
v 72.2724 5.1012 -11.0504 
v 72.2462 3.89878 -11.0958 
v 72.3404 3.92166 -11.1618 
v 72.4203 3.98682 -11.2177 
v 72.4737 4.08435 -11.2551 
v 72.4924 4.19939 -11.2682 
v 72.4924 4.8006 -11.2682 
v 72.4737 4.91564 -11.2551 
v 72.4203 5.01316 -11.2177 
v 72.3404 5.07832 -11.1618 
v 72.2462 5.1012 -11.0958 
v 72.2125 3.89878 -11.1359 
v 72.2938 3.92166 -11.2173 
v 72.3628 3.98682 -11.2862 
v 72.4089 4.08435 -11.3323 
v 72.4251 4.19939 -11.3485 
v 72.4251 4.8006 -11.3485 
v 72.4089 4.91564 -11.3323 
v 72.3628 5.01316 -11.2862 
v 72.2938 5.07832 -11.2173 
v 72.2125 5.1012 -11.1359 
v 71.9999 5.1012 -10.9234 
v 72.2125 5.1012 -11.1359 
v 72.1845 5.1012 -11.1607 
v 72.1459 5.1012 -11.1862 
v 72.095 5.1012 -11.2086 
v 72.0331 5.1012 -11.2222 
v 71.9667 5.1012 -11.2222 
v 71.9049 5.1012 -11.2086 
v 71.854 5.1012 -11.1862 
v 71.8154 5.1012 -11.1607 
v 71.7874 5.1012 -11.1359 
v 71.7627 5.1012 -11.1079 
v 71.7372 5.1012 -11.0694 
v 71.7148 5.1012 -11.0184 
v 71.7012 5.1012 -10.9566 
v 71.7012 5.1012 -10.8902 
v 71.7148 5.1012 -10.8283 
v 71.7372 5.1012 -10.7774 
v 71.7627 5.1012 -10.7388 
v 71.7874 5.1012 -10.7108 
v 71.8154 5.1012 -10.6861 
v 71.854 5.1012 -10.6606 
v 71.9049 5.1012 -10.6382 
v 71.9667 5.1012 -10.6246 
v 72.0331 5.1012 -10.6246 
v 72.095 5.1012 -10.6382 
v 72.1459 5.1012 -10.6606 
v 72.1845 5.1012 -10.6861 
v 72.2125 5.1012 -10.7108 
v 72.2462 5.1012 -10.751 
v 72.2724 5.1012 -10.7963 
v 72.2903 5.1012 -10.8456 
v 72.2994 5.1012 -10.8972 
v 72.2994 5.1012 -10.9496 
v 72.2903 5.1012 -11.0012 
v 72.2724 5.1012 -11.0504 
v 72.2462 5.1012 -11.0958 
v 71.706 3.92166 -10.6295 
v 71.7874 3.89878 -10.7108 
v 71.8275 3.89878 -10.6771 
v 71.7615 3.92166 -10.5829 
v 71.6371 3.98682 -10.5605 
v 71.7056 3.98682 -10.503 
v 71.591 4.08435 -10.5144 
v 71.6682 4.08435 -10.4496 
v 71.5748 4.19939 -10.4983 
v 71.6551 4.19939 -10.4309 
v 71.5748 4.8006 -10.4983 
v 71.6551 4.8006 -10.4309 
v 71.591 4.91564 -10.5144 
v 71.6682 4.91564 -10.4496 
v 71.6371 5.01316 -10.5605 
v 71.7056 5.01316 -10.503 
v 71.706 5.07832 -10.6295 
v 71.7615 5.07832 -10.5829 
v 71.7874 5.1012 -10.7108 
v 71.8154 5.1012 -10.6861 
v 71.8729 3.89878 -10.6509 
v 71.8243 3.92166 -10.5467 
v 71.7831 3.98682 -10.4583 
v 71.7555 4.08435 -10.3992 
v 71.7459 4.19939 -10.3785 
v 71.7459 4.8006 -10.3785 
v 71.7555 4.91564 -10.3992 
v 71.7831 5.01316 -10.4583 
v 71.8243 5.07832 -10.5467 
v 71.854 5.1012 -10.6606 
v 71.9221 3.89878 -10.633 
v 71.8924 3.92166 -10.5219 
v 71.8671 3.98682 -10.4277 
v 71.8503 4.08435 -10.3648 
v 71.8443 4.19939 -10.3427 
v 71.8443 4.8006 -10.3427 
v 71.8503 4.91564 -10.3648 
v 71.8671 5.01316 -10.4277 
v 71.8924 5.07832 -10.5219 
v 71.9049 5.1012 -10.6382 
v 71.9737 3.89878 -10.6239 
v 71.9637 3.92166 -10.5093 
v 71.9552 3.98682 -10.4122 
v 71.9495 4.08435 -10.3473 
v 71.9475 4.19939 -10.3245 
v 71.9475 4.8006 -10.3245 
v 71.9495 4.91564 -10.3473 
v 71.9552 5.01316 -10.4122 
v 71.9637 5.07832 -10.5093 
v 71.9667 5.1012 -10.6246 
v 72.0261 3.89878 -10.6239 
v 72.0362 3.92166 -10.5093 
v 72.0447 3.98682 -10.4122 
v 72.0503 4.08435 -10.3473 
v 72.0523 4.19939 -10.3245 
v 72.0523 4.8006 -10.3245 
v 72.0503 4.91564 -10.3473 
v 72.0447 5.01316 -10.4122 
v 72.0362 5.07832 -10.5093 
v 72.0331 5.1012 -10.6246 
v 72.0777 3.89878 -10.633 
v 72.1075 3.92166 -10.5219 
v 72.1328 3.98682 -10.4277 
v 72.1496 4.08435 -10.3648 
v 72.1555 4.19939 -10.3427 
v 72.1555 4.8006 -10.3427 
v 72.1496 4.91564 -10.3648 
v 72.1328 5.01316 -10.4277 
v 72.1075 5.07832 -10.5219 
v 72.095 5.1012 -10.6382 
v 72.127 3.89878 -10.6509 
v 72.1756 3.92166 -10.5467 
v 72.2168 3.98682 -10.4583 
v 72.2444 4.08435 -10.3992 
v 72.254 4.19939 -10.3785 
v 72.254 4.8006 -10.3785 
v 72.2444 4.91564 -10.3992 
v 72.2168 5.01316 -10.4583 
v 72.1756 5.07832 -10.5467 
v 72.1459 5.1012 -10.6606 
v 72.1724 3.89878 -10.6771 
v 72.2383 3.92166 -10.5829 
v 72.2943 3.98682 -10.503 
v 72.3317 4.08435 -10.4496 
v 72.3448 4.19939 -10.4309 
v 72.3448 4.8006 -10.4309 
v 72.3317 4.91564 -10.4496 
v 72.2943 5.01316 -10.503 
v 72.2383 5.07832 -10.5829 
v 72.1845 5.1012 -10.6861 
v 71.706 3.92166 -11.2173 
v 71.7874 3.89878 -11.1359 
v 71.7537 3.89878 -11.0958 
v 71.6595 3.92166 -11.1618 
v 71.6371 3.98682 -11.2862 
v 71.5796 3.98682 -11.2177 
v 71.591 4.08435 -11.3323 
v 71.5262 4.08435 -11.2551 
v 71.5748 4.19939 -11.3485 
v 71.5075 4.19939 -11.2682 
v 71.5748 4.8006 -11.3485 
v 71.5075 4.8006 -11.2682 
v 71.591 4.91564 -11.3323 
v 71.5262 4.91564 -11.2551 
v 71.6371 5.01316 -11.2862 
v 71.5796 5.01316 -11.2177 
v 71.706 5.07832 -11.2173 
v 71.6595 5.07832 -11.1618 
v 71.7874 5.1012 -11.1359 
v 71.7627 5.1012 -11.1079 
v 71.7275 3.89878 -11.0504 
v 71.6232 3.92166 -11.099 
v 71.5349 3.98682 -11.1403 
v 71.4758 4.08435 -11.1678 
v 71.4551 4.19939 -11.1775 
v 71.4551 4.8006 -11.1775 
v 71.4758 4.91564 -11.1678 
v 71.5349 5.01316 -11.1403 
v 71.6232 5.07832 -11.099 
v 71.7372 5.1012 -11.0694 
v 71.7096 3.89878 -11.0012 
v 71.5985 3.92166 -11.031 
v 71.5043 3.98682 -11.0562 
v 71.4413 4.08435 -11.0731 
v 71.4192 4.19939 -11.079 
v 71.4192 4.8006 -11.079 
v 71.4413 4.91564 -11.0731 
v 71.5043 5.01316 -11.0562 
v 71.5985 5.07832 -11.031 
v 71.7148 5.1012 -11.0184 
v 71.7005 3.89878 -10.9496 
v 71.5859 3.92166 -10.9596 
v 71.4887 3.98682 -10.9681 
v 71.4238 4.08435 -10.9738 
v 71.401 4.19939 -10.9758 
v 71.401 4.8006 -10.9758 
v 71.4238 4.91564 -10.9738 
v 71.4887 5.01316 -10.9681 
v 71.5859 5.07832 -10.9596 
v 71.7012 5.1012 -10.9566 
v 71.7005 3.89878 -10.8972 
v 71.5859 3.92166 -10.8872 
v 71.4887 3.98682 -10.8787 
v 71.4238 4.08435 -10.873 
v 71.401 4.19939 -10.871 
v 71.401 4.8006 -10.871 
v 71.4238 4.91564 -10.873 
v 71.4887 5.01316 -10.8787 
v 71.5859 5.07832 -10.8872 
v 71.7012 5.1012 -10.8902 
v 71.7096 3.89878 -10.8456 
v 71.5985 3.92166 -10.8158 
v 71.5043 3.98682 -10.7906 
v 71.4413 4.08435 -10.7737 
v 71.4192 4.19939 -10.7678 
v 71.4192 4.8006 -10.7678 
v 71.4413 4.91564 -10.7737 
v 71.5043 5.01316 -10.7906 
v 71.5985 5.07832 -10.8158 
v 71.7148 5.1012 -10.8283 
v 71.7275 3.89878 -10.7963 
v 71.6232 3.92166 -10.7477 
v 71.5349 3.98682 -10.7065 
v 71.4758 4.08435 -10.679 
v 71.4551 4.19939 -10.6693 
v 71.4551 4.8006 -10.6693 
v 71.4758 4.91564 -10.679 
v 71.5349 5.01316 -10.7065 
v 71.6232 5.07832 -10.7477 
v 71.7372 5.1012 -10.7774 
v 71.7537 3.89878 -10.751 
v 71.6595 3.92166 -10.685 
v 71.5796 3.98682 -10.629 
v 71.5262 4.08435 -10.5917 
v 71.5075 4.19939 -10.5785 
v 71.5075 4.8006 -10.5785 
v 71.5262 4.91564 -10.5917 
v 71.5796 5.01316 -10.629 
v 71.6595 5.07832 -10.685 
v 71.7627 5.1012 -10.7388 
v 71.7537 3.89878 -11.0958 
v 71.7874 3.89878 -11.1359 
v 71.8154 3.89878 -11.1607 
v 71.8346 3.89878 -11.0887 
v 71.7275 3.89878 -11.0504 
v 71.8097 3.89878 -11.0593 
v 71.7096 3.89878 -11.0012 
v 71.785 3.89878 -11.0155 
v 71.7005 3.89878 -10.9496 
v 71.7685 3.89878 -10.9564 
v 71.7005 3.89878 -10.8972 
v 71.7685 3.89878 -10.8903 
v 71.7096 3.89878 -10.8456 
v 71.785 3.89878 -10.8313 
v 71.7275 3.89878 -10.7963 
v 71.8097 3.89878 -10.7875 
v 71.7537 3.89878 -10.751 
v 71.8346 3.89878 -10.7581 
v 71.7874 3.89878 -10.7108 
v 71.8275 3.89878 -10.6771 
v 71.854 3.89878 -11.1862 
v 71.864 3.89878 -11.1136 
v 71.8819 3.89878 -11.0415 
v 71.8567 3.89878 -11.0093 
v 71.8362 3.89878 -10.9561 
v 71.8362 3.89878 -10.8906 
v 71.8567 3.89878 -10.8375 
v 71.8819 3.89878 -10.8053 
v 71.864 3.89878 -10.7331 
v 71.8729 3.89878 -10.6509 
v 71.9049 3.89878 -11.2086 
v 71.9078 3.89878 -11.1383 
v 71.914 3.89878 -11.0666 
v 71.9291 3.89878 -10.9942 
v 71.9049 3.89878 -10.9551 
v 71.9049 3.89878 -10.8917 
v 71.9291 3.89878 -10.8525 
v 71.914 3.89878 -10.7802 
v 71.9078 3.89878 -10.7085 
v 71.9221 3.89878 -10.633 
v 71.9667 3.89878 -11.2222 
v 71.9669 3.89878 -11.1548 
v 71.9672 3.89878 -11.0871 
v 71.9683 3.89878 -11.0184 
v 71.9763 3.89878 -10.947 
v 71.9763 3.89878 -10.8998 
v 71.9683 3.89878 -10.8283 
v 71.9672 3.89878 -10.7596 
v 71.9669 3.89878 -10.6919 
v 71.9737 3.89878 -10.6239 
v 72.0331 3.89878 -11.2222 
v 72.033 3.89878 -11.1548 
v 72.0327 3.89878 -11.0871 
v 72.0316 3.89878 -11.0184 
v 72.0236 3.89878 -10.947 
v 72.0236 3.89878 -10.8998 
v 72.0316 3.89878 -10.8283 
v 72.0327 3.89878 -10.7596 
v 72.033 3.89878 -10.6919 
v 72.0261 3.89878 -10.6239 
v 72.095 3.89878 -11.2086 
v 72.092 3.89878 -11.1383 
v 72.0859 3.89878 -11.0666 
v 72.0708 3.89878 -10.9942 
v 72.095 3.89878 -10.9551 
v 72.095 3.89878 -10.8917 
v 72.0708 3.89878 -10.8525 
v 72.0859 3.89878 -10.7802 
v 72.092 3.89878 -10.7085 
v 72.0777 3.89878 -10.633 
v 72.1459 3.89878 -11.1862 
v 72.1358 3.89878 -11.1136 
v 72.118 3.89878 -11.0415 
v 72.1431 3.89878 -11.0093 
v 72.1637 3.89878 -10.9561 
v 72.1637 3.89878 -10.8906 
v 72.1431 3.89878 -10.8375 
v 72.118 3.89878 -10.8053 
v 72.1358 3.89878 -10.7331 
v 72.127 3.89878 -10.6509 
v 72.1845 3.89878 -11.1607 
v 72.1653 3.89878 -11.0887 
v 72.1902 3.89878 -11.0593 
v 72.2148 3.89878 -11.0155 
v 72.2314 3.89878 -10.9564 
v 72.2314 3.89878 -10.8903 
v 72.2148 3.89878 -10.8313 
v 72.1902 3.89878 -10.7875 
v 72.1653 3.89878 -10.7581 
v 72.1724 3.89878 -10.6771 
v 72.2125 3.89878 -11.1359 
v 72.2462 3.89878 -11.0958 
v 72.2724 3.89878 -11.0504 
v 72.2903 3.89878 -11.0012 
v 72.2994 3.89878 -10.9496 
v 72.2994 3.89878 -10.8972 
v 72.2903 3.89878 -10.8456 
v 72.2724 3.89878 -10.7963 
v 72.2462 3.89878 -10.751 
v 72.2125 3.89878 -10.7108 
v 72.2938 3.92166 -11.2173 
v 72.2125 3.89878 -11.1359 
v 72.1845 3.89878 -11.1607 
v 72.2383 3.92166 -11.2639 
v 72.3628 3.98682 -11.2862 
v 72.2943 3.98682 -11.3437 
v 72.4089 4.08435 -11.3323 
v 72.3317 4.08435 -11.3971 
v 72.4251 4.19939 -11.3485 
v 72.3448 4.19939 -11.4159 
v 72.4251 4.8006 -11.3485 
v 72.3448 4.8006 -11.4159 
v 72.4089 4.91564 -11.3323 
v 72.3317 4.91564 -11.3971 
v 72.3628 5.01316 -11.2862 
v 72.2943 5.01316 -11.3437 
v 72.2938 5.07832 -11.2173 
v 72.2383 5.07832 -11.2639 
v 72.2125 5.1012 -11.1359 
v 72.1845 5.1012 -11.1607 
v 72.1459 3.89878 -11.1862 
v 72.1756 3.92166 -11.3001 
v 72.2168 3.98682 -11.3885 
v 72.2444 4.08435 -11.4475 
v 72.254 4.19939 -11.4683 
v 72.254 4.8006 -11.4683 
v 72.2444 4.91564 -11.4475 
v 72.2168 5.01316 -11.3885 
v 72.1756 5.07832 -11.3001 
v 72.1459 5.1012 -11.1862 
v 72.095 3.89878 -11.2086 
v 72.1075 3.92166 -11.3249 
v 72.1328 3.98682 -11.4191 
v 72.1496 4.08435 -11.482 
v 72.1555 4.19939 -11.5041 
v 72.1555 4.8006 -11.5041 
v 72.1496 4.91564 -11.482 
v 72.1328 5.01316 -11.4191 
v 72.1075 5.07832 -11.3249 
v 72.095 5.1012 -11.2086 
v 72.0331 3.89878 -11.2222 
v 72.0362 3.92166 -11.3374 
v 72.0447 3.98682 -11.4346 
v 72.0503 4.08435 -11.4995 
v 72.0523 4.19939 -11.5223 
v 72.0523 4.8006 -11.5223 
v 72.0503 4.91564 -11.4995 
v 72.0447 5.01316 -11.4346 
v 72.0362 5.07832 -11.3374 
v 72.0331 5.1012 -11.2222 
v 71.9667 3.89878 -11.2222 
v 71.9637 3.92166 -11.3374 
v 71.9552 3.98682 -11.4346 
v 71.9495 4.08435 -11.4995 
v 71.9475 4.19939 -11.5223 
v 71.9475 4.8006 -11.5223 
v 71.9495 4.91564 -11.4995 
v 71.9552 5.01316 -11.4346 
v 71.9637 5.07832 -11.3374 
v 71.9667 5.1012 -11.2222 
v 71.9049 3.89878 -11.2086 
v 71.8924 3.92166 -11.3249 
v 71.8671 3.98682 -11.4191 
v 71.8503 4.08435 -11.482 
v 71.8443 4.19939 -11.5041 
v 71.8443 4.8006 -11.5041 
v 71.8503 4.91564 -11.482 
v 71.8671 5.01316 -11.4191 
v 71.8924 5.07832 -11.3249 
v 71.9049 5.1012 -11.2086 
v 71.854 3.89878 -11.1862 
v 71.8243 3.92166 -11.3001 
v 71.7831 3.98682 -11.3885 
v 71.7555 4.08435 -11.4475 
v 71.7459 4.19939 -11.4683 
v 71.7459 4.8006 -11.4683 
v 71.7555 4.91564 -11.4475 
v 71.7831 5.01316 -11.3885 
v 71.8243 5.07832 -11.3001 
v 71.854 5.1012 -11.1862 
v 71.8154 3.89878 -11.1607 
v 71.7615 3.92166 -11.2639 
v 71.7056 3.98682 -11.3437 
v 71.6682 4.08435 -11.3971 
v 71.6551 4.19939 -11.4159 
v 71.6551 4.8006 -11.4159 
v 71.6682 4.91564 -11.3971 
v 71.7056 5.01316 -11.3437 
v 71.7615 5.07832 -11.2639 
v 71.8154 5.1012 -11.1607 
v 71.7874 3.89878 -11.1359 
v 71.706 3.92166 -11.2173 
v 71.6371 3.98682 -11.2862 
v 71.591 4.08435 -11.3323 
v 71.5748 4.19939 -11.3485 
v 71.5748 4.8006 -11.3485 
v 71.591 4.91564 -11.3323 
v 71.6371 5.01316 -11.2862 
v 71.706 5.07832 -11.2173 
v 71.7874 5.1012 -11.1359 

vn 0.267717 -0.92126 0.267717 
vn 0 -1 0 
vn 0 -1 0 
vn 0.314961 -0.92126 0.220472 
vn 0.503937 -0.708661 0.503937 
vn 0.582677 -0.708661 0.409449 
vn 0.653543 -0.385827 0.653543 
vn 0.755906 -0.385827 0.527559 
vn 0.708661 0 0.708661 
vn 0.818898 0 0.574803 
vn 0.708661 0 0.708661 
vn 0.818898 0 0.574803 
vn 0.653543 0.385827 0.653543 
vn 0.755906 0.385827 0.527559 
vn 0.503937 0.708661 0.503937 
vn 0.582677 0.708661 0.409449 
vn 0.267717 0.92126 0.267717 
vn 0.314961 0.92126 0.220472 
vn 0 1 0 
vn 0 1 0 
vn 0 -1 0 
vn 0.346457 -0.92126 0.165354 
vn 0.637795 -0.708661 0.299213 
vn 0.834646 -0.385827 0.393701 
vn 0.905512 0 0.425197 
vn 0.905512 0 0.425197 
vn 0.834646 0.385827 0.393701 
vn 0.637795 0.708661 0.299213 
vn 0.346457 0.92126 0.165354 
vn 0 1 0 
vn 0 -1 0 
vn 0.370079 -0.92126 0.102362 
vn 0.685039 -0.708661 0.181102 
vn 0.889764 -0.385827 0.23622 
vn 0.968504 0 0.259843 
vn 0.968504 0 0.259843 
vn 0.889764 0.385827 0.23622 
vn 0.685039 0.708661 0.181102 
vn 0.370079 0.92126 0.102362 
vn 0 1 0 
vn 0 -1 0 
vn 0.377953 -0.92126 0.0314961 
vn 0.700787 -0.708661 0.0629921 
vn 0.92126 -0.385827 0.0787402 
vn 1 0 0.0866142 
vn 1 0 0.0866142 
vn 0.92126 0.385827 0.0787402 
vn 0.700787 0.708661 0.0629921 
vn 0.377953 0.92126 0.0314961 
vn 0 1 0 
vn 0 -1 0 
vn 0.377953 -0.92126 -0.0314961 
vn 0.700787 -0.708661 -0.0629921 
vn 0.92126 -0.385827 -0.0787402 
vn 1 0 -0.0866142 
vn 1 0 -0.0866142 
vn 0.92126 0.385827 -0.0787402 
vn 0.700787 0.708661 -0.0629921 
vn 0.377953 0.92126 -0.0314961 
vn 0 1 0 
vn 0 -1 0 
vn 0.370079 -0.92126 -0.102362 
vn 0.685039 -0.708661 -0.181102 
vn 0.889764 -0.385827 -0.23622 
vn 0.968504 0 -0.259843 
vn 0.968504 0 -0.259843 
vn 0.889764 0.385827 -0.23622 
vn 0.685039 0.708661 -0.181102 
vn 0.370079 0.92126 -0.102362 
vn 0 1 0 
vn 0 -1 0 
vn 0.346457 -0.92126 -0.165354 
vn 0.637795 -0.708661 -0.299213 
vn 0.834646 -0.385827 -0.393701 
vn 0.905512 0 -0.425197 
vn 0.905512 0 -0.425197 
vn 0.834646 0.385827 -0.393701 
vn 0.637795 0.708661 -0.299213 
vn 0.346457 0.92126 -0.165354 
vn 0 1 0 
vn 0 -1 0 
vn 0.314961 -0.92126 -0.220472 
vn 0.582677 -0.708661 -0.409449 
vn 0.755906 -0.385827 -0.527559 
vn 0.818898 0 -0.574803 
vn 0.818898 0 -0.574803 
vn 0.755906 0.385827 -0.527559 
vn 0.582677 0.708661 -0.409449 
vn 0.314961 0.92126 -0.220472 
vn 0 1 0 
vn 0 -1 0 
vn 0.267717 -0.92126 -0.267717 
vn 0.503937 -0.708661 -0.496063 
vn 0.653543 -0.385827 -0.653543 
vn 0.708661 0 -0.708661 
vn 0.708661 0 -0.708661 
vn 0.653543 0.385827 -0.653543 
vn 0.503937 0.708661 -0.496063 
vn 0.267717 0.92126 -0.267717 
vn 0 1 0 
vn 0 1 0 
vn 0 1 0 
vn 0 1 0 
vn 0 1 0 
vn 0 1 0 
vn 0 1 0 
vn 0 1 0 
vn 0 1 0 
vn 0 1 0 
vn 0 1 0 
vn 0 1 0 
vn 0 1 0 
vn 0 1 0 
vn 0 1 0 
vn 0 1 0 
vn 0 1 0 
vn 0 1 0 
vn 0 1 0 
vn 0 1 0 
vn 0 1 0 
vn 0 1 0 
vn 0 1 0 
vn 0 1 0 
vn 0 1 0 
vn 0 1 0 
vn 0 1 0 
vn 0 1 0 
vn 0 1 0 
vn 0 1 0 
vn 0 1 0 
vn 0 1 0 
vn 0 1 0 
vn 0 1 0 
vn 0 1 0 
vn 0 1 0 
vn 0 1 0 
vn 0 1 0 
vn -0.267717 -0.92126 0.267717 
vn 0 -1 0 
vn 0 -1 0 
vn -0.220472 -0.92126 0.314961 
vn -0.496063 -0.708661 0.503937 
vn -0.409449 -0.708661 0.582677 
vn -0.653543 -0.385827 0.653543 
vn -0.527559 -0.385827 0.755906 
vn -0.708661 0 0.708661 
vn -0.574803 0 0.818898 
vn -0.708661 0 0.708661 
vn -0.574803 0 0.818898 
vn -0.653543 0.385827 0.653543 
vn -0.527559 0.385827 0.755906 
vn -0.496063 0.708661 0.503937 
vn -0.409449 0.708661 0.582677 
vn -0.267717 0.92126 0.267717 
vn -0.220472 0.92126 0.314961 
vn 0 1 0 
vn 0 1 0 
vn 0 -1 0 
vn -0.165354 -0.92126 0.346457 
vn -0.299213 -0.708661 0.637795 
vn -0.393701 -0.385827 0.834646 
vn -0.425197 0 0.905512 
vn -0.425197 0 0.905512 
vn -0.393701 0.385827 0.834646 
vn -0.299213 0.708661 0.637795 
vn -0.165354 0.92126 0.346457 
vn 0 1 0 
vn 0 -1 0 
vn -0.102362 -0.92126 0.370079 
vn -0.181102 -0.708661 0.685039 
vn -0.23622 -0.385827 0.889764 
vn -0.259843 0 0.968504 
vn -0.259843 0 0.968504 
vn -0.23622 0.385827 0.889764 
vn -0.181102 0.708661 0.685039 
vn -0.102362 0.92126 0.370079 
vn 0 1 0 
vn 0 -1 0 
vn -0.0314961 -0.92126 0.377953 
vn -0.0629921 -0.708661 0.700787 
vn -0.0787402 -0.385827 0.92126 
vn -0.0866142 0 1 
vn -0.0866142 0 1 
vn -0.0787402 0.385827 0.92126 
vn -0.0629921 0.708661 0.700787 
vn -0.0314961 0.92126 0.377953 
vn 0 1 0 
vn 0 -1 0 
vn 0.0314961 -0.92126 0.377953 
vn 0.0629921 -0.708661 0.700787 
vn 0.0787402 -0.385827 0.92126 
vn 0.0866142 0 1 
vn 0.0866142 0 1 
vn 0.0787402 0.385827 0.92126 
vn 0.0629921 0.708661 0.700787 
vn 0.0314961 0.92126 0.377953 
vn 0 1 0 
vn 0 -1 0 
vn 0.102362 -0.92126 0.370079 
vn 0.181102 -0.708661 0.685039 
vn 0.23622 -0.385827 0.889764 
vn 0.259843 0 0.968504 
vn 0.259843 0 0.968504 
vn 0.23622 0.385827 0.889764 
vn 0.181102 0.708661 0.685039 
vn 0.102362 0.92126 0.370079 
vn 0 1 0 
vn 0 -1 0 
vn 0.165354 -0.92126 0.346457 
vn 0.299213 -0.708661 0.637795 
vn 0.393701 -0.385827 0.834646 
vn 0.425197 0 0.905512 
vn 0.425197 0 0.905512 
vn 0.393701 0.385827 0.834646 
vn 0.299213 0.708661 0.637795 
vn 0.165354 0.92126 0.346457 
vn 0 1 0 
vn 0 -1 0 
vn 0.220472 -0.92126 0.314961 
vn 0.409449 -0.708661 0.582677 
vn 0.527559 -0.385827 0.755906 
vn 0.574803 0 0.818898 
vn 0.574803 0 0.818898 
vn 0.527559 0.385827 0.755906 
vn 0.409449 0.708661 0.582677 
vn 0.220472 0.92126 0.314961 
vn 0 1 0 
vn -0.267717 -0.92126 -0.267717 
vn 0 -1 0 
vn 0 -1 0 
vn -0.314961 -0.92126 -0.220472 
vn -0.496063 -0.708661 -0.496063 
vn -0.582677 -0.708661 -0.409449 
vn -0.653543 -0.385827 -0.653543 
vn -0.755906 -0.385827 -0.527559 
vn -0.708661 0 -0.708661 
vn -0.818898 0 -0.574803 
vn -0.708661 0 -0.708661 
vn -0.818898 0 -0.574803 
vn -0.653543 0.385827 -0.653543 
vn -0.755906 0.385827 -0.527559 
vn -0.496063 0.708661 -0.496063 
vn -0.582677 0.708661 -0.409449 
vn -0.267717 0.92126 -0.267717 
vn -0.314961 0.92126 -0.220472 
vn 0 1 0 
vn 0 1 0 
vn 0 -1 0 
vn -0.346457 -0.92126 -0.165354 
vn -0.637795 -0.708661 -0.299213 
vn -0.834646 -0.385827 -0.393701 
vn -0.905512 0 -0.425197 
vn -0.905512 0 -0.425197 
vn -0.834646 0.385827 -0.393701 
vn -0.637795 0.708661 -0.299213 
vn -0.346457 0.92126 -0.165354 
vn 0 1 0 
vn 0 -1 0 
vn -0.370079 -0.92126 -0.102362 
vn -0.685039 -0.708661 -0.181102 
vn -0.889764 -0.385827 -0.23622 
vn -0.968504 0 -0.259843 
vn -0.968504 0 -0.259843 
vn -0.889764 0.385827 -0.23622 
vn -0.685039 0.708661 -0.181102 
vn -0.370079 0.92126 -0.102362 
vn 0 1 0 
vn 0 -1 0 
vn -0.377953 -0.92126 -0.0314961 
vn -0.700787 -0.708661 -0.0629921 
vn -0.92126 -0.385827 -0.0787402 
vn -1 0 -0.0866142 
vn -1 0 -0.0866142 
vn -0.92126 0.385827 -0.0787402 
vn -0.700787 0.708661 -0.0629921 
vn -0.377953 0.92126 -0.0314961 
vn 0 1 0 
vn 0 -1 0 
vn -0.377953 -0.92126 0.0314961 
vn -0.700787 -0.708661 0.0629921 
vn -0.92126 -0.385827 0.0787402 
vn -1 0 0.0866142 
vn -1 0 0.0866142 
vn -0.92126 0.385827 0.0787402 
vn -0.700787 0.708661 0.0629921 
vn -0.377953 0.92126 0.0314961 
vn 0 1 0 
vn 0 -1 0 
vn -0.370079 -0.92126 0.102362 
vn -0.685039 -0.708661 0.181102 
vn -0.889764 -0.385827 0.23622 
vn -0.968504 0 0.259843 
vn -0.968504 0 0.259843 
vn -0.889764 0.385827 0.23622 
vn -0.685039 0.708661 0.181102 
vn -0.370079 0.92126 0.102362 
vn 0 1 0 
vn 0 -1 0 
vn -0.346457 -0.92126 0.165354 
vn -0.637795 -0.708661 0.299213 
vn -0.834646 -0.385827 0.393701 
vn -0.905512 0 0.425197 
vn -0.905512 0 0.425197 
vn -0.834646 0.385827 0.393701 
vn -0.637795 0.708661 0.299213 
vn -0.346457 0.92126 0.165354 
vn 0 1 0 
vn 0 -1 0 
vn -0.314961 -0.92126 0.220472 
vn -0.582677 -0.708661 0.409449 
vn -0.755906 -0.385827 0.527559 
vn -0.818898 0 0.574803 
vn -0.818898 0 0.574803 
vn -0.755906 0.385827 0.527559 
vn -0.582677 0.708661 0.409449 
vn -0.314961 0.92126 0.220472 
vn 0 1 0 
vn 0 -1 0 
vn 0 -1 0 
vn 0 -1 0 
vn 0 -1 0 
vn 0 -1 0 
vn 0 -1 0 
vn 0 -1 0 
vn 0 -1 0 
vn 0 -1 0 
vn 0 -1 0 
vn 0 -1 0 
vn 0 -1 0 
vn 0 -1 0 
vn 0 -1 0 
vn 0 -1 0 
vn 0 -1 0 
vn 0 -1 0 
vn 0 -1 0 
vn 0 -1 0 
vn 0 -1 0 
vn 0 -1 0 
vn 0 -1 0 
vn 0 -1 0 
vn 0 -1 0 
vn 0 -1 0 
vn 0 -1 0 
vn 0 -1 0 
vn 0 -1 0 
vn 0 -1 0 
vn 0 -1 0 
vn 0 -1 0 
vn 0 -1 0 
vn 0 -1 0 
vn 0 -1 0 
vn 0 -1 0 
vn 0 -1 0 
vn 0 -1 0 
vn 0 -1 0 
vn 0 -1 0 
vn 0 -1 0 
vn 0 -1 0 
vn 0 -1 0 
vn 0 -1 0 
vn 0 -1 0 
vn 0 -1 0 
vn 0 -1 0 
vn 0 -1 0 
vn 0 -1 0 
vn 0 -1 0 
vn 0 -1 0 
vn 0 -1 0 
vn 0 -1 0 
vn 0 -1 0 
vn 0 -1 0 
vn 0 -1 0 
vn 0 -1 0 
vn 0 -1 0 
vn 0 -1 0 
vn 0 -1 0 
vn 0 -1 0 
vn 0 -1 0 
vn 0 -1 0 
vn 0 -1 0 
vn 0 -1 0 
vn 0 -1 0 
vn 0 -1 0 
vn 0 -1 0 
vn 0 -1 0 
vn 0 -1 0 
vn 0 -1 0 
vn 0 -1 0 
vn 0 -1 0 
vn 0 -1 0 
vn 0 -1 0 
vn 0 -1 0 
vn 0 -1 0 
vn 0 -1 0 
vn 0 -1 0 
vn 0 -1 0 
vn 0 -1 0 
vn 0 -1 0 
vn 0 -1 0 
vn 0 -1 0 
vn 0 -1 0 
vn 0 -1 0 
vn 0 -1 0 
vn 0 -1 0 
vn 0 -1 0 
vn 0 -1 0 
vn 0 -1 0 
vn 0 -1 0 
vn 0 -1 0 
vn 0 -1 0 
vn 0 -1 0 
vn 0 -1 0 
vn 0 -1 0 
vn 0 -1 0 
vn 0 -1 0 
vn 0 -1 0 
vn 0 -1 0 
vn 0.267717 -0.92126 -0.267717 
vn 0 -1 0 
vn 0 -1 0 
vn 0.220472 -0.92126 -0.314961 
vn 0.503937 -0.708661 -0.496063 
vn 0.409449 -0.708661 -0.582677 
vn 0.653543 -0.385827 -0.653543 
vn 0.527559 -0.385827 -0.755906 
vn 0.708661 0 -0.708661 
vn 0.574803 0 -0.818898 
vn 0.708661 0 -0.708661 
vn 0.574803 0 -0.818898 
vn 0.653543 0.385827 -0.653543 
vn 0.527559 0.385827 -0.755906 
vn 0.503937 0.708661 -0.496063 
vn 0.409449 0.708661 -0.582677 
vn 0.267717 0.92126 -0.267717 
vn 0.220472 0.92126 -0.314961 
vn 0 1 0 
vn 0 1 0 
vn 0 -1 0 
vn 0.165354 -0.92126 -0.346457 
vn 0.299213 -0.708661 -0.637795 
vn 0.393701 -0.385827 -0.834646 
vn 0.425197 0 -0.905512 
vn 0.425197 0 -0.905512 
vn 0.393701 0.385827 -0.834646 
vn 0.299213 0.708661 -0.637795 
vn 0.165354 0.92126 -0.346457 
vn 0 1 0 
vn 0 -1 0 
vn 0.102362 -0.92126 -0.370079 
vn 0.181102 -0.708661 -0.685039 
vn 0.23622 -0.385827 -0.889764 
vn 0.259843 0 -0.968504 
vn 0.259843 0 -0.968504 
vn 0.23622 0.385827 -0.889764 
vn 0.181102 0.708661 -0.685039 
vn 0.102362 0.92126 -0.370079 
vn 0 1 0 
vn 0 -1 0 
vn 0.0314961 -0.92126 -0.377953 
vn 0.0629921 -0.708661 -0.700787 
vn 0.0787402 -0.385827 -0.92126 
vn 0.0866142 0 -1 
vn 0.0866142 0 -1 
vn 0.0787402 0.385827 -0.92126 
vn 0.0629921 0.708661 -0.700787 
vn 0.0314961 0.92126 -0.377953 
vn 0 1 0 
vn 0 -1 0 
vn -0.0314961 -0.92126 -0.377953 
vn -0.0629921 -0.708661 -0.700787 
vn -0.0787402 -0.385827 -0.92126 
vn -0.0866142 0 -1 
vn -0.0866142 0 -1 
vn -0.0787402 0.385827 -0.92126 
vn -0.0629921 0.708661 -0.700787 
vn -0.0314961 0.92126 -0.377953 
vn 0 1 0 
vn 0 -1 0 
vn -0.102362 -0.92126 -0.370079 
vn -0.181102 -0.708661 -0.685039 
vn -0.23622 -0.385827 -0.889764 
vn -0.259843 0 -0.968504 
vn -0.259843 0 -0.968504 
vn -0.23622 0.385827 -0.889764 
vn -0.181102 0.708661 -0.685039 
vn -0.102362 0.92126 -0.370079 
vn 0 1 0 
vn 0 -1 0 
vn -0.165354 -0.92126 -0.346457 
vn -0.299213 -0.708661 -0.637795 
vn -0.393701 -0.385827 -0.834646 
vn -0.425197 0 -0.905512 
vn -0.425197 0 -0.905512 
vn -0.393701 0.385827 -0.834646 
vn -0.299213 0.708661 -0.637795 
vn -0.165354 0.92126 -0.346457 
vn 0 1 0 
vn 0 -1 0 
vn -0.220472 -0.92126 -0.314961 
vn -0.409449 -0.708661 -0.582677 
vn -0.527559 -0.385827 -0.755906 
vn -0.574803 0 -0.818898 
vn -0.574803 0 -0.818898 
vn -0.527559 0.385827 -0.755906 
vn -0.409449 0.708661 -0.582677 
vn -0.220472 0.92126 -0.314961 
vn 0 1 0 
vn 0 -1 0 
vn -0.267717 -0.92126 -0.267717 
vn -0.496063 -0.708661 -0.496063 
vn -0.653543 -0.385827 -0.653543 
vn -0.708661 0 -0.708661 
vn -0.708661 0 -0.708661 
vn -0.653543 0.385827 -0.653543 
vn -0.496063 0.708661 -0.496063 
vn -0.267717 0.92126 -0.267717 
vn 0 1 0 

vt 0.880859 0.984375 
vt 0.880859 0.984375 
vt 0.880859 0.984375 
vt 0.880859 0.984375 
vt 0.880859 0.984375 
vt 0.880859 0.984375 
vt 0.880859 0.984375 
vt 0.880859 0.984375 
vt 0.880859 0.984375 
vt 0.880859 0.984375 
vt 0.880859 0.984375 
vt 0.880859 0.984375 
vt 0.880859 0.984375 
vt 0.880859 0.984375 
vt 0.880859 0.984375 
vt 0.880859 0.984375 
vt 0.880859 0.984375 
vt 0.880859 0.984375 
vt 0.880859 0.984375 
vt 0.880859 0.984375 
vt 0.880859 0.984375 
vt 0.880859 0.984375 
vt 0.880859 0.984375 
vt 0.880859 0.984375 
vt 0.880859 0.984375 
vt 0.880859 0.984375 
vt 0.880859 0.984375 
vt 0.880859 0.984375 
vt 0.880859 0.984375 
vt 0.880859 0.984375 
vt 0.880859 0.984375 
vt 0.880859 0.984375 
vt 0.880859 0.984375 
vt 0.880859 0.984375 
vt 0.880859 0.984375 
vt 0.880859 0.984375 
vt 0.880859 0.984375 
vt 0.880859 0.984375 
vt 0.880859 0.984375 
vt 0.880859 0.984375 
vt 0.880859 0.984375 
vt 0.880859 0.984375 
vt 0.880859 0.984375 
vt 0.880859 0.984375 
vt 0.880859 0.984375 
vt 0.880859 0.984375 
vt 0.880859 0.984375 
vt 0.880859 0.984375 
vt 0.880859 0.984375 
vt 0.880859 0.984375 
vt 0.880859 0.984375 
vt 0.880859 0.984375 
vt 0.880859 0.984375 
vt 0.880859 0.984375 
vt 0.880859 0.984375 
vt 0.880859 0.984375 
vt 0.880859 0.984375 
vt 0.880859 0.984375 
vt 0.880859 0.984375 
vt 0.880859 0.984375 
vt 0.880859 0.984375 
vt 0.880859 0.984375 
vt 0.880859 0.984375 
vt 0.880859 0.984375 
vt 0.880859 0.984375 
vt 0.880859 0.984375 
vt 0.880859 0.984375 
vt 0.880859 0.984375 
vt 0.880859 0.984375 
vt 0.880859 0.984375 
vt 0.880859 0.984375 
vt 0.880859 0.984375 
vt 0.880859 0.984375 
vt 0.880859 0.984375 
vt 0.880859 0.984375 
vt 0.880859 0.984375 
vt 0.880859 0.984375 
vt 0.880859 0.984375 
vt 0.880859 0.984375 
vt 0.880859 0.984375 
vt 0.880859 0.984375 
vt 0.880859 0.984375 
vt 0.880859 0.984375 
vt 0.880859 0.984375 
vt 0.880859 0.984375 
vt 0.880859 0.984375 
vt 0.880859 0.984375 
vt 0.880859 0.984375 
vt 0.880859 0.984375 
vt 0.880859 0.984375 
vt 0.880859 0.984375 
vt 0.880859 0.984375 
vt 0.880859 0.984375 
vt 0.880859 0.984375 
vt 0.880859 0.984375 
vt 0.880859 0.984375 
vt 0.880859 0.984375 
vt 0.880859 0.984375 
vt 0.880859 0.984375 
vt 0.880859 0.984375 
vt 0.880859 0.984375 
vt 0.880859 0.984375 
vt 0.880859 0.984375 
vt 0.880859 0.984375 
vt 0.880859 0.984375 
vt 0.880859 0.984375 
vt 0.880859 0.984375 
vt 0.880859 0.984375 
vt 0.880859 0.984375 
vt 0.880859 0.984375 
vt 0.880859 0.984375 
vt 0.880859 0.984375 
vt 0.880859 0.984375 
vt 0.880859 0.984375 
vt 0.880859 0.984375 
vt 0.880859 0.984375 
vt 0.880859 0.984375 
vt 0.880859 0.984375 
vt 0.880859 0.984375 
vt 0.880859 0.984375 
vt 0.880859 0.984375 
vt 0.880859 0.984375 
vt 0.880859 0.984375 
vt 0.880859 0.984375 
vt 0.880859 0.984375 
vt 0.880859 0.984375 
vt 0.880859 0.984375 
vt 0.880859 0.984375 
vt 0.880859 0.984375 
vt 0.880859 0.984375 
vt 0.880859 0.984375 
vt 0.880859 0.984375 
vt 0.880859 0.984375 
vt 0.880859 0.984375 
vt 0.880859 0.984375 
vt 0.880859 0.984375 
vt 0.880859 0.984375 
vt 0.880859 0.984375 
vt 0.880859 0.984375 
vt 0.880859 0.984375 
vt 0.880859 0.984375 
vt 0.880859 0.984375 
vt 0.880859 0.984375 
vt 0.880859 0.984375 
vt 0.880859 0.984375 
vt 0.880859 0.984375 
vt 0.880859 0.984375 
vt 0.880859 0.984375 
vt 0.880859 0.984375 
vt 0.880859 0.984375 
vt 0.880859 0.984375 
vt 0.880859 0.984375 
vt 0.880859 0.984375 
vt 0.880859 0.984375 
vt 0.880859 0.984375 
vt 0.880859 0.984375 
vt 0.880859 0.984375 
vt 0.880859 0.984375 
vt 0.880859 0.984375 
vt 0.880859 0.984375 
vt 0.880859 0.984375 
vt 0.880859 0.984375 
vt 0.880859 0.984375 
vt 0.880859 0.984375 
vt 0.880859 0.984375 
vt 0.880859 0.984375 
vt 0.880859 0.984375 
vt 0.880859 0.984375 
vt 0.880859 0.984375 
vt 0.880859 0.984375 
vt 0.880859 0.984375 
vt 0.880859 0.984375 
vt 0.880859 0.984375 
vt 0.880859 0.984375 
vt 0.880859 0.984375 
vt 0.880859 0.984375 
vt 0.880859 0.984375 
vt 0.880859 0.984375 
vt 0.880859 0.984375 
vt 0.880859 0.984375 
vt 0.880859 0.984375 
vt 0.880859 0.984375 
vt 0.880859 0.984375 
vt 0.880859 0.984375 
vt 0.880859 0.984375 
vt 0.880859 0.984375 
vt 0.880859 0.984375 
vt 0.880859 0.984375 
vt 0.880859 0.984375 
vt 0.880859 0.984375 
vt 0.880859 0.984375 
vt 0.880859 0.984375 
vt 0.880859 0.984375 
vt 0.880859 0.984375 
vt 0.880859 0.984375 
vt 0.880859 0.984375 
vt 0.880859 0.984375 
vt 0.880859 0.984375 
vt 0.880859 0.984375 
vt 0.880859 0.984375 
vt 0.880859 0.984375 
vt 0.880859 0.984375 
vt 0.880859 0.984375 
vt 0.880859 0.984375 
vt 0.880859 0.984375 
vt 0.880859 0.984375 
vt 0.880859 0.984375 
vt 0.880859 0.984375 
vt 0.880859 0.984375 
vt 0.880859 0.984375 
vt 0.880859 0.984375 
vt 0.880859 0.984375 
vt 0.880859 0.984375 
vt 0.880859 0.984375 
vt 0.880859 0.984375 
vt 0.880859 0.984375 
vt 0.880859 0.984375 
vt 0.880859 0.984375 
vt 0.880859 0.984375 
vt 0.880859 0.984375 
vt 0.880859 0.984375 
vt 0.880859 0.984375 
vt 0.880859 0.984375 
vt 0.880859 0.984375 
vt 0.880859 0.984375 
vt 0.880859 0.984375 
vt 0.880859 0.984375 
vt 0.880859 0.984375 
vt 0.880859 0.984375 
vt 0.880859 0.984375 
vt 0.880859 0.984375 
vt 0.880859 0.984375 
vt 0.880859 0.984375 
vt 0.880859 0.984375 
vt 0.880859 0.984375 
vt 0.880859 0.984375 
vt 0.880859 0.984375 
vt 0.880859 0.984375 
vt 0.880859 0.984375 
vt 0.880859 0.984375 
vt 0.880859 0.984375 
vt 0.880859 0.984375 
vt 0.880859 0.984375 
vt 0.880859 0.984375 
vt 0.880859 0.984375 
vt 0.880859 0.984375 
vt 0.880859 0.984375 
vt 0.880859 0.984375 
vt 0.880859 0.984375 
vt 0.880859 0.984375 
vt 0.880859 0.984375 
vt 0.880859 0.984375 
vt 0.880859 0.984375 
vt 0.880859 0.984375 
vt 0.880859 0.984375 
vt 0.880859 0.984375 
vt 0.880859 0.984375 
vt 0.880859 0.984375 
vt 0.880859 0.984375 
vt 0.880859 0.984375 
vt 0.880859 0.984375 
vt 0.880859 0.984375 
vt 0.880859 0.984375 
vt 0.880859 0.984375 
vt 0.880859 0.984375 
vt 0.880859 0.984375 
vt 0.880859 0.984375 
vt 0.880859 0.984375 
vt 0.880859 0.984375 
vt 0.880859 0.984375 
vt 0.880859 0.984375 
vt 0.880859 0.984375 
vt 0.880859 0.984375 
vt 0.880859 0.984375 
vt 0.880859 0.984375 
vt 0.880859 0.984375 
vt 0.880859 0.984375 
vt 0.880859 0.984375 
vt 0.880859 0.984375 
vt 0.880859 0.984375 
vt 0.880859 0.984375 
vt 0.880859 0.984375 
vt 0.880859 0.984375 
vt 0.880859 0.984375 
vt 0.880859 0.984375 
vt 0.880859 0.984375 
vt 0.880859 0.984375 
vt 0.880859 0.984375 
vt 0.880859 0.984375 
vt 0.880859 0.984375 
vt 0.880859 0.984375 
vt 0.880859 0.984375 
vt 0.880859 0.984375 
vt 0.880859 0.984375 
vt 0.880859 0.984375 
vt 0.880859 0.984375 
vt 0.880859 0.984375 
vt 0.880859 0.984375 
vt 0.880859 0.984375 
vt 0.880859 0.984375 
vt 0.880859 0.984375 
vt 0.880859 0.984375 
vt 0.880859 0.984375 
vt 0.880859 0.984375 
vt 0.880859 0.984375 
vt 0.880859 0.984375 
vt 0.880859 0.984375 
vt 0.880859 0.984375 
vt 0.880859 0.984375 
vt 0.880859 0.984375 
vt 0.880859 0.984375 
vt 0.880859 0.984375 
vt 0.880859 0.984375 
vt 0.880859 0.984375 
vt 0.880859 0.984375 
vt 0.880859 0.984375 
vt 0.880859 0.984375 
vt 0.880859 0.984375 
vt 0.880859 0.984375 
vt 0.880859 0.984375 
vt 0.880859 0.984375 
vt 0.880859 0.984375 
vt 0.880859 0.984375 
vt 0.880859 0.984375 
vt 0.880859 0.984375 
vt 0.880859 0.984375 
vt 0.880859 0.984375 
vt 0.880859 0.984375 
vt 0.880859 0.984375 
vt 0.880859 0.984375 
vt 0.880859 0.984375 
vt 0.880859 0.984375 
vt 0.880859 0.984375 
vt 0.880859 0.984375 
vt 0.880859 0.984375 
vt 0.880859 0.984375 
vt 0.880859 0.984375 
vt 0.880859 0.984375 
vt 0.880859 0.984375 
vt 0.880859 0.984375 
vt 0.880859 0.984375 
vt 0.880859 0.984375 
vt 0.880859 0.984375 
vt 0.880859 0.984375 
vt 0.880859 0.984375 
vt 0.880859 0.984375 
vt 0.880859 0.984375 
vt 0.880859 0.984375 
vt 0.880859 0.984375 
vt 0.880859 0.984375 
vt 0.880859 0.984375 
vt 0.880859 0.984375 
vt 0.880859 0.984375 
vt 0.880859 0.984375 
vt 0.880859 0.984375 
vt 0.880859 0.984375 
vt 0.880859 0.984375 
vt 0.880859 0.984375 
vt 0.880859 0.984375 
vt 0.880859 0.984375 
vt 0.880859 0.984375 
vt 0.880859 0.984375 
vt 0.880859 0.984375 
vt 0.880859 0.984375 
vt 0.880859 0.984375 
vt 0.880859 0.984375 
vt 0.880859 0.984375 
vt 0.880859 0.984375 
vt 0.880859 0.984375 
vt 0.880859 0.984375 
vt 0.880859 0.984375 
vt 0.880859 0.984375 
vt 0.880859 0.984375 
vt 0.880859 0.984375 
vt 0.880859 0.984375 
vt 0.880859 0.984375 
vt 0.880859 0.984375 
vt 0.880859 0.984375 
vt 0.880859 0.984375 
vt 0.880859 0.984375 
vt 0.880859 0.984375 
vt 0.880859 0.984375 
vt 0.880859 0.984375 
vt 0.880859 0.984375 
vt 0.880859 0.984375 
vt 0.880859 0.984375 
vt 0.880859 0.984375 
vt 0.880859 0.984375 
vt 0.880859 0.984375 
vt 0.880859 0.984375 
vt 0.880859 0.984375 
vt 0.880859 0.984375 
vt 0.880859 0.984375 
vt 0.880859 0.984375 
vt 0.880859 0.984375 
vt 0.880859 0.984375 
vt 0.880859 0.984375 
vt 0.880859 0.984375 
vt 0.880859 0.984375 
vt 0.880859 0.984375 
vt 0.880859 0.984375 
vt 0.880859 0.984375 
vt 0.880859 0.984375 
vt 0.880859 0.984375 
vt 0.880859 0.984375 
vt 0.880859 0.984375 
vt 0.880859 0.984375 
vt 0.880859 0.984375 
vt 0.880859 0.984375 
vt 0.880859 0.984375 
vt 0.880859 0.984375 
vt 0.880859 0.984375 
vt 0.880859 0.984375 
vt 0.880859 0.984375 
vt 0.880859 0.984375 
vt 0.880859 0.984375 
vt 0.880859 0.984375 
vt 0.909811 0.769788 
vt 0.917475 0.765625 
vt 0.921256 0.765625 
vt 0.91504 0.769788 
vt 0.903314 0.781643 
vt 0.90977 0.781643 
vt 0.898973 0.799384 
vt 0.906249 0.799384 
vt 0.897449 0.820313 
vt 0.905012 0.820313 
vt 0.897449 0.929688 
vt 0.905012 0.929688 
vt 0.898973 0.950616 
vt 0.906249 0.950616 
vt 0.903314 0.968357 
vt 0.90977 0.968357 
vt 0.909811 0.980212 
vt 0.91504 0.980212 
vt 0.917475 0.984375 
vt 0.921256 0.984375 
vt 0.925531 0.765625 
vt 0.920951 0.769788 
vt 0.917068 0.781643 
vt 0.914474 0.799384 
vt 0.913563 0.820313 
vt 0.913563 0.929688 
vt 0.914474 0.950616 
vt 0.917068 0.968357 
vt 0.920951 0.980212 
vt 0.925531 0.984375 
vt 0.93017 0.765625 
vt 0.927365 0.769788 
vt 0.924987 0.781643 
vt 0.923398 0.799384 
vt 0.92284 0.820313 
vt 0.92284 0.929688 
vt 0.923398 0.950616 
vt 0.924987 0.968357 
vt 0.927365 0.980212 
vt 0.93017 0.984375 
vt 0.935032 0.765625 
vt 0.934087 0.769788 
vt 0.933286 0.781643 
vt 0.932751 0.799384 
vt 0.932563 0.820313 
vt 0.932563 0.929688 
vt 0.932751 0.950616 
vt 0.933286 0.968357 
vt 0.934087 0.980212 
vt 0.935032 0.984375 
vt 0.939968 0.765625 
vt 0.940913 0.769788 
vt 0.941714 0.781643 
vt 0.942249 0.799384 
vt 0.942437 0.820313 
vt 0.942437 0.929688 
vt 0.942249 0.950616 
vt 0.941714 0.968357 
vt 0.940913 0.980212 
vt 0.939968 0.984375 
vt 0.94483 0.765625 
vt 0.947635 0.769788 
vt 0.950013 0.781643 
vt 0.951602 0.799384 
vt 0.95216 0.820313 
vt 0.95216 0.929688 
vt 0.951602 0.950616 
vt 0.950013 0.968357 
vt 0.947635 0.980212 
vt 0.94483 0.984375 
vt 0.949469 0.765625 
vt 0.954049 0.769788 
vt 0.957932 0.781643 
vt 0.960526 0.799384 
vt 0.961437 0.820313 
vt 0.961437 0.929688 
vt 0.960526 0.950616 
vt 0.957932 0.968357 
vt 0.954049 0.980212 
vt 0.949469 0.984375 
vt 0.953744 0.765625 
vt 0.95996 0.769788 
vt 0.96523 0.781643 
vt 0.968751 0.799384 
vt 0.969988 0.820313 
vt 0.969988 0.929688 
vt 0.968751 0.950616 
vt 0.96523 0.968357 
vt 0.95996 0.980212 
vt 0.953744 0.984375 
vt 0.957525 0.765625 
vt 0.965189 0.769788 
vt 0.971686 0.781643 
vt 0.976027 0.799384 
vt 0.977551 0.820313 
vt 0.977551 0.929688 
vt 0.976027 0.950616 
vt 0.971686 0.968357 
vt 0.965189 0.980212 
vt 0.957525 0.984375 

usemtl Handle1Mtl

f 3794/3794/3794 3795/3795/3795 3796/3796/3796 
f 3796/3796/3796 3797/3797/3797 3794/3794/3794 
f 3798/3798/3798 3794/3794/3794 3797/3797/3797 
f 3797/3797/3797 3799/3799/3799 3798/3798/3798 
f 3800/3800/3800 3798/3798/3798 3799/3799/3799 
f 3799/3799/3799 3801/3801/3801 3800/3800/3800 
f 3802/3802/3802 3800/3800/3800 3801/3801/3801 
f 3801/3801/3801 3803/3803/3803 3802/3802/3802 
f 3804/3804/3804 3802/3802/3802 3803/3803/3803 
f 3803/3803/3803 3805/3805/3805 3804/3804/3804 
f 3806/3806/3806 3804/3804/3804 3805/3805/3805 
f 3805/3805/3805 3807/3807/3807 3806/3806/3806 
f 3808/3808/3808 3806/3806/3806 3807/3807/3807 
f 3807/3807/3807 3809/3809/3809 3808/3808/3808 
f 3810/3810/3810 3808/3808/3808 3809/3809/3809 
f 3809/3809/3809 3811/3811/3811 3810/3810/3810 
f 3812/3812/3812 3810/3810/3810 3811/3811/3811 
f 3811/3811/3811 3813/3813/3813 3812/3812/3812 
f 3797/3797/3797 3796/3796/3796 3814/3814/3814 
f 3814/3814/3814 3815/3815/3815 3797/3797/3797 
f 3799/3799/3799 3797/3797/3797 3815/3815/3815 
f 3815/3815/3815 3816/3816/3816 3799/3799/3799 
f 3801/3801/3801 3799/3799/3799 3816/3816/3816 
f 3816/3816/3816 3817/3817/3817 3801/3801/3801 
f 3803/3803/3803 3801/3801/3801 3817/3817/3817 
f 3817/3817/3817 3818/3818/3818 3803/3803/3803 
f 3805/3805/3805 3803/3803/3803 3818/3818/3818 
f 3818/3818/3818 3819/3819/3819 3805/3805/3805 
f 3807/3807/3807 3805/3805/3805 3819/3819/3819 
f 3819/3819/3819 3820/3820/3820 3807/3807/3807 
f 3809/3809/3809 3807/3807/3807 3820/3820/3820 
f 3820/3820/3820 3821/3821/3821 3809/3809/3809 
f 3811/3811/3811 3809/3809/3809 3821/3821/3821 
f 3821/3821/3821 3822/3822/3822 3811/3811/3811 
f 3813/3813/3813 3811/3811/3811 3822/3822/3822 
f 3822/3822/3822 3823/3823/3823 3813/3813/3813 
f 3815/3815/3815 3814/3814/3814 3824/3824/3824 
f 3824/3824/3824 3825/3825/3825 3815/3815/3815 
f 3816/3816/3816 3815/3815/3815 3825/3825/3825 
f 3825/3825/3825 3826/3826/3826 3816/3816/3816 
f 3817/3817/3817 3816/3816/3816 3826/3826/3826 
f 3826/3826/3826 3827/3827/3827 3817/3817/3817 
f 3818/3818/3818 3817/3817/3817 3827/3827/3827 
f 3827/3827/3827 3828/3828/3828 3818/3818/3818 
f 3819/3819/3819 3818/3818/3818 3828/3828/3828 
f 3828/3828/3828 3829/3829/3829 3819/3819/3819 
f 3820/3820/3820 3819/3819/3819 3829/3829/3829 
f 3829/3829/3829 3830/3830/3830 3820/3820/3820 
f 3821/3821/3821 3820/3820/3820 3830/3830/3830 
f 3830/3830/3830 3831/3831/3831 3821/3821/3821 
f 3822/3822/3822 3821/3821/3821 3831/3831/3831 
f 3831/3831/3831 3832/3832/3832 3822/3822/3822 
f 3823/3823/3823 3822/3822/3822 3832/3832/3832 
f 3832/3832/3832 3833/3833/3833 3823/3823/3823 
f 3825/3825/3825 3824/3824/3824 3834/3834/3834 
f 3834/3834/3834 3835/3835/3835 3825/3825/3825 
f 3826/3826/3826 3825/3825/3825 3835/3835/3835 
f 3835/3835/3835 3836/3836/3836 3826/3826/3826 
f 3827/3827/3827 3826/3826/3826 3836/3836/3836 
f 3836/3836/3836 3837/3837/3837 3827/3827/3827 
f 3828/3828/3828 3827/3827/3827 3837/3837/3837 
f 3837/3837/3837 3838/3838/3838 3828/3828/3828 
f 3829/3829/3829 3828/3828/3828 3838/3838/3838 
f 3838/3838/3838 3839/3839/3839 3829/3829/3829 
f 3830/3830/3830 3829/3829/3829 3839/3839/3839 
f 3839/3839/3839 3840/3840/3840 3830/3830/3830 
f 3831/3831/3831 3830/3830/3830 3840/3840/3840 
f 3840/3840/3840 3841/3841/3841 3831/3831/3831 
f 3832/3832/3832 3831/3831/3831 3841/3841/3841 
f 3841/3841/3841 3842/3842/3842 3832/3832/3832 
f 3833/3833/3833 3832/3832/3832 3842/3842/3842 
f 3842/3842/3842 3843/3843/3843 3833/3833/3833 
f 3835/3835/3835 3834/3834/3834 3844/3844/3844 
f 3844/3844/3844 3845/3845/3845 3835/3835/3835 
f 3836/3836/3836 3835/3835/3835 3845/3845/3845 
f 3845/3845/3845 3846/3846/3846 3836/3836/3836 
f 3837/3837/3837 3836/3836/3836 3846/3846/3846 
f 3846/3846/3846 3847/3847/3847 3837/3837/3837 
f 3838/3838/3838 3837/3837/3837 3847/3847/3847 
f 3847/3847/3847 3848/3848/3848 3838/3838/3838 
f 3839/3839/3839 3838/3838/3838 3848/3848/3848 
f 3848/3848/3848 3849/3849/3849 3839/3839/3839 
f 3840/3840/3840 3839/3839/3839 3849/3849/3849 
f 3849/3849/3849 3850/3850/3850 3840/3840/3840 
f 3841/3841/3841 3840/3840/3840 3850/3850/3850 
f 3850/3850/3850 3851/3851/3851 3841/3841/3841 
f 3842/3842/3842 3841/3841/3841 3851/3851/3851 
f 3851/3851/3851 3852/3852/3852 3842/3842/3842 
f 3843/3843/3843 3842/3842/3842 3852/3852/3852 
f 3852/3852/3852 3853/3853/3853 3843/3843/3843 
f 3845/3845/3845 3844/3844/3844 3854/3854/3854 
f 3854/3854/3854 3855/3855/3855 3845/3845/3845 
f 3846/3846/3846 3845/3845/3845 3855/3855/3855 
f 3855/3855/3855 3856/3856/3856 3846/3846/3846 
f 3847/3847/3847 3846/3846/3846 3856/3856/3856 
f 3856/3856/3856 3857/3857/3857 3847/3847/3847 
f 3848/3848/3848 3847/3847/3847 3857/3857/3857 
f 3857/3857/3857 3858/3858/3858 3848/3848/3848 
f 3849/3849/3849 3848/3848/3848 3858/3858/3858 
f 3858/3858/3858 3859/3859/3859 3849/3849/3849 
f 3850/3850/3850 3849/3849/3849 3859/3859/3859 
f 3859/3859/3859 3860/3860/3860 3850/3850/3850 
f 3851/3851/3851 3850/3850/3850 3860/3860/3860 
f 3860/3860/3860 3861/3861/3861 3851/3851/3851 
f 3852/3852/3852 3851/3851/3851 3861/3861/3861 
f 3861/3861/3861 3862/3862/3862 3852/3852/3852 
f 3853/3853/3853 3852/3852/3852 3862/3862/3862 
f 3862/3862/3862 3863/3863/3863 3853/3853/3853 
f 3855/3855/3855 3854/3854/3854 3864/3864/3864 
f 3864/3864/3864 3865/3865/3865 3855/3855/3855 
f 3856/3856/3856 3855/3855/3855 3865/3865/3865 
f 3865/3865/3865 3866/3866/3866 3856/3856/3856 
f 3857/3857/3857 3856/3856/3856 3866/3866/3866 
f 3866/3866/3866 3867/3867/3867 3857/3857/3857 
f 3858/3858/3858 3857/3857/3857 3867/3867/3867 
f 3867/3867/3867 3868/3868/3868 3858/3858/3858 
f 3859/3859/3859 3858/3858/3858 3868/3868/3868 
f 3868/3868/3868 3869/3869/3869 3859/3859/3859 
f 3860/3860/3860 3859/3859/3859 3869/3869/3869 
f 3869/3869/3869 3870/3870/3870 3860/3860/3860 
f 3861/3861/3861 3860/3860/3860 3870/3870/3870 
f 3870/3870/3870 3871/3871/3871 3861/3861/3861 
f 3862/3862/3862 3861/3861/3861 3871/3871/3871 
f 3871/3871/3871 3872/3872/3872 3862/3862/3862 
f 3863/3863/3863 3862/3862/3862 3872/3872/3872 
f 3872/3872/3872 3873/3873/3873 3863/3863/3863 
f 3865/3865/3865 3864/3864/3864 3874/3874/3874 
f 3874/3874/3874 3875/3875/3875 3865/3865/3865 
f 3866/3866/3866 3865/3865/3865 3875/3875/3875 
f 3875/3875/3875 3876/3876/3876 3866/3866/3866 
f 3867/3867/3867 3866/3866/3866 3876/3876/3876 
f 3876/3876/3876 3877/3877/3877 3867/3867/3867 
f 3868/3868/3868 3867/3867/3867 3877/3877/3877 
f 3877/3877/3877 3878/3878/3878 3868/3868/3868 
f 3869/3869/3869 3868/3868/3868 3878/3878/3878 
f 3878/3878/3878 3879/3879/3879 3869/3869/3869 
f 3870/3870/3870 3869/3869/3869 3879/3879/3879 
f 3879/3879/3879 3880/3880/3880 3870/3870/3870 
f 3871/3871/3871 3870/3870/3870 3880/3880/3880 
f 3880/3880/3880 3881/3881/3881 3871/3871/3871 
f 3872/3872/3872 3871/3871/3871 3881/3881/3881 
f 3881/3881/3881 3882/3882/3882 3872/3872/3872 
f 3873/3873/3873 3872/3872/3872 3882/3882/3882 
f 3882/3882/3882 3883/3883/3883 3873/3873/3873 
f 3875/3875/3875 3874/3874/3874 3884/3884/3884 
f 3884/3884/3884 3885/3885/3885 3875/3875/3875 
f 3876/3876/3876 3875/3875/3875 3885/3885/3885 
f 3885/3885/3885 3886/3886/3886 3876/3876/3876 
f 3877/3877/3877 3876/3876/3876 3886/3886/3886 
f 3886/3886/3886 3887/3887/3887 3877/3877/3877 
f 3878/3878/3878 3877/3877/3877 3887/3887/3887 
f 3887/3887/3887 3888/3888/3888 3878/3878/3878 
f 3879/3879/3879 3878/3878/3878 3888/3888/3888 
f 3888/3888/3888 3889/3889/3889 3879/3879/3879 
f 3880/3880/3880 3879/3879/3879 3889/3889/3889 
f 3889/3889/3889 3890/3890/3890 3880/3880/3880 
f 3881/3881/3881 3880/3880/3880 3890/3890/3890 
f 3890/3890/3890 3891/3891/3891 3881/3881/3881 
f 3882/3882/3882 3881/3881/3881 3891/3891/3891 
f 3891/3891/3891 3892/3892/3892 3882/3882/3882 
f 3883/3883/3883 3882/3882/3882 3892/3892/3892 
f 3892/3892/3892 3893/3893/3893 3883/3883/3883 
f 3894/3894/3894 3895/3895/3895 3896/3896/3896 
f 3894/3894/3894 3896/3896/3896 3897/3897/3897 
f 3894/3894/3894 3897/3897/3897 3898/3898/3898 
f 3894/3894/3894 3898/3898/3898 3899/3899/3899 
f 3894/3894/3894 3899/3899/3899 3900/3900/3900 
f 3894/3894/3894 3900/3900/3900 3901/3901/3901 
f 3894/3894/3894 3901/3901/3901 3902/3902/3902 
f 3894/3894/3894 3902/3902/3902 3903/3903/3903 
f 3894/3894/3894 3903/3903/3903 3904/3904/3904 
f 3894/3894/3894 3904/3904/3904 3905/3905/3905 
f 3894/3894/3894 3905/3905/3905 3906/3906/3906 
f 3894/3894/3894 3906/3906/3906 3907/3907/3907 
f 3894/3894/3894 3907/3907/3907 3908/3908/3908 
f 3894/3894/3894 3908/3908/3908 3909/3909/3909 
f 3894/3894/3894 3909/3909/3909 3910/3910/3910 
f 3894/3894/3894 3910/3910/3910 3911/3911/3911 
f 3894/3894/3894 3911/3911/3911 3912/3912/3912 
f 3894/3894/3894 3912/3912/3912 3913/3913/3913 
f 3894/3894/3894 3913/3913/3913 3914/3914/3914 
f 3894/3894/3894 3914/3914/3914 3915/3915/3915 
f 3894/3894/3894 3915/3915/3915 3916/3916/3916 
f 3894/3894/3894 3916/3916/3916 3917/3917/3917 
f 3894/3894/3894 3917/3917/3917 3918/3918/3918 
f 3894/3894/3894 3918/3918/3918 3919/3919/3919 
f 3894/3894/3894 3919/3919/3919 3920/3920/3920 
f 3894/3894/3894 3920/3920/3920 3921/3921/3921 
f 3894/3894/3894 3921/3921/3921 3922/3922/3922 
f 3894/3894/3894 3922/3922/3922 3923/3923/3923 
f 3894/3894/3894 3923/3923/3923 3924/3924/3924 
f 3894/3894/3894 3924/3924/3924 3925/3925/3925 
f 3894/3894/3894 3925/3925/3925 3926/3926/3926 
f 3894/3894/3894 3926/3926/3926 3927/3927/3927 
f 3894/3894/3894 3927/3927/3927 3928/3928/3928 
f 3894/3894/3894 3928/3928/3928 3929/3929/3929 
f 3894/3894/3894 3929/3929/3929 3930/3930/3930 
f 3894/3894/3894 3930/3930/3930 3895/3895/3895 
f 3931/3931/3931 3932/3932/3932 3933/3933/3933 
f 3933/3933/3933 3934/3934/3934 3931/3931/3931 
f 3935/3935/3935 3931/3931/3931 3934/3934/3934 
f 3934/3934/3934 3936/3936/3936 3935/3935/3935 
f 3937/3937/3937 3935/3935/3935 3936/3936/3936 
f 3936/3936/3936 3938/3938/3938 3937/3937/3937 
f 3939/3939/3939 3937/3937/3937 3938/3938/3938 
f 3938/3938/3938 3940/3940/3940 3939/3939/3939 
f 3941/3941/3941 3939/3939/3939 3940/3940/3940 
f 3940/3940/3940 3942/3942/3942 3941/3941/3941 
f 3943/3943/3943 3941/3941/3941 3942/3942/3942 
f 3942/3942/3942 3944/3944/3944 3943/3943/3943 
f 3945/3945/3945 3943/3943/3943 3944/3944/3944 
f 3944/3944/3944 3946/3946/3946 3945/3945/3945 
f 3947/3947/3947 3945/3945/3945 3946/3946/3946 
f 3946/3946/3946 3948/3948/3948 3947/3947/3947 
f 3949/3949/3949 3947/3947/3947 3948/3948/3948 
f 3948/3948/3948 3950/3950/3950 3949/3949/3949 
f 3934/3934/3934 3933/3933/3933 3951/3951/3951 
f 3951/3951/3951 3952/3952/3952 3934/3934/3934 
f 3936/3936/3936 3934/3934/3934 3952/3952/3952 
f 3952/3952/3952 3953/3953/3953 3936/3936/3936 
f 3938/3938/3938 3936/3936/3936 3953/3953/3953 
f 3953/3953/3953 3954/3954/3954 3938/3938/3938 
f 3940/3940/3940 3938/3938/3938 3954/3954/3954 
f 3954/3954/3954 3955/3955/3955 3940/3940/3940 
f 3942/3942/3942 3940/3940/3940 3955/3955/3955 
f 3955/3955/3955 3956/3956/3956 3942/3942/3942 
f 3944/3944/3944 3942/3942/3942 3956/3956/3956 
f 3956/3956/3956 3957/3957/3957 3944/3944/3944 
f 3946/3946/3946 3944/3944/3944 3957/3957/3957 
f 3957/3957/3957 3958/3958/3958 3946/3946/3946 
f 3948/3948/3948 3946/3946/3946 3958/3958/3958 
f 3958/3958/3958 3959/3959/3959 3948/3948/3948 
f 3950/3950/3950 3948/3948/3948 3959/3959/3959 
f 3959/3959/3959 3960/3960/3960 3950/3950/3950 
f 3952/3952/3952 3951/3951/3951 3961/3961/3961 
f 3961/3961/3961 3962/3962/3962 3952/3952/3952 
f 3953/3953/3953 3952/3952/3952 3962/3962/3962 
f 3962/3962/3962 3963/3963/3963 3953/3953/3953 
f 3954/3954/3954 3953/3953/3953 3963/3963/3963 
f 3963/3963/3963 3964/3964/3964 3954/3954/3954 
f 3955/3955/3955 3954/3954/3954 3964/3964/3964 
f 3964/3964/3964 3965/3965/3965 3955/3955/3955 
f 3956/3956/3956 3955/3955/3955 3965/3965/3965 
f 3965/3965/3965 3966/3966/3966 3956/3956/3956 
f 3957/3957/3957 3956/3956/3956 3966/3966/3966 
f 3966/3966/3966 3967/3967/3967 3957/3957/3957 
f 3958/3958/3958 3957/3957/3957 3967/3967/3967 
f 3967/3967/3967 3968/3968/3968 3958/3958/3958 
f 3959/3959/3959 3958/3958/3958 3968/3968/3968 
f 3968/3968/3968 3969/3969/3969 3959/3959/3959 
f 3960/3960/3960 3959/3959/3959 3969/3969/3969 
f 3969/3969/3969 3970/3970/3970 3960/3960/3960 
f 3962/3962/3962 3961/3961/3961 3971/3971/3971 
f 3971/3971/3971 3972/3972/3972 3962/3962/3962 
f 3963/3963/3963 3962/3962/3962 3972/3972/3972 
f 3972/3972/3972 3973/3973/3973 3963/3963/3963 
f 3964/3964/3964 3963/3963/3963 3973/3973/3973 
f 3973/3973/3973 3974/3974/3974 3964/3964/3964 
f 3965/3965/3965 3964/3964/3964 3974/3974/3974 
f 3974/3974/3974 3975/3975/3975 3965/3965/3965 
f 3966/3966/3966 3965/3965/3965 3975/3975/3975 
f 3975/3975/3975 3976/3976/3976 3966/3966/3966 
f 3967/3967/3967 3966/3966/3966 3976/3976/3976 
f 3976/3976/3976 3977/3977/3977 3967/3967/3967 
f 3968/3968/3968 3967/3967/3967 3977/3977/3977 
f 3977/3977/3977 3978/3978/3978 3968/3968/3968 
f 3969/3969/3969 3968/3968/3968 3978/3978/3978 
f 3978/3978/3978 3979/3979/3979 3969/3969/3969 
f 3970/3970/3970 3969/3969/3969 3979/3979/3979 
f 3979/3979/3979 3980/3980/3980 3970/3970/3970 
f 3972/3972/3972 3971/3971/3971 3981/3981/3981 
f 3981/3981/3981 3982/3982/3982 3972/3972/3972 
f 3973/3973/3973 3972/3972/3972 3982/3982/3982 
f 3982/3982/3982 3983/3983/3983 3973/3973/3973 
f 3974/3974/3974 3973/3973/3973 3983/3983/3983 
f 3983/3983/3983 3984/3984/3984 3974/3974/3974 
f 3975/3975/3975 3974/3974/3974 3984/3984/3984 
f 3984/3984/3984 3985/3985/3985 3975/3975/3975 
f 3976/3976/3976 3975/3975/3975 3985/3985/3985 
f 3985/3985/3985 3986/3986/3986 3976/3976/3976 
f 3977/3977/3977 3976/3976/3976 3986/3986/3986 
f 3986/3986/3986 3987/3987/3987 3977/3977/3977 
f 3978/3978/3978 3977/3977/3977 3987/3987/3987 
f 3987/3987/3987 3988/3988/3988 3978/3978/3978 
f 3979/3979/3979 3978/3978/3978 3988/3988/3988 
f 3988/3988/3988 3989/3989/3989 3979/3979/3979 
f 3980/3980/3980 3979/3979/3979 3989/3989/3989 
f 3989/3989/3989 3990/3990/3990 3980/3980/3980 
f 3982/3982/3982 3981/3981/3981 3991/3991/3991 
f 3991/3991/3991 3992/3992/3992 3982/3982/3982 
f 3983/3983/3983 3982/3982/3982 3992/3992/3992 
f 3992/3992/3992 3993/3993/3993 3983/3983/3983 
f 3984/3984/3984 3983/3983/3983 3993/3993/3993 
f 3993/3993/3993 3994/3994/3994 3984/3984/3984 
f 3985/3985/3985 3984/3984/3984 3994/3994/3994 
f 3994/3994/3994 3995/3995/3995 3985/3985/3985 
f 3986/3986/3986 3985/3985/3985 3995/3995/3995 
f 3995/3995/3995 3996/3996/3996 3986/3986/3986 
f 3987/3987/3987 3986/3986/3986 3996/3996/3996 
f 3996/3996/3996 3997/3997/3997 3987/3987/3987 
f 3988/3988/3988 3987/3987/3987 3997/3997/3997 
f 3997/3997/3997 3998/3998/3998 3988/3988/3988 
f 3989/3989/3989 3988/3988/3988 3998/3998/3998 
f 3998/3998/3998 3999/3999/3999 3989/3989/3989 
f 3990/3990/3990 3989/3989/3989 3999/3999/3999 
f 3999/3999/3999 4000/4000/4000 3990/3990/3990 
f 3992/3992/3992 3991/3991/3991 4001/4001/4001 
f 4001/4001/4001 4002/4002/4002 3992/3992/3992 
f 3993/3993/3993 3992/3992/3992 4002/4002/4002 
f 4002/4002/4002 4003/4003/4003 3993/3993/3993 
f 3994/3994/3994 3993/3993/3993 4003/4003/4003 
f 4003/4003/4003 4004/4004/4004 3994/3994/3994 
f 3995/3995/3995 3994/3994/3994 4004/4004/4004 
f 4004/4004/4004 4005/4005/4005 3995/3995/3995 
f 3996/3996/3996 3995/3995/3995 4005/4005/4005 
f 4005/4005/4005 4006/4006/4006 3996/3996/3996 
f 3997/3997/3997 3996/3996/3996 4006/4006/4006 
f 4006/4006/4006 4007/4007/4007 3997/3997/3997 
f 3998/3998/3998 3997/3997/3997 4007/4007/4007 
f 4007/4007/4007 4008/4008/4008 3998/3998/3998 
f 3999/3999/3999 3998/3998/3998 4008/4008/4008 
f 4008/4008/4008 4009/4009/4009 3999/3999/3999 
f 4000/4000/4000 3999/3999/3999 4009/4009/4009 
f 4009/4009/4009 4010/4010/4010 4000/4000/4000 
f 4002/4002/4002 4001/4001/4001 4011/4011/4011 
f 4011/4011/4011 4012/4012/4012 4002/4002/4002 
f 4003/4003/4003 4002/4002/4002 4012/4012/4012 
f 4012/4012/4012 4013/4013/4013 4003/4003/4003 
f 4004/4004/4004 4003/4003/4003 4013/4013/4013 
f 4013/4013/4013 4014/4014/4014 4004/4004/4004 
f 4005/4005/4005 4004/4004/4004 4014/4014/4014 
f 4014/4014/4014 4015/4015/4015 4005/4005/4005 
f 4006/4006/4006 4005/4005/4005 4015/4015/4015 
f 4015/4015/4015 4016/4016/4016 4006/4006/4006 
f 4007/4007/4007 4006/4006/4006 4016/4016/4016 
f 4016/4016/4016 4017/4017/4017 4007/4007/4007 
f 4008/4008/4008 4007/4007/4007 4017/4017/4017 
f 4017/4017/4017 4018/4018/4018 4008/4008/4008 
f 4009/4009/4009 4008/4008/4008 4018/4018/4018 
f 4018/4018/4018 4019/4019/4019 4009/4009/4009 
f 4010/4010/4010 4009/4009/4009 4019/4019/4019 
f 4019/4019/4019 4020/4020/4020 4010/4010/4010 
f 4012/4012/4012 4011/4011/4011 3795/3795/3795 
f 3795/3795/3795 3794/3794/3794 4012/4012/4012 
f 4013/4013/4013 4012/4012/4012 3794/3794/3794 
f 3794/3794/3794 3798/3798/3798 4013/4013/4013 
f 4014/4014/4014 4013/4013/4013 3798/3798/3798 
f 3798/3798/3798 3800/3800/3800 4014/4014/4014 
f 4015/4015/4015 4014/4014/4014 3800/3800/3800 
f 3800/3800/3800 3802/3802/3802 4015/4015/4015 
f 4016/4016/4016 4015/4015/4015 3802/3802/3802 
f 3802/3802/3802 3804/3804/3804 4016/4016/4016 
f 4017/4017/4017 4016/4016/4016 3804/3804/3804 
f 3804/3804/3804 3806/3806/3806 4017/4017/4017 
f 4018/4018/4018 4017/4017/4017 3806/3806/3806 
f 3806/3806/3806 3808/3808/3808 4018/4018/4018 
f 4019/4019/4019 4018/4018/4018 3808/3808/3808 
f 3808/3808/3808 3810/3810/3810 4019/4019/4019 
f 4020/4020/4020 4019/4019/4019 3810/3810/3810 
f 3810/3810/3810 3812/3812/3812 4020/4020/4020 
f 4021/4021/4021 4022/4022/4022 4023/4023/4023 
f 4023/4023/4023 4024/4024/4024 4021/4021/4021 
f 4025/4025/4025 4021/4021/4021 4024/4024/4024 
f 4024/4024/4024 4026/4026/4026 4025/4025/4025 
f 4027/4027/4027 4025/4025/4025 4026/4026/4026 
f 4026/4026/4026 4028/4028/4028 4027/4027/4027 
f 4029/4029/4029 4027/4027/4027 4028/4028/4028 
f 4028/4028/4028 4030/4030/4030 4029/4029/4029 
f 4031/4031/4031 4029/4029/4029 4030/4030/4030 
f 4030/4030/4030 4032/4032/4032 4031/4031/4031 
f 4033/4033/4033 4031/4031/4031 4032/4032/4032 
f 4032/4032/4032 4034/4034/4034 4033/4033/4033 
f 4035/4035/4035 4033/4033/4033 4034/4034/4034 
f 4034/4034/4034 4036/4036/4036 4035/4035/4035 
f 4037/4037/4037 4035/4035/4035 4036/4036/4036 
f 4036/4036/4036 4038/4038/4038 4037/4037/4037 
f 4039/4039/4039 4037/4037/4037 4038/4038/4038 
f 4038/4038/4038 4040/4040/4040 4039/4039/4039 
f 4024/4024/4024 4023/4023/4023 4041/4041/4041 
f 4041/4041/4041 4042/4042/4042 4024/4024/4024 
f 4026/4026/4026 4024/4024/4024 4042/4042/4042 
f 4042/4042/4042 4043/4043/4043 4026/4026/4026 
f 4028/4028/4028 4026/4026/4026 4043/4043/4043 
f 4043/4043/4043 4044/4044/4044 4028/4028/4028 
f 4030/4030/4030 4028/4028/4028 4044/4044/4044 
f 4044/4044/4044 4045/4045/4045 4030/4030/4030 
f 4032/4032/4032 4030/4030/4030 4045/4045/4045 
f 4045/4045/4045 4046/4046/4046 4032/4032/4032 
f 4034/4034/4034 4032/4032/4032 4046/4046/4046 
f 4046/4046/4046 4047/4047/4047 4034/4034/4034 
f 4036/4036/4036 4034/4034/4034 4047/4047/4047 
f 4047/4047/4047 4048/4048/4048 4036/4036/4036 
f 4038/4038/4038 4036/4036/4036 4048/4048/4048 
f 4048/4048/4048 4049/4049/4049 4038/4038/4038 
f 4040/4040/4040 4038/4038/4038 4049/4049/4049 
f 4049/4049/4049 4050/4050/4050 4040/4040/4040 
f 4042/4042/4042 4041/4041/4041 4051/4051/4051 
f 4051/4051/4051 4052/4052/4052 4042/4042/4042 
f 4043/4043/4043 4042/4042/4042 4052/4052/4052 
f 4052/4052/4052 4053/4053/4053 4043/4043/4043 
f 4044/4044/4044 4043/4043/4043 4053/4053/4053 
f 4053/4053/4053 4054/4054/4054 4044/4044/4044 
f 4045/4045/4045 4044/4044/4044 4054/4054/4054 
f 4054/4054/4054 4055/4055/4055 4045/4045/4045 
f 4046/4046/4046 4045/4045/4045 4055/4055/4055 
f 4055/4055/4055 4056/4056/4056 4046/4046/4046 
f 4047/4047/4047 4046/4046/4046 4056/4056/4056 
f 4056/4056/4056 4057/4057/4057 4047/4047/4047 
f 4048/4048/4048 4047/4047/4047 4057/4057/4057 
f 4057/4057/4057 4058/4058/4058 4048/4048/4048 
f 4049/4049/4049 4048/4048/4048 4058/4058/4058 
f 4058/4058/4058 4059/4059/4059 4049/4049/4049 
f 4050/4050/4050 4049/4049/4049 4059/4059/4059 
f 4059/4059/4059 4060/4060/4060 4050/4050/4050 
f 4052/4052/4052 4051/4051/4051 4061/4061/4061 
f 4061/4061/4061 4062/4062/4062 4052/4052/4052 
f 4053/4053/4053 4052/4052/4052 4062/4062/4062 
f 4062/4062/4062 4063/4063/4063 4053/4053/4053 
f 4054/4054/4054 4053/4053/4053 4063/4063/4063 
f 4063/4063/4063 4064/4064/4064 4054/4054/4054 
f 4055/4055/4055 4054/4054/4054 4064/4064/4064 
f 4064/4064/4064 4065/4065/4065 4055/4055/4055 
f 4056/4056/4056 4055/4055/4055 4065/4065/4065 
f 4065/4065/4065 4066/4066/4066 4056/4056/4056 
f 4057/4057/4057 4056/4056/4056 4066/4066/4066 
f 4066/4066/4066 4067/4067/4067 4057/4057/4057 
f 4058/4058/4058 4057/4057/4057 4067/4067/4067 
f 4067/4067/4067 4068/4068/4068 4058/4058/4058 
f 4059/4059/4059 4058/4058/4058 4068/4068/4068 
f 4068/4068/4068 4069/4069/4069 4059/4059/4059 
f 4060/4060/4060 4059/4059/4059 4069/4069/4069 
f 4069/4069/4069 4070/4070/4070 4060/4060/4060 
f 4062/4062/4062 4061/4061/4061 4071/4071/4071 
f 4071/4071/4071 4072/4072/4072 4062/4062/4062 
f 4063/4063/4063 4062/4062/4062 4072/4072/4072 
f 4072/4072/4072 4073/4073/4073 4063/4063/4063 
f 4064/4064/4064 4063/4063/4063 4073/4073/4073 
f 4073/4073/4073 4074/4074/4074 4064/4064/4064 
f 4065/4065/4065 4064/4064/4064 4074/4074/4074 
f 4074/4074/4074 4075/4075/4075 4065/4065/4065 
f 4066/4066/4066 4065/4065/4065 4075/4075/4075 
f 4075/4075/4075 4076/4076/4076 4066/4066/4066 
f 4067/4067/4067 4066/4066/4066 4076/4076/4076 
f 4076/4076/4076 4077/4077/4077 4067/4067/4067 
f 4068/4068/4068 4067/4067/4067 4077/4077/4077 
f 4077/4077/4077 4078/4078/4078 4068/4068/4068 
f 4069/4069/4069 4068/4068/4068 4078/4078/4078 
f 4078/4078/4078 4079/4079/4079 4069/4069/4069 
f 4070/4070/4070 4069/4069/4069 4079/4079/4079 
f 4079/4079/4079 4080/4080/4080 4070/4070/4070 
f 4072/4072/4072 4071/4071/4071 4081/4081/4081 
f 4081/4081/4081 4082/4082/4082 4072/4072/4072 
f 4073/4073/4073 4072/4072/4072 4082/4082/4082 
f 4082/4082/4082 4083/4083/4083 4073/4073/4073 
f 4074/4074/4074 4073/4073/4073 4083/4083/4083 
f 4083/4083/4083 4084/4084/4084 4074/4074/4074 
f 4075/4075/4075 4074/4074/4074 4084/4084/4084 
f 4084/4084/4084 4085/4085/4085 4075/4075/4075 
f 4076/4076/4076 4075/4075/4075 4085/4085/4085 
f 4085/4085/4085 4086/4086/4086 4076/4076/4076 
f 4077/4077/4077 4076/4076/4076 4086/4086/4086 
f 4086/4086/4086 4087/4087/4087 4077/4077/4077 
f 4078/4078/4078 4077/4077/4077 4087/4087/4087 
f 4087/4087/4087 4088/4088/4088 4078/4078/4078 
f 4079/4079/4079 4078/4078/4078 4088/4088/4088 
f 4088/4088/4088 4089/4089/4089 4079/4079/4079 
f 4080/4080/4080 4079/4079/4079 4089/4089/4089 
f 4089/4089/4089 4090/4090/4090 4080/4080/4080 
f 4082/4082/4082 4081/4081/4081 4091/4091/4091 
f 4091/4091/4091 4092/4092/4092 4082/4082/4082 
f 4083/4083/4083 4082/4082/4082 4092/4092/4092 
f 4092/4092/4092 4093/4093/4093 4083/4083/4083 
f 4084/4084/4084 4083/4083/4083 4093/4093/4093 
f 4093/4093/4093 4094/4094/4094 4084/4084/4084 
f 4085/4085/4085 4084/4084/4084 4094/4094/4094 
f 4094/4094/4094 4095/4095/4095 4085/4085/4085 
f 4086/4086/4086 4085/4085/4085 4095/4095/4095 
f 4095/4095/4095 4096/4096/4096 4086/4086/4086 
f 4087/4087/4087 4086/4086/4086 4096/4096/4096 
f 4096/4096/4096 4097/4097/4097 4087/4087/4087 
f 4088/4088/4088 4087/4087/4087 4097/4097/4097 
f 4097/4097/4097 4098/4098/4098 4088/4088/4088 
f 4089/4089/4089 4088/4088/4088 4098/4098/4098 
f 4098/4098/4098 4099/4099/4099 4089/4089/4089 
f 4090/4090/4090 4089/4089/4089 4099/4099/4099 
f 4099/4099/4099 4100/4100/4100 4090/4090/4090 
f 4092/4092/4092 4091/4091/4091 4101/4101/4101 
f 4101/4101/4101 4102/4102/4102 4092/4092/4092 
f 4093/4093/4093 4092/4092/4092 4102/4102/4102 
f 4102/4102/4102 4103/4103/4103 4093/4093/4093 
f 4094/4094/4094 4093/4093/4093 4103/4103/4103 
f 4103/4103/4103 4104/4104/4104 4094/4094/4094 
f 4095/4095/4095 4094/4094/4094 4104/4104/4104 
f 4104/4104/4104 4105/4105/4105 4095/4095/4095 
f 4096/4096/4096 4095/4095/4095 4105/4105/4105 
f 4105/4105/4105 4106/4106/4106 4096/4096/4096 
f 4097/4097/4097 4096/4096/4096 4106/4106/4106 
f 4106/4106/4106 4107/4107/4107 4097/4097/4097 
f 4098/4098/4098 4097/4097/4097 4107/4107/4107 
f 4107/4107/4107 4108/4108/4108 4098/4098/4098 
f 4099/4099/4099 4098/4098/4098 4108/4108/4108 
f 4108/4108/4108 4109/4109/4109 4099/4099/4099 
f 4100/4100/4100 4099/4099/4099 4109/4109/4109 
f 4109/4109/4109 4110/4110/4110 4100/4100/4100 
f 4102/4102/4102 4101/4101/4101 3932/3932/3932 
f 3932/3932/3932 3931/3931/3931 4102/4102/4102 
f 4103/4103/4103 4102/4102/4102 3931/3931/3931 
f 3931/3931/3931 3935/3935/3935 4103/4103/4103 
f 4104/4104/4104 4103/4103/4103 3935/3935/3935 
f 3935/3935/3935 3937/3937/3937 4104/4104/4104 
f 4105/4105/4105 4104/4104/4104 3937/3937/3937 
f 3937/3937/3937 3939/3939/3939 4105/4105/4105 
f 4106/4106/4106 4105/4105/4105 3939/3939/3939 
f 3939/3939/3939 3941/3941/3941 4106/4106/4106 
f 4107/4107/4107 4106/4106/4106 3941/3941/3941 
f 3941/3941/3941 3943/3943/3943 4107/4107/4107 
f 4108/4108/4108 4107/4107/4107 3943/3943/3943 
f 3943/3943/3943 3945/3945/3945 4108/4108/4108 
f 4109/4109/4109 4108/4108/4108 3945/3945/3945 
f 3945/3945/3945 3947/3947/3947 4109/4109/4109 
f 4110/4110/4110 4109/4109/4109 3947/3947/3947 
f 3947/3947/3947 3949/3949/3949 4110/4110/4110 
f 4111/4111/4111 4112/4112/4112 4113/4113/4113 
f 4113/4113/4113 4114/4114/4114 4111/4111/4111 
f 4115/4115/4115 4111/4111/4111 4114/4114/4114 
f 4114/4114/4114 4116/4116/4116 4115/4115/4115 
f 4117/4117/4117 4115/4115/4115 4116/4116/4116 
f 4116/4116/4116 4118/4118/4118 4117/4117/4117 
f 4119/4119/4119 4117/4117/4117 4118/4118/4118 
f 4118/4118/4118 4120/4120/4120 4119/4119/4119 
f 4121/4121/4121 4119/4119/4119 4120/4120/4120 
f 4120/4120/4120 4122/4122/4122 4121/4121/4121 
f 4123/4123/4123 4121/4121/4121 4122/4122/4122 
f 4122/4122/4122 4124/4124/4124 4123/4123/4123 
f 4125/4125/4125 4123/4123/4123 4124/4124/4124 
f 4124/4124/4124 4126/4126/4126 4125/4125/4125 
f 4127/4127/4127 4125/4125/4125 4126/4126/4126 
f 4126/4126/4126 4128/4128/4128 4127/4127/4127 
f 4129/4129/4129 4127/4127/4127 4128/4128/4128 
f 4128/4128/4128 4130/4130/4130 4129/4129/4129 
f 4114/4114/4114 4113/4113/4113 4131/4131/4131 
f 4131/4131/4131 4132/4132/4132 4114/4114/4114 
f 4116/4116/4116 4114/4114/4114 4132/4132/4132 
f 4132/4132/4132 4133/4133/4133 4116/4116/4116 
f 4118/4118/4118 4116/4116/4116 4133/4133/4133 
f 4133/4133/4133 4134/4134/4134 4118/4118/4118 
f 4120/4120/4120 4118/4118/4118 4134/4134/4134 
f 4134/4134/4134 4135/4135/4135 4120/4120/4120 
f 4122/4122/4122 4120/4120/4120 4135/4135/4135 
f 4135/4135/4135 4136/4136/4136 4122/4122/4122 
f 4124/4124/4124 4122/4122/4122 4136/4136/4136 
f 4136/4136/4136 4137/4137/4137 4124/4124/4124 
f 4126/4126/4126 4124/4124/4124 4137/4137/4137 
f 4137/4137/4137 4138/4138/4138 4126/4126/4126 
f 4128/4128/4128 4126/4126/4126 4138/4138/4138 
f 4138/4138/4138 4139/4139/4139 4128/4128/4128 
f 4130/4130/4130 4128/4128/4128 4139/4139/4139 
f 4139/4139/4139 4140/4140/4140 4130/4130/4130 
f 4132/4132/4132 4131/4131/4131 4141/4141/4141 
f 4141/4141/4141 4142/4142/4142 4132/4132/4132 
f 4133/4133/4133 4132/4132/4132 4142/4142/4142 
f 4142/4142/4142 4143/4143/4143 4133/4133/4133 
f 4134/4134/4134 4133/4133/4133 4143/4143/4143 
f 4143/4143/4143 4144/4144/4144 4134/4134/4134 
f 4135/4135/4135 4134/4134/4134 4144/4144/4144 
f 4144/4144/4144 4145/4145/4145 4135/4135/4135 
f 4136/4136/4136 4135/4135/4135 4145/4145/4145 
f 4145/4145/4145 4146/4146/4146 4136/4136/4136 
f 4137/4137/4137 4136/4136/4136 4146/4146/4146 
f 4146/4146/4146 4147/4147/4147 4137/4137/4137 
f 4138/4138/4138 4137/4137/4137 4147/4147/4147 
f 4147/4147/4147 4148/4148/4148 4138/4138/4138 
f 4139/4139/4139 4138/4138/4138 4148/4148/4148 
f 4148/4148/4148 4149/4149/4149 4139/4139/4139 
f 4140/4140/4140 4139/4139/4139 4149/4149/4149 
f 4149/4149/4149 4150/4150/4150 4140/4140/4140 
f 4142/4142/4142 4141/4141/4141 4151/4151/4151 
f 4151/4151/4151 4152/4152/4152 4142/4142/4142 
f 4143/4143/4143 4142/4142/4142 4152/4152/4152 
f 4152/4152/4152 4153/4153/4153 4143/4143/4143 
f 4144/4144/4144 4143/4143/4143 4153/4153/4153 
f 4153/4153/4153 4154/4154/4154 4144/4144/4144 
f 4145/4145/4145 4144/4144/4144 4154/4154/4154 
f 4154/4154/4154 4155/4155/4155 4145/4145/4145 
f 4146/4146/4146 4145/4145/4145 4155/4155/4155 
f 4155/4155/4155 4156/4156/4156 4146/4146/4146 
f 4147/4147/4147 4146/4146/4146 4156/4156/4156 
f 4156/4156/4156 4157/4157/4157 4147/4147/4147 
f 4148/4148/4148 4147/4147/4147 4157/4157/4157 
f 4157/4157/4157 4158/4158/4158 4148/4148/4148 
f 4149/4149/4149 4148/4148/4148 4158/4158/4158 
f 4158/4158/4158 4159/4159/4159 4149/4149/4149 
f 4150/4150/4150 4149/4149/4149 4159/4159/4159 
f 4159/4159/4159 4160/4160/4160 4150/4150/4150 
f 4152/4152/4152 4151/4151/4151 4161/4161/4161 
f 4161/4161/4161 4162/4162/4162 4152/4152/4152 
f 4153/4153/4153 4152/4152/4152 4162/4162/4162 
f 4162/4162/4162 4163/4163/4163 4153/4153/4153 
f 4154/4154/4154 4153/4153/4153 4163/4163/4163 
f 4163/4163/4163 4164/4164/4164 4154/4154/4154 
f 4155/4155/4155 4154/4154/4154 4164/4164/4164 
f 4164/4164/4164 4165/4165/4165 4155/4155/4155 
f 4156/4156/4156 4155/4155/4155 4165/4165/4165 
f 4165/4165/4165 4166/4166/4166 4156/4156/4156 
f 4157/4157/4157 4156/4156/4156 4166/4166/4166 
f 4166/4166/4166 4167/4167/4167 4157/4157/4157 
f 4158/4158/4158 4157/4157/4157 4167/4167/4167 
f 4167/4167/4167 4168/4168/4168 4158/4158/4158 
f 4159/4159/4159 4158/4158/4158 4168/4168/4168 
f 4168/4168/4168 4169/4169/4169 4159/4159/4159 
f 4160/4160/4160 4159/4159/4159 4169/4169/4169 
f 4169/4169/4169 4170/4170/4170 4160/4160/4160 
f 4162/4162/4162 4161/4161/4161 4171/4171/4171 
f 4171/4171/4171 4172/4172/4172 4162/4162/4162 
f 4163/4163/4163 4162/4162/4162 4172/4172/4172 
f 4172/4172/4172 4173/4173/4173 4163/4163/4163 
f 4164/4164/4164 4163/4163/4163 4173/4173/4173 
f 4173/4173/4173 4174/4174/4174 4164/4164/4164 
f 4165/4165/4165 4164/4164/4164 4174/4174/4174 
f 4174/4174/4174 4175/4175/4175 4165/4165/4165 
f 4166/4166/4166 4165/4165/4165 4175/4175/4175 
f 4175/4175/4175 4176/4176/4176 4166/4166/4166 
f 4167/4167/4167 4166/4166/4166 4176/4176/4176 
f 4176/4176/4176 4177/4177/4177 4167/4167/4167 
f 4168/4168/4168 4167/4167/4167 4177/4177/4177 
f 4177/4177/4177 4178/4178/4178 4168/4168/4168 
f 4169/4169/4169 4168/4168/4168 4178/4178/4178 
f 4178/4178/4178 4179/4179/4179 4169/4169/4169 
f 4170/4170/4170 4169/4169/4169 4179/4179/4179 
f 4179/4179/4179 4180/4180/4180 4170/4170/4170 
f 4172/4172/4172 4171/4171/4171 4181/4181/4181 
f 4181/4181/4181 4182/4182/4182 4172/4172/4172 
f 4173/4173/4173 4172/4172/4172 4182/4182/4182 
f 4182/4182/4182 4183/4183/4183 4173/4173/4173 
f 4174/4174/4174 4173/4173/4173 4183/4183/4183 
f 4183/4183/4183 4184/4184/4184 4174/4174/4174 
f 4175/4175/4175 4174/4174/4174 4184/4184/4184 
f 4184/4184/4184 4185/4185/4185 4175/4175/4175 
f 4176/4176/4176 4175/4175/4175 4185/4185/4185 
f 4185/4185/4185 4186/4186/4186 4176/4176/4176 
f 4177/4177/4177 4176/4176/4176 4186/4186/4186 
f 4186/4186/4186 4187/4187/4187 4177/4177/4177 
f 4178/4178/4178 4177/4177/4177 4187/4187/4187 
f 4187/4187/4187 4188/4188/4188 4178/4178/4178 
f 4179/4179/4179 4178/4178/4178 4188/4188/4188 
f 4188/4188/4188 4189/4189/4189 4179/4179/4179 
f 4180/4180/4180 4179/4179/4179 4189/4189/4189 
f 4189/4189/4189 4190/4190/4190 4180/4180/4180 
f 4182/4182/4182 4181/4181/4181 4191/4191/4191 
f 4191/4191/4191 4192/4192/4192 4182/4182/4182 
f 4183/4183/4183 4182/4182/4182 4192/4192/4192 
f 4192/4192/4192 4193/4193/4193 4183/4183/4183 
f 4184/4184/4184 4183/4183/4183 4193/4193/4193 
f 4193/4193/4193 4194/4194/4194 4184/4184/4184 
f 4185/4185/4185 4184/4184/4184 4194/4194/4194 
f 4194/4194/4194 4195/4195/4195 4185/4185/4185 
f 4186/4186/4186 4185/4185/4185 4195/4195/4195 
f 4195/4195/4195 4196/4196/4196 4186/4186/4186 
f 4187/4187/4187 4186/4186/4186 4196/4196/4196 
f 4196/4196/4196 4197/4197/4197 4187/4187/4187 
f 4188/4188/4188 4187/4187/4187 4197/4197/4197 
f 4197/4197/4197 4198/4198/4198 4188/4188/4188 
f 4189/4189/4189 4188/4188/4188 4198/4198/4198 
f 4198/4198/4198 4199/4199/4199 4189/4189/4189 
f 4190/4190/4190 4189/4189/4189 4199/4199/4199 
f 4199/4199/4199 4200/4200/4200 4190/4190/4190 
f 4192/4192/4192 4191/4191/4191 4201/4201/4201 
f 4201/4201/4201 4202/4202/4202 4192/4192/4192 
f 4193/4193/4193 4192/4192/4192 4202/4202/4202 
f 4202/4202/4202 4203/4203/4203 4193/4193/4193 
f 4194/4194/4194 4193/4193/4193 4203/4203/4203 
f 4203/4203/4203 4204/4204/4204 4194/4194/4194 
f 4195/4195/4195 4194/4194/4194 4204/4204/4204 
f 4204/4204/4204 4205/4205/4205 4195/4195/4195 
f 4196/4196/4196 4195/4195/4195 4205/4205/4205 
f 4205/4205/4205 4206/4206/4206 4196/4196/4196 
f 4197/4197/4197 4196/4196/4196 4206/4206/4206 
f 4206/4206/4206 4207/4207/4207 4197/4197/4197 
f 4198/4198/4198 4197/4197/4197 4207/4207/4207 
f 4207/4207/4207 4208/4208/4208 4198/4198/4198 
f 4199/4199/4199 4198/4198/4198 4208/4208/4208 
f 4208/4208/4208 4209/4209/4209 4199/4199/4199 
f 4200/4200/4200 4199/4199/4199 4209/4209/4209 
f 4209/4209/4209 4210/4210/4210 4200/4200/4200 
f 4211/4211/4211 4212/4212/4212 4213/4213/4213 
f 4213/4213/4213 4214/4214/4214 4211/4211/4211 
f 4215/4215/4215 4211/4211/4211 4214/4214/4214 
f 4214/4214/4214 4216/4216/4216 4215/4215/4215 
f 4217/4217/4217 4215/4215/4215 4216/4216/4216 
f 4216/4216/4216 4218/4218/4218 4217/4217/4217 
f 4219/4219/4219 4217/4217/4217 4218/4218/4218 
f 4218/4218/4218 4220/4220/4220 4219/4219/4219 
f 4221/4221/4221 4219/4219/4219 4220/4220/4220 
f 4220/4220/4220 4222/4222/4222 4221/4221/4221 
f 4223/4223/4223 4221/4221/4221 4222/4222/4222 
f 4222/4222/4222 4224/4224/4224 4223/4223/4223 
f 4225/4225/4225 4223/4223/4223 4224/4224/4224 
f 4224/4224/4224 4226/4226/4226 4225/4225/4225 
f 4227/4227/4227 4225/4225/4225 4226/4226/4226 
f 4226/4226/4226 4228/4228/4228 4227/4227/4227 
f 4229/4229/4229 4227/4227/4227 4228/4228/4228 
f 4228/4228/4228 4230/4230/4230 4229/4229/4229 
f 4214/4214/4214 4213/4213/4213 4231/4231/4231 
f 4231/4231/4231 4232/4232/4232 4214/4214/4214 
f 4216/4216/4216 4214/4214/4214 4232/4232/4232 
f 4232/4232/4232 4233/4233/4233 4216/4216/4216 
f 4218/4218/4218 4216/4216/4216 4233/4233/4233 
f 4233/4233/4233 4234/4234/4234 4218/4218/4218 
f 4220/4220/4220 4218/4218/4218 4234/4234/4234 
f 4234/4234/4234 4235/4235/4235 4220/4220/4220 
f 4222/4222/4222 4220/4220/4220 4235/4235/4235 
f 4235/4235/4235 4236/4236/4236 4222/4222/4222 
f 4224/4224/4224 4222/4222/4222 4236/4236/4236 
f 4236/4236/4236 4237/4237/4237 4224/4224/4224 
f 4226/4226/4226 4224/4224/4224 4237/4237/4237 
f 4237/4237/4237 4238/4238/4238 4226/4226/4226 
f 4228/4228/4228 4226/4226/4226 4238/4238/4238 
f 4238/4238/4238 4239/4239/4239 4228/4228/4228 
f 4230/4230/4230 4228/4228/4228 4239/4239/4239 
f 4239/4239/4239 4240/4240/4240 4230/4230/4230 
f 4232/4232/4232 4231/4231/4231 4241/4241/4241 
f 4241/4241/4241 4242/4242/4242 4232/4232/4232 
f 4233/4233/4233 4232/4232/4232 4242/4242/4242 
f 4242/4242/4242 4243/4243/4243 4233/4233/4233 
f 4234/4234/4234 4233/4233/4233 4243/4243/4243 
f 4243/4243/4243 4244/4244/4244 4234/4234/4234 
f 4235/4235/4235 4234/4234/4234 4244/4244/4244 
f 4244/4244/4244 4245/4245/4245 4235/4235/4235 
f 4236/4236/4236 4235/4235/4235 4245/4245/4245 
f 4245/4245/4245 4246/4246/4246 4236/4236/4236 
f 4237/4237/4237 4236/4236/4236 4246/4246/4246 
f 4246/4246/4246 4247/4247/4247 4237/4237/4237 
f 4238/4238/4238 4237/4237/4237 4247/4247/4247 
f 4247/4247/4247 4248/4248/4248 4238/4238/4238 
f 4239/4239/4239 4238/4238/4238 4248/4248/4248 
f 4248/4248/4248 4249/4249/4249 4239/4239/4239 
f 4240/4240/4240 4239/4239/4239 4249/4249/4249 
f 4249/4249/4249 4250/4250/4250 4240/4240/4240 
f 4242/4242/4242 4241/4241/4241 4251/4251/4251 
f 4251/4251/4251 4252/4252/4252 4242/4242/4242 
f 4243/4243/4243 4242/4242/4242 4252/4252/4252 
f 4252/4252/4252 4253/4253/4253 4243/4243/4243 
f 4244/4244/4244 4243/4243/4243 4253/4253/4253 
f 4253/4253/4253 4254/4254/4254 4244/4244/4244 
f 4245/4245/4245 4244/4244/4244 4254/4254/4254 
f 4254/4254/4254 4255/4255/4255 4245/4245/4245 
f 4246/4246/4246 4245/4245/4245 4255/4255/4255 
f 4255/4255/4255 4256/4256/4256 4246/4246/4246 
f 4247/4247/4247 4246/4246/4246 4256/4256/4256 
f 4256/4256/4256 4257/4257/4257 4247/4247/4247 
f 4248/4248/4248 4247/4247/4247 4257/4257/4257 
f 4257/4257/4257 4258/4258/4258 4248/4248/4248 
f 4249/4249/4249 4248/4248/4248 4258/4258/4258 
f 4258/4258/4258 4259/4259/4259 4249/4249/4249 
f 4250/4250/4250 4249/4249/4249 4259/4259/4259 
f 4259/4259/4259 4260/4260/4260 4250/4250/4250 
f 4252/4252/4252 4251/4251/4251 4261/4261/4261 
f 4261/4261/4261 4262/4262/4262 4252/4252/4252 
f 4253/4253/4253 4252/4252/4252 4262/4262/4262 
f 4262/4262/4262 4263/4263/4263 4253/4253/4253 
f 4254/4254/4254 4253/4253/4253 4263/4263/4263 
f 4263/4263/4263 4264/4264/4264 4254/4254/4254 
f 4255/4255/4255 4254/4254/4254 4264/4264/4264 
f 4264/4264/4264 4265/4265/4265 4255/4255/4255 
f 4256/4256/4256 4255/4255/4255 4265/4265/4265 
f 4265/4265/4265 4266/4266/4266 4256/4256/4256 
f 4257/4257/4257 4256/4256/4256 4266/4266/4266 
f 4266/4266/4266 4267/4267/4267 4257/4257/4257 
f 4258/4258/4258 4257/4257/4257 4267/4267/4267 
f 4267/4267/4267 4268/4268/4268 4258/4258/4258 
f 4259/4259/4259 4258/4258/4258 4268/4268/4268 
f 4268/4268/4268 4269/4269/4269 4259/4259/4259 
f 4260/4260/4260 4259/4259/4259 4269/4269/4269 
f 4269/4269/4269 4270/4270/4270 4260/4260/4260 
f 4262/4262/4262 4261/4261/4261 4271/4271/4271 
f 4271/4271/4271 4272/4272/4272 4262/4262/4262 
f 4263/4263/4263 4262/4262/4262 4272/4272/4272 
f 4272/4272/4272 4273/4273/4273 4263/4263/4263 
f 4264/4264/4264 4263/4263/4263 4273/4273/4273 
f 4273/4273/4273 4274/4274/4274 4264/4264/4264 
f 4265/4265/4265 4264/4264/4264 4274/4274/4274 
f 4274/4274/4274 4275/4275/4275 4265/4265/4265 
f 4266/4266/4266 4265/4265/4265 4275/4275/4275 
f 4275/4275/4275 4276/4276/4276 4266/4266/4266 
f 4267/4267/4267 4266/4266/4266 4276/4276/4276 
f 4276/4276/4276 4277/4277/4277 4267/4267/4267 
f 4268/4268/4268 4267/4267/4267 4277/4277/4277 
f 4277/4277/4277 4278/4278/4278 4268/4268/4268 
f 4269/4269/4269 4268/4268/4268 4278/4278/4278 
f 4278/4278/4278 4279/4279/4279 4269/4269/4269 
f 4270/4270/4270 4269/4269/4269 4279/4279/4279 
f 4279/4279/4279 4280/4280/4280 4270/4270/4270 
f 4272/4272/4272 4271/4271/4271 4281/4281/4281 
f 4281/4281/4281 4282/4282/4282 4272/4272/4272 
f 4273/4273/4273 4272/4272/4272 4282/4282/4282 
f 4282/4282/4282 4283/4283/4283 4273/4273/4273 
f 4274/4274/4274 4273/4273/4273 4283/4283/4283 
f 4283/4283/4283 4284/4284/4284 4274/4274/4274 
f 4275/4275/4275 4274/4274/4274 4284/4284/4284 
f 4284/4284/4284 4285/4285/4285 4275/4275/4275 
f 4276/4276/4276 4275/4275/4275 4285/4285/4285 
f 4285/4285/4285 4286/4286/4286 4276/4276/4276 
f 4277/4277/4277 4276/4276/4276 4286/4286/4286 
f 4286/4286/4286 4287/4287/4287 4277/4277/4277 
f 4278/4278/4278 4277/4277/4277 4287/4287/4287 
f 4287/4287/4287 4288/4288/4288 4278/4278/4278 
f 4279/4279/4279 4278/4278/4278 4288/4288/4288 
f 4288/4288/4288 4289/4289/4289 4279/4279/4279 
f 4280/4280/4280 4279/4279/4279 4289/4289/4289 
f 4289/4289/4289 4290/4290/4290 4280/4280/4280 
f 4282/4282/4282 4281/4281/4281 4291/4291/4291 
f 4291/4291/4291 4292/4292/4292 4282/4282/4282 
f 4283/4283/4283 4282/4282/4282 4292/4292/4292 
f 4292/4292/4292 4293/4293/4293 4283/4283/4283 
f 4284/4284/4284 4283/4283/4283 4293/4293/4293 
f 4293/4293/4293 4294/4294/4294 4284/4284/4284 
f 4285/4285/4285 4284/4284/4284 4294/4294/4294 
f 4294/4294/4294 4295/4295/4295 4285/4285/4285 
f 4286/4286/4286 4285/4285/4285 4295/4295/4295 
f 4295/4295/4295 4296/4296/4296 4286/4286/4286 
f 4287/4287/4287 4286/4286/4286 4296/4296/4296 
f 4296/4296/4296 4297/4297/4297 4287/4287/4287 
f 4288/4288/4288 4287/4287/4287 4297/4297/4297 
f 4297/4297/4297 4298/4298/4298 4288/4288/4288 
f 4289/4289/4289 4288/4288/4288 4298/4298/4298 
f 4298/4298/4298 4299/4299/4299 4289/4289/4289 
f 4290/4290/4290 4289/4289/4289 4299/4299/4299 
f 4299/4299/4299 4300/4300/4300 4290/4290/4290 
f 4292/4292/4292 4291/4291/4291 4301/4301/4301 
f 4301/4301/4301 4302/4302/4302 4292/4292/4292 
f 4293/4293/4293 4292/4292/4292 4302/4302/4302 
f 4302/4302/4302 4303/4303/4303 4293/4293/4293 
f 4294/4294/4294 4293/4293/4293 4303/4303/4303 
f 4303/4303/4303 4304/4304/4304 4294/4294/4294 
f 4295/4295/4295 4294/4294/4294 4304/4304/4304 
f 4304/4304/4304 4305/4305/4305 4295/4295/4295 
f 4296/4296/4296 4295/4295/4295 4305/4305/4305 
f 4305/4305/4305 4306/4306/4306 4296/4296/4296 
f 4297/4297/4297 4296/4296/4296 4306/4306/4306 
f 4306/4306/4306 4307/4307/4307 4297/4297/4297 
f 4298/4298/4298 4297/4297/4297 4307/4307/4307 
f 4307/4307/4307 4308/4308/4308 4298/4298/4298 
f 4299/4299/4299 4298/4298/4298 4308/4308/4308 
f 4308/4308/4308 4309/4309/4309 4299/4299/4299 
f 4300/4300/4300 4299/4299/4299 4309/4309/4309 
f 4309/4309/4309 4310/4310/4310 4300/4300/4300 

